# Subcircuit 0
SUB_ID 0
LO (12):  193 194 196 200 209 223 243 244 250 265 266 295
LI (14):  1 2 197 201 206 210 214 220 224 227 228 247 249 253
NODE_NUM = 50
FILE square_sub_0.aig

# Subcircuit 1
SUB_ID 1
LO (9):  197 298 331 332 347 348 349 350 372
LI (15):  1 3 271 278 280 281 282 283 284 295 304 311 312 323 346
NODE_NUM = 43
FILE square_sub_1.aig

# Subcircuit 2
SUB_ID 2
LO (29):  201 203 206 210 213 214 219 220 224 227 246 247 249 253 267 271 278 280 281 283 310 311 323 333 341 342 343 398 449
LI (18):  1 2 3 4 5 7 226 228 244 245 251 266 279 282 284 309 335 338
NODE_NUM = 49
FILE square_sub_2.aig

# Subcircuit 3
SUB_ID 3
LO (12):  226 4538 4580 4689 4731 4829 4830 4835 4940 4946 5711 5721
LI (16):  1 6 45 4333 4529 4531 4533 4542 4543 4557 4562 4578 4687 4720 4728 4827
NODE_NUM = 47
FILE square_sub_3.aig

# Subcircuit 4
SUB_ID 4
LO (7):  228 646 647 649 674 675 744
LI (13):  5 6 479 558 582 594 598 602 613 633 634 642 664
NODE_NUM = 40
FILE square_sub_4.aig

# Subcircuit 5
SUB_ID 5
LO (10):  245 251 335 473 514 526 546 548 567 578
LI (16):  2 6 7 250 378 439 445 446 447 449 450 466 470 488 513 547
NODE_NUM = 48
FILE square_sub_5.aig

# Subcircuit 6
SUB_ID 6
LO (14):  279 282 284 344 346 513 581 582 633 634 642 883 884 885
LI (22):  1 3 6 8 341 343 496 498 499 501 502 514 541 553 569 570 578 629 818 877 878 880
NODE_NUM = 46
FILE square_sub_6.aig

# Subcircuit 7
SUB_ID 7
LO (7):  299 304 375 421 466 470 501
LI (14):  2 8 300 332 347 348 349 350 351 360 372 390 408 500
NODE_NUM = 43
FILE square_sub_7.aig

# Subcircuit 8
SUB_ID 8
LO (10):  300 1137 1138 1198 1230 1235 1300 1341 1342 1343
LI (18):  4 6 18 1046 1047 1095 1096 1097 1107 1109 1111 1118 1122 1145 1195 1333 1334 1339
NODE_NUM = 44
FILE square_sub_8.aig

# Subcircuit 9
SUB_ID 9
LO (9):  309 312 629 716 718 734 735 740 788
LI (14):  1 7 9 539 551 617 647 649 662 674 675 676 682 699
NODE_NUM = 47
FILE square_sub_9.aig

# Subcircuit 10
SUB_ID 10
LO (11):  338 551 553 1044 1046 1047 1057 1076 1091 1172 1216
LI (21):  6 7 8 15 355 546 547 548 748 993 994 1009 1013 1019 1027 1037 1041 1055 1056 1059 1069
NODE_NUM = 50
FILE square_sub_10.aig

# Subcircuit 11
SUB_ID 11
LO (13):  351 1200 1233 1234 1266 1317 1318 1325 1399 2193 2361 2362 2363
LI (18):  1 10 22 1080 1138 1198 1199 1208 1212 1216 1230 1258 1259 1262 1313 2353 2354 2359
NODE_NUM = 50
FILE square_sub_11.aig

# Subcircuit 12
SUB_ID 12
LO (14):  355 360 408 446 1459 1460 1464 1531 1532 1628 1641 1927 2312 2316
LI (18):  2 6 9 24 342 400 818 1451 1452 1453 1458 1481 1486 1524 2304 2306 2307 2309
NODE_NUM = 50
FILE square_sub_12.aig

# Subcircuit 13
SUB_ID 13
LO (12):  376 390 445 488 496 910 920 923 949 950 951 1037
LI (19):  3 9 11 197 379 383 387 426 441 477 483 486 874 908 909 915 916 927 945
NODE_NUM = 47
FILE square_sub_13.aig

# Subcircuit 14
SUB_ID 14
LO (17):  378 379 483 486 569 570 613 699 773 777 791 792 805 806 870 1063 1173
LI (20):  3 8 9 14 219 475 476 478 479 557 563 567 588 689 718 742 743 762 772 788
NODE_NUM = 48
FILE square_sub_14.aig

# Subcircuit 15
SUB_ID 15
LO (11):  383 387 539 541 742 743 873 874 927 938 953
LI (22):  1 4 11 382 500 528 529 530 538 719 725 729 734 735 740 792 839 840 841 851 855 870
NODE_NUM = 49
FILE square_sub_15.aig

# Subcircuit 16
SUB_ID 16
LO (15):  382 400 439 441 476 478 764 772 839 840 841 945 994 1027 1379
LI (20):  4 8 10 271 399 432 435 477 763 765 773 795 796 811 832 837 891 933 934 938
NODE_NUM = 50
FILE square_sub_16.aig

# Subcircuit 17
SUB_ID 17
LO (17):  399 426 479 498 499 529 689 729 993 1095 1096 1118 1122 1184 1186 1199 1212
LI (22):  2 7 10 11 210 267 398 497 586 723 958 961 969 970 988 990 1005 1076 1079 1080 1091 1185
NODE_NUM = 50
FILE square_sub_17.aig

# Subcircuit 18
SUB_ID 18
LO (18):  431 432 811 848 851 855 915 916 933 934 1387 1390 1421 1425 1426 1427 1433 1514
LI (21):  2 8 9 10 17 219 588 756 803 805 806 830 893 914 1330 1363 1377 1381 1386 1420 1424
NODE_NUM = 47
FILE square_sub_18.aig

# Subcircuit 19
SUB_ID 19
LO (12):  435 824 1009 1660 1661 1702 1703 1745 1747 1777 2089 2090
LI (24):  3 4 9 10 18 816 819 823 848 996 1005 1008 1554 1560 1563 1584 1589 1623 1645 1646 1647 1653 1657 2088
NODE_NUM = 50
FILE square_sub_19.aig

# Subcircuit 20
SUB_ID 20
LO (20):  447 450 500 594 598 676 725 880 897 908 988 990 1069 1142 1500 1595 1603 1605 1861 2765
LI (22):  1 5 6 8 12 15 21 585 587 588 591 722 723 748 879 888 896 903 923 980 987 1063
NODE_NUM = 48
FILE square_sub_20.aig

# Subcircuit 21
SUB_ID 21
LO (14):  474 475 659 662 664 795 796 1055 1059 1145 1239 1255 1330 1360
LI (18):  4 6 9 11 13 197 651 654 794 1048 1049 1050 1111 1142 1189 1205 1236 1238
NODE_NUM = 49
FILE square_sub_21.aig

# Subcircuit 22
SUB_ID 22
LO (12):  477 651 1554 1780 1782 1783 1835 1837 1879 1897 3336 3340
LI (17):  1 13 26 650 1545 1548 1563 1661 1671 1682 1683 1737 1738 1767 1769 1777 1834
NODE_NUM = 46
FILE square_sub_22.aig

# Subcircuit 23
SUB_ID 23
LO (17):  497 502 958 2578 2586 2685 2687 2688 2716 2724 2739 4185 8771 8773 9744 11637 11641
LI (20):  2 5 9 12 32 61 998 2312 2325 2448 2449 2538 2544 2558 2573 2574 2686 11630 11631 11633
NODE_NUM = 50
FILE square_sub_23.aig

# Subcircuit 24
SUB_ID 24
LO (11):  528 1313 1420 1453 1486 1543 1657 5910 5915 5918 6148
LI (20):  9 10 14 43 213 1283 1285 1286 1309 1399 1400 1410 1411 1421 1534 1539 4755 5907 5909 5912
NODE_NUM = 49
FILE square_sub_24.aig

# Subcircuit 25
SUB_ID 25
LO (20):  530 538 547 585 762 818 819 832 837 1077 1079 1080 1285 1286 1333 2108 2132 2211 2368 2706
LI (26):  1 3 4 5 10 12 14 21 583 719 744 753 754 756 777 826 827 830 1078 1332 1334 2097 2098 2100 2107 2128
NODE_NUM = 48
FILE square_sub_25.aig

# Subcircuit 26
SUB_ID 26
LO (14):  557 558 563 583 586 587 1019 1363 1451 1452 1534 1589 1594 1653
LI (22):  2 3 8 12 13 219 299 501 560 562 1017 1341 1345 1346 1348 1349 1360 1387 1433 1442 1531 1532
NODE_NUM = 48
FILE square_sub_26.aig

# Subcircuit 27
SUB_ID 27
LO (15):  588 590 591 753 756 1013 1049 1767 1769 1838 1840 1874 1878 1915 1940
LI (21):  4 13 15 197 246 284 312 746 749 752 1012 1582 1603 1745 1746 1747 1748 1812 1813 1821 1837
NODE_NUM = 49
FILE square_sub_27.aig

# Subcircuit 28
SUB_ID 28
LO (21):  602 617 650 765 821 823 830 877 878 996 1017 1056 1195 1236 1262 1346 1400 1516 1524 1639 1640
LI (25):  2 5 6 7 10 11 14 16 246 312 824 875 1160 1164 1165 1167 1174 1191 1266 1508 1515 1517 1519 1635 1636
NODE_NUM = 49
FILE square_sub_28.aig

# Subcircuit 29
SUB_ID 29
LO (24):  654 679 682 763 893 896 903 987 1048 1050 1097 1167 1283 1377 1386 1405 1406 1410 1411 1442 1798 2230 2794 3268
LI (22):  1 2 9 13 15 16 23 210 335 338 378 890 892 901 977 978 982 1272 1307 1374 1385 1390
NODE_NUM = 49
FILE square_sub_29.aig

# Subcircuit 30
SUB_ID 30
LO (9):  719 6445 6557 6558 6559 6732 6735 6768 6785
LI (17):  7 17 6431 6432 6433 6434 6437 6438 6441 6443 6461 6477 6528 6538 6548 6553 6731
NODE_NUM = 49
FILE square_sub_30.aig

# Subcircuit 31
SUB_ID 31
LO (15):  721 722 1189 1191 1348 1737 1738 1834 1885 1887 1890 1893 1894 1895 2006
LI (21):  11 12 335 748 889 1182 1184 1185 1186 1696 1700 1702 1705 1709 1728 1730 1735 1782 1843 1877 1882
NODE_NUM = 46
FILE square_sub_31.aig

# Subcircuit 32
SUB_ID 32
LO (18):  723 745 746 891 892 1012 1165 1515 1519 1635 1682 1683 1812 1951 1960 2055 2067 3431
LI (25):  1 6 14 15 17 23 219 246 335 376 378 1479 1509 1511 1514 1632 1680 1797 1798 1800 1802 1940 1942 1948 1949
NODE_NUM = 50
FILE square_sub_32.aig

# Subcircuit 33
SUB_ID 33
LO (12):  748 749 1307 1309 1800 2377 2446 2448 2449 2504 2562 2571
LI (21):  12 13 14 21 210 893 1153 1297 1299 1301 1306 2299 2300 2301 2350 2365 2366 2370 2376 2435 2443
NODE_NUM = 49
FILE square_sub_33.aig

# Subcircuit 34
SUB_ID 34
LO (12):  752 3387 3401 3402 3406 3409 3460 3461 3482 3573 4014 4487
LI (19):  1 5 13 38 3225 3255 3256 3257 3297 3333 3334 3337 3338 3342 3360 3362 3379 3398 3405
NODE_NUM = 48
FILE square_sub_34.aig

# Subcircuit 35
SUB_ID 35
LO (10):  754 794 2010 2026 2027 2045 2046 2161 2184 2317
LI (18):  1 3 12 15 18 1963 1964 1965 1976 1979 1980 1981 1983 1999 2001 2006 2023 2038
NODE_NUM = 45
FILE square_sub_35.aig

# Subcircuit 36
SUB_ID 36
LO (21):  803 816 1272 1709 5089 5092 5148 5149 5150 5158 5191 5287 5702 6962 7263 7267 7268 7383 7911 7915 15157
LI (21):  8 11 12 16 40 49 1708 3507 5012 5014 5015 5064 5080 5082 5085 5144 7262 7266 7904 7905 7909
NODE_NUM = 49
FILE square_sub_36.aig

# Subcircuit 37
SUB_ID 37
LO (11):  825 826 3986 4128 4130 4131 4190 4274 4294 4296 5283
LI (20):  6 7 12 37 824 3973 3974 3975 3978 3979 3984 4001 4006 4010 4061 4113 4121 4125 4187 4189
NODE_NUM = 48
FILE square_sub_37.aig

# Subcircuit 38
SUB_ID 38
LO (16):  827 875 879 1560 1671 1877 1942 1965 1995 1999 2001 2659 2662 2665 4079 4599
LI (19):  1 3 8 16 19 27 1098 1559 1611 1663 1856 1866 1874 1887 1993 1994 2650 2653 2655
NODE_NUM = 48
FILE square_sub_38.aig

# Subcircuit 39
SUB_ID 39
LO (15):  888 889 890 1381 1511 1857 1866 1976 2083 2146 2157 2158 2159 2165 2227
LI (23):  8 12 16 17 219 378 431 883 885 1379 1859 1863 1967 1968 1973 2010 2027 2052 2053 2055 2065 2080 2145
NODE_NUM = 49
FILE square_sub_39.aig

# Subcircuit 40
SUB_ID 40
LO (19):  900 901 961 1160 1164 1299 1301 1479 1481 1501 1508 1582 1584 1636 2238 2239 2766 2977 3991
LI (27):  3 4 6 16 17 20 23 1151 1154 1156 1300 1371 1469 1470 1471 1477 1499 1500 1503 1571 1574 1575 1577 1580 2232 2234 2235
NODE_NUM = 50
FILE square_sub_40.aig

# Subcircuit 41
SUB_ID 41
LO (26):  909 914 957 969 970 976 977 978 980 982 1041 1102 1107 1111 1297 1339 1470 1477 1559 1563 1846 1856 1967 1968 1993 2270
LI (32):  2 3 7 11 13 18 19 219 228 335 338 378 479 884 910 920 949 950 951 953 956 1099 1101 1337 1555 1556 1793 1845 1848 1852 1991 2268
NODE_NUM = 50
FILE square_sub_41.aig

# Subcircuit 42
SUB_ID 42
LO (12):  998 1005 1008 3134 3135 3139 3224 3225 3226 3227 3281 3398
LI (18):  1 16 18 20 246 1002 3076 3078 3126 3127 3132 3133 3173 3205 3206 3207 3216 3221
NODE_NUM = 47
FILE square_sub_42.aig

# Subcircuit 43
SUB_ID 43
LO (14):  1002 1078 3255 3256 3257 3501 3502 3526 3534 3536 3556 3628 6573 7143
LI (19):  2 16 18 20 37 197 213 3120 3135 3226 3227 3228 3229 3230 3498 3518 3523 3531 3532
NODE_NUM = 50
FILE square_sub_43.aig

# Subcircuit 44
SUB_ID 44
LO (15):  1098 1099 1509 1555 1705 1983 2325 2350 2573 2574 2735 2736 2737 2743 2848
LI (21):  7 17 18 26 210 431 479 586 893 1703 2316 2318 2346 2565 2566 2571 2684 2685 2719 2724 2734
NODE_NUM = 49
FILE square_sub_44.aig

# Subcircuit 45
SUB_ID 45
LO (13):  1100 1101 1151 1156 1556 2827 2887 2898 2899 2904 2905 2910 2917
LI (17):  4 17 19 246 764 2659 2743 2816 2817 2823 2824 2825 2826 2848 2886 2894 2901
NODE_NUM = 46
FILE square_sub_45.aig

# Subcircuit 46
SUB_ID 46
LO (31):  1109 1153 1154 1306 1334 1349 1490 1492 1494 1499 1503 1571 1580 1620 1623 1680 1722 1728 1848 1994 2098 2100 2263 2266 2271 2369 2499 3165 3591 3592 3593
LI (23):  4 5 17 19 20 21 22 210 219 228 300 335 431 479 586 721 1300 1496 1609 1614 1616 1721 2264
NODE_NUM = 46
FILE square_sub_46.aig

# Subcircuit 47
SUB_ID 47
LO (25):  1174 1182 2232 2277 2425 2994 2998 3000 3091 3507 3512 3513 3516 4631 5342 5345 5349 5354 5701 5704 6486 7629 8473 10336 11682
LI (23):  5 10 13 27 32 35 41 1172 1173 2230 2239 2242 2256 2273 2993 2997 3505 3506 4184 5347 5694 5695 5696
NODE_NUM = 48
FILE square_sub_47.aig

# Subcircuit 48
SUB_ID 48
LO (11):  1185 5860 5869 6069 6070 6071 6079 6227 6238 6249 6262
LI (18):  4 5 18 48 3149 5843 5844 5845 5856 5857 5859 5862 5868 5888 5940 5980 6064 6068
NODE_NUM = 48
FILE square_sub_48.aig

# Subcircuit 49
SUB_ID 49
LO (10):  1205 1208 3706 3758 3759 3788 3792 3796 3935 7968
LI (14):  2 12 21 39 3577 3699 3700 3702 3705 3715 3719 3737 3744 3755
NODE_NUM = 45
FILE square_sub_49.aig

# Subcircuit 50
SUB_ID 50
LO (10):  1238 3961 3973 3974 4224 4228 4263 4464 4474 8921
LI (14):  2 22 41 3821 3892 3940 3950 3967 3971 4221 4222 4229 4238 4255
NODE_NUM = 49
FILE square_sub_50.aig

# Subcircuit 51
SUB_ID 51
LO (14):  1258 1259 1329 1332 1424 1431 1539 3415 3419 3469 3470 3729 6091 6095
LI (23):  6 19 34 1234 1235 1255 1317 1318 1325 1425 1426 1427 3411 3412 3413 3414 3436 3454 3468 5857 6085 6086 6088
NODE_NUM = 48
FILE square_sub_51.aig

# Subcircuit 52
SUB_ID 52
LO (11):  1337 3333 3334 3468 3498 3699 3715 3760 3762 5072 5684
LI (19):  9 18 21 30 333 1153 3312 3314 3316 3327 3331 3377 3464 3469 3484 3485 3489 3639 3689
NODE_NUM = 50
FILE square_sub_52.aig

# Subcircuit 53
SUB_ID 53
LO (10):  1345 1371 1374 2080 2224 2226 2284 2301 2397 2415
LI (19):  1 7 24 1239 1342 1343 1365 1368 2066 2068 2069 2083 2126 2191 2203 2211 2220 2228 2277
NODE_NUM = 47
FILE square_sub_53.aig

# Subcircuit 54
SUB_ID 54
LO (14):  1365 1367 1368 1545 1963 2052 2053 2065 2143 2145 2187 2228 2252 2429
LI (20):  3 8 22 24 197 284 1911 1918 1920 1922 1929 1936 1960 2045 2046 2047 2132 2136 2179 2184
NODE_NUM = 47
FILE square_sub_54.aig

# Subcircuit 55
SUB_ID 55
LO (14):  1385 1458 1632 2179 2366 2624 2650 2823 2824 2901 3543 3547 3676 4632
LI (20):  1 4 10 15 25 31 476 1406 1464 2133 2175 2605 2618 2623 2626 2644 2646 2662 3541 3546
NODE_NUM = 46
FILE square_sub_55.aig

# Subcircuit 56
SUB_ID 56
LO (10):  1468 1469 3927 3939 3940 3942 3943 3947 3971 4125
LI (16):  19 23 310 3759 3785 3786 3788 3798 3799 3802 3804 3823 3842 3874 3923 3935
NODE_NUM = 44
FILE square_sub_56.aig

# Subcircuit 57
SUB_ID 57
LO (15):  1471 1517 1547 1548 2256 2412 2435 2450 2531 2532 2675 2686 2993 3267 3425
LI (22):  6 8 11 15 18 24 26 197 284 2244 2246 2253 2401 2406 2408 2415 2432 2463 2471 2472 2475 2529
NODE_NUM = 45
FILE square_sub_57.aig

# Subcircuit 58
SUB_ID 58
LO (18):  1573 1574 1575 1721 1788 1793 1797 1922 1929 2115 2126 2128 2253 2359 2957 2960 3012 3013
LI (28):  4 7 14 22 23 25 210 228 284 333 338 479 745 1719 1784 1790 1791 1927 2118 2121 2125 2252 2357 2946 2947 2948 2956 3011
NODE_NUM = 45
FILE square_sub_58.aig

# Subcircuit 59
SUB_ID 59
LO (13):  1577 1609 1611 1614 1616 1690 1696 1700 1746 2529 2684 2854 2883
LI (23):  2 3 7 14 20 25 344 1460 1594 1605 1620 1688 1689 1693 2496 2503 2504 2507 2525 2668 2669 2670 2675
NODE_NUM = 49
FILE square_sub_59.aig

# Subcircuit 60
SUB_ID 60
LO (13):  1645 1646 1647 1663 1688 1689 1735 4061 4304 4324 4325 4361 4525
LI (21):  4 9 19 24 1628 1639 1640 1641 1687 4027 4034 4035 4038 4057 4130 4131 4293 4294 4295 4296 4301
NODE_NUM = 50
FILE square_sub_60.aig

# Subcircuit 61
SUB_ID 61
LO (11):  1687 9421 9424 9561 9569 9570 9571 9577 9578 9855 12595
LI (18):  8 20 57 9272 9330 9331 9332 9381 9408 9410 9411 9412 9420 9460 9553 9555 9563 9575
NODE_NUM = 50
FILE square_sub_61.aig

# Subcircuit 62
SUB_ID 62
LO (16):  1692 1693 1790 2244 2309 2940 2946 3067 3076 3078 3086 3126 3229 3259 7612 8022
LI (21):  3 24 25 35 210 219 338 378 586 748 2931 2934 2936 2960 3058 3059 3064 3069 3081 3104 3122
NODE_NUM = 50
FILE square_sub_62.aig

# Subcircuit 63
SUB_ID 63
LO (12):  1708 1718 1719 2525 2668 2885 2886 2948 3010 3011 3039 3041
LI (19):  11 15 17 19 21 23 398 821 2514 2588 2589 2614 2665 2854 2858 2873 2883 3007 3038
NODE_NUM = 50
FILE square_sub_63.aig

# Subcircuit 64
SUB_ID 64
LO (13):  1730 1748 1859 1863 2118 2121 4935 4939 4950 4952 5056 5104 5296
LI (25):  2 5 6 7 21 22 23 26 344 1722 1728 1729 1862 2117 2119 4655 4778 4792 4799 4800 4802 4817 4822 4855 4933
NODE_NUM = 49
FILE square_sub_64.aig

# Subcircuit 65
SUB_ID 65
LO (15):  1784 1813 2346 4221 4222 4347 4357 4358 4359 4360 4479 4480 4572 4684 5964
LI (23):  1 5 16 24 28 2340 2341 2344 4158 4161 4164 4166 4167 4168 4176 4195 4219 4220 4327 4328 4344 4345 4477
NODE_NUM = 49
FILE square_sub_65.aig

# Subcircuit 66
SUB_ID 66
LO (15):  1821 1948 1949 2066 2097 2220 2401 2558 3489 3702 3705 3860 3864 6123 9506
LI (22):  2 4 13 15 18 27 38 679 1334 1946 1951 2036 2086 2089 2091 2108 2397 2412 3701 3853 3856 3858
NODE_NUM = 48
FILE square_sub_66.aig

# Subcircuit 67
SUB_ID 67
LO (22):  1843 1845 1852 1862 1904 1911 1918 1964 1991 2047 2117 2246 2468 2644 2646 2753 2754 2755 4155 4401 4603 9410
LI (26):  3 9 10 19 20 21 25 26 210 228 335 378 1783 1840 1861 1890 1903 1915 2466 2634 2635 2636 2642 2744 2751 9409
NODE_NUM = 49
FILE square_sub_67.aig

# Subcircuit 68
SUB_ID 68
LO (18):  1882 1900 1903 1919 1920 1973 2802 2816 2817 2908 2919 2920 2936 3144 3185 6819 7221 7628
LI (23):  3 4 5 23 24 25 26 33 335 586 1878 1879 1885 1895 1897 2792 2795 2806 2807 2812 2905 2910 2917
NODE_NUM = 50
FILE square_sub_68.aig

# Subcircuit 69
SUB_ID 69
LO (12):  1936 1946 2036 2038 6731 6864 6867 7007 7154 7162 7283 13578
LI (16):  2 28 53 821 1835 1838 2029 2032 6459 6522 6802 6803 6804 6813 6847 6863
NODE_NUM = 49
FILE square_sub_69.aig

# Subcircuit 70
SUB_ID 70
LO (17):  1979 1980 3132 3297 3405 3484 3485 3569 3570 3571 3577 3830 3837 3840 3841 6435 9698
LI (19):  1 13 17 29 37 3023 3102 3139 3259 3272 3289 3291 3387 3402 3476 3482 3565 3832 3833
NODE_NUM = 50
FILE square_sub_70.aig

# Subcircuit 71
SUB_ID 71
LO (9):  1981 3639 3784 3785 3786 3975 4072 4073 4106
LI (17):  12 29 3578 3586 3602 3605 3606 3607 3609 3614 3630 3631 3651 3760 3762 3771 4069
NODE_NUM = 50
FILE square_sub_71.aig

# Subcircuit 72
SUB_ID 72
LO (24):  2023 2028 2029 2032 2340 2344 2452 2456 2459 2460 2461 2496 2544 2588 2589 2622 2623 2670 2744 2967 2972 2976 6503 6680
LI (29):  3 6 24 28 30 31 197 210 246 312 335 355 1893 1894 1897 2030 2333 2336 2403 2453 2455 2457 2486 2490 2507 2540 2541 2965 2970
NODE_NUM = 50
FILE square_sub_72.aig

# Subcircuit 73
SUB_ID 73
LO (17):  2030 2068 2069 2086 2088 2792 3038 3069 5256 5334 5377 5378 5379 5380 5508 5888 7246
LI (25):  1 9 22 27 30 893 2067 2771 2774 2782 2783 2786 3021 3032 5191 5215 5243 5250 5251 5253 5333 5372 5882 5883 5886
NODE_NUM = 49
FILE square_sub_73.aig

# Subcircuit 74
SUB_ID 74
LO (21):  2091 2107 2119 2125 2133 2136 2268 2304 2376 2614 2636 2858 2934 3081 3411 3412 3413 5080 5215 5510 6504
LI (30):  6 8 11 12 13 19 20 23 25 29 765 2090 2135 2302 2375 2601 2602 2605 2609 2610 2933 3080 3410 4905 5071 5072 5075 5092 5205 5208
NODE_NUM = 49
FILE square_sub_74.aig

# Subcircuit 75
SUB_ID 75
LO (8):  2135 4528 4529 4694 4697 4707 4708 4728
LI (19):  2 16 29 4325 4357 4358 4359 4360 4361 4362 4376 4383 4385 4387 4405 4454 4513 4525 4704
NODE_NUM = 46
FILE square_sub_75.aig

# Subcircuit 76
SUB_ID 76
LO (15):  2164 2175 2191 2203 2300 2335 2336 2406 2408 2432 2533 2535 2563 4078 4885
LI (21):  2 3 14 18 29 30 219 891 2143 2146 2159 2161 2187 2193 2224 2239 2271 2405 2425 2429 2532
NODE_NUM = 48
FILE square_sub_76.aig

# Subcircuit 77
SUB_ID 77
LO (20):  2233 2234 2332 2333 2455 2472 2635 2642 2776 2782 2786 3032 3064 3102 3104 3308 3312 3331 3506 3517
LI (28):  7 11 12 27 28 29 210 228 312 335 338 378 479 586 721 2753 2779 3026 3060 3067 3092 3094 3101 3298 3302 3304 3513 3516
NODE_NUM = 50
FILE square_sub_77.aig

# Subcircuit 78
SUB_ID 78
LO (22):  2235 2242 2264 2273 2298 2299 2302 2305 2306 2443 2466 2965 3094 4035 4403 4405 4586 4588 4589 4590 4595 6163
LI (34):  4 6 9 11 18 25 27 28 284 312 474 1334 2157 2158 2161 2165 2226 2227 2238 2263 2266 2270 2271 2284 2295 2356 2964 3134 4394 4396 4402 4582 4585 4587
NODE_NUM = 48
FILE square_sub_78.aig

# Subcircuit 79
SUB_ID 79
LO (10):  2307 2795 5639 5749 5842 6019 6020 6048 6068 6073
LI (16):  12 24 27 39 1904 2794 5617 5618 5619 5631 5660 5748 5831 5835 5839 6016
NODE_NUM = 50
FILE square_sub_79.aig

# Subcircuit 80
SUB_ID 80
LO (24):  2318 2341 2353 2863 2873 3021 3060 3110 3120 3122 3352 3357 3359 3370 3881 4882 4887 5685 6483 7207 8291 8292 9122 9708
LI (28):  1 4 7 17 22 29 31 32 35 210 312 889 2317 2352 2622 2862 2864 2866 2868 3016 3017 3109 3112 3119 3350 3356 4877 4878
NODE_NUM = 48
FILE square_sub_80.aig

# Subcircuit 81
SUB_ID 81
LO (10):  2352 2354 2601 2605 6800 6801 6873 6880 7036 7051
LI (19):  3 10 23 32 547 2594 2597 6558 6559 6560 6561 6659 6660 6673 6678 6684 6700 6705 6791
NODE_NUM = 48
FILE square_sub_81.aig

# Subcircuit 82
SUB_ID 82
LO (12):  2356 2357 4057 4219 4220 4344 4345 4687 4933 5011 5012 5014
LI (21):  11 32 1200 4046 4047 4048 4054 4197 4213 4217 4342 4347 4679 4680 4684 4689 4859 4922 4923 4935 5008
NODE_NUM = 50
FILE square_sub_82.aig

# Subcircuit 83
SUB_ID 83
LO (20):  2365 2370 2375 2402 2403 2405 3614 3892 3923 3967 3978 4113 4217 4295 4441 4442 4443 4884 5235 5485
LI (26):  2 3 11 12 14 17 19 30 31 2362 2363 2368 2369 3607 3877 3880 3881 3887 3899 3920 3976 4072 4073 4107 4110 4439
NODE_NUM = 48
FILE square_sub_83.aig

# Subcircuit 84
SUB_ID 84
LO (11):  2453 3832 4166 4679 4680 4855 4954 4955 4988 4989 5015
LI (20):  5 17 29 3829 3830 4137 4165 4624 4630 4633 4634 4636 4657 4671 4673 4837 4838 4846 4952 4985
NODE_NUM = 48
FILE square_sub_84.aig

# Subcircuit 85
SUB_ID 85
LO (19):  2457 2463 2464 2471 2475 2609 2610 2997 3007 3205 3206 3207 3228 3230 4396 4604 4606 7223 7422
LI (29):  5 9 10 25 26 27 32 338 479 1102 1153 2456 2459 2460 2461 2468 2972 2985 2988 2991 2994 2998 3000 3185 3197 4594 4595 4599 4603
NODE_NUM = 50
FILE square_sub_85.aig

# Subcircuit 86
SUB_ID 86
LO (15):  2486 2489 2490 3689 3771 3798 3799 4069 7226 7229 7281 7302 7308 7310 7312
LI (23):  1 31 33 197 764 1547 3666 3669 3672 3675 3678 3682 3792 3796 7114 7184 7215 7216 7218 7221 7225 7280 7300
NODE_NUM = 49
FILE square_sub_86.aig

# Subcircuit 87
SUB_ID 87
LO (20):  2503 2507 2514 2538 2540 2541 2565 2566 2593 2594 2734 3149 3173 3289 3291 3523 4626 6103 6818 9123
LI (31):  4 12 22 23 30 34 450 748 818 1490 1492 2361 2377 2450 2499 2500 2535 2562 2563 2578 3086 3143 3145 3146 3148 3167 3169 3281 4620 4621 4624
NODE_NUM = 50
FILE square_sub_87.aig

# Subcircuit 88
SUB_ID 88
LO (11):  2596 2597 3821 3823 5748 6039 6041 6050 6051 6211 6229
LI (22):  17 32 34 197 764 1100 3812 3814 3817 3820 5627 5687 5710 5729 5730 5732 5739 5749 6021 6022 6036 6048
NODE_NUM = 43
FILE square_sub_88.aig

# Subcircuit 89
SUB_ID 89
LO (10):  2602 8194 8197 8389 8392 8402 8420 8428 8681 8849
LI (18):  1 27 34 8151 8181 8183 8184 8185 8193 8240 8241 8328 8329 8388 8395 8399 8404 8419
NODE_NUM = 47
FILE square_sub_89.aig

# Subcircuit 90
SUB_ID 90
LO (16):  2618 2633 2634 4799 4802 5003 5008 5058 5061 5064 5156 5160 5163 5361 5486 6839
LI (23):  5 19 20 26 28 30 312 1334 1492 4793 4795 4872 4887 4950 4955 4989 4996 5011 5047 5048 5050 5057 5158
NODE_NUM = 48
FILE square_sub_90.aig

# Subcircuit 91
SUB_ID 91
LO (17):  2653 2669 2689 2719 2806 2807 2812 2825 5739 9496 9498 9501 9543 9548 9549 9579 13461
LI (18):  2 18 33 63 889 1102 2531 2533 2687 2688 2709 2711 2716 5738 9490 9495 9534 9542
NODE_NUM = 47
FILE square_sub_91.aig

# Subcircuit 92
SUB_ID 92
LO (15):  2709 2711 2742 2751 2771 2774 2956 3016 3017 3606 4022 4023 4024 6681 9526
LI (29):  13 14 15 20 22 25 30 35 590 659 745 748 1490 1492 1494 2702 2706 2708 2737 2739 2750 2757 2758 2759 2767 2802 2955 4014 4021
NODE_NUM = 44
FILE square_sub_92.aig

# Subcircuit 93
SUB_ID 93
LO (22):  2750 2757 2758 2759 2767 2783 2826 3338 3666 3669 3672 3817 4415 4454 4555 4557 4594 4704 5322 5894 7406 8945
LI (28):  2 8 11 15 26 28 34 37 479 821 893 1490 1492 1904 2754 2755 2765 2766 3655 3656 3657 3665 4410 4413 4414 4434 4450 4554
NODE_NUM = 50
FILE square_sub_93.aig

# Subcircuit 94
SUB_ID 94
LO (16):  2862 2868 2894 2931 3197 3327 3586 3602 3605 3979 5243 5592 5593 6347 7611 10363
LI (25):  1 5 18 23 31 32 36 203 213 2735 2736 2739 2827 2922 2925 3193 3194 3580 3601 5226 5233 5235 5237 5256 5589
NODE_NUM = 49
FILE square_sub_94.aig

# Subcircuit 95
SUB_ID 95
LO (16):  2922 2924 2925 3350 4413 6088 6602 6605 6827 6847 7177 7183 7184 7206 7209 7559
LI (25):  3 20 21 34 36 197 376 1100 1492 1718 6588 6595 6597 6599 6820 6821 6823 6843 7141 7161 7162 7169 7181 7200 7202
NODE_NUM = 48
FILE square_sub_95.aig

# Subcircuit 96
SUB_ID 96
LO (16):  2933 2947 2955 3167 3169 4434 4554 4645 4651 4655 4756 4837 4838 4996 7410 7414
LI (30):  10 13 15 16 21 23 24 35 37 376 893 1494 1573 3157 3158 3166 4426 4428 4551 4555 4644 4647 4650 4829 4830 4835 7402 7404 7405 7406
NODE_NUM = 49
FILE square_sub_96.aig

# Subcircuit 97
SUB_ID 97
LO (17):  2964 2985 2988 2991 3023 3026 3057 3058 3059 3080 3119 3216 3221 3887 4048 4054 6107
LI (30):  2 7 8 14 19 24 29 30 35 976 1102 2885 2887 2899 2919 2920 2976 2977 3010 3012 3013 3025 3039 3041 3118 3884 3885 4053 6103 6106
NODE_NUM = 50
FILE square_sub_97.aig

# Subcircuit 98
SUB_ID 98
LO (10):  3092 3101 4792 5144 5208 5372 5381 5384 5394 5504
LI (24):  6 15 32 2452 3091 3100 4743 4758 4781 4782 4783 4784 5112 5113 5133 5135 5178 5179 5180 5364 5369 5378 5379 5380
NODE_NUM = 50
FILE square_sub_98.aig

# Subcircuit 99
SUB_ID 99
LO (16):  3100 3109 3112 3118 3127 3133 3377 3379 4410 4657 9534 9596 9600 9610 9613 9862
LI (29):  2 9 10 28 29 36 338 378 2335 2622 2904 2908 3367 3368 3370 3376 4651 4653 4655 9517 9524 9526 9528 9570 9571 9572 9578 9579 9595
NODE_NUM = 47
FILE square_sub_99.aig

# Subcircuit 100
SUB_ID 100
LO (19):  3143 3145 3146 3147 3148 3414 3678 3811 3812 3814 4047 4213 4340 4342 4497 4513 4562 4662 4695
LI (27):  12 13 26 32 33 34 210 335 338 378 431 479 586 3144 3301 3677 4202 4203 4210 4339 4483 4484 4485 4488 4489 4490 4504
NODE_NUM = 49
FILE square_sub_100.aig

# Subcircuit 101
SUB_ID 101
LO (16):  3157 3158 3166 3193 3194 3272 3436 3464 3656 3665 3719 3737 3899 3920 4010 4426
LI (33):  14 16 22 24 25 745 821 889 891 893 1494 1692 1718 1919 2115 2940 2957 3165 3263 3267 3268 3423 3425 3433 3460 3461 3664 3724 3725 3733 3734 3903 3917
NODE_NUM = 50
FILE square_sub_101.aig

# Subcircuit 102
SUB_ID 102
LO (13):  3298 3301 3302 3303 3304 8042 8112 8122 8145 8150 8151 8338 8399
LI (20):  6 11 27 33 500 2452 7860 7890 7950 7953 8001 8030 8036 8037 8039 8049 8105 8106 8118 8144
NODE_NUM = 47
FILE square_sub_102.aig

# Subcircuit 103
SUB_ID 103
LO (21):  3314 3337 3342 3353 3356 3360 3362 4201 4202 4644 4872 4922 4923 5111 5112 5113 5347 5357 5360 6084 6591
LI (33):  5 13 17 22 34 35 36 213 219 431 479 586 748 1102 1490 3336 3340 3352 3357 3359 4864 4866 4868 4889 4907 4920 4921 5108 5341 5346 5350 5351 5354
NODE_NUM = 50
FILE square_sub_103.aig

# Subcircuit 104
SUB_ID 104
LO (16):  3367 3368 3376 3410 3682 4985 5178 5179 5333 5501 5506 5507 5512 5513 5532 5543
LI (27):  7 8 15 31 33 338 764 2863 3110 3370 3676 4784 4968 4969 4974 4978 4988 5075 5160 5163 5172 5173 5274 5330 5500 5504 5510
NODE_NUM = 48
FILE square_sub_104.aig

# Subcircuit 105
SUB_ID 105
LO (16):  3423 3433 3454 3630 3631 3903 5233 5237 5594 5597 5600 5604 5608 5609 5610 5767
LI (25):  17 18 22 32 378 1098 1573 2863 3419 3431 3445 3447 3451 3516 3628 5223 5227 5228 5272 5507 5540 5541 5582 5593 5607
NODE_NUM = 49
FILE square_sub_105.aig

# Subcircuit 106
SUB_ID 106
LO (12):  3442 3445 5228 5500 5780 5781 5782 5783 5799 5801 5995 6000
LI (20):  18 30 32 764 1100 3134 3444 5394 5403 5418 5444 5445 5474 5477 5478 5480 5487 5501 5779 5795
NODE_NUM = 46
FILE square_sub_106.aig

# Subcircuit 107
SUB_ID 107
LO (15):  3444 3447 3451 3476 3505 3578 4210 8037 8731 8802 8803 8804 8805 9023 9047
LI (25):  8 9 10 28 30 31 32 35 431 676 2622 3406 3409 3469 3470 4209 8686 8687 8688 8718 8725 8726 8728 8735 8793
NODE_NUM = 46
FILE square_sub_107.aig

# Subcircuit 108
SUB_ID 108
LO (13):  3518 3530 3531 3532 3565 3700 3733 3734 3744 3802 4758 4778 5105
LI (25):  1 3 37 39 197 764 3308 3501 3502 3512 3517 3526 3531 3534 3536 3552 3556 3729 3800 4747 4748 4750 4753 4757 4774
NODE_NUM = 49
FILE square_sub_108.aig

# Subcircuit 109
SUB_ID 109
LO (15):  3541 3546 3552 3724 3725 5403 5444 5445 5660 5825 5827 5828 5996 8173 8472
LI (23):  4 14 15 26 35 36 745 1904 3534 3543 3547 5395 5401 5420 5437 5442 5654 5655 5658 5783 5801 5807 5818
NODE_NUM = 50
FILE square_sub_109.aig

# Subcircuit 110
SUB_ID 110
LO (11):  3576 3580 3601 3607 3917 4006 4385 5980 6280 6399 6404
LI (22):  6 9 13 17 28 32 35 3571 3573 3592 3593 3912 3914 5934 5946 5948 5949 5951 5972 5977 6250 6266
NODE_NUM = 49
FILE square_sub_110.aig

# Subcircuit 111
SUB_ID 111
LO (14):  3609 3645 3651 3655 4383 4387 4748 5047 5172 5173 5205 5589 6118 10276
LI (27):  3 4 10 15 30 37 38 219 431 479 721 893 2335 3642 3648 3649 4377 4378 5030 5031 5033 5040 5061 5089 5169 5193 5195
NODE_NUM = 49
FILE square_sub_111.aig

# Subcircuit 112
SUB_ID 112
LO (11):  3642 3648 4255 4477 4578 4859 4920 4921 5940 6292 6293
LI (22):  14 27 30 38 1995 2744 4143 4245 4246 4252 4474 4566 4568 4572 4580 4917 5906 5915 5916 5918 5936 6289
NODE_NUM = 47
FILE square_sub_112.aig

# Subcircuit 113
SUB_ID 113
LO (14):  3657 3664 3675 3677 4868 7402 8552 8618 8669 8684 8685 8806 8818 8974
LI (24):  7 17 24 28 34 891 1547 3676 4018 4867 8431 8432 8527 8528 8542 8543 8547 8551 8559 8611 8666 8667 8676 8681
NODE_NUM = 50
FILE square_sub_113.aig

# Subcircuit 114
SUB_ID 114
LO (10):  3701 4376 4720 4817 4822 4827 4949 5155 5392 5612
LI (22):  1 5 40 4365 4366 4367 4368 4403 4448 4694 4695 4697 4707 4708 4939 4940 4946 5148 5149 5150 5385 5386
NODE_NUM = 50
FILE square_sub_114.aig

# Subcircuit 115
SUB_ID 115
LO (13):  3755 3800 3803 3804 5934 5936 8527 8687 8790 8793 8822 8827 8828
LI (26):  1 13 21 39 41 197 474 1718 3569 3570 3573 5925 5927 5933 8433 8447 8448 8450 8457 8477 8482 8520 8618 8787 8788 8825
NODE_NUM = 50
FILE square_sub_115.aig

# Subcircuit 116
SUB_ID 116
LO (20):  3820 3828 3829 3984 4189 4414 4647 4650 5031 5330 5418 5420 5553 5554 5762 6822 8937 10877 11683 12367
LI (25):  9 33 36 37 40 228 335 338 378 431 721 3091 3983 5253 5284 5285 5286 5287 5306 5324 5326 5342 5411 5413 5417
NODE_NUM = 49
FILE square_sub_116.aig

# Subcircuit 117
SUB_ID 117
LO (16):  3833 3842 3853 3856 3874 3877 3880 4034 4038 4293 4327 4328 4484 4504 5946 6165
LI (32):  5 6 14 16 17 26 28 36 745 889 998 1098 1547 1692 1904 2233 3837 3841 3864 3868 3873 4028 4029 4087 4224 4228 4266 4267 4276 4277 4281 5944
NODE_NUM = 48
FILE square_sub_117.aig

# Subcircuit 118
SUB_ID 118
LO (16):  3873 3884 3885 3912 3914 4107 4110 4281 4301 4362 4864 4866 12110 12113 12118 12119
LI (26):  2 12 17 25 35 40 721 825 1492 2622 3425 3645 3706 3840 4089 4091 4095 4106 4297 4304 4863 12072 12101 12102 12104 12109
NODE_NUM = 48
FILE square_sub_118.aig

# Subcircuit 119
SUB_ID 119
LO (20):  3950 3976 3983 4266 4267 4297 7940 7943 7950 7953 8139 8141 10364 10368 10369 12357 14146 14819 15280 15799
LI (22):  4 7 31 36 37 53 56 500 3860 3942 3943 3947 3961 4263 7891 7901 7902 7930 7932 8138 10363 10367
NODE_NUM = 48
FILE square_sub_119.aig

# Subcircuit 120
SUB_ID 120
LO (14):  4001 4018 4021 4276 4277 4485 4755 4757 9758 9760 9761 9924 10103 11436
LI (21):  9 28 34 38 897 1494 3986 3991 3995 4020 4023 4274 4756 9630 9631 9679 9691 9696 9702 9716 9751
NODE_NUM = 49
FILE square_sub_120.aig

# Subcircuit 121
SUB_ID 121
LO (18):  4020 4027 4028 4029 4045 4046 4176 4203 5959 5972 6289 6397 6426 6427 6491 6495 6764 8192
LI (32):  15 19 23 28 29 33 35 376 590 764 1100 1102 1334 1468 1547 1692 2028 4022 4024 4174 5961 5962 5964 6285 6286 6394 6399 6420 6424 6484 6485 6487
NODE_NUM = 49
FILE square_sub_121.aig

# Subcircuit 122
SUB_ID 122
LO (24):  4053 4087 4089 4090 4091 4095 4139 4143 4161 4164 4365 4366 4367 5084 5085 5284 5286 5409 5413 5431 5916 12032 13445 13453
LI (27):  3 4 10 33 39 40 41 42 197 210 219 378 431 821 2776 4078 4079 4083 4092 4094 4134 4138 4141 4160 4363 5283 5412
NODE_NUM = 50
FILE square_sub_122.aig

# Subcircuit 123
SUB_ID 123
LO (11):  4092 4121 4134 7801 7859 7860 7862 7863 8081 8118 10459
LI (21):  1 17 27 42 3784 3927 7587 7588 7589 7599 7602 7616 7633 7646 7647 7756 7800 7844 7845 7846 7856
NODE_NUM = 49
FILE square_sub_123.aig

# Subcircuit 124
SUB_ID 124
LO (10):  4137 4138 7487 7528 7586 7587 7791 7796 7856 7880
LI (18):  17 41 1995 7321 7352 7379 7382 7389 7395 7449 7483 7527 7571 7572 7573 7583 7770 7790
NODE_NUM = 49
FILE square_sub_124.aig

# Subcircuit 125
SUB_ID 125
LO (14):  4158 4160 4165 4394 6522 6528 6789 6791 6803 6862 6863 7063 7673 9505
LI (27):  15 18 20 24 26 39 1102 1153 1547 1692 1904 3134 4151 4155 4157 6509 6512 6513 6514 6516 6521 6745 6751 6753 6764 6788 6860
NODE_NUM = 50
FILE square_sub_125.aig

# Subcircuit 126
SUB_ID 126
LO (8):  4167 4168 6659 7038 7039 7059 7060 7128
LI (16):  16 39 893 2332 6608 6609 6610 6613 6614 6635 6650 6652 6698 7010 7025 7036
NODE_NUM = 48
FILE square_sub_126.aig

# Subcircuit 127
SUB_ID 127
LO (17):  4174 4184 4195 4197 4619 4620 4753 5898 5902 5906 6142 6217 6319 6403 12108 13566 14133
LI (22):  5 7 8 36 37 39 45 1057 4185 4190 4618 5895 5896 5897 6131 6134 6136 6137 6138 6158 6173 6214
NODE_NUM = 50
FILE square_sub_127.aig

# Subcircuit 128
SUB_ID 128
LO (9):  4187 10505 10699 10711 10712 10715 10761 10802 10975
LI (17):  32 37 4201 10433 10437 10438 10439 10487 10497 10498 10500 10504 10522 10575 10601 10697 10708
NODE_NUM = 49
FILE square_sub_128.aig

# Subcircuit 129
SUB_ID 129
LO (9):  4209 4229 12747 12749 12750 12848 12849 12856 12897
LI (18):  1 10 34 43 5260 12503 12666 12668 12669 12681 12688 12691 12711 12716 12725 12730 12744 12845
NODE_NUM = 50
FILE square_sub_129.aig

# Subcircuit 130
SUB_ID 130
LO (17):  4238 4245 4252 4339 4568 4968 5169 5540 5541 5617 5619 5795 5907 6644 6645 13921 14777
LI (23):  1 2 3 6 38 42 45 1718 4244 4336 4340 4957 4960 4962 5026 5058 5508 5512 5513 5527 5532 5600 6643
NODE_NUM = 49
FILE square_sub_130.aig

# Subcircuit 131
SUB_ID 131
LO (12):  4244 4246 4333 4336 7054 7056 7057 7058 7137 7290 7317 11782
LI (22):  13 31 43 748 1405 2622 4335 6801 6869 6872 6888 6891 6905 6912 6913 6916 6937 6942 6993 7038 7039 7051
NODE_NUM = 48
FILE square_sub_131.aig

# Subcircuit 132
SUB_ID 132
LO (8):  4335 9679 9930 10149 10151 10152 10154 10155
LI (17):  2 23 43 9645 9652 9653 9656 9675 9860 9861 9862 9916 9917 9927 10096 10139 10140
NODE_NUM = 48
FILE square_sub_132.aig

# Subcircuit 133
SUB_ID 133
LO (16):  4363 4368 4377 4378 4402 4439 5026 5030 5274 5474 5477 13984 13995 13998 14002 14129
LI (30):  1 4 5 6 39 44 889 891 1690 2028 2332 4401 5018 5019 5021 5022 5269 5270 5272 5447 5456 5459 5473 13968 13974 13975 13977 13979 13980 13991
NODE_NUM = 49
FILE square_sub_133.aig

# Subcircuit 134
SUB_ID 134
LO (16):  4448 4450 4483 4488 4490 4566 5326 6937 7295 7298 7300 7502 7503 7504 7505 7656
LI (27):  3 7 18 38 42 3370 4441 4442 4443 4464 4479 4480 4487 5320 5322 5324 6924 6925 6927 6934 7283 7285 7286 7294 7492 7494 7498
NODE_NUM = 46
FILE square_sub_134.aig

# Subcircuit 135
SUB_ID 135
LO (18):  4530 4531 5714 5729 6011 6016 6022 6224 6226 6233 6424 7241 7242 7243 7984 8216 8503 15167
LI (21):  1 43 45 46 50 197 228 818 5658 5672 5713 5722 5726 5998 5999 6004 6080 6081 6217 7234 7239
NODE_NUM = 48
FILE square_sub_135.aig

# Subcircuit 136
SUB_ID 136
LO (25):  4533 4542 4543 4551 4735 4737 4739 4743 4747 4895 4905 4907 5020 5021 5122 5125 5126 5127 5128 5217 5313 5712 6911 6916 10541
LI (24):  1 2 3 42 43 44 46 197 210 213 246 586 1367 2115 4387 4497 4733 4741 4743 4746 4894 4898 4899 6909
NODE_NUM = 50
FILE square_sub_136.aig

# Subcircuit 137
SUB_ID 137
LO (27):  4582 4585 4587 4618 4624 4630 4846 4899 5311 5319 5324 5437 5447 6461 7395 10020 10021 11663 12125 12126 13011 13446 13863 14371 15862 16405 17018
LI (28):  4 12 16 30 34 38 42 43 63 998 1057 2028 3817 4586 4588 4590 4606 4617 4626 5317 5342 5432 5433 5435 6456 6459 7391 7394
NODE_NUM = 50
FILE square_sub_137.aig

# Subcircuit 138
SUB_ID 138
LO (10):  4617 11623 11626 11759 11763 11771 11800 11808 12014 12249
LI (19):  34 39 825 3828 4616 11518 11546 11584 11585 11614 11616 11618 11622 11652 11654 11755 11765 11772 11797
NODE_NUM = 49
FILE square_sub_138.aig

# Subcircuit 139
SUB_ID 139
LO (16):  4615 4616 4750 5432 5435 5818 5977 6927 7682 7756 7971 7972 8057 8059 10557 15635
LI (19):  6 38 39 53 338 378 721 1098 1490 1494 5429 5431 5813 5815 7656 7672 7675 7700 7750
NODE_NUM = 41
FILE square_sub_139.aig

# Subcircuit 140
SUB_ID 140
LO (18):  4621 4633 4634 4636 4653 9645 11616 11622 15805 15816 15878 15916 15917 15918 16023 16067 16320 16322
LI (25):  8 11 35 38 58 891 3110 3828 4631 4632 5860 7984 9641 9644 13312 15758 15796 15797 15799 15801 15812 15876 15912 16312 16317
NODE_NUM = 49
FILE square_sub_140.aig

# Subcircuit 141
SUB_ID 141
LO (11):  4671 4673 6521 11379 11458 11462 11504 11509 11510 11511 11560
LI (20):  6 14 32 40 4662 4665 4667 6514 11293 11294 11340 11352 11359 11360 11363 11370 11457 11501 11502 11508
NODE_NUM = 48
FILE square_sub_141.aig

# Subcircuit 142
SUB_ID 142
LO (12):  4665 4733 4774 5133 5135 5341 6158 12851 12901 12902 13062 13076
LI (27):  5 11 36 42 748 1788 1919 3811 4766 4768 4867 5120 5125 5126 5127 5128 6153 6156 12763 12770 12772 12774 12790 12795 12829 12849 12900
NODE_NUM = 50
FILE square_sub_142.aig

# Subcircuit 143
SUB_ID 143
LO (13):  4766 4781 4782 4783 4784 6993 7169 7218 7294 7554 7570 7588 7797
LI (23):  6 14 15 33 41 745 1573 1692 3811 6901 6956 6974 6977 6978 6979 6980 6985 7290 7295 7551 7559 7563 7567
NODE_NUM = 49
FILE square_sub_143.aig

# Subcircuit 144
SUB_ID 144
LO (16):  4793 4795 4800 4863 5050 7379 7382 7790 7889 7890 7932 8238 8326 8336 12815 15543
LI (24):  7 20 27 40 51 1153 1490 2233 2464 7355 7356 7357 7358 7378 7776 7777 7787 7791 7862 7863 7868 7869 7880 7887
NODE_NUM = 49
FILE square_sub_144.aig

# Subcircuit 145
SUB_ID 145
LO (14):  4867 4877 4878 4889 6153 6156 6431 6560 6561 6753 6788 6860 6869 6872
LI (25):  13 16 40 998 1098 2335 3110 4882 4888 6147 6148 6150 6339 6342 6356 6357 6365 6369 6426 6427 6768 6777 6785 6789 6867
NODE_NUM = 50
FILE square_sub_145.aig

# Subcircuit 146
SUB_ID 146
LO (11):  4888 4894 4898 10575 10723 10971 10972 10973 11062 11157 11240
LI (20):  24 45 1459 4884 4885 4887 4896 10539 10546 10548 10550 10571 10712 10713 10715 10720 10742 10792 10966 10970
NODE_NUM = 49
FILE square_sub_146.aig

# Subcircuit 147
SUB_ID 147
LO (14):  4896 4917 4957 5120 5269 5272 8240 8241 8666 8667 8686 8735 8960 8962
LI (24):  4 16 32 45 2936 4538 4589 4604 4895 5261 5263 8215 8224 8225 8227 8234 8238 8622 8623 8637 8639 8660 8669 8959
NODE_NUM = 50
FILE square_sub_147.aig

# Subcircuit 148
SUB_ID 148
LO (10):  4960 11797 12072 12253 12258 12266 12270 12273 12463 12499
LI (19):  32 42 1056 11773 11774 11781 11782 11784 11791 11800 12019 12061 12068 12118 12119 12208 12252 12260 12268
NODE_NUM = 49
FILE square_sub_148.aig

# Subcircuit 149
SUB_ID 149
LO (12):  4969 4974 4978 7750 7901 7902 8074 8105 8106 8124 8135 8482
LI (22):  7 19 40 41 745 3147 4973 7599 7728 7731 7732 7737 7743 7895 7899 8057 8071 8072 8099 8103 8128 8132
NODE_NUM = 48
FILE square_sub_149.aig

# Subcircuit 150
SUB_ID 150
LO (12):  4973 5018 5019 5857 8293 8328 8329 8623 8660 8688 8759 8762
LI (16):  1 14 34 47 5017 8244 8275 8289 8291 8292 8315 8326 8648 8649 8653 8758
NODE_NUM = 46
FILE square_sub_150.aig

# Subcircuit 151
SUB_ID 151
LO (22):  5017 5022 5251 5672 5710 5868 6021 6266 6351 6354 6355 7458 8578 10920 10922 10924 11098 11905 12183 15256 16268 16809
LI (22):  4 5 21 23 28 43 47 49 53 5665 5668 5670 5689 5706 5867 6260 6262 6264 6345 6347 10917 10918
NODE_NUM = 49
FILE square_sub_151.aig

# Subcircuit 152
SUB_ID 152
LO (12):  5032 5033 9696 9702 9927 10411 10419 10432 10433 10435 10609 10708
LI (20):  36 38 1077 2028 9656 9692 9694 9700 9818 9924 9930 10151 10152 10246 10249 10254 10396 10398 10399 10408
NODE_NUM = 50
FILE square_sub_152.aig

# Subcircuit 153
SUB_ID 153
LO (18):  5040 5048 5057 5071 5075 5227 5687 5689 5882 5883 5886 6197 6199 6201 6203 7449 7770 8049
LI (33):  12 17 18 20 21 27 31 32 35 36 1098 1100 1102 1494 2335 2464 2622 3110 4415 5056 5068 5680 5686 5879 6196 6198 7414 7421 7422 7425 7445 7765 7766
NODE_NUM = 50
FILE square_sub_153.aig

# Subcircuit 154
SUB_ID 154
LO (16):  5082 5108 5180 5193 5194 5195 5369 5527 5726 6136 6974 6977 7161 7494 9144 14537
LI (23):  2 9 25 39 47 4954 5003 5104 5105 5111 5514 5523 6135 6960 6961 6962 6964 6965 7153 7154 9138 9139 9142
NODE_NUM = 47
FILE square_sub_154.aig

# Subcircuit 155
SUB_ID 155
LO (21):  5219 5223 5226 5514 5665 5856 6251 6253 6255 6260 6264 6298 6300 6303 6306 6308 8281 8285 8286 8287 8868
LI (24):  1 3 46 48 49 50 197 210 219 246 590 5122 5217 5220 5809 5846 5850 6247 6257 6283 6293 6296 8278 8283
NODE_NUM = 50
FILE square_sub_155.aig

# Subcircuit 156
SUB_ID 156
LO (24):  5250 5253 5260 5261 5473 5807 6004 6198 6250 6484 8260 8267 8270 8271 9384 9385 9386 10833 11662 12670 14339 14379 16392 16878
LI (28):  20 21 29 33 41 44 56 996 1490 1492 1494 2233 2332 2776 4631 5247 5461 5462 5470 5803 5804 6000 6011 6483 8259 8262 8263 9382
NODE_NUM = 50
FILE square_sub_156.aig

# Subcircuit 157
SUB_ID 157
LO (21):  5262 5263 5456 5459 5722 5803 5804 5897 6137 6625 6632 6635 6913 7234 7378 7642 7646 7647 7713 7717 8277
LI (28):  5 12 15 44 45 46 210 228 338 378 745 748 5431 5450 5452 5567 5721 5910 6624 6628 6630 7370 7375 7432 7640 7644 7706 7708
NODE_NUM = 48
FILE square_sub_157.aig

# Subcircuit 158
SUB_ID 158
LO (11):  5270 5285 5306 5582 5618 5779 5845 6054 6056 6058 10995
LI (21):  11 16 33 38 1077 1692 3530 5296 5298 5300 5354 5544 5553 5554 5569 5597 5762 5767 5772 6041 6051
NODE_NUM = 49
FILE square_sub_158.aig

# Subcircuit 159
SUB_ID 159
LO (21):  5298 5317 5320 5346 5350 5351 5401 5627 5631 6450 6456 6459 7445 8572 8590 8593 10351 10440 12772 13215 16151
LI (35):  6 8 14 15 37 41 43 54 335 474 1063 1904 1919 3415 3881 5313 5316 5319 5345 5349 5399 5621 5623 5625 6449 6452 6455 7440 7441 7443 8565 8566 8567 8568 8589
NODE_NUM = 47
FILE square_sub_159.aig

# Subcircuit 160
SUB_ID 160
LO (24):  5364 5385 5386 5395 5399 5411 5412 5442 7599 7602 8206 8215 8648 8649 11343 11344 11345 15834 15837 15838 15839 15956 17418 17577
LI (28):  7 8 42 43 51 54 64 745 1477 3353 3830 5156 5357 5360 5361 5384 7593 7594 7595 8203 8204 8208 8209 8313 11342 15830 15833 15835
NODE_NUM = 43
FILE square_sub_160.aig

# Subcircuit 161
SUB_ID 161
LO (16):  5417 5426 5429 5694 5696 7675 8181 8637 8639 8653 8786 8787 8788 8943 8947 9028
LI (27):  9 21 23 38 40 41 474 1077 1718 2115 3830 5428 7673 8152 8154 8155 8157 8175 8177 8197 8270 8636 8766 8768 8779 8936 8938
NODE_NUM = 50
FILE square_sub_161.aig

# Subcircuit 162
SUB_ID 162
LO (11):  5428 5433 5450 6673 7909 12926 12970 12977 13066 13110 13120
LI (23):  11 34 39 44 479 1056 5084 6662 6669 6672 7383 7907 12901 12902 12903 12904 12905 12906 12918 12921 12922 12944 12949
NODE_NUM = 49
FILE square_sub_162.aig

# Subcircuit 163
SUB_ID 163
LO (12):  5452 8520 8768 13167 13170 13189 13191 13192 13209 13299 16303 17658
LI (20):  17 34 45 62 996 8285 8493 8494 8497 8517 13125 13126 13127 13128 13129 13158 13159 13161 13163 13174
NODE_NUM = 49
FILE square_sub_163.aig

# Subcircuit 164
SUB_ID 164
LO (13):  5461 5462 5470 5478 5480 5487 6106 6131 6339 6342 6660 6777 6942
LI (26):  22 23 27 28 31 1102 1153 1573 1718 2233 2622 2776 2863 5485 5486 6095 6096 6097 6107 6127 6319 6321 6322 6331 6770 6774
NODE_NUM = 46
FILE square_sub_164.aig

# Subcircuit 165
SUB_ID 165
LO (22):  5523 5544 5555 5567 5569 5667 5668 5813 5815 5859 6443 6613 6964 7075 7086 7089 7092 7440 7443 8856 9195 13512
LI (30):  2 3 10 16 33 41 47 48 210 219 335 338 378 479 900 1516 1547 5334 5543 5558 5562 5566 5812 6442 7074 7077 7078 7080 7433 7436
NODE_NUM = 50
FILE square_sub_165.aig

# Subcircuit 166
SUB_ID 166
LO (9):  5557 5558 7930 8386 8388 8404 8416 8528 8559
LI (17):  46 47 219 748 6625 7911 7915 7919 7923 7943 8336 8338 8344 8348 8364 8374 8378
NODE_NUM = 48
FILE square_sub_166.aig

# Subcircuit 167
SUB_ID 167
LO (11):  5562 5566 5949 8864 8959 9017 9026 9036 9048 9331 13159
LI (17):  4 17 33 46 8854 8855 8857 8859 8860 8880 8895 8900 8953 8960 9009 9014 9023
NODE_NUM = 44
FILE square_sub_167.aig

# Subcircuit 168
SUB_ID 168
LO (23):  5607 5616 5621 5623 5646 5654 5658 5839 6134 7389 7394 7593 7776 7777 7904 8594 8605 8607 9110 9114 9418 11296 15471
LI (36):  6 9 16 20 35 36 42 44 56 378 1057 1501 3881 5313 5377 5381 5608 5609 5610 5612 5615 5650 5651 6133 7383 7388 7425 7592 7903 8596 8597 8598 9102 9104 9105 9106
NODE_NUM = 50
FILE square_sub_168.aig

# Subcircuit 169
SUB_ID 169
LO (13):  5650 5655 5680 5686 5695 11043 11059 11162 11234 11238 11269 11496 12369
LI (25):  7 29 42 44 479 893 1490 1492 2622 3110 3353 4139 5684 5685 10979 11019 11032 11036 11042 11050 11062 11149 11150 11161 11232
NODE_NUM = 50
FILE square_sub_169.aig

# Subcircuit 170
SUB_ID 170
LO (23):  5706 5713 5730 5732 5738 5772 5809 5812 5831 5835 5843 5844 5846 5849 5850 6214 6357 6365 6414 6770 10859 12671 14010
LI (38):  1 2 19 26 27 32 49 51 197 1098 1102 1748 3147 3811 4487 5506 5592 5594 5604 5701 5702 5704 5711 5712 5780 5781 5782 5799 5811 5825 5827 5828 6171 6182 6185 6206 6211 6408
NODE_NUM = 49
FILE square_sub_170.aig

# Subcircuit 171
SUB_ID 171
LO (16):  5867 5879 5895 5896 5909 11781 11784 12068 12455 12502 12503 12515 12517 12518 12667 12744
LI (26):  8 18 30 34 44 431 1490 1492 2863 3442 5313 5894 11778 12064 12065 12309 12396 12420 12423 12454 12488 12490 12494 12499 12504 12514
NODE_NUM = 49
FILE square_sub_171.aig

# Subcircuit 172
SUB_ID 172
LO (14):  5925 5927 5933 6669 6672 6888 6891 6978 7111 7114 7131 7132 7322 7491
LI (23):  11 14 41 586 721 4139 5084 5287 6135 6625 6664 6666 6873 6875 6876 6883 6884 7057 7058 7059 7060 7096 7128
NODE_NUM = 46
FILE square_sub_172.aig

# Subcircuit 173
SUB_ID 173
LO (10):  5944 5947 5948 13769 13856 13857 13968 14038 14068 14192
LI (18):  6 36 46 1056 5898 13648 13649 13662 13669 13671 13687 13768 13778 13843 13847 13852 14023 14032
NODE_NUM = 48
FILE square_sub_173.aig

# Subcircuit 174
SUB_ID 174
LO (12):  5951 5961 7616 8099 8132 8138 8433 9125 9245 9248 9251 9483
LI (23):  22 28 36 37 889 1919 2332 3353 7607 7613 8081 8083 8084 8093 8135 8139 9099 9114 9115 9116 9124 9144 9244
NODE_NUM = 48
FILE square_sub_174.aig

# Subcircuit 175
SUB_ID 175
LO (15):  5998 5999 6036 6064 6077 6080 6081 6182 6185 6247 6317 6369 6432 6433 6552
LI (26):  2 50 2305 5639 5704 5995 5996 6019 6020 6039 6056 6058 6069 6070 6071 6073 6076 6181 6227 6231 6232 6233 6238 6306 6313 6314
NODE_NUM = 50
FILE square_sub_175.aig

# Subcircuit 176
SUB_ID 176
LO (16):  6085 6086 6096 6097 6113 6127 6331 6438 6774 8517 13954 13963 14167 14190 14239 14437
LI (27):  6 16 37 38 46 47 1057 1367 1919 2335 3110 6084 6119 6124 6327 6328 8511 8512 8515 13859 13860 13904 13917 13921 13925 13928 13948
NODE_NUM = 49
FILE square_sub_176.aig

# Subcircuit 177
SUB_ID 177
LO (11):  6119 6124 6133 7239 7923 14484 14486 14487 14640 14652 14664
LI (24):  7 14 16 37 39 46 6118 6123 6455 7236 7922 14280 14364 14366 14367 14368 14413 14414 14429 14436 14437 14440 14456 14481
NODE_NUM = 50
FILE square_sub_177.aig

# Subcircuit 178
SUB_ID 178
LO (18):  6135 6138 6147 6150 6171 6173 6513 7375 7706 10068 10072 10075 10167 10463 10465 10939 11088 14557
LI (27):  12 14 26 41 43 44 45 474 479 2464 4090 5313 5431 6163 6165 6167 7374 7705 9944 9958 9965 9966 9969 9988 10067 10456 10460
NODE_NUM = 46
FILE square_sub_178.aig

# Subcircuit 179
SUB_ID 179
LO (15):  6181 6196 6206 6327 6328 7732 8493 8497 8846 8966 8969 8979 9032 9049 16250
LI (24):  1 18 44 52 1490 3811 6199 6201 6203 6264 6514 8487 8488 8572 8803 8804 8805 8806 8810 8814 8818 8840 8849 8962
NODE_NUM = 50
FILE square_sub_179.aig

# Subcircuit 180
SUB_ID 180
LO (20):  6231 6232 6283 6285 6286 6296 6313 6314 6321 6322 6345 6394 6538 6548 6553 6608 6609 14413 14414 14653
LI (31):  36 49 213 794 5869 5886 5902 5918 6050 6054 6079 6091 6142 6224 6226 6229 6249 6280 6298 6303 6308 6390 6397 6552 6605 14390 14393 14400 14401 14404 14411
NODE_NUM = 49
FILE square_sub_180.aig

# Subcircuit 181
SUB_ID 181
LO (13):  6356 6381 6390 6585 6588 6751 6875 6876 7010 7280 7492 10860 14103
LI (23):  1 3 4 20 34 50 51 219 6351 6354 6355 6382 6384 6407 6506 6562 6566 6584 6632 7002 7007 7276 7281
NODE_NUM = 50
FILE square_sub_181.aig

# Subcircuit 182
SUB_ID 182
LO (16):  6407 6408 6420 6434 6437 6705 7743 8858 8859 9203 9244 9319 9320 9487 9631 10562
LI (25):  2 7 17 47 52 650 1857 2633 6292 6300 6403 6404 6414 6435 7742 9193 9196 9198 9200 9220 9237 9245 9282 9293 9315
NODE_NUM = 50
FILE square_sub_182.aig

# Subcircuit 183
SUB_ID 183
LO (16):  6441 6442 6449 6452 6455 7433 7690 7700 8083 8084 9381 9771 9780 10077 10902 15467
LI (24):  6 11 16 43 48 54 586 721 5313 5409 6435 7432 7631 7689 7692 7694 9346 9348 9349 9350 9358 9377 9769 9773
NODE_NUM = 48
FILE square_sub_183.aig

# Subcircuit 184
SUB_ID 184
LO (15):  6477 6485 6628 6630 6745 6802 7002 9104 11652 11654 11774 12914 12918 17084 17803
LI (27):  8 9 14 16 38 45 46 64 378 1494 3811 5714 6471 6622 6627 6732 6735 6737 6738 9103 11637 11639 11641 11645 11646 11651 12909
NODE_NUM = 49
FILE square_sub_184.aig

# Subcircuit 185
SUB_ID 185
LO (13):  6487 6506 6509 6512 6678 6684 7025 7096 7527 7805 7807 7811 7812
LI (28):  23 31 1692 1919 2115 2335 2622 3110 3591 6486 6495 6499 6505 6677 6682 7021 7022 7089 7092 7491 7502 7503 7504 7505 7511 7516 7528 7809
NODE_NUM = 47
FILE square_sub_185.aig

# Subcircuit 186
SUB_ID 186
LO (11):  6505 6514 8718 9092 9259 9263 9264 9265 9279 9285 9327
LI (21):  10 19 44 6503 6504 8204 8700 8702 8704 8711 8731 8864 8978 9044 9045 9047 9059 9060 9076 9088 9255
NODE_NUM = 50
FILE square_sub_186.aig

# Subcircuit 187
SUB_ID 187
LO (19):  6516 6562 6565 6566 6950 6952 6956 6960 8030 8204 8344 8374 8419 8854 8900 11021 15686 15830 15942
LI (23):  3 19 41 51 52 53 210 219 246 378 745 5084 6948 6954 8004 8026 8042 8340 8341 8407 8412 8416 8420
NODE_NUM = 50
FILE square_sub_187.aig

# Subcircuit 188
SUB_ID 188
LO (13):  6584 7021 7022 10491 10497 10742 11149 11150 11199 11220 11222 11275 14526
LI (19):  5 19 36 50 6573 6576 6578 6599 10489 10490 10725 10730 10735 10739 11116 11129 11145 11196 11219
NODE_NUM = 49
FILE square_sub_188.aig

# Subcircuit 189
SUB_ID 189
LO (20):  6576 6595 6597 6599 6610 8895 9009 9277 9278 9290 9995 9996 9997 10365 10458 11134 12585 13047 13699 14104
LI (26):  8 14 20 22 30 33 35 47 49 1102 1492 1494 2863 3147 3828 4045 6591 6592 8878 8887 8889 8985 8989 9005 9275 9993
NODE_NUM = 50
FILE square_sub_189.aig

# Subcircuit 190
SUB_ID 190
LO (14):  6614 9641 9644 10139 10140 10254 10396 10398 10399 10408 10607 10681 10682 17675
LI (21):  7 18 48 59 9635 9638 10100 10101 10106 10107 10109 10111 10112 10121 10137 10251 10395 10405 10411 10419 10678
NODE_NUM = 48
FILE square_sub_190.aig

# Subcircuit 191
SUB_ID 191
LO (15):  6622 6624 9346 10966 11160 11161 11164 11166 11213 12092 14380 14384 14386 16137 16879
LI (23):  10 15 30 40 45 55 9334 9342 9345 10801 10802 10803 10812 10825 10832 10833 10836 10854 10951 11157 11165 14379 14383
NODE_NUM = 49
FILE square_sub_191.aig

# Subcircuit 192
SUB_ID 192
LO (11):  6627 6650 6652 9220 10443 10487 10787 10789 10979 11175 11857
LI (23):  1 6 15 20 49 54 431 5714 6641 6644 6646 9214 9215 9218 10441 10442 10445 10465 10467 10483 10520 10761 10786
NODE_NUM = 50
FILE square_sub_192.aig

# Subcircuit 193
SUB_ID 193
LO (13):  6641 6643 6923 6924 6934 9691 10121 10405 14836 14840 14843 14885 15015
LI (21):  17 27 38 39 49 719 6932 9680 9683 9685 10117 10118 14686 14739 14785 14794 14801 14803 14805 14824 14832
NODE_NUM = 48
FILE square_sub_193.aig

# Subcircuit 194
SUB_ID 194
LO (14):  6646 6662 6664 6666 6677 11755 11778 11973 11974 11981 11989 11991 12205 14340
LI (25):  13 31 42 54 474 748 1919 2115 2863 3442 4735 5409 6645 11661 11674 11675 11676 11684 11702 11749 11777 11963 11967 11979 11988
NODE_NUM = 50
FILE square_sub_194.aig

# Subcircuit 195
SUB_ID 195
LO (17):  6682 6698 6700 6737 6738 6804 7115 7133 7138 7141 7474 7477 7479 7534 9993 13432 16616
LI (21):  1 2 12 26 29 43 55 2233 2332 2464 6445 6491 6680 6681 6694 6810 6916 7132 7137 7270 7473
NODE_NUM = 47
FILE square_sub_195.aig

# Subcircuit 196
SUB_ID 196
LO (15):  6810 6813 7332 7349 7352 7660 7662 7664 7668 7672 7765 7766 7809 13940 13941
LI (20):  2 4 54 55 56 210 219 246 2028 2776 7241 7254 7322 7328 7329 7659 7666 7763 13935 13939
NODE_NUM = 50
FILE square_sub_196.aig

# Subcircuit 197
SUB_ID 197
LO (19):  6820 6821 6823 6843 6883 6884 6901 6905 7216 7285 7286 7631 7633 11008 11012 11877 12143 13698 14401
LI (35):  6 21 24 25 32 34 35 50 1547 1573 1692 1904 2622 2624 2863 3147 3442 3607 3991 6585 6602 6818 6819 6822 6827 6835 6839 6880 6893 6898 6899 7621 7622 7630 9350
NODE_NUM = 48
FILE square_sub_197.aig

# Subcircuit 198
SUB_ID 198
LO (13):  6893 6898 6909 6912 6925 10067 10180 10183 10235 10439 10590 10594 14527
LI (24):  14 18 19 37 49 748 818 1334 4645 4735 5313 6911 9897 10012 10015 10018 10020 10021 10064 10068 10155 10170 10173 10228
NODE_NUM = 49
FILE square_sub_198.aig

# Subcircuit 199
SUB_ID 199
LO (11):  6932 6948 16953 16957 17048 17049 17072 17073 17082 17083 17156
LI (17):  4 7 49 52 6947 16861 16919 16945 16948 16951 16952 16964 16968 17036 17045 17069 17079
NODE_NUM = 45
FILE square_sub_199.aig

# Subcircuit 200
SUB_ID 200
LO (18):  6947 6961 8758 8985 9293 9635 9839 9841 9843 10104 11342 14803 15289 16391 16687 16691 16692 17529
LI (21):  5 8 24 39 48 51 58 8728 8747 8750 8752 8858 8947 9285 9290 9324 9634 9784 9827 9830 16690
NODE_NUM = 50
FILE square_sub_200.aig

# Subcircuit 201
SUB_ID 201
LO (14):  6979 6980 8568 9193 9342 9345 9490 9542 9575 9594 9595 9614 9621 10082
LI (24):  10 19 46 54 479 5714 9103 9110 9125 9171 9174 9176 9177 9178 9186 9337 9339 9389 9483 9487 9528 9538 9543 9592
NODE_NUM = 50
FILE square_sub_201.aig

# Subcircuit 202
SUB_ID 202
LO (16):  6985 7074 7328 7844 7845 7846 7891 7899 8103 8225 8701 8702 9186 16540 16542 17227
LI (22):  4 7 11 45 50 53 1702 7063 7066 7068 7324 7325 7805 7806 7807 7811 7812 7826 7831 9185 16535 16536
NODE_NUM = 48
FILE square_sub_202.aig

# Subcircuit 203
SUB_ID 203
LO (13):  7065 7066 8001 8364 8378 8407 10386 10395 10638 10640 10684 10735 15685
LI (21):  18 42 50 4045 4619 5916 7595 7980 7983 7985 7986 7994 8360 8361 10301 10350 10371 10377 10379 10630 10631
NODE_NUM = 49
FILE square_sub_203.aig

# Subcircuit 204
SUB_ID 204
LO (13):  7077 7080 7153 7511 7831 8203 8878 8880 9716 9916 10173 10199 10207
LI (26):  6 12 15 19 38 42 51 893 5409 7086 7143 7145 7147 7195 7903 8201 8868 8871 8877 9709 9710 9864 9869 9903 9911 9912
NODE_NUM = 50
FILE square_sub_204.aig

# Subcircuit 205
SUB_ID 205
LO (14):  7145 7181 7188 7195 7215 7498 7659 9818 9827 10109 10358 10362 10890 17740
LI (27):  1 3 5 14 19 49 52 54 56 246 818 821 1153 3645 6862 6864 7192 7195 7198 7211 7229 9793 9807 9808 9810 9817 10353
NODE_NUM = 50
FILE square_sub_205.aig

# Subcircuit 206
SUB_ID 206
LO (16):  7192 7200 7202 7211 7225 12782 12790 13083 13125 13193 13198 13199 13200 13252 13305 13306
LI (28):  26 31 52 54 197 213 1494 1573 2593 3353 4201 5426 7206 7207 7209 7223 12781 12784 12977 13075 13076 13082 13087 13091 13116 13120 13191 13192
NODE_NUM = 50
FILE square_sub_206.aig

# Subcircuit 207
SUB_ID 207
LO (15):  7236 7254 7276 7329 7441 7922 10825 11421 11424 11452 11454 11842 11847 15468 17210
LI (23):  11 13 44 47 59 721 2332 5714 7242 7243 7246 7256 7272 10814 10821 10824 11410 11411 11412 11413 11420 11451 11840
NODE_NUM = 49
FILE square_sub_207.aig

# Subcircuit 208
SUB_ID 208
LO (17):  7262 7266 7270 7272 9358 9680 11883 11958 11961 12222 12226 14982 14986 14987 15302 16520 17400
LI (21):  9 17 33 40 41 48 57 378 6251 7075 7263 7267 7269 9356 11874 11875 11877 11897 11913 11951 14985
NODE_NUM = 48
FILE square_sub_208.aig

# Subcircuit 209
SUB_ID 209
LO (15):  7269 7320 7321 7324 7325 7355 7356 7583 7592 9903 10246 10249 10434 10650 10685
LI (23):  8 17 50 7056 7111 7209 7226 7268 7310 7312 7317 7354 9886 9892 9898 10154 10180 10183 10185 10206 10207 10213 10235
NODE_NUM = 48
FILE square_sub_209.aig

# Subcircuit 210
SUB_ID 210
LO (25):  7354 7357 7358 7370 7374 8224 8227 8636 8711 8766 8871 9088 9139 10441 10442 10539 13879 14914 14918 16253 16256 16260 16747 17285 17917
LI (33):  10 13 18 24 37 40 45 51 59 338 586 818 1516 4739 5714 6381 8217 8220 8632 8633 8709 8759 8762 10440 10527 10535 10538 12325 14913 14916 16250 16252 16254
NODE_NUM = 50
FILE square_sub_210.aig

# Subcircuit 211
SUB_ID 211
LO (9):  7388 15411 15412 15499 15500 15535 15537 15538 15583
LI (17):  41 49 1514 7387 15241 15242 15288 15300 15303 15304 15315 15325 15374 15397 15399 15408 15497
NODE_NUM = 50
FILE square_sub_211.aig

# Subcircuit 212
SUB_ID 212
LO (17):  7387 7391 7404 7405 7421 7425 9682 9683 9710 10350 10630 10649 10713 10717 10805 11932 13723
LI (25):  9 11 25 33 49 57 889 1514 1718 1919 2464 2863 4201 4645 5409 7418 10313 10328 10331 10334 10337 10609 10611 10615 10643
NODE_NUM = 49
FILE square_sub_212.aig

# Subcircuit 213
SUB_ID 213
LO (10):  7418 7432 8589 12988 13071 13075 13262 13273 13541 13628
LI (21):  15 47 1904 2305 2489 3811 8582 8588 12980 12981 12984 12986 13003 13015 13020 13054 13069 13209 13258 13265 13270
NODE_NUM = 49
FILE square_sub_213.aig

# Subcircuit 214
SUB_ID 214
LO (20):  7436 7453 7483 7763 7787 7868 7869 8208 8278 8567 8877 9177 9347 9348 9349 9808 9817 9886 10157 10158
LI (31):  4 13 15 48 53 54 210 338 378 479 586 721 748 1857 6148 7410 7456 7460 7464 7477 7479 7784 7865 8277 8568 8876 9815 9876 9877 9879 9954
NODE_NUM = 50
FILE square_sub_214.aig

# Subcircuit 215
SUB_ID 215
LO (8):  7456 15756 15757 15758 15883 15885 15896 15897
LI (17):  38 54 1299 15612 15613 15614 15627 15634 15635 15637 15654 15667 15668 15739 15747 15752 15893
NODE_NUM = 43
FILE square_sub_215.aig

# Subcircuit 216
SUB_ID 216
LO (14):  7460 7464 7468 7473 7784 7980 7983 8360 8361 9106 12208 12268 12301 12669
LI (24):  20 38 55 57 197 246 7458 7472 7474 7940 7956 7957 7959 7965 7979 12134 12142 12143 12145 12164 12200 12205 12293 12298
NODE_NUM = 49
FILE square_sub_216.aig

# Subcircuit 217
SUB_ID 217
LO (11):  7472 8953 9005 9014 9275 9315 9630 9762 9766 9917 18479
LI (20):  1 57 62 7471 8696 8906 8908 8910 8911 8929 8931 8949 9010 9017 9302 9308 9614 9628 9760 9761
NODE_NUM = 50
FILE square_sub_217.aig

# Subcircuit 218
SUB_ID 218
LO (18):  7471 7516 7551 7571 7572 7573 7640 7644 7865 8263 11888 11897 12240 12242 12466 14932 15415 17637
LI (24):  3 6 22 36 52 55 5032 7131 7133 7183 7308 7443 7534 7536 7539 7541 7554 7570 7642 11861 11889 11891 12227 12239
NODE_NUM = 47
FILE square_sub_218.aig

# Subcircuit 219
SUB_ID 219
LO (9):  7536 7539 15575 15586 15587 15598 15599 15610 15752
LI (18):  19 39 52 1332 10557 15412 15413 15425 15432 15434 15453 15501 15504 15529 15572 15573 15583 15595
NODE_NUM = 45
FILE square_sub_219.aig

# Subcircuit 220
SUB_ID 220
LO (22):  7563 7567 7589 7594 7595 7607 7613 7621 8004 9888 9892 9897 9898 10500 11334 11340 11555 11582 11584 11772 14008 14013
LI (36):  9 17 22 50 51 52 378 891 1367 1492 1573 2464 3811 3828 4645 6381 7138 7177 7298 7302 7611 7612 8002 9887 9890 9896 11320 11323 11324 11326 11333 11379 11547 11552 11578 14006
NODE_NUM = 49
FILE square_sub_220.aig

# Subcircuit 221
SUB_ID 221
LO (18):  7622 7630 7689 7692 7705 7707 7708 7919 10328 10331 10334 11115 11116 11263 11265 11268 11273 15977
LI (30):  10 12 21 24 45 47 49 479 590 818 1547 1718 2305 2596 6251 7628 7629 7918 10317 10318 10320 10327 11079 11080 11082 11089 11108 11113 11258 11261
NODE_NUM = 49
FILE square_sub_221.aig

# Subcircuit 222
SUB_ID 222
LO (14):  7728 7731 7734 7737 8071 8072 8234 8244 9377 9769 10090 10092 10213 16548
LI (25):  13 40 46 52 1477 2332 2335 2622 2967 7383 7717 7721 7736 8059 8065 8066 8074 9366 9367 9373 9513 9771 10080 10082 10086
NODE_NUM = 49
FILE square_sub_222.aig

# Subcircuit 223
SUB_ID 223
LO (18):  7736 7742 7800 7806 7826 7887 7895 9185 9634 11042 12410 12420 12423 12652 12655 12657 12882 14776
LI (24):  1 18 30 41 46 58 1102 4139 7332 7349 7487 7796 7797 7801 7822 11041 12284 12347 12406 12407 12409 12412 12640 12651
NODE_NUM = 50
FILE square_sub_223.aig

# Subcircuit 224
SUB_ID 224
LO (20):  7822 7903 8065 8066 9228 9237 9302 9411 9628 9907 9949 10293 10295 10654 10664 12751 14536 16727 16867 17302
LI (19):  2 12 21 30 43 48 56 57 338 378 8063 8260 9142 9218 9227 9621 9625 10287 10288
NODE_NUM = 50
FILE square_sub_224.aig

# Subcircuit 225
SUB_ID 225
LO (11):  7905 7907 7918 15654 15979 16077 16078 16079 16086 16116 16120
LI (22):  44 48 50 721 745 5714 6251 7707 15650 15652 15922 15923 15924 15955 15969 15973 15978 15995 16061 16063 16068 16073
NODE_NUM = 48
FILE square_sub_225.aig

# Subcircuit 226
SUB_ID 226
LO (15):  7956 7957 9076 10906 10951 11165 11195 11196 11211 11215 11216 11824 18050 18055 18058
LI (22):  1 5 15 53 55 59 891 9070 9072 9074 10901 10904 10905 10908 10927 10944 11192 11209 11213 17934 18048 18049
NODE_NUM = 47
FILE square_sub_226.aig

# Subcircuit 227
SUB_ID 227
LO (13):  7958 7959 7965 8447 8840 8908 9010 9044 9045 9550 9553 9555 9563
LI (20):  3 57 59 197 246 8436 8437 8440 8515 8605 8822 8828 8907 8979 9026 9028 9032 9036 9259 9549
NODE_NUM = 50
FILE square_sub_227.aig

# Subcircuit 228
SUB_ID 228
LO (14):  7979 7985 7986 7994 8340 8341 12396 12504 12651 12949 14913 17323 17352 17353
LI (28):  6 10 22 38 50 54 848 1098 5313 6950 7968 7971 7972 7984 7993 8024 8260 12353 12362 12365 12375 12389 12648 12652 17310 17317 17320 17351
NODE_NUM = 48
FILE square_sub_228.aig

# Subcircuit 229
SUB_ID 229
LO (15):  7993 8002 8024 8026 8201 10904 13003 15213 15216 15219 15232 15235 15236 15237 15378
LI (24):  8 17 23 36 37 43 52 53 1692 3353 8017 8023 10902 12996 13002 15079 15104 15105 15106 15184 15201 15205 15206 15234
NODE_NUM = 46
FILE square_sub_229.aig

# Subcircuit 230
SUB_ID 230
LO (21):  8017 8023 8036 8039 8063 8184 8275 8347 8412 8439 8632 8633 14420 14569 15203 15301 15441 15965 15966 15967 16136
LI (27):  2 24 31 36 58 59 1919 2115 2233 2464 2596 2633 3110 3147 3338 3811 3828 4645 8022 8034 8194 8247 8249 8255 8272 15956 15963
NODE_NUM = 50
FILE square_sub_230.aig

# Subcircuit 231
SUB_ID 231
LO (19):  8093 8128 8144 8152 8155 8157 8175 8177 8448 8457 8477 8622 8825 9054 9132 9513 9517 12102 12104
LI (33):  22 24 25 37 39 40 1494 1547 1573 1692 1904 3353 3828 4615 4645 5084 7668 7682 7713 8124 8141 8145 8168 8174 8456 8465 8466 8474 8552 8827 9507 9508 9509
NODE_NUM = 50
FILE square_sub_231.aig

# Subcircuit 232
SUB_ID 232
LO (13):  8174 8183 15796 15923 16061 16063 16210 16220 16223 16224 16225 16246 16304
LI (22):  25 33 36 60 1813 8173 15759 15760 15767 15770 15785 15788 15816 16012 16014 16018 16055 16057 16079 16119 16120 16209
NODE_NUM = 48
FILE square_sub_232.aig

# Subcircuit 233
SUB_ID 233
LO (12):  8185 14739 15005 15006 15007 15008 15012 15013 15034 15036 15081 15106
LI (18):  27 60 14687 14694 14695 14697 14701 14702 14713 14735 14836 14879 14881 14885 14907 15001 15010 15033
NODE_NUM = 46
FILE square_sub_233.aig

# Subcircuit 234
SUB_ID 234
LO (18):  8193 8217 8220 8247 8436 8906 9063 9070 9074 9308 9625 10317 10821 10824 11219 11294 11479 11480
LI (30):  1 3 4 10 58 60 300 479 650 1077 6381 8192 8216 8246 8435 8905 9062 9066 9156 9168 10303 10313 10316 10816 10818 10852 10925 11215 11216 11477
NODE_NUM = 48
FILE square_sub_234.aig

# Subcircuit 235
SUB_ID 235
LO (16):  8246 8248 8249 8437 8747 10678 10720 10786 10811 10812 10814 11050 11113 11123 11127 11167
LI (25):  4 11 12 57 58 59 210 219 721 748 10535 10550 10654 10657 10664 10669 10670 10675 10681 10717 10723 10768 10780 10808 11120
NODE_NUM = 49
FILE square_sub_235.aig

# Subcircuit 236
SUB_ID 236
LO (16):  8259 8272 8283 8289 8313 8315 8435 9196 10288 15650 15652 15851 15854 15857 16950 17830
LI (31):  5 9 12 17 18 36 43 44 49 52 57 228 586 1098 1595 5020 6251 7664 8267 8271 8281 8286 8287 8309 9195 15644 15645 15841 15843 15845 15847
NODE_NUM = 46
FILE square_sub_236.aig

# Subcircuit 237
SUB_ID 237
LO (17):  8348 8395 8431 8432 8440 8450 8456 8542 8810 13768 14031 14032 14042 14043 14053 14054 16533
LI (27):  23 39 59 219 1494 2402 4139 7889 8112 8347 8386 8389 8428 8439 8529 8538 13454 13703 13704 13708 13709 13713 13765 13769 14028 14038 14050
NODE_NUM = 48
FILE square_sub_237.aig

# Subcircuit 238
SUB_ID 238
LO (14):  8465 8466 8474 8487 16505 16517 16568 16574 16575 16576 16577 16588 16589 16655
LI (23):  45 52 848 2305 2464 3353 4645 8472 8473 16404 16425 16428 16435 16436 16438 16445 16469 16471 16504 16509 16514 16567 16585
NODE_NUM = 49
FILE square_sub_238.aig

# Subcircuit 239
SUB_ID 239
LO (15):  8488 8494 8511 8515 8855 8857 10379 16209 16243 16248 16249 16328 16329 16337 16462
LI (25):  10 11 43 51 52 721 816 1098 5262 6381 8503 8507 8508 8856 16164 16177 16181 16186 16202 16210 16242 16246 16294 16308 16324
NODE_NUM = 48
FILE square_sub_239.aig

# Subcircuit 240
SUB_ID 240
LO (11):  8507 16425 16428 16590 16659 16660 16661 16703 16704 16781 17211
LI (20):  40 46 51 57 650 16410 16413 16414 16415 16438 16574 16575 16576 16577 16578 16589 16642 16650 16655 16700
NODE_NUM = 49
FILE square_sub_240.aig

# Subcircuit 241
SUB_ID 241
LO (8):  8512 8529 18035 18046 18112 18118 18124 18181
LI (17):  1 12 50 61 17902 17968 17978 17979 17986 17988 17990 18007 18033 18040 18075 18099 18105
NODE_NUM = 47
FILE square_sub_241.aig

# Subcircuit 242
SUB_ID 242
LO (14):  8538 8543 8547 8551 8779 9059 9060 9332 9538 14125 14178 14181 14281 16519
LI (21):  2 24 38 60 2332 3147 3442 5959 8587 8773 9048 9049 9054 9092 11413 14081 14112 14119 14122 14129 14174
NODE_NUM = 47
FILE square_sub_242.aig

# Subcircuit 243
SUB_ID 243
LO (16):  8565 8566 8582 8587 8588 8596 9876 9877 10520 10522 13765 14045 14046 14050 17194 17195
LI (27):  9 13 14 19 39 43 48 49 53 335 590 745 748 5667 6251 7664 8578 8581 8586 10514 10516 13736 13737 13740 13741 13759 13761
NODE_NUM = 48
FILE square_sub_243.aig

# Subcircuit 244
SUB_ID 244
LO (16):  8598 8611 8676 8696 8700 8704 8814 9102 11702 11979 12044 12051 12432 12920 13149 16758
LI (26):  7 8 9 20 24 43 49 54 55 378 1102 5262 7662 8150 8392 8590 8593 8607 8694 9101 11670 11693 11981 12022 12023 12041
NODE_NUM = 48
FILE square_sub_244.aig

# Subcircuit 245
SUB_ID 245
LO (15):  8709 8725 8728 13226 13234 13258 13545 13548 13551 13552 13553 13554 13603 13604 13792
LI (20):  10 27 36 53 2332 3803 4201 5907 8722 13225 13229 13241 13254 13255 13430 13530 13544 13560 13596 13601
NODE_NUM = 48
FILE square_sub_245.aig

# Subcircuit 246
SUB_ID 246
LO (18):  8722 8726 8750 8860 11840 12200 12449 12452 12454 12472 12479 12488 12490 12511 12541 13665 15963 15986
LI (27):  15 29 34 60 210 889 2233 2776 2924 3353 5557 8439 11838 12171 12175 12194 12196 12432 12434 12435 12448 12462 12463 12464 12469 12478 15961
NODE_NUM = 50
FILE square_sub_246.aig

# Subcircuit 247
SUB_ID 247
LO (13):  8876 8887 8905 10886 10901 11192 11230 11232 11289 11293 11382 11448 11477
LI (23):  6 13 50 57 2622 3811 7732 10836 10882 10885 10888 10891 10894 10942 11164 11166 11167 11177 11178 11188 11226 11286 11287
NODE_NUM = 50
FILE square_sub_247.aig

# Subcircuit 248
SUB_ID 248
LO (14):  8907 8909 8910 8911 9460 9592 9751 9830 9911 9912 10086 10117 10118 10267
LI (22):  3 6 60 62 197 246 9203 9421 9429 9432 9439 9455 9457 9721 9724 9731 9746 9748 9907 10256 10263 10266
NODE_NUM = 50
FILE square_sub_248.aig

# Subcircuit 249
SUB_ID 249
LO (13):  8929 8931 8936 9965 9969 10170 10601 10768 10792 11188 12996 13001 13002
LI (24):  7 21 24 42 43 56 1494 1904 3645 5409 8921 8925 9962 10157 10158 10163 10167 10585 10590 10594 10787 10789 12995 13000
NODE_NUM = 50
FILE square_sub_249.aig

# Subcircuit 250
SUB_ID 250
LO (15):  8938 8949 8977 8978 8989 9271 9272 9495 9731 14713 15033 15104 15105 15337 16824
LI (27):  2 25 38 62 2489 5296 8685 8802 8937 8943 8945 8947 8966 8969 8974 9263 9264 9265 9491 9501 14545 14559 15025 15030 15084 15099 15100
NODE_NUM = 50
FILE square_sub_250.aig

# Subcircuit 251
SUB_ID 251
LO (16):  9062 9065 9066 9428 9429 9638 10049 10064 10163 10196 10203 10206 10228 10530 10532 10585
LI (23):  6 7 59 60 61 210 228 284 312 335 338 378 431 8439 10000 10041 10047 10052 10057 10058 10162 10195 10202
NODE_NUM = 46
FILE square_sub_251.aig

# Subcircuit 252
SUB_ID 252
LO (12):  9072 9099 9101 12666 12845 12900 12903 12904 13126 13128 13174 17222
LI (23):  6 19 45 58 8786 8790 12543 12544 12557 12566 12568 12570 12589 12636 12637 12655 12657 12837 12839 12879 12889 12897 12901
NODE_NUM = 50
FILE square_sub_252.aig

# Subcircuit 253
SUB_ID 253
LO (26):  9103 9105 9115 9116 9124 9138 9142 9455 9457 10474 10478 10480 10832 10836 10843 11913 12944 13980 14381 14382 14695 14740 16796 16920 17438 17794
LI (35):  5 6 19 23 28 41 42 55 59 64 1153 1919 2028 2115 2335 2924 3803 4139 4201 5262 9122 9123 9132 9446 9449 9451 10473 10477 10829 11905 11909 11911 12938 12939 12942
NODE_NUM = 49
FILE square_sub_253.aig

# Subcircuit 254
SUB_ID 254
LO (11):  9152 9156 9171 9174 9746 9748 15288 15496 15497 15564 15677
LI (22):  1 3 27 61 63 197 246 2776 8771 9153 9170 9735 9738 9745 15245 15246 15248 15267 15282 15284 15538 15561
NODE_NUM = 50
FILE square_sub_254.aig

# Subcircuit 255
SUB_ID 255
LO (14):  9168 9170 9175 9176 10327 10337 11749 11992 11995 12005 12058 12160 13000 16152
LI (23):  22 26 27 37 38 42 46 53 1846 2464 3645 5696 10326 10336 10455 11716 11730 11737 11740 11961 11974 11991 11998
NODE_NUM = 48
FILE square_sub_255.aig

# Subcircuit 256
SUB_ID 256
LO (13):  9178 9198 10445 11410 11552 11875 16843 16861 16906 16911 16912 16913 16999
LI (23):  18 48 52 54 816 5849 11395 11401 11402 11404 11424 11549 11555 16794 16806 16814 16816 16829 16842 16855 16903 16904 16910
NODE_NUM = 48
FILE square_sub_256.aig

# Subcircuit 257
SUB_ID 257
LO (10):  9200 9214 9218 9890 16567 16785 16787 16848 16864 16893
LI (23):  13 51 590 745 748 889 5667 5849 6255 6381 9211 16540 16543 16546 16548 16551 16555 16563 16568 16662 16670 16717 16784
NODE_NUM = 50
FILE square_sub_257.aig

# Subcircuit 258
SUB_ID 258
LO (14):  9215 9227 9798 9807 10111 10112 11129 12142 12145 12330 12353 12444 12507 12648
LI (26):  7 8 10 14 19 50 56 57 1516 4155 5311 9673 9796 9797 9800 11123 11124 11127 12080 12136 12137 12162 12321 12323 12326 12349
NODE_NUM = 50
FILE square_sub_258.aig

# Subcircuit 259
SUB_ID 259
LO (15):  9255 9282 9324 9330 9334 9337 9784 9859 9860 10101 11693 17132 17135 17141 17142
LI (23):  18 47 55 1702 8568 8846 9248 9251 9277 9278 9279 9319 9320 9327 9561 9780 9839 9849 9855 17124 17127 17128 17139
NODE_NUM = 49
FILE square_sub_259.aig

# Subcircuit 260
SUB_ID 260
LO (19):  9339 9350 9356 9366 9367 9373 9382 9815 11420 12171 16551 18007 18075 18138 18185 18193 18216 18220 18252
LI (32):  7 12 14 17 51 53 54 58 748 821 1102 5194 5557 5849 6565 7468 12169 13385 16549 18002 18005 18055 18058 18067 18072 18123 18124 18135 18184 18211 18212 18213
NODE_NUM = 48
FILE square_sub_260.aig

# Subcircuit 261
SUB_ID 261
LO (14):  9389 9394 9408 9773 9793 10047 10162 11360 12041 12298 13492 13496 13497 15544
LI (23):  15 24 31 34 41 50 3811 9384 9385 9386 9404 9424 9786 9789 10043 12024 12031 12032 12035 12044 13490 13494 13495
NODE_NUM = 47
FILE square_sub_261.aig

# Subcircuit 262
SUB_ID 262
LO (12):  9409 16924 16945 16948 17079 17280 17282 17283 17354 17361 17392 18213
LI (20):  41 45 56 60 16392 16920 16923 16926 16944 17075 17076 17161 17162 17243 17247 17250 17253 17259 17260 17353
NODE_NUM = 47
FILE square_sub_262.aig

# Subcircuit 263
SUB_ID 263
LO (17):  9412 9420 9431 9432 9735 10725 10730 11079 11391 11395 11481 11483 11549 17124 17260 18444 18614
LI (29):  8 9 10 20 45 57 61 62 210 219 378 431 479 9418 11068 11069 11070 11071 11127 11143 11385 11386 11387 11480 16167 17110 17116 17118 17135
NODE_NUM = 50
FILE square_sub_263.aig

# Subcircuit 264
SUB_ID 264
LO (11):  9439 9446 10456 13709 13917 17351 17503 17505 17506 17507 17572
LI (24):  4 5 22 43 60 61 10455 13905 13913 13916 17333 17334 17337 17342 17343 17348 17352 17397 17472 17475 17477 17481 17486 17497
NODE_NUM = 50
FILE square_sub_264.aig

# Subcircuit 265
SUB_ID 265
LO (10):  9449 9491 9507 9508 13454 13530 13782 13835 13859 13970
LI (21):  1 64 1573 2464 4615 5313 9505 9506 13431 13444 13445 13446 13447 13453 13472 13520 13527 13548 13815 13824 13826
NODE_NUM = 45
FILE square_sub_265.aig

# Subcircuit 266
SUB_ID 266
LO (11):  9509 9524 9528 10301 10615 10643 10739 10808 11226 11499 11547
LI (26):  28 37 40 2028 2305 2335 3353 4645 5426 9520 9521 10267 10268 10270 10277 10297 10620 10621 10638 10640 10805 10811 11220 11222 11491 11496
NODE_NUM = 49
FILE square_sub_266.aig

# Subcircuit 267
SUB_ID 267
LO (12):  9520 9572 9652 9656 13225 13636 13647 13648 13778 13788 13793 13852
LI (25):  21 24 45 56 1573 2332 3828 5020 9548 9550 9649 13216 13429 13552 13553 13554 13603 13604 13605 13607 13609 13618 13628 13632 13644
NODE_NUM = 50
FILE square_sub_267.aig

# Subcircuit 268
SUB_ID 268
LO (17):  9649 9653 9673 9675 9966 10041 10043 10305 10307 10313 10316 10548 10942 10944 11411 13321 16866
LI (30):  9 10 22 24 25 42 44 45 58 1494 1718 1904 4139 4530 5262 6148 8293 9666 9672 10033 10035 10037 10306 10310 10932 10933 10941 13308 13317 13320
NODE_NUM = 47
FILE square_sub_268.aig

# Subcircuit 269
SUB_ID 269
LO (17):  9666 9672 9692 10303 11036 12770 12774 13054 13265 13977 15325 15525 15526 15665 16726 17333 17337
LI (25):  25 26 35 40 41 43 64 1547 1692 2335 3828 4090 5409 11034 11631 12767 13035 13051 15112 15175 15514 15519 15523 17327 17329
NODE_NUM = 49
FILE square_sub_269.aig

# Subcircuit 270
SUB_ID 270
LO (11):  9694 9700 9709 9721 14174 14306 14364 14489 14597 14641 14687
LI (22):  30 36 48 1153 2332 2596 3645 5557 9698 9708 14122 14140 14155 14158 14163 14167 14286 14298 14359 14361 14589 14591
NODE_NUM = 47
FILE square_sub_270.aig

# Subcircuit 271
SUB_ID 271
LO (33):  9724 9737 9738 9745 9785 9786 9789 9863 9864 9869 10256 10263 10266 10287 10294 10620 10621 10846 10847 12597 13606 13861 15460 15858 16194 17447 17901 17969 18062 18651 18664 18665 18671
LI (24):  3 4 5 19 20 46 47 48 62 63 64 210 219 228 246 300 335 2689 9496 9744 9788 10196 10261 10286
NODE_NUM = 50
FILE square_sub_271.aig

# Subcircuit 272
SUB_ID 272
LO (15):  9788 9796 9797 11013 11019 11281 11286 11287 11519 12080 12101 12135 12323 12448 12716
LI (24):  11 16 26 49 50 55 64 9498 11000 11003 11004 11005 11008 11012 11059 11272 11278 12074 12076 12078 12097 12113 12444 12449
NODE_NUM = 48
FILE square_sub_272.aig

# Subcircuit 273
SUB_ID 273
LO (11):  9800 9810 17758 17792 17793 17845 17852 17854 17864 17874 17943
LI (18):  51 57 479 748 6952 7664 17702 17703 17721 17732 17736 17741 17749 17780 17788 17815 17838 17844
NODE_NUM = 48
FILE square_sub_273.aig

# Subcircuit 274
SUB_ID 274
LO (18):  9849 9861 9887 9896 9944 9954 9958 10137 10353 11320 11323 11572 11717 11791 11889 13130 13392 17638
LI (28):  10 11 15 16 23 49 51 52 56 57 893 6565 9577 9600 9610 9613 9766 9841 9843 9946 9952 10351 11296 11298 11300 11319 11348 11363
NODE_NUM = 50
FILE square_sub_274.aig

# Subcircuit 275
SUB_ID 275
LO (11):  9946 9952 9962 16784 16794 16841 16842 16855 16910 16964 17013
LI (25):  21 46 479 1547 1692 5313 6450 6980 9228 9949 16725 16728 16729 16731 16732 16749 16751 16765 16767 16772 16781 16785 16839 16850 16851
NODE_NUM = 50
FILE square_sub_275.aig

# Subcircuit 276
SUB_ID 276
LO (16):  9988 10000 10012 10015 10018 10202 10270 10277 10473 10516 10611 10880 10994 10997 11618 11856
LI (33):  27 28 29 30 32 37 38 39 40 2233 2332 2776 3811 3979 4201 4615 5084 5426 9979 9985 9995 9996 9997 10008 10011 10014 10199 10203 10276 10877 10879 10988 10989
NODE_NUM = 50
FILE square_sub_276.aig

# Subcircuit 277
SUB_ID 277
LO (19):  10008 10011 10033 10035 10057 10080 10096 10100 10106 10107 10185 10195 10251 10498 17307 17310 17466 17467 17587
LI (31):  8 23 44 59 60 1573 2863 3147 3353 3979 5262 6486 9594 9596 9758 9762 10072 10075 10077 10090 10092 10103 10104 10194 13463 17285 17287 17306 17337 17444 17457
NODE_NUM = 48
FILE square_sub_277.aig

# Subcircuit 278
SUB_ID 278
LO (18):  10194 10268 10286 10297 10310 10318 11670 11674 11874 12022 12055 12060 12061 12090 12095 12218 13740 17453
LI (31):  9 13 28 45 46 55 59 1573 1692 2335 4615 5020 5714 10293 10294 10295 11664 11668 11813 11822 11823 11836 11843 11845 11847 11863 11958 12054 12058 12085 12086
NODE_NUM = 49
FILE square_sub_278.aig

# Subcircuit 279
SUB_ID 279
LO (22):  10320 10326 10367 10371 10377 10437 10438 10455 10460 10467 10477 10483 10675 10780 11177 11178 12980 12986 14775 14779 15780 18402
LI (37):  5 15 23 26 40 45 47 53 64 1494 2332 4139 5557 10362 10364 10365 10368 10369 10372 10386 10434 10435 10458 10459 10463 10465 10474 10478 10480 10505 10569 11175 12979 12983 12984 14769 14770
NODE_NUM = 49
FILE square_sub_279.aig

# Subcircuit 280
SUB_ID 280
LO (12):  10489 16642 16717 16725 16903 16904 16919 17036 17152 17153 17154 17162
LI (22):  6 35 63 16597 16604 16607 16620 16625 16638 16639 16704 16710 16864 16894 16895 16896 16906 17031 17033 17049 17096 17145
NODE_NUM = 49
FILE square_sub_280.aig

# Subcircuit 281
SUB_ID 281
LO (14):  10490 10504 10514 16296 16308 16469 16471 16563 16625 18498 18508 18509 18510 18541
LI (21):  13 33 56 60 63 3607 4201 6822 9065 10513 16270 16295 16298 16305 16322 16453 16464 16465 18471 18491 18492
NODE_NUM = 47
FILE square_sub_281.aig

# Subcircuit 282
SUB_ID 282
LO (13):  10513 10527 17603 17619 17621 17622 17693 17698 17703 17988 18279 18283 18284
LI (21):  9 14 51 55 60 7188 16384 17505 17506 17507 17534 17537 17543 17546 17561 17562 17593 17604 17610 17615 18282
NODE_NUM = 48
FILE square_sub_282.aig

# Subcircuit 283
SUB_ID 283
LO (10):  10535 10538 10546 10550 17701 17702 17761 17772 17773 17788
LI (23):  8 23 46 61 764 1692 5262 10049 10530 10532 10543 17619 17621 17622 17650 17657 17658 17661 17664 17680 17693 17698 17768
NODE_NUM = 45
FILE square_sub_283.aig

# Subcircuit 284
SUB_ID 284
LO (11):  10543 10569 10571 10631 15912 15922 15924 15955 16068 16110 16112
LI (26):  7 16 31 38 53 62 889 1919 5714 6952 10541 10557 10562 10564 10568 15623 15652 15883 15884 15885 15896 15897 15948 15951 16067 16109
NODE_NUM = 49
FILE square_sub_284.aig

# Subcircuit 285
SUB_ID 285
LO (21):  10657 10669 10670 10697 10801 10803 10816 10818 10829 10970 13035 13312 13317 13320 13556 13557 13713 14961 14962 14963 16923
LI (32):  19 21 58 61 479 721 2028 2332 3591 4090 5409 7690 8439 9065 10295 10358 10607 10649 10650 10682 10684 10685 10691 10699 13030 13031 13033 13311 13314 13332 14955 14959
NODE_NUM = 48
FILE square_sub_285.aig

# Subcircuit 286
SUB_ID 286
LO (14):  10852 10854 10879 10882 10885 11209 11370 12621 12622 12626 12984 14390 14393 14915
LI (26):  7 14 22 31 39 43 48 63 1153 2924 3645 3811 6381 10843 10846 10847 10859 10860 10872 10879 10880 10881 11211 14374 14376 14389
NODE_NUM = 45
FILE square_sub_286.aig

# Subcircuit 287
SUB_ID 287
LO (10):  10872 10888 16177 16360 16370 16476 16489 16490 16501 16514
LI (22):  38 57 748 2489 2863 3530 4615 9228 16166 16168 16169 16249 16328 16329 16330 16331 16333 16337 16346 16362 16367 16486
NODE_NUM = 47
FILE square_sub_287.aig

# Subcircuit 288
SUB_ID 288
LO (26):  10891 10894 10905 10908 10917 10918 10925 10927 10932 11004 11089 11737 11740 11822 11823 12024 12700 12704 12709 13435 16431 16609 16944 17075 17076 17192
LI (31):  24 25 46 48 49 55 889 893 1919 2464 5020 5557 7453 7662 7732 10890 10920 10922 10924 11088 11641 11726 11734 11820 11888 12698 12699 16933 16934 16941 16987
NODE_NUM = 50
FILE square_sub_288.aig

# Subcircuit 289
SUB_ID 289
LO (14):  10933 10941 10978 11000 11003 12568 16679 16700 16829 16839 17031 17033 17066 17098
LI (23):  8 27 36 43 50 63 2305 4530 6255 10939 10973 10975 10984 10986 10999 16696 16703 16823 16826 16874 16989 17009 17030
NODE_NUM = 48
FILE square_sub_289.aig

# Subcircuit 290
SUB_ID 290
LO (12):  10984 10986 10988 10989 10999 11258 11546 11813 11820 11998 12018 12019
LI (22):  63 2596 3147 3353 3530 3645 4184 7406 10994 10995 10997 11250 11519 11520 11524 11528 11532 11539 11543 11763 12008 12014
NODE_NUM = 50
FILE square_sub_290.aig

# Subcircuit 291
SUB_ID 291
LO (13):  11005 11032 11333 11442 11443 11605 12375 12543 12544 12889 12905 12906 13020
LI (25):  18 20 21 51 53 55 1102 6952 11013 11021 11026 11028 11031 11331 12362 12368 12369 12387 12515 12517 12518 12531 12541 12884 12885
NODE_NUM = 47
FILE square_sub_291.aig

# Subcircuit 292
SUB_ID 292
LO (13):  11026 11034 11041 11068 16806 17009 17069 17143 17145 17240 17241 17360 17509
LI (24):  11 31 40 46 54 60 1153 3110 3134 4090 6565 6950 16796 16798 16800 16816 16999 17003 17061 17066 17098 17142 17190 17235
NODE_NUM = 45
FILE square_sub_292.aig

# Subcircuit 293
SUB_ID 293
LO (12):  11070 11071 11080 14512 14632 14677 14678 14679 14685 14729 14846 17513
LI (18):  34 52 376 479 1904 5714 8909 9428 14487 14489 14502 14505 14531 14580 14597 14631 14669 14670
NODE_NUM = 49
FILE square_sub_293.aig

# Subcircuit 294
SUB_ID 294
LO (10):  11082 11108 11261 11524 17768 17881 17882 17891 17892 17963
LI (20):  7 27 44 64 1692 5557 11043 11098 11100 11102 11263 17626 17640 17758 17793 17858 17859 17864 17875 17888
NODE_NUM = 48
FILE square_sub_294.aig

# Subcircuit 295
SUB_ID 295
LO (15):  11100 11120 11124 11143 11145 11721 11726 11730 13494 13495 14208 14219 14222 14226 14411
LI (28):  13 15 23 48 56 58 586 818 891 2233 2633 5020 7115 7958 8439 11134 11137 11139 11719 11720 11723 13493 14190 14197 14198 14203 14207 14215
NODE_NUM = 48
FILE square_sub_295.aig

# Subcircuit 296
SUB_ID 296
LO (18):  11137 11248 11250 11272 11278 11298 11319 11517 11518 11528 11578 11661 11773 11963 12341 12347 15107 15845
LI (33):  9 26 46 63 893 1573 2233 5262 6251 9228 10971 10972 10975 11238 11240 11245 11265 11268 11269 11273 11275 11281 11310 11316 11509 11510 11511 11560 11562 11563 11572 12337 12338
NODE_NUM = 50
FILE square_sub_296.aig

# Subcircuit 297
SUB_ID 297
LO (13):  11310 11316 11324 11326 11614 11967 11988 12252 12462 12464 12478 12640 16186
LI (30):  22 27 28 44 45 51 1490 1494 2464 2633 4739 5714 6381 6565 8216 11597 11598 11599 11607 11626 11984 11985 12213 12218 12222 12245 12249 12253 12474 12479
NODE_NUM = 49
FILE square_sub_297.aig

# Subcircuit 298
SUB_ID 298
LO (22):  11331 11348 11352 11359 11363 12589 12921 12922 13662 14028 14198 14418 14424 14425 14426 14741 15258 15262 15263 15615 15943 16949
LI (29):  20 29 30 34 42 43 48 52 58 2863 3303 4139 11343 11344 11345 11356 12583 12585 12587 12920 13650 13654 13656 13701 14031 14417 14423 15256 15261
NODE_NUM = 47
FILE square_sub_298.aig

# Subcircuit 299
SUB_ID 299
LO (18):  11356 11385 11386 11387 11401 11404 11639 11645 11646 11951 12213 12293 12514 12547 12795 12805 12809 16263
LI (34):  11 12 16 60 61 62 721 1077 1098 2622 3442 4090 5409 7662 8204 8909 9428 11399 11438 11918 11926 11929 11944 11945 11946 12280 12282 12284 12288 12289 12507 12511 12546 12802
NODE_NUM = 50
FILE square_sub_299.aig

# Subcircuit 300
SUB_ID 300
LO (21):  11399 11402 11412 11413 11438 11451 11520 11532 12282 12566 12570 12837 13087 14421 14423 14928 14934 14966 15428 16032 18049
LI (29):  17 18 25 33 39 55 59 748 1100 1102 3645 4201 7453 8439 10906 11432 11437 11442 11443 11448 11452 12553 12559 12561 12691 12782 14420 14924 14925
NODE_NUM = 47
FILE square_sub_300.aig

# Subcircuit 301
SUB_ID 301
LO (20):  11432 11437 11457 11491 11501 11502 11508 11539 11543 11562 11563 11585 11587 11588 11589 11590 11765 11861 11863 15156
LI (35):  10 35 37 39 50 63 3147 4615 4645 10877 11115 11149 11160 11162 11195 11199 11230 11234 11289 11382 11391 11421 11431 11436 11454 11458 11462 11483 11484 11487 11499 11504 11854 11856 11857
NODE_NUM = 43
FILE square_sub_301.aig

# Subcircuit 302
SUB_ID 302
LO (14):  11597 11598 11599 11607 11630 11984 11985 14456 14631 14844 14852 14856 18199 18201
LI (27):  21 23 50 52 64 376 1490 1492 6950 6952 9863 11587 11589 11590 11605 11623 13580 14448 14450 14611 14612 14620 14624 14628 14632 18194 18198
NODE_NUM = 47
FILE square_sub_302.aig

# Subcircuit 303
SUB_ID 303
LO (11):  11631 13913 13916 14279 14280 14283 14286 14312 14365 14367 14481
LI (18):  19 61 64 3591 13880 13908 13910 13928 14076 14077 14186 14189 14226 14232 14239 14246 14263 14281
NODE_NUM = 49
FILE square_sub_303.aig

# Subcircuit 304
SUB_ID 304
LO (16):  11633 11651 11664 11668 11675 12688 12691 15246 17110 17259 17379 17486 17534 17537 17610 17749
LI (30):  32 45 61 721 2028 2332 3811 4139 4530 5262 9431 11479 11481 11662 11663 12621 12682 12683 17101 17105 17118 17132 17371 17376 17510 17511 17513 17533 17606 17607
NODE_NUM = 50
FILE square_sub_304.aig

# Subcircuit 305
SUB_ID 305
LO (18):  11676 11684 11716 11719 11944 11945 11946 12227 12546 12829 13060 13061 16033 16035 16384 16390 16394 18389
LI (28):  13 14 17 38 56 59 60 61 748 2489 4090 5696 9065 11334 11682 11683 11717 11943 12709 12805 12807 12809 12826 12862 16030 16032 16383 16386
NODE_NUM = 47
FILE square_sub_305.aig

# Subcircuit 306
SUB_ID 306
LO (12):  11720 11723 11734 17306 17443 17444 17468 17472 17475 17554 17555 17559
LI (21):  44 46 58 61 889 893 1904 2305 5219 5667 8248 9228 17297 17303 17398 17401 17420 17422 17433 17441 17467
NODE_NUM = 44
FILE square_sub_306.aig

# Subcircuit 307
SUB_ID 307
LO (14):  11777 11836 11838 11843 12008 12064 12065 12175 12260 14417 17235 17342 17343 17376
LI (34):  14 16 27 43 58 60 745 821 893 2622 2776 5020 7707 8439 9063 9065 11582 11759 11808 11824 11830 11832 11835 11842 11847 12005 12173 14416 17202 17203 17204 17212 17231 17340
NODE_NUM = 50
FILE square_sub_307.aig

# Subcircuit 308
SUB_ID 308
LO (18):  11845 11854 11891 11909 11911 12239 12469 12636 12637 12938 12942 13116 13241 13303 13304 13430 13527 17630
LI (28):  29 34 40 45 1102 1334 1573 6565 7664 9949 10906 11904 11906 11907 12235 12236 12466 12472 12633 12759 12914 12936 13112 13113 13262 13273 13295 13299
NODE_NUM = 49
FILE square_sub_308.aig

# Subcircuit 309
SUB_ID 309
LO (12):  11904 11906 11918 11926 11929 12235 12236 13650 18549 18584 18604 18609
LI (19):  10 11 18 56 63 64 721 9737 11905 11924 11941 18481 18498 18533 18536 18541 18546 18569 18572
NODE_NUM = 44
FILE square_sub_309.aig

# Subcircuit 310
SUB_ID 310
LO (9):  11924 11941 11943 18067 18135 18256 18257 18277 18308
LI (23):  13 26 48 61 479 1077 1904 6251 9785 9863 11932 11937 18019 18063 18126 18127 18132 18138 18225 18235 18237 18247 18252
NODE_NUM = 50
FILE square_sub_310.aig

# Subcircuit 311
SUB_ID 311
LO (17):  12023 12031 12035 12054 12074 12076 12085 12288 12289 12309 12668 12909 14559 14580 14731 14732 17100
LI (33):  13 32 40 43 46 62 474 2596 2622 3147 3811 5262 5313 5409 6450 9863 11973 11989 11992 11995 12028 12051 12055 12110 12302 12303 12667 12908 14549 14553 14558 14576 14729
NODE_NUM = 49
FILE square_sub_311.aig

# Subcircuit 312
SUB_ID 312
LO (11):  12086 12097 12109 12134 12406 12531 12884 12885 13406 13537 13601
LI (27):  24 29 31 44 51 3110 3645 4739 12090 12092 12095 12096 12108 12125 12126 12397 12402 12526 12527 12882 13307 13321 13328 13330 13332 13351 13400
NODE_NUM = 48
FILE square_sub_312.aig

# Subcircuit 313
SUB_ID 313
LO (21):  12136 12137 12162 12164 12169 12173 12184 12188 12189 12362 12365 12560 12711 13131 13385 13433 17934 18002 18184 18237 18247
LI (40):  16 21 23 27 48 52 53 54 57 59 891 1153 1494 1573 1690 1718 6952 7188 7453 7664 9063 12135 12155 12160 12161 12183 12187 12356 12358 12705 12707 12709 13727 18000 18161 18164 18171 18174 18181 18185
NODE_NUM = 50
FILE square_sub_313.aig

# Subcircuit 314
SUB_ID 314
LO (19):  12187 12194 12196 12245 12280 12284 12325 12326 12434 12435 12474 14694 14697 14907 15083 15084 15134 15135 17670
LI (26):  15 18 26 57 61 889 2233 5667 9065 10491 11883 12095 12184 12188 12189 12226 12240 12242 12277 14691 14747 14762 14889 14895 15081 15131
NODE_NUM = 50
FILE square_sub_314.aig

# Subcircuit 315
SUB_ID 315
LO (15):  12277 12302 12303 12321 12526 12527 12725 12981 14824 16331 16333 16404 16585 16635 16670
LI (28):  12 32 33 42 43 44 55 64 891 893 9428 10049 12270 12273 12301 12313 12330 14818 14819 14822 16200 16372 16374 16376 16394 16397 16400 16632
NODE_NUM = 50
FILE square_sub_315.aig

# Subcircuit 316
SUB_ID 316
LO (13):  12313 12337 12338 12343 15501 15504 15595 15612 15613 15759 15797 15876 16012
LI (23):  27 49 2332 2776 3811 5020 5667 8578 12341 15421 15463 15466 15469 15471 15491 15500 15587 15598 15599 15606 15610 15873 15878
NODE_NUM = 50
FILE square_sub_316.aig

# Subcircuit 317
SUB_ID 317
LO (11):  12349 13580 13596 13815 13974 13991 14081 14545 14549 17303 17525
LI (24):  28 29 47 48 57 12343 12347 12610 13576 13579 13582 13593 13803 13804 13812 13970 13995 14538 14539 14540 14541 17302 17522 17523
NODE_NUM = 49
FILE square_sub_317.aig

# Subcircuit 318
SUB_ID 318
LO (20):  12356 12358 12368 12387 12389 12397 12402 12707 13905 14086 14112 14298 14318 14319 14491 14591 14786 17014 18140 18202
LI (29):  13 14 21 24 25 51 52 62 63 748 1492 1692 3530 3991 5345 6197 6565 7660 9737 12357 12367 14084 14085 14088 14106 14108 14125 14208 14315
NODE_NUM = 50
FILE square_sub_318.aig

# Subcircuit 319
SUB_ID 319
LO (16):  12407 12409 12494 12553 12557 12559 12802 17231 17371 17477 17657 17661 17721 17732 17859 18532
LI (37):  15 31 43 45 50 58 62 64 889 891 893 2622 4599 5714 8701 8909 9428 9431 10049 10443 12060 12258 12547 12551 12800 17179 17198 17224 17228 17523 17654 17678 17714 17728 17731 18527 18530
NODE_NUM = 50
FILE square_sub_319.aig

# Subcircuit 320
SUB_ID 320
LO (11):  12561 12583 12587 12633 12759 12763 12839 12879 13091 13129 13358
LI (29):  13 28 29 31 46 49 64 2028 2332 2335 5667 6251 7065 8578 12560 12580 12595 12598 12600 12602 12616 12629 12677 12753 12754 12755 12866 12869 13357
NODE_NUM = 50
FILE square_sub_320.aig

# Subcircuit 321
SUB_ID 321
LO (11):  12598 12610 12616 12629 12677 12681 12862 12866 12869 14937 14940
LI (24):  24 35 36 41 42 53 3828 4139 4615 8937 10886 12597 12622 12626 12670 12671 12856 12857 12858 12859 14923 14930 14932 14934
NODE_NUM = 46
FILE square_sub_321.aig

# Subcircuit 322
SUB_ID 322
LO (22):  12682 12683 12698 12699 12705 12730 12753 12754 12755 12765 12979 13520 13824 13826 13975 14611 14701 14702 15645 16435 16438 16941
LI (39):  22 31 32 43 47 49 54 1573 2115 2596 2622 3110 3147 4530 4645 5020 5667 6450 7188 7662 8578 9347 12452 12455 12560 12704 12751 13501 13504 13507 13508 13513 13820 13821 14574 14603 14605 16429 16431
NODE_NUM = 50
FILE square_sub_322.aig

# Subcircuit 323
SUB_ID 323
LO (15):  12767 12781 12784 12800 12807 12826 13112 13113 13295 13431 14924 14955 17812 17815 17921
LI (31):  18 19 25 28 50 53 59 60 998 1904 3353 5313 6952 8909 12765 12809 12815 12818 12820 12926 13110 13282 13288 14954 17802 17803 17806 17811 17915 17917 17919
NODE_NUM = 48
FILE square_sub_323.aig

# Subcircuit 324
SUB_ID 324
LO (15):  12818 12857 12908 15112 15131 15374 15529 15572 15573 15606 15614 15747 17714 17811 17927
LI (27):  15 26 33 45 63 2233 5262 6381 15108 15127 15134 15340 15341 15347 15364 15525 15526 15535 15565 15567 15575 17704 17705 17706 17711 17728 17812
NODE_NUM = 49
FILE square_sub_324.aig

# Subcircuit 325
SUB_ID 325
LO (15):  12936 12939 12976 12983 12995 13205 13428 13644 14163 14333 14342 14352 14620 15259 15260
LI (29):  22 32 53 56 1494 1718 2863 3828 5032 5313 5667 6450 7468 9228 12749 12750 12970 13198 13199 13200 13423 13424 13753 14161 14330 14331 14332 14341 14349
NODE_NUM = 48
FILE square_sub_325.aig

# Subcircuit 326
SUB_ID 326
LO (12):  13015 13030 13033 13246 13247 13282 13544 13649 13812 17190 17348 18592
LI (22):  20 40 52 59 63 1494 5084 6962 8248 13001 13011 13027 13137 13152 13532 13537 13541 13545 17164 17174 17179 17181
NODE_NUM = 47
FILE square_sub_326.aig

# Subcircuit 327
SUB_ID 327
LO (13):  13027 13031 13051 13288 13532 13871 13880 13904 14246 14253 14254 17728 17730
LI (26):  22 23 28 51 57 60 1490 1492 2335 5296 6255 7958 8439 12988 13042 13048 13167 13869 13870 13873 13879 13896 13901 13954 14250 17726
NODE_NUM = 47
FILE square_sub_327.aig

# Subcircuit 328
SUB_ID 328
LO (15):  13042 13048 13069 13082 13254 13255 13307 13423 13424 13429 13593 13632 15245 17985 17990
LI (31):  18 19 29 49 50 60 61 1102 2028 2332 5849 6381 9428 13047 13060 13061 13062 13066 13071 13083 13208 13246 13247 13252 13303 13304 13305 13407 13409 15243 17983
NODE_NUM = 49
FILE square_sub_328.aig

# Subcircuit 329
SUB_ID 329
LO (13):  13127 13137 13152 13158 13270 13400 13560 13605 13786 13787 15185 16436 16610
LI (27):  26 35 44 53 54 1547 1692 1904 7453 7662 10906 12848 12851 13130 13131 13145 13151 13154 13170 13380 13383 13384 13386 13393 13556 13557 13784
NODE_NUM = 49
FILE square_sub_329.aig

# Subcircuit 330
SUB_ID 330
LO (25):  13151 13161 13208 13216 13229 13308 13311 13314 13328 13332 13759 13761 14106 14108 14416 14505 14769 15137 15151 15279 15679 16749 16751 18089 18141
LI (36):  20 25 28 33 38 51 52 54 60 61 1153 1492 2335 3147 4090 4615 5409 5646 5714 6381 9063 9428 13149 13189 13193 13215 13325 13753 13755 14096 14097 14105 14504 16739 16740 16748
NODE_NUM = 50
FILE square_sub_330.aig

# Subcircuit 331
SUB_ID 331
LO (11):  13325 13330 13351 13618 13654 13784 15995 16109 16242 16445 16453
LI (24):  16 30 50 64 1098 2028 2332 6565 7732 9737 9888 13342 13348 13363 13376 15986 15989 16039 16099 16103 16110 16232 16236 16243
NODE_NUM = 50
FILE square_sub_331.aig

# Subcircuit 332
SUB_ID 332
LO (15):  13342 13348 13357 13363 13380 13383 13576 13803 13804 13888 15453 15760 15843 16202 16372
LI (32):  17 18 21 32 34 35 45 46 48 59 62 63 64 889 998 2863 6251 9785 9863 13358 13376 13378 13379 13440 13566 13568 13570 15447 15449 15451 16197 16200
NODE_NUM = 50
FILE square_sub_332.aig

# Subcircuit 333
SUB_ID 333
LO (18):  13376 13378 13384 13386 13393 13407 13409 13440 13444 13736 14048 14055 14058 14064 14069 14070 14071 14078
LI (36):  24 25 56 58 2115 2305 3147 4045 4201 5296 5555 5557 5714 7468 7660 7707 12700 13306 13374 13385 13392 13406 13432 13433 13435 13437 13440 13443 13725 13730 13967 14002 14043 14046 14054 14068
NODE_NUM = 49
FILE square_sub_333.aig

# Subcircuit 334
SUB_ID 334
LO (11):  13437 13447 13463 13472 13687 14023 14250 15739 15884 15893 17105
LI (28):  18 19 29 41 52 63 1904 4139 7664 13446 13461 13464 13466 13671 13678 13680 13683 14015 15677 15698 15700 15707 15710 15724 15725 15726 16870 17104
NODE_NUM = 50
FILE square_sub_334.aig

# Subcircuit 335
SUB_ID 335
LO (20):  13490 13493 13501 13504 13507 13708 13820 13821 15206 15717 15720 15764 15822 17523 17725 17915 17919 17978 17979 18072
LI (35):  20 21 22 30 49 51 59 60 61 1490 1492 1494 2622 3811 6251 6381 9065 9428 10049 13483 13485 13488 13492 13496 13497 13498 13500 13704 13705 15716 15719 17912 17970 17972 17976
NODE_NUM = 49
FILE square_sub_335.aig

# Subcircuit 336
SUB_ID 336
LO (19):  13513 13568 13579 13582 13607 13609 13669 13671 15627 15989 16317 16324 16543 16546 16710 16850 16851 17706 17711
LI (34):  24 35 37 44 47 57 61 3353 3828 4645 5714 5857 7707 13234 13512 13578 13606 13665 13666 15615 15623 15626 16316 16320 16322 16521 16522 16523 16524 16542 16604 16618 16848 17447
NODE_NUM = 49
FILE square_sub_336.aig

# Subcircuit 337
SUB_ID 337
LO (16):  13678 13680 13701 13703 13704 15447 15451 15667 15668 15719 15812 15948 15951 16103 17796 18585
LI (28):  20 31 32 51 60 62 63 1153 1573 2489 2863 3811 5849 6255 6381 9065 9737 13694 13698 13699 14421 15434 15441 15442 15552 15665 15864 15947
NODE_NUM = 50
FILE square_sub_337.aig

# Subcircuit 338
SUB_ID 338
LO (14):  13705 13725 13727 13730 16164 16236 16346 16504 16578 16638 16639 16650 16980 18473
LI (25):  27 55 58 1718 2307 8937 10049 11631 13723 13729 15203 16130 16134 16139 16143 16158 16160 16475 16476 16489 16490 16501 16505 16635 16979
NODE_NUM = 49
FILE square_sub_338.aig

# Subcircuit 339
SUB_ID 339
LO (19):  13729 13737 13741 13753 13755 13843 13847 13860 13864 13869 13901 13967 14077 17427 17430 18000 18005 18099 18132
LI (31):  20 26 29 38 42 44 53 56 1692 2332 7453 8248 13551 13636 13782 13786 13787 13788 13792 13793 13797 13835 13861 13863 13866 13868 13963 14064 17990 17999 18092
NODE_NUM = 49
FILE square_sub_339.aig

# Subcircuit 340
SUB_ID 340
LO (17):  13866 13868 13870 13873 13896 13908 14232 14263 14315 14349 14359 14361 14624 14628 16123 17165 17166
LI (26):  34 49 61 1494 1547 1919 4201 5409 6251 7958 9065 9431 10305 12597 13864 13888 13946 13984 14013 14253 14254 14310 14312 14318 14319 14352
NODE_NUM = 50
FILE square_sub_340.aig

# Subcircuit 341
SUB_ID 341
LO (17):  13910 13925 13928 13935 13939 13946 13948 14155 14158 14330 14612 15282 15284 16765 16767 17193 17197
LI (35):  30 36 44 47 54 55 56 1334 2335 3645 3828 5557 5714 6450 7453 9863 13226 13921 13922 13923 13940 13942 13945 14144 14146 14148 14321 14326 15272 15273 15281 16759 16764 17192 17196
NODE_NUM = 50
FILE square_sub_341.aig

# Subcircuit 342
SUB_ID 342
LO (14):  13942 13945 13979 14006 14009 15201 15205 15347 15397 15399 15413 15514 15523 16181
LI (31):  27 29 30 31 53 54 60 2489 2863 5020 5084 6565 9888 13941 14008 15144 15159 15186 15187 15188 15194 15198 15202 15203 15216 15378 15379 15380 15381 15387 16179
NODE_NUM = 50
FILE square_sub_342.aig

# Subcircuit 343
SUB_ID 343
LO (21):  14015 14074 14076 14084 14085 14088 14096 14097 14105 14119 14122 14186 14189 14310 14321 14323 14324 14448 14493 16134 17912
LI (42):  22 23 25 32 33 50 52 60 61 62 1494 1692 1919 2115 4045 4201 5849 6255 9065 9428 9737 10049 13857 13998 14009 14010 14013 14042 14058 14069 14070 14071 14078 14103 14104 14116 14178 14181 14185 16123 16130 16133
NODE_NUM = 49
FILE square_sub_343.aig

# Subcircuit 344
SUB_ID 344
LO (10):  14140 14144 14148 15785 15788 16055 16057 16090 16092 16291
LI (22):  27 38 40 44 55 57 2622 5084 5262 7453 14133 14138 15688 15767 15775 15781 15837 16022 16023 16048 16081 16086
NODE_NUM = 50
FILE square_sub_344.aig

# Subcircuit 345
SUB_ID 345
LO (17):  14161 14197 14203 14207 14215 14326 14331 14332 14368 14574 14576 14818 14822 14895 15069 15071 15338
LI (35):  24 26 28 30 38 48 56 57 58 2332 2863 3110 5947 7115 7453 7660 7664 14045 14048 14053 14055 14192 14202 14219 14323 14324 14567 14568 14570 14779 14805 14815 15059 15061 15065
NODE_NUM = 49
FILE square_sub_345.aig

# Subcircuit 346
SUB_ID 346
LO (13):  14341 14366 14374 14376 14669 14670 14686 14832 14872 14879 14889 15010 15047
LI (21):  22 5313 14222 14339 14340 14342 14365 14371 14387 14642 14645 14655 14656 14667 14668 14843 14844 14846 14847 14852 14856
NODE_NUM = 50
FILE square_sub_346.aig

# Subcircuit 347
SUB_ID 347
LO (18):  14383 14387 14389 14400 14404 14429 14430 14434 14435 14531 14589 14735 14847 15001 15030 15059 16278 16414
LI (35):  26 30 34 35 48 51 59 2924 3353 4201 4615 5557 5849 6255 6381 14380 14381 14382 14384 14386 14397 14424 14425 14426 14433 14440 14498 14512 14519 14520 14528 14731 14732 14997 14998
NODE_NUM = 50
FILE square_sub_347.aig

# Subcircuit 348
SUB_ID 348
LO (12):  14433 14436 14440 14450 16979 17902 17967 17968 18033 18040 18105 18113
LI (26):  37 46 64 1718 3530 3645 5219 5667 9863 14430 14434 14435 17882 17891 17892 17893 17895 17901 17905 17921 17951 17952 17963 18022 18025 18035
NODE_NUM = 49
FILE square_sub_348.aig

# Subcircuit 349
SUB_ID 349
LO (14):  14498 14502 14504 16410 16413 17802 17806 17888 18022 18025 18063 18637 18650 18658
LI (30):  22 23 26 34 49 60 63 64 1367 1573 6251 9152 9785 9863 14491 14493 14498 14501 15977 16406 17795 17796 17884 17885 18021 18062 18633 18634 18641 18646
NODE_NUM = 50
FILE square_sub_349.aig

# Subcircuit 350
SUB_ID 350
LO (24):  14519 14520 14528 14538 14539 14540 14541 14553 14558 14567 14570 14603 14605 15938 16294 16464 16465 16475 16486 16632 17116 17118 17221 17928
LI (39):  31 33 39 53 55 57 2335 3811 3828 4090 4139 4645 4735 4739 5714 5849 6255 7453 8503 8578 9228 10307 13980 14526 14527 14536 14537 14557 14569 15936 16273 16276 16278 16291 16328 16462 16477 16482 17114
NODE_NUM = 49
FILE square_sub_350.aig

# Subcircuit 351
SUB_ID 351
LO (15):  14642 14645 14655 14656 14667 14668 14682 14691 14747 14765 14768 14878 15057 15240 15408
LI (27):  36 51 2464 2633 9428 10049 14283 14306 14486 14640 14641 14652 14653 14664 14677 14678 14679 14740 14741 14764 14873 14874 15049 15050 15235 15236 15237
NODE_NUM = 50
FILE square_sub_351.aig

# Subcircuit 352
SUB_ID 352
LO (13):  14762 14764 14770 14785 14794 14881 15025 15198 15936 17643 17646 18326 18374
LI (36):  24 25 33 34 35 44 52 53 54 63 3147 4045 4090 4201 5020 6952 7188 7453 7707 14755 14761 14765 14768 14775 14776 14777 14779 14786 14791 14793 15016 15018 15021 17626 17628 17642
NODE_NUM = 48
FILE square_sub_352.aig

# Subcircuit 353
SUB_ID 353
LO (17):  14801 14805 14815 14873 14874 14916 14923 14925 15099 15100 15381 15421 15425 15432 15434 17059 17061
LI (35):  24 37 42 48 49 50 54 64 2622 2924 3442 3530 3645 4615 6251 6253 6255 7188 7468 9228 14685 14798 14872 14914 14915 14918 15091 15093 15094 15416 15426 15428 17051 17053 17058
NODE_NUM = 50
FILE square_sub_353.aig

# Subcircuit 354
SUB_ID 354
LO (9):  14930 14954 14959 14997 14998 15061 15065 15091 15315
LI (31):  27 29 34 54 59 2233 2776 3442 4530 4737 5313 5714 6923 9428 10049 11721 12410 14333 14928 14937 14940 14962 14963 14966 14970 14976 14989 14991 14995 15087 15088
NODE_NUM = 50
FILE square_sub_354.aig

# Subcircuit 355
SUB_ID 355
LO (17):  14985 14989 14991 15016 15018 15049 15050 15079 15093 15094 15108 15125 15127 15234 15241 15242 17893
LI (35):  26 31 32 41 45 48 57 62 1904 4139 5667 9737 14840 14934 14961 14982 14986 14987 15005 15006 15007 15008 15012 15013 15015 15034 15036 15047 15069 15071 15107 15117 15119 15121 15232
NODE_NUM = 49
FILE square_sub_355.aig

# Subcircuit 356
SUB_ID 356
LO (14):  15117 15119 15144 15154 15159 15184 15380 15387 16977 17982 18481 18491 18533 18536
LI (32):  25 27 34 51 55 62 64 2233 2305 2596 5084 6163 6255 7468 9431 9863 11631 15135 15137 15142 15144 15147 15152 15161 15177 15219 18472 18473 18480 18486 18487 18532
NODE_NUM = 50
FILE square_sub_356.aig

# Subcircuit 357
SUB_ID 357
LO (21):  15152 15161 15175 15177 15186 15187 15188 15194 15202 15243 15248 15261 15267 15449 15561 15695 16158 16160 17127 17334 17401
LI (43):  28 32 33 35 38 42 47 56 58 60 62 2233 3110 3828 5313 5426 5557 5849 6952 9063 9737 14569 15151 15154 15156 15157 15159 15160 15167 15171 15185 15258 15259 15260 15262 15263 15266 15296 15554 16153 16154 17126 17400
NODE_NUM = 49
FILE square_sub_357.aig

# Subcircuit 358
SUB_ID 358
LO (20):  15272 15273 15281 15296 15300 15303 15304 15340 15341 15364 15491 15519 15724 15725 15726 16316 17203 17542 17546 17999
LI (35):  30 34 35 40 50 55 56 60 2489 3645 4201 4739 5032 5084 6381 6952 7188 7664 7958 15279 15280 15289 15294 15301 15302 15337 15338 15359 15360 15482 15487 15723 17538 17539 17998
NODE_NUM = 50
FILE square_sub_358.aig

# Subcircuit 359
SUB_ID 359
LO (19):  15359 15360 15379 15416 15426 15442 15466 17838 17884 17885 17951 17952 17976 18153 18161 18164 18230 18232 18564
LI (31):  28 34 46 50 51 57 58 63 2489 4615 6952 9063 9228 15083 15104 15125 15213 15415 15463 15465 17014 17819 17822 17826 17831 17939 17942 17943 17949 18152 18157
NODE_NUM = 50
FILE square_sub_359.aig

# Subcircuit 360
SUB_ID 360
LO (20):  15463 15465 15469 15482 15487 15552 15554 15565 15567 15623 15626 15700 16597 16884 16886 16888 18092 18126 18127 18472
LI (31):  27 28 29 30 36 50 56 61 62 64 2335 4139 4201 5714 6381 8248 9431 15460 15467 15468 15537 15543 15544 15564 15621 16694 16881 18058 18080 18081 18089
NODE_NUM = 50
FILE square_sub_360.aig

# Subcircuit 361
SUB_ID 361
LO (15):  15621 15634 15637 15644 15688 15698 15775 15873 16014 16022 16252 16688 16933 17538 17735
LI (31):  37 55 2924 3353 3530 3645 4090 4139 4615 5262 5667 6565 7453 7662 7734 9228 9888 10906 11721 15496 15499 15631 15679 15687 15690 15695 15707 15773 15822 15826 15870
NODE_NUM = 50
FILE square_sub_361.aig

# Subcircuit 362
SUB_ID 362
LO (20):  15687 15707 15710 15716 15723 15767 15770 15773 15781 16130 16133 16298 16740 16870 16874 16894 16895 16896 17027 18633
LI (37):  28 31 32 39 54 61 64 2028 2332 2335 2489 2596 2863 3147 5426 9065 9428 9737 9785 9863 10049 10906 15685 15686 15705 15717 15720 15764 15765 15780 16125 16126 16868 16869 16886 16888 16893
NODE_NUM = 49
FILE square_sub_362.aig

# Subcircuit 363
SUB_ID 363
LO (23):  15801 15833 15835 15841 15864 15870 15921 15947 15961 15969 15973 15978 16018 16030 16039 16099 16232 16429 16877 17051 17114 17297 17413
LI (41):  29 30 35 40 47 54 59 4615 4645 4739 5219 5262 5409 5557 6253 6255 6565 6952 7664 11721 15757 15834 15838 15839 15854 15857 15858 15862 15918 15938 15942 15943 15956 15966 15967 15977 16036 16095 16096 17113 17296
NODE_NUM = 50
FILE square_sub_363.aig

# Subcircuit 364
SUB_ID 364
LO (21):  16036 16048 16073 16081 16095 16096 16119 16125 16126 16139 16143 16153 16154 16330 16362 18194 18210 18258 18260 18261 18272
LI (37):  33 37 53 54 58 61 3147 5409 7453 9394 9431 11631 15203 15757 15805 15851 15916 15917 15965 15979 16033 16035 16039 16044 16090 16092 16112 16116 16136 16137 16151 16152 16220 18148 18201 18202 18205
NODE_NUM = 47
FILE square_sub_364.aig

# Subcircuit 365
SUB_ID 365
LO (21):  16166 16167 16168 16169 16179 16197 16200 16228 16254 16270 16273 16276 16295 16618 16620 16984 17451 17455 18019 18021 18081
LI (37):  32 39 41 46 55 56 59 62 2924 4530 5313 5667 6113 6450 6923 7453 7664 8206 8281 8594 8909 9682 9888 10906 16078 16194 16225 16253 16260 16263 16264 16268 16609 16611 16617 17445 17448
NODE_NUM = 50
FILE square_sub_365.aig

# Subcircuit 366
SUB_ID 366
LO (26):  16305 16312 16367 16374 16383 16386 16397 16400 16406 16415 16477 16482 16509 16521 16522 16523 16524 16535 16536 16549 16555 16814 16816 16989 17101 17680
LI (53):  36 37 40 41 47 49 50 51 53 58 60 61 3645 3803 3828 4045 4615 5084 5426 5696 6253 8439 9428 9863 11721 13871 16078 16223 16224 16248 16256 16303 16304 16360 16390 16391 16392 16394 16405 16519 16520 16533 16548 16807 16808 16809 16983 16984 16987 17100 17674 17675 17678
NODE_NUM = 48
FILE square_sub_366.aig

# Subcircuit 367
SUB_ID 367
LO (22):  16604 16607 16611 16617 16662 16690 16694 16696 16728 16729 16731 16732 16739 16748 16759 16764 17104 18359 18363 18364 18365 18409
LI (43):  34 37 39 41 42 45 54 57 58 60 62 64 2924 3353 4201 4739 5084 8594 9065 9175 9737 9785 9863 10906 16602 16610 16616 16687 16688 16691 16692 16695 16726 16727 16747 16758 18325 18326 18334 18337 18349 18355 18362
NODE_NUM = 47
FILE square_sub_367.aig

# Subcircuit 368
SUB_ID 368
LO (21):  16772 16793 16798 16807 16808 16823 16826 16868 16869 16918 17045 17128 17533 17606 17607 17826 17939 17942 17970 17972 18524
LI (34):  47 59 3645 4139 5313 5667 6251 6565 6952 8248 9065 9737 11588 14418 16588 16590 16660 16661 16787 16824 16866 16867 16911 16912 16913 17525 17530 17546 17824 17927 17928 17929 17935 17969
NODE_NUM = 50
FILE square_sub_368.aig

# Subcircuit 369
SUB_ID 369
LO (16):  16881 16934 16951 16952 16968 16983 16987 17003 17030 17096 17139 17164 17243 17247 17250 17253
LI (31):  37 38 64 5020 5219 6381 8248 10906 16841 16843 16877 16878 16879 16884 16949 16950 16957 16977 16980 17013 17014 17019 17027 17072 17073 17082 17083 17084 17240 17241 17248
NODE_NUM = 50
FILE square_sub_369.aig

# Subcircuit 370
SUB_ID 370
LO (26):  17019 17053 17058 17113 17126 17160 17161 17174 17179 17181 17196 17198 17202 17204 17212 17224 17228 17248 17287 17340 17448 18171 18174 18235 18270 18271
LI (50):  39 41 42 43 51 53 59 60 62 63 64 5262 6251 6565 7453 7734 8248 9065 9888 10443 13871 15167 16809 17018 17059 17141 17143 17152 17153 17154 17156 17159 17165 17166 17169 17193 17194 17195 17197 17210 17211 17221 17222 17227 17447 18165 18166 18230 18232 18267
NODE_NUM = 50
FILE square_sub_370.aig

# Subcircuit 371
SUB_ID 371
LO (18):  17296 17317 17320 17327 17329 17355 17359 17382 17420 17422 17441 17593 17604 17615 17704 18048 18148 18152
LI (33):  49 55 56 64 4090 5313 5557 5849 6255 6381 7453 7662 8248 9431 9863 10906 17283 17314 17352 17353 17354 17381 17414 17419 17438 17443 17574 17575 17582 17587 18142 18143 18144
NODE_NUM = 49
FILE square_sub_371.aig

# Subcircuit 372
SUB_ID 372
LO (21):  17381 17396 17397 17398 17414 17419 17433 17445 17457 17481 17497 17510 17511 17522 17530 17539 17543 17582 17664 17983 17998
LI (41):  43 44 62 4739 5667 5714 5849 6952 7188 7660 8439 8909 9065 9682 9798 12135 16924 17282 17307 17323 17355 17359 17360 17361 17379 17382 17392 17413 17418 17427 17430 17451 17453 17455 17456 17509 17529 17542 17576 17579 17982
NODE_NUM = 49
FILE square_sub_372.aig

# Subcircuit 373
SUB_ID 373
LO (18):  17561 17562 17574 17575 17576 17579 17626 17628 17640 17642 17650 17654 17668 17780 17858 17875 17949 18587
LI (37):  50 57 63 4530 5313 6251 6381 7453 7468 8439 9228 9785 9863 9888 11631 14371 15167 16610 17455 17466 17468 17554 17555 17559 17572 17577 17630 17637 17638 17643 17646 17761 17772 17773 17852 17854 17874
NODE_NUM = 49
FILE square_sub_373.aig

# Subcircuit 374
SUB_ID 374
LO (19):  17674 17678 17705 17726 17731 17736 17741 17795 17819 17822 17824 17831 17844 17895 17905 18166 18453 18456 18484
LI (38):  47 48 54 55 60 61 62 63 64 5557 5667 5714 6253 6950 7468 7662 8216 8578 9063 9431 9737 9785 10906 11721 12357 15460 17668 17670 17725 17730 17735 17740 17794 17830 17845 18378 18450 18451
NODE_NUM = 48
FILE square_sub_374.aig

# Subcircuit 375
SUB_ID 375
LO (18):  17929 17935 17986 18080 18122 18123 18142 18143 18144 18157 18165 18527 18530 18569 18572 18613 18624 18628
LI (31):  57 59 62 64 6565 7188 7660 7662 8439 9428 9431 11631 11721 16679 16953 17934 17985 18112 18113 18118 18140 18141 18153 18525 18551 18556 18566 18568 18596 18604 18609
NODE_NUM = 50
FILE square_sub_375.aig

# Subcircuit 376
SUB_ID 376
LO (12):  18198 18205 18211 18314 18355 18362 18371 18384 18421 18469 18513 18546
LI (22):  50 6952 7664 8439 9431 18199 18257 18276 18277 18288 18298 18308 18363 18364 18365 18416 18417 18461 18462 18508 18509 18510
NODE_NUM = 50
FILE square_sub_376.aig

# Subcircuit 377
SUB_ID 377
LO (12):  18212 18225 18267 18276 18280 18281 18325 18416 18417 18461 18462 18471
LI (30):  51 54 60 62 7662 7664 9065 11721 18050 18210 18216 18220 18221 18258 18260 18261 18270 18271 18272 18316 18317 18321 18359 18394 18397 18411 18412 18415 18423 18456
NODE_NUM = 50
FILE square_sub_377.aig

# Subcircuit 378
SUB_ID 378
LO (14):  18282 18288 18298 18316 18317 18334 18337 18349 18388 18391 18411 18412 18423 18437
LI (37):  52 55 58 61 62 63 64 6952 7188 7453 7468 7664 8248 9065 9228 9428 9737 9785 9863 10049 14086 14418 18279 18280 18281 18283 18284 18287 18296 18332 18342 18346 18385 18402 18403 18405 18409
NODE_NUM = 49
FILE square_sub_378.aig

# Subcircuit 379
SUB_ID 379
LO (16):  18346 18378 18385 18394 18397 18450 18451 18480 18486 18487 18492 18525 18551 18596 18618 18620
LI (35):  56 58 59 62 64 7468 7958 8439 8909 9063 9228 9431 9863 10049 11721 13312 13871 17794 18153 18213 18374 18384 18388 18389 18391 18393 18437 18444 18453 18479 18484 18524 18585 18587 18593
NODE_NUM = 49
FILE square_sub_379.aig

# Subcircuit 380
SUB_ID 380
LO (11):  18566 18568 18593 18631 18634 18641 18646 18661 18670 18676 18678
LI (23):  58 61 64 8909 9152 9428 9431 9785 11631 16296 18564 18592 18614 18618 18620 18624 18628 18637 18651 18658 18664 18665 18671
NODE_NUM = 47
FILE square_sub_380.aig

