# Subcircuit 0
SUB_ID 0
LO (18):  260 324 326 327 347 358 361 363 364 365 429 431 432 447 448 450 1016 28928
LI (23):  63 64 65 66 67 259 260 276 320 324 326 334 337 346 347 351 356 358 382 385 387 396 428
NODE_NUM = 49
FILE div_sub_0.aig

# Subcircuit 1
SUB_ID 1
LO (15):  259 334 351 866 887 888 895 896 897 900 951 964 981 990 28924
LI (19):  67 68 267 333 344 350 436 796 813 822 831 840 863 865 871 876 881 886 893
NODE_NUM = 47
FILE div_sub_1.aig

# Subcircuit 2
SUB_ID 2
LO (20):  264 268 276 333 350 437 446 451 458 467 480 481 483 488 490 506 507 509 522 1145
LI (27):  62 67 68 73 74 263 267 274 275 327 342 344 361 363 364 365 367 411 431 433 436 441 450 460 465 476 485
NODE_NUM = 50
FILE div_sub_2.aig

# Subcircuit 3
SUB_ID 3
LO (12):  263 1236 1238 1244 1270 1271 1309 1318 1327 1336 1345 1352
LI (20):  66 75 76 274 344 436 1099 1142 1190 1199 1208 1217 1225 1232 1243 1249 1254 1259 1264 1269
NODE_NUM = 46
FILE div_sub_3.aig

# Subcircuit 4
SUB_ID 4
LO (19):  267 387 433 485 494 570 571 572 583 603 606 610 614 617 624 688 691 695 28922
LI (25):  68 69 70 266 333 344 366 382 385 396 432 436 484 498 508 521 532 534 555 557 559 566 574 582 600
NODE_NUM = 50
FILE div_sub_4.aig

# Subcircuit 5
SUB_ID 5
LO (11):  266 655 663 701 703 713 721 729 738 746 1456
LI (19):  60 66 71 72 264 275 318 513 583 612 626 649 650 662 668 674 678 681 697
NODE_NUM = 47
FILE div_sub_5.aig

# Subcircuit 6
SUB_ID 6
LO (24):  271 275 342 344 346 436 484 543 555 557 626 668 678 705 707 708 709 714 717 732 2367 2484 2709 4475
LI (25):  59 65 67 68 81 82 268 270 274 309 310 338 341 343 497 508 542 553 617 620 624 703 704 713 716
NODE_NUM = 47
FILE div_sub_6.aig

# Subcircuit 7
SUB_ID 7
LO (12):  270 274 1361 1369 1401 1402 1508 1517 1526 1535 1544 1552
LI (23):  54 66 77 78 83 84 273 344 436 1291 1322 1331 1340 1349 1357 1358 1368 1374 1380 1385 1390 1395 1400
NODE_NUM = 49
FILE div_sub_7.aig

# Subcircuit 8
SUB_ID 8
LO (11):  273 1738 1745 1767 1768 1816 1895 1904 1913 1921 1935
LI (17):  52 66 79 80 271 318 513 1624 1716 1725 1733 1734 1744 1750 1756 1761 1766
NODE_NUM = 47
FILE div_sub_8.aig

# Subcircuit 9
SUB_ID 9
LO (20):  280 288 320 337 338 497 508 513 514 518 521 532 534 542 550 553 566 581 582 607
LI (35):  61 67 68 69 125 126 279 283 287 303 319 336 458 480 481 483 490 496 499 501 503 506 507 508 509 510 511 512 522 523 527 541 549 564 606
NODE_NUM = 48
FILE div_sub_9.aig

# Subcircuit 10
SUB_ID 10
LO (31):  279 410 411 412 428 475 476 495 496 564 595 599 600 620 635 637 643 644 645 14580 24711 27237 27239 27243 27244 27252 27253 28037 28042 28095 28113
LI (34):  122 123 127 128 401 405 407 409 427 446 473 474 494 563 571 572 583 593 597 598 618 628 630 632 641 642 27177 27221 27232 27234 27238 27241 27248 27250
NODE_NUM = 49
FILE div_sub_10.aig

# Subcircuit 11
SUB_ID 11
LO (27):  283 287 401 405 465 541 18589 18592 18594 18595 18597 18598 18603 20779 20782 20784 20785 20787 20788 20798 20799 20807 20808 21528 21533 22303 23895
LI (32):  118 119 121 122 280 282 285 286 302 400 403 404 411 426 464 540 18306 18574 18585 18587 18593 18596 20552 20764 20775 20777 20783 20786 20791 20796 20803 20805
NODE_NUM = 49
FILE div_sub_11.aig

# Subcircuit 12
SUB_ID 12
LO (11):  282 24307 24309 24346 25085 25094 25103 25112 25121 25130 25138
LI (19):  66 123 124 280 23611 23894 24265 24274 24283 24292 24300 24305 24314 24320 24325 24330 24335 24340 24345
NODE_NUM = 50
FILE div_sub_12.aig

# Subcircuit 13
SUB_ID 13
LO (13):  286 336 356 17414 17420 17452 17453 18080 18089 18098 18107 18116 18124
LI (23):  16 66 117 118 285 298 337 340 355 17194 17375 17384 17393 17402 17410 17412 17419 17425 17431 17436 17441 17446 17451
NODE_NUM = 50
FILE div_sub_13.aig

# Subcircuit 14
SUB_ID 14
LO (19):  285 291 303 319 340 341 540 3131 3140 3146 3167 3262 3271 3280 3289 3296 5925 11619 12765
LI (25):  46 66 105 106 119 120 290 294 301 302 317 318 338 339 2961 3109 3118 3126 3129 3139 3145 3151 3156 3161 3166
NODE_NUM = 50
FILE div_sub_14.aig

# Subcircuit 15
SUB_ID 15
LO (11):  290 12242 12249 12281 12282 13087 13096 13105 13114 13123 13131
LI (20):  24 66 107 108 301 338 12183 12203 12212 12221 12230 12238 12239 12248 12254 12260 12265 12270 12275 12280
NODE_NUM = 47
FILE div_sub_15.aig

# Subcircuit 16
SUB_ID 16
LO (32):  294 339 355 418 427 464 474 588 589 593 632 642 788 789 790 793 4812 6323 8074 8519 8520 8521 8527 8528 8535 8536 8544 8545 8994 8999 9003 9487
LI (32):  98 99 101 102 293 312 313 338 340 343 377 381 382 415 417 426 587 592 596 598 599 709 784 786 792 8063 8073 8082 8516 8525 8533 8541
NODE_NUM = 49
FILE div_sub_16.aig

# Subcircuit 17
SUB_ID 17
LO (12):  293 10009 10016 10361 10362 10530 10536 10550 10571 10584 10889 13962
LI (17):  28 66 103 104 288 291 302 10004 10005 10015 10322 10331 10339 10344 10350 10355 10360
NODE_NUM = 48
FILE div_sub_17.aig

# Subcircuit 18
SUB_ID 18
LO (13):  298 302 11978 11980 11986 12012 12013 12190 12199 12208 12217 12226 12233
LI (20):  66 113 114 288 297 301 11618 11934 11943 11952 11961 11969 11975 11976 11985 11991 11996 12001 12006 12011
NODE_NUM = 46
FILE div_sub_18.aig

# Subcircuit 19
SUB_ID 19
LO (32):  297 379 380 381 382 563 587 592 628 641 661 662 1230 1232 1294 1295 1296 1302 1303 5544 17412 17886 17889 17891 17895 17896 17904 17905 18269 18274 18579 18791
LI (33):  55 92 93 115 116 286 337 370 374 377 378 428 562 583 590 591 640 659 1142 1154 1228 1291 1292 1300 17411 17578 17874 17882 17884 17890 17893 17900 17902
NODE_NUM = 50
FILE div_sub_19.aig

# Subcircuit 20
SUB_ID 20
LO (11):  301 13448 13455 13487 13488 14030 14039 14048 14057 14066 14074
LI (20):  22 66 109 110 300 338 13353 13410 13419 13428 13437 13445 13446 13454 13460 13466 13471 13476 13481 13486
NODE_NUM = 47
FILE div_sub_20.aig

# Subcircuit 21
SUB_ID 21
LO (24):  300 373 374 460 591 786 853 855 861 863 901 908 1626 2962 14844 15212 15213 15221 15222 15230 15231 15462 15467 15883
LI (26):  66 82 83 111 112 288 298 370 372 392 396 447 589 599 784 785 848 850 860 866 900 14589 14852 15210 15218 15227
NODE_NUM = 49
FILE div_sub_21.aig

# Subcircuit 22
SUB_ID 22
LO (17):  306 310 318 343 512 846 848 924 926 974 993 994 1059 1068 1077 1085 5170
LI (24):  58 66 89 90 276 305 309 316 317 513 784 844 893 905 913 920 922 931 937 942 953 956 966 969
NODE_NUM = 49
FILE div_sub_22.aig

# Subcircuit 23
SUB_ID 23
LO (12):  305 5033 5041 5047 5073 5277 5286 5295 5304 5313 5320 5336
LI (20):  40 66 91 92 316 338 341 4811 5002 5011 5020 5028 5029 5040 5046 5052 5057 5062 5067 5072
NODE_NUM = 50
FILE div_sub_23.aig

# Subcircuit 24
SUB_ID 24
LO (12):  309 3129 3312 3314 3346 3347 3658 3667 3676 3685 3694 3702
LI (22):  66 85 86 308 338 341 343 3127 3145 3238 3266 3275 3284 3293 3301 3308 3319 3325 3330 3335 3340 3345
NODE_NUM = 50
FILE div_sub_24.aig

# Subcircuit 25
SUB_ID 25
LO (20):  308 370 3138 3139 3306 3308 3819 3823 3824 3825 3831 3832 3839 3840 3848 3849 3850 4132 4137 4465
LI (27):  45 86 87 88 288 303 306 317 369 381 412 427 2961 3134 3238 3302 3534 3544 3553 3554 3562 3813 3816 3819 3829 3837 3845
NODE_NUM = 49
FILE div_sub_25.aig

# Subcircuit 26
SUB_ID 26
LO (13):  313 317 4024 4026 4032 4058 4059 4203 4212 4221 4230 4239 4246
LI (21):  66 97 98 288 303 312 316 3819 3976 3985 3994 4003 4011 4019 4021 4031 4037 4042 4047 4052 4057
NODE_NUM = 47
FILE div_sub_26.aig

# Subcircuit 27
SUB_ID 27
LO (12):  312 8826 8828 8834 8860 8861 9244 9253 9262 9271 9280 9287
LI (20):  66 99 100 294 338 340 8353 8516 8780 8789 8798 8807 8815 8822 8833 8839 8844 8849 8854 8859
NODE_NUM = 46
FILE div_sub_27.aig

# Subcircuit 28
SUB_ID 28
LO (12):  316 6177 6179 6185 6211 6212 6474 6483 6492 6501 6510 6517
LI (20):  66 93 94 315 338 341 5791 5924 6133 6142 6151 6160 6168 6174 6184 6190 6195 6200 6205 6210
NODE_NUM = 46
FILE div_sub_28.aig

# Subcircuit 29
SUB_ID 29
LO (11):  315 6527 6534 6566 6739 6953 6962 6971 6980 6989 6997
LI (20):  36 66 95 96 288 303 313 6322 6496 6505 6514 6522 6523 6533 6539 6545 6550 6555 6560 6565
NODE_NUM = 50
FILE div_sub_29.aig

# Subcircuit 30
SUB_ID 30
LO (15):  366 367 441 473 28970 28975 28976 28977 28980 28983 28985 28987 28988 28997 29001
LI (16):  62 65 66 67 68 448 450 467 488 495 499 501 28942 28944 28950 28968
NODE_NUM = 48
FILE div_sub_30.aig

# Subcircuit 31
SUB_ID 31
LO (17):  369 4017 4019 4087 4098 4143 4144 4148 4152 4153 4161 4162 4326 4331 4340 4353 4569
LI (21):  43 77 78 88 89 380 588 595 598 3819 3832 3921 3930 4012 4084 4086 4092 4097 4139 4149 4158
NODE_NUM = 50
FILE div_sub_31.aig

# Subcircuit 32
SUB_ID 32
LO (13):  372 377 3134 5330 5338 5370 5371 5733 5742 5751 5760 5769 5777
LI (24):  39 66 84 85 94 95 376 412 427 2873 5169 5290 5299 5308 5317 5325 5327 5337 5343 5349 5354 5359 5364 5369
NODE_NUM = 50
FILE div_sub_32.aig

# Subcircuit 33
SUB_ID 33
LO (20):  376 7159 7162 7163 7164 7170 7171 7178 7179 7182 7183 7187 7188 7196 7197 7589 7594 7599 8030 8046
LI (21):  94 95 96 97 418 595 598 6748 6758 6767 6776 6777 7148 7151 7153 7156 7159 7168 7176 7184 7193
NODE_NUM = 50
FILE div_sub_33.aig

# Subcircuit 34
SUB_ID 34
LO (28):  378 385 392 396 559 562 574 590 630 640 659 785 850 1228 1292 1368 1743 1744 29024 29026 29027 29034 29048 29735 29736 29738 29739 29741
LI (31):  66 70 71 72 73 78 79 90 91 382 391 394 395 396 407 428 558 560 756 1227 1291 1364 1566 1624 29006 29008 29015 29017 29021 29650 29733
NODE_NUM = 50
FILE div_sub_34.aig

# Subcircuit 35
SUB_ID 35
LO (11):  391 1929 1937 1969 2018 2105 2114 2123 2132 2141 2149
LI (20):  51 66 80 81 373 589 599 1813 1898 1907 1916 1924 1925 1936 1942 1948 1953 1958 1963 1968
NODE_NUM = 50
FILE div_sub_35.aig

# Subcircuit 36
SUB_ID 36
LO (10):  395 920 29338 29369 29414 29423 29432 29441 29450 29458
LI (22):  57 66 74 75 394 589 591 599 893 914 931 29280 29308 29317 29326 29334 29337 29348 29353 29358 29363 29368
NODE_NUM = 50
FILE div_sub_36.aig

# Subcircuit 37
SUB_ID 37
LO (19):  394 400 1227 1364 21453 21464 21465 21537 21538 21542 21546 21547 21555 21556 22080 22085 22094 22107 22331
LI (21):  76 77 103 104 120 121 407 410 1226 1243 20788 20925 20934 20943 21450 21452 21458 21463 21535 21543 21552
NODE_NUM = 45
FILE div_sub_37.aig

# Subcircuit 38
SUB_ID 38
LO (13):  404 597 598 4263 4265 4297 4298 4635 4644 4653 4662 4671 4679
LI (21):  66 114 115 403 422 595 596 4139 4216 4225 4234 4243 4251 4258 4261 4270 4276 4281 4286 4291 4296
NODE_NUM = 48
FILE div_sub_38.aig

# Subcircuit 39
SUB_ID 39
LO (12):  403 407 21887 21889 21921 21922 22631 22640 22649 22658 22667 22675
LI (20):  66 116 117 126 127 128 21535 21844 21853 21862 21871 21879 21884 21886 21894 21900 21905 21910 21915 21920
NODE_NUM = 46
FILE div_sub_39.aig

# Subcircuit 40
SUB_ID 40
LO (11):  409 24305 52426 52457 52458 53191 53200 53209 53218 53227 53235
LI (20):  7 66 124 125 407 23894 24301 24314 51918 52387 52396 52405 52414 52422 52425 52436 52441 52446 52451 52456
NODE_NUM = 48
FILE div_sub_40.aig

# Subcircuit 41
SUB_ID 41
LO (15):  415 596 8820 8822 9302 9304 9331 9332 9777 9786 9795 9804 9812 11070 12184
LI (22):  31 66 102 103 412 414 425 426 8516 8817 9001 9266 9275 9284 9292 9298 9299 9309 9315 9320 9325 9330
NODE_NUM = 49
FILE div_sub_41.aig

# Subcircuit 42
SUB_ID 42
LO (11):  414 10544 10552 10595 10903 10904 11375 11384 11394 11403 11411
LI (21):  27 66 104 105 425 595 597 10527 10539 10540 10551 10557 10563 10574 10577 10587 10590 10883 10892 10897 10902
NODE_NUM = 48
FILE div_sub_42.aig

# Subcircuit 43
SUB_ID 43
LO (22):  417 422 426 8817 9299 10014 10015 13191 13202 13203 13355 13356 13360 13364 13365 13373 13374 13506 13511 13520 13533 13982
LI (25):  75 76 100 101 110 111 412 421 424 425 8816 8833 10004 10012 12774 13055 13064 13073 13188 13190 13196 13201 13353 13361 13370
NODE_NUM = 50
FILE div_sub_43.aig

# Subcircuit 44
SUB_ID 44
LO (12):  421 15369 15376 15408 15409 15863 15994 16003 16012 16021 16030 16038
LI (20):  19 66 112 113 404 595 15210 15330 15339 15348 15357 15365 15366 15375 15381 15387 15392 15397 15402 15407
NODE_NUM = 49
FILE div_sub_44.aig

# Subcircuit 45
SUB_ID 45
LO (13):  425 11975 12247 12248 40078 40083 40104 40105 40592 40601 40610 40619 40626
LI (21):  25 66 106 107 424 595 597 11618 11970 11985 12183 39724 40048 40057 40066 40074 40077 40088 40093 40098 40103
NODE_NUM = 47
FILE div_sub_45.aig

# Subcircuit 46
SUB_ID 46
LO (11):  424 13454 41811 41842 41843 42366 42375 42384 42393 42402 42410
LI (20):  66 108 109 412 422 13145 13353 13460 41438 41772 41781 41790 41799 41807 41809 41821 41826 41831 41836 41841
NODE_NUM = 47
FILE div_sub_46.aig

# Subcircuit 47
SUB_ID 47
LO (19):  498 499 501 549 558 560 612 650 681 784 795 796 803 804 805 811 812 842 891
LI (23):  60 61 65 66 69 70 72 276 603 607 611 703 704 718 722 734 773 782 788 789 790 794 797
NODE_NUM = 47
FILE div_sub_47.aig

# Subcircuit 48
SUB_ID 48
LO (13):  611 618 649 674 773 822 831 876 881 965 966 969 984
LI (23):  67 68 69 70 566 583 607 610 614 637 645 703 704 739 751 763 772 784 788 789 814 896 964
NODE_NUM = 50
FILE div_sub_48.aig

# Subcircuit 49
SUB_ID 49
LO (18):  697 704 716 751 763 782 840 871 953 956 1021 1025 1032 1035 1055 1062 1118 1125
LI (28):  67 68 69 70 71 581 600 663 688 691 695 703 714 718 747 757 758 784 788 789 896 951 974 1019 1020 1024 1031 1034
NODE_NUM = 50
FILE div_sub_49.aig

# Subcircuit 50
SUB_ID 50
LO (20):  718 722 734 739 747 756 757 758 772 792 794 797 814 29159 29180 29181 29192 29209 29218 29227
LI (28):  58 65 66 69 71 705 707 708 709 717 721 729 732 738 746 754 789 793 29125 29133 29142 29150 29158 29160 29164 29169 29174 29179
NODE_NUM = 48
FILE div_sub_50.aig

# Subcircuit 51
SUB_ID 51
LO (13):  813 886 997 1019 1020 1024 1031 1034 1044 1045 1052 1128 1135
LI (18):  71 72 73 812 885 887 891 895 896 965 981 991 996 998 1005 1008 1016 1021
NODE_NUM = 50
FILE div_sub_51.aig

# Subcircuit 52
SUB_ID 52
LO (11):  844 860 922 29248 29280 29286 29295 29304 29313 29322 29380
LI (19):  57 65 264 275 842 29203 29204 29213 29222 29231 29239 29247 29249 29253 29258 29263 29268 29273 29278
NODE_NUM = 43
FILE div_sub_52.aig

# Subcircuit 53
SUB_ID 53
LO (16):  865 885 893 905 913 937 942 1008 1072 1081 1110 1121 1122 1186 1195 1203
LI (22):  67 68 69 71 790 795 804 805 811 888 891 897 902 906 910 1019 1020 1064 1069 1078 1107 1120
NODE_NUM = 48
FILE div_sub_53.aig

# Subcircuit 54
SUB_ID 54
LO (20):  902 906 910 914 931 1107 1146 1147 1154 1161 1162 1163 1170 1206 1215 1218 1223 1224 1226 1289
LI (25):  56 65 66 73 75 855 861 895 896 901 908 1021 1025 1035 1044 1090 1099 1105 1142 1145 1153 1159 1169 1201 1203
NODE_NUM = 49
FILE div_sub_54.aig

# Subcircuit 55
SUB_ID 55
LO (16):  991 996 998 1142 1153 1159 1169 1179 1180 1189 1190 1197 1198 1269 1272 1279
LI (24):  71 72 73 984 990 994 997 1021 1036 1045 1047 1052 1055 1126 1128 1135 1140 1145 1146 1152 1182 1187 1191 1196
NODE_NUM = 50
FILE div_sub_55.aig

# Subcircuit 56
SUB_ID 56
LO (25):  1005 1036 1047 1064 1069 1078 1090 1105 1120 1140 1152 1182 1201 1217 1254 1340 1390 1461 1462 1465 1475 1476 1529 1585 1622
LI (36):  67 68 69 70 74 77 803 896 966 993 997 1021 1035 1059 1062 1068 1077 1085 1088 1110 1118 1121 1125 1139 1145 1146 1150 1215 1295 1338 1442 1459 1460 1464 1471 1474
NODE_NUM = 48
FILE div_sub_56.aig

# Subcircuit 57
SUB_ID 57
LO (12):  1088 1099 29472 29508 29509 29520 29537 29546 29555 29564 29573 29582
LI (21):  55 65 926 1019 1020 29410 29419 29428 29437 29446 29455 29463 29471 29473 29477 29482 29487 29492 29497 29502 29507
NODE_NUM = 47
FILE div_sub_57.aig

# Subcircuit 58
SUB_ID 58
LO (26):  1126 1139 1150 1284 1291 1312 1313 1321 1322 1330 1331 1338 1348 1349 1356 1357 1380 1385 1395 1400 1406 1407 1429 1449 1496 1498
LI (27):  67 68 70 71 72 74 1032 1034 1122 1125 1162 1170 1281 1283 1289 1305 1310 1314 1319 1323 1328 1337 1341 1346 1350 1354 1402
NODE_NUM = 50
FILE div_sub_58.aig

# Subcircuit 59
SUB_ID 59
LO (12):  1281 1300 1424 1442 1443 1444 1459 1464 1466 1480 1484 1610
LI (20):  72 74 75 1154 1180 1190 1270 1271 1273 1279 1291 1294 1412 1413 1426 1427 1429 1454 1458 1460
NODE_NUM = 46
FILE div_sub_59.aig

# Subcircuit 60
SUB_ID 60
LO (21):  1187 1191 1196 1199 1208 1225 1243 1249 1259 1264 1314 1323 1341 29603 29629 29630 29683 29692 29701 29710 29719
LI (29):  54 65 67 69 70 1072 1081 1145 1146 1186 1195 1198 1206 1224 1248 1262 1295 29559 29568 29577 29586 29594 29602 29604 29608 29613 29618 29623 29628
NODE_NUM = 50
FILE div_sub_60.aig

# Subcircuit 61
SUB_ID 61
LO (13):  1248 1262 1273 1283 1412 1485 1494 1607 1624 1632 1640 1649 1657
LI (28):  67 70 73 74 75 1147 1163 1169 1197 1218 1223 1272 1303 1313 1406 1407 1409 1424 1461 1476 1477 1480 1484 1493 1604 1610 1617 1622
NODE_NUM = 49
FILE div_sub_61.aig

# Subcircuit 62
SUB_ID 62
LO (19):  1305 1310 1319 1328 1337 1346 1350 1354 1358 1374 1561 1567 1588 1589 1694 1703 1712 1721 1728
LI (25):  53 65 66 76 1189 1238 1244 1294 1295 1309 1318 1327 1336 1345 1352 1461 1531 1540 1549 1557 1566 1572 1577 1582 1587
NODE_NUM = 48
FILE div_sub_62.aig

# Subcircuit 63
SUB_ID 63
LO (23):  1409 1413 1426 1427 1454 1458 1460 1471 1474 1493 1503 1504 1512 1513 1521 1522 1538 1539 1592 1597 1602 1664 1673
LI (28):  71 72 73 76 1161 1170 1179 1180 1284 1294 1295 1296 1302 1303 1312 1321 1330 1348 1443 1444 1450 1456 1459 1466 1500 1509 1518 1536
NODE_NUM = 48
FILE div_sub_63.aig

# Subcircuit 64
SUB_ID 64
LO (28):  1450 1477 1500 1509 1518 1531 1587 1617 1627 1635 1642 1643 1644 1652 1653 1661 1662 1663 1670 1687 1690 1796 1801 1806 1811 1819 1828 2007
LI (32):  70 75 76 77 78 1295 1401 1449 1461 1465 1475 1485 1494 1496 1498 1503 1508 1517 1526 1529 1585 1588 1592 1616 1624 1626 1634 1640 1651 1660 1669 1684
NODE_NUM = 50
FILE div_sub_64.aig

# Subcircuit 65
SUB_ID 65
LO (17):  1536 1540 1549 1577 1582 1706 1715 1716 1766 1792 1793 1849 1858 1867 1876 1882 1884
LI (21):  68 69 70 1461 1535 1539 1544 1547 1580 1627 1671 1680 1689 1698 1705 1714 1768 1776 1781 1786 1791
NODE_NUM = 50
FILE div_sub_65.aig

# Subcircuit 66
SUB_ID 66
LO (26):  1547 1557 1572 1725 1734 1761 1907 1925 1942 1958 2023 2025 2026 2027 2037 2038 2046 2047 2055 2056 2126 2220 2225 2230 2242 2250
LI (26):  50 65 67 68 69 78 79 80 1356 1459 1460 1461 1552 1555 1627 1723 1817 1905 2021 2022 2033 2036 2042 2045 2051 2054
NODE_NUM = 50
FILE div_sub_66.aig

# Subcircuit 67
SUB_ID 67
LO (12):  1555 1566 29911 29947 29948 30009 30018 30027 30036 30045 30054 30063
LI (21):  52 65 1369 1459 1460 29849 29858 29867 29876 29885 29894 29902 29910 29912 29916 29921 29926 29931 29936 29941 29946
NODE_NUM = 47
FILE div_sub_67.aig

# Subcircuit 68
SUB_ID 68
LO (14):  1580 1604 1660 1669 1680 1684 1786 1791 1861 1983 1994 2060 2069 2077
LI (26):  69 73 74 1504 1513 1522 1538 1589 1592 1597 1602 1624 1626 1655 1657 1663 1664 1671 1672 1673 1817 1853 1860 1980 1988 1993
NODE_NUM = 50
FILE div_sub_68.aig

# Subcircuit 69
SUB_ID 69
LO (25):  1616 1634 1651 1655 1671 1817 1825 1826 1834 1835 1843 1844 1852 1853 1870 1871 1872 1879 1978 1988 1993 1998 2003 2039 2048
LI (30):  73 74 75 76 77 78 1462 1464 1504 1607 1624 1626 1632 1635 1649 1652 1661 1670 1688 1697 1792 1796 1813 1816 1824 1833 1839 1851 1869 1878
NODE_NUM = 48
FILE div_sub_69.aig

# Subcircuit 70
SUB_ID 70
LO (20):  1672 1688 1689 1697 1698 1705 1714 1723 1733 1756 1776 1781 1916 1953 2136 2175 2181 2182 2334 2342
LI (26):  67 68 69 71 72 1512 1521 1561 1624 1626 1627 1687 1690 1694 1703 1712 1721 1731 1817 1914 2021 2022 2128 2133 2172 2180
NODE_NUM = 48
FILE div_sub_70.aig

# Subcircuit 71
SUB_ID 71
LO (12):  1731 1750 30084 30120 30121 30188 30197 30206 30215 30224 30233 30242
LI (22):  51 65 1567 1624 1626 1728 30022 30031 30040 30049 30058 30067 30075 30083 30085 30089 30094 30099 30104 30109 30114 30119
NODE_NUM = 48
FILE div_sub_71.aig

# Subcircuit 72
SUB_ID 72
LO (24):  1807 1813 1824 1833 1839 1851 1860 1869 1878 1888 1889 1897 1898 1905 1914 1923 1924 1936 1948 1963 1968 1970 1972 2009
LI (31):  67 70 71 72 1643 1644 1653 1662 1793 1796 1801 1806 1811 1816 1819 1828 1850 1859 1868 1872 1877 1881 1886 1890 1895 1904 1913 1917 1921 1935 1969
NODE_NUM = 48
FILE div_sub_72.aig

# Subcircuit 73
SUB_ID 73
LO (16):  1850 1859 1868 1877 1980 2082 2083 2091 2092 2100 2101 2195 2200 2205 2286 2295
LI (22):  72 73 74 75 1816 1849 1858 1867 1871 1876 1879 1889 1969 1970 1972 1978 2023 2075 2077 2081 2090 2099
NODE_NUM = 40
FILE div_sub_73.aig

# Subcircuit 74
SUB_ID 74
LO (26):  1881 1886 1890 1917 2021 2033 2036 2042 2045 2051 2054 2064 2065 2073 2074 2081 2090 2099 2109 2110 2117 2118 2190 2210 2215 2268
LI (36):  72 76 77 1706 1715 1745 1767 1816 1817 1826 1835 1844 1882 1884 1994 1998 2003 2020 2029 2031 2035 2039 2044 2049 2053 2061 2062 2070 2071 2080 2089 2098 2106 2107 2115 2116
NODE_NUM = 47
FILE div_sub_74.aig

# Subcircuit 75
SUB_ID 75
LO (21):  2020 2022 2029 2031 2035 2044 2053 2062 2071 2080 2089 2098 2107 2116 2145 2153 2165 2172 2344 2353 2360
LI (27):  67 68 79 346 1642 1816 1817 1825 1826 1834 1843 1852 1861 1870 1879 1888 1897 1923 1937 2011 2018 2021 2142 2150 2162 2175 2342
NODE_NUM = 49
FILE div_sub_75.aig

# Subcircuit 76
SUB_ID 76
LO (23):  2011 2049 2061 2070 2075 2106 2115 2185 2196 2201 2211 2221 2226 2227 2252 2262 2270 2280 2288 2297 2307 2316 2324
LI (32):  1807 1817 1871 1983 1994 2007 2009 2023 2047 2048 2056 2060 2065 2069 2074 2083 2092 2101 2105 2110 2114 2119 2182 2183 2190 2195 2200 2205 2210 2215 2220 2225
NODE_NUM = 50
FILE div_sub_76.aig

# Subcircuit 77
SUB_ID 77
LO (27):  2119 2128 2180 2233 2234 2240 2247 2248 2256 2257 2265 2266 2274 2275 2276 2283 2321 2327 2328 2330 2443 2448 2453 2458 2541 2550 2697
LI (27):  70 71 78 79 80 81 346 2023 2027 2037 2046 2055 2064 2073 2118 2123 2126 2181 2185 2232 2239 2245 2255 2264 2273 2282 2324
NODE_NUM = 48
FILE div_sub_77.aig

# Subcircuit 78
SUB_ID 78
LO (13):  2133 2142 2150 2162 2239 2364 2388 2404 2405 2465 2514 2527 2634
LI (22):  66 67 68 346 2023 2027 2132 2141 2149 2157 2159 2165 2232 2234 2347 2356 2357 2360 2366 2385 2398 2403
NODE_NUM = 47
FILE div_sub_78.aig

# Subcircuit 79
SUB_ID 79
LO (16):  2157 2159 2366 2375 2385 2461 2469 2470 2477 2502 2508 2509 2510 2517 2842 2850
LI (21):  49 65 66 67 68 271 318 475 513 2025 2026 2232 2240 2364 2372 2382 2388 2460 2465 2499 2516
NODE_NUM = 50
FILE div_sub_79.aig

# Subcircuit 80
SUB_ID 80
LO (30):  2183 2232 2245 2255 2264 2273 2282 2292 2293 2301 2302 2310 2311 2319 2320 2337 2338 2346 2347 2354 2403 2408 2418 2423 2428 2433 2577 2586 2595 2622
LI (28):  70 71 73 74 75 76 2038 2117 2227 2230 2243 2254 2263 2272 2281 2285 2290 2294 2299 2303 2308 2312 2317 2330 2335 2339 2344 2353
NODE_NUM = 50
FILE div_sub_80.aig

# Subcircuit 81
SUB_ID 81
LO (25):  2243 2254 2263 2272 2281 2438 2444 2449 2454 2460 2491 2497 2498 2499 2516 2521 2522 2537 2543 2552 2562 2570 2699 2832 2859
LI (33):  48 66 69 77 346 2211 2221 2226 2242 2248 2250 2252 2257 2262 2266 2268 2270 2275 2280 2283 2435 2437 2443 2448 2453 2458 2484 2489 2496 2509 2510 2515 2518
NODE_NUM = 50
FILE div_sub_81.aig

# Subcircuit 82
SUB_ID 82
LO (21):  2285 2290 2294 2299 2303 2308 2312 2317 2413 2419 2424 2435 2574 2575 2582 2583 2588 2597 2609 2615 2678
LI (34):  72 78 346 475 2082 2091 2100 2109 2196 2201 2233 2286 2288 2293 2295 2297 2302 2307 2311 2316 2320 2328 2410 2412 2418 2423 2428 2433 2460 2567 2568 2570 2576 2577
NODE_NUM = 48
FILE div_sub_82.aig

# Subcircuit 83
SUB_ID 83
LO (13):  2335 2339 2356 2398 2530 2539 2664 2665 2787 2796 2805 2814 2823
LI (23):  69 70 346 2136 2145 2233 2334 2354 2461 2518 2522 2529 2537 2602 2611 2620 2629 2638 2643 2648 2653 2658 2663
NODE_NUM = 50
FILE div_sub_83.aig

# Subcircuit 84
SUB_ID 84
LO (12):  2357 2372 2489 30686 30691 30717 30855 30864 30873 30882 30891 30898
LI (21):  49 66 373 589 599 2153 2232 2233 2367 2382 30548 30656 30665 30674 30682 30685 30696 30701 30706 30711 30716
NODE_NUM = 50
FILE div_sub_84.aig

# Subcircuit 85
SUB_ID 85
LO (24):  2382 2410 2620 2629 2648 2653 2714 2715 2718 2728 2729 2737 2738 2746 2747 2808 2817 2865 2907 2949 2954 2959 2976 2984
LI (27):  48 65 72 73 81 82 83 475 2338 2405 2408 2460 2539 2612 2613 2615 2621 2623 2712 2713 2717 2724 2727 2733 2736 2742 2745
NODE_NUM = 50
FILE div_sub_85.aig

# Subcircuit 86
SUB_ID 86
LO (13):  2412 2437 2496 2868 2874 2900 2901 2971 3087 3096 3105 3114 3121
LI (22):  47 65 66 72 77 2276 2282 2321 2327 2714 2829 2838 2847 2856 2864 2866 2873 2879 2884 2889 2894 2899
NODE_NUM = 46
FILE div_sub_86.aig

# Subcircuit 87
SUB_ID 87
LO (20):  2515 2518 2529 2712 2717 2724 2727 2733 2736 2745 2755 2756 2764 2765 2772 2773 2836 2939 2944 3002
LI (27):  69 79 80 81 475 2256 2460 2461 2514 2517 2527 2546 2557 2689 2703 2705 2711 2713 2716 2726 2744 2752 2753 2761 2762 2770 2771
NODE_NUM = 46
FILE div_sub_87.aig

# Subcircuit 88
SUB_ID 88
LO (14):  2546 2557 2567 2568 2576 2673 2674 2675 2689 2742 2744 2752 2753 2768
LI (29):  79 80 475 2265 2274 2283 2292 2293 2438 2444 2449 2460 2461 2541 2543 2550 2552 2555 2562 2564 2566 2575 2584 2670 2671 2679 2684 2713 2714
NODE_NUM = 45
FILE div_sub_88.aig

# Subcircuit 89
SUB_ID 89
LO (14):  2584 2670 2761 2770 2771 2782 2929 2940 2945 2946 3004 3014 3023 3031
LI (24):  76 77 2301 2461 2583 2591 2602 2664 2665 2673 2674 2678 2712 2713 2714 2756 2759 2765 2768 2774 2926 2932 2939 2944
NODE_NUM = 50
FILE div_sub_89.aig

# Subcircuit 90
SUB_ID 90
LO (22):  2591 2602 2663 2924 2926 2966 2967 2974 2981 2982 2990 2991 2999 3000 3034 3037 3040 3226 3231 3236 3389 3517
LI (29):  75 76 82 83 84 475 2310 2424 2460 2461 2586 2588 2600 2712 2713 2718 2728 2737 2746 2788 2921 2929 2961 2965 2973 2979 2989 2998 3031
NODE_NUM = 50
FILE div_sub_90.aig

# Subcircuit 91
SUB_ID 91
LO (11):  2600 2611 2658 2921 3044 3045 3053 3054 3196 3201 3443
LI (23):  74 75 76 77 475 2319 2419 2460 2461 2595 2597 2609 2712 2713 2797 2810 2915 2924 2961 2965 2966 3037 3040
NODE_NUM = 43
FILE div_sub_91.aig

# Subcircuit 92
SUB_ID 92
LO (17):  2612 2613 2621 2623 2638 2643 2915 3062 3063 3071 3072 3073 3074 3076 3186 3191 3461
LI (26):  71 72 74 75 2328 2337 2338 2346 2404 2413 2461 2622 2636 2712 2713 2819 2824 2829 2901 2909 2914 2961 2965 2966 3055 3064
NODE_NUM = 48
FILE div_sub_92.aig

# Subcircuit 93
SUB_ID 93
LO (24):  2636 2671 2679 2703 2705 2711 2713 2716 2726 2759 2762 2847 2856 2864 2879 2884 2889 3099 3100 3108 3109 3110 3161 3166
LI (28):  67 68 69 70 77 82 475 2247 2460 2461 2469 2477 2491 2530 2574 2582 2634 2675 2678 2701 2709 2712 2843 2852 2860 2966 3098 3107
NODE_NUM = 50
FILE div_sub_93.aig

# Subcircuit 94
SUB_ID 94
LO (18):  2701 2774 2788 2797 2810 2914 3026 3055 3211 3227 3232 3238 3391 3401 3410 3419 3427 3519
LI (26):  74 78 79 2454 2461 2697 2699 2714 2773 2787 2796 2805 2808 2966 2982 2991 3000 3009 3018 3025 3208 3216 3221 3226 3231 3236
NODE_NUM = 46
FILE div_sub_94.aig

# Subcircuit 95
SUB_ID 95
LO (18):  2819 2824 2829 2838 2894 2899 2909 3064 3090 3171 3187 3192 3193 3244 3252 3362 3375 3463
LI (26):  70 71 73 2470 2508 2521 2714 2718 2814 2817 2823 2832 2836 2898 2907 2966 3063 3072 3081 3082 3089 3168 3176 3181 3186 3191
NODE_NUM = 48
FILE div_sub_95.aig

# Subcircuit 96
SUB_ID 96
LO (14):  2843 2852 2860 2866 2873 31167 31198 31199 31358 31367 31376 31385 31394 31403
LI (25):  46 47 65 2497 2498 2502 2714 2842 2850 2859 2865 31114 31123 31132 31141 31150 31158 31166 31168 31172 31177 31182 31187 31192 31197
NODE_NUM = 46
FILE div_sub_96.aig

# Subcircuit 97
SUB_ID 97
LO (23):  2898 2932 2961 2973 2979 2989 2998 3008 3009 3017 3018 3025 3080 3081 3089 3098 3107 3117 3118 3156 3181 3216 3221
LI (33):  68 71 73 78 80 81 2715 2717 2729 2738 2747 2772 2946 2949 2954 2959 2965 2972 2976 2984 2994 3001 3006 3010 3015 3024 3073 3078 3088 3097 3106 3110 3115
NODE_NUM = 50
FILE div_sub_97.aig

# Subcircuit 98
SUB_ID 98
LO (29):  2965 2972 3006 3015 3024 3078 3088 3097 3106 3115 3126 3151 3293 3330 3530 3531 3534 3541 3544 3553 3554 3562 3563 3568 3571 3688 3807 3812 3842
LI (35):  67 68 84 85 381 412 427 2874 2961 2962 2971 3005 3014 3023 3077 3087 3096 3105 3114 3119 3121 3239 3291 3387 3528 3529 3533 3540 3543 3549 3552 3558 3561 3567 3570
NODE_NUM = 48
FILE div_sub_98.aig

# Subcircuit 99
SUB_ID 99
LO (26):  2994 3001 3005 3010 3082 3176 3206 3208 3239 3247 3248 3256 3257 3265 3266 3274 3275 3340 3345 3350 3355 3430 3433 3436 3637 3646
LI (30):  70 71 72 73 78 320 2755 2756 2764 2782 2940 2945 2949 2966 2974 3002 3004 3034 3090 3099 3108 3175 3203 3211 3238 3246 3255 3264 3273 3427
NODE_NUM = 50
FILE div_sub_99.aig

# Subcircuit 100
SUB_ID 100
LO (14):  3077 3119 3127 3145 31424 31460 31461 31612 31621 31630 31639 31648 31657 31666
LI (24):  45 65 84 2868 2900 2966 3074 3076 31362 31371 31380 31389 31398 31407 31415 31423 31425 31429 31434 31439 31444 31449 31454 31459
NODE_NUM = 49
FILE div_sub_100.aig

# Subcircuit 101
SUB_ID 101
LO (13):  3168 3175 3203 3440 3441 3449 3458 3478 3489 3490 3594 3603 3611
LI (23):  72 77 78 79 320 2967 2973 3045 3054 3100 3167 3193 3196 3201 3238 3433 3434 3436 3442 3443 3451 3453 3475
NODE_NUM = 50
FILE div_sub_101.aig

# Subcircuit 102
SUB_ID 102
LO (14):  3246 3255 3264 3273 3284 3335 3680 3737 3758 3936 3945 3954 3963 3971
LI (25):  69 70 320 3100 3117 3167 3171 3238 3239 3244 3252 3262 3271 3282 3528 3529 3654 3663 3672 3677 3734 3742 3747 3752 3757
NODE_NUM = 50
FILE div_sub_102.aig

# Subcircuit 103
SUB_ID 103
LO (14):  3282 3291 3301 3325 3734 3975 3976 3984 3985 3986 3992 3993 4052 4057
LI (25):  67 68 70 71 320 3140 3238 3239 3280 3289 3299 3528 3529 3690 3695 3707 3723 3732 3819 3823 3824 3968 3969 3971 3977
NODE_NUM = 50
FILE div_sub_103.aig

# Subcircuit 104
SUB_ID 104
LO (12):  3299 3302 3319 3723 4003 4011 4037 4042 4233 4234 4235 4286
LI (20):  44 65 66 67 68 69 85 320 3146 3238 3296 3530 3716 3722 3819 3823 3824 3995 4144 4232
NODE_NUM = 46
FILE div_sub_104.aig

# Subcircuit 105
SUB_ID 105
LO (15):  3387 3475 3616 3617 3625 3626 3635 3636 3641 3644 3648 3762 3772 3777 3905
LI (22):  75 77 78 3248 3257 3347 3350 3355 3366 3369 3379 3382 3468 3473 3530 3609 3611 3615 3624 3634 3637 3643
NODE_NUM = 49
FILE div_sub_105.aig

# Subcircuit 106
SUB_ID 106
LO (15):  3366 3369 3379 3382 3533 3634 3767 3773 3793 3828 3881 3890 3899 3907 3917
LI (25):  74 75 76 320 3071 3080 3238 3239 3362 3364 3377 3528 3529 3531 3599 3608 3617 3626 3627 3764 3772 3777 3782 3787 3792
NODE_NUM = 50
FILE div_sub_106.aig

# Subcircuit 107
SUB_ID 107
LO (20):  3377 3528 3540 3543 3549 3552 3561 3570 3580 3581 3589 3590 3598 3599 3606 3607 3787 3792 3797 3869
LI (27):  80 81 82 84 320 2990 3238 3239 3375 3394 3405 3509 3523 3525 3527 3529 3542 3560 3569 3577 3578 3586 3587 3595 3596 3604 3605
NODE_NUM = 48
FILE div_sub_107.aig

# Subcircuit 108
SUB_ID 108
LO (9):  3394 3405 3509 3558 3560 3567 3569 3577 3578
LI (26):  81 82 83 320 2999 3008 3017 3227 3238 3239 3389 3391 3401 3403 3410 3412 3414 3419 3421 3423 3432 3494 3499 3504 3529 3530
NODE_NUM = 50
FILE div_sub_108.aig

# Subcircuit 109
SUB_ID 109
LO (23):  3432 3434 3442 3451 3453 3468 3473 3494 3523 3525 3527 3529 3542 3586 3587 3596 3605 3609 3615 3624 3643 3652 3653
LI (36):  76 80 85 320 643 2981 3026 3044 3045 3053 3062 3063 3187 3192 3196 3206 3238 3239 3247 3256 3430 3440 3441 3449 3458 3461 3463 3466 3478 3489 3490 3521 3528 3529 3530 3650
NODE_NUM = 49
FILE div_sub_109.aig

# Subcircuit 110
SUB_ID 110
LO (10):  3521 3813 3845 3857 3866 4122 4133 4368 4377 4385
LI (21):  83 84 85 3232 3239 3517 3519 3563 3571 3581 3798 3801 3807 3812 3819 3823 3842 3850 3859 4119 4132
NODE_NUM = 50
FILE div_sub_110.aig

# Subcircuit 111
SUB_ID 111
LO (21):  3595 3604 3608 3627 3650 3654 3663 3747 3752 3757 3764 3782 3829 3895 3930 3932 3941 3950 4084 4149 4158
LI (33):  72 73 74 76 79 3346 3530 3534 3594 3603 3607 3636 3644 3646 3648 3653 3658 3661 3750 3756 3758 3762 3780 3819 3823 3824 3826 3828 3923 3940 4078 4087 4148
NODE_NUM = 50
FILE div_sub_111.aig

# Subcircuit 112
SUB_ID 112
LO (13):  3661 3672 3742 3966 4062 4078 4170 4171 4178 4179 4187 4193 4321
LI (21):  71 72 76 3265 3528 3529 3530 3667 3670 3824 3949 3958 3965 4059 4067 4072 4077 4139 4143 4163 4172
NODE_NUM = 46
FILE div_sub_112.aig

# Subcircuit 113
SUB_ID 113
LO (19):  3670 3677 3690 3695 3707 3716 3722 3732 3969 3977 3995 4021 31984 32005 32006 32235 32244 32253 32262
LI (29):  43 65 67 69 306 308 3274 3314 3528 3529 3530 3676 3685 3688 3694 3702 3705 3737 3824 31949 31958 31967 31975 31983 31985 31989 31994 31999 32004
NODE_NUM = 50
FILE div_sub_113.aig

# Subcircuit 114
SUB_ID 114
LO (13):  3750 3756 3780 3798 4119 4389 4390 4398 4446 4452 4453 4517 4525
LI (26):  73 74 79 83 84 85 3590 3606 3641 3643 3652 3793 3797 3819 3823 3868 3870 3885 4113 4122 4139 4143 4144 4382 4385 4443
NODE_NUM = 49
FILE div_sub_114.aig

# Subcircuit 115
SUB_ID 115
LO (17):  3801 3816 3826 3859 3868 3870 3885 4113 4443 4480 4481 4530 4531 4536 4538 4539 4789
LI (30):  82 83 85 86 3541 3543 3568 3570 3571 3580 3589 3636 3767 3793 3824 3869 3883 3894 4108 4139 4143 4144 4363 4417 4437 4446 4478 4479 4525 4529
NODE_NUM = 50
FILE div_sub_115.aig

# Subcircuit 116
SUB_ID 116
LO (11):  3883 3894 4108 4417 4437 4548 4779 4790 4862 4871 4879
LI (23):  81 82 83 3598 3819 3823 3824 3881 3892 3903 4103 4139 4143 4144 4426 4432 4478 4479 4480 4540 4776 4784 4789
NODE_NUM = 50
FILE div_sub_116.aig

# Subcircuit 117
SUB_ID 117
LO (13):  3892 3903 4103 4426 4432 4559 4776 4814 4815 4882 4885 4886 4888
LI (24):  80 81 82 3819 3823 3890 3895 3899 3912 4098 4139 4143 4144 4355 4427 4478 4479 4480 4484 4771 4779 4811 4813 4879
NODE_NUM = 50
FILE div_sub_117.aig

# Subcircuit 118
SUB_ID 118
LO (14):  3912 4097 4355 4363 4427 4484 4771 4822 4892 4893 4894 5127 5132 5433
LI (24):  79 80 81 82 83 3616 3824 3910 4144 4342 4346 4353 4478 4479 4481 4559 4568 4765 4811 4813 4815 4885 4886 4888
NODE_NUM = 48
FILE div_sub_118.aig

# Subcircuit 119
SUB_ID 119
LO (13):  3910 3921 4092 4342 4346 4568 4765 4902 4903 5122 5123 5124 5186
LI (25):  78 79 80 81 3625 3773 3819 3823 3824 3905 3907 3919 4144 4153 4332 4340 4478 4479 4480 4577 4760 4811 4813 4814 5119
NODE_NUM = 47
FILE div_sub_119.aig

# Subcircuit 120
SUB_ID 120
LO (17):  3919 3923 3940 3949 4072 4077 4163 4172 4316 4332 4576 4577 4582 4585 4591 4598 4759
LI (25):  74 75 79 3635 3819 3823 3824 3917 3932 3936 3941 3945 4144 4162 4171 4180 4313 4314 4321 4326 4331 4480 4569 4575 4584
NODE_NUM = 49
FILE div_sub_120.aig

# Subcircuit 121
SUB_ID 121
LO (11):  3958 4067 4313 4603 4604 4612 4739 4745 4746 4935 4943
LI (19):  73 74 75 76 3819 3823 3950 3954 4144 4187 4198 4307 4316 4478 4479 4480 4598 4602 4736
NODE_NUM = 46
FILE div_sub_121.aig

# Subcircuit 122
SUB_ID 122
LO (16):  3965 3968 3994 4012 4031 4047 4261 32283 32314 32315 32522 32531 32540 32549 32558 32567
LI (28):  42 65 69 87 369 380 588 3680 3819 3823 3824 3963 3993 4046 32230 32239 32248 32257 32266 32274 32282 32284 32288 32293 32298 32303 32308 32313
NODE_NUM = 48
FILE div_sub_122.aig

# Subcircuit 123
SUB_ID 123
LO (26):  4046 4086 4139 4197 4198 4206 4207 4215 4216 4224 4225 4232 4242 4243 4250 4251 4258 4276 4281 4291 4296 4301 4306 4467 4614 4623
LI (31):  42 67 68 69 70 71 72 73 77 3825 3831 3840 3849 3986 3992 4133 4137 4190 4195 4199 4204 4208 4213 4217 4222 4231 4235 4240 4244 4248 4256
NODE_NUM = 49
FILE div_sub_123.aig

# Subcircuit 124
SUB_ID 124
LO (27):  4180 4190 4195 4199 4204 4208 4213 4217 4222 4231 4240 4244 4248 4256 32390 32391 32393 32395 32399 32400 32408 32409 32580 32688 32693 32701 32711
LI (38):  65 75 86 87 88 288 303 306 317 3966 3975 3976 3984 3993 4026 4032 4058 4062 4143 4144 4179 4193 4203 4212 4221 4230 4239 4246 32095 32103 32112 32113 32380 32382 32388 32390 32398 32407
NODE_NUM = 50
FILE div_sub_124.aig

# Subcircuit 125
SUB_ID 125
LO (12):  4270 4688 4694 4725 4726 4971 4980 4989 4998 5007 5016 5023
LI (17):  41 65 66 4480 4640 4649 4658 4667 4676 4684 4693 4699 4704 4709 4714 4719 4724
NODE_NUM = 50
FILE div_sub_125.aig

# Subcircuit 126
SUB_ID 126
LO (12):  4307 4736 4947 4948 4956 4957 4958 4959 4961 5092 5097 5229
LI (21):  73 74 75 76 4207 4298 4301 4306 4480 4614 4620 4624 4629 4640 4726 4739 4811 4813 4814 4940 4943
NODE_NUM = 50
FILE div_sub_126.aig

# Subcircuit 127
SUB_ID 127
LO (15):  4314 4478 4494 4495 4503 4504 4512 4513 4520 4521 4799 4804 4809 4824 4832
LI (20):  75 87 88 89 3848 4144 4178 4370 4381 4457 4471 4473 4477 4479 4480 4492 4509 4510 4518 4519
NODE_NUM = 46
FILE div_sub_127.aig

# Subcircuit 128
SUB_ID 128
LO (23):  4370 4381 4382 4457 4471 4473 4477 4479 4492 4509 4510 4519 4529 4575 4584 4594 4595 4602 4620 4629 4638 4639 4749
LI (31):  77 86 88 3839 3857 3866 4139 4143 4144 4152 4161 4170 4179 4197 4206 4215 4368 4377 4379 4389 4390 4398 4452 4453 4469 4475 4478 4479 4480 4591 4636
NODE_NUM = 50
FILE div_sub_128.aig

# Subcircuit 129
SUB_ID 129
LO (16):  4469 4518 4811 4829 4830 4838 4839 4847 4848 4850 4852 5157 5162 5167 5463 5535
LI (26):  88 89 90 4133 4144 4465 4467 4480 4495 4504 4513 4517 4522 4531 4791 4792 4799 4804 4809 4813 4814 4823 4824 4831 4832 4840
NODE_NUM = 48
FILE div_sub_129.aig

# Subcircuit 130
SUB_ID 130
LO (11):  4522 4540 4760 4784 4911 4920 5112 5119 5188 5197 5204
LI (21):  78 79 80 84 86 4521 4539 4585 4595 4750 4753 4759 4783 4811 4813 4904 4913 5109 5122 5172 5186
NODE_NUM = 45
FILE div_sub_130.aig

# Subcircuit 131
SUB_ID 131
LO (17):  4624 4636 4640 4649 4719 4724 4974 4983 5077 5093 5098 5099 5231 5241 5250 5259 5267
LI (21):  71 72 73 4297 4480 4623 4635 4639 4644 4647 4722 4814 4948 4957 4966 4973 4982 5074 5087 5092 5097
NODE_NUM = 47
FILE div_sub_131.aig

# Subcircuit 132
SUB_ID 132
LO (24):  4647 4658 4714 5072 5074 5173 5181 5182 5190 5191 5199 5200 5208 5209 5210 5270 5273 5414 5419 5424 5429 5622 5631 5640
LI (28):  70 71 80 81 82 83 4224 4478 4479 4480 4653 4656 4814 4822 4902 4911 4920 4929 4991 5073 5077 5169 5172 5180 5189 5198 5207 5267
NODE_NUM = 50
FILE div_sub_132.aig

# Subcircuit 133
SUB_ID 133
LO (23):  4656 4667 4709 5002 5067 5290 5369 5551 5552 5555 5565 5566 5574 5575 5580 5583 5728 5729 5736 5827 5917 5922 5937
LI (30):  69 70 71 73 91 92 4233 4478 4479 4480 4662 4665 4814 5000 5173 5288 5370 5374 5461 5549 5550 5554 5561 5564 5570 5573 5579 5582 5723 5727
NODE_NUM = 49
FILE div_sub_133.aig

# Subcircuit 134
SUB_ID 134
LO (15):  4665 4676 4704 5011 5062 5299 5364 5746 5817 5833 5834 6093 6102 6111 6119
LI (24):  68 69 70 71 4242 4478 4479 4480 4671 4674 4814 5009 5173 5297 5549 5550 5720 5729 5738 5743 5814 5822 5827 5832
NODE_NUM = 48
FILE div_sub_134.aig

# Subcircuit 135
SUB_ID 135
LO (20):  4674 4684 4699 5020 5057 5308 5359 5812 5814 5927 5928 5935 5942 5943 5944 5951 6122 6125 6128 6320
LI (29):  67 68 69 70 93 4250 4478 4479 4480 4679 4682 4814 5018 5173 5306 5549 5550 5555 5565 5574 5752 5809 5817 5924 5926 5934 5940 5950 6119
NODE_NUM = 48
FILE div_sub_135.aig

# Subcircuit 136
SUB_ID 136
LO (13):  4682 4693 5039 5040 32927 32958 32959 33202 33211 33220 33229 33238 33247
LI (24):  40 65 380 588 595 598 4265 4478 4479 4811 32874 32883 32892 32901 32910 32918 32926 32928 32932 32937 32942 32947 32952 32957
NODE_NUM = 46
FILE div_sub_136.aig

# Subcircuit 137
SUB_ID 137
LO (17):  4722 4750 4929 5109 5207 5217 5409 5415 5420 5425 5430 5431 5624 5633 5642 5652 5660
LI (26):  72 78 79 4638 4746 4749 4811 4813 4922 4924 4939 5103 5112 5169 5172 5182 5191 5200 5204 5209 5210 5406 5414 5419 5424 5429
NODE_NUM = 48
FILE div_sub_137.aig

# Subcircuit 138
SUB_ID 138
LO (25):  4753 4783 4791 4792 4813 4856 4857 4865 4866 4874 4875 4938 4939 4965 4966 4973 4982 4991 5087 5102 5142 5147 5152 5481 5490
LI (30):  74 77 78 84 85 86 87 412 4520 4531 4536 4538 4582 4584 4790 4811 4812 4849 4853 4858 4862 4867 4871 4931 4935 4958 4962 4971 4980 4989
NODE_NUM = 50
FILE div_sub_138.aig

# Subcircuit 139
SUB_ID 139
LO (27):  4823 4831 4840 4849 4853 4858 4867 4883 5137 5143 5148 5158 5163 5169 5180 5189 5198 5226 5227 5404 5448 5465 5475 5483 5492 5502 5537
LI (32):  78 84 4494 4503 4512 4521 4530 4539 4548 4790 4814 4830 4839 4848 4850 4852 4857 4866 4875 4882 5134 5142 5147 5152 5157 5162 5167 5179 5188 5197 5219 5224
NODE_NUM = 50
FILE div_sub_139.aig

# Subcircuit 140
SUB_ID 140
LO (21):  4904 4913 4922 4924 4931 4940 4962 5000 5009 5018 5028 5052 5317 5354 5809 6132 6133 6134 6135 6137 6210
LI (36):  67 68 69 71 4576 4585 4594 4603 4604 4612 4688 4725 4745 4749 4811 4813 4814 4959 4961 4998 5007 5016 5026 5173 5315 5549 5550 5761 5774 5804 5812 5924 5926 5927 6125 6128
NODE_NUM = 49
FILE div_sub_140.aig

# Subcircuit 141
SUB_ID 141
LO (13):  5026 5029 5046 33268 33304 33305 33540 33549 33558 33567 33576 33585 33594
LI (23):  39 65 90 4694 4811 4813 5023 33206 33215 33224 33233 33242 33251 33259 33267 33269 33273 33278 33283 33288 33293 33298 33303
NODE_NUM = 49
FILE div_sub_141.aig

# Subcircuit 142
SUB_ID 142
LO (12):  5103 5134 5179 5224 5439 5443 5452 5461 5517 5597 5606 5615
LI (22):  84 85 4893 4894 5099 5102 5124 5127 5132 5169 5172 5176 5221 5431 5432 5433 5445 5446 5448 5506 5511 5516
NODE_NUM = 50
FILE div_sub_142.aig

# Subcircuit 143
SUB_ID 143
LO (24):  5172 5235 5236 5244 5245 5253 5254 5262 5263 5280 5281 5288 5297 5306 5315 5321 5374 5384 5389 5394 5399 5676 5685 5694
LI (24):  72 74 75 76 77 338 341 5169 5170 5228 5232 5237 5241 5246 5250 5255 5259 5273 5277 5286 5295 5304 5313 5320
NODE_NUM = 49
FILE div_sub_143.aig

# Subcircuit 144
SUB_ID 144
LO (22):  5176 5219 5221 5228 5232 5237 5246 5255 5271 5379 5385 5390 5395 5406 5662 5665 5671 5678 5687 5696 5707 5714
LI (33):  73 4903 4938 4947 4948 4956 4965 4974 4983 5093 5098 5102 5123 5127 5173 5227 5229 5231 5236 5245 5254 5263 5270 5376 5384 5389 5394 5399 5404 5551 5658 5660 5664
NODE_NUM = 47
FILE div_sub_144.aig

# Subcircuit 145
SUB_ID 145
LO (15):  5325 5349 5774 5804 6142 6151 6200 6205 6486 6487 6495 6496 6560 6565 6567
LI (23):  67 68 69 70 71 5041 5173 5323 5549 5550 5770 5782 5798 5924 5926 5927 6134 6135 6137 6325 6485 6494 6566
NODE_NUM = 50
FILE div_sub_145.aig

# Subcircuit 146
SUB_ID 146
LO (13):  5323 5327 5337 5343 5798 6160 6168 6190 6195 6504 6505 6506 6555
LI (21):  38 65 66 67 68 69 91 379 5047 5169 5321 5336 5551 5791 5797 5924 5926 5927 6152 6325 6503
NODE_NUM = 47
FILE div_sub_146.aig

# Subcircuit 147
SUB_ID 147
LO (13):  5376 5720 5723 5832 6087 6096 6230 6246 6247 6411 6420 6429 6437
LI (23):  74 75 76 5281 5371 5374 5551 5712 5714 5718 5833 5837 5924 5926 5927 6070 6079 6080 6083 6095 6227 6240 6245
NODE_NUM = 48
FILE div_sub_147.aig

# Subcircuit 148
SUB_ID 148
LO (23):  5432 5445 5446 5549 5554 5561 5564 5570 5573 5582 5592 5593 5601 5602 5610 5611 5619 5897 5902 5907 5910 5963 5972
LI (27):  87 88 89 90 4838 4883 4892 4893 5137 5173 5468 5479 5527 5541 5543 5548 5550 5553 5563 5581 5589 5590 5598 5599 5607 5608 5618
NODE_NUM = 50
FILE div_sub_148.aig

# Subcircuit 149
SUB_ID 149
LO (10):  5468 5479 5498 5516 5527 5579 5581 5589 5590 5599
LI (29):  87 88 89 4847 4856 4865 4874 5143 5148 5158 5169 5172 5173 5463 5465 5475 5477 5481 5483 5486 5488 5490 5492 5495 5497 5517 5522 5550 5551
NODE_NUM = 49
FILE div_sub_149.aig

# Subcircuit 150
SUB_ID 150
LO (25):  5506 5511 5541 5543 5548 5550 5553 5563 5608 5618 5629 5630 5638 5639 5647 5648 5656 5657 5867 5872 5877 5882 6000 6009 6018
LI (26):  81 82 83 84 86 91 4829 5169 5172 5173 5181 5190 5199 5208 5439 5452 5498 5502 5539 5546 5549 5550 5626 5635 5644 5653
NODE_NUM = 50
FILE div_sub_150.aig

# Subcircuit 151
SUB_ID 151
LO (22):  5539 5546 33750 33752 33760 33770 33771 33772 33780 33781 33789 33790 33795 33797 33798 34111 34116 34121 34126 34131 34139 34148
LI (25):  89 90 91 92 412 427 5163 5173 5535 5537 5544 33737 33745 33747 33751 33756 33758 33763 33768 33776 33778 33785 33787 33794 33796
NODE_NUM = 46
FILE div_sub_151.aig

# Subcircuit 152
SUB_ID 152
LO (17):  5924 5934 5940 5950 5960 5961 5969 5970 5978 5979 5986 5987 6300 6305 6310 6693 6702
LI (21):  89 90 91 5566 5575 5583 5593 5908 5911 5917 5922 5926 5933 5937 5953 5962 5967 5971 5976 5980 5985
NODE_NUM = 46
FILE div_sub_152.aig

# Subcircuit 153
SUB_ID 153
LO (9):  5598 5607 5908 5933 5967 5976 5985 5990 5995
LI (25):  85 86 5182 5430 5443 5551 5555 5597 5602 5606 5611 5615 5619 5621 5630 5883 5888 5891 5897 5902 5907 5926 5927 5963 5972
NODE_NUM = 47
FILE div_sub_153.aig

# Subcircuit 154
SUB_ID 154
LO (17):  5626 5635 5644 5653 5658 5664 5862 5868 5883 6006 6007 6014 6015 6020 6032 6038 6280
LI (34):  80 85 5217 5227 5409 5415 5420 5425 5549 5550 5551 5622 5624 5631 5633 5639 5640 5642 5648 5652 5657 5662 5666 5859 5867 5872 5877 5882 5924 5926 5999 6000 6008 6009
NODE_NUM = 49
FILE div_sub_154.aig

# Subcircuit 155
SUB_ID 155
LO (10):  5666 5859 6042 6051 6255 6266 6267 6375 6384 6392
LI (18):  79 80 81 5226 5549 5550 5665 5671 5684 5853 5862 5924 5926 5927 6034 6038 6252 6265
NODE_NUM = 49
FILE div_sub_155.aig

# Subcircuit 156
SUB_ID 156
LO (20):  5684 5853 5989 6250 6252 6290 6291 6292 6325 6329 6333 6334 6342 6343 6395 6398 6401 6645 6650 6797
LI (25):  78 79 87 88 5395 5551 5676 5678 5682 5693 5848 5924 5926 5927 5935 5997 6247 6255 6287 6289 6322 6324 6332 6341 6392
NODE_NUM = 50
FILE div_sub_156.aig

# Subcircuit 157
SUB_ID 157
LO (13):  5682 5693 5848 6070 6245 6405 6406 6414 6605 6611 6612 6872 6880
LI (26):  77 78 79 80 5235 5390 5549 5550 5551 5685 5687 5691 5702 5843 5924 5926 5927 6246 6250 6322 6324 6325 6398 6401 6413 6602
NODE_NUM = 49
FILE div_sub_157.aig

# Subcircuit 158
SUB_ID 158
LO (11):  5691 5702 5843 6079 6240 6602 6885 6886 6891 6892 7082
LI (26):  76 77 78 80 5244 5385 5549 5550 5551 5694 5696 5700 5711 5838 5924 5926 5927 6325 6422 6433 6596 6605 6743 6744 6880 6884
NODE_NUM = 48
FILE div_sub_158.aig

# Subcircuit 159
SUB_ID 159
LO (20):  5700 5711 5712 5718 5727 5738 5822 5837 5838 6080 6083 6114 6220 6227 6441 6442 6449 6455 6583 6590
LI (27):  72 73 75 76 5253 5262 5271 5280 5281 5379 5549 5550 5551 5707 5733 5736 5834 5927 6106 6113 6217 6225 6322 6324 6434 6435 6437
NODE_NUM = 50
FILE div_sub_159.aig

# Subcircuit 160
SUB_ID 160
LO (16):  5743 5752 5761 5770 5782 5791 5797 6152 33996 34022 34023 34322 34331 34340 34349 34358
LI (26):  37 65 67 5338 5549 5550 5551 5742 5751 5760 5769 5777 5780 5927 33952 33961 33970 33979 33987 33995 33997 34001 34006 34011 34016 34021
NODE_NUM = 46
FILE div_sub_160.aig

# Subcircuit 161
SUB_ID 161
LO (16):  5891 5911 5926 6024 6095 6105 6106 6113 6225 6270 6287 6331 6340 6349 6358 6365
LI (26):  74 83 86 288 5552 5554 5580 5910 5924 5925 5998 6007 6016 6017 6021 6093 6098 6102 6111 6267 6275 6280 6285 6324 6327 6329
NODE_NUM = 49
FILE div_sub_161.aig

# Subcircuit 162
SUB_ID 162
LO (28):  6315 6322 6332 6341 6351 6352 6360 6361 6369 6370 6378 6379 6387 6388 6413 6422 6431 6620 6625 6630 6635 6640 6686 6731 6815 6824 6833 6842
LI (26):  82 83 84 85 86 92 5943 5951 6312 6314 6320 6331 6340 6344 6349 6353 6358 6362 6367 6371 6376 6380 6385 6412 6421 6430
NODE_NUM = 50
FILE div_sub_162.aig

# Subcircuit 163
SUB_ID 163
LO (18):  5953 5962 5971 5980 6301 6306 6312 6660 6664 6673 6674 6682 6685 6695 6704 6710 6711 6790
LI (24):  89 90 5583 5592 5601 5610 5927 5961 5970 5979 5988 5989 6291 6292 6293 6300 6305 6310 6322 6324 6652 6653 6666 6684
NODE_NUM = 48
FILE div_sub_163.aig

# Subcircuit 164
SUB_ID 164
LO (25):  5988 5997 5998 5999 6008 6016 6017 6021 6034 6098 6215 6217 6265 6275 6285 6327 6353 6367 6371 6459 6460 6461 6464 6580 6653
LI (35):  72 74 82 84 86 88 5629 5638 5647 5656 5728 5746 5868 5924 5927 5987 5990 5995 6015 6018 6020 6032 6122 6212 6220 6266 6270 6273 6290 6322 6324 6325 6365 6452 6455
NODE_NUM = 50
FILE div_sub_164.aig

# Subcircuit 165
SUB_ID 165
LO (12):  6174 6532 6533 34374 34379 34400 34401 34720 34729 34738 34747 34754
LI (20):  37 65 66 93 377 412 427 5924 6184 6322 34128 34344 34353 34362 34370 34373 34384 34389 34394 34399
NODE_NUM = 46
FILE div_sub_165.aig

# Subcircuit 166
SUB_ID 166
LO (27):  6184 6273 6289 6293 6314 6324 6376 6385 6412 6421 6430 6468 6469 6477 6478 6485 6494 6503 6513 6514 6521 6522 6545 6550 6570 6575 6932
LI (36):  36 65 67 68 72 73 84 87 88 92 595 5928 5934 5944 5950 5986 6014 6185 6322 6323 6375 6384 6411 6420 6429 6461 6465 6470 6474 6483 6492 6501 6506 6510 6515 6517
NODE_NUM = 49
FILE div_sub_166.aig

# Subcircuit 167
SUB_ID 167
LO (22):  6344 6362 6380 6396 6615 6621 6626 6631 6636 6646 6652 6795 6796 6799 6810 6817 6826 6835 6844 6855 6862 7132
LI (27):  81 90 6006 6024 6042 6051 6325 6334 6343 6352 6361 6370 6379 6388 6395 6612 6620 6625 6630 6635 6640 6645 6650 6744 6788 6790 6794
NODE_NUM = 49
FILE div_sub_167.aig

# Subcircuit 168
SUB_ID 168
LO (26):  6433 6596 6744 6748 6755 6758 6764 6767 6776 6777 6785 6786 6787 6804 6805 6819 6822 6900 6902 6903 7127 7137 7142 7147 7190 7199
LI (26):  77 89 91 92 93 6087 6325 6431 6442 6591 6682 6742 6743 6747 6754 6757 6763 6766 6772 6775 6781 6784 6800 6803 6818 6821
NODE_NUM = 49
FILE div_sub_168.aig

# Subcircuit 169
SUB_ID 169
LO (11):  6434 6435 6591 6912 6921 7062 7073 7074 7320 7329 7337
LI (20):  75 76 77 6096 6105 6106 6230 6325 6449 6460 6581 6583 6590 6742 6743 6744 6904 6911 7059 7072
NODE_NUM = 48
FILE div_sub_169.aig

# Subcircuit 170
SUB_ID 170
LO (15):  6452 6465 6470 6515 6523 6539 7006 7012 7038 7383 7392 7401 7410 7419 7426
LI (23):  35 65 66 94 6114 6132 6133 6179 6211 6215 6325 6464 6744 6976 6985 6994 7002 7011 7017 7022 7027 7032 7037
NODE_NUM = 50
FILE div_sub_170.aig

# Subcircuit 171
SUB_ID 171
LO (10):  6581 6930 6939 6948 7047 7059 7338 7347 7356 7364
LI (18):  73 74 75 6469 6478 6567 6570 6575 6580 6744 6929 6932 6938 6942 6947 7044 7062 7337
NODE_NUM = 50
FILE div_sub_171.aig

# Subcircuit 172
SUB_ID 172
LO (23):  6666 6742 6747 6754 6757 6763 6766 6775 6784 6794 6803 6813 6814 6821 6831 6832 6840 6841 6848 7107 7112 7122 7245
LI (28):  85 86 88 93 5951 5978 6325 6689 6700 6720 6734 6736 6741 6743 6746 6756 6774 6783 6793 6802 6810 6811 6820 6828 6829 6837 6838 6847
NODE_NUM = 50
FILE div_sub_172.aig

# Subcircuit 173
SUB_ID 173
LO (17):  6684 6689 6700 6720 6734 6736 6741 6743 6746 6756 6772 6774 6781 6783 6793 6802 6811
LI (33):  91 92 94 5942 5960 5961 5969 6301 6306 6315 6322 6324 6325 6333 6342 6660 6673 6674 6685 6686 6693 6695 6698 6702 6704 6707 6709 6710 6711 6715 6732 6739 6743
NODE_NUM = 50
FILE div_sub_173.aig

# Subcircuit 174
SUB_ID 174
LO (14):  6732 6788 6800 6818 6820 7117 7148 7168 7193 7203 7213 7222 7231 7238
LI (30):  87 6325 6334 6351 6636 6646 6664 6731 6743 6786 6787 6796 6797 6799 6805 6814 6815 6817 6822 7114 7116 7122 7127 7132 7137 7142 7147 7162 7190 7199
NODE_NUM = 49
FILE div_sub_174.aig

# Subcircuit 175
SUB_ID 175
LO (17):  6828 6829 6837 6838 6849 7102 7114 7242 7243 7251 7252 7259 7260 7265 7554 7559 7640
LI (30):  84 87 88 6360 6369 6621 6626 6631 6743 6744 6824 6826 6832 6833 6835 6841 6842 6844 6848 7099 7107 7112 7159 7162 7235 7236 7238 7244 7245 7253
NODE_NUM = 50
FILE div_sub_175.aig

# Subcircuit 176
SUB_ID 176
LO (10):  6847 7099 7269 7278 7539 7550 7551 7661 7670 7678
LI (19):  83 84 85 6378 6387 6742 6743 6855 6868 7093 7102 7159 7162 7163 7261 7262 7265 7536 7549
NODE_NUM = 48
FILE div_sub_176.aig

# Subcircuit 177
SUB_ID 177
LO (17):  6868 7093 7207 7534 7536 7579 7602 7610 7611 7619 7620 7681 7684 7687 7991 7996 8094
LI (25):  82 83 92 93 436 6406 6611 6615 6744 6862 6866 6877 7088 7159 7162 7163 7171 7215 7531 7539 7578 7601 7609 7618 7678
NODE_NUM = 48
FILE div_sub_177.aig

# Subcircuit 178
SUB_ID 178
LO (11):  6866 6877 7088 7531 7691 7692 7700 7701 7946 7951 8175
LI (23):  81 82 83 84 436 6396 6742 6743 6744 6872 6875 6886 7083 7159 7162 7163 7306 7525 7534 7601 7602 7684 7687
NODE_NUM = 48
FILE div_sub_178.aig

# Subcircuit 179
SUB_ID 179
LO (11):  6875 6884 7083 7306 7519 7525 7702 7708 7709 7711 7714
LI (21):  79 80 81 436 6405 6414 6742 6743 6891 6892 6904 7073 7074 7082 7159 7162 7163 7298 7516 7601 7602
NODE_NUM = 49
FILE div_sub_179.aig

# Subcircuit 180
SUB_ID 180
LO (18):  6904 6911 6929 6938 6942 6947 7044 7072 7323 7324 7368 7369 7377 7378 7484 7489 7514 7766
LI (28):  72 73 74 78 79 6441 6459 6468 6477 6487 6566 6570 6742 6743 6744 6903 6953 6956 6967 7038 7047 7071 7159 7162 7163 7322 7361 7364
NODE_NUM = 50
FILE div_sub_180.aig

# Subcircuit 181
SUB_ID 181
LO (15):  6956 6967 7037 7386 7479 7485 7510 7511 7733 7742 7751 7760 7768 7778 7786
LI (23):  71 72 6486 6742 6743 6744 6962 6965 7163 7333 7342 7351 7360 7369 7378 7385 7476 7484 7489 7494 7499 7504 7509
NODE_NUM = 50
FILE div_sub_181.aig

# Subcircuit 182
SUB_ID 182
LO (12):  6965 6976 7032 7476 7790 7791 7799 7891 7897 7898 8277 8285
LI (21):  70 71 72 73 436 6495 6742 6743 6744 6971 6974 7163 7394 7405 7470 7479 7601 7602 7783 7786 7888
NODE_NUM = 48
FILE div_sub_182.aig

# Subcircuit 183
SUB_ID 183
LO (14):  6974 6985 7027 7405 7470 7888 8059 8060 8290 8291 8296 8298 8299 8389
LI (25):  69 70 71 73 436 6504 6742 6743 6744 6980 6983 7163 7403 7414 7465 7601 7602 7818 7882 7891 8028 8057 8058 8285 8289
NODE_NUM = 50
FILE div_sub_183.aig

# Subcircuit 184
SUB_ID 184
LO (12):  6983 6994 7022 7414 7465 7818 7882 8308 8379 8385 8758 8766
LI (24):  68 69 70 71 436 6513 6742 6743 6744 6989 6992 7163 7412 7423 7460 7601 7602 7827 7877 8057 8058 8059 8376 8384
NODE_NUM = 50
FILE div_sub_184.aig

# Subcircuit 185
SUB_ID 185
LO (12):  6992 7002 7017 7423 7460 7827 7877 8317 8374 8376 8769 8775
LI (27):  67 68 69 70 436 6521 6742 6743 6744 6997 7000 7163 7421 7431 7455 7601 7602 7836 7872 8057 8058 8059 8371 8379 8516 8519 8766
NODE_NUM = 50
FILE div_sub_185.aig

# Subcircuit 186
SUB_ID 186
LO (12):  7000 7011 7441 7455 7835 7836 7843 7866 7872 8323 8330 8345
LI (22):  34 65 66 67 68 376 418 436 595 598 6534 6742 6743 7159 7437 7448 7454 7601 7602 7828 7863 8059
NODE_NUM = 49
FILE div_sub_186.aig

# Subcircuit 187
SUB_ID 187
LO (25):  7071 7116 7151 7156 7184 7205 7584 7590 7595 7601 7609 7618 7628 7629 7637 7638 7645 7646 7981 7986 8002 8016 8032 8048 8112
LI (35):  78 87 90 91 93 94 95 6755 6757 6764 6766 6785 6819 6821 6900 6902 7163 7179 7182 7183 7188 7197 7204 7581 7589 7594 7599 7608 7617 7621 7626 7630 7635 7639 7644
NODE_NUM = 47
FILE div_sub_187.aig

# Subcircuit 188
SUB_ID 188
LO (15):  7204 7215 7581 7608 7617 8006 8010 8028 8044 8057 8062 8063 8066 8078 8087
LI (25):  91 94 436 6795 7159 7163 7203 7207 7214 7225 7570 7579 7601 7998 7999 8000 8002 8020 8023 8037 8042 8056 8060 8061 8065
NODE_NUM = 50
FILE div_sub_188.aig

# Subcircuit 189
SUB_ID 189
LO (18):  7214 7225 7235 7236 7244 7253 7261 7549 7570 7621 7626 7630 7635 7655 7656 7657 7664 7971
LI (30):  86 88 89 90 436 6804 6813 6822 6831 6832 6840 7117 7159 7163 7213 7222 7231 7234 7243 7260 7547 7550 7554 7560 7565 7601 7602 7648 7651 7663
NODE_NUM = 50
FILE div_sub_189.aig

# Subcircuit 190
SUB_ID 190
LO (14):  7262 7298 7322 7333 7509 7727 7736 7926 7942 7943 8196 8205 8214 8222
LI (24):  78 79 80 436 6849 6885 6912 7159 7162 7163 7320 7331 7510 7514 7601 7602 7710 7719 7720 7723 7735 7923 7936 7941
NODE_NUM = 47
FILE div_sub_190.aig

# Subcircuit 191
SUB_ID 191
LO (12):  7331 7342 7504 7923 8227 8228 8236 8419 8425 8426 8686 8694
LI (21):  77 78 79 80 6921 7159 7162 7163 7329 7340 7602 7744 7755 7917 7926 8057 8058 8059 8222 8226 8416
NODE_NUM = 47
FILE div_sub_191.aig

# Subcircuit 192
SUB_ID 192
LO (12):  7340 7351 7499 7755 7917 8416 8698 8699 8700 8706 8707 8904
LI (25):  76 77 78 80 6930 7159 7162 7163 7338 7349 7602 7753 7764 7912 8057 8058 8059 8255 8410 8419 8516 8519 8520 8691 8694
NODE_NUM = 49
FILE div_sub_192.aig

# Subcircuit 193
SUB_ID 193
LO (12):  7349 7360 7494 7764 7912 8255 8410 8716 8894 8900 9172 9180
LI (24):  75 76 77 78 6939 7159 7162 7163 7347 7358 7602 7762 7773 7907 8057 8058 8059 8264 8405 8516 8519 8520 8891 8899
NODE_NUM = 50
FILE div_sub_193.aig

# Subcircuit 194
SUB_ID 194
LO (24):  7358 7361 7385 7394 7403 7412 7421 7431 7437 7454 7828 34939 35336 35337 35339 35347 35351 35354 35355 35356 35609 35761 35766 36201
LI (30):  34 65 67 95 96 288 303 313 6948 7006 7012 7159 7162 7163 7356 7383 7392 7401 7410 7419 7426 7429 7602 34928 34938 35333 35335 35338 35346 35352
NODE_NUM = 50
FILE div_sub_194.aig

# Subcircuit 195
SUB_ID 195
LO (16):  7448 7853 7863 8335 8336 8343 8344 8348 8349 8351 8352 8355 8359 8364 8791 8800
LI (18):  33 65 66 67 68 288 303 313 7601 7850 7860 7866 8057 8058 8059 8330 8334 8346
NODE_NUM = 42
FILE div_sub_195.aig

# Subcircuit 196
SUB_ID 196
LO (13):  7516 7719 7723 7936 8209 8434 8455 8456 8632 8641 8650 8659 8667
LI (22):  81 82 436 7324 7511 7514 7601 7711 7712 7714 8057 8058 8174 8183 8192 8201 8206 8431 8439 8444 8449 8454
NODE_NUM = 46
FILE div_sub_196.aig

# Subcircuit 197
SUB_ID 197
LO (18):  7547 7560 7578 7639 7644 7651 7976 7982 7998 8092 8093 8098 8101 8107 8114 8125 8132 8499
LI (31):  86 92 95 436 7164 7170 7242 7252 7259 7551 7554 7559 7602 7611 7620 7629 7638 7640 7647 7973 7974 7981 7986 7991 7996 8059 8085 8087 8091 8094 8100
NODE_NUM = 49
FILE div_sub_197.aig

# Subcircuit 198
SUB_ID 198
LO (15):  7647 7648 7663 7973 8137 8138 8146 8147 8155 8156 8464 8469 8474 8593 8602
LI (22):  87 88 89 90 436 7251 7601 7602 7646 7656 7657 7661 7665 7674 7962 7971 8059 8130 8132 8136 8145 8154
NODE_NUM = 42
FILE div_sub_198.aig

# Subcircuit 199
SUB_ID 199
LO (16):  7665 7674 7962 8154 8164 8459 8465 8470 8485 8486 8578 8587 8595 8604 8614 8622
LI (22):  86 87 7269 7602 7664 7672 7683 7957 8057 8058 8059 8120 8129 8138 8147 8156 8456 8464 8469 8474 8479 8484
NODE_NUM = 50
FILE div_sub_199.aig

# Subcircuit 200
SUB_ID 200
LO (13):  7672 7683 7957 8174 8454 8626 8627 8635 8939 8945 8946 9091 9099
LI (24):  85 86 87 88 436 7278 7601 7602 7670 7681 7692 7952 8057 8058 8059 8455 8459 8516 8519 8520 8619 8622 8634 8936
NODE_NUM = 47
FILE div_sub_200.aig

# Subcircuit 201
SUB_ID 201
LO (20):  7710 7941 8192 8444 8546 8929 8936 8989 9005 9013 9014 9022 9023 9102 9111 9114 9117 9465 9470 9522
LI (26):  82 84 85 97 98 7709 7940 7942 7946 8059 8186 8190 8520 8528 8554 8645 8652 8926 8934 8988 9001 9004 9012 9021 9097 9099
NODE_NUM = 49
FILE div_sub_201.aig

# Subcircuit 202
SUB_ID 202
LO (15):  7712 7720 7735 7744 7753 7762 7773 7907 8264 8405 8725 8889 8891 9181 9189
LI (28):  75 76 77 436 7323 7324 7368 7519 7601 7602 7733 7742 7751 7760 7771 7782 7902 8057 8058 8059 8273 8400 8516 8519 8520 8886 8894 9180
NODE_NUM = 50
FILE div_sub_202.aig

# Subcircuit 203
SUB_ID 203
LO (12):  7771 7782 7902 8273 8400 8734 8884 8886 9193 9194 9198 9370
LI (29):  74 75 76 78 436 7377 7485 7601 7602 7766 7768 7780 7791 7897 7898 8057 8058 8059 8282 8395 8516 8519 8520 8881 8889 9001 9004 9186 9189
NODE_NUM = 50
FILE div_sub_203.aig

# Subcircuit 204
SUB_ID 204
LO (21):  7780 7783 7850 35762 35768 35769 35777 35778 35780 35782 35786 35787 35795 35796 36040 36187 36192 36197 36203 36215 36235
LI (28):  33 65 94 95 96 97 418 436 595 598 7386 7601 7602 7778 35347 35355 35356 35364 35373 35374 35753 35755 35761 35766 35768 35776 35785 35794
NODE_NUM = 49
FILE div_sub_204.aig

# Subcircuit 205
SUB_ID 205
LO (11):  7860 36047 36088 36427 36436 36445 36454 36463 36472 36481 36490
LI (19):  32 65 35985 35994 36003 36012 36021 36030 36038 36046 36048 36052 36057 36062 36067 36072 36077 36082 36087
NODE_NUM = 50
FILE div_sub_205.aig

# Subcircuit 206
SUB_ID 206
LO (16):  7940 7952 8183 8186 8449 8645 8934 9097 9112 9415 9431 9432 9597 9606 9615 9623
LI (25):  82 85 86 87 7701 7702 7708 7943 7946 7951 8059 8175 8181 8520 8643 8939 9005 9086 9095 9104 9111 9412 9420 9425 9430
NODE_NUM = 49
FILE div_sub_206.aig

# Subcircuit 207
SUB_ID 207
LO (16):  7974 7999 8000 8020 8023 8037 8042 8061 8065 8073 8082 8516 8533 8541 8553 8982
LI (30):  89 95 96 97 436 7187 7196 7205 7207 7584 7601 7602 7645 8016 8018 8035 8044 8052 8054 8057 8058 8059 8066 8072 8074 8079 8084 8505 8512 8552
NODE_NUM = 49
FILE div_sub_207.aig

# Subcircuit 208
SUB_ID 208
LO (23):  8035 8052 8054 8056 8058 8072 8091 8100 8110 8111 8119 8120 8128 8129 8136 8145 8181 8190 8199 8479 8484 8489 8566
LI (27):  91 92 93 97 428 436 7178 7590 7601 7602 7610 7619 7628 7637 7646 7655 7691 7700 7709 8006 8030 8032 8050 8057 8107 8116 8125
NODE_NUM = 50
FILE div_sub_208.aig

# Subcircuit 209
SUB_ID 209
LO (14):  8050 8079 8084 8085 8505 8525 8552 8563 8979 8990 8991 9010 9019 9027
LI (28):  94 95 96 7595 7602 7611 8010 8046 8048 8059 8063 8078 8093 8101 8111 8490 8493 8499 8500 8503 8516 8519 8546 8555 8556 8976 8984 8989
NODE_NUM = 50
FILE div_sub_209.aig

# Subcircuit 210
SUB_ID 210
LO (13):  8116 8130 8201 8439 8926 9121 9122 9130 9405 9411 9412 9633 9641
LI (23):  83 84 85 86 7656 7976 7982 8059 8112 8114 8196 8199 8520 8661 8672 8920 8929 9001 9004 9005 9114 9117 9402
NODE_NUM = 50
FILE div_sub_210.aig

# Subcircuit 211
SUB_ID 211
LO (10):  8206 8431 8672 8920 9139 9140 9141 9142 9144 9400
LI (22):  81 82 83 84 8059 8205 8214 8217 8228 8425 8426 8434 8516 8519 8520 8664 8667 8690 8911 9001 9004 9005
NODE_NUM = 49
FILE div_sub_211.aig

# Subcircuit 212
SUB_ID 212
LO (12):  8217 8226 8282 8395 8881 9202 9203 9211 9212 9360 9365 9711
LI (24):  74 75 76 77 7727 7736 8057 8058 8059 8277 8280 8291 8390 8516 8519 8520 8753 8875 8884 9001 9004 9005 9195 9198
NODE_NUM = 50
FILE div_sub_212.aig

# Subcircuit 213
SUB_ID 213
LO (14):  8280 8289 8384 8390 8753 8875 9220 9355 9361 9371 9705 9713 9723 9731
LI (25):  72 74 75 7790 7799 8057 8058 8299 8383 8385 8389 8516 8519 8745 8762 8870 9001 9004 9005 9203 9212 9352 9360 9365 9370
NODE_NUM = 50
FILE div_sub_213.aig

# Subcircuit 214
SUB_ID 214
LO (13):  8371 8780 8789 8854 8859 9238 9239 9247 9248 9249 9340 9345 9747
LI (25):  69 70 71 72 73 7835 8057 8058 8323 8336 8365 8374 8516 8519 8520 8772 8775 8860 8864 9001 9004 9005 9231 9234 9246
NODE_NUM = 50
FILE div_sub_214.aig

# Subcircuit 215
SUB_ID 215
LO (15):  8334 8346 8353 8365 8798 8807 8815 8839 8844 8849 9265 9266 9267 9276 9330
LI (27):  31 32 65 67 68 69 70 7843 8057 8058 8344 8345 8349 8351 8352 8355 8359 8364 8516 8519 8790 8791 8799 8800 8808 9005 9264
NODE_NUM = 47
FILE div_sub_215.aig

# Subcircuit 216
SUB_ID 216
LO (11):  8383 8490 8976 9031 9032 9040 9455 9461 9462 9543 9551
LI (21):  72 94 95 96 8296 8298 8486 8489 8516 8519 8565 8567 8582 8970 8979 9001 9004 9005 9024 9027 9452
NODE_NUM = 46
FILE div_sub_216.aig

# Subcircuit 217
SUB_ID 217
LO (17):  8493 8503 8512 8554 8555 8556 8565 8567 8582 8970 8984 9049 9452 9556 9557 9562 9977
LI (30):  93 94 96 98 8060 8062 8072 8092 8098 8100 8101 8110 8119 8485 8520 8553 8566 8580 8591 8965 8982 9001 9004 9005 9059 9446 9455 9507 9551 9555
NODE_NUM = 50
FILE div_sub_217.aig

# Subcircuit 218
SUB_ID 218
LO (18):  8580 8591 8965 9059 9446 9507 9511 9512 9520 9521 9526 9529 9571 9573 9574 9997 10002 10019
LI (25):  92 93 100 101 8128 8516 8519 8520 8578 8589 8600 8960 9001 9004 9005 9068 9441 9502 9505 9506 9510 9516 9519 9525 9528
NODE_NUM = 48
FILE div_sub_218.aig

# Subcircuit 219
SUB_ID 219
LO (11):  8589 8600 8960 9068 9441 9583 9962 9973 10075 10084 10092
LI (23):  91 92 93 8137 8516 8519 8520 8587 8598 8609 8955 9001 9004 9005 9077 9436 9505 9506 9507 9575 9959 9967 9972
NODE_NUM = 50
FILE div_sub_219.aig

# Subcircuit 220
SUB_ID 220
LO (14):  8598 8609 8955 9077 9436 9957 9959 10017 10018 10023 10024 10095 10098 10101
LI (29):  90 91 92 599 8146 8470 8516 8519 8520 8593 8595 8607 8618 8950 9001 9004 9005 9086 9431 9432 9505 9506 9507 9511 9954 9962 10004 10022 10092
NODE_NUM = 50
FILE div_sub_220.aig

# Subcircuit 221
SUB_ID 221
LO (12):  8607 8618 8950 9086 9430 9954 10105 10106 10107 10108 10110 10480
LI (29):  89 90 91 93 599 8155 8465 8516 8519 8520 8602 8604 8616 8627 8945 8946 9001 9004 9005 9505 9506 9598 9611 9949 9957 10004 10017 10098 10101
NODE_NUM = 45
FILE div_sub_221.aig

# Subcircuit 222
SUB_ID 222
LO (16):  8616 8619 8634 8643 8652 8661 8664 8690 8911 9148 9149 9157 9158 9390 9395 9657
LI (23):  81 82 83 8164 8209 8227 8516 8519 8520 8614 8632 8641 8650 8659 8688 8699 8905 9001 9004 9005 9141 9142 9144
NODE_NUM = 43
FILE div_sub_222.aig

# Subcircuit 223
SUB_ID 223
LO (16):  8688 8691 8899 8905 9166 9385 9391 9402 9646 9647 9652 9655 9659 9670 9677 9927
LI (27):  79 81 86 8236 8516 8519 8520 8686 8707 8898 8900 8904 9001 9004 9140 9149 9158 9159 9382 9390 9395 9400 9507 9639 9641 9645 9654
NODE_NUM = 47
FILE div_sub_223.aig

# Subcircuit 224
SUB_ID 224
LO (11):  8745 8762 8870 9352 9736 9737 9745 9746 9872 9877 10243
LI (21):  73 74 75 76 8290 8299 8520 8760 8771 8865 9001 9004 9005 9239 9346 9355 9505 9506 9507 9731 9735
NODE_NUM = 46
FILE div_sub_224.aig

# Subcircuit 225
SUB_ID 225
LO (20):  8760 8771 8772 8790 8799 8808 8816 8833 8864 8865 9231 9234 36979 37005 37006 37395 37404 37413 37422 37431
LI (28):  30 65 72 99 8308 8317 8335 8343 8348 8516 8519 8520 8758 8769 8861 9005 36935 36944 36953 36962 36970 36978 36980 36984 36989 36994 36999 37004
NODE_NUM = 49
FILE div_sub_225.aig

# Subcircuit 226
SUB_ID 226
LO (28):  8898 8988 8995 9001 9012 9021 9094 9095 9175 9176 9184 9185 9246 9256 9257 9264 9274 9275 9282 9283 9325 9335 9375 9380 9425 9476 9489 9684
LI (31):  69 71 79 80 89 97 8521 8527 8536 8545 8700 8706 8991 8994 8999 9011 9020 9087 9092 9168 9173 9177 9182 9245 9249 9254 9263 9267 9272 9276 9281
NODE_NUM = 47
FILE div_sub_226.aig

# Subcircuit 227
SUB_ID 227
LO (22):  9004 9011 9020 9092 9173 9182 9245 9254 9263 9272 9281 9292 9315 9502 9505 9506 9510 9516 9519 9528 9807 9990
LI (27):  67 99 412 8834 9001 9003 9010 9013 9014 9019 9091 9172 9181 9244 9253 9262 9271 9280 9285 9287 9471 9473 9477 9492 9493 9495 9504
NODE_NUM = 50
FILE div_sub_227.aig

# Subcircuit 228
SUB_ID 228
LO (15):  9024 9087 9104 9420 9949 10114 10115 10123 10124 10125 10131 10132 10470 10475 10678
LI (23):  88 89 91 92 599 8563 8626 8635 9005 9102 9505 9506 9611 9616 9629 9938 9947 10004 10017 10107 10108 10110 10116
NODE_NUM = 49
FILE div_sub_228.aig

# Subcircuit 229
SUB_ID 229
LO (16):  9159 9168 9177 9186 9195 9284 9285 9298 9320 37447 37473 37910 37919 37928 37937 37945
LI (28):  30 65 66 68 100 294 338 340 8698 8707 8716 8725 8734 8828 9001 9005 9283 9309 9319 37146 37426 37435 37443 37446 37457 37462 37467 37472
NODE_NUM = 50
FILE div_sub_229.aig

# Subcircuit 230
SUB_ID 230
LO (12):  9309 9821 9827 9858 9859 10282 10291 10300 10309 10318 10327 10334
LI (17):  29 65 66 9507 9773 9782 9791 9800 9809 9817 9826 9832 9837 9842 9847 9852 9857
NODE_NUM = 50
FILE div_sub_230.aig

# Subcircuit 231
SUB_ID 231
LO (13):  9319 9346 9754 9763 9772 9773 9857 9873 9874 10255 10264 10270 10272
LI (21):  68 72 73 74 9248 9257 9276 9282 9332 9335 9340 9345 9507 9746 9747 9753 9762 9766 9771 9859 9872
NODE_NUM = 50
FILE div_sub_231.aig

# Subcircuit 232
SUB_ID 232
LO (11):  9382 9682 9683 9691 9700 9897 9908 9909 10192 10201 10209
LI (17):  80 81 82 9176 9185 9194 9371 9375 9380 9507 9675 9677 9681 9684 9690 9699 9894
NODE_NUM = 47
FILE div_sub_232.aig

# Subcircuit 233
SUB_ID 233
LO (14):  9471 9525 9987 10004 10022 10033 10034 10042 10043 10044 10047 10515 10520 10597
LI (23):  98 100 101 599 9023 9462 9465 9470 9507 9512 9521 9522 9530 9532 9537 9984 9992 9997 10002 10017 10019 10026 10035
NODE_NUM = 50
FILE div_sub_233.aig

# Subcircuit 234
SUB_ID 234
LO (18):  9473 9477 9492 9493 9495 9504 9530 9532 9537 9984 9992 10035 10051 10052 10053 10059 10060 10510
LI (34):  97 99 100 513 599 8535 8544 8546 8990 8994 8995 9005 9022 9032 9461 9465 9476 9487 9489 9491 9505 9506 9507 9529 9543 9546 9557 9978 9987 9991 10004 10017 10044 10047
NODE_NUM = 48
FILE div_sub_234.aig

# Subcircuit 235
SUB_ID 235
LO (12):  9546 9555 9972 9978 10069 10078 10495 10511 10618 10627 10636 10644
LI (20):  95 96 97 599 9031 9040 9049 9505 9506 9562 9973 9977 10004 10017 10061 10062 10077 10492 10505 10510
NODE_NUM = 50
FILE div_sub_235.aig

# Subcircuit 236
SUB_ID 236
LO (27):  9575 9598 9611 9947 9967 10116 10331 10339 10350 10355 10490 10492 10531 10538 10539 10563 10573 10574 10577 10586 10587 10590 10596 10603 10647 10650 10653
LI (29):  67 68 69 90 94 95 9507 9574 9597 9606 9609 9966 10016 10017 10033 10086 10330 10338 10349 10354 10487 10495 10527 10530 10537 10572 10585 10602 10644
NODE_NUM = 50
FILE div_sub_236.aig

# Subcircuit 237
SUB_ID 237
LO (14):  9609 9616 9629 9938 10141 10460 10471 10481 10482 10672 10680 10690 10699 10707
LI (26):  88 89 599 9094 9122 9411 9415 9505 9506 9507 9615 9623 9627 9638 9933 10004 10017 10106 10115 10124 10133 10457 10465 10470 10475 10480
NODE_NUM = 50
FILE div_sub_237.aig

# Subcircuit 238
SUB_ID 238
LO (11):  9627 9638 9933 10457 10711 10712 10720 10721 10992 10997 11201
LI (23):  87 88 89 90 599 9112 9505 9506 9507 9633 9636 9647 9928 10004 10017 10160 10451 10460 10527 10530 10531 10704 10707
NODE_NUM = 48
FILE div_sub_238.aig

# Subcircuit 239
SUB_ID 239
LO (13):  9636 9639 9645 9654 9928 10160 10445 10451 10722 10728 10729 10731 10734
LI (23):  85 86 87 599 9121 9130 9139 9140 9405 9505 9506 9652 9656 9665 9918 9927 10004 10152 10161 10442 10527 10530 10531
NODE_NUM = 49
FILE div_sub_239.aig

# Subcircuit 240
SUB_ID 240
LO (12):  9656 9665 9918 10161 10442 10738 10739 10747 10748 10977 10982 11228
LI (23):  84 85 86 87 599 9391 9507 9655 9657 9659 9663 9674 9913 10004 10017 10187 10436 10445 10527 10530 10531 10731 10734
NODE_NUM = 50
FILE div_sub_240.aig

# Subcircuit 241
SUB_ID 241
LO (13):  9663 9674 9913 10187 10436 10756 10972 10978 10983 10984 11230 11240 11248
LI (24):  83 84 85 599 9148 9157 9505 9506 9670 9683 9908 9909 10004 10017 10196 10431 10527 10530 10531 10739 10748 10969 10977 10982
NODE_NUM = 48
FILE div_sub_241.aig

# Subcircuit 242
SUB_ID 242
LO (13):  9675 9681 9690 9699 9894 10213 10214 10222 10415 10421 10422 10780 10788
LI (22):  79 80 81 599 9166 9175 9176 9184 9385 9505 9506 9507 9705 9708 9719 9888 9897 10004 10017 10206 10209 10412
NODE_NUM = 47
FILE div_sub_242.aig

# Subcircuit 243
SUB_ID 243
LO (11):  9708 9719 9888 10412 10792 10793 10801 10802 10947 10952 11282
LI (25):  78 79 80 81 599 9193 9361 9505 9506 9507 9711 9713 9717 9728 9883 10004 10017 10241 10406 10415 10527 10530 10531 10785 10788
NODE_NUM = 50
FILE div_sub_243.aig

# Subcircuit 244
SUB_ID 244
LO (13):  9717 9728 9883 10241 10406 10810 10942 10948 10953 10954 11284 11294 11302
LI (24):  77 78 79 599 9202 9505 9506 9507 9723 9726 9737 9878 10004 10017 10250 10401 10527 10530 10531 10793 10802 10939 10947 10952
NODE_NUM = 48
FILE div_sub_244.aig

# Subcircuit 245
SUB_ID 245
LO (16):  9726 9735 9753 9762 9766 9771 9782 9852 10294 10375 10396 10825 10834 10843 10852 10860
LI (25):  71 72 9211 9220 9238 9247 9256 9266 9331 9335 9505 9506 9507 9777 9780 10017 10268 10277 10286 10293 10372 10380 10385 10390 10395
NODE_NUM = 50
FILE div_sub_245.aig

# Subcircuit 246
SUB_ID 246
LO (12):  9780 9791 9847 10372 10864 10865 10873 10907 10913 10914 11357 11365
LI (21):  70 71 72 73 9265 9505 9506 9507 9786 9789 10017 10302 10313 10366 10375 10527 10530 10531 10857 10860 10904
NODE_NUM = 48
FILE div_sub_246.aig

# Subcircuit 247
SUB_ID 247
LO (17):  9789 9800 9842 10313 10366 10883 10902 11077 11081 11088 11091 11370 11371 11378 11390 11446 11461
LI (28):  69 70 71 73 9274 9505 9506 9507 9795 9798 10017 10311 10322 10361 10362 10527 10530 10531 10595 10903 10907 11075 11076 11080 11087 11090 11365 11369
NODE_NUM = 47
FILE div_sub_247.aig

# Subcircuit 248
SUB_ID 248
LO (15):  9798 9809 9837 10322 10360 10892 10897 11388 11451 11467 11468 11902 11911 11920 11928
LI (24):  68 69 70 71 9283 9505 9506 9507 9804 9807 10017 10320 10531 10890 11075 11076 11362 11371 11380 11385 11448 11456 11461 11466
NODE_NUM = 48
FILE div_sub_248.aig

# Subcircuit 249
SUB_ID 249
LO (14):  9817 9826 9832 10012 10330 10354 37959 37990 38402 38411 38420 38429 38438 38447
LI (26):  28 65 67 415 9304 9505 9506 9507 9812 9815 10017 10329 10353 37915 37924 37933 37942 37950 37958 37960 37964 37969 37974 37979 37984 37989
NODE_NUM = 50
FILE div_sub_249.aig

# Subcircuit 250
SUB_ID 250
LO (11):  9878 9966 10250 10401 10939 11307 11308 11313 11315 11316 11496
LI (25):  77 78 80 94 599 9571 9573 9874 9877 10004 10242 10244 10259 10396 10527 10530 10531 10829 10933 10942 11075 11076 11077 11302 11306
NODE_NUM = 46
FILE div_sub_250.aig

# Subcircuit 251
SUB_ID 251
LO (31):  9991 10005 10525 10527 10537 10551 10572 10585 10602 10612 10613 10621 10622 10630 10631 10639 10640 10657 10658 10665 10666 11027 11037 11042 11047 11052 11055 11063 11102 11111 11120
LI (29):  65 96 98 99 100 101 102 9526 9990 10024 10522 10524 10536 10550 10571 10584 10601 10605 10610 10614 10619 10623 10628 10632 10637 10650 10655 10659 10664
NODE_NUM = 48
FILE div_sub_251.aig

# Subcircuit 252
SUB_ID 252
LO (18):  10026 10061 10062 10077 10086 10487 10505 10623 10655 10659 10664 11022 11038 11039 11132 11141 11150 11158
LI (29):  94 98 599 9520 9556 9583 10004 10017 10060 10075 10084 10095 10106 10481 10482 10490 10504 10530 10531 10640 10649 10653 10658 10667 11019 11020 11027 11032 11037
NODE_NUM = 50
FILE div_sub_252.aig

# Subcircuit 253
SUB_ID 253
LO (18):  10133 10152 10196 10431 10465 10702 10765 10766 10967 10968 10969 11002 11013 11014 11177 11186 11194 11257
LI (22):  83 84 90 91 9646 9682 10017 10132 10194 10205 10426 10464 10527 10530 10531 10685 10694 10701 10964 10999 11007 11012
NODE_NUM = 47
FILE div_sub_253.aig

# Subcircuit 254
SUB_ID 254
LO (11):  10194 10205 10426 10964 11262 11263 11271 11272 11516 11521 11800
LI (24):  82 83 84 85 599 9691 10004 10017 10192 10203 10214 10421 10422 10527 10530 10531 10784 10958 10967 11075 11076 11077 11257 11261
NODE_NUM = 46
FILE div_sub_254.aig

# Subcircuit 255
SUB_ID 255
LO (15):  10203 10206 10242 10244 10259 10395 10829 10933 11325 11486 11497 11498 11848 11857 11865
LI (25):  76 77 78 599 9700 9736 9745 9873 10004 10017 10201 10243 10257 10531 10827 10838 10928 11075 11076 11077 11308 11317 11483 11491 11496
NODE_NUM = 46
FILE div_sub_255.aig

# Subcircuit 256
SUB_ID 256
LO (18):  10257 10268 10390 10838 10928 11481 11483 11620 11621 11628 11635 11636 11637 11644 11868 11871 11874 12181
LI (28):  75 76 77 105 599 9754 10004 10017 10255 10266 10531 10836 10847 10923 11075 11076 11077 11081 11091 11100 11478 11486 11618 11619 11627 11633 11643 11865
NODE_NUM = 49
FILE div_sub_256.aig

# Subcircuit 257
SUB_ID 257
LO (12):  10266 10277 10385 10847 10923 11478 11878 11879 11880 11886 11887 12046
LI (25):  74 75 76 78 599 9763 10004 10017 10264 10275 10531 10845 10856 10918 11075 11076 11077 11353 11472 11481 11618 11619 11620 11871 11874
NODE_NUM = 49
FILE div_sub_257.aig

# Subcircuit 258
SUB_ID 258
LO (12):  10275 10286 10380 10856 10918 11353 11472 11896 12036 12042 12565 12573
LI (28):  73 74 75 76 599 9772 9858 10004 10017 10270 10272 10284 10531 10854 10865 10913 10914 11075 11076 11077 11362 11467 11468 11618 11619 11620 12033 12041
NODE_NUM = 50
FILE div_sub_258.aig

# Subcircuit 259
SUB_ID 259
LO (17):  10284 10293 10302 10311 10320 10329 10338 10344 10349 10353 38468 38489 38490 38935 38944 38953 38962
LI (28):  27 65 67 68 599 9821 9827 10004 10017 10282 10291 10300 10309 10318 10327 10334 10337 10348 38433 38442 38451 38459 38467 38469 38473 38478 38483 38488
NODE_NUM = 47
FILE div_sub_259.aig

# Subcircuit 260
SUB_ID 260
LO (15):  10464 10504 10522 10601 10610 11075 11076 11080 11087 11090 11100 11101 11108 11109 11611
LI (27):  90 98 103 10034 10043 10052 10053 10059 10125 10131 10511 10515 10520 10530 10531 10586 10597 10603 10604 10612 11058 11060 11061 11063 11072 11097 11106
NODE_NUM = 50
FILE div_sub_260.aig

# Subcircuit 261
SUB_ID 261
LO (11):  10524 10540 10557 11420 11447 11448 11626 11940 11949 11958 11966
LI (18):  26 65 66 102 103 10018 10023 11077 11390 11399 11408 11416 11425 11431 11436 11441 11446 11619
NODE_NUM = 47
FILE div_sub_261.aig

# Subcircuit 262
SUB_ID 262
LO (19):  10604 10605 10614 10619 10628 10632 10637 10649 11032 11058 11097 11145 11586 11602 11603 11659 11668 11677 11685
LI (28):  97 98 102 10042 10051 10069 10078 10530 10531 10603 10613 10618 10627 10636 10647 11053 11056 11075 11076 11077 11119 11128 11137 11142 11583 11591 11596 11601
NODE_NUM = 49
FILE div_sub_262.aig

# Subcircuit 263
SUB_ID 263
LO (10):  10667 11019 11163 11172 11571 11583 11686 11695 11704 11712
LI (21):  94 95 96 10105 10531 10666 10674 10685 11013 11014 11022 11075 11076 11077 11155 11158 11162 11568 11581 11683 11685
NODE_NUM = 49
FILE div_sub_263.aig

# Subcircuit 264
SUB_ID 264
LO (12):  10674 10685 11012 11568 11716 11717 11725 12131 12137 12138 12394 12402
LI (22):  93 94 95 96 10114 10527 10530 10531 10672 10683 11075 11076 11178 11191 11562 11571 11618 11619 11620 11709 11712 12128
NODE_NUM = 49
FILE div_sub_264.aig

# Subcircuit 265
SUB_ID 265
LO (16):  10683 10694 11007 11191 11562 12126 12128 12185 12193 12194 12195 12202 12285 12405 12408 12411
LI (29):  72 92 93 94 10123 10471 10527 10530 10531 10678 10680 10692 11075 11076 11187 11200 11557 11618 11619 11620 11628 11942 12123 12131 12183 12184 12192 12201 12402
NODE_NUM = 49
FILE div_sub_265.aig

# Subcircuit 266
SUB_ID 266
LO (17):  10692 10701 10704 10999 11199 11200 11208 11209 11217 11218 11223 11226 11546 11551 11556 11737 11746
LI (27):  88 90 91 92 10141 10527 10530 10531 10690 10699 10712 10721 10729 10739 10983 10984 10986 10992 10997 11077 11192 11194 11198 11201 11207 11216 11225
NODE_NUM = 48
FILE div_sub_266.aig

# Subcircuit 267
SUB_ID 267
LO (13):  10784 10958 11280 11511 11517 11537 11538 11776 11785 11794 11802 11812 11820
LI (22):  82 83 10213 10531 10782 10793 10953 10954 11075 11076 11077 11236 11245 11254 11263 11272 11508 11516 11521 11526 11531 11536
NODE_NUM = 49
FILE div_sub_267.aig

# Subcircuit 268
SUB_ID 268
LO (22):  10782 10785 10827 10836 10845 10854 10857 10890 10986 11020 11053 11106 11118 11119 11127 11128 11596 11601 11607 11608 11647 11649
LI (33):  88 95 100 101 10222 10294 10527 10530 10531 10622 10631 10665 10722 10728 10780 10825 10834 10843 10852 10889 11039 11042 11047 11052 11077 11102 11110 11111 11117 11121 11126 11603 11604
NODE_NUM = 48
FILE div_sub_268.aig

# Subcircuit 269
SUB_ID 269
LO (24):  11056 11060 11061 11072 39178 39180 39188 39198 39199 39200 39208 39209 39217 39218 39223 39225 39226 39707 39712 39717 39722 39727 39735 39744
LI (27):  101 102 103 104 595 597 10024 10034 10525 10531 10596 11055 11070 39165 39173 39175 39179 39184 39186 39191 39196 39204 39206 39213 39215 39222 39224
NODE_NUM = 46
FILE div_sub_269.aig

# Subcircuit 270
SUB_ID 270
LO (26):  11618 11627 11633 11643 11653 11654 11662 11663 11671 11672 11680 11681 11689 11690 11697 11698 12151 12156 12161 12166 12171 12174 12328 12337 12346 12355
LI (24):  99 100 101 102 103 104 11091 11101 11612 11615 11626 11642 11646 11651 11655 11660 11664 11669 11673 11678 11682 11687 11691 11696
NODE_NUM = 48
FILE div_sub_270.aig

# Subcircuit 271
SUB_ID 271
LO (25):  11110 11117 11121 11126 11137 11142 11155 11581 11591 11642 11646 11673 11683 11691 12146 12152 12157 12162 12167 12168 12339 12348 12357 12367 12375
LI (34):  97 99 102 10621 10630 10639 11038 11075 11076 11077 11109 11120 11132 11135 11141 11150 11153 11586 11607 11611 11619 11620 11640 11663 11672 11681 11690 11699 12143 12144 12151 12156 12161 12166
NODE_NUM = 49
FILE div_sub_271.aig

# Subcircuit 272
SUB_ID 272
LO (17):  11153 11178 11187 11192 11198 11207 11216 11225 11541 11557 11743 11744 11751 11752 11760 11766 12121
LI (28):  89 93 10657 10702 10711 10712 10720 10729 11002 11075 11076 11077 11177 11186 11209 11218 11223 11227 11538 11546 11551 11556 11618 11619 11736 11737 11745 11746
NODE_NUM = 46
FILE div_sub_272.aig

# Subcircuit 273
SUB_ID 273
LO (12):  11227 11236 11536 11770 11779 12101 12117 12118 12430 12439 12448 12456
LI (21):  88 89 90 10978 11077 11226 11228 11230 11234 11537 11541 11618 11619 11620 11753 11762 11766 11778 12098 12111 12116
NODE_NUM = 47
FILE div_sub_273.aig

# Subcircuit 274
SUB_ID 274
LO (12):  11234 11245 11531 12098 12460 12461 12469 12671 12677 12678 12924 12932
LI (21):  87 88 89 90 10738 11075 11076 11077 11240 11243 11620 11787 11798 12092 12101 12183 12184 12185 12453 12456 12668
NODE_NUM = 48
FILE div_sub_274.aig

# Subcircuit 275
SUB_ID 275
LO (11):  11243 11254 11526 11798 12092 12668 12937 12938 12943 12944 13266
LI (27):  86 87 88 90 10747 10766 10968 10972 11075 11076 11077 11248 11252 11620 11796 11807 12087 12183 12184 12185 12488 12662 12671 12769 12770 12932 12936
NODE_NUM = 49
FILE div_sub_275.aig

# Subcircuit 276
SUB_ID 276
LO (11):  11252 11261 11508 11824 11825 11833 12071 12077 12078 12502 12510
LI (21):  82 83 84 10756 10765 10948 11075 11076 11077 11282 11284 11288 11299 11502 11511 11618 11619 11620 11817 11820 12068
NODE_NUM = 46
FILE div_sub_276.aig

# Subcircuit 277
SUB_ID 277
LO (11):  11288 11299 11502 12068 12514 12515 12523 12524 12641 12646 12975
LI (24):  81 82 83 84 10792 11075 11076 11077 11294 11297 11308 11497 11498 11618 11619 11620 11852 12062 12071 12183 12184 12185 12507 12510
NODE_NUM = 47
FILE div_sub_277.aig

# Subcircuit 278
SUB_ID 278
LO (19):  11297 11306 11317 11362 11466 11491 11906 12031 12032 12033 12062 12532 12533 12534 12535 12537 12579 12582 12636
LI (25):  74 75 79 80 82 10801 10810 11075 11076 11077 11316 11357 11360 11490 11620 11859 11870 11904 12028 12053 12061 12183 12184 12185 12525
NODE_NUM = 45
FILE div_sub_278.aig

# Subcircuit 279
SUB_ID 279
LO (12):  11360 11369 11380 11456 12028 12308 12309 12317 12585 12594 12597 12598
LI (23):  72 73 74 10864 10873 11075 11076 11077 11375 11378 11620 11915 11922 11933 12017 12026 12183 12184 12185 12296 12300 12580 12582
NODE_NUM = 50
FILE div_sub_279.aig

# Subcircuit 280
SUB_ID 280
LO (21):  11385 11399 11408 11436 11441 11942 11943 11952 12001 12006 12212 12275 12770 12771 12774 12784 12785 12790 12793 13099 13351
LI (26):  68 69 70 107 10573 11075 11076 11077 11384 11394 11397 11403 11406 11620 11941 11950 12185 12210 12317 12768 12769 12773 12780 12783 12789 12792
NODE_NUM = 46
FILE div_sub_280.aig

# Subcircuit 281
SUB_ID 281
LO (15):  11406 11416 11431 11961 11996 12221 12270 13109 13166 13182 13183 13379 13388 13397 13405
LI (24):  67 68 69 70 10538 11075 11076 11077 11411 11414 11620 11959 12185 12219 12768 12769 13083 13092 13101 13106 13163 13171 13176 13181
NODE_NUM = 48
FILE div_sub_281.aig

# Subcircuit 282
SUB_ID 282
LO (13):  11414 11425 11976 39532 39568 39569 40008 40017 40026 40035 40044 40053 40062
LI (22):  25 65 291 10552 11075 11076 39470 39479 39488 39497 39506 39515 39523 39531 39533 39537 39542 39547 39552 39557 39562 39567
NODE_NUM = 48
FILE div_sub_282.aig

# Subcircuit 283
SUB_ID 283
LO (24):  11490 11604 11612 11615 11640 12183 12192 12201 12210 12219 12229 12230 12237 12238 12260 12265 12280 12295 12296 12299 12300 12322 12758 13068
LI (33):  67 68 71 73 79 102 104 11088 11090 11108 11313 11315 11608 11611 11636 11644 11654 12172 12175 12181 12191 12195 12200 12203 12209 12218 12222 12227 12231 12235 12287 12288 12293
NODE_NUM = 49
FILE div_sub_283.aig

# Subcircuit 284
SUB_ID 284
LO (18):  11651 11655 11660 11664 11669 11678 11682 11687 11696 11699 12143 12379 12380 12388 12389 12716 12721 12840
LI (27):  97 98 99 11118 11127 11145 11163 11602 11619 11620 11647 11649 11659 11668 11677 11686 11695 11698 11706 11717 12137 12138 12146 12183 12184 12185 12375
NODE_NUM = 44
FILE div_sub_284.aig

# Subcircuit 285
SUB_ID 285
LO (17):  11706 11709 11736 11745 11753 12116 12424 12696 12717 12722 12723 12842 12852 12861 12870 12879 12887
LI (28):  92 94 11172 11199 11208 11618 11619 11620 11704 11752 12114 12117 12121 12183 12184 12380 12389 12398 12407 12416 12417 12420 12693 12701 12706 12711 12716 12721
NODE_NUM = 48
FILE div_sub_285.aig

# Subcircuit 286
SUB_ID 286
LO (14):  11762 12111 12693 12892 12893 12901 12902 12910 12911 13281 13286 13291 13644 13653
LI (21):  91 92 93 94 95 11217 11620 11760 12185 12434 12441 12452 12682 12691 12768 12769 12770 12885 12887 12891 12900
NODE_NUM = 49
FILE div_sub_286.aig

# Subcircuit 287
SUB_ID 287
LO (13):  11778 11787 11796 11807 12087 12488 12662 12955 13256 13262 13263 13701 13709
LI (24):  86 87 88 11262 11618 11619 11620 11776 11785 11794 11805 11816 12082 12183 12184 12185 12497 12657 12768 12769 12770 12947 13253 13261
NODE_NUM = 49
FILE div_sub_287.aig

# Subcircuit 288
SUB_ID 288
LO (12):  11805 11816 12082 12497 12657 12964 13251 13253 13713 13714 13718 13859
LI (29):  85 86 87 89 11271 11517 11618 11619 11620 11800 11802 11814 11825 12077 12078 12183 12184 12185 12506 12652 12768 12769 12770 13248 13256 13353 13355 13706 13709
NODE_NUM = 50
FILE div_sub_288.aig

# Subcircuit 289
SUB_ID 289
LO (15):  11814 11817 11852 11859 11870 12053 12061 12525 12541 12542 12550 12551 12626 12631 13002
LI (22):  79 80 81 11280 11307 11325 11618 11619 11620 11812 11848 11850 11857 11868 11879 12047 12183 12184 12185 12534 12535 12537
NODE_NUM = 45
FILE div_sub_289.aig

# Subcircuit 290
SUB_ID 290
LO (14):  12041 12047 12559 12621 12627 12642 12652 12969 12977 12987 12996 13004 13014 13022
LI (21):  77 79 11887 12040 12042 12046 12183 12184 12515 12524 12533 12542 12551 12552 12618 12626 12631 12636 12641 12646 12651
NODE_NUM = 47
FILE div_sub_290.aig

# Subcircuit 291
SUB_ID 291
LO (15):  11904 11915 12026 12580 12595 12601 12618 13027 13028 13033 13036 13042 13051 13058 13216
LI (24):  74 75 80 11370 11618 11619 11620 11902 11913 12031 12185 12569 12578 12587 12594 12598 12606 12611 12616 12770 13020 13022 13026 13035
NODE_NUM = 48
FILE div_sub_291.aig

# Subcircuit 292
SUB_ID 292
LO (22):  11913 11922 11933 11934 11941 11950 11959 11969 11970 11985 11991 12011 12017 12040 12114 12123 12222 12288 12293 12414 12415 12420
LI (42):  24 65 67 71 72 77 92 105 11388 11390 11420 11447 11451 11618 11619 11620 11621 11627 11628 11744 11751 11880 11886 11911 11920 11928 11931 11940 11949 11958 11966 12010 12012 12013 12118 12121 12183 12184 12185 12408 12409 12411
NODE_NUM = 50
FILE div_sub_292.aig

# Subcircuit 293
SUB_ID 293
LO (17):  12144 12172 12768 12773 12780 12783 12789 12792 12802 12803 12811 12812 12819 12820 13336 13341 13554
LI (26):  98 104 105 11697 12168 12171 12183 12184 12326 12327 12329 12344 12742 12751 12767 12769 12770 12772 12776 12778 12782 12791 12808 12809 12817 12818
NODE_NUM = 48
FILE div_sub_293.aig

# Subcircuit 294
SUB_ID 294
LO (17):  12175 12191 12200 12203 13083 13181 13370 13382 13501 13507 13543 13805 13806 13976 13984 13994 14002
LI (28):  71 73 74 11637 12174 12184 12190 12199 12202 12281 12285 12770 13077 13081 13182 13186 13356 13365 13369 13374 13381 13498 13506 13511 13522 13525 13535 13538
NODE_NUM = 46
FILE div_sub_294.aig

# Subcircuit 295
SUB_ID 295
LO (14):  12209 12218 12227 12231 12235 12239 12254 13140 13163 13407 13416 13425 13434 13442
LI (23):  23 65 66 106 11980 11986 12184 12185 12208 12217 12226 12233 12770 13119 13128 13136 13145 13151 13156 13161 13355 13403 13405
NODE_NUM = 47
FILE div_sub_295.aig

# Subcircuit 296
SUB_ID 296
LO (19):  12287 12326 12327 12329 12344 12345 12742 12751 12776 12778 12791 12808 12809 13073 13077 13186 13188 13361 13369
LI (33):  74 103 105 11644 11653 11662 11671 12162 12167 12183 12184 12185 12194 12282 12285 12322 12324 12328 12337 12339 12342 12353 12737 12761 12763 12769 12770 13066 13068 13072 13183 13191 13360
NODE_NUM = 50
FILE div_sub_296.aig

# Subcircuit 297
SUB_ID 297
LO (16):  12353 12737 12817 12818 13331 13337 13353 13381 13391 13392 13496 13548 13556 13566 13574 13956
LI (26):  73 102 12157 12183 12184 12345 12346 12348 12362 12732 12769 12770 12785 12794 12803 12812 12821 13328 13329 13336 13341 13346 13351 13380 13384 13389
NODE_NUM = 50
FILE div_sub_297.aig

# Subcircuit 298
SUB_ID 298
LO (10):  12362 12732 13328 13578 13579 13587 13588 13929 13934 14214
LI (20):  101 102 103 104 11680 12185 12360 12371 12727 12768 12769 12770 12839 13322 13331 13353 13355 13356 13571 13574
NODE_NUM = 46
FILE div_sub_298.aig

# Subcircuit 299
SUB_ID 299
LO (13):  12360 12371 12727 12839 13322 13596 13924 13930 13935 13936 14216 14226 14234
LI (27):  100 101 102 11689 12152 12183 12184 12185 12355 12357 12369 12380 12722 12723 12768 12769 12770 12848 13317 13353 13355 13356 13579 13588 13921 13929 13934
NODE_NUM = 49
FILE div_sub_299.aig

# Subcircuit 300
SUB_ID 300
LO (14):  12369 12398 12711 13317 13605 13606 13614 13615 13616 13617 13619 13914 13919 14241
LI (23):  97 98 100 101 11716 12183 12184 12185 12367 12396 12768 12769 12857 12862 12875 13303 13311 13316 13353 13355 13356 13598 13607
NODE_NUM = 46
FILE div_sub_300.aig

# Subcircuit 301
SUB_ID 301
LO (13):  12396 12407 12706 12875 13303 13623 13624 13632 13904 13910 13911 14262 14270
LI (22):  96 97 98 99 11725 12183 12184 12185 12394 12405 12768 12769 12871 12884 13297 13353 13355 13356 13616 13617 13619 13901
NODE_NUM = 48
FILE div_sub_301.aig

# Subcircuit 302
SUB_ID 302
LO (17):  12409 12416 12417 12434 12691 12701 12884 12885 12900 13297 13641 13901 14275 14276 14277 14279 14519
LI (28):  93 95 96 97 99 11743 11744 11752 12126 12185 12415 12432 12696 12700 12768 12769 12880 12893 13292 13353 13355 13356 13651 13896 13904 13967 14270 14274
NODE_NUM = 47
FILE div_sub_302.aig

# Subcircuit 303
SUB_ID 303
LO (14):  12432 12441 12452 12682 12919 13276 13282 13292 13650 13651 13655 13667 13673 13894
LI (26):  91 92 96 11770 12183 12184 12185 12430 12439 12450 12461 12677 12678 12768 12769 12770 12902 12911 13273 13281 13286 13291 13353 13355 13643 13644
NODE_NUM = 48
FILE div_sub_303.aig

# Subcircuit 304
SUB_ID 304
LO (13):  12450 12453 12506 12651 13248 13722 13723 13731 13849 13855 13856 14361 14369
LI (23):  85 86 87 88 11779 11824 12183 12184 12185 12448 12504 12768 12769 12970 12983 13242 13251 13353 13355 13356 13715 13718 13846
NODE_NUM = 50
FILE div_sub_304.aig

# Subcircuit 305
SUB_ID 305
LO (16):  12504 12507 12552 12569 12616 13020 13035 13211 13237 13238 13746 13755 13764 13773 13782 13790
LI (26):  78 79 11833 11878 11887 12183 12184 12185 12502 12567 12621 12768 12769 12992 13001 13010 13019 13028 13033 13037 13208 13216 13221 13226 13231 13236
NODE_NUM = 49
FILE div_sub_305.aig

# Subcircuit 306
SUB_ID 306
LO (12):  12567 12578 12611 13208 13794 13795 13803 13809 13815 13816 14159 14173
LI (23):  77 78 79 80 11896 12183 12184 12185 12565 12576 12768 12769 13042 13055 13202 13203 13211 13353 13355 13356 13787 13790 13806
NODE_NUM = 48
FILE div_sub_306.aig

# Subcircuit 307
SUB_ID 307
LO (20):  12576 12587 12606 13055 13201 13535 13538 13967 13971 13972 13980 13981 13989 13990 13995 14144 14149 14154 14854 14863
LI (25):  76 77 78 79 11906 12032 12036 12183 12184 12573 12579 12585 12768 12769 13051 13356 13533 13543 13965 13966 13976 13979 13985 13988 13994
NODE_NUM = 47
FILE div_sub_307.aig

# Subcircuit 308
SUB_ID 308
LO (23):  12700 12761 12763 12767 12769 12772 12782 12847 12848 12856 12857 12891 12928 12929 12936 12982 12983 12990 12991 13241 13271 13311 13316
LI (27):  85 91 95 99 100 106 11635 12184 12185 12308 12379 12388 12408 12414 12424 12460 12469 12514 12523 12759 12765 12768 12844 12853 12925 12979 12988
NODE_NUM = 47
FILE div_sub_308.aig

# Subcircuit 309
SUB_ID 309
LO (24):  12759 12794 12821 12844 12853 12862 12871 12880 12925 12947 13261 13346 13551 13552 13571 13695 13696 13704 13864 13870 13871 13949 14334 14342
LI (33):  89 90 91 103 106 107 12185 12717 12758 12768 12770 12793 12820 12840 12842 12852 12861 12870 12879 12924 12943 12944 13262 13266 13345 13353 13355 13356 13550 13688 13691 13703 13861
NODE_NUM = 50
FILE div_sub_309.aig

# Subcircuit 310
SUB_ID 310
LO (13):  12970 12979 12988 12992 13236 13846 14374 14375 14383 14384 14459 14464 14781
LI (26):  84 86 87 88 12642 12770 12969 12975 12977 12987 12991 13234 13237 13241 13353 13355 13733 13736 13750 13840 13849 13965 13966 13967 14369 14373
NODE_NUM = 43
FILE div_sub_310.aig

# Subcircuit 311
SUB_ID 311
LO (11):  13001 13231 13840 14392 14393 14401 14449 14455 14456 14802 14810
LI (17):  83 84 85 86 12770 12996 12999 13356 13757 13768 13830 13839 13965 13966 13967 14391 14446
NODE_NUM = 47
FILE div_sub_311.aig

# Subcircuit 312
SUB_ID 312
LO (11):  12999 13010 13226 13768 13830 14446 14815 14816 14821 14822 15088
LI (26):  82 83 84 86 12532 12627 12768 12769 12770 13002 13004 13008 13356 13766 13777 13825 13965 13966 13967 14420 14440 14449 14584 14585 14810 14814
NODE_NUM = 48
FILE div_sub_312.aig

# Subcircuit 313
SUB_ID 313
LO (17):  13008 13019 13221 13777 13825 14420 14440 14585 14589 14599 14600 14605 14830 14832 14833 15067 15208
LI (26):  81 82 83 110 12541 12768 12769 12770 13014 13017 13356 13775 13786 13820 13965 13966 13967 14186 14429 14435 14583 14584 14588 14595 14598 14604
NODE_NUM = 50
FILE div_sub_313.aig

# Subcircuit 314
SUB_ID 314
LO (18):  13017 13026 13037 13064 13066 13072 13081 13092 13101 13171 13176 13196 13384 13393 13522 13525 13787 13979
LI (30):  71 72 76 77 79 12193 12194 12202 12295 12299 12309 12550 12559 12595 12597 12601 12768 12769 12770 13036 13058 13062 13087 13090 13096 13099 13356 13520 13965 13966
NODE_NUM = 46
FILE div_sub_314.aig

# Subcircuit 315
SUB_ID 315
LO (15):  13106 13119 13161 13403 13419 13481 14043 14114 14135 14136 14893 14902 14911 14920 14928
LI (22):  69 70 71 12770 13105 13114 13117 13166 13356 13417 13965 13966 14008 14017 14026 14035 14040 14111 14119 14124 14129 14134
NODE_NUM = 48
FILE div_sub_315.aig

# Subcircuit 316
SUB_ID 316
LO (13):  13117 13128 13156 13428 13476 14111 14933 14934 14942 14943 15013 15018 15305
LI (24):  68 69 70 71 72 12229 12768 12769 12770 13123 13126 13356 13426 13965 13966 14049 14062 14105 14114 14583 14584 14585 14928 14932
NODE_NUM = 46
FILE div_sub_316.aig

# Subcircuit 317
SUB_ID 317
LO (15):  13126 13136 13151 13437 13471 14062 14105 14951 15008 15014 15019 15020 15307 15317 15325
LI (25):  67 68 69 70 12237 12768 12769 12770 13131 13134 13356 13435 13965 13966 14058 14071 14100 14583 14584 14585 14934 14943 15005 15013 15018
NODE_NUM = 47
FILE div_sub_317.aig

# Subcircuit 318
SUB_ID 318
LO (12):  13134 13145 41231 41267 41268 41741 41750 41759 41768 41777 41786 41795
LI (21):  22 65 12249 12768 12769 41169 41178 41187 41196 41205 41214 41222 41230 41232 41236 41241 41246 41251 41256 41261 41266
NODE_NUM = 47
FILE div_sub_318.aig

# Subcircuit 319
SUB_ID 319
LO (14):  13190 13234 13242 13273 13677 13686 13691 13736 13874 13890 14298 14307 14316 14324
LI (24):  75 84 92 93 12771 12773 12929 12938 12990 13238 13241 13263 13266 13271 13353 13355 13669 13670 13671 13673 13679 13871 13884 13889
NODE_NUM = 50
FILE div_sub_319.aig

# Subcircuit 320
SUB_ID 320
LO (15):  13329 13345 13380 13389 13498 14007 14008 14016 14017 14025 14026 14124 14129 14134 14885
LI (31):  72 73 74 75 103 106 12790 12792 12819 13353 13355 13379 13388 13392 13393 13397 13410 13487 13488 13496 13965 13966 13967 14000 14002 14006 14015 14135 14139 14585 14883
NODE_NUM = 50
FILE div_sub_320.aig

# Subcircuit 321
SUB_ID 321
LO (13):  13410 13486 14035 14119 14924 15023 15044 15045 15263 15272 15281 15290 15298
LI (21):  71 72 73 13109 13356 13408 13965 13966 14031 14583 14584 14889 14898 14907 14916 14921 15020 15028 15033 15038 15043
NODE_NUM = 47
FILE div_sub_321.aig

# Subcircuit 322
SUB_ID 322
LO (15):  13408 13417 13426 13435 13445 13466 14071 14100 15005 15329 15330 15331 15332 15334 15407
LI (28):  67 68 69 71 13140 13353 13356 13407 13416 13425 13434 13443 13965 13966 14067 14079 14095 14583 14584 14585 14970 15000 15008 15210 15212 15213 15322 15325
NODE_NUM = 46
FILE div_sub_322.aig

# Subcircuit 323
SUB_ID 323
LO (18):  13443 13446 13460 14088 14095 14969 14970 14977 14978 14982 14983 14985 14986 14989 14993 14998 15341 15350
LI (15):  20 21 65 66 67 68 108 13353 13442 13967 14094 14583 14584 14585 14968
NODE_NUM = 48
FILE div_sub_323.aig

# Subcircuit 324
SUB_ID 324
LO (26):  13550 13560 13944 13950 13951 13965 13988 13998 14006 14015 14078 14079 14094 14139 14145 14150 14155 14156 14163 14164 14190 14198 14856 14865 14875 14883
LI (29):  67 76 106 12802 13353 13355 13356 13548 13552 13559 13941 13949 13964 13972 13981 13987 13990 13995 13996 14005 14014 14075 14076 14136 14144 14149 14154 14161 14162
NODE_NUM = 50
FILE div_sub_324.aig

# Subcircuit 325
SUB_ID 325
LO (12):  13559 13941 14203 14212 14554 14565 14566 14583 14588 14604 14613 14621
LI (25):  105 106 107 12811 13337 13353 13355 13356 13554 13556 13568 13579 13935 13936 13944 13965 13966 13967 14195 14198 14202 14551 14564 14582 14587
NODE_NUM = 50
FILE div_sub_325.aig

# Subcircuit 326
SUB_ID 326
LO (17):  13568 13598 13607 13643 13889 13896 14284 14285 14293 14294 14302 14303 14504 14509 14514 14691 14700
LI (24):  95 96 97 98 12847 12856 12892 12901 13353 13355 13356 13566 13651 13658 13890 13894 13965 13966 13967 14277 14279 14283 14292 14299
NODE_NUM = 41
FILE div_sub_326.aig

# Subcircuit 327
SUB_ID 327
LO (16):  13658 13669 13884 14311 14499 14505 14510 14530 14531 14667 14676 14685 14693 14702 14712 14720
LI (26):  94 95 12910 13282 13353 13355 13356 13653 13655 13667 13965 13966 14258 14267 14276 14285 14294 14303 14308 14496 14504 14509 14514 14519 14524 14529
NODE_NUM = 50
FILE div_sub_327.aig

# Subcircuit 328
SUB_ID 328
LO (20):  13670 13671 13679 13688 13703 13706 13715 13733 13750 13757 13766 13775 13786 13820 13839 14391 14428 14429 14435 14838
LI (31):  81 82 85 12919 12928 12929 12937 12955 12964 12982 12991 13027 13276 13353 13355 13356 13701 13746 13748 13755 13764 13773 13784 13795 13815 13816 13965 13966 13967 14178 14430
NODE_NUM = 50
FILE div_sub_328.aig

# Subcircuit 329
SUB_ID 329
LO (12):  13784 13861 14347 14356 14474 14496 14721 14730 14739 14748 14757 14765
LI (23):  90 91 13353 13355 13714 13782 13856 13859 13967 14321 14330 14339 14340 14342 14346 14350 14355 14471 14484 14489 14494 14718 14720
NODE_NUM = 49
FILE div_sub_329.aig

# Subcircuit 330
SUB_ID 330
LO (12):  13921 14239 14248 14257 14258 14529 14550 14631 14640 14649 14655 14657
LI (20):  101 102 103 13606 13615 13911 13914 13919 13967 14231 14232 14234 14238 14241 14247 14251 14256 14531 14544 14549
NODE_NUM = 50
FILE div_sub_330.aig

# Subcircuit 331
SUB_ID 331
LO (25):  13959 13961 13964 13966 13987 13996 14005 14014 14076 14162 14177 14178 14186 14194 14195 14202 14221 14222 14229 14230 14430 14549 14564 14570 14575
LI (26):  81 105 108 12784 13355 13356 13364 13373 13382 13391 13455 13551 13560 13578 13587 13794 13803 13957 13962 13965 14165 14169 14174 14191 14218 14227
NODE_NUM = 49
FILE div_sub_331.aig

# Subcircuit 332
SUB_ID 332
LO (19):  13957 13985 14000 14031 14040 14049 14058 14067 14075 14161 14169 14852 15063 15079 15080 15218 15226 15474 15487
LI (33):  81 13356 13392 13501 13507 13535 13805 13809 13956 13967 13972 13982 13984 14030 14039 14048 14057 14066 14074 14155 14156 14159 14165 14166 14585 14834 14843 14844 14851 15060 15068 15073 15078
NODE_NUM = 48
FILE div_sub_332.aig

# Subcircuit 333
SUB_ID 333
LO (24):  14165 14166 14174 14191 14218 14227 14231 14232 14238 14247 14251 14256 14267 14524 14544 14644 14645 14680 14851 15163 15169 15183 15567 15575
LI (34):  80 100 101 104 105 13596 13605 13606 13614 13624 13910 13914 13924 13930 13965 13966 13967 14163 14164 14173 14190 14214 14216 14226 14230 14262 14265 14542 14583 14584 14641 14677 15160 15168
NODE_NUM = 50
FILE div_sub_333.aig

# Subcircuit 334
SUB_ID 334
LO (17):  14265 14274 14283 14292 14299 14308 14321 14494 14718 14734 15133 15154 15594 15603 15612 15621 15629
LI (25):  94 95 13623 13632 13641 13650 13965 13966 13967 14298 14307 14316 14319 14499 14583 14584 14708 14717 14726 14731 15130 15138 15143 15148 15153
NODE_NUM = 50
FILE div_sub_334.aig

# Subcircuit 335
SUB_ID 335
LO (11):  14319 14330 14489 15130 15633 15634 15642 15643 15774 15779 16312
LI (24):  93 94 95 96 13677 13696 13870 13874 13965 13966 13967 14324 14328 14583 14584 14740 14753 15124 15133 15210 15212 15213 15626 15629
NODE_NUM = 44
FILE div_sub_335.aig

# Subcircuit 336
SUB_ID 336
LO (14):  14328 14339 14484 14753 15124 15651 15769 15775 15785 15786 16306 16314 16324 16332
LI (24):  92 93 94 13686 13965 13966 13967 14334 14337 14583 14584 14749 14762 15119 15210 15212 15213 15625 15634 15643 15766 15774 15779 15784
NODE_NUM = 47
FILE div_sub_336.aig

# Subcircuit 337
SUB_ID 337
LO (14):  14337 14340 14346 14350 14355 14471 14770 14771 14779 15108 15114 15115 15666 15674
LI (25):  89 90 91 13695 13704 13713 13714 13723 13855 13859 13864 13965 13966 13967 14361 14364 14375 14465 14474 14583 14584 14585 14765 14769 15105
NODE_NUM = 48
FILE div_sub_337.aig

# Subcircuit 338
SUB_ID 338
LO (13):  14364 14373 14465 15098 15105 15678 15679 15680 15686 15687 15689 15692 15754
LI (23):  88 89 91 13722 13731 13965 13966 14384 14456 14459 14464 14585 14781 14787 14791 14796 15095 15108 15210 15212 15213 15671 15674
NODE_NUM = 48
FILE div_sub_338.aig

# Subcircuit 339
SUB_ID 339
LO (20):  14542 14551 14582 14584 14587 14595 14598 14608 14609 14617 14618 14626 14627 14634 14635 15193 15198 15203 15501 15510
LI (29):  104 107 108 109 13552 13950 13959 13961 13962 13967 14177 14194 14195 14203 14212 14221 14222 14229 14550 14565 14566 14571 14575 14580 14583 14605 14614 14623 14632
NODE_NUM = 49
FILE div_sub_339.aig

# Subcircuit 340
SUB_ID 340
LO (24):  14571 14614 14623 14632 15188 15194 15199 15210 15239 15240 15248 15249 15257 15258 15447 15452 15457 15503 15512 15522 15530 15856 15901 15910
LI (29):  79 80 81 13951 14222 14550 14554 14570 14585 14600 14609 14613 14618 14621 14627 14631 14636 15185 15186 15193 15198 15203 15208 15232 15237 15241 15246 15250 15255
NODE_NUM = 50
FILE div_sub_340.aig

# Subcircuit 341
SUB_ID 341
LO (14):  14636 14641 15185 15534 15535 15543 15544 15552 15553 15824 15829 15834 16213 16222
LI (19):  104 105 106 107 14585 14635 14640 14645 14649 14652 14663 15174 15183 15210 15212 15213 15528 15530 15536
NODE_NUM = 48
FILE div_sub_341.aig

# Subcircuit 342
SUB_ID 342
LO (14):  14652 14663 15174 15561 15819 15825 15830 15845 16198 16207 16215 16224 16234 16242
LI (25):  103 104 14239 14530 14583 14584 14585 14655 14657 14661 14672 15169 15210 15212 15213 15526 15535 15544 15553 15816 15824 15829 15834 15839 15844
NODE_NUM = 50
FILE div_sub_342.aig

# Subcircuit 343
SUB_ID 343
LO (20):  14661 14672 15168 15816 15868 15872 15873 15881 15882 15887 15890 16148 16153 16247 16248 16253 16255 16256 16477 16760
LI (26):  85 86 102 103 105 14248 14583 14584 14585 14667 14670 15213 15499 15569 15580 15810 15819 15866 15867 15871 15877 15880 15886 15889 16242 16246
NODE_NUM = 50
FILE div_sub_343.aig

# Subcircuit 344
SUB_ID 344
LO (12):  14670 14677 15160 15580 15804 15810 16262 16264 16265 16269 16273 16460
LI (22):  100 101 102 14257 14583 14584 14585 14676 14685 14688 14699 15154 15163 15210 15212 15213 15572 15575 15801 15866 15867 15868
NODE_NUM = 49
FILE div_sub_344.aig

# Subcircuit 345
SUB_ID 345
LO (12):  14688 14699 15153 15801 16274 16275 16283 16457 16463 16464 16627 16635
LI (24):  99 100 101 102 14275 14510 14583 14584 14585 14691 14693 14697 15213 15596 15607 15795 15804 15866 15867 15868 16269 16273 16454 16460
NODE_NUM = 48
FILE div_sub_345.aig

# Subcircuit 346
SUB_ID 346
LO (11):  14697 14708 15148 15607 15795 16454 16640 16641 16646 16647 17137
LI (26):  98 99 100 102 14284 14505 14583 14584 14585 14700 14702 14706 15213 15605 15616 15790 15866 15867 15868 16302 16448 16457 16526 16527 16635 16639
NODE_NUM = 48
FILE div_sub_346.aig

# Subcircuit 347
SUB_ID 347
LO (18):  14706 14717 15143 15616 15790 16302 16448 16527 16528 16531 16541 16542 16547 16550 16655 16657 16658 17192
LI (28):  97 98 99 113 14293 14583 14584 14585 14712 14715 15213 15614 15625 15785 15786 15866 15867 15868 16185 16311 16443 16525 16526 16530 16537 16540 16546 16549
NODE_NUM = 48
FILE div_sub_347.aig

# Subcircuit 348
SUB_ID 348
LO (14):  14715 14726 15138 15625 15784 16311 16443 16667 17122 17133 17134 17682 17691 17699
LI (25):  96 97 98 99 14302 14583 14584 14585 14721 14724 15213 15623 15866 15867 16307 16320 16438 16525 16526 16527 16650 16659 17119 17127 17132
NODE_NUM = 50
FILE div_sub_348.aig

# Subcircuit 349
SUB_ID 349
LO (14):  14724 14731 14740 14749 14762 15119 15766 16337 16338 16346 16347 16422 16427 16687
LI (27):  92 93 94 95 14311 14583 14584 14585 14730 14739 14748 14757 14760 14771 15114 15115 15210 15212 15213 15670 15760 15769 15866 15867 15868 16332 16336
NODE_NUM = 49
FILE div_sub_349.aig

# Subcircuit 350
SUB_ID 350
LO (14):  14760 14769 14787 14791 14796 15095 15696 15697 15705 15739 15745 15746 16378 16386
LI (24):  87 88 89 14347 14356 14374 14383 14393 14455 14459 14583 14584 14585 14802 14805 14816 15089 15098 15210 15212 15213 15689 15692 15736
NODE_NUM = 50
FILE div_sub_350.aig

# Subcircuit 351
SUB_ID 351
LO (10):  14805 14814 15089 15714 15715 15723 15735 15736 16159 16172
LI (19):  85 86 87 14392 14401 14583 14584 14821 14822 14834 15079 15080 15088 15210 15212 15213 15491 15707 15725
NODE_NUM = 49
FILE div_sub_351.aig

# Subcircuit 352
SUB_ID 352
LO (16):  14834 14843 14862 15058 15059 15060 15073 15078 15232 15235 15491 15499 15725 15871 15877 15880
LI (24):  80 83 84 85 14150 14428 14583 14584 14585 14833 14838 14841 14854 14856 14860 15055 15077 15213 15222 15468 15476 15489 15866 15867
NODE_NUM = 50
FILE div_sub_352.aig

# Subcircuit 353
SUB_ID 353
LO (10):  14860 14889 15043 15055 15237 15241 15246 15250 15255 15259
LI (26):  77 78 79 13971 13980 13989 13998 14145 14583 14584 14585 14863 14865 14869 14875 14878 14880 14885 14889 15044 15045 15049 15058 15212 15213 15235
NODE_NUM = 48
FILE div_sub_353.aig

# Subcircuit 354
SUB_ID 354
LO (15):  14898 15038 15275 15437 15448 15453 15468 15886 15896 15899 15903 15912 15923 15932 15939
LI (22):  76 77 14585 14893 14896 15213 15231 15240 15249 15258 15267 15274 15434 15442 15447 15452 15457 15462 15467 15868 15883 15898
NODE_NUM = 47
FILE div_sub_354.aig

# Subcircuit 355
SUB_ID 355
LO (12):  14896 14907 15033 15434 15944 15945 15953 16108 16114 16115 16835 16843
LI (21):  75 76 77 78 14007 14583 14584 14585 14902 14905 15213 15283 15294 15428 15437 15866 15867 15868 15939 15943 16105
NODE_NUM = 47
FILE div_sub_355.aig

# Subcircuit 356
SUB_ID 356
LO (12):  14905 14916 15028 15294 15428 16105 16848 16849 16854 16856 16857 17017
LI (25):  74 75 76 78 14016 14583 14584 14585 14911 14914 15213 15292 15303 15423 15866 15867 15868 15972 16099 16108 16525 16526 16527 16843 16847
NODE_NUM = 48
FILE div_sub_356.aig

# Subcircuit 357
SUB_ID 357
LO (17):  14914 14921 14932 14968 14987 15000 15338 15339 15347 15348 15356 15357 15363 15364 15392 15397 15402
LI (30):  19 65 68 69 70 14025 14043 14078 14583 14584 14585 14920 14970 14978 14983 14985 14986 14989 14993 14998 15210 15212 15331 15332 15334 15340 15341 15349 15350 15358
NODE_NUM = 49
FILE div_sub_357.aig

# Subcircuit 358
SUB_ID 358
LO (15):  15068 15077 15186 15227 15267 15442 15935 16118 16139 16140 16790 16799 16808 16817 16825
LI (29):  78 79 84 106 14634 14830 14832 14844 14862 15059 15063 15067 15210 15212 15226 15259 15263 15866 15867 15900 15909 15918 15927 15932 16115 16123 16128 16133 16138
NODE_NUM = 48
FILE div_sub_358.aig

# Subcircuit 359
SUB_ID 359
LO (13):  15274 15283 15292 15303 15423 15972 16099 16866 17007 17013 17014 17308 17316
LI (24):  74 75 76 14924 15210 15212 15213 15272 15281 15290 15301 15312 15418 15866 15867 15868 15981 16094 16525 16526 16527 16858 17004 17012
NODE_NUM = 49
FILE div_sub_359.aig

# Subcircuit 360
SUB_ID 360
LO (12):  15301 15312 15418 15981 16094 17002 17004 17195 17196 17319 17322 17325
LI (28):  73 74 75 412 14933 14934 15019 15023 15210 15212 15213 15298 15310 15321 15413 15866 15867 15868 15990 16089 16525 16526 16527 16531 16999 17007 17194 17316
NODE_NUM = 50
FILE div_sub_360.aig

# Subcircuit 361
SUB_ID 361
LO (12):  15310 15321 15413 15990 16089 16884 16997 16999 17329 17330 17334 17476
LI (29):  72 73 74 76 412 14942 15014 15210 15212 15213 15305 15307 15319 15330 15408 15409 15866 15867 15868 15999 16084 16525 16526 16527 16994 17002 17194 17322 17325
NODE_NUM = 50
FILE div_sub_361.aig

# Subcircuit 362
SUB_ID 362
LO (21):  15319 15322 15340 15349 15358 15365 15366 15375 15387 43282 43283 43291 43292 43300 43301 43302 43681 43902 43907 43915 43925
LI (31):  65 67 109 110 111 288 298 300 14951 14969 14977 14982 14987 15210 15212 15213 15317 15364 15385 42662 42673 42682 42683 42691 43271 43274 43280 43282 43290 43298 43299
NODE_NUM = 49
FILE div_sub_362.aig

# Subcircuit 363
SUB_ID 363
LO (10):  15381 16047 16084 16889 16898 16907 16916 16925 16934 16942
LI (16):  18 65 66 15868 16008 16017 16026 16035 16043 16052 16058 16063 16068 16073 16078 16083
NODE_NUM = 50
FILE div_sub_363.aig

# Subcircuit 364
SUB_ID 364
LO (30):  15385 15476 15489 15507 15508 15849 15850 15851 15866 15889 15898 15908 15909 15917 15918 15926 15927 15943 15998 15999 16007 16008 16015 16016 16078 16083 16123 16128 16133 16188
LI (32):  67 71 72 80 81 82 110 14608 15210 15212 15213 15363 15474 15487 15506 15846 15865 15888 15897 15905 15906 15914 15915 15923 15924 15942 15995 15996 16004 16005 16013 16014
NODE_NUM = 50
FILE div_sub_364.aig

# Subcircuit 365
SUB_ID 365
LO (13):  15506 15844 15846 16502 16525 16530 16537 16540 16546 16549 16554 16558 17180
LI (26):  109 110 111 14617 15199 15210 15212 15213 15501 15503 15515 15845 15849 15866 15867 15868 16188 16192 16199 16499 16520 16522 16524 16526 16529 16539
NODE_NUM = 50
FILE div_sub_365.aig

# Subcircuit 366
SUB_ID 366
LO (12):  15515 15526 15839 16499 16559 16560 16568 17177 17183 17184 17592 17600
LI (25):  108 109 110 111 14626 15194 15210 15212 15213 15510 15512 15524 15866 15867 16208 16221 16493 16502 16525 16526 16527 16554 16558 17174 17180
NODE_NUM = 49
FILE div_sub_366.aig

# Subcircuit 367
SUB_ID 367
LO (20):  15524 15528 15536 15569 15572 15596 15605 15614 15623 15626 15670 15760 16355 16417 16423 16428 16429 16689 16699 16707
LI (28):  92 93 14644 14645 14680 14734 14770 15188 15210 15212 15213 15522 15567 15594 15603 15612 15621 15668 15679 15755 15866 15867 15868 16338 16347 16414 16422 16427
NODE_NUM = 48
FILE div_sub_367.aig

# Subcircuit 368
SUB_ID 368
LO (12):  15668 15671 15755 16407 16414 16712 16713 16718 16719 16725 16728 17097
LI (24):  90 91 92 94 14779 15210 15212 15213 15666 15687 15697 15745 15746 15748 15754 15868 16363 16372 16404 16417 16526 16527 16707 16711
NODE_NUM = 49
FILE div_sub_368.aig

# Subcircuit 369
SUB_ID 369
LO (28):  15707 15748 15859 15861 15865 15867 15888 15897 15906 15915 15924 15942 15996 16005 16014 16025 16026 16034 16035 16042 16043 16058 16063 16068 16162 16163 16513 16518
LI (31):  67 68 69 90 111 14599 14815 15212 15213 15221 15230 15239 15248 15257 15275 15329 15338 15347 15356 15364 15376 15680 15686 15723 15857 15863 15866 16022 16031 16039 16160
NODE_NUM = 47
FILE div_sub_369.aig

# Subcircuit 370
SUB_ID 370
LO (13):  15857 16143 16149 16185 16404 16727 16730 16736 16745 16755 16762 16773 16780
LI (22):  84 15213 15856 15873 15882 15890 16140 16142 16148 16153 16164 16167 16177 16180 16383 16392 16397 16402 16527 16723 16725 16729
NODE_NUM = 47
FILE div_sub_370.aig

# Subcircuit 371
SUB_ID 371
LO (13):  15900 16138 16785 17052 17083 17084 17200 17209 17218 17227 17235 17553 17566
LI (22):  83 85 15899 16137 16139 16143 16527 16740 16749 16750 16759 16768 16777 16780 16784 17049 17057 17062 17067 17072 17077 17082
NODE_NUM = 50
FILE div_sub_371.aig

# Subcircuit 372
SUB_ID 372
LO (19):  15905 15914 15995 16004 16013 16017 16022 16031 16039 16052 16073 16951 16957 16973 16974 17380 17389 17398 17405
LI (27):  17 65 66 70 15448 15453 15868 15901 15903 15910 15912 15994 16003 16012 16016 16021 16030 16038 16071 16527 16930 16939 16947 16956 16962 16967 16972
NODE_NUM = 47
FILE div_sub_372.aig

# Subcircuit 373
SUB_ID 373
LO (18):  16071 16137 16142 16160 16164 16167 16177 16180 16529 16759 17067 17212 17541 17578 17768 17900 17909 17917
LI (28):  70 83 84 87 88 89 15868 15887 15889 15896 15898 16015 16159 16162 16163 16172 16175 16525 16526 16755 17195 17204 17211 17538 17546 17557 17560 17573
NODE_NUM = 50
FILE div_sub_373.aig

# Subcircuit 374
SUB_ID 374
LO (13):  16175 16192 16199 16208 16221 16493 17174 17604 17605 17606 17612 17613 17862
LI (27):  108 109 111 412 15507 15714 15830 15866 15867 15868 16198 16207 16213 16215 16219 16230 16488 16525 16526 16527 16587 17168 17177 17194 17195 17597 17600
NODE_NUM = 49
FILE div_sub_374.aig

# Subcircuit 375
SUB_ID 375
LO (11):  16219 16230 16488 16587 17168 17622 17852 17858 17859 18337 18345
LI (24):  107 108 109 412 15534 15825 15866 15867 15868 16222 16224 16228 16239 16483 16525 16526 16527 16596 17163 17194 17195 17614 17849 17857
NODE_NUM = 47
FILE div_sub_375.aig

# Subcircuit 376
SUB_ID 376
LO (12):  16228 16239 16483 16596 17163 17631 17849 18350 18351 18352 18354 18552
LI (26):  106 107 108 110 412 15543 15866 15867 15868 16234 16237 16248 16478 16525 16526 16527 16605 17158 17194 17195 17641 17844 17852 17891 18345 18349
NODE_NUM = 49
FILE div_sub_376.aig

# Subcircuit 377
SUB_ID 377
LO (11):  16237 16246 16478 16605 17158 17640 17641 17642 17643 17645 17842
LI (21):  104 105 106 107 412 15552 15561 15866 15867 16256 16266 16468 16471 16477 16527 16603 16612 16623 17149 17194 17195
NODE_NUM = 48
FILE div_sub_377.aig

# Subcircuit 378
SUB_ID 378
LO (12):  16266 16468 16623 17149 17649 17650 17658 17832 17838 17839 18373 18381
LI (20):  103 104 105 106 412 16265 16275 16463 16464 16466 16527 16621 16632 17143 17194 17195 17642 17643 17645 17829
NODE_NUM = 46
FILE div_sub_378.aig

# Subcircuit 379
SUB_ID 379
LO (11):  16307 16320 16438 17119 17703 17704 17712 17713 17802 17807 18424
LI (23):  97 98 99 100 412 15775 15868 16306 16312 16314 16318 16329 16433 16525 16526 16527 16686 17113 17122 17194 17195 17696 17699
NODE_NUM = 49
FILE div_sub_379.aig

# Subcircuit 380
SUB_ID 380
LO (13):  16318 16329 16433 16686 17113 17721 17797 17803 17808 17809 18426 18436 18444
LI (25):  96 97 98 412 15633 15866 15867 15868 16324 16327 16338 16428 16429 16525 16526 16527 16695 17108 17194 17195 17704 17713 17794 17802 17807
NODE_NUM = 47
FILE div_sub_380.aig

# Subcircuit 381
SUB_ID 381
LO (15):  16327 16336 16363 16372 16383 16402 16723 16740 17082 17569 17573 17766 17778 18280 18293
LI (27):  90 91 92 93 412 15642 15651 15678 15687 15866 15867 15868 16378 16381 16407 16525 16526 16736 17083 17087 17194 17195 17568 17759 17762 17768 17777
NODE_NUM = 50
FILE div_sub_381.aig

# Subcircuit 382
SUB_ID 382
LO (18):  16381 16392 16397 16466 16471 16520 16522 16524 16526 16539 16603 16612 16621 16749 17077 17557 17560 17902
LI (37):  89 90 91 103 104 112 338 15508 15696 15705 15715 15735 15739 15850 15859 15861 15863 15866 15867 15868 16247 16253 16255 16256 16262 16264 16265 16386 16390 16514 16518 16525 16526 16745 17195 17555 17890
NODE_NUM = 50
FILE div_sub_382.aig

# Subcircuit 383
SUB_ID 383
LO (26):  16514 17187 17194 17203 17204 17211 17221 17222 17230 17231 17239 17240 17248 17249 17256 17257 17521 17526 17531 17536 17546 17582 17879 17924 17933 17942
LI (26):  85 86 87 88 90 112 15851 16513 16542 16550 17184 17186 17192 17196 17201 17210 17214 17219 17223 17228 17232 17237 17241 17246 17250 17255
NODE_NUM = 48
FILE div_sub_383.aig

# Subcircuit 384
SUB_ID 384
LO (10):  16632 17143 17829 18386 18387 18395 18396 18527 18532 18682
LI (20):  103 104 105 106 412 16527 16627 16630 16641 17138 17194 17195 17677 17823 17832 17889 17890 17891 18381 18385
NODE_NUM = 45
FILE div_sub_384.aig

# Subcircuit 385
SUB_ID 385
LO (13):  16630 16639 16650 17132 17677 17823 18404 18405 18406 18408 18412 18515 18522
LI (23):  101 102 103 104 412 16274 16283 16525 16526 16646 16647 17133 17137 17194 17195 17669 17672 17684 17695 17814 17889 17890 17891
NODE_NUM = 46
FILE div_sub_385.aig

# Subcircuit 386
SUB_ID 386
LO (18):  16659 16695 17108 17127 17695 17731 17792 17793 17794 17814 18410 18413 18414 18419 18421 18422 18453 18457
LI (28):  96 97 100 101 103 412 16423 16527 16658 16687 16689 16693 16704 17103 17126 17194 17195 17693 17704 17789 17808 17809 17889 17890 17891 18406 18408 18412
NODE_NUM = 50
FILE div_sub_386.aig

# Subcircuit 387
SUB_ID 387
LO (11):  16693 16704 17103 17789 18458 18459 18467 18468 18487 18492 18754
LI (23):  95 96 97 98 412 16337 16525 16526 16527 16699 16702 16713 17098 17194 17195 17749 17783 17792 17889 17890 17891 18453 18457
NODE_NUM = 47
FILE div_sub_387.aig

# Subcircuit 388
SUB_ID 388
LO (10):  16702 16711 17098 17749 17777 17783 18296 18299 18472 18475
LI (19):  93 94 95 412 16346 16355 16525 16526 16718 16719 16731 17088 17097 17194 17195 17741 17778 17889 17890
NODE_NUM = 48
FILE div_sub_388.aig

# Subcircuit 389
SUB_ID 389
LO (19):  16729 16731 16750 16768 16777 16784 17049 17057 17062 17072 17087 17088 17214 17223 17237 17241 17246 17759 17762
LI (30):  84 86 87 89 92 412 15872 15881 15890 16149 16525 16526 16527 16531 16727 16728 16730 16760 16762 16766 16773 16790 16793 16804 17043 17052 17071 17084 17195 17235
NODE_NUM = 50
FILE div_sub_389.aig

# Subcircuit 390
SUB_ID 390
LO (18):  16793 16804 17043 17250 17255 17516 17522 17527 17538 17922 17923 17928 17931 17935 17944 17955 17962 18259
LI (29):  83 90 412 15899 16525 16526 16527 16799 16802 16813 17038 17195 17222 17231 17240 17249 17258 17513 17514 17521 17526 17531 17536 17891 17915 17917 17921 17924 17930
NODE_NUM = 49
FILE div_sub_390.aig

# Subcircuit 391
SUB_ID 391
LO (11):  16802 16813 17038 17513 17967 17968 17976 17977 18229 18234 18863
LI (23):  82 83 84 85 412 15908 16525 16526 16527 16808 16811 16822 17033 17194 17195 17276 17507 17516 17889 17890 17891 17962 17966
NODE_NUM = 47
FILE div_sub_391.aig

# Subcircuit 392
SUB_ID 392
LO (13):  16811 16822 17033 17276 17507 17985 18224 18230 18235 18236 18865 18875 18883
LI (24):  81 82 83 412 15917 16525 16526 16527 16817 16820 16831 17028 17194 17195 17285 17502 17889 17890 17891 17968 17977 18221 18229 18234
NODE_NUM = 48
FILE div_sub_392.aig

# Subcircuit 393
SUB_ID 393
LO (11):  16820 16831 17028 17285 17502 17994 18219 18221 18885 18888 18892
LI (27):  80 81 82 412 15926 15945 16114 16118 16525 16526 16527 16825 16829 16840 17023 17194 17195 17294 17497 17889 17890 17891 18216 18224 18594 18883 18887
NODE_NUM = 47
FILE div_sub_393.aig

# Subcircuit 394
SUB_ID 394
LO (12):  16829 16840 17023 17294 17497 18003 18216 18897 18898 18899 18901 19136
LI (26):  79 80 81 83 412 15935 16525 16526 16527 16835 16838 16849 17018 17194 17195 17303 17492 17889 17890 17891 18013 18211 18219 18594 18892 18896
NODE_NUM = 49
FILE div_sub_394.aig

# Subcircuit 395
SUB_ID 395
LO (14):  16838 16847 16858 17012 17303 17492 18013 18211 18906 18907 18912 18914 18915 19131
LI (29):  77 79 80 82 412 15944 15953 16525 16526 16857 17011 17013 17017 17194 17295 17298 17312 17487 17889 17890 17891 18022 18205 18592 18593 18594 18899 18901 18905
NODE_NUM = 49
FILE div_sub_395.aig

# Subcircuit 396
SUB_ID 396
LO (9):  16994 17338 17347 17466 17477 17478 18035 18044 18052
LI (17):  73 74 75 412 16527 16889 16892 16903 16988 16997 17194 17195 17330 17331 17334 17463 17476
NODE_NUM = 46
FILE div_sub_396.aig

# Subcircuit 397
SUB_ID 397
LO (11):  16892 16903 16988 17463 18057 18058 18066 18067 18179 18184 18953
LI (23):  72 73 74 75 412 15998 16525 16526 16527 16898 16901 16912 16983 17194 17195 17366 17457 17466 17889 17890 17891 18052 18056
NODE_NUM = 47
FILE div_sub_397.aig

# Subcircuit 398
SUB_ID 398
LO (13):  16901 16912 16983 17366 17457 18075 18174 18180 18185 18186 18955 18965 18973
LI (25):  71 72 73 412 16007 16525 16526 16527 16907 16910 16921 16978 17194 17195 17375 17452 17453 17889 17890 17891 18058 18067 18171 18179 18184
NODE_NUM = 47
FILE div_sub_398.aig

# Subcircuit 399
SUB_ID 399
LO (12):  16910 16921 16978 17375 17451 18171 18978 18979 18984 18986 18987 19091
LI (27):  70 71 72 74 412 16016 16525 16526 16527 16916 16919 16930 16973 16974 17194 17195 17889 17890 18081 18094 18165 18174 18592 18593 18594 18973 18977
NODE_NUM = 48
FILE div_sub_399.aig

# Subcircuit 400
SUB_ID 400
LO (14):  16919 16930 16972 17384 17446 18094 18165 18996 19081 19092 19093 19507 19516 19524
LI (25):  69 70 71 72 16025 16525 16526 16527 16925 16928 17195 17382 17889 17890 18090 18103 18160 18592 18593 18594 18979 18988 19078 19086 19091
NODE_NUM = 50
FILE div_sub_400.aig

# Subcircuit 401
SUB_ID 401
LO (15):  16928 16939 16967 17393 17441 18103 18160 19076 19078 19304 19305 19312 19527 19530 19533
LI (27):  68 69 70 71 288 16034 16525 16526 16527 16934 16937 17195 17391 17889 17890 18099 18112 18155 18592 18593 18594 18598 19073 19081 19303 19311 19524
NODE_NUM = 47
FILE div_sub_401.aig

# Subcircuit 402
SUB_ID 402
LO (14):  16937 16947 16962 17402 17436 18112 18155 19073 19537 19538 19539 19540 19542 19627
LI (29):  67 68 69 70 72 288 16042 16525 16526 16527 16942 16945 17195 17400 17889 17890 18108 18121 18150 18592 18593 18594 19024 19068 19076 19303 19304 19530 19533
NODE_NUM = 50
FILE div_sub_402.aig

# Subcircuit 403
SUB_ID 403
LO (14):  16945 16956 17418 17419 45015 45051 45052 45609 45618 45627 45636 45645 45654 45663
LI (24):  16 65 404 595 16047 16525 16526 17194 44953 44962 44971 44980 44989 44998 45006 45014 45016 45020 45025 45030 45035 45040 45045 45050
NODE_NUM = 50
FILE div_sub_403.aig

# Subcircuit 404
SUB_ID 404
LO (22):  17011 17018 17071 17126 17138 17186 17201 17210 17219 17228 17232 17258 17295 17298 17312 17487 17672 17966 18022 18205 18921 18922
LI (39):  77 78 79 84 89 100 112 412 16528 16530 16547 16549 16655 16657 16785 16848 16854 16856 16857 17014 17017 17134 17137 17195 17200 17209 17218 17227 17257 17310 17321 17482 17889 17890 17891 18031 18200 18593 18594
NODE_NUM = 49
FILE div_sub_404.aig

# Subcircuit 405
SUB_ID 405
LO (12):  17310 17321 17482 18031 18200 18933 19116 19127 19128 19444 19453 19461
LI (25):  77 78 79 412 16866 17194 17195 17308 17319 17330 17477 17478 17889 17890 17891 18040 18195 18592 18593 18594 18916 18925 19113 19121 19126
NODE_NUM = 50
FILE div_sub_405.aig

# Subcircuit 406
SUB_ID 406
LO (16):  17331 17382 17391 17400 17410 17431 18121 18150 19024 19068 19546 19547 19548 19549 19551 19622
LI (29):  67 68 69 71 288 412 16884 16951 17194 17195 17380 17389 17398 17408 17889 17890 18117 18129 18145 18592 18593 18594 19033 19063 19303 19304 19539 19540 19542
NODE_NUM = 48
FILE div_sub_406.aig

# Subcircuit 407
SUB_ID 407
LO (18):  17408 17411 17425 18138 18145 19032 19033 19040 19041 19045 19046 19048 19049 19052 19056 19061 19558 19567
LI (17):  14 15 65 66 67 68 114 412 16957 17194 17405 17891 18144 18592 18593 18594 19031
NODE_NUM = 50
FILE div_sub_407.aig

# Subcircuit 408
SUB_ID 408
LO (14):  17514 17555 17568 17874 18572 18574 18585 18587 18593 18596 18605 18606 18612 18615
LI (26):  84 113 114 115 412 16550 17194 17195 17256 17553 17566 17585 17596 17868 17882 17884 17886 17889 17890 17891 18297 18569 18579 18583 18594 18603
NODE_NUM = 47
FILE div_sub_408.aig

# Subcircuit 409
SUB_ID 409
LO (11):  17585 17596 17868 18569 18617 18618 18626 18627 19291 19296 19786
LI (26):  112 113 114 115 412 16559 16560 17183 17187 17194 17195 17582 17594 17605 17863 17889 17890 17891 18333 18563 18572 18592 18593 18594 18612 18616
NODE_NUM = 50
FILE div_sub_409.aig

# Subcircuit 410
SUB_ID 410
LO (17):  17594 17597 17614 17857 18333 18563 18635 19286 19292 19303 19311 19320 19321 19788 19798 19806 20029
LI (30):  110 112 113 412 16568 17194 17195 17592 17613 17856 17858 17862 17891 18327 18331 18342 18558 18592 18593 18594 18609 18618 18627 19283 19291 19296 19301 19310 19314 19319
NODE_NUM = 49
FILE div_sub_410.aig

# Subcircuit 411
SUB_ID 411
LO (15):  17669 17684 17693 17696 17741 17844 18359 18368 18542 18558 18641 18644 18650 18659 18666
LI (25):  108 109 412 16640 16667 16712 17194 17195 17641 17682 17691 17839 17842 17891 18351 18352 18354 18358 18362 18367 18539 18552 18557 18594 18643
NODE_NUM = 49
FILE div_sub_411.aig

# Subcircuit 412
SUB_ID 412
LO (26):  17856 17863 17882 17884 17890 17893 17913 17914 17921 17930 17940 17941 17949 17950 17958 17959 18038 18039 18239 18244 18249 18264 18327 18583 18836 18845
LI (28):  86 87 88 91 110 114 412 16541 17195 17203 17212 17221 17230 17239 17248 17329 17569 17606 17612 17859 17862 17880 17889 17910 17937 17946 17955 18036
NODE_NUM = 50
FILE div_sub_412.aig

# Subcircuit 413
SUB_ID 413
LO (15):  17880 17910 17915 18254 18270 18306 18483 18484 18775 18785 18793 18803 18812 18821 18829
LI (24):  89 17195 17222 17541 17879 17891 17896 17905 17909 17914 17923 17931 18251 18253 18259 18264 18269 18274 18285 18288 18298 18301 18477 18482
NODE_NUM = 47
FILE div_sub_413.aig

# Subcircuit 414
SUB_ID 414
LO (12):  17937 17946 18036 18195 19113 19465 19466 19474 19475 19662 19667 20207
LI (25):  78 79 80 288 17522 17527 17891 17933 17935 17942 17944 18035 18040 18049 18190 18192 18594 18941 18952 19107 19116 19303 19304 19458 19461
NODE_NUM = 47
FILE div_sub_414.aig

# Subcircuit 415
SUB_ID 415
LO (14):  18040 18049 18190 18941 18952 19107 19483 19657 19663 19668 19669 20209 20219 20227
LI (23):  76 77 78 288 17891 18039 18044 18047 18058 18185 18186 18592 18593 18594 18961 19102 19303 19304 19466 19475 19654 19662 19667
NODE_NUM = 48
FILE div_sub_415.aig

# Subcircuit 416
SUB_ID 416
LO (22):  18047 18056 18081 18090 18099 18108 18117 18129 18144 18192 18251 18834 18835 18843 18844 18849 18852 18856 19031 19166 19171 19360
LI (35):  67 77 89 90 17338 17347 17420 17889 17890 17891 17941 17950 17959 18038 18080 18089 18098 18107 18116 18124 18127 18236 18239 18244 18249 18592 18593 18594 18827 18829 18833 18836 18842 18845 18851
NODE_NUM = 50
FILE div_sub_416.aig

# Subcircuit 417
SUB_ID 417
LO (13):  18253 18285 18288 18789 19196 19222 19223 19309 19317 19759 19772 19924 19933
LI (22):  89 94 95 17891 17928 17930 18280 18283 18592 18593 18753 18762 18771 18780 18781 18786 19193 19201 19206 19211 19216 19221
NODE_NUM = 48
FILE div_sub_417.aig

# Subcircuit 418
SUB_ID 418
LO (16):  18283 18297 18298 18301 18331 18342 18557 18643 19283 19810 19811 19819 19820 20007 20012 20571
LI (27):  95 111 112 113 114 288 17604 17766 17889 17890 17891 18293 18296 18299 18337 18340 18592 18593 18641 18645 18654 19277 19303 19803 19804 19806 19812
NODE_NUM = 44
FILE div_sub_418.aig

# Subcircuit 419
SUB_ID 419
LO (14):  18340 18349 18358 18362 18367 18539 18671 18672 18680 19261 19267 19268 19843 19851
LI (24):  107 108 109 17613 17622 17631 17640 17650 17838 17842 17889 17890 17891 18373 18376 18387 18533 18542 18592 18593 18594 18666 18670 19258
NODE_NUM = 49
FILE div_sub_419.aig

# Subcircuit 420
SUB_ID 420
LO (15):  18376 18385 18512 18533 18689 18690 18698 18699 18704 18707 18713 18720 19251 19256 19858
LI (22):  102 106 107 17649 17658 17889 17890 18396 18405 18414 18422 18509 18511 18517 18522 18527 18532 18594 18682 18688 18697 18706
NODE_NUM = 47
FILE div_sub_420.aig

# Subcircuit 421
SUB_ID 421
LO (9):  18509 18725 18734 19231 19242 19243 19888 19897 19905
LI (19):  101 102 103 17803 17891 18424 18426 18430 18441 18503 18512 18592 18593 18594 18717 18720 18724 19228 19241
NODE_NUM = 47
FILE div_sub_421.aig

# Subcircuit 422
SUB_ID 422
LO (11):  18430 18441 18503 19228 19909 19910 19918 19919 19952 19957 20670
LI (24):  100 101 102 103 288 17703 17889 17890 17891 18436 18439 18450 18498 18592 18593 18594 18753 19222 19223 19231 19303 19304 19902 19905
NODE_NUM = 47
FILE div_sub_422.aig

# Subcircuit 423
SUB_ID 423
LO (14):  18439 18450 18498 18753 19221 19927 19947 19953 19963 19964 20538 20664 20672 20682
LI (26):  99 100 101 17712 17731 17793 17797 17889 17890 17891 18444 18448 18459 18493 18592 18593 18594 19304 19901 19910 19919 19926 19944 19952 19957 19962
NODE_NUM = 49
FILE div_sub_423.aig

# Subcircuit 424
SUB_ID 424
LO (14):  18448 18477 18482 18771 18780 19206 19211 19762 19766 19775 19784 19943 20047 20526
LI (23):  96 97 98 99 17721 17889 17890 17891 18472 18475 18483 18487 18592 18593 18594 18765 18769 18776 19304 19754 19761 19774 19942
NODE_NUM = 50
FILE div_sub_424.aig

# Subcircuit 425
SUB_ID 425
LO (24):  18493 18762 18765 19216 19937 19942 19944 20039 20043 20044 20052 20053 20061 20062 20070 20071 20505 20510 20515 20520 20529 20945 20954 20963
LI (24):  97 98 99 100 18468 18484 18487 18492 18594 18754 18760 19304 19784 19935 19943 20037 20038 20042 20048 20051 20057 20060 20066 20069
NODE_NUM = 50
FILE div_sub_425.aig

# Subcircuit 426
SUB_ID 426
LO (22):  18511 18517 18609 19301 19747 19754 20032 20034 20037 20038 20042 20046 20051 20057 20060 20065 20069 20079 20080 20500 20769 20773
LI (28):  96 102 116 117 288 595 18410 18414 18419 18421 18515 18592 18605 18606 19304 19312 19313 19321 19330 19744 19746 19752 19762 19775 20024 20030 20045 20076
NODE_NUM = 50
FILE div_sub_426.aig

# Subcircuit 427
SUB_ID 427
LO (16):  18616 18645 18654 19277 19804 19812 19828 20002 20008 20023 20024 20556 20565 20573 20583 20591
LI (23):  111 112 288 18350 18592 18593 18615 18644 18650 18663 19272 19286 19303 19304 19793 19802 19811 19820 19999 20007 20012 20017 20022
NODE_NUM = 49
FILE div_sub_427.aig

# Subcircuit 428
SUB_ID 428
LO (10):  18663 19272 19999 20596 20597 20605 20606 20737 20742 20836
LI (22):  110 111 112 113 288 18359 18592 18593 18659 18672 19267 19268 19303 19304 19847 19993 20002 20037 20038 20039 20591 20595
NODE_NUM = 45
FILE div_sub_428.aig

# Subcircuit 429
SUB_ID 429
LO (18):  18670 18688 18697 18706 19246 19258 19855 19856 19864 19865 19873 19874 19878 19977 19982 19987 20616 20625
LI (25):  105 107 108 109 288 18368 18386 18395 18404 18592 18593 18690 18699 18704 18708 19243 19251 19256 19303 19848 19849 19851 19857 19858 19866
NODE_NUM = 50
FILE div_sub_429.aig

# Subcircuit 430
SUB_ID 430
LO (15):  18708 18717 19241 19882 19891 19967 19978 19983 19988 19989 20618 20627 20637 20646 20654
LI (22):  104 105 106 288 18413 18592 18593 18707 18713 19242 19246 19303 19304 19856 19865 19874 19878 19890 19964 19977 19982 19987
NODE_NUM = 46
FILE div_sub_430.aig

# Subcircuit 431
SUB_ID 431
LO (13):  18724 18760 18769 18776 18781 18786 19193 19201 19319 19330 19744 20066 20076
LI (30):  94 95 96 288 17895 18270 18422 18458 18467 18592 18593 18594 18598 18775 18785 18791 18793 18797 18808 19187 19196 19200 19303 19304 19317 19340 19738 19747 20039 20065
NODE_NUM = 50
FILE div_sub_431.aig

# Subcircuit 432
SUB_ID 432
LO (11):  18808 19187 19340 19738 20088 20495 20506 20507 20975 20984 20992
LI (21):  93 94 95 288 18594 18803 18806 18817 19182 19303 19304 19349 19733 20037 20038 20039 20071 20080 20492 20500 20505
NODE_NUM = 49
FILE div_sub_432.aig

# Subcircuit 433
SUB_ID 433
LO (12):  18806 18817 19182 19349 19733 20097 20492 20997 20998 20999 21001 21418
LI (26):  92 93 94 96 288 17904 18592 18593 18594 18812 18815 18826 19177 19303 19304 19358 19728 20037 20038 20039 20107 20487 20495 20784 20992 20996
NODE_NUM = 49
FILE div_sub_433.aig

# Subcircuit 434
SUB_ID 434
LO (13):  18815 18826 19177 19358 19728 20106 20107 20487 21006 21007 21008 21010 21413
LI (26):  91 92 93 95 288 17913 18592 18593 18594 18821 18824 18835 19172 19303 19304 19367 19723 20037 20038 20039 20116 20482 20784 20999 21001 21005
NODE_NUM = 48
FILE div_sub_434.aig

# Subcircuit 435
SUB_ID 435
LO (15):  18824 18827 18833 18842 18851 19172 19366 19367 19375 19376 19383 19384 19717 19722 20108
LI (24):  88 90 91 288 17922 17931 17940 17941 17949 18254 18592 18593 18844 18849 18853 18862 19157 19166 19171 19303 19359 19360 19368 19377
NODE_NUM = 47
FILE div_sub_435.aig

# Subcircuit 436
SUB_ID 436
LO (12):  18853 18862 19157 19377 19393 19707 19723 20112 20115 20121 20130 20137
LI (23):  87 88 288 17968 18235 18239 18594 18852 18856 18860 18871 19152 19303 19304 19376 19385 19704 19710 19717 19722 20039 20108 20114
NODE_NUM = 50
FILE div_sub_436.aig

# Subcircuit 437
SUB_ID 437
LO (11):  18860 18871 19152 19704 20142 20143 20151 20152 20460 20465 21044
LI (25):  86 87 88 89 288 17958 18230 18592 18593 18594 18863 18865 18869 18880 19147 19303 19304 19412 19698 19707 20037 20038 20039 20137 20141
NODE_NUM = 49
FILE div_sub_437.aig

# Subcircuit 438
SUB_ID 438
LO (13):  18869 18880 19147 19412 19698 20160 20455 20461 20466 20467 21046 21056 21064
LI (24):  85 86 87 288 17967 18592 18593 18594 18875 18878 18889 19142 19303 19304 19421 19693 20037 20038 20039 20143 20152 20452 20460 20465
NODE_NUM = 48
FILE div_sub_438.aig

# Subcircuit 439
SUB_ID 439
LO (12):  18878 18887 19142 19421 19693 20169 20452 21069 21070 21071 21073 21378
LI (26):  84 85 86 88 288 17976 17985 18592 18593 18885 18889 18898 19137 19303 19413 19430 19688 20037 20038 20039 20179 20447 20455 20784 21064 21068
NODE_NUM = 47
FILE div_sub_439.aig

# Subcircuit 440
SUB_ID 440
LO (13):  18889 18896 18905 18916 19126 19688 20178 20179 20187 20188 20440 20445 21080
LI (24):  81 83 84 85 288 17994 18003 18592 18593 18888 18915 19125 19127 19131 19303 19431 19434 19448 19678 19687 20037 20038 20039 20177
NODE_NUM = 44
FILE div_sub_440.aig

# Subcircuit 441
SUB_ID 441
LO (11):  18925 19121 19678 20196 20197 20205 20430 20436 20437 21101 21109
LI (18):  80 81 82 83 18592 18921 18922 19304 19455 19466 19668 19669 19677 20037 20038 20039 20195 20427
NODE_NUM = 46
FILE div_sub_441.aig

# Subcircuit 442
SUB_ID 442
LO (10):  18961 19102 19654 20232 20233 20241 20242 20410 20415 21134
LI (22):  76 77 78 79 288 18180 18594 18953 18955 18959 18970 19097 19303 19304 19502 19648 19657 20037 20038 20039 20227 20231
NODE_NUM = 47
FILE div_sub_442.aig

# Subcircuit 443
SUB_ID 443
LO (13):  18959 18970 19097 19502 19648 20250 20405 20411 20416 20417 21136 21146 21154
LI (25):  75 76 77 288 18057 18592 18593 18594 18965 18968 18979 19092 19093 19303 19304 19511 19643 20037 20038 20039 20233 20242 20402 20410 20415
NODE_NUM = 47
FILE div_sub_443.aig

# Subcircuit 444
SUB_ID 444
LO (19):  18968 18977 18988 19050 19063 19086 19555 19556 19564 19565 19573 19574 19580 19581 19607 19612 19617 20297 20306
LI (30):  13 65 68 69 70 73 288 18066 18075 18592 18593 18987 19033 19041 19046 19048 19049 19052 19056 19061 19085 19303 19548 19549 19551 19557 19558 19566 19567 19575
NODE_NUM = 50
FILE div_sub_444.aig

# Subcircuit 445
SUB_ID 445
LO (23):  19085 19125 19137 19200 19310 19313 19314 19359 19368 19385 19430 19434 19687 19746 19752 20045 20133 20177 20470 20476 20477 21029 21037
LI (36):  73 81 84 89 90 96 97 288 18595 18597 18789 18834 18843 18907 18912 18914 18984 18986 19128 19131 19136 19303 19304 19309 19312 19384 19422 19745 19751 19766 20037 20038 20125 20130 20467 20475
NODE_NUM = 48
FILE div_sub_445.aig

# Subcircuit 446
SUB_ID 446
LO (17):  19413 19422 19431 19448 19455 19458 19511 19643 19677 20195 20259 20402 21159 21160 21161 21163 21328
LI (28):  75 76 78 82 288 18888 18897 18906 18915 18933 18978 19303 19304 19444 19446 19453 19509 19520 19638 20037 20038 20039 20269 20397 20405 20784 21154 21158
NODE_NUM = 49
FILE div_sub_446.aig

# Subcircuit 447
SUB_ID 447
LO (12):  19509 19520 19638 20269 20397 21168 21169 21177 21178 21318 21323 21774
LI (23):  74 75 76 77 288 18987 19303 19304 19507 19518 19529 19633 20037 20038 20039 20278 20391 20782 20783 20784 21161 21163 21167
NODE_NUM = 46
FILE div_sub_447.aig

# Subcircuit 448
SUB_ID 448
LO (13):  19518 19529 19633 20278 20391 21186 21313 21319 21324 21325 21776 21786 21794
LI (24):  73 74 75 288 18996 19303 19304 19516 19527 19538 19628 20037 20038 20039 20287 20386 20782 20783 20784 21169 21178 21310 21318 21323
NODE_NUM = 48
FILE div_sub_448.aig

# Subcircuit 449
SUB_ID 449
LO (18):  19557 19566 19575 19602 19608 19628 20286 20287 20295 20296 20301 20304 20308 20319 20326 20380 20385 21188
LI (23):  72 73 19032 19040 19045 19304 19547 19556 19565 19574 19582 19599 19600 19607 19612 19617 19622 19627 20039 20285 20294 20297 20303
NODE_NUM = 49
FILE div_sub_449.aig

# Subcircuit 450
SUB_ID 450
LO (17):  19582 19585 19596 19599 20331 20332 20339 20340 20344 20345 20347 20348 20351 20355 20360 21233 21242
LI (18):  12 13 65 66 67 68 117 401 411 19303 19581 19590 19602 20037 20038 20039 20326 20330
NODE_NUM = 48
FILE div_sub_450.aig

# Subcircuit 451
SUB_ID 451
LO (10):  19590 47802 47838 48474 48483 48492 48501 48510 48519 48527
LI (19):  66 286 337 19050 19303 19596 47348 47763 47772 47781 47790 47798 47800 47812 47817 47822 47827 47832 47837
NODE_NUM = 50
FILE div_sub_451.aig

# Subcircuit 452
SUB_ID 452
LO (20):  19600 19710 19745 19751 19761 19774 19793 20022 20757 20764 20775 20777 20783 20786 20791 20796 20803 20805 20811 20814
LI (34):  67 89 96 97 116 117 118 288 595 18617 19303 19304 19305 19311 19320 19383 19580 19759 19772 19791 20023 20032 20034 20037 20038 20039 20543 20557 20569 20754 20756 20758 20769 20773
NODE_NUM = 50
FILE div_sub_452.aig

# Subcircuit 453
SUB_ID 453
LO (16):  19791 19802 19803 19847 19993 20017 20569 20614 20732 20738 20743 20744 20756 20838 20848 20856
LI (28):  110 111 115 116 288 18626 18635 18671 19292 19303 19304 19786 19788 19798 19800 19845 19856 19988 19989 20037 20038 20039 20566 20597 20606 20729 20737 20742
NODE_NUM = 49
FILE div_sub_453.aig

# Subcircuit 454
SUB_ID 454
LO (16):  19845 19848 19849 19857 19866 19890 19901 19962 20659 20668 20702 20718 20884 20893 20902 20910
LI (27):  104 105 106 288 18680 18689 18690 18698 18725 19261 19303 19304 19843 19888 19899 19963 19967 20037 20038 20039 20651 20654 20658 20665 20699 20712 20717
NODE_NUM = 50
FILE div_sub_454.aig

# Subcircuit 455
SUB_ID 455
LO (16):  19899 19902 19926 19935 20030 20048 20114 20482 21015 21024 21403 21414 21415 21615 21624 21632
LI (29):  92 93 94 288 18734 19303 19304 19366 19897 19924 19933 20029 20037 20038 20046 20047 20112 20116 20125 20476 20477 20784 21007 21008 21010 21014 21023 21400 21413
NODE_NUM = 49
FILE div_sub_455.aig

# Subcircuit 456
SUB_ID 456
LO (12):  20116 20125 20475 21023 21400 21636 21637 21645 21646 22030 22035 22421
LI (20):  91 92 93 94 19375 20037 20038 20115 20121 20782 20783 21030 21043 21394 21403 21535 21537 21538 21629 21632
NODE_NUM = 43
FILE div_sub_456.aig

# Subcircuit 457
SUB_ID 457
LO (10):  20141 20427 21114 21123 21348 21359 21360 21714 21723 21731
LI (22):  81 82 83 19393 19663 20037 20038 20039 20207 20209 20213 20224 20421 20430 20782 20783 20784 21106 21109 21113 21345 21358
NODE_NUM = 49
FILE div_sub_457.aig

# Subcircuit 458
SUB_ID 458
LO (11):  20213 20224 20421 21345 21735 21736 21744 21745 21975 21980 22520
LI (24):  80 81 82 83 19465 20037 20038 20039 20219 20222 20233 20416 20417 20782 20783 20784 21142 21339 21348 21535 21537 21538 21728 21731
NODE_NUM = 47
FILE div_sub_458.aig

# Subcircuit 459
SUB_ID 459
LO (17):  20222 20231 20285 20294 20303 20386 21195 21196 21204 21205 21213 21214 21298 21303 21308 21801 21810
LI (23):  71 72 73 74 19474 19483 19537 19546 19555 20037 20038 20296 20301 20305 20314 20371 20380 20385 20784 21188 21194 21203 21212
NODE_NUM = 50
FILE div_sub_459.aig

# Subcircuit 460
SUB_ID 460
LO (15):  20305 20314 20371 21212 21222 21293 21299 21304 21310 21797 21798 21803 21812 21824 21830
LI (25):  70 71 19608 20039 20304 20306 20308 20312 20323 20366 20782 20783 20784 21196 21205 21214 21290 21298 21303 21308 21535 21537 21791 21792 21794
NODE_NUM = 47
FILE div_sub_460.aig

# Subcircuit 461
SUB_ID 461
LO (11):  20312 20323 20366 21290 21834 21835 21843 21844 21920 21925 22619
LI (22):  69 70 71 72 19564 19573 20037 20038 20319 20332 20361 20782 20783 20784 21241 21284 21293 21535 21537 21538 21827 21830
NODE_NUM = 49
FILE div_sub_461.aig

# Subcircuit 462
SUB_ID 462
LO (19):  20349 20361 21240 21241 21249 21250 21257 21258 21262 21263 21265 21266 21269 21273 21278 21283 21846 21855 21864
LI (19):  11 65 66 67 68 69 20340 20345 20347 20348 20351 20355 20360 20784 21233 21239 21242 21248 21256
NODE_NUM = 45
FILE div_sub_462.aig

# Subcircuit 463
SUB_ID 463
LO (11):  20447 21078 21087 21096 21363 21379 21380 21678 21687 21696 21704
LI (19):  85 86 87 20179 20188 20437 20440 20445 20784 21070 21071 21073 21077 21080 21086 21090 21095 21360 21378
NODE_NUM = 50
FILE div_sub_463.aig

# Subcircuit 464
SUB_ID 464
LO (16):  20511 20516 20552 20699 20915 20916 20924 20925 20930 20940 20947 20956 20965 21463 21468 22227
LI (22):  105 106 20044 20053 20062 20507 20510 20515 20520 20531 20534 20544 20547 20678 20687 20692 20697 20784 20908 20910 20914 20923
NODE_NUM = 50
FILE div_sub_464.aig

# Subcircuit 465
SUB_ID 465
LO (17):  20531 20534 20543 20544 20547 20557 20566 20579 20752 20753 20754 20820 20824 20943 21450 21543 21552
LI (28):  101 102 115 19927 19937 19943 19947 20008 20037 20038 20039 20526 20529 20538 20542 20556 20565 20571 20573 20577 20749 20782 20783 20940 20953 21444 21453 21542
NODE_NUM = 49
FILE div_sub_465.aig

# Subcircuit 466
SUB_ID 466
LO (10):  20577 20749 20825 20834 21513 21524 21525 22131 22140 22148
LI (21):  114 115 116 19810 20037 20038 20039 20583 20586 20597 20743 20744 20752 20782 20783 20784 20817 20820 20824 21510 21523
NODE_NUM = 46
FILE div_sub_466.aig

# Subcircuit 467
SUB_ID 467
LO (10):  20586 20595 20729 20861 20870 21493 21504 22167 22176 22184
LI (22):  110 111 112 19819 19828 19983 20037 20038 20039 20616 20618 20622 20633 20723 20732 20782 20783 20784 20856 20860 21490 21503
NODE_NUM = 50
FILE div_sub_467.aig

# Subcircuit 468
SUB_ID 468
LO (11):  20622 20633 20723 21490 22188 22189 22197 22198 22259 22264 22991
LI (25):  109 110 111 112 19855 19978 20037 20038 20039 20625 20627 20631 20642 20718 20782 20783 20784 20889 21484 21493 21535 21537 21538 22181 22184
NODE_NUM = 50
FILE div_sub_468.aig

# Subcircuit 469
SUB_ID 469
LO (14):  20631 20642 20717 20889 21484 22206 22254 22260 22270 22271 22985 22993 23003 23011
LI (24):  108 109 110 19864 20037 20038 20039 20637 20640 20782 20783 20885 20898 21479 21535 21537 21538 22180 22189 22198 22251 22259 22264 22269
NODE_NUM = 47
FILE div_sub_469.aig

# Subcircuit 470
SUB_ID 470
LO (13):  20640 20651 20712 20898 21479 22251 22316 23016 23017 23022 23024 23025 23036
LI (25):  107 108 109 111 19873 20037 20038 20039 20646 20649 20782 20783 20894 20907 21474 21535 21537 21538 22225 22245 22254 22314 22315 23011 23015
NODE_NUM = 50
FILE div_sub_470.aig

# Subcircuit 471
SUB_ID 471
LO (17):  20649 20658 20665 20678 20687 20692 20697 20908 20923 20934 21458 22095 22099 22117 22235 22236 22324
LI (25):  103 104 105 19882 19891 19909 19953 20037 20038 20039 20664 20670 20672 20676 20682 20685 20702 20782 20783 20930 21538 22087 22094 22109 22112
NODE_NUM = 46
FILE div_sub_471.aig

# Subcircuit 472
SUB_ID 472
LO (19):  20685 20817 21523 22125 22126 22134 22294 22300 22301 22314 22320 22321 22329 22330 22890 22895 22931 22939 23226
LI (28):  106 107 117 118 119 19918 20037 20038 20579 20753 20757 20784 20811 20815 21524 21528 21535 21537 21538 22118 22121 22133 22291 22313 22317 22318 22326 22327
NODE_NUM = 50
FILE div_sub_472.aig

# Subcircuit 473
SUB_ID 473
LO (10):  20815 21510 22152 22161 22279 22291 22938 22949 22958 22966
LI (22):  114 115 116 20738 20782 20784 20814 20836 20838 20842 20853 21504 21513 21535 21537 21538 22144 22145 22148 22276 22289 22937
NODE_NUM = 50
FILE div_sub_473.aig

# Subcircuit 474
SUB_ID 474
LO (12):  20842 20853 21503 22276 22971 22972 22980 23056 23062 23063 23156 23164
LI (22):  113 114 115 116 20596 20782 20783 20784 20848 20851 21538 22169 22180 22270 22271 22279 22314 22315 22316 22966 22970 23053
NODE_NUM = 46
FILE div_sub_474.aig

# Subcircuit 475
SUB_ID 475
LO (13):  20851 20860 20885 20894 20907 21474 22225 22245 22918 22919 22927 23027 23028
LI (24):  107 108 109 20605 20614 20782 20783 20784 20884 20893 20902 20905 20916 21469 21535 21537 21538 22234 22240 22314 22315 22316 22906 22910
NODE_NUM = 47
FILE div_sub_475.aig

# Subcircuit 476
SUB_ID 476
LO (13):  20905 20914 20953 21444 21564 22075 22087 22326 22338 22339 22344 22351 22885
LI (27):  101 102 105 20516 20659 20668 20782 20783 20784 20945 20947 20951 20962 21439 21535 21537 21538 21547 21556 22072 22080 22085 22316 22322 22324 22331 22337
NODE_NUM = 50
FILE div_sub_476.aig

# Subcircuit 477
SUB_ID 477
LO (11):  20951 20962 21439 22072 22356 22357 22365 22366 22870 22875 23262
LI (25):  100 101 102 103 20043 20511 20782 20783 20784 20954 20956 20960 20971 21434 21535 21537 21538 21583 22066 22075 22314 22315 22316 22351 22355
NODE_NUM = 49
FILE div_sub_477.aig

# Subcircuit 478
SUB_ID 478
LO (13):  20960 20971 21434 21583 22066 22374 22865 22871 22876 22877 23264 23274 23282
LI (26):  99 100 101 20052 20506 20782 20783 20784 20963 20965 20969 20980 21429 21535 21537 21538 21592 22061 22314 22315 22316 22357 22366 22862 22870 22875
NODE_NUM = 50
FILE div_sub_478.aig

# Subcircuit 479
SUB_ID 479
LO (12):  20969 20980 21429 21592 22061 22383 22862 23287 23288 23289 23291 23792
LI (26):  98 99 100 102 20061 20782 20783 20784 20975 20978 20989 21424 21535 21537 21538 21601 22056 22314 22315 22316 22393 22857 22865 23101 23282 23286
NODE_NUM = 49
FILE div_sub_479.aig

# Subcircuit 480
SUB_ID 480
LO (13):  20978 20989 21424 21601 22056 22392 22393 22857 23296 23297 23298 23300 23787
LI (26):  97 98 99 101 20070 20782 20783 20784 20984 20987 20998 21419 21535 21537 21538 21610 22051 22314 22315 22316 22402 22852 23101 23289 23291 23295
NODE_NUM = 48
FILE div_sub_480.aig

# Subcircuit 481
SUB_ID 481
LO (16):  20987 20996 21005 21014 21030 21043 21394 21654 22025 22031 22041 22042 22415 22423 22433 22441
LI (27):  91 92 20079 20088 20097 20106 20143 20466 20470 20782 20783 20784 21029 21037 21041 21052 21389 21535 21537 21538 21628 21637 21646 22022 22030 22035 22040
NODE_NUM = 50
FILE div_sub_481.aig

# Subcircuit 482
SUB_ID 482
LO (11):  21041 21052 21389 22022 22446 22447 22455 22456 22820 22825 23352
LI (25):  90 91 92 93 20133 20461 20782 20783 20784 21044 21046 21050 21061 21384 21535 21537 21538 21673 22016 22025 22314 22315 22316 22441 22445
NODE_NUM = 49
FILE div_sub_482.aig

# Subcircuit 483
SUB_ID 483
LO (13):  21050 21061 21384 21673 22016 22464 22815 22821 22826 22827 23354 23364 23372
LI (25):  89 90 91 20142 20782 20783 20784 21056 21059 21070 21379 21380 21535 21537 21538 21682 22011 22314 22315 22316 22447 22456 22812 22820 22825
NODE_NUM = 47
FILE div_sub_483.aig

# Subcircuit 484
SUB_ID 484
LO (16):  21059 21068 21077 21086 21090 21095 21106 21358 21708 21717 21990 22001 22002 22487 22496 22504
LI (27):  84 85 86 20151 20160 20169 20178 20187 20197 20436 20440 20782 20783 20784 21101 21104 21359 21363 21535 21537 21538 21700 21701 21704 21716 21987 22000
NODE_NUM = 49
FILE div_sub_484.aig

# Subcircuit 485
SUB_ID 485
LO (14):  21104 21113 21142 21339 21753 21970 21976 21987 22506 22509 22515 22522 22533 22540
LI (27):  80 81 20196 20205 20411 20782 20783 20784 21134 21136 21140 21151 21334 21535 21537 21538 21727 21736 21745 21967 21975 21980 21985 22316 22502 22504 22508
NODE_NUM = 50
FILE div_sub_485.aig

# Subcircuit 486
SUB_ID 486
LO (11):  21140 21151 21334 21967 22545 22546 22554 22555 22765 22770 23451
LI (23):  79 80 81 82 20232 20782 20783 20784 21146 21149 21160 21329 21535 21537 21538 21772 21961 21970 22314 22315 22316 22540 22544
NODE_NUM = 47
FILE div_sub_486.aig

# Subcircuit 487
SUB_ID 487
LO (19):  21149 21158 21167 21194 21203 21239 21248 21256 21267 21268 21284 21852 21853 21861 21862 21869 21870 21910 21915
LI (29):  10 65 69 70 20241 20250 20259 20286 20295 20331 20339 20344 20782 20783 21250 21258 21266 21269 21273 21278 21283 21535 21537 21845 21846 21854 21855 21863 21864
NODE_NUM = 50
FILE div_sub_487.aig

# Subcircuit 488
SUB_ID 488
LO (12):  21329 21419 21610 21772 21961 22051 22401 22402 22563 22564 22760 22850
LI (21):  79 80 97 98 21325 21328 21415 21418 21535 21537 21602 21604 21619 21764 21766 21781 21956 22046 22314 22315 22316
NODE_NUM = 48
FILE div_sub_488.aig

# Subcircuit 489
SUB_ID 489
LO (17):  21452 21469 22234 22240 22906 22910 23101 23102 23105 23115 23116 23121 23124 23221 23223 23224 23892
LI (28):  103 107 108 122 20785 20787 21465 21468 21535 21537 22109 22226 22228 22235 22236 22314 22315 22316 22321 22896 22927 23099 23100 23104 23111 23114 23120 23123
NODE_NUM = 46
FILE div_sub_489.aig

# Subcircuit 490
SUB_ID 490
LO (28):  21529 21535 21618 21619 21627 21628 21681 21682 21690 21691 21699 21700 21716 21726 21727 21779 21780 21985 22000 22005 22010 22040 22045 22121 22305 22403 22466 22475
LI (26):  84 87 88 89 95 96 20799 20808 21525 21528 21533 21611 21616 21620 21625 21674 21679 21683 21688 21692 21697 21715 21719 21724 21773 21778
NODE_NUM = 48
FILE div_sub_490.aig

# Subcircuit 491
SUB_ID 491
LO (28):  21602 21604 21611 21616 21620 21625 21629 21674 21679 21683 21688 21692 21697 21701 21715 21719 21724 21728 21764 21766 21773 21956 22572 22755 22761 22762 23472 23480
LI (37):  79 20997 21006 21007 21015 21024 21069 21078 21087 21096 21114 21123 21159 21168 21169 21324 21328 21414 21418 21537 21538 21615 21624 21678 21687 21696 21714 21723 21781 21790 21951 21953 22316 22564 22571 22752 22760
NODE_NUM = 46
FILE div_sub_491.aig

# Subcircuit 492
SUB_ID 492
LO (12):  21778 21781 21790 21951 22571 22752 23485 23486 23491 23493 23494 23682
LI (24):  77 78 80 21177 21319 21537 21538 21774 21776 21780 21788 21799 21946 22314 22315 22316 22591 22746 22755 23099 23100 23101 23480 23484
NODE_NUM = 46
FILE div_sub_492.aig

# Subcircuit 493
SUB_ID 493
LO (12):  21788 21791 21946 22591 22746 23503 23672 23683 23684 24171 24180 24188
LI (23):  77 78 21186 21535 21537 21538 21786 21799 21808 21941 21943 22316 22589 22600 22741 23099 23100 23101 23486 23495 23669 23677 23682
NODE_NUM = 46
FILE div_sub_493.aig

# Subcircuit 494
SUB_ID 494
LO (15):  21792 21799 21808 21941 22589 22600 22741 23667 23669 23896 23897 23904 24191 24194 24197
LI (26):  75 76 77 21195 21196 21313 21538 21798 21806 21817 21936 22314 22315 22316 22609 22736 23099 23100 23101 23105 23664 23672 23894 23895 23903 24188
NODE_NUM = 50
FILE div_sub_494.aig

# Subcircuit 495
SUB_ID 495
LO (11):  21806 21817 21936 22609 22736 23521 23662 23664 24200 24201 24206
LI (27):  74 75 76 21204 21304 21535 21537 21538 21801 21803 21815 21826 21931 22314 22315 22316 22618 22731 23099 23100 23101 23659 23667 23894 23895 24194 24197
NODE_NUM = 47
FILE div_sub_495.aig

# Subcircuit 496
SUB_ID 496
LO (11):  21815 21826 21931 22618 22731 23530 23657 23659 24209 24210 24215
LI (27):  73 74 75 21213 21299 21535 21537 21538 21810 21812 21824 21835 21926 22314 22315 22316 22627 22726 23099 23100 23101 23654 23662 23894 23895 24203 24206
NODE_NUM = 47
FILE div_sub_496.aig

# Subcircuit 497
SUB_ID 497
LO (17):  21827 21845 21854 21863 21871 21879 21900 21905 22662 22671 22700 22716 22717 23553 23562 23571 23579
LI (21):  67 68 69 21222 21240 21249 21257 21262 21538 21870 21877 21903 22314 22315 22645 22654 22659 22668 22697 22710 22715
NODE_NUM = 48
FILE div_sub_497.aig

# Subcircuit 498
SUB_ID 498
LO (16):  21877 21884 49570 49571 49579 49580 49588 49589 49590 49596 49597 50049 50316 50321 50329 50339
LI (26):  10 65 118 119 120 280 283 21263 21265 21267 21268 21535 21537 48824 48835 48844 48845 48853 49559 49562 49568 49570 49578 49586 49587 49595
NODE_NUM = 48
FILE div_sub_498.aig

# Subcircuit 499
SUB_ID 499
LO (17):  21886 21894 22697 23584 23585 23593 23594 23601 23602 23603 23605 23608 23617 23622 23627 24267 24276
LI (20):  9 65 66 67 68 69 400 410 21267 22316 22680 22689 22695 23099 23100 23101 23577 23579 23583 23592
NODE_NUM = 50
FILE div_sub_499.aig

# Subcircuit 500
SUB_ID 500
LO (12):  21903 21926 22627 22726 23654 24219 24220 24228 24229 24360 24365 25046
LI (24):  68 73 74 75 76 21869 21922 21925 22316 22620 22625 22636 22721 23099 23100 23101 23549 23648 23657 23894 23895 23896 24212 24215
NODE_NUM = 50
FILE div_sub_500.aig

# Subcircuit 501
SUB_ID 501
LO (14):  21943 21953 22011 22805 22812 23377 23378 23383 23385 23386 23390 23394 23730 23742
LI (23):  76 78 89 90 92 21691 21779 21797 22002 22005 22010 22316 22466 22472 22476 22481 22802 22815 23099 23100 23101 23372 23376
NODE_NUM = 47
FILE div_sub_501.aig

# Subcircuit 502
SUB_ID 502
LO (15):  22046 22109 22112 22318 22852 23305 23306 23314 23315 23320 23322 23323 23777 23782 23988
LI (24):  97 99 100 106 20924 21538 22042 22045 22107 22315 22316 22402 22404 22409 22420 22841 22850 23099 23100 23101 23298 23300 23304 23313
NODE_NUM = 48
FILE div_sub_502.aig

# Subcircuit 503
SUB_ID 503
LO (17):  22118 22133 22144 22289 22937 22953 23099 23104 23111 23114 23120 23123 23133 23134 23135 23137 23882
LI (28):  117 118 120 20807 20825 21535 21537 21538 22131 22142 22294 22314 22315 22936 22945 22950 22963 23068 23076 23081 23098 23101 23103 23107 23109 23113 23122 23131
NODE_NUM = 47
FILE div_sub_503.aig

# Subcircuit 504
SUB_ID 504
LO (13):  22142 22145 22169 22180 22269 23053 23169 23170 23178 23179 23857 23862 24619
LI (23):  113 114 115 116 20834 20861 21535 21537 21538 22140 22167 22178 22314 22315 22986 22999 23047 23056 23099 23100 23101 23164 23168
NODE_NUM = 43
FILE div_sub_504.aig

# Subcircuit 505
SUB_ID 505
LO (26):  22178 22181 22226 22228 22309 22311 22313 22315 22327 22337 22347 22348 22355 22409 22419 22420 22428 22429 22436 22437 22835 22840 22880 23087 23092 23325
LI (28):  95 96 104 120 337 20798 20870 20915 21464 21535 21537 21538 21546 21555 21564 21618 21627 21636 21645 22095 22176 22227 22307 22314 22344 22416 22425 22434
NODE_NUM = 48
FILE div_sub_505.aig

# Subcircuit 506
SUB_ID 506
LO (19):  22307 22317 22322 22404 22416 22425 22434 22841 23332 23333 23341 23342 23350 23351 23757 23762 23767 24015 24024
LI (31):  95 96 97 21529 21538 21547 22031 22041 22099 22117 22303 22305 22316 22403 22415 22421 22423 22429 22433 22438 22447 22826 22827 22828 22835 22840 23101 23325 23331 23340 23349
NODE_NUM = 49
FILE div_sub_506.aig

# Subcircuit 507
SUB_ID 507
LO (15):  22438 22445 22472 22476 22481 22802 23349 23395 23396 23404 23727 23733 23734 24081 24089
LI (25):  88 89 90 94 21654 21681 21690 22001 22314 22315 22316 22437 22475 22487 22490 22501 22796 22805 23099 23100 23101 23390 23394 23724 23730
NODE_NUM = 48
FILE div_sub_507.aig

# Subcircuit 508
SUB_ID 508
LO (11):  22490 22501 22796 23724 24093 24094 24102 24103 24430 24435 24920
LI (23):  87 88 89 90 21699 22314 22315 22316 22496 22499 22510 22791 23099 23100 23101 23423 23718 23727 23894 23895 23896 24086 24089
NODE_NUM = 48
FILE div_sub_508.aig

# Subcircuit 509
SUB_ID 509
LO (14):  22499 22502 22508 22791 23423 23718 24111 24425 24431 24436 24437 24922 24932 24940
LI (25):  86 87 88 21708 21717 21727 21990 22314 22315 22506 22510 22519 22786 23101 23421 23432 23713 23894 23895 23896 24094 24103 24422 24430 24435
NODE_NUM = 46
FILE div_sub_509.aig

# Subcircuit 510
SUB_ID 510
LO (13):  22510 22519 22786 23421 23432 23713 24120 24420 24422 24945 24946 24949 25268
LI (24):  85 86 87 89 21726 22314 22315 22509 22515 22528 22781 23099 23100 23101 23441 23708 23894 23895 23896 24417 24425 24716 24940 24944
NODE_NUM = 50
FILE div_sub_510.aig

# Subcircuit 511
SUB_ID 511
LO (11):  22528 22781 23441 23708 24129 24417 24954 24955 24956 24958 25263
LI (25):  84 85 86 88 21976 22316 22520 22522 22526 22537 22776 23099 23100 23101 23450 23703 23894 23895 23896 24139 24412 24420 24716 24949 24953
NODE_NUM = 49
FILE div_sub_511.aig

# Subcircuit 512
SUB_ID 512
LO (13):  22526 22537 22776 23450 23703 24138 24139 24412 24963 24964 24965 24967 25258
LI (25):  83 84 85 87 21735 21744 22314 22315 22533 22546 22771 23099 23100 23101 23459 23698 23894 23895 23896 24148 24407 24716 24956 24958 24962
NODE_NUM = 49
FILE div_sub_512.aig

# Subcircuit 513
SUB_ID 513
LO (15):  22544 22620 22625 22636 22721 23549 23648 24237 24355 24361 24366 24367 25048 25058 25066
LI (28):  72 73 74 21753 21834 21921 22314 22315 22316 22619 22631 22634 22645 22716 22717 23099 23100 23101 23558 23643 23894 23895 23896 24220 24229 24352 24360 24365
NODE_NUM = 50
FILE div_sub_513.aig

# Subcircuit 514
SUB_ID 514
LO (13):  22634 22645 22715 23558 23643 24352 24716 25071 25072 25077 25079 25080 25198
LI (25):  71 72 73 75 21843 22314 22315 22316 22640 22643 23099 23100 23554 23567 23638 23894 23895 23896 24256 24346 24355 24714 24715 25066 25070
NODE_NUM = 50
FILE div_sub_514.aig

# Subcircuit 515
SUB_ID 515
LO (13):  22643 22654 22710 23567 23638 24256 24345 25089 25188 25199 25912 25921 25929
LI (25):  70 71 72 73 21852 22314 22315 22316 22649 22652 23099 23100 23563 23576 23633 23894 23895 23896 24714 24715 25081 25086 25185 25193 25198
NODE_NUM = 50
FILE div_sub_515.aig

# Subcircuit 516
SUB_ID 516
LO (16):  22652 22659 22668 22680 22689 22695 23577 23592 50832 50858 50859 51578 51587 51596 51605 51614
LI (27):  8 65 67 21861 21889 22314 22315 22316 22658 22667 22675 22678 22700 23099 23100 50788 50797 50806 50815 50823 50831 50833 50837 50842 50847 50852 50857
NODE_NUM = 48
FILE div_sub_516.aig

# Subcircuit 517
SUB_ID 517
LO (10):  22771 23459 23698 24147 24148 24156 24157 24400 24405 24974
LI (17):  82 83 84 22555 22762 22765 22770 23101 23451 23457 23461 23466 23477 23688 23894 23895 23896
NODE_NUM = 49
FILE div_sub_517.aig

# Subcircuit 518
SUB_ID 518
LO (17):  22828 22896 23233 23234 23242 23243 23251 23252 23260 23261 23807 23812 23817 23822 23916 23925 23934
LI (21):  94 105 106 107 108 22330 22339 22348 22436 22877 22880 22885 22890 22895 23101 23226 23232 23241 23250 23254 23259
NODE_NUM = 48
FILE div_sub_518.aig

# Subcircuit 519
SUB_ID 519
LO (17):  22936 22945 22950 22963 23068 23076 23081 23107 23109 23122 23131 23142 23143 23148 23150 23151 23877
LI (27):  117 119 120 22125 22134 22314 22315 22316 22931 22934 22938 22939 22943 22949 22958 22961 22972 23062 23063 23094 23096 23099 23100 23101 23135 23137 23141
NODE_NUM = 47
FILE div_sub_519.aig

# Subcircuit 520
SUB_ID 520
LO (14):  22961 22970 22986 22999 23047 23187 23852 23858 23873 24604 24613 24621 24631 24639
LI (25):  113 114 22152 22161 22260 22314 22315 22316 22985 22991 22993 22997 23008 23042 23099 23100 23101 23161 23170 23179 23849 23857 23862 23867 23872
NODE_NUM = 50
FILE div_sub_520.aig

# Subcircuit 521
SUB_ID 521
LO (11):  22997 23008 23042 23849 24643 24644 24652 24653 24658 24663 25409
LI (23):  112 113 114 115 22188 22314 22315 22316 23003 23006 23017 23037 23099 23100 23101 23206 23843 23852 23894 23895 23896 24636 24639
NODE_NUM = 48
FILE div_sub_521.aig

# Subcircuit 522
SUB_ID 522
LO (9):  23006 23015 23037 23206 23843 24543 24548 24556 24561
LI (20):  110 111 112 22197 22206 22314 22315 22919 23025 23027 23028 23030 23036 23101 23204 23213 23216 23833 23895 23896
NODE_NUM = 45
FILE div_sub_522.aig

# Subcircuit 523
SUB_ID 523
LO (23):  23030 23094 23096 23098 23100 23103 23113 23141 23160 23161 23168 23204 23213 23232 23241 23250 23259 23269 23270 23277 23278 23802 23867
LI (31):  104 110 117 121 337 411 22126 22300 22309 22311 22316 22320 22329 22338 22347 22356 22365 22918 22953 22971 22980 23016 23022 23024 23025 23088 23092 23099 23157 23266 23275
NODE_NUM = 49
FILE div_sub_523.aig

# Subcircuit 524
SUB_ID 524
LO (27):  23088 23887 23894 23903 23913 23914 23922 23923 23931 23932 23940 23941 23949 23950 23957 23958 24515 24520 24525 24530 24535 24576 24705 24740 24749 24758 24767
LI (26):  106 107 108 109 110 121 22301 23087 23116 23124 23884 23886 23892 23902 23906 23911 23915 23920 23924 23929 23933 23938 23942 23947 23951 23956
NODE_NUM = 49
FILE div_sub_524.aig

# Subcircuit 525
SUB_ID 525
LO (13):  23872 23884 24580 24581 24589 24590 24598 24599 24688 24693 24698 25426 25435
LI (18):  118 120 121 122 23134 23143 23151 23871 23873 23877 23882 23894 23895 24573 24574 24576 24582 24591
NODE_NUM = 40
FILE div_sub_525.aig

# Subcircuit 526
SUB_ID 526
LO (18):  23157 23216 23254 23266 23275 23797 23808 23813 23818 23819 23833 23902 23911 23927 23936 23947 23956 23963
LI (30):  109 110 22357 22871 22876 22880 23101 23105 23156 23224 23234 23243 23252 23261 23262 23264 23270 23274 23279 23794 23795 23802 23807 23812 23817 23823 23826 23828 23831 23895
NODE_NUM = 50
FILE div_sub_526.aig

# Subcircuit 527
SUB_ID 527
LO (16):  23279 23286 23295 23304 23313 23772 23778 23794 23966 23967 23975 23984 23990 24002 24008 24498
LI (25):  98 103 22374 22383 22392 22401 23099 23100 23278 23288 23297 23306 23315 23323 23769 23771 23777 23782 23787 23792 23894 23895 23960 23961 23963
NODE_NUM = 47
FILE div_sub_527.aig

# Subcircuit 528
SUB_ID 528
LO (16):  23331 23340 23359 23752 23758 23769 24012 24013 24021 24022 24026 24038 24044 24475 24480 24839
LI (26):  94 98 99 22419 22428 22821 23099 23100 23101 23333 23342 23351 23352 23354 23358 23749 23757 23762 23767 23894 23895 24005 24006 24008 24014 24015
NODE_NUM = 48
FILE div_sub_528.aig

# Subcircuit 529
SUB_ID 529
LO (10):  23358 23749 24048 24057 24455 24466 24467 24869 24878 24886
LI (20):  93 94 95 22446 23099 23100 23101 23364 23367 23378 23743 23752 23894 23895 23896 24040 24041 24044 24452 24465
NODE_NUM = 48
FILE div_sub_529.aig

# Subcircuit 530
SUB_ID 530
LO (12):  23367 23376 23743 24066 24075 24445 24452 24891 24892 24897 24904 25298
LI (23):  91 92 93 95 22455 22464 23099 23100 23386 23396 23733 23734 23736 23742 23894 23895 24059 24068 24442 24455 24716 24886 24890
NODE_NUM = 50
FILE div_sub_530.aig

# Subcircuit 531
SUB_ID 531
LO (15):  23457 23461 23466 23477 23688 24165 24395 24407 24972 24973 24978 24981 24987 24994 25253
LI (30):  81 82 86 22545 22554 22564 22761 22765 23099 23100 23101 23472 23475 23486 23683 23684 23894 23895 23896 24148 24157 24392 24400 24405 24716 24965 24967 24971 24974 24980
NODE_NUM = 50
FILE div_sub_531.aig

# Subcircuit 532
SUB_ID 532
LO (18):  23475 23484 23495 23554 23563 23576 23633 23677 24183 24264 24265 24340 24385 24392 24996 24999 25005 25012
LI (28):  70 71 79 80 22563 22572 23099 23100 23101 23494 23553 23562 23571 23574 23585 23628 23676 23894 23895 23896 24175 24182 24382 24390 24716 24992 24994 24998
NODE_NUM = 48
FILE div_sub_532.aig

# Subcircuit 533
SUB_ID 533
LO (13):  23574 23583 23606 23628 24273 24274 24282 24283 24290 24291 24298 24330 24335
LI (24):  8 66 69 70 22662 22671 23099 23100 23594 23602 23603 23605 23608 23611 23617 23622 23627 23894 23895 24266 24267 24275 24276 24284
NODE_NUM = 49
FILE div_sub_533.aig

# Subcircuit 534
SUB_ID 534
LO (11):  23611 51636 51677 52347 52356 52365 52374 52383 52392 52401 52410
LI (19):  7 65 51574 51583 51592 51601 51610 51619 51627 51635 51637 51641 51646 51651 51656 51661 51666 51671 51676
NODE_NUM = 50
FILE div_sub_534.aig

# Subcircuit 535
SUB_ID 535
LO (19):  23676 23736 23771 23795 23823 23826 23831 23871 23886 23920 24540 24572 24659 24669 24725 24733 25399 25411 25483
LI (40):  79 91 98 103 109 110 111 118 121 23102 23104 23121 23123 23148 23150 23221 23223 23277 23320 23322 23383 23385 23491 23493 23819 23822 23895 23904 23917 24537 24539 24551 24554 24564 24567 24644 24653 24658 24663 24668
NODE_NUM = 50
FILE div_sub_535.aig

# Subcircuit 536
SUB_ID 536
LO (24):  23906 23915 23917 23924 23929 23933 23938 23942 23951 24510 24516 24521 24526 24537 24738 24739 24744 24747 24751 24760 24769 24780 24787 25383
LI (36):  112 23224 23233 23242 23251 23260 23269 23808 23813 23818 23895 23896 23914 23916 23923 23925 23927 23932 23934 23936 23941 23950 23959 24507 24508 24515 24520 24525 24530 24535 24716 24731 24733 24737 24740 24746
NODE_NUM = 49
FILE div_sub_536.aig

# Subcircuit 537
SUB_ID 537
LO (12):  23959 23960 24507 24792 24801 25348 25364 25365 25615 25624 25633 25641
LI (19):  105 106 23278 23896 23958 23968 23977 24501 24503 24716 24775 24784 24785 24787 24791 24800 25345 25358 25363
NODE_NUM = 46
FILE div_sub_537.aig

# Subcircuit 538
SUB_ID 538
LO (16):  23961 23968 23977 24501 24785 24800 25345 25543 25544 25547 25646 25647 25652 25654 25655 26207
LI (25):  103 104 106 23287 23288 23797 23896 23967 23975 23986 24496 24498 24510 24714 24715 24716 24820 25339 25348 25425 25541 25542 25546 25641 25645
NODE_NUM = 47
FILE div_sub_538.aig

# Subcircuit 539
SUB_ID 539
LO (11):  23986 24496 24820 25339 25664 26197 26208 26209 26501 26510 26518
LI (21):  102 103 104 23296 23896 23984 23995 24491 24714 24715 24716 24829 25334 25541 25542 25543 25647 25656 26194 26202 26207
NODE_NUM = 49
FILE div_sub_539.aig

# Subcircuit 540
SUB_ID 540
LO (11):  23995 24491 24829 25334 25673 26194 26523 26524 26525 26527 27070
LI (23):  101 102 103 105 23305 23896 23993 24004 24486 24714 24715 24716 24838 25329 25541 25542 25543 25683 26189 26197 26384 26518 26522
NODE_NUM = 47
FILE div_sub_540.aig

# Subcircuit 541
SUB_ID 541
LO (13):  23993 24004 24486 24838 25329 25682 25683 26189 26532 26533 26534 26536 27065
LI (28):  100 101 102 104 23314 23778 23894 23895 23896 23988 23990 24002 24013 24481 24714 24715 24716 24847 25324 25541 25542 25543 25692 26184 26384 26525 26527 26531
NODE_NUM = 50
FILE div_sub_541.aig

# Subcircuit 542
SUB_ID 542
LO (15):  24005 24006 24014 24481 24846 24847 24855 24856 24864 24865 25313 25318 25323 25684 25693
LI (23):  97 98 99 100 23323 23332 23333 23341 23772 23896 24022 24029 24040 24466 24467 24475 24480 24714 24715 24716 24839 24845 24854
NODE_NUM = 47
FILE div_sub_542.aig

# Subcircuit 543
SUB_ID 543
LO (16):  24029 24040 24465 24873 25308 25324 25691 25692 25700 25701 25706 25709 25713 26177 26182 26543
LI (27):  96 97 100 101 23350 23758 23894 23895 23896 24024 24026 24038 24714 24715 24856 24865 24870 25305 25313 25318 25323 25543 25684 25690 25693 25699 25708
NODE_NUM = 50
FILE div_sub_543.aig

# Subcircuit 544
SUB_ID 544
LO (12):  24041 24059 24068 24442 24909 24918 25283 25294 25295 25741 25750 25758
LI (21):  91 92 93 23359 23377 23386 23395 23896 24083 24094 24436 24437 24445 24714 24715 24716 24901 24904 24908 25280 25293
NODE_NUM = 47
FILE div_sub_544.aig

# Subcircuit 545
SUB_ID 545
LO (15):  24083 24086 24175 24390 24992 25008 25233 25259 25260 25804 25813 25822 25831 25840 25848
LI (24):  81 82 23404 23485 23894 23895 23896 24081 24173 24395 24714 24715 24964 24973 24982 24991 25000 25005 25230 25238 25243 25248 25253 25258
NODE_NUM = 50
FILE div_sub_545.aig

# Subcircuit 546
SUB_ID 546
LO (11):  24173 24182 24382 25017 25026 25223 25230 25850 25853 25859 25866
LI (23):  79 80 81 23503 23894 23895 23896 24171 24180 24191 24202 24376 24385 24714 24715 24716 25012 25016 25220 25233 25543 25848 25852
NODE_NUM = 49
FILE div_sub_546.aig

# Subcircuit 547
SUB_ID 547
LO (11):  24202 24376 25220 25871 25872 25880 26077 26083 26084 26726 26734
LI (19):  78 79 80 81 24201 24211 24371 24374 24716 25034 25045 25214 25223 25541 25542 25543 25866 25870 26074
NODE_NUM = 47
FILE div_sub_547.aig

# Subcircuit 548
SUB_ID 548
LO (13):  24203 24371 25045 25214 26074 26384 26385 26739 26740 26745 26747 26748 26950
LI (25):  78 79 81 23521 23896 24211 24220 24366 24367 24368 24716 25043 25054 25209 25541 25542 25543 25899 26068 26077 26294 26382 26383 26734 26738
NODE_NUM = 50
FILE div_sub_548.aig

# Subcircuit 549
SUB_ID 549
LO (18):  24211 24212 24266 24275 24284 24292 24300 24320 24325 25043 25125 25134 25163 25179 25948 25957 25966 25974
LI (22):  67 68 69 77 23530 23584 23593 23601 23606 23896 24210 24291 24298 24323 24714 24715 25117 25122 25131 25160 25173 25178
NODE_NUM = 50
FILE div_sub_549.aig

# Subcircuit 550
SUB_ID 550
LO (17):  24301 24314 25160 25979 25980 25988 25989 25996 25997 25998 26000 26003 26012 26017 26022 26831 26840
LI (18):  6 65 66 67 68 69 123 24716 25143 25152 25158 25541 25542 25543 25972 25974 25978 25987
NODE_NUM = 49
FILE div_sub_550.aig

# Subcircuit 551
SUB_ID 551
LO (17):  24323 24368 24374 24503 24508 24539 24551 24554 24729 25388 25425 25494 25495 25552 25561 25569 26268
LI (31):  68 77 78 104 105 111 112 113 23894 23897 23903 23957 23966 24194 24200 24209 24290 24543 24548 24714 24715 24721 24726 25385 25393 25404 25407 25417 25420 25488 25493
NODE_NUM = 48
FILE div_sub_551.aig

# Subcircuit 552
SUB_ID 552
LO (13):  24564 24567 24721 25393 25565 26252 26294 26340 26341 26393 26402 26411 26419
LI (21):  113 114 115 23894 24556 24561 24714 24715 24717 25541 25542 25548 25557 25562 26249 26257 26262 26273 26276 26286 26289
NODE_NUM = 47
FILE div_sub_552.aig

# Subcircuit 553
SUB_ID 553
LO (30):  24573 24574 24582 24591 24607 24683 24689 24694 24699 24700 24714 24737 24746 24756 24757 24765 24766 24774 24775 24782 24783 25363 25368 25373 25428 25437 25447 25455 25594 25603
LI (30):  108 109 110 119 23124 23133 23134 23142 23151 23887 23896 24581 24590 24599 24606 24680 24688 24693 24698 24713 24736 24745 24753 24754 24762 24763 24771 24772 24780 24781
NODE_NUM = 50
FILE div_sub_553.aig

# Subcircuit 554
SUB_ID 554
LO (10):  24606 24680 25460 25469 25503 25514 25515 26316 26325 26333
LI (20):  118 119 120 23160 23894 23895 23896 24604 24615 24626 24674 24683 24714 24715 24716 25452 25455 25459 25500 25513
NODE_NUM = 47
FILE div_sub_554.aig

# Subcircuit 555
SUB_ID 555
LO (13):  24615 24626 24674 25500 26285 26286 26289 26338 26339 26345 26346 27148 27150
LI (25):  117 118 119 120 23169 23894 23895 23896 24613 24624 24635 24669 24714 24715 24716 25488 25494 25495 25503 25541 25542 25543 26333 26337 26341
NODE_NUM = 49
FILE div_sub_555.aig

# Subcircuit 556
SUB_ID 556
LO (14):  24624 24635 24668 25488 25493 26273 26276 26397 27140 27174 27175 27248 27257 27265
LI (27):  116 117 118 119 23178 23858 23894 23895 23896 24619 24621 24633 24714 24715 25484 25541 25542 26269 26382 26383 26389 26394 27137 27145 27156 27159 27173
NODE_NUM = 47
FILE div_sub_556.aig

# Subcircuit 557
SUB_ID 557
LO (27):  24633 24636 24708 24710 24713 24715 24736 24745 24754 24763 24772 24781 24791 24845 24854 24882 24883 24890 24900 24901 24908 24926 24927 25293 25303 25529 25534
LI (29):  94 96 123 23115 23187 23894 23895 23896 23904 23913 23922 23931 23940 23949 23958 24012 24021 24048 24057 24066 24075 24093 24631 24706 24711 24714 24879 24897 24924
NODE_NUM = 47
FILE div_sub_557.aig

# Subcircuit 558
SUB_ID 558
LO (16):  24706 24717 24726 24731 25385 25574 25575 25583 25584 25592 25593 26237 26242 26247 26426 26435
LI (23):  111 112 113 114 23896 23914 24540 24572 24705 24716 24725 24739 24747 24757 25374 25377 25383 25543 25567 25569 25573 25582 25591
NODE_NUM = 41
FILE div_sub_558.aig

# Subcircuit 559
SUB_ID 559
LO (17):  24753 24762 24771 24784 24870 24879 24924 25280 25358 25763 25764 25772 26137 26143 26144 26618 26626
LI (30):  92 93 107 24431 24516 24521 24526 24716 24749 24751 24758 24760 24767 24769 24783 24869 24878 24920 24922 24928 24937 25274 25276 25357 25543 25756 25758 25762 25771 26134
NODE_NUM = 48
FILE div_sub_559.aig

# Subcircuit 560
SUB_ID 560
LO (13):  24928 24937 25274 25756 25771 26134 26631 26632 26640 26641 27005 27010 27497
LI (22):  90 91 92 93 24716 24927 24932 24935 24946 25269 25283 25541 25542 25543 25791 26128 26137 26382 26383 26384 26626 26630
NODE_NUM = 49
FILE div_sub_560.aig

# Subcircuit 561
SUB_ID 561
LO (18):  24935 24944 24953 24962 24971 24980 24982 24991 25243 25248 25826 25827 25835 26102 26108 26109 26681 26689
LI (20):  84 85 86 24102 24111 24120 24129 24138 24147 24156 24714 24715 24978 24981 24987 25541 25542 25823 25832 26099
NODE_NUM = 46
FILE div_sub_561.aig

# Subcircuit 562
SUB_ID 562
LO (18):  24998 25000 25016 25034 25054 25209 25238 25844 25898 25899 26067 26068 26097 26099 26691 26694 26698 26752
LI (28):  77 78 83 84 24165 24183 24201 24361 24714 24715 24716 24996 24999 25046 25048 25052 25063 25204 25541 25542 25543 25841 26064 26094 26102 26384 26689 26693
NODE_NUM = 49
FILE div_sub_562.aig

# Subcircuit 563
SUB_ID 563
LO (11):  25052 25063 25204 26064 26757 26758 26766 26767 26935 26940 27623
LI (23):  76 77 78 79 24219 24714 24715 24716 25058 25061 25072 25199 25541 25542 25543 25917 26058 26067 26382 26383 26384 26752 26756
NODE_NUM = 47
FILE div_sub_563.aig

# Subcircuit 564
SUB_ID 564
LO (17):  25061 25070 25081 25086 25185 25193 25925 25926 25934 25935 25943 25944 26042 26047 26052 26777 26786
LI (23):  72 73 74 75 24228 24237 24714 24715 24716 25080 25085 25094 25097 25108 25179 25188 25192 25541 25542 25543 25922 25929 25933
NODE_NUM = 46
FILE div_sub_564.aig

# Subcircuit 565
SUB_ID 565
LO (15):  25097 25108 25178 25952 26037 26043 26058 26775 26776 26781 26784 26788 26799 26806 26930
LI (24):  71 72 77 24264 24714 24715 24716 25103 25106 25541 25542 25926 25935 25944 25949 26034 26042 26047 26052 26057 26384 26774 26777 26783
NODE_NUM = 46
FILE div_sub_565.aig

# Subcircuit 566
SUB_ID 566
LO (12):  25106 25117 25173 26034 26811 26812 26820 26905 26911 26912 27680 27688
LI (22):  70 71 72 73 24273 24714 24715 24716 25112 25115 25541 25542 25958 25971 26028 26037 26382 26383 26384 26806 26810 26902
NODE_NUM = 48
FILE div_sub_566.aig

# Subcircuit 567
SUB_ID 567
LO (16):  25115 25122 25131 25143 25152 25158 25972 25987 53249 53275 53276 54026 54035 54044 54053 54062
LI (27):  5 65 67 24282 24309 24714 24715 24716 25121 25130 25138 25141 25163 25541 25542 53205 53214 53223 53232 53240 53248 53250 53254 53259 53264 53269 53274
NODE_NUM = 48
FILE div_sub_567.aig

# Subcircuit 568
SUB_ID 568
LO (11):  25192 25269 25791 26128 26649 26650 26651 26653 26657 26993 27000
LI (19):  74 89 90 91 24955 25077 25079 25260 25263 25268 25543 25789 25793 25798 25809 26119 26382 26383 26384
NODE_NUM = 43
FILE div_sub_568.aig

# Subcircuit 569
SUB_ID 569
LO (12):  25276 25305 25718 25719 25727 25736 26157 26168 26169 26573 26582 26590
LI (18):  91 96 97 98 24883 24892 24926 25295 25298 25303 25543 25711 25713 25717 25726 25730 25735 26154
NODE_NUM = 46
FILE div_sub_569.aig

# Subcircuit 570
SUB_ID 570
LO (15):  25357 25374 25601 25610 26227 26238 26243 26249 26421 26424 26428 26437 26448 26457 26464
LI (25):  107 110 111 24766 24780 24782 25365 25368 25373 25543 25575 25584 25593 25594 25600 25604 25609 26224 26237 26242 26247 26384 26417 26419 26423
NODE_NUM = 49
FILE div_sub_570.aig

# Subcircuit 571
SUB_ID 571
LO (16):  25377 25404 25407 25557 26257 26415 27137 27270 27271 27279 27280 27281 27283 28022 28027 28839
LI (26):  111 115 116 117 119 120 24716 24744 24746 25399 25402 25541 25542 25553 26382 26383 26407 26412 26425 27127 27135 27239 27263 27265 27269 27278
NODE_NUM = 47
FILE div_sub_571.aig

# Subcircuit 572
SUB_ID 572
LO (25):  25402 25417 25420 25434 25523 25524 25525 25541 25546 25573 25582 25591 25600 25609 25619 25620 25628 25629 25636 26217 26222 26262 26297 26301 26471
LI (34):  108 109 116 117 123 24643 24652 24659 24694 24714 24715 24716 25409 25411 25415 25426 25428 25432 25520 25540 25541 25542 25544 25548 25572 25581 25590 25599 25608 25616 25617 25625 25626 25635
NODE_NUM = 50
FILE div_sub_572.aig

# Subcircuit 573
SUB_ID 573
LO (15):  25432 25520 26302 26303 26311 26359 26365 26366 26382 26388 26389 26405 27145 27181 27189
LI (26):  120 122 123 124 24580 24689 24714 24715 24716 25435 25437 25441 25452 25514 25515 25523 25541 25542 25543 26297 26301 26356 26381 26385 26386 26404
NODE_NUM = 50
FILE div_sub_573.aig

# Subcircuit 574
SUB_ID 574
LO (12):  25441 25452 25513 26356 27194 27195 27203 27209 27215 27216 28047 28061
LI (22):  121 122 123 124 24589 24714 24715 24716 25447 25450 25541 25542 26317 26330 26350 26359 26382 26383 26384 27189 27193 27206
NODE_NUM = 48
FILE div_sub_574.aig

# Subcircuit 575
SUB_ID 575
LO (27):  25450 25459 25484 25536 25538 25540 25542 25572 25581 25590 25599 25608 25617 25626 25635 25645 25690 25699 25708 25717 25726 25735 25745 25746 26152 26370 26375
LI (34):  95 124 280 24581 24598 24607 24699 24708 24710 24711 24714 24715 24716 24729 24738 24747 24756 24765 24774 24783 24792 24801 24846 24855 24864 24873 24882 24891 24900 25483 25530 25534 25541 25742
NODE_NUM = 49
FILE div_sub_575.aig

# Subcircuit 576
SUB_ID 576
LO (23):  25530 25548 25553 25562 25567 25604 25616 25625 25637 26212 26224 26469 26470 26478 26479 26487 26488 26491 27090 27095 27100 27335 27344
LI (31):  107 109 110 111 117 24700 24739 25364 25388 25529 25543 25547 25552 25561 25603 25615 25620 25624 25629 25633 25636 26209 26217 26222 26384 26462 26464 26468 26471 26477 26486
NODE_NUM = 50
FILE div_sub_576.aig

# Subcircuit 577
SUB_ID 577
LO (18):  25656 26184 26202 26541 26542 26550 26551 26559 26560 26568 26569 27045 27050 27055 27060 27407 27416 27425
LI (25):  99 100 101 102 103 105 25655 25692 25701 25709 25719 26168 26169 26171 26177 26182 26201 26384 26534 26536 26540 26543 26549 26558 26567
NODE_NUM = 50
FILE div_sub_577.aig

# Subcircuit 578
SUB_ID 578
LO (15):  25711 25730 25742 26154 26595 26596 26604 26605 26613 26614 27020 27025 27030 27461 27470
LI (25):  94 95 96 97 24883 24901 25294 25298 25308 25543 25741 25746 25750 25753 25764 26143 26144 26152 26382 26383 26384 26588 26590 26594 26603
NODE_NUM = 46
FILE div_sub_578.aig

# Subcircuit 579
SUB_ID 579
LO (15):  25753 25762 25789 25793 25798 25809 26119 26658 26659 26667 26990 26996 26997 27527 27535
LI (25):  88 89 90 24909 24918 24945 24954 24964 25259 25263 25541 25542 25543 25804 25807 25818 26113 26382 26383 26384 26651 26653 26657 26987 26993
NODE_NUM = 47
FILE div_sub_579.aig

# Subcircuit 580
SUB_ID 580
LO (11):  25807 25818 26113 26987 27540 27541 27549 27550 27872 27877 28569
LI (24):  87 88 89 90 24963 25541 25542 25543 25813 25816 25827 26108 26109 26382 26383 26384 26686 26981 26990 27237 27238 27239 27535 27539
NODE_NUM = 46
FILE div_sub_580.aig

# Subcircuit 581
SUB_ID 581
LO (14):  25816 25823 25832 25841 25852 26094 26703 26712 26965 26976 26977 27563 27572 27580
LI (23):  83 84 85 24972 25008 25541 25542 25543 25822 25831 25840 25850 25854 25863 26088 26384 26695 26696 26698 26702 26711 26962 26975
NODE_NUM = 46
FILE div_sub_581.aig

# Subcircuit 582
SUB_ID 582
LO (13):  25854 25863 26088 26696 26711 26962 27585 27586 27594 27595 27847 27852 28265
LI (24):  82 83 84 85 25017 25541 25542 25853 25859 25872 26083 26084 26097 26382 26383 26384 26731 26956 26965 27237 27238 27239 27580 27584
NODE_NUM = 49
FILE div_sub_582.aig

# Subcircuit 583
SUB_ID 583
LO (17):  25870 25917 25922 25933 25949 25958 25971 26028 26057 26774 26829 26902 27693 27694 27695 27697 27792
LI (28):  70 71 73 76 25026 25071 25089 25541 25542 25543 25912 25915 25921 25948 25957 25966 25969 25980 26023 26382 26383 26384 26839 26897 26905 27239 27688 27692
NODE_NUM = 50
FILE div_sub_583.aig

# Subcircuit 584
SUB_ID 584
LO (16):  25969 25978 26001 26023 26838 26839 26847 26848 26853 26856 26861 26868 26871 26890 26895 27704
LI (23):  5 66 69 70 25125 25134 25541 25542 25989 25997 25998 26000 26003 26006 26012 26017 26022 26384 26831 26837 26840 26846 26855
NODE_NUM = 48
FILE div_sub_584.aig

# Subcircuit 585
SUB_ID 585
LO (11):  26006 54084 54125 54848 54857 54866 54875 54884 54893 54902 54911
LI (19):  4 65 54022 54031 54040 54049 54058 54067 54075 54083 54085 54089 54094 54099 54104 54109 54114 54119 54124
NODE_NUM = 50
FILE div_sub_585.aig

# Subcircuit 586
SUB_ID 586
LO (16):  26171 26201 26269 26317 26330 26350 27173 27177 27206 27241 28052 28056 28074 28084 28085 28877
LI (31):  99 105 121 122 124 25543 25652 25654 25706 25708 26268 26316 26325 26328 26339 26345 26346 26382 26383 26384 27156 27174 27175 27209 27238 27239 28044 28047 28051 28066 28069
NODE_NUM = 49
FILE div_sub_586.aig

# Subcircuit 587
SUB_ID 587
LO (24):  26328 26337 26377 26379 26381 26383 26386 26404 26423 26433 26434 26442 26443 26451 26452 26459 26460 27110 27115 27120 27225 27230 27299 27308
LI (29):  113 114 115 125 280 407 25434 25460 25469 25524 25536 25538 25541 25542 25543 25547 25565 25574 25583 25592 25601 26285 26371 26375 26382 26430 26439 26448 26457
NODE_NUM = 49
FILE div_sub_587.aig

# Subcircuit 588
SUB_ID 588
LO (18):  26371 26394 26407 26412 26417 26425 27127 27135 27263 27278 27288 27289 27297 28012 28018 28019 28139 28824
LI (24):  116 117 118 25525 25575 26252 26370 26384 26393 26402 26405 26411 26424 26434 27121 27124 27140 27237 27238 27239 27281 27283 27287 28009
NODE_NUM = 47
FILE div_sub_588.aig

# Subcircuit 589
SUB_ID 589
LO (16):  26430 26439 27121 27306 27307 27315 27316 27324 27325 27326 27328 27997 28002 28007 28145 28803
LI (26):  112 114 115 116 26238 26243 26384 26426 26428 26435 26437 26443 26452 26460 26470 27102 27104 27110 27115 27120 27239 27299 27305 27308 27314 27323
NODE_NUM = 47
FILE div_sub_589.aig

# Subcircuit 590
SUB_ID 590
LO (18):  26462 26468 26477 26486 26496 27085 27091 27102 27333 27334 27342 27343 27346 27357 27364 27987 27992 28153
LI (29):  108 112 113 25610 25619 25620 25628 25647 26208 26212 26227 26382 26383 26384 26470 26479 26488 26491 26495 27082 27090 27095 27100 27239 27326 27328 27332 27335 27341
NODE_NUM = 49
FILE div_sub_590.aig

# Subcircuit 591
SUB_ID 591
LO (10):  26495 27082 27369 27378 27967 27978 27979 28172 28733 28752
LI (20):  107 108 109 25637 26382 26383 26384 26501 26504 26515 27076 27085 27237 27238 27239 27361 27364 27368 27964 27977
NODE_NUM = 47
FILE div_sub_591.aig

# Subcircuit 592
SUB_ID 592
LO (16):  26504 26515 27076 27388 27963 27964 28108 28112 28120 28128 28136 28144 28152 28160 28168 28184
LI (33):  106 107 25646 26382 26383 26384 26510 26513 26524 27071 27237 27238 27239 27397 27958 28074 28106 28107 28111 28116 28119 28124 28127 28132 28135 28140 28143 28148 28151 28156 28159 28164 28167
NODE_NUM = 50
FILE div_sub_592.aig

# Subcircuit 593
SUB_ID 593
LO (20):  26513 26522 26531 26540 26549 26558 26567 26577 27040 27046 27051 27056 27071 27392 27401 27409 27418 27427 27437 27445
LI (25):  99 25655 25664 25673 25682 25691 25700 25709 26382 26383 26384 26533 26542 26551 26560 26569 26573 26576 27037 27045 27050 27055 27060 27065 27070
NODE_NUM = 49
FILE div_sub_593.aig

# Subcircuit 594
SUB_ID 594
LO (10):  26576 27037 27450 27459 27922 27933 27934 28204 28211 28662
LI (20):  98 99 100 25718 26382 26383 26384 26582 26585 26596 27031 27040 27237 27238 27239 27442 27445 27449 27919 27932
NODE_NUM = 47
FILE div_sub_594.aig

# Subcircuit 595
SUB_ID 595
LO (17):  26585 26588 26594 26603 26622 27015 27031 27468 27469 27477 27478 27483 27486 27490 27912 27917 28641
LI (25):  94 97 98 25727 25736 25745 25746 26157 26382 26383 26384 26605 26614 26618 26621 27012 27020 27025 27030 27239 27461 27467 27470 27476 27485
NODE_NUM = 46
FILE div_sub_595.aig

# Subcircuit 596
SUB_ID 596
LO (14):  26621 26630 26686 26981 27558 27867 27873 27888 27889 28244 28252 28553 28571 28590
LI (24):  87 88 25763 25772 26382 26383 26384 26681 26684 26695 26976 26977 27237 27238 27239 27523 27532 27541 27550 27864 27872 27877 27882 27887
NODE_NUM = 47
FILE div_sub_596.aig

# Subcircuit 597
SUB_ID 597
LO (18):  26684 26693 26695 26702 26731 26956 26975 27567 27568 27603 27842 27848 27853 27854 27862 28267 28275 28518
LI (25):  82 83 86 87 25826 25835 25844 26382 26383 26384 26691 26694 26726 26729 26740 26951 27237 27238 27239 27564 27586 27595 27839 27847 27852
NODE_NUM = 49
FILE div_sub_597.aig

# Subcircuit 598
SUB_ID 598
LO (9):  26729 26738 26951 27612 27621 27839 28280 28285 28501
LI (21):  80 81 82 25871 25880 26382 26383 26748 26758 26941 26944 26950 27239 27611 27620 27631 27828 27842 28108 28275 28279
NODE_NUM = 50
FILE div_sub_598.aig

# Subcircuit 599
SUB_ID 599
LO (16):  26756 26783 26941 27630 27631 27639 27640 27648 27649 27650 27652 27817 27822 27827 28289 28479
LI (22):  76 78 79 80 25898 25925 26382 26383 26767 26776 26781 26785 26794 26922 26930 26935 26940 27239 27623 27629 27638 27647
NODE_NUM = 47
FILE div_sub_599.aig

# Subcircuit 600
SUB_ID 600
LO (11):  26785 26794 26922 27657 27666 27807 27818 27819 28300 28445 28464
LI (20):  75 76 77 26043 26384 26784 26786 26788 26792 26803 26916 27237 27238 27239 27649 27650 27652 27656 27804 27817
NODE_NUM = 49
FILE div_sub_600.aig

# Subcircuit 601
SUB_ID 601
LO (7):  26792 26803 26916 27804 28453 28455 28456
LI (25):  74 75 76 77 25934 25943 26382 26383 26799 26812 26911 26912 27237 27238 27239 27685 27798 27807 28106 28107 28108 28435 28437 28445 28449
NODE_NUM = 49
FILE div_sub_601.aig

# Subcircuit 602
SUB_ID 602
LO (18):  26810 26837 26846 26855 26897 27702 27703 27711 27712 27720 27721 27722 27724 27777 27782 27787 28321 28407
LI (25):  68 70 71 72 25952 25979 25988 25996 26382 26383 26839 26848 26853 26857 26865 26882 26890 26895 27239 27695 27697 27701 27704 27710 27719
NODE_NUM = 48
FILE div_sub_602.aig

# Subcircuit 603
SUB_ID 603
LO (12):  26857 26865 26882 27729 27738 27767 27778 27783 28323 28332 28373 28392
LI (20):  67 68 69 26001 26382 26383 26856 26861 26875 26876 27237 27238 27239 27721 27722 27724 27728 27764 27777 27782
NODE_NUM = 50
FILE div_sub_603.aig

# Subcircuit 604
SUB_ID 604
LO (10):  26874 26875 26876 27747 27763 27764 28344 28346 28348 28360
LI (15):  3 4 65 66 67 26384 26868 26871 27237 27238 27239 27756 28106 28107 28108
NODE_NUM = 50
FILE div_sub_604.aig

# Subcircuit 605
SUB_ID 605
LO (17):  26944 27012 27495 27496 27504 27505 27513 27514 27522 27523 27887 27892 27897 27902 28225 28233 28605
LI (23):  80 92 93 94 95 26632 26641 26650 26745 26747 26997 27000 27005 27010 27239 27488 27490 27494 27497 27503 27512 27516 27521
NODE_NUM = 46
FILE div_sub_605.aig

# Subcircuit 606
SUB_ID 606
LO (14):  27104 27124 27156 27159 27221 27250 28082 28083 28088 28089 28090 28097 28100 28895
LI (30):  112 116 121 125 126 26338 26340 26382 26383 26384 26421 26423 26457 26459 27148 27150 27154 27181 27184 27195 27215 27216 27232 27234 27237 27238 27239 28085 28095 28099
NODE_NUM = 44
FILE div_sub_606.aig

# Subcircuit 607
SUB_ID 607
LO (21):  27184 27193 27232 27234 27238 27261 27262 27269 27287 27305 27314 27323 27332 27341 27351 27352 27359 27360 27982 28032 28099
LI (29):  111 121 126 407 26302 26303 26311 26365 26377 26379 26382 26383 26384 26388 26397 26415 26433 26442 26451 26460 26469 26478 26487 27226 27230 27237 27258 27348 27357
NODE_NUM = 47
FILE div_sub_607.aig

# Subcircuit 608
SUB_ID 608
LO (13):  27226 27258 27348 27361 27368 27397 27958 27977 28164 28741 28743 28744 28755
LI (31):  106 107 108 109 110 26366 26496 27091 27225 27237 27238 27239 27257 27344 27346 27360 27392 27395 27406 27953 27976 27978 27982 28106 28107 28108 28163 28184 28709 28712 28738
NODE_NUM = 46
FILE div_sub_608.aig

# Subcircuit 609
SUB_ID 609
LO (5):  27395 27406 27953 28709 28712
LI (26):  104 105 106 26523 26532 26541 27056 27237 27238 27239 27401 27404 27407 27409 27413 27415 27424 27943 27948 28106 28107 28108 28691 28694 28705 28707
NODE_NUM = 50
FILE div_sub_609.aig

# Subcircuit 610
SUB_ID 610
LO (5):  27424 27438 27943 28691 28694
LI (29):  102 103 104 26550 26559 27046 27051 27237 27238 27239 27416 27418 27422 27425 27427 27431 27433 27437 27442 27933 27934 27938 28106 28107 28108 28673 28676 28687 28689
NODE_NUM = 50
FILE div_sub_610.aig

# Subcircuit 611
SUB_ID 611
LO (14):  27442 27449 27467 27476 27485 27913 27919 27932 28216 28224 28630 28643 28673 28676
LI (30):  96 101 102 26568 26577 26595 26604 26613 27237 27238 27438 27469 27478 27483 27487 27496 27903 27912 27917 28106 28107 28108 28205 28209 28211 28215 28223 28629 28669 28671
NODE_NUM = 50
FILE div_sub_611.aig

# Subcircuit 612
SUB_ID 612
LO (13):  27487 27488 27494 27503 27512 27516 27521 27532 27882 28619 28622 28629 28634
LI (30):  91 92 93 94 95 96 26622 26631 26632 26640 26649 26659 26996 27000 27015 27237 27238 27239 27486 27527 27530 28106 28107 28232 28240 28245 28579 28581 28594 28612
NODE_NUM = 49
FILE div_sub_612.aig

# Subcircuit 613
SUB_ID 613
LO (7):  27530 27539 27564 27864 28561 28563 28564
LI (26):  86 87 88 89 26658 26667 27237 27238 27239 27563 27568 27572 27575 27586 27853 27854 27862 28106 28107 28108 28263 28529 28532 28551 28553 28557
NODE_NUM = 49
FILE div_sub_613.aig

# Subcircuit 614
SUB_ID 614
LO (18):  27575 27584 27611 27620 27629 27638 27647 27685 27692 27701 27710 27719 27756 27798 28435 28437 55796 55798
LI (30):  2 65 74 75 26703 26712 26739 26748 26757 26766 26775 26811 26820 26829 26838 26847 27237 27238 27239 27680 27683 27694 27793 28106 28107 28108 28421 28424 55795 55797
NODE_NUM = 48
FILE div_sub_614.aig

# Subcircuit 615
SUB_ID 615
LO (6):  27793 27828 28421 28424 28493 28495
LI (26):  73 74 80 81 27640 27703 27712 27783 27787 27792 27819 27822 27827 28108 28288 28290 28295 28319 28403 28406 28408 28413 28471 28473 28479 28485
NODE_NUM = 50
FILE div_sub_615.aig

# Subcircuit 616
SUB_ID 616
LO (16):  27903 27976 27988 27998 28003 28009 28140 28147 28155 28163 28232 28240 28612 28771 28789 28805
LI (31):  110 27307 27316 27325 27334 27343 27352 27357 27359 27505 27514 27889 27892 27897 27902 27979 27982 27987 27992 27997 28002 28007 28108 28137 28139 28225 28231 28234 28239 28605 28611
NODE_NUM = 49
FILE div_sub_616.aig

# Subcircuit 617
SUB_ID 617
LO (7):  28043 28044 28116 28124 28132 28871 28873
LI (24):  121 122 123 27244 27253 27262 27271 27280 28019 28022 28027 28032 28037 28042 28108 28113 28120 28128 28130 28835 28838 28839 28845 28863
NODE_NUM = 49
FILE div_sub_617.aig

# Subcircuit 618
SUB_ID 618
LO (23):  28051 28066 28069 28101 28106 28111 28119 28127 28135 28143 28151 28159 28167 28176 28215 28223 28231 28239 28256 28263 28271 28914 28921
LI (40):  125 127 128 27194 27203 27237 27238 27239 28061 28064 28084 28088 28090 28100 28104 28106 28107 28108 28118 28126 28134 28142 28150 28158 28166 28173 28174 28214 28222 28230 28238 28253 28254 28262 28270 28889 28892 28895 28899 28915
NODE_NUM = 50
FILE div_sub_618.aig

# Subcircuit 619
SUB_ID 619
LO (27):  28104 28107 28118 28126 28134 28142 28150 28158 28166 28174 28214 28222 28230 28238 28254 28262 28270 28279 28288 28295 28304 28319 28328 28336 28378 28379 28915
LI (42):  127 128 279 27243 27261 27279 27297 27315 27333 27351 27369 27459 27477 27495 27513 27549 27567 27585 27603 27621 27639 27657 27693 27711 27729 27738 28083 28089 28090 28097 28099 28100 28101 28106 28108 28285 28301 28325 28333 28370 28375 28914
NODE_NUM = 49
FILE div_sub_619.aig

# Subcircuit 620
SUB_ID 620
LO (21):  28130 28137 28148 28156 28173 28205 28209 28234 28245 28253 28290 28301 28325 28333 28345 28370 28381 28383 28384 28529 28532
LI (46):  1 65 66 67 68 69 86 27289 27307 27469 27778 27818 27848 27888 27922 27988 27998 28012 28018 28022 28108 28145 28147 28153 28155 28172 28204 28233 28244 28252 28265 28267 28271 28289 28300 28321 28323 28332 28344 28347 28348 28360 28378 28379 28525 28527
NODE_NUM = 49
FILE div_sub_620.aig

# Subcircuit 621
SUB_ID 621
LO (13):  28347 28375 28403 28406 28408 28413 28449 28471 28473 28485 28507 28509 28510
LI (43):  2 70 71 72 78 79 82 83 27630 27648 27666 27702 27720 27747 27763 27767 27783 28106 28107 28108 28304 28328 28336 28346 28373 28381 28383 28384 28388 28392 28395 28396 28407 28453 28455 28456 28460 28464 28467 28468 28493 28495 28504
NODE_NUM = 50
FILE div_sub_621.aig

# Subcircuit 622
SUB_ID 622
LO (12):  28504 28525 28527 28551 28557 28579 28581 28594 28611 28637 28640 28652
LI (43):  84 85 90 91 97 98 27504 27522 27540 27558 27568 27594 27612 27867 27873 28106 28107 28108 28224 28256 28280 28501 28507 28509 28510 28514 28518 28521 28522 28561 28563 28564 28568 28569 28571 28575 28576 28590 28593 28619 28622 28630 28635
NODE_NUM = 49
FILE div_sub_622.aig

# Subcircuit 623
SUB_ID 623
LO (7):  28635 28669 28671 28738 28777 28779 28780
LI (36):  99 100 101 111 112 113 27378 27388 27450 27468 27913 27963 27967 28106 28107 28108 28168 28176 28216 28630 28634 28637 28640 28641 28643 28647 28652 28662 28665 28666 28733 28737 28744 28748 28756 28774
NODE_NUM = 49
FILE div_sub_623.aig

# Subcircuit 624
SUB_ID 624
LO (6):  28748 28756 28774 28808 28835 28838
LI (36):  110 114 115 116 117 118 119 120 27306 27324 27342 28003 28106 28107 28108 28136 28144 28152 28160 28176 28741 28743 28752 28755 28771 28777 28779 28780 28784 28789 28792 28803 28805 28809 28810 28828
NODE_NUM = 50
FILE div_sub_624.aig

# Subcircuit 625
SUB_ID 625
LO (14):  28809 28828 28845 28863 28889 28892 28899 28925 28930 28942 28944 28948 28949 28950
LI (42):  63 64 67 124 125 126 260 267 324 326 327 333 344 347 358 429 436 437 592 643 27244 27252 27270 27288 28043 28052 28056 28082 28106 28107 28108 28112 28808 28824 28827 28871 28873 28877 28881 28882 28924 28928
NODE_NUM = 50
FILE div_sub_625.aig

# Subcircuit 626
SUB_ID 626
LO (21):  28968 29006 29015 29028 29029 29031 29042 29046 29056 29060 29066 29067 29069 29070 29071 29081 29085 29088 29091 29109 29126
LI (24):  60 67 68 69 476 514 635 655 661 28948 28949 28983 28985 28987 28988 29005 29014 29021 29027 29036 29039 29050 29053 29064
NODE_NUM = 49
FILE div_sub_626.aig

# Subcircuit 627
SUB_ID 627
LO (17):  29005 29008 29014 29017 29021 29036 29039 29050 29053 29064 29082 29084 29087 29089 29106 29137 29145
LI (37):  61 66 67 68 514 543 550 564 570 600 644 668 28970 28975 28976 28977 28980 28985 28997 29001 29004 29013 29016 29024 29026 29034 29046 29048 29060 29063 29067 29071 29074 29081 29085 29088 29105
NODE_NUM = 50
FILE div_sub_627.aig

# Subcircuit 628
SUB_ID 628
LO (15):  29074 29105 29107 29108 29115 29123 29124 29125 29132 29133 29138 29174 29179 29184 29197
LI (22):  66 69 70 71 600 701 29026 29028 29029 29031 29042 29056 29069 29070 29087 29088 29089 29091 29106 29111 29128 29137
NODE_NUM = 48
FILE div_sub_628.aig

# Subcircuit 629
SUB_ID 629
LO (22):  29111 29128 29142 29169 29222 29263 29308 29363 29390 29398 29408 29409 29410 29418 29419 29424 29426 29427 29502 29507 29512 29525
LI (28):  68 69 70 72 73 74 29066 29082 29084 29087 29106 29107 29109 29126 29138 29187 29220 29281 29306 29388 29389 29394 29397 29404 29407 29414 29417 29423
NODE_NUM = 47
FILE div_sub_629.aig

# Subcircuit 630
SUB_ID 630
LO (18):  29150 29164 29231 29258 29317 29358 29437 29492 29559 29628 29651 29659 29660 29661 29668 29676 29679 29785
LI (27):  67 68 69 70 71 75 1294 29108 29145 29148 29187 29229 29281 29315 29388 29389 29433 29515 29523 29540 29557 29629 29633 29650 29658 29667 29673
NODE_NUM = 46
FILE div_sub_630.aig

# Subcircuit 631
SUB_ID 631
LO (18):  29148 29158 29160 29187 29203 29204 29213 29239 29253 29268 29273 29278 29289 29290 29291 29318 29373 29376
LI (24):  59 65 66 67 70 71 72 756 788 29071 29106 29107 29108 29115 29123 29132 29153 29159 29186 29194 29200 29211 29281 29288
NODE_NUM = 50
FILE div_sub_631.aig

# Subcircuit 632
SUB_ID 632
LO (19):  29153 29186 29194 29200 29211 29220 29229 29247 29249 29281 29334 29348 29388 29389 29397 29400 29403 29407 29453
LI (26):  58 66 67 73 668 846 853 860 895 1016 29108 29124 29181 29184 29193 29198 29210 29219 29228 29248 29280 29289 29290 29375 29376 29380
NODE_NUM = 49
FILE div_sub_632.aig

# Subcircuit 633
SUB_ID 633
LO (20):  29193 29198 29210 29219 29228 29288 29306 29315 29326 29353 29368 29375 29394 29404 29417 29446 29487 29568 29623 29688
LI (31):  68 69 70 71 788 895 29180 29192 29197 29209 29218 29227 29280 29286 29290 29291 29295 29304 29313 29318 29322 29369 29373 29388 29389 29400 29403 29442 29515 29566 29651
NODE_NUM = 50
FILE div_sub_633.aig

# Subcircuit 634
SUB_ID 634
LO (17):  29337 29428 29433 29442 29455 29482 29497 29549 29576 29577 29618 29633 29650 29658 29667 29673 29792
LI (24):  68 69 71 72 924 1294 29280 29390 29427 29432 29441 29450 29453 29496 29515 29531 29532 29541 29548 29575 29630 29638 29643 29648
NODE_NUM = 48
FILE div_sub_634.aig

# Subcircuit 635
SUB_ID 635
LO (13):  29463 29477 29586 29613 29713 29755 29781 29826 29835 29844 29853 29862 29870
LI (20):  67 68 69 29390 29458 29461 29515 29584 29651 29678 29687 29696 29705 29712 29752 29760 29765 29770 29775 29780
NODE_NUM = 50
FILE div_sub_635.aig

# Subcircuit 636
SUB_ID 636
LO (18):  29461 29471 29473 29515 29523 29531 29532 29540 29541 29594 29608 29638 29643 29648 29722 29723 29750 29788
LI (25):  56 65 66 67 68 73 74 75 1099 1145 29338 29388 29389 29390 29398 29408 29418 29466 29472 29514 29522 29528 29539 29651 29721
NODE_NUM = 48
FILE div_sub_636.aig

# Subcircuit 637
SUB_ID 637
LO (20):  29466 29496 29514 29522 29528 29539 29548 29557 29566 29575 29584 29602 29604 29730 29745 29752 29872 29875 29881 29888
LI (33):  55 66 67 71 931 1230 1236 1243 1294 29390 29409 29424 29426 29509 29512 29521 29526 29538 29547 29556 29565 29574 29583 29603 29650 29651 29723 29742 29750 29802 29868 29870 29874
NODE_NUM = 48
FILE div_sub_637.aig

# Subcircuit 638
SUB_ID 638
LO (23):  29521 29526 29538 29547 29556 29565 29574 29583 29780 29800 29802 29810 29820 29821 29822 29830 29831 29836 29956 29961 29966 29971 29979
LI (27):  74 75 76 77 1145 29508 29520 29525 29537 29546 29555 29564 29573 29582 29660 29668 29779 29781 29785 29799 29801 29808 29812 29814 29818 29826 29835
NODE_NUM = 47
FILE div_sub_638.aig

# Subcircuit 639
SUB_ID 639
LO (14):  29678 29775 29951 29968 29969 29970 29976 29977 29984 29985 29993 29996 29999 30144
LI (21):  73 74 78 1626 29549 29651 29676 29800 29801 29810 29820 29821 29822 29831 29836 29948 29956 29961 29966 29971 29979
NODE_NUM = 47
FILE div_sub_639.aig

# Subcircuit 640
SUB_ID 640
LO (12):  29687 29770 29849 29946 30003 30012 30124 30140 30152 30161 30170 30178
LI (23):  72 73 74 75 1294 1626 29650 29679 29683 29800 29801 29845 29947 29951 29968 29969 29995 29996 29999 30011 30121 30134 30139
NODE_NUM = 50
FILE div_sub_640.aig

# Subcircuit 641
SUB_ID 641
LO (19):  29696 29765 29858 29941 30022 30119 30139 30146 30147 30155 30156 30164 30165 30181 30184 30318 30323 30331 30341
LI (27):  71 72 73 77 78 1294 1816 29650 29688 29692 29800 29801 29854 29969 29977 29985 29994 30020 30120 30124 30138 30140 30144 30146 30154 30163 30178
NODE_NUM = 50
FILE div_sub_641.aig

# Subcircuit 642
SUB_ID 642
LO (14):  29705 29760 29867 29936 30031 30114 30200 30298 30314 30315 30373 30382 30391 30399
LI (21):  70 71 72 73 29576 29651 29703 29800 29801 29863 29969 30029 30147 30174 30183 30192 30199 30295 30303 30308 30313
NODE_NUM = 46
FILE div_sub_642.aig

# Subcircuit 643
SUB_ID 643
LO (19):  29703 29712 29721 29733 29742 29894 29902 29910 29912 29916 29921 30057 30058 30066 30067 30068 30072 30094 30099
LI (27):  54 66 67 68 69 1294 1361 1374 1566 1626 29650 29701 29710 29719 29739 29741 29802 29886 29888 29892 29896 29900 29904 29911 29969 30056 30065
NODE_NUM = 49
FILE div_sub_643.aig

# Subcircuit 644
SUB_ID 644
LO (21):  29779 29799 29801 29808 29812 29814 29818 29874 29885 29892 29900 29926 29931 30049 30104 30218 30219 30288 30289 30290 30417
LI (27):  69 70 71 74 76 1294 1456 29651 29659 29660 29661 29667 29713 29722 29730 29735 29788 29792 29800 29872 29876 29881 29969 30047 30147 30217 30285
NODE_NUM = 46
FILE div_sub_644.aig

# Subcircuit 645
SUB_ID 645
LO (23):  29845 29854 29863 29868 29876 29886 29896 29904 29994 29995 30040 30109 30134 30295 30340 30345 30404 30405 30410 30412 30413 30468 30516
LI (34):  53 65 70 71 72 74 76 1374 29723 29736 29738 29741 29745 29755 29802 29830 29844 29853 29862 29875 29969 29993 30038 30147 30208 30219 30289 30290 30298 30338 30339 30344 30399 30403
NODE_NUM = 50
FILE div_sub_645.aig

# Subcircuit 646
SUB_ID 646
LO (17):  30011 30020 30029 30038 30047 30056 30065 30075 30089 30245 30273 30285 30419 30422 30428 30437 30444
LI (24):  67 68 1626 29968 30009 30018 30027 30036 30045 30054 30063 30068 30072 30147 30228 30237 30244 30270 30278 30283 30340 30415 30417 30421
NODE_NUM = 47
FILE div_sub_646.aig

# Subcircuit 647
SUB_ID 647
LO (10):  30083 30085 30270 30449 30450 30458 30459 30486 30491 30649
LI (21):  52 66 67 68 69 1738 1750 1816 29968 30078 30084 30146 30147 30263 30264 30273 30338 30339 30340 30444 30448
NODE_NUM = 44
FILE div_sub_647.aig

# Subcircuit 648
SUB_ID 648
LO (14):  30078 30138 30154 30163 30174 30313 30368 30377 30531 30548 30554 30562 30571 30579
LI (27):  76 77 78 1743 1816 29968 29970 29976 30003 30146 30147 30152 30161 30172 30314 30318 30338 30339 30340 30359 30360 30363 30367 30374 30528 30541 30546
NODE_NUM = 50
FILE div_sub_648.aig

# Subcircuit 649
SUB_ID 649
LO (24):  30172 30183 30308 30359 30360 30526 30528 30541 30546 30549 30557 30564 30565 30566 30574 30575 30582 30585 30588 30756 30761 30766 30771 30991
LI (27):  75 76 79 80 81 346 1816 30012 30146 30147 30170 30181 30338 30339 30348 30358 30368 30383 30523 30531 30540 30545 30548 30556 30562 30573 30579
NODE_NUM = 50
FILE div_sub_649.aig

# Subcircuit 650
SUB_ID 650
LO (11):  30192 30303 30523 30592 30593 30601 30741 30747 30748 30801 30809
LI (20):  74 75 76 77 346 1816 30146 30184 30188 30338 30339 30392 30405 30517 30526 30548 30549 30585 30588 30738
NODE_NUM = 48
FILE div_sub_650.aig

# Subcircuit 651
SUB_ID 651
LO (14):  30199 30208 30217 30228 30283 30415 30431 30501 30517 30609 30610 30618 30627 30633
LI (23):  70 71 346 1816 30057 30146 30147 30197 30206 30215 30226 30288 30338 30339 30414 30423 30428 30498 30506 30511 30516 30548 30603
NODE_NUM = 47
FILE div_sub_651.aig

# Subcircuit 652
SUB_ID 652
LO (11):  30226 30237 30278 30498 30637 30638 30646 30716 30722 30723 30846
LI (22):  69 70 71 72 346 1816 30066 30146 30147 30224 30235 30338 30339 30437 30450 30492 30501 30548 30549 30630 30633 30717
NODE_NUM = 47
FILE div_sub_652.aig

# Subcircuit 653
SUB_ID 653
LO (13):  30235 30244 30263 30264 30466 30471 30476 30487 30492 30651 30661 30670 30677
LI (18):  51 66 67 1816 1929 1942 2159 30146 30233 30242 30257 30338 30339 30340 30459 30469 30486 30491
NODE_NUM = 49
FILE div_sub_653.aig

# Subcircuit 654
SUB_ID 654
LO (18):  30257 30338 30339 30344 30348 30358 30363 30367 30374 30383 30392 30403 30414 30421 30448 30506 30540 30545
LI (39):  72 73 79 80 1816 1935 2018 29984 30146 30147 30155 30156 30164 30165 30200 30218 30245 30315 30318 30323 30331 30337 30340 30341 30345 30346 30350 30352 30356 30366 30373 30382 30391 30402 30413 30419 30420 30423 30447
NODE_NUM = 50
FILE div_sub_654.aig

# Subcircuit 655
SUB_ID 655
LO (21):  30423 30469 30511 30556 30573 30583 30628 30726 30737 30738 30751 30757 30762 30767 30773 30783 30791 30819 30828 30836 30993
LI (28):  50 72 73 78 346 30377 30410 30412 30414 30422 30468 30548 30549 30554 30566 30571 30575 30582 30611 30620 30627 30723 30731 30736 30748 30756 30761 30766
NODE_NUM = 50
FILE div_sub_655.aig

# Subcircuit 656
SUB_ID 656
LO (25):  30603 30611 30736 30769 30777 30778 30786 30787 30795 30796 30804 30805 30813 30814 30815 30822 30967 30972 30977 30982 30987 31005 31025 31034 31043
LI (25):  75 77 78 79 80 81 475 30404 30549 30557 30574 30583 30592 30601 30610 30734 30737 30741 30768 30776 30785 30794 30803 30809 30821
NODE_NUM = 46
FILE div_sub_656.aig

# Subcircuit 657
SUB_ID 657
LO (20):  30620 30731 30957 30968 30973 30978 30988 30989 31002 31004 31009 31011 31012 31027 31036 31045 31056 31065 31072 31076
LI (24):  74 75 30413 30549 30618 30769 30778 30787 30796 30805 30814 30823 30830 30954 30962 30967 30972 30977 30982 30987 31001 31003 31005 31010
NODE_NUM = 50
FILE div_sub_657.aig

# Subcircuit 658
SUB_ID 658
LO (14):  30630 30656 30711 30867 30937 30954 31077 31078 31083 31086 31092 31101 31108 31217
LI (21):  70 71 76 30431 30449 30549 30654 30769 30841 30850 30859 30866 30934 30942 30947 30952 31004 31070 31072 31076 31085
NODE_NUM = 46
FILE div_sub_658.aig

# Subcircuit 659
SUB_ID 659
LO (14):  30654 30665 30706 30934 31114 31123 31192 31197 31255 31256 31263 31351 31354 31363
LI (29):  69 70 71 72 346 2965 30458 30487 30548 30549 30649 30651 30663 30769 30875 30886 30928 30937 31002 31003 31004 31012 31108 31112 31198 31202 31254 31262 31348
NODE_NUM = 50
FILE div_sub_659.aig

# Subcircuit 660
SUB_ID 660
LO (15):  30663 30674 30701 30886 30928 31132 31187 31380 31449 31633 31717 31723 31724 31908 31916
LI (25):  68 69 70 71 72 346 30466 30548 30549 30661 30672 30769 30884 30895 30923 31002 31003 31004 31255 31378 31517 31625 31632 31714 31722
NODE_NUM = 49
FILE div_sub_660.aig

# Subcircuit 661
SUB_ID 661
LO (15):  30672 30682 30696 30895 30923 31141 31182 31389 31444 31642 31712 31714 31918 31921 31925
LI (27):  67 68 69 70 71 346 30471 30548 30549 30670 30680 30769 30893 30903 30918 31002 31003 31004 31255 31387 31517 31641 31709 31717 31794 31916 31920
NODE_NUM = 48
FILE div_sub_661.aig

# Subcircuit 662
SUB_ID 662
LO (32):  30680 30685 30734 30768 30776 30785 30794 30803 30821 30830 30840 30841 30849 30850 30858 30859 30866 30875 30884 30893 30902 30903 30907 30908 30910 30911 30913 30917 30942 30947 30952 31142
LI (35):  48 66 67 72 73 74 75 346 2375 2484 2489 30476 30548 30565 30609 30677 30767 30775 30784 30793 30802 30820 30829 30833 30838 30842 30847 30851 30856 30865 30874 30883 30892 30896 30900
NODE_NUM = 50
FILE div_sub_662.aig

# Subcircuit 663
SUB_ID 663
LO (29):  30775 30784 30793 30802 30820 30823 30829 30833 30838 30842 30847 30851 30856 30865 30874 30883 30892 30896 30900 30918 30962 31149 31150 31157 31158 31161 31162 31172 31177
LI (44):  67 68 76 475 2496 30593 30628 30637 30638 30646 30686 30691 30722 30726 30747 30751 30757 30769 30771 30773 30783 30791 30801 30819 30822 30828 30836 30846 30855 30864 30873 30882 30891 30898 30911 30913 30917 30961 31004 31142 31148 31152 31156 31160
NODE_NUM = 50
FILE div_sub_663.aig

# Subcircuit 664
SUB_ID 664
LO (19):  30961 31001 31003 31010 31022 31023 31032 31033 31041 31042 31050 31051 31058 31232 31237 31242 31252 31274 31283
LI (26):  76 79 80 81 82 83 475 2709 30564 30769 30777 30778 30786 30795 30804 30813 30815 30821 30988 30989 30995 31002 31004 31029 31038 31047
NODE_NUM = 50
FILE div_sub_664.aig

# Subcircuit 665
SUB_ID 665
LO (19):  30995 31254 31262 31270 31271 31280 31281 31289 31290 31298 31299 31306 31307 31494 31499 31504 31514 31528 31537
LI (25):  80 81 82 84 2965 30762 30769 30991 30993 31012 31023 31033 31243 31246 31252 31255 31264 31273 31278 31282 31287 31291 31296 31300 31305
NODE_NUM = 48
FILE div_sub_665.aig

# Subcircuit 666
SUB_ID 666
LO (13):  31029 31038 31047 31243 31278 31287 31296 31300 31305 31489 31490 31491 31557
LI (27):  78 2965 30968 30973 30978 31004 31025 31027 31034 31036 31042 31043 31045 31051 31056 31058 31069 31223 31232 31237 31242 31255 31274 31283 31308 31486 31487
NODE_NUM = 46
FILE div_sub_666.aig

# Subcircuit 667
SUB_ID 667
LO (20):  31069 31223 31272 31484 31486 31509 31510 31511 31517 31521 31525 31526 31534 31535 31560 31563 31566 31772 31777 31795
LI (24):  77 78 83 84 320 2965 30822 31002 31003 31065 31078 31218 31254 31255 31263 31280 31481 31489 31506 31508 31516 31524 31533 31557
NODE_NUM = 49
FILE div_sub_667.aig

# Subcircuit 668
SUB_ID 668
LO (11):  31070 31085 31218 31325 31334 31474 31481 31569 31570 31578 31584
LI (23):  75 76 77 320 2965 30840 30841 30957 31002 31003 31083 31087 31096 31208 31217 31254 31318 31327 31471 31484 31516 31563 31566
NODE_NUM = 49
FILE div_sub_668.aig

# Subcircuit 669
SUB_ID 669
LO (12):  31087 31096 31208 31327 31471 31588 31589 31597 31598 31737 31742 31869
LI (22):  74 75 76 77 320 2965 30849 31002 31003 31086 31092 31105 31203 31254 31255 31353 31465 31474 31516 31517 31581 31584
NODE_NUM = 49
FILE div_sub_669.aig

# Subcircuit 670
SUB_ID 670
LO (15):  31105 31202 31203 31348 31353 31465 31606 31732 31738 31748 31749 31863 31871 31881 31889
LI (23):  73 74 75 320 30858 31002 31003 31101 31199 31255 31351 31362 31460 31461 31516 31517 31580 31589 31598 31729 31737 31742 31747
NODE_NUM = 46
FILE div_sub_670.aig

# Subcircuit 671
SUB_ID 671
LO (17):  31112 31148 31152 31156 31160 31166 31415 31429 31669 31697 31709 31927 31930 31936 31945 31952 31976
LI (31):  47 65 67 68 2496 2873 2965 30867 30902 30907 30908 30910 31002 31003 31004 31163 31164 31167 31254 31408 31517 31652 31661 31668 31694 31702 31707 31794 31923 31925 31929
NODE_NUM = 50
FILE div_sub_671.aig

# Subcircuit 672
SUB_ID 672
LO (21):  31163 31164 31168 31246 31264 31273 31282 31291 31308 31408 31762 31778 31779 31792 31794 31799 31819 31828 31835 31839 32062
LI (30):  66 79 81 82 320 31009 31011 31022 31032 31041 31050 31161 31162 31255 31307 31490 31494 31516 31526 31535 31544 31545 31548 31759 31767 31772 31777 31791 31793 31795
NODE_NUM = 49
FILE div_sub_672.aig

# Subcircuit 673
SUB_ID 673
LO (12):  31318 31362 31459 31729 31894 31895 31903 32029 32035 32036 32181 32189
LI (22):  73 74 75 76 2965 31077 31254 31255 31354 31358 31517 31614 31625 31723 31724 31732 31792 31793 31794 31889 31893 32026
NODE_NUM = 46
FILE div_sub_673.aig

# Subcircuit 674
SUB_ID 674
LO (23):  31371 31454 31625 31722 31814 32024 32026 32079 32080 32081 32087 32088 32091 32095 32102 32103 32112 32113 32192 32195 32198 32378 32388
LI (27):  72 73 74 85 87 2965 3823 31254 31363 31367 31517 31623 31792 31793 31802 31812 31822 31909 32021 32029 32076 32078 32086 32094 32100 32111 32189
NODE_NUM = 50
FILE div_sub_674.aig

# Subcircuit 675
SUB_ID 675
LO (15):  31378 31387 31398 31439 31652 31707 31923 31939 32009 32021 32201 32202 32210 32219 32225
LI (26):  69 70 71 2965 3823 31149 31254 31255 31376 31385 31396 31517 31650 31712 31792 31793 31922 31931 31936 32006 32014 32019 32086 32195 32196 32198
NODE_NUM = 48
FILE div_sub_675.aig

# Subcircuit 676
SUB_ID 676
LO (17):  31396 31407 31434 31661 31702 31949 32004 32230 32239 32308 32313 32516 32517 32518 32525 32527 32628
LI (33):  68 69 70 71 72 74 2965 3823 4143 31157 31254 31255 31394 31405 31517 31659 31792 31793 31945 32005 32009 32086 32087 32222 32225 32237 32314 32318 32390 32391 32509 32512 32524
NODE_NUM = 50
FILE div_sub_676.aig

# Subcircuit 677
SUB_ID 677
LO (11):  31405 31423 31425 31694 31958 31967 31994 31999 32240 32247 32249
LI (25):  46 66 67 68 69 320 2965 3131 3145 31254 31403 31418 31424 31516 31517 31687 31688 31697 31792 31793 31794 31952 31956 32087 32246
NODE_NUM = 48
FILE div_sub_677.aig

# Subcircuit 678
SUB_ID 678
LO (14):  31418 31487 31506 31524 31533 31544 31548 31767 31831 32069 32076 32094 32111 32117
LI (30):  79 82 83 320 3138 3823 31254 31281 31290 31299 31306 31491 31494 31499 31504 31516 31519 31521 31528 31536 31537 31792 31793 31823 31828 32066 32074 32086 32089 32091
NODE_NUM = 50
FILE div_sub_678.aig

# Subcircuit 679
SUB_ID 679
LO (19):  31508 31516 31614 31623 31632 31641 31650 31659 31668 31687 31688 31791 31793 31802 31808 31811 31970 31973 32078
LI (30):  45 66 83 85 320 643 3306 3312 3319 31256 31262 31271 31511 31514 31517 31525 31526 31613 31622 31631 31640 31649 31658 31667 31778 31779 31780 31782 31792 31799
NODE_NUM = 49
FILE div_sub_679.aig

# Subcircuit 680
SUB_ID 680
LO (12):  31519 31536 31545 31759 31840 31849 32059 32066 32120 32121 32129 32135
LI (25):  80 81 82 3823 31281 31289 31298 31307 31509 31517 31560 31571 31753 31762 31792 31793 31794 31835 31839 32056 32062 32069 32086 32114 32117
NODE_NUM = 49
FILE div_sub_680.aig

# Subcircuit 681
SUB_ID 681
LO (11):  31571 31753 32056 32139 32140 32148 32358 32364 32365 32432 32440
LI (20):  79 80 81 82 3823 31570 31580 31748 31749 31751 31794 31857 31868 32050 32059 32086 32087 32132 32135 32355
NODE_NUM = 47
FILE div_sub_681.aig

# Subcircuit 682
SUB_ID 682
LO (11):  31580 31747 31868 32050 32355 32444 32445 32446 32452 32453 32668
LI (23):  78 79 80 82 3823 4143 31325 31517 31578 31792 31793 31864 31877 32045 32086 32087 32167 32349 32358 32390 32391 32437 32440
NODE_NUM = 48
FILE div_sub_682.aig

# Subcircuit 683
SUB_ID 683
LO (29):  31581 31613 31622 31631 31640 31649 31658 31667 31751 31780 31782 31812 32086 32100 32166 32167 32175 32176 32184 32185 32237 32246 32255 32256 32338 32343 32348 32456 32465
LI (36):  77 78 79 86 320 31270 31272 31334 31510 31514 31517 31563 31569 31612 31621 31630 31639 31648 31657 31666 31794 31808 31811 31814 32080 32081 32159 32164 32168 32173 32177 32182 32236 32245 32249 32254
NODE_NUM = 49
FILE div_sub_683.aig

# Subcircuit 684
SUB_ID 684
LO (16):  31822 31823 31857 31864 31877 31893 31909 31920 32017 32045 32074 32089 32159 32164 32168 32173
LI (30):  73 77 78 84 3823 31534 31570 31588 31597 31606 31633 31738 31792 31793 31794 31819 31863 31869 31871 31875 31881 31884 31886 31895 31908 32035 32036 32040 32079 32087
NODE_NUM = 50
FILE div_sub_684.aig

# Subcircuit 685
SUB_ID 685
LO (20):  31922 31929 31931 31956 31975 31989 32014 32019 32196 32211 32220 32265 32266 32293 32318 32329 32330 32495 32504 32512
LI (24):  67 68 72 73 74 31642 31669 31792 31793 31794 31921 31927 31930 31970 31973 32018 32024 32087 32203 32210 32219 32264 32315 32328
NODE_NUM = 50
FILE div_sub_685.aig

# Subcircuit 686
SUB_ID 686
LO (12):  31983 31985 32274 32288 32570 32598 32619 32860 32869 32878 32887 32895
LI (21):  44 66 67 68 3716 3823 31976 31978 31984 32086 32087 32391 32544 32553 32562 32569 32595 32603 32608 32613 32618
NODE_NUM = 50
FILE div_sub_686.aig

# Subcircuit 687
SUB_ID 687
LO (16):  31978 32018 32114 32380 32398 32407 32683 32689 32694 32695 32708 32710 32713 32735 32742 32746
LI (25):  85 3319 4143 31794 31831 31918 32017 32087 32113 32122 32131 32369 32371 32378 32390 32393 32395 32400 32409 32410 32680 32688 32693 32707 32709
NODE_NUM = 48
FILE div_sub_687.aig

# Subcircuit 688
SUB_ID 688
LO (12):  32122 32131 32369 32410 32680 32747 32748 32756 32757 33022 33027 33073
LI (22):  83 84 85 86 4143 31840 32087 32121 32129 32140 32364 32365 32390 32391 32436 32674 32683 32708 32709 32710 32742 32746
NODE_NUM = 46
FILE div_sub_688.aig

# Subcircuit 689
SUB_ID 689
LO (18):  32132 32177 32182 32193 32333 32349 32462 32463 32471 32472 32480 32481 32485 32648 32653 32658 32785 32794
LI (24):  76 78 79 80 3823 4143 31849 31894 31903 32087 32176 32181 32185 32192 32330 32338 32343 32348 32390 32455 32456 32464 32465 32473
NODE_NUM = 50
FILE div_sub_689.aig

# Subcircuit 690
SUB_ID 690
LO (15):  32203 32328 32489 32643 32649 32654 32674 32762 32765 32771 32780 32787 32796 32807 32814
LI (24):  75 77 4143 32202 32327 32329 32333 32390 32445 32454 32463 32472 32481 32482 32485 32640 32648 32653 32658 32663 32668 32673 32710 32764
NODE_NUM = 49
FILE div_sub_690.aig

# Subcircuit 691
SUB_ID 691
LO (23):  32222 32236 32245 32248 32254 32257 32264 32282 32284 32298 32303 32544 32553 32579 32593 32594 32595 32608 32613 32871 32880 32904 32907
LI (29):  43 66 67 69 70 71 3823 4017 4031 4143 31939 32086 32087 32235 32244 32247 32253 32256 32262 32277 32283 32297 32302 32390 32391 32542 32551 32590 32709
NODE_NUM = 47
FILE div_sub_691.aig

# Subcircuit 692
SUB_ID 692
LO (18):  32277 32297 32302 32327 32371 32382 32436 32673 32764 33017 33023 33043 33050 33058 33067 33075 33085 33093
LI (34):  69 70 75 83 84 86 4024 32086 32088 32094 32120 32139 32195 32201 32240 32246 32249 32255 32391 32434 32708 32709 32730 32739 32748 32757 32762 32766 33014 33022 33027 33032 33037 33042
NODE_NUM = 50
FILE div_sub_692.aig

# Subcircuit 693
SUB_ID 693
LO (19):  32434 32437 32454 32455 32464 32473 32482 32640 32663 32783 32784 32819 32820 32828 32829 32982 32987 33007 33145
LI (27):  76 77 78 81 82 4143 32148 32166 32175 32184 32193 32202 32390 32391 32432 32453 32497 32508 32634 32643 32662 32708 32709 32710 32780 32814 32818
NODE_NUM = 47
FILE div_sub_693.aig

# Subcircuit 694
SUB_ID 694
LO (13):  32497 32508 32634 32837 32977 32983 32998 32999 33130 33139 33147 33157 33165
LI (22):  75 76 4143 32211 32390 32391 32495 32506 32517 32629 32708 32709 32710 32802 32811 32820 32829 32974 32982 32987 32992 32997
NODE_NUM = 46
FILE div_sub_694.aig

# Subcircuit 695
SUB_ID 695
LO (11):  32506 32509 32524 32629 32846 32855 32967 32974 33167 33176 33183
LI (21):  73 74 75 4143 4813 32220 32390 32391 32504 32518 32522 32526 32535 32619 32628 32710 32845 32854 32964 32977 33165
NODE_NUM = 46
FILE div_sub_695.aig

# Subcircuit 696
SUB_ID 696
LO (22):  32526 32535 32618 32854 32962 32964 33042 33044 33045 33053 33060 33061 33062 33063 33069 33070 33186 33189 33192 33383 33388 33739
LI (26):  72 73 89 90 4143 4813 32390 32525 32527 32531 32708 32709 32718 32728 32738 32861 32959 32967 33041 33043 33044 33051 33052 33058 33068 33183
NODE_NUM = 48
FILE div_sub_696.aig

# Subcircuit 697
SUB_ID 697
LO (16):  32542 32551 32562 32603 32892 32947 33224 33293 33561 33645 33661 33662 33902 33911 33920 33928
LI (25):  69 70 71 72 4143 32265 32390 32391 32540 32549 32560 32708 32709 32888 33045 33222 33391 33535 33544 33553 33560 33642 33650 33655 33660
NODE_NUM = 50
FILE div_sub_697.aig

# Subcircuit 698
SUB_ID 698
LO (16):  32560 32569 32590 32910 32918 32923 32925 32926 32928 32932 32937 33241 33242 33243 33252 33283
LI (21):  42 66 67 68 69 4143 4270 32390 32558 32567 32580 32582 32593 32708 32709 32710 32904 32908 32920 33045 33240
NODE_NUM = 48
FILE div_sub_698.aig

# Subcircuit 699
SUB_ID 699
LO (19):  32582 32662 32707 32709 32718 32725 32727 32728 32730 32738 32739 32774 32775 32792 32793 33002 33012 33032 33037
LI (26):  81 83 87 88 4143 4263 4475 32102 32390 32391 32399 32400 32408 32444 32446 32452 32462 32694 32695 32701 32708 32710 32715 32735 32771 32789
NODE_NUM = 49
FILE div_sub_699.aig

# Subcircuit 700
SUB_ID 700
LO (16):  32715 32766 32789 32802 32997 33097 33098 33124 33125 33133 33343 33349 33350 33363 33459 33467
LI (27):  80 81 82 84 85 4813 32649 32654 32689 32710 32711 32713 32765 32785 32787 32794 32796 32800 32998 33002 33044 33045 33096 33117 33120 33132 33340
NODE_NUM = 46
FILE div_sub_700.aig

# Subcircuit 701
SUB_ID 701
LO (25):  32800 32811 32992 33071 33338 33340 33378 33379 33380 33391 33399 33400 33404 33408 33409 33417 33418 33470 33473 33476 33725 33730 33735 33753 33773
LI (25):  79 80 88 89 90 5172 32471 32480 32708 32709 32807 33045 33053 33070 33079 33141 33335 33343 33375 33377 33390 33398 33407 33416 33467
NODE_NUM = 50
FILE div_sub_701.aig

# Subcircuit 702
SUB_ID 702
LO (16):  32818 32845 32861 32874 32957 33196 33205 33206 33303 33324 33325 33504 33513 33522 33528 33530
LI (26):  72 73 74 4813 32489 32516 32708 32709 32710 32860 32869 32872 32958 32962 33044 33045 33170 33179 33188 33189 33192 33204 33305 33313 33318 33323
NODE_NUM = 49
FILE div_sub_702.aig

# Subcircuit 703
SUB_ID 703
LO (15):  32872 32883 32952 33215 33298 33553 33650 33924 34036 34052 34053 34268 34277 34286 34294
LI (23):  71 72 73 74 32708 32710 32871 32878 32881 33045 33213 33391 33551 33750 33751 33898 33907 33916 33921 34033 34041 34046 34051
NODE_NUM = 47
FILE div_sub_703.aig

# Subcircuit 704
SUB_ID 704
LO (14):  32881 32888 32901 32942 33233 33288 33642 33933 33934 33942 33943 34026 34031 34301
LI (26):  69 70 71 72 73 32579 32594 32598 32708 32710 32880 32887 32895 32899 33045 33231 33391 33569 33580 33636 33645 33750 33751 33752 33928 33932
NODE_NUM = 48
FILE div_sub_704.aig

# Subcircuit 705
SUB_ID 705
LO (14):  32899 32908 32920 33014 33096 33106 33107 33115 33120 33353 33359 33360 33441 33449
LI (23):  41 65 83 84 4813 32570 32708 32709 32710 32775 32784 32793 32907 32999 33002 33007 33012 33044 33091 33093 33099 33108 33350
NODE_NUM = 47
FILE div_sub_705.aig

# Subcircuit 706
SUB_ID 706
LO (10):  33041 33051 33068 33079 33375 33407 33416 33426 33427 33720
LI (26):  86 87 89 4813 5172 32725 32727 32747 32756 33023 33044 33045 33050 33067 33073 33075 33078 33087 33089 33098 33364 33369 33378 33390 33391 33404
NODE_NUM = 48
FILE div_sub_706.aig

# Subcircuit 707
SUB_ID 707
LO (16):  33087 33091 33099 33108 33117 33132 33141 33335 33480 33481 33489 33685 33691 33692 33848 33856
LI (25):  79 80 81 4813 5172 32774 32775 32783 32792 32819 33017 33044 33045 33085 33130 33139 33150 33161 33329 33338 33390 33391 33473 33476 33682
NODE_NUM = 50
FILE div_sub_707.aig

# Subcircuit 708
SUB_ID 708
LO (11):  33150 33161 33329 33682 33861 33862 33870 33871 34066 34071 34229
LI (26):  78 79 80 81 4813 5172 32828 32983 33044 33045 33145 33147 33159 33170 33324 33325 33390 33391 33508 33676 33685 33750 33751 33752 33856 33860
NODE_NUM = 48
FILE div_sub_708.aig

# Subcircuit 709
SUB_ID 709
LO (14):  33159 33170 33323 33508 33676 33879 34061 34067 34077 34078 34223 34231 34241 34249
LI (23):  77 78 79 4813 32837 33044 33045 33157 33168 33391 33506 33517 33671 33750 33751 33752 33853 33862 33871 34058 34066 34071 34076
NODE_NUM = 46
FILE div_sub_709.aig

# Subcircuit 710
SUB_ID 710
LO (16):  33168 33179 33318 33517 33671 34056 34058 34129 34130 34137 34144 34145 34252 34255 34258 34514
LI (25):  76 77 78 93 5926 32846 33044 33045 33167 33177 33391 33515 33526 33666 33750 33751 33752 33760 33770 34053 34061 34128 34136 34142 34249
NODE_NUM = 46
FILE div_sub_710.aig

# Subcircuit 711
SUB_ID 711
LO (14):  33177 33188 33313 33526 33666 33898 34051 34262 34263 34271 34272 34439 34444 34636
LI (26):  75 76 77 78 79 5926 32855 33044 33045 33176 33186 33391 33524 33535 33661 33662 33750 33751 33752 34052 34056 34128 34129 34255 34258 34270
NODE_NUM = 43
FILE div_sub_711.aig

# Subcircuit 712
SUB_ID 712
LO (15):  33204 33213 33222 33231 33240 33251 33278 33636 33951 33952 33960 33961 34016 34021 34310
LI (23):  68 69 70 71 4813 33044 33202 33211 33220 33229 33238 33243 33247 33391 33587 33598 33626 33635 33750 33751 33752 33950 34026
NODE_NUM = 50
FILE div_sub_712.aig

# Subcircuit 713
SUB_ID 713
LO (15):  33259 33273 33598 33626 33970 34011 34344 34399 34517 34525 34526 34527 34713 34716 34903
LI (29):  67 68 69 70 93 4693 4813 6324 32923 32925 32927 33044 33252 33391 33596 33606 33621 33750 33751 33752 34129 34137 34154 34342 34400 34404 34516 34524 34710
NODE_NUM = 50
FILE div_sub_713.aig

# Subcircuit 714
SUB_ID 714
LO (14):  33267 33269 33606 33621 33979 34006 34353 34394 34732 34733 34788 34789 34790 35141
LI (24):  40 66 67 68 69 70 5033 5046 5172 33044 33262 33268 33390 33391 33615 33616 33750 33751 33752 34129 34351 34517 34731 34785
NODE_NUM = 48
FILE div_sub_714.aig

# Subcircuit 715
SUB_ID 715
LO (11):  33262 33364 33737 33756 33763 33776 33785 33794 33807 33808 34101
LI (26):  86 87 5039 5172 33044 33360 33363 33390 33400 33409 33418 33427 33428 33430 33445 33711 33720 33725 33730 33735 33750 33751 33752 33753 33762 33773
NODE_NUM = 49
FILE div_sub_715.aig

# Subcircuit 716
SUB_ID 716
LO (29):  33377 33384 33390 33398 33444 33445 33453 33454 33462 33463 33506 33515 33524 33534 33535 33543 33544 33551 33560 33569 33578 33655 33660 33700 33705 33710 33741 33809 33818
LI (32):  74 75 83 84 85 88 5172 33061 33062 33063 33069 33380 33383 33388 33394 33437 33442 33446 33451 33455 33460 33505 33514 33523 33527 33532 33536 33541 33550 33559 33568 33577
NODE_NUM = 50
FILE div_sub_716.aig

# Subcircuit 717
SUB_ID 717
LO (19):  33394 33428 33430 33437 33442 33446 33451 33455 33460 33471 33695 33711 33816 33817 33822 33825 33831 33838 34096
LI (33):  82 86 5172 33071 33097 33106 33107 33115 33124 33125 33133 33349 33353 33359 33363 33379 33383 33391 33441 33449 33454 33459 33463 33470 33692 33700 33705 33710 33752 33809 33815 33818 33824
NODE_NUM = 47
FILE div_sub_717.aig

# Subcircuit 718
SUB_ID 718
LO (23):  33505 33514 33523 33527 33532 33536 33541 33550 33559 33568 33577 33580 33587 33596 33615 33616 33635 33950 33986 33987 33990 33993 34001
LI (30):  39 66 67 70 5172 5330 5343 33196 33205 33241 33304 33390 33391 33504 33513 33522 33528 33530 33540 33549 33558 33567 33576 33578 33585 33594 33609 33750 33751 33752
NODE_NUM = 47
FILE div_sub_718.aig

# Subcircuit 719
SUB_ID 719
LO (27):  33609 33745 33747 33751 33758 33762 33768 33778 33787 33796 33815 33824 33834 33835 33843 33844 33852 33853 33860 33906 33907 34046 34076 34081 34086 34202 34211
LI (28):  76 82 83 84 91 5172 5336 33060 33390 33391 33399 33400 33408 33417 33426 33444 33453 33462 33471 33480 33489 33534 33743 33750 33831 33840 33849 33903
NODE_NUM = 50
FILE div_sub_719.aig

# Subcircuit 720
SUB_ID 720
LO (13):  33743 34128 34136 34142 34154 34155 34163 34164 34166 34168 34499 34504 34528
LI (25):  88 90 91 5926 33384 33391 33739 33741 33771 33772 33781 33790 33798 33808 34103 34105 34111 34116 34121 34126 34131 34139 34147 34148 34156
NODE_NUM = 47
FILE div_sub_720.aig

# Subcircuit 721
SUB_ID 721
LO (14):  34103 34172 34173 34181 34182 34190 34191 34198 34199 34484 34489 34494 34546 34555
LI (20):  85 87 88 89 5926 33808 33817 33825 33835 34087 34090 34096 34101 34128 34165 34166 34168 34174 34183 34192
NODE_NUM = 49
FILE div_sub_721.aig

# Subcircuit 722
SUB_ID 722
LO (16):  33840 33849 33903 33916 34041 34289 34429 34440 34455 34456 34621 34630 34638 34648 34657 34665
LI (24):  75 76 33481 33691 33695 33752 33838 33848 33902 33911 33914 34129 34245 34254 34263 34272 34281 34288 34426 34434 34439 34444 34449 34454
NODE_NUM = 48
FILE div_sub_722.aig

# Subcircuit 723
SUB_ID 723
LO (17):  33914 33921 33932 33995 33997 34370 34384 34750 34778 34785 35146 35147 35152 35155 35159 35183 35216
LI (29):  38 65 66 67 68 71 5791 5926 33543 33561 33750 33751 33752 33920 33990 33993 33996 34128 34129 34517 34742 34749 34775 34783 34920 35139 35141 35145 35154
NODE_NUM = 49
FILE div_sub_723.aig

# Subcircuit 724
SUB_ID 724
LO (10):  34033 34298 34307 34316 34414 34426 34666 34675 34684 34692
LI (20):  73 74 75 5926 33934 33943 34023 34026 34031 34128 34291 34292 34294 34300 34301 34309 34311 34411 34429 34665
NODE_NUM = 50
FILE div_sub_724.aig

# Subcircuit 725
SUB_ID 725
LO (14):  34087 34208 34217 34469 34485 34490 34495 34496 34548 34557 34567 34576 34585 34593
LI (21):  84 85 5926 33844 34078 34081 34086 34128 34173 34182 34191 34200 34201 34202 34210 34212 34466 34479 34484 34489 34494
NODE_NUM = 49
FILE div_sub_725.aig

# Subcircuit 726
SUB_ID 726
LO (22):  34090 34105 34516 34524 34534 34535 34543 34544 34552 34553 34561 34562 34569 34876 34883 34888 34893 34898 34910 34941 34950 34959
LI (26):  85 88 89 90 91 92 6324 33795 33797 33822 33824 34137 34145 34155 34505 34508 34514 34527 34532 34536 34541 34545 34550 34554 34559 34568
NODE_NUM = 50
FILE div_sub_726.aig

# Subcircuit 727
SUB_ID 727
LO (22):  34147 34156 34165 34174 34183 34192 34200 34201 34210 34212 34466 34479 34579 34580 34597 34598 34606 34607 34858 34863 34873 35004
LI (29):  83 84 85 86 87 6324 33780 33789 33798 33807 33816 33825 33834 33843 33852 34077 34129 34199 34211 34225 34236 34460 34469 34477 34516 34517 34578 34590 34593
NODE_NUM = 50
FILE div_sub_727.aig

# Subcircuit 728
SUB_ID 728
LO (13):  34225 34236 34460 34615 34853 34859 34879 34980 34989 34998 35006 35016 35024
LI (24):  82 83 5926 6324 33861 34128 34129 34223 34234 34245 34455 34456 34516 34517 34580 34589 34598 34607 34850 34858 34863 34868 34873 34878
NODE_NUM = 50
FILE div_sub_728.aig

# Subcircuit 729
SUB_ID 729
LO (18):  34234 34245 34454 34850 34920 34928 34935 34938 34940 34945 34948 35029 35030 35035 35037 35038 35281 35331
LI (27):  81 82 84 94 5926 33870 34067 34128 34129 34229 34231 34243 34517 34623 34634 34844 34853 34918 34919 34924 34927 34934 34937 34944 34947 35024 35028
NODE_NUM = 47
FILE div_sub_729.aig

# Subcircuit 730
SUB_ID 730
LO (13):  34243 34254 34449 34634 34844 35047 35271 35287 35288 35433 35442 35451 35459
LI (23):  80 81 82 5926 33879 34128 34129 34241 34252 34517 34632 34643 34839 34918 34919 34920 35021 35030 35039 35268 35276 35281 35286
NODE_NUM = 49
FILE div_sub_730.aig

# Subcircuit 731
SUB_ID 731
LO (14):  34270 34281 34434 34839 35056 35057 35065 35066 35071 35073 35074 35261 35266 35466
LI (22):  77 78 80 81 5926 33906 34128 34129 34268 34279 34517 34652 34659 34670 34824 34833 34838 34918 34919 34920 35055 35064
NODE_NUM = 49
FILE div_sub_731.aig

# Subcircuit 732
SUB_ID 732
LO (16):  34279 34288 34291 34292 34300 34309 34311 34411 34696 34697 34705 34803 34809 34810 35106 35114
LI (26):  72 73 74 5926 6324 33924 33933 33934 33942 33951 34022 34036 34128 34129 34277 34286 34310 34324 34335 34405 34414 34516 34517 34689 34692 34800
NODE_NUM = 49
FILE div_sub_732.aig

# Subcircuit 733
SUB_ID 733
LO (14):  34324 34335 34404 34405 34710 34800 35119 35120 35128 35226 35232 35233 35532 35540
LI (22):  71 72 73 74 5926 33960 34128 34129 34322 34333 34401 34517 34713 34724 34794 34803 34918 34919 34920 35114 35118 35223
NODE_NUM = 49
FILE div_sub_733.aig

# Subcircuit 734
SUB_ID 734
LO (16):  34333 34342 34351 34362 34389 34742 34783 35139 35154 35211 35223 35543 35544 35552 35561 35567
LI (28):  68 69 70 5926 7162 33986 34128 34129 34331 34340 34349 34360 34517 34740 34788 34918 34919 35138 35147 35152 35156 35208 35216 35221 35338 35537 35538 35540
NODE_NUM = 48
FILE div_sub_734.aig

# Subcircuit 735
SUB_ID 735
LO (23):  34360 34373 34477 34505 34508 34532 34536 34541 34545 34550 34554 34559 34570 34878 34884 34889 34894 34899 34900 34943 34952 34961 34971
LI (41):  86 88 92 5926 6177 6324 34128 34130 34136 34163 34164 34172 34173 34181 34190 34198 34358 34485 34490 34495 34496 34499 34504 34517 34528 34535 34538 34544 34546 34548 34553 34555 34557 34562 34569 34876 34879 34883 34888 34893 34898
NODE_NUM = 48
FILE div_sub_735.aig

# Subcircuit 736
SUB_ID 736
LO (14):  34568 34578 34589 34868 35002 35296 35322 35323 35370 35379 35388 35397 35406 35414
LI (23):  86 87 6324 34208 34516 34517 34567 34576 34587 34918 34919 34958 34967 34976 34985 34994 34999 35293 35301 35306 35311 35316 35321
NODE_NUM = 49
FILE div_sub_736.aig

# Subcircuit 737
SUB_ID 737
LO (16):  34587 34590 34623 34632 34643 34652 34659 34670 34824 34833 34838 35055 35064 35080 35082 35083
LI (26):  77 79 80 6324 34217 34262 34271 34289 34440 34516 34517 34585 34621 34630 34636 34638 34641 34648 34650 34657 34668 34679 34819 34918 34919 34920
NODE_NUM = 47
FILE div_sub_737.aig

# Subcircuit 738
SUB_ID 738
LO (13):  34668 34679 34819 35092 35246 35262 35268 35460 35468 35478 35487 35496 35504
LI (24):  76 77 6324 34298 34516 34517 34666 34677 34688 34814 34918 34919 34920 35057 35066 35075 35084 35243 35251 35256 35261 35266 35457 35459
NODE_NUM = 48
FILE div_sub_738.aig

# Subcircuit 739
SUB_ID 739
LO (11):  34677 34688 34814 35243 35508 35509 35517 35518 35671 35676 35924
LI (24):  75 76 77 78 6324 7162 34307 34516 34517 34675 34686 34697 34809 34810 34918 34919 34920 35111 35237 35246 35338 35339 35501 35504
NODE_NUM = 47
FILE div_sub_739.aig

# Subcircuit 740
SUB_ID 740
LO (14):  34686 34689 34724 34794 35138 35221 35538 35553 35651 35667 35945 35954 35963 35971
LI (25):  71 72 73 6324 34316 34516 34517 34684 34716 34720 34733 34789 34790 34918 34919 34920 35226 35339 35536 35545 35552 35648 35656 35661 35666
NODE_NUM = 50
FILE div_sub_740.aig

# Subcircuit 741
SUB_ID 741
LO (11):  34731 34740 34749 34775 35164 35173 35201 35208 35569 35578 35585
LI (23):  67 68 69 6324 7162 34374 34516 34517 34729 34738 34747 34757 34768 34769 34778 34918 34919 34920 35159 35163 35198 35211 35567
NODE_NUM = 50
FILE div_sub_741.aig

# Subcircuit 742
SUB_ID 742
LO (9):  34757 34768 34769 35181 35186 35198 35587 35596 35604
LI (18):  36 66 67 6324 6527 6539 7011 7162 34379 34516 34754 34762 34918 34919 34920 35184 35201 35585
NODE_NUM = 47
FILE div_sub_742.aig

# Subcircuit 743
SUB_ID 743
LO (27):  34762 34918 34924 34927 34934 34937 34947 34957 34958 34966 34967 34975 34976 34984 34985 34993 34994 35011 35012 35019 35020 35291 35301 35306 35311 35316 35321
LI (32):  86 88 89 90 91 92 6532 34516 34526 34900 34903 34917 34922 34926 34930 34932 34936 34946 34954 34955 34963 34964 34972 34973 34981 34982 34990 34991 35008 35009 35017 35018
NODE_NUM = 50
FILE div_sub_743.aig

# Subcircuit 744
SUB_ID 744
LO (24):  34917 34919 34926 34930 34932 34936 34946 34955 34964 34973 34982 34991 35009 35018 35028 35111 35118 35145 35163 35237 35526 35527 35666 35668
LI (32):  75 76 94 6324 6739 7162 34144 34517 34525 34526 34534 34543 34552 34561 34570 34579 34597 34606 34615 34696 34705 34732 34750 34911 34918 35107 35120 35232 35233 35338 35339 35667
NODE_NUM = 50
FILE div_sub_744.aig

# Subcircuit 745
SUB_ID 745
LO (19):  34911 34922 34944 34954 34963 34972 34981 34990 34999 35008 35017 35021 35286 35333 35346 35352 35364 35426 35755
LI (43):  85 93 94 7162 34517 34535 34859 34884 34889 34894 34899 34903 34910 34920 34940 34941 34943 34948 34950 34952 34958 34959 34961 34971 34980 34989 34998 35004 35006 35016 35020 35284 35287 35291 35322 35323 35325 35331 35338 35349 35351 35357 35423
NODE_NUM = 50
FILE div_sub_745.aig

# Subcircuit 746
SUB_ID 746
LO (20):  35039 35075 35084 35107 35156 35184 35251 35256 35276 35284 35293 35418 35423 35726 35742 35743 35810 35819 35828 35836
LI (39):  35 70 78 79 83 85 88 7162 34920 35012 35019 35035 35037 35038 35071 35073 35074 35080 35082 35083 35106 35155 35183 35250 35255 35275 35288 35291 35338 35392 35401 35410 35411 35412 35414 35723 35731 35736 35741
NODE_NUM = 49
FILE div_sub_746.aig

# Subcircuit 747
SUB_ID 747
LO (27):  35325 35335 35338 35373 35374 35382 35383 35391 35392 35400 35401 35409 35410 35436 35437 35445 35446 35711 35716 35731 35736 35741 35746 35751 35789 35798 35852
LI (28):  85 86 89 90 91 92 93 95 34935 34937 34939 34945 34947 35337 35366 35371 35375 35380 35384 35389 35393 35398 35402 35407 35429 35434 35438 35443
NODE_NUM = 50
FILE div_sub_747.aig

# Subcircuit 748
SUB_ID 748
LO (22):  35349 35357 35366 35371 35375 35380 35384 35389 35393 35398 35402 35407 35411 35412 35723 35840 35841 35849 35850 36157 36162 36289
LI (31):  87 88 89 436 7162 34940 34948 34957 34966 34975 34984 34993 35002 35011 35012 35296 35336 35339 35370 35379 35388 35397 35406 35426 35437 35717 35726 35768 35769 35833 35836
NODE_NUM = 46
FILE div_sub_748.aig

# Subcircuit 749
SUB_ID 749
LO (15):  35429 35434 35438 35443 35717 35858 35859 35867 35868 35869 35875 35876 36147 36152 36307
LI (22):  84 86 87 436 7162 35020 35029 35038 35339 35433 35442 35446 35453 35464 35702 35711 35716 35768 35769 35851 35852 35860
NODE_NUM = 46
FILE div_sub_749.aig

# Subcircuit 750
SUB_ID 750
LO (15):  35453 35464 35702 35885 36137 36148 36158 36163 36164 36291 36301 36309 36319 36328 36336
LI (24):  83 84 436 7162 35047 35338 35339 35451 35462 35473 35697 35768 35769 35841 35850 35859 35868 35877 36134 36142 36147 36152 36157 36162
NODE_NUM = 49
FILE div_sub_750.aig

# Subcircuit 751
SUB_ID 751
LO (16):  35457 35462 35473 35697 36134 36214 36219 36222 36229 36232 36341 36342 36347 36349 36350 36607
LI (27):  82 83 85 436 7162 35056 35057 35271 35338 35339 35460 35471 35482 35692 35768 35769 35904 36128 36137 36212 36213 36218 36221 36228 36231 36336 36340
NODE_NUM = 48
FILE div_sub_751.aig

# Subcircuit 752
SUB_ID 752
LO (11):  35471 35482 35692 35904 36128 36359 36597 36603 36604 36805 36813
LI (24):  81 82 83 436 7162 35065 35262 35338 35339 35466 35468 35480 35491 35687 35768 35769 35913 36123 36212 36213 36214 36351 36594 36602
NODE_NUM = 47
FILE div_sub_752.aig

# Subcircuit 753
SUB_ID 753
LO (14):  35480 35491 35687 35913 36123 36592 36594 36675 36676 36683 36684 36816 36819 36822
LI (27):  80 81 82 436 7162 8519 35074 35338 35339 35478 35489 35500 35682 35768 35769 35922 36118 36212 36213 36214 36222 36232 36589 36597 36674 36682 36813
NODE_NUM = 49
FILE div_sub_753.aig

# Subcircuit 754
SUB_ID 754
LO (12):  35489 35500 35682 35922 36118 36587 36589 36826 36827 36828 36831 37064
LI (27):  79 80 81 83 436 7162 8519 35083 35338 35339 35487 35498 35509 35677 35768 35769 35931 36113 36212 36213 36214 36584 36592 36674 36675 36819 36822
NODE_NUM = 50
FILE div_sub_754.aig

# Subcircuit 755
SUB_ID 755
LO (17):  35498 35501 35536 35661 35957 36097 36113 36386 36387 36395 36396 36401 36404 36408 36577 36582 36838
LI (23):  75 76 79 80 7162 35092 35119 35338 35339 35496 35534 35769 35940 35949 35956 36094 36102 36107 36112 36214 36385 36394 36403
NODE_NUM = 50
FILE div_sub_755.aig

# Subcircuit 756
SUB_ID 756
LO (15):  35534 35537 35545 35648 35656 35966 35967 35975 35984 35985 36082 36087 36093 36094 36418
LI (23):  72 73 74 75 436 7162 35128 35146 35338 35339 35532 35544 35561 35572 35642 35651 35654 35768 35769 35965 35968 35971 36088
NODE_NUM = 50
FILE div_sub_756.aig

# Subcircuit 757
SUB_ID 757
LO (12):  35572 35642 35994 36077 36449 36547 36563 36564 36877 36886 36895 36903
LI (21):  71 72 73 436 35155 35339 35570 35581 35637 35768 35769 36212 36213 36423 36432 36441 36446 36544 36552 36557 36562
NODE_NUM = 48
FILE div_sub_757.aig

# Subcircuit 758
SUB_ID 758
LO (12):  35570 35581 35637 36003 36072 36544 36907 36908 36909 36915 36916 37019
LI (25):  70 71 72 74 436 8519 35164 35338 35339 35569 35579 35590 35632 35768 35769 36212 36213 36455 36468 36538 36547 36674 36675 36900 36903
NODE_NUM = 49
FILE div_sub_758.aig

# Subcircuit 759
SUB_ID 759
LO (12):  35579 35590 35632 36012 36067 36468 36538 36925 37009 37015 37377 37385
LI (24):  69 70 71 72 436 8519 35173 35338 35339 35578 35588 35599 35627 35768 35769 36212 36213 36464 36477 36533 36674 36675 37006 37014
NODE_NUM = 50
FILE div_sub_759.aig

# Subcircuit 760
SUB_ID 760
LO (13):  35588 35599 35627 36021 36062 36477 36533 36935 37004 37147 37148 37388 37391
LI (28):  68 69 70 71 436 8519 9004 35181 35338 35339 35587 35597 35607 35622 35768 35769 36212 36213 36473 36486 36528 36674 36675 36683 37005 37009 37146 37385
NODE_NUM = 50
FILE div_sub_760.aig

# Subcircuit 761
SUB_ID 761
LO (12):  35597 35607 35622 36030 36057 36486 36528 36944 36999 37407 37408 37477
LI (25):  67 68 69 70 71 436 8519 35186 35338 35339 35596 35605 35616 35617 35768 35769 36212 36213 36482 36495 36523 36674 36675 37147 37406
NODE_NUM = 48
FILE div_sub_761.aig

# Subcircuit 762
SUB_ID 762
LO (13):  35605 35616 35617 36038 36052 36495 36523 36953 36994 37416 37417 37472 37474
LI (24):  66 67 68 69 70 436 7441 7448 8519 35338 35604 35609 35768 35769 36212 36213 36491 36503 36518 36674 36675 37147 37415 37473
NODE_NUM = 48
FILE div_sub_762.aig

# Subcircuit 763
SUB_ID 763
LO (14):  35654 35677 35753 35785 35794 35803 35804 35931 35940 36107 36112 36259 36385 36394
LI (26):  74 78 79 436 35374 35383 35518 35543 35668 35671 35676 35743 35746 35751 35768 35780 35782 35789 35797 35799 35923 35924 35932 35934 36212 36213
NODE_NUM = 47
FILE div_sub_763.aig

# Subcircuit 764
SUB_ID 764
LO (15):  35797 36212 36218 36221 36228 36231 36242 36243 36251 36252 36257 36260 36657 36662 36694
LI (25):  95 96 35382 35769 35778 35787 35796 35805 35814 36178 36180 36187 36192 36197 36211 36214 36215 36220 36224 36226 36230 36235 36240 36249 36259
NODE_NUM = 49
FILE div_sub_764.aig

# Subcircuit 765
SUB_ID 765
LO (14):  35799 35805 35814 36178 36269 36647 36658 36668 36669 36680 36696 36706 36715 36723
LI (22):  92 93 35391 35742 35769 35798 35804 35812 35823 36173 36212 36213 36214 36234 36243 36252 36261 36644 36652 36657 36662 36667
NODE_NUM = 46
FILE div_sub_765.aig

# Subcircuit 766
SUB_ID 766
LO (11):  35812 35823 36173 36644 36727 36728 36736 36737 37114 37119 37185
LI (23):  91 92 93 94 436 8519 35400 35768 35769 35810 35821 35832 36168 36212 36213 36214 36288 36638 36647 36674 36675 36720 36723
NODE_NUM = 48
FILE div_sub_766.aig

# Subcircuit 767
SUB_ID 767
LO (13):  35821 35832 36168 36288 36638 36745 37109 37115 37120 37121 37187 37197 37205
LI (25):  90 91 92 436 8519 35409 35768 35769 35819 35830 35841 36163 36164 36212 36213 36214 36297 36633 36674 36675 36728 36737 37106 37114 37119
NODE_NUM = 47
FILE div_sub_767.aig

# Subcircuit 768
SUB_ID 768
LO (25):  35830 35833 35851 35860 35877 35923 35932 35934 35949 36102 36142 36332 36403 36572 36578 36583 36584 36612 36618 36619 36778 36786 36840 36850 36858
LI (33):  77 78 85 86 436 35418 35436 35445 35508 35517 35526 35527 35667 35671 35768 35769 35828 35876 35947 36141 36212 36213 36324 36329 36387 36396 36401 36405 36569 36577 36582 36609 36617
NODE_NUM = 50
FILE div_sub_768.aig

# Subcircuit 769
SUB_ID 769
LO (12):  35947 35956 35965 35968 36046 36048 36503 36518 36954 36959 36963 36967
LI (20):  66 67 436 7853 7860 8353 8519 35553 35768 35769 35945 35954 35963 36040 36047 36212 36213 36214 36505 36675
NODE_NUM = 46
FILE div_sub_769.aig

# Subcircuit 770
SUB_ID 770
LO (25):  36141 36180 36211 36213 36220 36224 36226 36230 36240 36249 36296 36297 36305 36306 36314 36315 36323 36324 36617 36622 36627 36632 36748 36757 36766
LI (28):  85 87 88 89 90 93 97 428 436 35354 35769 35777 35778 35786 35795 35803 35840 35849 35858 35867 35869 35875 36205 36212 36293 36302 36311 36320
NODE_NUM = 49
FILE div_sub_770.aig

# Subcircuit 771
SUB_ID 771
LO (23):  36205 36674 36682 36690 36691 36700 36701 36709 36710 36718 36719 36754 36755 36762 36763 37104 37124 37129 37134 37137 37144 37158 37167
LI (28):  91 95 96 97 98 99 35762 35769 36201 36203 36232 36234 36668 36669 36671 36675 36681 36684 36693 36698 36702 36707 36711 36716 36747 36752 36756 36761
NODE_NUM = 47
FILE div_sub_771.aig

# Subcircuit 772
SUB_ID 772
LO (20):  36234 36261 36293 36302 36311 36320 36329 36340 36351 36602 36652 36667 36799 37079 37095 37096 37233 37242 37251 37259
LI (36):  84 86 94 97 8519 35885 36148 36158 36212 36213 36214 36222 36260 36289 36291 36301 36307 36309 36319 36328 36350 36601 36603 36607 36651 36666 36674 36773 36782 36791 36792 36795 37076 37084 37089 37094
NODE_NUM = 48
FILE div_sub_772.aig

# Subcircuit 773
SUB_ID 773
LO (10):  36405 36569 36862 36871 37039 37050 37051 37314 37323 37331
LI (21):  77 78 79 8519 35967 36093 36097 36214 36404 36408 36412 36423 36563 36564 36572 36674 36675 36854 36858 37036 37049
NODE_NUM = 50
FILE div_sub_773.aig

# Subcircuit 774
SUB_ID 774
LO (12):  36412 36423 36562 37036 37335 37336 37344 37512 37518 37519 37829 37837
LI (21):  76 77 78 79 9004 35957 36212 36213 36214 36418 36421 36675 36879 36890 37030 37039 37146 37147 37328 37331 37509
NODE_NUM = 48
FILE div_sub_774.aig

# Subcircuit 775
SUB_ID 775
LO (14):  36421 36432 36557 36890 37030 37509 37634 37639 37842 37843 37848 37850 37851 38024
LI (25):  75 76 77 79 9004 35966 36212 36213 36214 36427 36430 36675 36888 36899 37025 37146 37147 37363 37503 37512 37632 37633 37638 37837 37841
NODE_NUM = 50
FILE div_sub_775.aig

# Subcircuit 776
SUB_ID 776
LO (12):  36430 36441 36552 36899 37025 37363 37503 37860 38014 38020 38348 38356
LI (24):  74 75 76 77 9004 35975 36212 36213 36214 36436 36439 36675 36897 36908 37020 37146 37147 37372 37498 37632 37633 37634 38011 38019
NODE_NUM = 50
FILE div_sub_776.aig

# Subcircuit 777
SUB_ID 777
LO (20):  36439 36446 36455 36464 36473 36482 36491 36505 36601 36609 36791 36795 37084 37254 37562 37578 37721 37730 37739 37747
LI (33):  32 65 84 87 88 8519 35984 36212 36213 36214 36342 36347 36349 36445 36454 36463 36472 36481 36490 36604 36607 36674 36783 36784 36786 37147 37237 37246 37253 37559 37567 37572 37577
NODE_NUM = 50
FILE div_sub_777.aig

# Subcircuit 778
SUB_ID 778
LO (13):  36633 36752 36761 36773 37094 37227 37236 37237 37572 37577 37588 37703 37712
LI (27):  89 90 91 8519 9004 36306 36315 36619 36622 36627 36632 36674 36748 36757 36765 36767 37095 37099 37146 37147 37219 37220 37223 37235 37578 37582 37587
NODE_NUM = 50
FILE div_sub_778.aig

# Subcircuit 779
SUB_ID 779
LO (21):  36651 36666 36671 36681 37146 37155 37156 37164 37165 37173 37174 37182 37183 37602 37607 37612 37617 37624 37635 37655 37664
LI (27):  94 96 97 98 99 8519 9004 36219 36221 36229 36231 36257 36259 36680 36683 36691 36701 37135 37138 37144 37148 37157 37162 37166 37171 37175 37180
NODE_NUM = 50
FILE div_sub_779.aig

# Subcircuit 780
SUB_ID 780
LO (20):  36693 36698 36702 36707 36711 36716 36720 36747 36756 37099 37106 37209 37218 37219 37223 37582 37587 37598 37685 37694
LI (30):  92 93 8519 9004 36242 36251 36260 36269 36296 36305 36658 36675 36694 36696 36706 36715 36755 36764 37096 37097 37104 37146 37201 37202 37203 37205 37211 37588 37592 37597
NODE_NUM = 50
FILE div_sub_780.aig

# Subcircuit 781
SUB_ID 781
LO (17):  36764 36765 36767 36782 37089 37220 37246 37567 37743 38079 38100 38101 38204 38213 38222 38231 38239
LI (24):  88 89 90 36314 36323 36618 36675 36763 36766 36780 37147 37244 37632 37633 37708 37717 37726 37735 37740 38076 38084 38089 38094 38099
NODE_NUM = 50
FILE div_sub_781.aig

# Subcircuit 782
SUB_ID 782
LO (12):  36780 36783 36784 36792 37076 37263 37272 37552 37559 37749 37758 37765
LI (25):  85 86 87 8519 9004 36332 36341 36342 36350 36612 36674 36675 36778 36807 36818 37070 37079 37146 37147 37256 37259 37549 37562 37634 37747
NODE_NUM = 50
FILE div_sub_782.aig

# Subcircuit 783
SUB_ID 783
LO (11):  36807 36818 37070 37549 37770 37771 37779 37780 38059 38064 38264
LI (23):  84 85 86 87 8519 9004 36359 36674 36675 36805 36816 36827 37065 37146 37147 37291 37543 37552 37632 37633 37634 37765 37769
NODE_NUM = 47
FILE div_sub_783.aig

# Subcircuit 784
SUB_ID 784
LO (8):  37065 37291 37537 37543 37785 37786 37792 37795
LI (20):  82 83 84 8519 9004 36387 36583 36587 36674 36828 36831 36845 37055 37064 37146 37147 37283 37534 37633 37634
NODE_NUM = 48
FILE div_sub_784.aig

# Subcircuit 785
SUB_ID 785
LO (10):  36845 37055 37534 37797 37798 37806 37807 38044 38049 38291
LI (21):  81 82 83 84 9004 36386 36675 36843 36854 37050 37051 37146 37147 37318 37528 37537 37632 37633 37634 37792 37796
NODE_NUM = 44
FILE div_sub_785.aig

# Subcircuit 786
SUB_ID 786
LO (14):  36843 36854 37049 37318 37528 37815 38039 38045 38055 38056 38285 38293 38303 38311
LI (25):  80 81 82 8519 36395 36578 36674 36675 36838 36840 36852 37147 37316 37327 37523 37632 37633 37634 37789 37798 37807 38036 38044 38049 38054
NODE_NUM = 48
FILE div_sub_786.aig

# Subcircuit 787
SUB_ID 787
LO (17):  36852 36879 36888 36897 36900 37014 37020 37372 37498 38009 38011 38137 38138 38145 38359 38362 38365
LI (30):  73 75 76 599 8519 9004 36449 36674 36675 36850 36877 36886 36895 36916 37013 37015 37019 37146 37364 37381 37493 37632 37633 37634 37642 38006 38014 38136 38144 38356
NODE_NUM = 50
FILE div_sub_787.aig

# Subcircuit 788
SUB_ID 788
LO (14):  36962 36989 37426 37467 37924 37979 38423 38493 38509 38510 38899 38908 38917 38925
LI (21):  68 69 70 71 36674 36954 36959 37147 37424 37632 37633 37920 38137 38397 38406 38415 38422 38490 38498 38503 38508
NODE_NUM = 46
FILE div_sub_788.aig

# Subcircuit 789
SUB_ID 789
LO (23):  36970 36984 37435 37462 37933 37974 38154 38433 38488 38643 38644 38645 38651 38655 38659 38660 38668 38669 38928 38931 39158 39163 39181
LI (27):  67 68 69 70 101 102 10530 36674 36963 36967 37147 37433 37632 37633 37929 38137 38145 38162 38431 38489 38493 38640 38642 38650 38658 38667 38925
NODE_NUM = 50
FILE div_sub_789.aig

# Subcircuit 790
SUB_ID 790
LO (14):  36978 36980 37443 37457 37942 37969 38442 38483 38947 39003 39009 39010 39474 39482
LI (24):  31 66 67 68 69 70 8820 8833 9004 36674 36973 36979 37146 37147 37632 37633 37938 38137 38440 38651 38939 38946 39000 39008
NODE_NUM = 47
FILE div_sub_790.aig

# Subcircuit 791
SUB_ID 791
LO (23):  36973 37013 37097 37135 37138 37157 37162 37166 37171 37175 37180 37191 37597 37603 37608 37613 37618 37619 37632 37637 37657 37666 37676
LI (38):  73 90 95 8826 9004 36674 36676 36700 36709 36710 36718 36719 36727 36728 36762 36909 36915 37120 37121 37124 37129 37134 37137 37147 37156 37158 37165 37167 37174 37177 37183 37190 37598 37602 37607 37612 37617 37631
NODE_NUM = 49
FILE div_sub_791.aig

# Subcircuit 792
SUB_ID 792
LO (13):  37190 37201 37592 37698 38104 38130 38131 38142 38159 38168 38177 38186 38194
LI (24):  94 95 9004 36736 37115 37146 37147 37185 37187 37199 37632 37633 37654 37663 37672 37681 37690 37695 38101 38109 38114 38119 38124 38129
NODE_NUM = 50
FILE div_sub_792.aig

# Subcircuit 793
SUB_ID 793
LO (19):  37199 37202 37203 37211 37235 37244 37253 37256 37283 37316 37327 37523 38036 38315 38316 38317 38318 38320 38553
LI (33):  80 81 83 599 9004 36745 36754 36755 36799 36826 36862 37109 37146 37147 37197 37233 37242 37251 37314 37325 37336 37518 37519 37632 37633 37634 37834 38031 38039 38136 38137 38308 38311
NODE_NUM = 49
FILE div_sub_793.aig

# Subcircuit 794
SUB_ID 794
LO (13):  37325 37328 37364 37381 37493 38006 38369 38370 38378 38379 38518 38523 38869
LI (25):  74 75 76 77 599 9004 36871 36907 36916 37146 37147 37323 37379 37390 37488 37632 37633 37634 37888 38000 38009 38136 38137 38362 38365
NODE_NUM = 50
FILE div_sub_794.aig

# Subcircuit 795
SUB_ID 795
LO (13):  37379 37390 37488 37888 38000 38387 38513 38519 38524 38525 38871 38881 38889
LI (24):  73 74 75 599 9004 36925 37146 37147 37377 37388 37399 37483 37632 37633 37634 37897 37995 38136 38137 38370 38379 38510 38518 38523
NODE_NUM = 48
FILE div_sub_795.aig

# Subcircuit 796
SUB_ID 796
LO (11):  37399 37483 37897 37995 38397 38508 38893 38894 38895 38902 39033
LI (26):  72 73 74 76 599 9004 10530 37146 37391 37395 37408 37478 37632 37633 37634 37906 37990 38136 38137 38509 38513 38650 38651 38886 38889 38901
NODE_NUM = 47
FILE div_sub_796.aig

# Subcircuit 797
SUB_ID 797
LO (17):  37406 37415 37424 37433 37446 37478 37906 37989 38406 38503 38911 39023 39039 39420 39429 39438 39446
LI (25):  72 73 74 9004 9302 37146 37404 37413 37422 37431 37474 37477 37634 37899 37904 38137 38404 38651 38894 38903 38910 39020 39028 39033 39038
NODE_NUM = 50
FILE div_sub_797.aig

# Subcircuit 798
SUB_ID 798
LO (17):  37631 37633 37642 37652 37653 37654 37662 37663 37671 37672 37679 37680 38119 38124 38129 38134 38147
LI (22):  98 99 100 101 513 9004 36690 37147 37155 37156 37164 37173 37182 37618 37619 37625 37632 37634 37639 37659 37668 37677
NODE_NUM = 47
FILE div_sub_798.aig

# Subcircuit 799
SUB_ID 799
LO (17):  37625 37638 37659 37668 37677 37681 37690 38109 38114 38180 38189 38623 38634 38635 38674 38683 38691
LI (26):  96 97 98 37147 37603 37608 37613 37624 37634 37635 37637 37655 37657 37664 37666 37676 37680 37685 37688 38112 38137 38172 38179 38188 38620 38633
NODE_NUM = 46
FILE div_sub_799.aig

# Subcircuit 800
SUB_ID 800
LO (14):  37688 37695 37708 38099 38613 38620 38695 38696 38697 38703 38704 38706 38709 39143
LI (26):  94 95 96 98 599 10530 37191 37632 37633 37634 37694 37703 37706 38100 38104 38136 38137 38191 38194 38206 38610 38623 38650 38651 38688 38691
NODE_NUM = 49
FILE div_sub_800.aig

# Subcircuit 801
SUB_ID 801
LO (12):  37706 37717 38094 38610 38713 38714 38722 39128 39134 39135 39249 39257
LI (21):  93 94 95 96 10530 37209 37632 37633 37634 37712 37715 38137 38215 38226 38604 38613 38650 38651 38706 38709 39125
NODE_NUM = 48
FILE div_sub_801.aig

# Subcircuit 802
SUB_ID 802
LO (12):  37715 37726 38089 38226 38604 39125 39262 39263 39268 39270 39271 39682
LI (25):  92 93 94 96 10530 37218 37632 37633 37634 37721 37724 38137 38224 38235 38599 38650 38651 38741 39119 39128 39178 39179 39180 39257 39261
NODE_NUM = 48
FILE div_sub_802.aig

# Subcircuit 803
SUB_ID 803
LO (12):  37724 37735 38084 38235 38599 38741 39119 39280 39672 39678 39810 39818
LI (24):  91 92 93 94 10530 37227 37632 37633 37634 37730 37733 38137 38233 38244 38594 38650 38651 38750 39114 39178 39179 39180 39669 39677
NODE_NUM = 50
FILE div_sub_803.aig

# Subcircuit 804
SUB_ID 804
LO (11):  37733 37740 38076 38244 38588 38594 38742 38748 38749 38751 38754
LI (22):  89 90 91 599 10530 37236 37254 37632 37633 37634 37739 37749 37762 38070 38079 38136 38137 38236 38239 38585 38650 38651
NODE_NUM = 48
FILE div_sub_804.aig

# Subcircuit 805
SUB_ID 805
LO (10):  37762 38070 38585 38758 38759 38767 38768 39103 39108 39291
LI (21):  88 89 90 91 599 10530 37263 37632 37633 37758 37771 38065 38136 38137 38271 38579 38588 38650 38651 38751 38754
NODE_NUM = 47
FILE div_sub_805.aig

# Subcircuit 806
SUB_ID 806
LO (13):  37769 37789 38054 38568 38579 38776 38777 38778 38784 38785 38787 38790 39098
LI (23):  85 86 87 89 599 10530 37272 37632 37633 37785 37786 38055 38059 38136 38137 38272 38275 38287 38565 38578 38650 38651 38769
NODE_NUM = 50
FILE div_sub_806.aig

# Subcircuit 807
SUB_ID 807
LO (11):  37796 37834 38031 38324 38333 38543 38554 38555 38818 38827 38835
LI (19):  80 81 82 599 37632 37634 37795 37829 37832 37843 38025 38136 38137 38316 38317 38318 38320 38540 38553
NODE_NUM = 46
FILE div_sub_807.aig

# Subcircuit 808
SUB_ID 808
LO (12):  37832 37841 38019 38025 38540 38839 38840 38848 38849 39058 39063 39372
LI (23):  78 80 81 82 599 10530 37335 37344 37632 37633 37851 38018 38020 38024 38136 38335 38352 38534 38543 38650 38651 38832 38835
NODE_NUM = 45
FILE div_sub_808.aig

# Subcircuit 809
SUB_ID 809
LO (14):  37899 37904 37915 37984 38415 38498 39020 39451 39452 39460 39461 39572 39577 39987
LI (26):  71 72 73 74 75 37407 37417 37473 37477 37632 37633 37634 37910 37913 38137 38413 38651 38919 38930 39014 39023 39178 39179 39180 39446 39450
NODE_NUM = 47
FILE div_sub_809.aig

# Subcircuit 810
SUB_ID 810
LO (16):  37913 37920 37929 37938 37950 37964 38451 38478 39000 39488 39497 39552 39557 40022 40029 40031
LI (28):  67 68 69 70 71 37416 37632 37633 37634 37919 37928 37937 37945 37948 38137 38449 38651 38955 38966 38994 39003 39178 39179 39180 39482 39486 39725 40028
NODE_NUM = 50
FILE div_sub_810.aig

# Subcircuit 811
SUB_ID 811
LO (15):  37948 37958 37960 38459 38473 38966 38994 39505 39506 39527 39528 39530 39531 39533 39547
LI (25):  26 29 65 66 67 68 69 599 9826 37447 37632 37633 37634 37953 37959 38136 38137 38651 38964 38974 38989 39178 39179 39180 39526
NODE_NUM = 49
FILE div_sub_811.aig

# Subcircuit 812
SUB_ID 812
LO (25):  37953 38018 38065 38112 38136 38144 38153 38162 38163 38172 38179 38188 38206 38215 38224 38271 38275 38578 38633 38638 38648 38662 38670 38769 39166
LI (36):  78 88 97 99 100 102 599 9309 37634 37653 37679 37780 37848 37850 38056 38059 38064 38131 38134 38136 38137 38143 38146 38148 38155 38160 38164 38169 38178 38187 38205 38214 38223 38263 38264 38651
NODE_NUM = 50
FILE div_sub_812.aig

# Subcircuit 813
SUB_ID 813
LO (25):  38143 38146 38148 38155 38160 38164 38169 38178 38187 38191 38205 38214 38223 38233 38236 38263 38272 38287 38565 38794 38795 38796 38802 38803 39088
LI (34):  85 87 599 10530 37652 37662 37671 37698 37743 37770 37779 37797 38130 38136 38137 38142 38147 38159 38168 38177 38186 38204 38213 38222 38231 38285 38296 38307 38559 38568 38650 38651 38787 38790
NODE_NUM = 47
FILE div_sub_813.aig

# Subcircuit 814
SUB_ID 814
LO (12):  38296 38307 38559 38812 39078 39099 39100 39312 39321 39330 39339 39347
LI (25):  84 85 599 10530 37806 38045 38136 38137 38291 38293 38305 38316 38554 38555 38650 38651 38777 38786 38795 38804 39075 39083 39088 39093 39098
NODE_NUM = 50
FILE div_sub_814.aig

# Subcircuit 815
SUB_ID 815
LO (15):  38305 38308 38335 38352 38534 38857 39053 39059 39075 39348 39357 39366 39374 39384 39392
LI (26):  79 80 599 10530 37815 37842 37851 38136 38137 38303 38350 38361 38529 38650 38651 38822 38831 38840 38849 39050 39058 39063 39068 39073 39345 39347
NODE_NUM = 50
FILE div_sub_815.aig

# Subcircuit 816
SUB_ID 816
LO (11):  38350 38361 38529 39050 39397 39398 39406 39407 39602 39607 39933
LI (24):  78 79 80 81 599 10530 37860 38136 38137 38348 38359 38370 38524 38525 38650 38651 38876 39044 39053 39178 39179 39180 39392 39396
NODE_NUM = 46
FILE div_sub_816.aig

# Subcircuit 817
SUB_ID 817
LO (14):  38404 38413 38422 38431 38440 38449 38467 38469 38974 38989 39515 39542 40049 40056
LI (26):  28 66 67 68 599 10009 10344 10530 38136 38402 38411 38420 38429 38438 38447 38462 38468 38650 38651 38983 38984 39178 39179 39180 39725 40055
NODE_NUM = 47
FILE div_sub_817.aig

# Subcircuit 818
SUB_ID 818
LO (25):  38462 38640 38642 38650 38658 38667 38677 38678 38686 38687 38821 38822 38830 38831 38875 38876 38883 38884 39043 39068 39073 39148 39153 39169 39210
LI (33):  78 83 84 99 100 101 10014 10530 38136 38138 38144 38153 38163 38635 38638 38645 38648 38650 38653 38655 38663 38670 38675 38679 38684 38814 38819 38823 38828 38868 38873 38877 38882
NODE_NUM = 49
FILE div_sub_818.aig

# Subcircuit 819
SUB_ID 819
LO (16):  38653 38663 38675 38679 38684 38688 39165 39184 39191 39204 39213 39222 39235 39236 39241 39697
LI (32):  97 99 10530 38163 38180 38189 38634 38643 38651 38660 38662 38669 38674 38678 38683 38687 38696 38704 38714 39134 39135 39137 39143 39148 39153 39158 39163 39180 39181 39190 39210 39234
NODE_NUM = 50
FILE div_sub_819.aig

# Subcircuit 820
SUB_ID 820
LO (21):  38750 39114 39667 39669 39725 39733 39740 39741 39742 39750 39751 39752 39759 39821 39824 39827 40268 40273 40278 40283 40839
LI (24):  92 93 103 104 105 11619 38749 38759 39109 39112 39180 39188 39198 39208 39217 39288 39664 39672 39724 39732 39738 39749 39758 39818
NODE_NUM = 47
FILE div_sub_820.aig

# Subcircuit 821
SUB_ID 821
LO (24):  38786 38804 38814 38819 38823 38828 38832 38868 38873 38877 38882 39038 39044 39083 39093 39415 39597 39603 39613 39614 39927 39935 39945 39953
LI (34):  77 79 86 88 10530 38315 38324 38333 38369 38378 38519 38651 38785 38803 38818 38827 38869 38871 38881 38884 39036 39039 39043 39082 39092 39180 39389 39398 39407 39414 39594 39602 39607 39612
NODE_NUM = 48
FILE div_sub_821.aig

# Subcircuit 822
SUB_ID 822
LO (17):  38886 38901 38903 38910 38919 38930 39014 39028 39442 39469 39470 39567 39582 39588 39589 39972 39980
LI (25):  72 73 75 76 10530 38387 38423 38650 38651 38895 38899 38902 38908 38917 38928 38939 39009 39010 39178 39179 39180 39434 39439 39579 39587
NODE_NUM = 46
FILE div_sub_822.aig

# Subcircuit 823
SUB_ID 823
LO (13):  38939 39008 39479 39562 40020 40118 40139 40140 40529 40538 40547 40556 40564
LI (21):  71 72 73 10530 38650 38931 38935 39178 39179 39475 39725 39985 39994 40003 40012 40019 40115 40123 40128 40133 40138
NODE_NUM = 47
FILE div_sub_823.aig

# Subcircuit 824
SUB_ID 824
LO (16):  38946 38955 38964 38983 38984 39523 39526 39537 40066 40093 40613 40655 40661 40662 41182 41190
LI (23):  27 66 67 68 69 10530 10544 10557 38650 38944 38953 38962 38977 39178 39179 39180 39725 40064 40281 40605 40612 40652 40660
NODE_NUM = 48
FILE div_sub_824.aig

# Subcircuit 825
SUB_ID 825
LO (15):  38977 39036 39082 39092 39109 39657 39664 39831 39832 39833 39839 39840 39842 39845 40223
LI (29):  77 86 88 91 92 94 10550 11619 38650 38768 38778 38784 38796 38802 38883 39100 39103 39108 39180 39291 39297 39301 39306 39654 39667 39724 39725 39824 39827
NODE_NUM = 50
FILE div_sub_825.aig

# Subcircuit 826
SUB_ID 826
LO (25):  39112 39137 39173 39175 39179 39186 39190 39196 39206 39215 39224 39234 39244 39245 39253 39254 39261 39288 39297 39306 39315 39316 39687 39692 39780
LI (32):  92 97 98 103 10530 38154 38644 38648 38651 38659 38660 38668 38677 38686 38695 38697 38703 38704 38713 38722 38742 38748 38749 38758 38767 38776 39166 39169 39178 39241 39250 39313
NODE_NUM = 48
FILE div_sub_826.aig

# Subcircuit 827
SUB_ID 827
LO (12):  39724 39732 39738 39749 39758 39768 39769 39777 39778 40253 40258 40310
LI (21):  100 101 11619 39199 39200 39209 39218 39226 39236 39698 39701 39707 39712 39717 39722 39727 39735 39744 39761 39770 39775
NODE_NUM = 50
FILE div_sub_827.aig

# Subcircuit 828
SUB_ID 828
LO (15):  39250 39677 39698 39775 39786 39787 39795 39796 39804 39805 40238 40243 40248 40328 40337
LI (22):  95 97 98 99 11619 39180 39245 39249 39254 39263 39271 39676 39678 39682 39687 39692 39697 39724 39779 39780 39788 39797
NODE_NUM = 50
FILE div_sub_828.aig

# Subcircuit 829
SUB_ID 829
LO (12):  39301 39313 39654 39849 39858 40208 40224 40225 40376 40385 40394 40402
LI (22):  91 92 11619 38777 39099 39103 39180 39312 39317 39326 39648 39650 39724 39832 39841 39842 39843 39845 39851 40205 40218 40223
NODE_NUM = 49
FILE div_sub_829.aig

# Subcircuit 830
SUB_ID 830
LO (20):  39317 39326 39648 39843 39851 40203 40205 40281 40289 40290 40298 40299 40300 40307 40405 40408 40411 40830 40835 40853
LI (25):  89 90 104 105 11619 12184 39180 39316 39321 39324 39335 39643 39657 39724 39725 39733 39750 39759 40200 40208 40280 40288 40297 40306 40402
NODE_NUM = 48
FILE div_sub_830.aig

# Subcircuit 831
SUB_ID 831
LO (11):  39324 39335 39643 40200 40415 40416 40424 40425 40760 40765 40990
LI (23):  88 89 90 91 11619 12184 38785 39178 39179 39180 39330 39333 39344 39638 39724 39725 39886 40194 40203 40280 40281 40408 40411
NODE_NUM = 48
FILE div_sub_831.aig

# Subcircuit 832
SUB_ID 832
LO (13):  39333 39344 39638 39886 40194 40433 40755 40761 40766 40767 40992 41002 41010
LI (24):  87 88 89 11619 12184 38794 39178 39179 39180 39339 39342 39353 39633 39724 39725 39895 40189 40280 40281 40416 40425 40752 40760 40765
NODE_NUM = 48
FILE div_sub_832.aig

# Subcircuit 833
SUB_ID 833
LO (13):  39342 39345 39353 39633 39895 40189 40442 40752 41015 41016 41017 41019 41351
LI (28):  86 87 88 90 11619 12184 38803 38822 39078 39178 39179 39180 39348 39351 39362 39628 39724 39725 39904 40184 40280 40281 40452 40747 40755 40852 41010 41014
NODE_NUM = 50
FILE div_sub_833.aig

# Subcircuit 834
SUB_ID 834
LO (13):  39351 39362 39628 39904 40184 40451 40452 40747 41024 41025 41026 41028 41346
LI (26):  85 86 87 89 11619 12184 38812 39178 39179 39180 39357 39360 39371 39623 39724 39725 39913 40179 40280 40281 40461 40742 40852 41017 41019 41023
NODE_NUM = 48
FILE div_sub_834.aig

# Subcircuit 835
SUB_ID 835
LO (13):  39360 39371 39623 39913 40179 40460 40461 40742 41033 41034 41035 41037 41341
LI (26):  84 85 86 88 11619 12184 38821 39178 39179 39180 39366 39369 39380 39618 39724 39725 39922 40174 40280 40281 40470 40737 40852 41026 41028 41032
NODE_NUM = 48
FILE div_sub_835.aig

# Subcircuit 836
SUB_ID 836
LO (13):  39369 39380 39618 39922 40174 40469 40470 40737 41042 41043 41044 41046 41336
LI (29):  83 84 85 87 11619 12184 38830 39059 39178 39179 39180 39372 39374 39378 39389 39613 39614 39724 39725 39931 40169 40280 40281 40479 40732 40852 41035 41037 41041
NODE_NUM = 49
FILE div_sub_836.aig

# Subcircuit 837
SUB_ID 837
LO (16):  39378 39389 39612 39931 40169 40479 40732 40852 40857 40860 41051 41052 41057 41059 41060 41331
LI (26):  82 83 84 86 12184 38839 39178 39179 39180 39384 39387 39725 39929 39940 40164 40280 40281 40488 40726 40850 40851 40856 40859 41044 41046 41050
NODE_NUM = 50
FILE div_sub_837.aig

# Subcircuit 838
SUB_ID 838
LO (11):  39387 39396 39414 39594 39957 39966 40148 40159 40493 40502 40510
LI (22):  78 79 80 11619 38848 38857 38875 39178 39179 39180 39420 39423 39434 39588 39589 39597 39724 39725 39950 39953 40145 40158
NODE_NUM = 50
FILE div_sub_838.aig

# Subcircuit 839
SUB_ID 839
LO (12):  39423 39434 39587 40145 40514 40515 40523 40705 40711 40712 41092 41100
LI (22):  77 78 79 80 12184 38884 39178 39179 39180 39429 39432 39725 39974 39985 40139 40140 40148 40280 40281 40507 40510 40702
NODE_NUM = 47
FILE div_sub_839.aig

# Subcircuit 840
SUB_ID 840
LO (17):  39432 39439 39450 39475 39486 39579 39985 39994 40003 40128 40133 40138 40532 40533 40534 40543 40700
LI (28):  75 76 77 78 11619 38893 38911 38947 39178 39179 39180 39438 39452 39461 39474 39569 39572 39577 39724 39977 39978 39980 39986 39987 39995 39997 40281 40531
NODE_NUM = 48
FILE div_sub_840.aig

# Subcircuit 841
SUB_ID 841
LO (18):  39650 39676 39701 40274 40280 40288 40297 40306 40316 40317 40325 40326 40333 40808 40815 40820 40841 40891
LI (27):  90 95 100 101 102 12184 39223 39225 39268 39270 39315 39741 39742 39751 39759 39769 40259 40262 40268 40273 40278 40283 40309 40314 40318 40323 40332
NODE_NUM = 49
FILE div_sub_841.aig

# Subcircuit 842
SUB_ID 842
LO (15):  39761 39770 39779 39788 39797 39813 40233 40259 40314 40323 40332 40342 40343 40351 40357
LI (25):  96 12184 39226 39235 39244 39253 39262 39271 39725 39778 39787 39796 39805 39812 40230 40238 40243 40248 40253 40258 40280 40310 40328 40336 40337
NODE_NUM = 48
FILE div_sub_842.aig

# Subcircuit 843
SUB_ID 843
LO (10):  39812 40230 40361 40370 40790 40801 40802 40930 40939 40947
LI (21):  95 96 97 11619 12184 39280 39724 39725 39810 39821 39832 40224 40225 40233 40280 40281 40353 40354 40357 40787 40800
NODE_NUM = 47
FILE div_sub_843.aig

# Subcircuit 844
SUB_ID 844
LO (18):  39841 39929 39940 40164 40218 40388 40487 40488 40725 40726 40780 40787 40952 40953 40958 40965 41064 41386
LI (27):  82 83 93 94 97 11619 12184 39397 39724 39725 39840 39927 39938 39949 40159 40217 40280 40281 40380 40387 40722 40777 40785 40852 40945 40947 40951
NODE_NUM = 50
FILE div_sub_844.aig

# Subcircuit 845
SUB_ID 845
LO (12):  39938 39949 40158 40722 41069 41070 41078 41316 41322 41323 41642 41650
LI (23):  81 82 83 84 11619 39406 39603 39724 39725 39933 39935 39947 40281 40495 40506 40716 40725 40850 40851 40852 41064 41068 41313
NODE_NUM = 49
FILE div_sub_845.aig

# Subcircuit 846
SUB_ID 846
LO (18):  39947 39950 39974 39977 39978 39986 39995 39997 40012 40123 40559 40685 40702 41102 41111 41120 41129 41136
LI (30):  74 75 11619 39415 39442 39451 39452 39460 39469 39470 39568 39572 39582 39724 39725 39945 39972 40010 40281 40533 40542 40551 40558 40682 40690 40695 40700 40852 41098 41100
NODE_NUM = 50
FILE div_sub_846.aig

# Subcircuit 847
SUB_ID 847
LO (12):  40010 40019 40028 40115 40568 40577 40675 40682 41138 41141 41147 41154
LI (23):  72 73 74 11619 12184 39724 40008 40017 40022 40026 40030 40039 40109 40280 40561 40562 40564 40570 40672 40685 40852 41136 41140
NODE_NUM = 47
FILE div_sub_847.aig

# Subcircuit 848
SUB_ID 848
LO (13):  40030 40039 40109 40562 40570 40672 41159 41160 41168 41169 41266 41271 41729
LI (24):  71 72 73 74 11619 12184 39724 40029 40031 40035 40048 40104 40105 40118 40280 40281 40596 40666 40675 40850 40851 40852 41154 41158
NODE_NUM = 48
FILE div_sub_848.aig

# Subcircuit 849
SUB_ID 849
LO (13):  40048 40103 40596 40666 41178 41261 41753 41851 41862 41863 42330 42339 42347
LI (22):  70 71 72 73 39505 39725 40046 40281 40594 40605 40661 40662 40850 40851 40852 41439 41736 41745 41752 41848 41856 41861
NODE_NUM = 46
FILE div_sub_849.aig

# Subcircuit 850
SUB_ID 850
LO (20):  40046 40055 40057 40064 40074 40088 40098 40605 40650 40652 40660 41186 41187 41195 41196 41199 41203 41244 41251 41256
LI (26):  67 68 69 70 71 11619 39527 39724 39725 40044 40049 40053 40056 40062 40072 40281 40603 40621 40647 40655 40850 40851 40852 41183 41190 41194
NODE_NUM = 50
FILE div_sub_850.aig

# Subcircuit 851
SUB_ID 851
LO (14):  40072 40077 40217 40262 40850 40856 40859 40870 40871 40880 40881 40886 41426 41436
LI (32):  93 102 103 105 107 11425 11619 11978 39528 39530 39532 39724 39752 39758 39833 39839 40290 40299 40307 40317 40821 40824 40830 40835 40849 40852 40853 40858 40862 40864 40868 40878
NODE_NUM = 50
FILE div_sub_851.aig

# Subcircuit 852
SUB_ID 852
LO (14):  40309 40318 40821 40898 40899 40907 40908 40916 40917 41406 41411 41416 41468 41477
LI (21):  100 101 102 103 39768 39777 39786 40281 40326 40333 40344 40806 40808 40815 40820 40850 40851 40852 40891 40897 40906
NODE_NUM = 46
FILE div_sub_852.aig

# Subcircuit 853
SUB_ID 853
LO (15):  40336 40806 40925 41401 41407 41412 41432 41433 41444 41453 41462 41470 41479 41489 41497
LI (23):  100 39795 40281 40344 40353 40801 40802 40803 40852 40872 40881 40890 40899 40908 40917 40924 41398 41406 41411 41416 41421 41426 41431
NODE_NUM = 47
FILE div_sub_853.aig

# Subcircuit 854
SUB_ID 854
LO (25):  40344 40353 40800 40872 40924 41396 41398 41431 41439 41447 41448 41456 41457 41465 41466 41467 41474 41500 41503 41506 42011 42016 42021 42039 42048
LI (26):  98 99 105 106 107 13355 39804 40281 40343 40351 40850 40851 40860 40880 40889 40898 40931 41393 41401 41430 41438 41446 41455 41464 41473 41497
NODE_NUM = 50
FILE div_sub_854.aig

# Subcircuit 855
SUB_ID 855
LO (17):  40354 40380 40785 40945 40961 41381 41393 41510 41511 41519 41520 41527 41528 41533 41981 41986 42102
LI (24):  95 96 99 100 13355 39813 39831 40281 40378 40790 40850 40851 40944 40953 40958 41378 41386 41391 41438 41503 41504 41506 41512 41521
NODE_NUM = 50
FILE div_sub_855.aig

# Subcircuit 856
SUB_ID 856
LO (10):  40378 40387 40777 40970 40979 41371 41378 41536 41545 41551
LI (23):  93 94 95 12184 13355 39849 40280 40281 40376 40385 40396 40407 40771 40780 40850 40851 40852 40965 40969 41368 41381 41438 41533
NODE_NUM = 50
FILE div_sub_856.aig

# Subcircuit 857
SUB_ID 857
LO (11):  40396 40407 40771 41368 41555 41556 41564 41565 41956 41961 42147
LI (24):  92 93 94 95 12184 13355 39858 40280 40281 40394 40405 40416 40766 40767 40850 40851 40852 40998 41362 41371 41438 41439 41548 41551
NODE_NUM = 47
FILE div_sub_857.aig

# Subcircuit 858
SUB_ID 858
LO (11):  40495 40506 40716 41313 41654 41655 41663 41664 41901 41906 42246
LI (24):  81 82 83 84 12184 13355 39957 40280 40281 40493 40504 40515 40711 40712 40850 40851 40852 41097 41307 41316 41438 41439 41647 41650
NODE_NUM = 47
FILE div_sub_858.aig

# Subcircuit 859
SUB_ID 859
LO (14):  40504 40507 40531 40542 40695 41123 41291 41307 41672 41673 41680 41689 41695 41896
LI (23):  77 78 82 12184 13355 39966 40280 40281 40502 40529 40534 40538 40850 40851 41106 41115 41120 41288 41296 41301 41306 41438 41665
NODE_NUM = 50
FILE div_sub_859.aig

# Subcircuit 860
SUB_ID 860
LO (11):  40551 40690 41288 41699 41700 41708 41876 41882 41883 42294 42302
LI (20):  76 77 78 79 12184 13355 40280 40543 40547 40850 40851 41129 41142 41282 41291 41438 41439 41692 41695 41873
NODE_NUM = 48
FILE div_sub_860.aig

# Subcircuit 861
SUB_ID 861
LO (15):  40558 40561 40594 40603 40612 40621 40647 41205 41214 41241 41246 41780 41781 41782 41836
LI (26):  67 68 69 70 12184 40020 40078 40280 40281 40556 40592 40601 40610 40619 40629 40640 40641 40650 40850 40851 40852 41199 41203 41244 41439 41779
NODE_NUM = 47
FILE div_sub_861.aig

# Subcircuit 862
SUB_ID 862
LO (13):  40629 40640 40641 41222 41230 41232 41236 41799 41807 41821 41826 42395 42404
LI (22):  24 66 67 68 12184 12242 12254 13145 13355 40083 40280 40626 40634 40850 40851 40852 41224 41231 41438 41439 41797 42037
NODE_NUM = 49
FILE div_sub_862.aig

# Subcircuit 863
SUB_ID 863
LO (25):  40634 40803 40824 40849 40851 40858 40862 40864 40868 40878 40889 40890 40897 40906 40943 40944 40951 40969 40997 40998 41005 41006 41361 41391 41421
LI (32):  92 98 99 103 104 106 12184 12247 12765 39740 40280 40281 40289 40290 40298 40300 40306 40307 40316 40325 40342 40361 40370 40388 40415 40424 40843 40850 40886 40940 40994 41003
NODE_NUM = 50
FILE div_sub_863.aig

# Subcircuit 864
SUB_ID 864
LO (14):  40843 40931 40940 40994 41003 41362 41573 41574 41582 41946 41952 41953 42168 42176
LI (23):  92 93 13355 40274 40281 40761 40839 40841 40852 40930 40939 40990 40992 41002 41007 41016 41352 41354 41361 41438 41566 41575 41943
NODE_NUM = 46
FILE div_sub_864.aig

# Subcircuit 865
SUB_ID 865
LO (14):  41007 41014 41023 41032 41041 41050 41326 41352 41589 41598 41607 41616 41625 41632
LI (23):  85 91 13355 40433 40442 40451 40460 40469 40850 40851 41006 41025 41034 41043 41052 41060 41323 41325 41331 41336 41341 41346 41351
NODE_NUM = 50
FILE div_sub_865.aig

# Subcircuit 866
SUB_ID 866
LO (17):  41068 41097 41098 41106 41301 41306 41665 41681 41891 41902 41912 41913 42240 42248 42258 42267 42275
LI (24):  80 81 40487 40514 40523 40533 40705 40850 40851 40852 41092 41095 41102 41439 41646 41655 41664 41673 41680 41888 41896 41901 41906 41911
NODE_NUM = 49
FILE div_sub_866.aig

# Subcircuit 867
SUB_ID 867
LO (19):  41115 41296 41888 42038 42046 42047 42055 42056 42061 42064 42280 42281 42286 42288 42289 42504 42629 42634 42655
LI (25):  79 80 82 107 108 40532 40850 40851 41111 41439 41689 41700 41882 41883 41891 42036 42037 42042 42045 42051 42054 42060 42063 42275 42279
NODE_NUM = 48
FILE div_sub_867.aig

# Subcircuit 868
SUB_ID 868
LO (10):  41140 41282 41873 42307 42308 42316 42317 42484 42489 42927
LI (22):  76 77 78 79 13355 40559 40850 40851 41138 41142 41151 41277 41438 41710 41727 41867 41876 42036 42037 42038 42302 42306
NODE_NUM = 43
FILE div_sub_868.aig

# Subcircuit 869
SUB_ID 869
LO (14):  41142 41151 41277 41710 41727 41867 42325 42479 42485 42490 42491 42929 42939 42947
LI (24):  75 76 77 13355 40568 40850 40851 41141 41147 41160 41272 41438 41439 41736 41862 41863 42036 42037 42038 42308 42317 42476 42484 42489
NODE_NUM = 48
FILE div_sub_869.aig

# Subcircuit 870
SUB_ID 870
LO (20):  41158 41183 41194 41224 41272 41736 41861 42476 42654 42659 42662 42669 42672 42952 42953 42958 42960 42961 43052 43120
LI (31):  23 65 75 76 78 13355 40577 40613 40850 40851 40852 41182 41268 41271 41438 41728 41730 42036 42037 42331 42344 42470 42479 42652 42653 42658 42661 42668 42671 42947 42951
NODE_NUM = 50
FILE div_sub_870.aig

# Subcircuit 871
SUB_ID 871
LO (29):  41325 41354 41430 41438 41446 41455 41464 41473 41483 41484 41492 41493 41591 41592 41600 41601 41609 41610 41617 41618 41931 41936 41941 41996 42001 42027 42075 42183 42192
LI (31):  85 89 90 91 102 103 106 40857 40859 40871 41005 41057 41059 41433 41436 41445 41454 41463 41472 41476 41481 41485 41490 41584 41589 41593 41598 41602 41607 41611 41616
NODE_NUM = 47
FILE div_sub_871.aig

# Subcircuit 872
SUB_ID 872
LO (21):  41445 41454 41463 41472 42022 42023 42036 42042 42045 42051 42054 42060 42063 42073 42074 42082 42083 42090 42614 42619 42693
LI (30):  104 105 13355 41412 41444 41448 41453 41457 41462 41466 41468 41470 41474 41484 42002 42005 42011 42016 42021 42035 42038 42039 42044 42048 42053 42062 42071 42079 42080 42089
NODE_NUM = 50
FILE div_sub_872.aig

# Subcircuit 873
SUB_ID 873
LO (13):  41476 41481 41485 41490 42002 42079 42091 42092 42100 42101 42604 42609 42711
LI (23):  101 102 103 13355 40907 40916 40925 41407 41439 41477 41479 41489 41493 41500 41511 41987 41996 42001 42036 42037 42038 42075 42090
NODE_NUM = 45
FILE div_sub_873.aig

# Subcircuit 874
SUB_ID 874
LO (15):  41504 41512 41521 41987 42109 42110 42118 42119 42127 42128 42589 42594 42599 42729 42738
LI (20):  99 100 101 40943 40944 40952 41396 41439 41520 41529 41538 41972 41974 41981 41986 42038 42102 42108 42117 42126
NODE_NUM = 42
FILE div_sub_874.aig

# Subcircuit 875
SUB_ID 875
LO (17):  41529 41538 41972 42126 42136 42584 42590 42595 42605 42610 42611 42713 42723 42731 42740 42750 42758
LI (22):  97 98 40961 41439 41528 41536 41547 41967 42036 42037 42038 42092 42101 42110 42119 42128 42581 42589 42594 42599 42604 42609
NODE_NUM = 47
FILE div_sub_875.aig

# Subcircuit 876
SUB_ID 876
LO (10):  41547 41967 42581 42763 42764 42772 42773 43220 43225 43375
LI (20):  96 97 98 99 40970 41439 41545 41556 41962 42036 42037 42038 42155 42575 42584 42652 42653 42654 42758 42762
NODE_NUM = 45
FILE div_sub_876.aig

# Subcircuit 877
SUB_ID 877
LO (20):  41548 41566 41575 41584 41593 41602 41611 41926 41943 42181 42182 42190 42191 42196 42199 42205 42212 42554 42559 42801
LI (27):  92 93 40979 40997 41006 41015 41024 41033 41042 41439 41592 41601 41610 41619 41923 41924 41931 41936 41941 42038 42174 42176 42180 42183 42189 42192 42198
NODE_NUM = 46
FILE div_sub_877.aig

# Subcircuit 878
SUB_ID 878
LO (10):  41619 41923 42217 42226 42534 42545 42546 42831 42840 42848
LI (18):  87 88 89 41051 41439 41618 41626 41637 41917 41926 42036 42037 42038 42209 42212 42216 42531 42544
NODE_NUM = 48
FILE div_sub_878.aig

# Subcircuit 879
SUB_ID 879
LO (11):  41626 41637 41917 42531 42853 42854 42862 42863 43170 43175 43465
LI (23):  86 87 88 89 41060 41438 41439 41625 41635 41646 41912 41913 42036 42037 42038 42245 42525 42534 42652 42653 42654 42848 42852
NODE_NUM = 45
FILE div_sub_879.aig

# Subcircuit 880
SUB_ID 880
LO (14):  41635 41646 41911 42245 42525 42871 43165 43171 43181 43182 43459 43467 43477 43485
LI (27):  85 86 87 13355 41069 41070 41322 41326 41438 41439 41632 41644 42036 42037 42241 42254 42520 42652 42653 42654 42845 42854 42863 43162 43170 43175 43180
NODE_NUM = 50
FILE div_sub_880.aig

# Subcircuit 881
SUB_ID 881
LO (16):  41644 41647 41692 41728 41730 41745 41856 42344 42470 42970 43110 43121 43122 43567 43576 43584
LI (27):  74 75 76 13355 41078 41123 41159 41168 41267 41438 41439 41642 41729 41743 42036 42037 42340 42353 42465 42652 42653 42654 42953 42962 43107 43115 43120
NODE_NUM = 48
FILE div_sub_881.aig

# Subcircuit 882
SUB_ID 882
LO (12):  41743 41752 41848 42353 42459 42465 42976 42978 42979 42983 42987 43098
LI (23):  72 73 74 13355 41186 41438 41439 41741 41750 41761 41772 41842 41843 41851 42036 42037 42038 42347 42351 42456 42652 42653 42654
NODE_NUM = 48
FILE div_sub_882.aig

# Subcircuit 883
SUB_ID 883
LO (12):  41761 41772 41841 42456 42988 42989 42997 43095 43101 43102 43603 43611
LI (23):  71 72 73 74 13355 41195 41438 41439 41759 41770 42036 42037 42367 42380 42450 42459 42652 42653 42654 42983 42987 43092 43098
NODE_NUM = 47
FILE div_sub_883.aig

# Subcircuit 884
SUB_ID 884
LO (12):  41770 41779 41790 41831 42450 43006 43007 43015 43016 43085 43090 43618
LI (20):  69 70 71 72 13355 41438 41768 41777 41782 41786 42036 42037 42385 42398 42440 42449 42652 42653 42654 43005
NODE_NUM = 45
FILE div_sub_884.aig

# Subcircuit 885
SUB_ID 885
LO (13):  41797 41809 41924 41962 42155 42575 42781 42782 42783 42785 42789 43208 43215
LI (24):  22 88 95 96 97 13355 13448 41438 41565 41617 41795 41953 41956 41961 42038 42147 42153 42157 42162 42173 42566 42652 42653 42654
NODE_NUM = 45
FILE div_sub_885.aig

# Subcircuit 886
SUB_ID 886
LO (28):  41974 42005 42031 42033 42035 42037 42044 42053 42062 42071 42080 42089 42108 42117 42153 42162 42172 42173 42180 42189 42198 42208 42209 42252 42544 42564 42640 42645
LI (32):  90 94 98 104 108 13355 13962 40870 41439 41447 41456 41465 41467 41473 41474 41483 41492 41510 41519 41527 41555 41564 41573 41582 41591 41600 41609 41654 42029 42036 42169 42205
NODE_NUM = 50
FILE div_sub_886.aig

# Subcircuit 887
SUB_ID 887
LO (15):  42029 42652 42658 42661 42668 42671 42682 42683 42691 42692 42699 43258 43265 43270 43294
LI (26):  106 107 108 40872 41432 41436 41439 42027 42047 42056 42064 42074 42620 42623 42629 42634 42651 42654 42655 42660 42664 42666 42670 42680 42689 42698
NODE_NUM = 47
FILE div_sub_887.aig

# Subcircuit 888
SUB_ID 888
LO (18):  42157 42169 42174 42549 42566 42787 42790 42791 42799 42800 42808 42809 42814 42817 42821 43200 43205 43411
LI (28):  91 94 95 96 41574 41592 41946 41952 41956 42038 42168 42173 42182 42191 42199 42546 42548 42554 42559 42564 42654 42783 42785 42789 42798 42801 42807 42816
NODE_NUM = 46
FILE div_sub_888.aig

# Subcircuit 889
SUB_ID 889
LO (11):  42241 42254 42520 43162 43489 43490 43498 43499 43792 43797 44123
LI (23):  85 86 87 88 15212 41902 42038 42240 42246 42248 42252 42263 42515 42652 42653 42654 42890 43156 43165 43282 43283 43482 43485
NODE_NUM = 49
FILE div_sub_889.aig

# Subcircuit 890
SUB_ID 890
LO (12):  42263 42515 42890 43156 43507 43787 43793 43798 43799 44125 44135 44143
LI (21):  84 85 86 15212 42038 42258 42261 42272 42510 42652 42653 42654 42899 43151 43282 43283 43490 43499 43784 43792 43797
NODE_NUM = 46
FILE div_sub_890.aig

# Subcircuit 891
SUB_ID 891
LO (12):  42261 42272 42510 42899 43151 43516 43784 44148 44149 44150 44152 44442
LI (26):  83 84 85 87 15212 41663 42036 42037 42038 42267 42270 42281 42505 42652 42653 42654 42908 43146 43282 43283 43526 43779 43787 43924 44143 44147
NODE_NUM = 49
FILE div_sub_891.aig

# Subcircuit 892
SUB_ID 892
LO (11):  42270 42279 42505 42908 43146 43525 43526 43527 43528 43530 43777
LI (21):  81 82 83 84 15212 41672 41681 42036 42037 42289 42299 42495 42498 42504 42654 42906 42915 42926 43137 43282 43283
NODE_NUM = 48
FILE div_sub_892.aig

# Subcircuit 893
SUB_ID 893
LO (11):  42299 42495 42926 43137 43534 43535 43543 43544 43767 43772 44168
LI (21):  80 81 82 83 15212 42038 42294 42297 42308 42490 42491 42652 42653 42654 42935 43131 43282 43283 43527 43528 43530
NODE_NUM = 44
FILE div_sub_893.aig

# Subcircuit 894
SUB_ID 894
LO (18):  42297 42306 42331 42340 42351 42367 42380 42385 42398 42440 42449 43005 43024 43080 43086 43087 43630 43638
LI (26):  69 70 71 41699 41708 41753 41780 42036 42037 42038 42330 42339 42366 42375 42378 42384 42393 42396 42407 42435 42652 42653 42654 43016 43077 43085
NODE_NUM = 49
FILE div_sub_894.aig

# Subcircuit 895
SUB_ID 895
LO (11):  42396 42407 42435 43077 43642 43643 43651 43652 43707 43712 44276
LI (22):  68 69 70 71 15212 42036 42038 42395 42402 42405 42415 42430 42652 42653 42654 43043 43071 43080 43282 43283 43635 43638
NODE_NUM = 47
FILE div_sub_895.aig

# Subcircuit 896
SUB_ID 896
LO (13):  42405 42415 42430 43043 43071 43660 43702 43708 43713 43714 44278 44288 44296
LI (23):  67 68 69 15212 42036 42038 42404 42410 42413 42424 42425 42652 42653 42654 43051 43066 43282 43283 43643 43652 43699 43707 43712
NODE_NUM = 47
FILE div_sub_896.aig

# Subcircuit 897
SUB_ID 897
LO (9):  42413 42424 42425 43051 43066 43662 43667 43671 43675
LI (17):  21 65 66 67 14088 14987 15212 41811 42036 42037 42038 42418 42652 42653 42654 43053 43283
NODE_NUM = 43
FILE div_sub_897.aig

# Subcircuit 898
SUB_ID 898
LO (13):  42418 42498 42548 42620 42700 42709 43255 43271 43298 43308 43309 43317 43323
LI (28):  81 91 105 106 13460 15212 42038 42083 42196 42198 42286 42288 42611 42614 42619 42654 42692 42693 42699 42703 42708 43252 43258 43265 43270 43282 43294 43302
NODE_NUM = 49
FILE div_sub_898.aig

# Subcircuit 899
SUB_ID 899
LO (24):  42623 42651 42653 42660 42664 42666 42670 42680 42689 42698 42708 42718 42719 42727 42728 42736 42737 42744 42745 43240 43245 43250 43330 43339
LI (31):  102 103 104 106 109 13962 14580 41448 42022 42031 42033 42038 42046 42047 42055 42061 42063 42064 42073 42082 42091 42100 42109 42118 42641 42645 42652 42715 42724 42733 42742
NODE_NUM = 50
FILE div_sub_899.aig

# Subcircuit 900
SUB_ID 900
LO (19):  42641 42673 42703 42715 42724 42733 42742 43235 43241 43252 43280 43327 43328 43335 43336 43341 43353 43359 43887
LI (36):  106 110 15212 42023 42092 42590 42595 42605 42610 42614 42640 42654 42672 42711 42713 42719 42723 42728 42729 42731 42737 42738 42740 42746 43232 43233 43240 43245 43250 43279 43282 43320 43321 43323 43329 43330
NODE_NUM = 48
FILE div_sub_900.aig

# Subcircuit 901
SUB_ID 901
LO (10):  42746 43232 43363 43372 43862 43873 43874 43991 44000 44008
LI (17):  100 101 102 15212 42654 42745 42750 42753 42764 43226 43235 43282 43283 43355 43359 43859 43872
NODE_NUM = 48
FILE div_sub_901.aig

# Subcircuit 902
SUB_ID 902
LO (15):  42753 42762 42798 42807 42816 43195 43201 43226 43378 43387 43396 43405 43413 43423 43431
LI (23):  93 42127 42136 42172 42181 42190 42652 42653 42773 42782 42791 42800 42809 42814 42818 43192 43200 43205 43210 43215 43220 43225 43375
NODE_NUM = 47
FILE div_sub_902.aig

# Subcircuit 903
SUB_ID 903
LO (9):  42818 43192 43435 43444 43822 43833 44063 44072 44080
LI (19):  92 93 94 15212 42209 42545 42549 42654 42817 42821 42825 42836 43186 43195 43282 43283 43431 43819 43832
NODE_NUM = 50
FILE div_sub_903.aig

# Subcircuit 904
SUB_ID 904
LO (16):  42825 42836 43186 43819 43924 43932 43933 43938 43941 44085 44086 44091 44093 44094 44477 44562
LI (27):  91 92 94 111 15212 42199 42652 42653 42654 42831 42834 42845 43181 43182 43282 43283 43463 43813 43822 43922 43923 43928 43931 43937 43940 44080 44084
NODE_NUM = 50
FILE div_sub_904.aig

# Subcircuit 905
SUB_ID 905
LO (13):  42834 42845 43180 43463 43813 44103 44467 44483 44484 44741 44750 44759 44767
LI (23):  90 91 92 42208 42652 42653 42654 42840 42843 43283 43461 43472 43808 43922 43923 43924 44077 44086 44095 44464 44472 44477 44482
NODE_NUM = 49
FILE div_sub_905.aig

# Subcircuit 906
SUB_ID 906
LO (15):  42843 42852 42906 42915 42935 43131 43552 43762 43768 43779 44153 44162 44170 44180 44188
LI (27):  80 81 15212 42217 42226 42280 42289 42485 42652 42653 42654 42927 42929 42933 42944 43126 43282 43283 43526 43535 43544 43759 43767 43772 43777 44150 44152
NODE_NUM = 50
FILE div_sub_906.aig

# Subcircuit 907
SUB_ID 907
LO (11):  42933 42944 43126 43759 44193 44194 44202 44203 44412 44417 44855
LI (24):  79 80 81 82 15212 42307 42652 42653 42654 42939 42942 42953 43121 43122 43282 43283 43571 43753 43762 43922 43923 43924 44188 44192
NODE_NUM = 46
FILE div_sub_907.aig

# Subcircuit 908
SUB_ID 908
LO (13):  42942 42951 42962 43107 43115 43588 43597 43737 43748 43749 44216 44225 44233
LI (23):  75 76 77 15212 42316 42325 42652 42653 42961 42979 42989 43101 43102 43104 43110 43114 43282 43580 43581 43584 43590 43734 43747
NODE_NUM = 46
FILE div_sub_908.aig

# Subcircuit 909
SUB_ID 909
LO (13):  43053 43092 43615 43624 43722 43734 44238 44239 44244 44247 44253 44260 44392
LI (23):  20 73 74 77 15212 43007 43052 43087 43090 43282 43607 43608 43609 43611 43617 43619 43719 43732 43924 44231 44233 44237 44246
NODE_NUM = 47
FILE div_sub_909.aig

# Subcircuit 910
SUB_ID 910
LO (22):  43104 43114 43210 43233 43274 43279 43908 43909 43922 43928 43931 43937 43940 43950 43951 43959 43960 43967 44547 44552 44555 44612
LI (35):  75 77 101 108 109 110 42659 42661 42669 42671 42744 42787 42791 42958 42960 42976 42978 43208 43292 43301 43309 43319 43893 43896 43902 43907 43921 43924 43925 43930 43939 43948 43956 43957 43966
NODE_NUM = 50
FILE div_sub_910.aig

# Subcircuit 911
SUB_ID 911
LO (14):  43319 43320 43321 43329 43893 43956 43957 43968 43969 43977 43978 44537 44542 44630
LI (20):  106 107 42700 42709 42718 42719 43255 43283 43317 43328 43337 43346 43878 43880 43887 43888 43923 43924 43967 43976
NODE_NUM = 44
FILE div_sub_911.aig

# Subcircuit 912
SUB_ID 912
LO (16):  43337 43346 43878 43976 43986 44532 44538 44548 44558 44559 44606 44614 44624 44632 44642 44650
LI (23):  104 105 42727 43283 43336 43344 43355 43873 43874 43922 43923 43924 43942 43951 43960 43969 43978 44529 44537 44542 44547 44552 44557
NODE_NUM = 49
FILE div_sub_912.aig

# Subcircuit 913
SUB_ID 913
LO (16):  43344 43355 43872 44529 44582 44587 44590 44600 44601 44655 44656 44661 44663 44664 45215 45250
LI (26):  103 104 106 113 15212 42736 43241 43282 43283 43339 43341 43353 43922 43923 43992 44005 44523 44532 44580 44581 44586 44589 44596 44599 44650 44654
NODE_NUM = 46
FILE div_sub_913.aig

# Subcircuit 914
SUB_ID 914
LO (9):  43859 44013 44022 44512 44523 44670 44673 44679 44686
LI (18):  100 101 102 42763 43283 43380 43391 43853 43862 43922 43923 43924 44008 44012 44509 44522 44582 44672
NODE_NUM = 47
FILE div_sub_914.aig

# Subcircuit 915
SUB_ID 915
LO (11):  43380 43391 43853 44509 44691 44692 44700 44701 45190 45195 45345
LI (23):  99 100 101 102 15212 42772 43282 43283 43378 43389 43400 43848 43922 43923 43924 44041 44503 44512 44580 44581 44582 44686 44690
NODE_NUM = 47
FILE div_sub_915.aig

# Subcircuit 916
SUB_ID 916
LO (13):  43389 43400 43848 44041 44503 44709 45185 45191 45196 45197 45347 45357 45365
LI (24):  98 99 100 15212 42781 43282 43283 43387 43398 43409 43843 43922 43923 43924 44050 44498 44580 44581 44582 44692 44701 45182 45190 45195
NODE_NUM = 48
FILE div_sub_916.aig

# Subcircuit 917
SUB_ID 917
LO (13):  43398 43409 43843 44050 44498 45180 45182 45253 45254 45261 45368 45371 45374
LI (26):  97 98 99 412 15212 42790 43282 43283 43396 43407 43418 43838 43922 43923 43924 44059 44493 44580 44581 44582 44590 45177 45185 45252 45260 45365
NODE_NUM = 48
FILE div_sub_917.aig

# Subcircuit 918
SUB_ID 918
LO (12):  43407 43418 43838 44059 44493 45175 45177 45378 45379 45380 45383 45854
LI (27):  96 97 98 100 412 15212 42799 43282 43283 43405 43416 43427 43833 43922 43923 43924 44068 44488 44580 44581 44582 45172 45180 45252 45253 45371 45374
NODE_NUM = 50
FILE div_sub_918.aig

# Subcircuit 919
SUB_ID 919
LO (12):  43416 43427 43832 44068 44488 45172 45387 45388 45389 45390 45392 45849
LI (29):  95 96 97 99 412 15212 42808 43201 43282 43283 43411 43413 43425 43922 43923 44064 44077 44483 44484 44580 44581 44582 44746 45167 45175 45252 45253 45380 45383
NODE_NUM = 45
FILE div_sub_919.aig

# Subcircuit 920
SUB_ID 920
LO (12):  43425 43461 43472 43808 44464 44772 44773 44781 44782 45145 45150 45426
LI (24):  90 91 92 93 15212 42853 43282 43283 43423 43459 43470 43481 43803 43922 43923 43924 44122 44458 44467 44580 44581 44582 44767 44771
NODE_NUM = 49
FILE div_sub_920.aig

# Subcircuit 921
SUB_ID 921
LO (13):  43470 43481 43803 44122 44458 44790 45140 45146 45151 45152 45428 45438 45446
LI (27):  89 90 91 15212 42862 43171 43282 43283 43465 43467 43479 43490 43798 43799 43922 43923 43924 44131 44453 44580 44581 44582 44773 44782 45137 45145 45150
NODE_NUM = 49
FILE div_sub_921.aig

# Subcircuit 922
SUB_ID 922
LO (14):  43479 43482 43571 43753 44211 44407 44413 44428 44429 44840 44849 44857 44867 44875
LI (24):  79 80 15212 42871 42952 43282 43283 43477 43569 43580 43748 43749 43922 43923 43924 44176 44185 44194 44203 44404 44412 44417 44422 44427
NODE_NUM = 46
FILE div_sub_922.aig

# Subcircuit 923
SUB_ID 923
LO (12):  43569 43580 43747 44404 44880 44881 44889 45085 45091 45092 45537 45545
LI (22):  78 79 80 81 15212 42961 43282 43283 43567 43578 43922 43923 44217 44230 44398 44407 44580 44581 44582 44875 44879 45082
NODE_NUM = 48
FILE div_sub_923.aig

# Subcircuit 924
SUB_ID 924
LO (17):  43578 43581 43590 43607 43732 44231 44246 44398 44898 44899 44907 44908 44913 44916 45075 45080 45552
LI (26):  75 76 78 79 15212 42970 42979 42988 43282 43283 43576 43605 43737 43922 43923 44239 44244 44248 44257 44383 44392 44397 44582 44897 44906 44915
NODE_NUM = 49
FILE div_sub_924.aig

# Subcircuit 925
SUB_ID 925
LO (13):  43605 43608 43609 43617 43619 43719 44265 44274 44372 44383 44921 44930 44938
LI (26):  72 73 74 15212 42997 43006 43007 43015 43086 43095 43282 43283 43603 43618 43632 43643 43713 43714 43722 43922 43923 43924 44260 44264 44369 44382
NODE_NUM = 49
FILE div_sub_925.aig

# Subcircuit 926
SUB_ID 926
LO (11):  43632 43635 43699 44301 44310 44352 44363 44364 44957 44966 44974
LI (21):  68 69 70 15212 43024 43282 43283 43630 43662 43667 43678 43693 43702 43922 43923 43924 44293 44296 44300 44349 44362
NODE_NUM = 48
FILE div_sub_926.aig

# Subcircuit 927
SUB_ID 927
LO (10):  43678 43693 44349 44980 44989 45030 45035 45632 45639 45641
LI (22):  67 68 69 70 43282 43671 43675 43687 43688 43922 43923 43924 44328 44343 44352 44580 44581 44582 44974 44978 45253 45638
NODE_NUM = 47
FILE div_sub_927.aig

# Subcircuit 928
SUB_ID 928
LO (10):  43687 43688 44328 44343 44994 44995 45002 45003 45009 45012
LI (14):  19 66 67 15369 15381 16052 43282 43681 43922 43923 43924 44330 44581 44582
NODE_NUM = 43
FILE div_sub_928.aig

# Subcircuit 929
SUB_ID 929
LO (25):  43880 43896 43917 43919 43921 43923 43930 43939 43948 43966 44004 44005 44012 44076 44077 44084 44130 44131 44138 44139 44452 44482 44522 44568 44573
LI (29):  89 95 103 105 108 111 15212 15863 42672 43283 43291 43300 43302 43308 43309 43327 43335 43363 43372 43435 43444 43489 43498 43915 43922 44001 44073 44127 44136
NODE_NUM = 46
FILE div_sub_929.aig

# Subcircuit 930
SUB_ID 930
LO (20):  43942 43992 44001 44064 44073 44095 44127 44136 44453 44472 44557 44586 44799 44800 44808 45130 45136 45137 45456 45464
LI (29):  89 90 93 110 43793 43924 43941 43991 44000 44063 44072 44094 44123 44125 44135 44140 44149 44443 44445 44452 44471 44556 44558 44562 44582 44585 44798 44807 45127
NODE_NUM = 50
FILE div_sub_930.aig

# Subcircuit 931
SUB_ID 931
LO (11):  44140 44147 44443 44807 44817 44826 45120 45127 45465 45474 45482
LI (20):  86 87 88 43507 43922 43923 43924 44139 44153 44156 44167 44433 44442 44580 44581 44582 44816 45117 45130 45464
NODE_NUM = 49
FILE div_sub_931.aig

# Subcircuit 932
SUB_ID 932
LO (11):  44156 44167 44433 45117 45486 45487 45495 45496 45789 45794 46162
LI (24):  85 86 87 88 412 43516 43922 43923 43924 44162 44165 44176 44428 44429 44580 44581 44582 44845 45111 45120 45252 45253 45479 45482
NODE_NUM = 47
FILE div_sub_932.aig

# Subcircuit 933
SUB_ID 933
LO (14):  44165 44176 44427 44845 45111 45504 45784 45790 45800 45801 46156 46164 46174 46182
LI (26):  84 85 86 412 43525 43768 43922 43923 43924 44168 44170 44174 44580 44581 44841 44854 45106 45252 45253 45478 45487 45496 45781 45789 45794 45799
NODE_NUM = 49
FILE div_sub_933.aig

# Subcircuit 934
SUB_ID 934
LO (13):  44174 44185 44422 44854 45106 45781 45936 46187 46188 46193 46195 46196 46481
LI (25):  83 84 85 87 412 43534 43922 43923 43924 44180 44183 44580 44581 44850 44863 45101 45252 45253 45523 45775 45784 45934 45935 46182 46186
NODE_NUM = 50
FILE div_sub_934.aig

# Subcircuit 935
SUB_ID 935
LO (17):  44183 44192 44217 44230 44237 44248 44397 44897 44915 45070 45082 45549 45550 45557 45566 45572 45759
LI (30):  76 77 78 81 412 43543 43552 43588 43597 43922 43923 43924 44216 44225 44228 44247 44580 44581 44899 44908 44913 44917 45067 45075 45080 45252 45542 45543 45545 45552
NODE_NUM = 50
FILE div_sub_935.aig

# Subcircuit 936
SUB_ID 936
LO (11):  44257 44382 45067 45576 45577 45585 45739 45745 45746 46255 46263
LI (20):  75 76 77 78 412 43615 43922 43923 44253 44580 44581 44922 44935 45061 45070 45252 45253 45569 45572 45736
NODE_NUM = 48
FILE div_sub_936.aig

# Subcircuit 937
SUB_ID 937
LO (12):  44264 44369 44943 44952 44953 45050 45061 45594 45595 45597 45599 45734
LI (26):  72 73 74 76 412 43624 43708 43922 43923 43924 44276 44278 44282 44293 44363 44364 44372 44580 44581 44582 44938 44942 45052 45060 45252 45587
NODE_NUM = 49
FILE div_sub_937.aig

# Subcircuit 938
SUB_ID 938
LO (14):  44282 44293 44362 44962 45045 45621 45719 45736 46265 46268 46274 46283 46292 46299
LI (25):  71 72 73 43642 43922 43923 43924 44288 44291 44580 44581 44958 45253 45595 45604 45613 45620 45716 45724 45729 45734 45936 46261 46263 46267
NODE_NUM = 49
FILE div_sub_938.aig

# Subcircuit 939
SUB_ID 939
LO (28):  44291 44300 44330 44445 44471 44556 44580 44585 44589 44596 44599 44610 44611 44619 44620 44628 44629 44637 44638 44645 44646 45225 45230 45235 45240 45264 45273 45282
LI (36):  18 65 88 93 108 109 110 111 43651 43660 43922 43923 43924 43933 43938 44091 44093 44138 44555 44559 44562 44579 44588 44592 44594 44598 44607 44608 44616 44617 44625 44626 44634 44635 44643 44644
NODE_NUM = 48
FILE div_sub_939.aig

# Subcircuit 940
SUB_ID 940
LO (24):  44579 44581 44588 44592 44594 44598 44608 44617 44626 44635 44644 44654 44672 44682 44683 44690 44745 44746 44754 44755 45160 45165 45200 45399
LI (30):  95 96 103 112 338 15863 43292 43908 43917 43919 43924 43932 43933 43941 43950 43959 43968 43977 43986 44004 44013 44022 44076 44085 44569 44573 44580 44679 44742 44751
NODE_NUM = 50
FILE div_sub_940.aig

# Subcircuit 941
SUB_ID 941
LO (21):  44569 45252 45260 45270 45271 45279 45280 45288 45289 45297 45298 45305 45306 45899 45904 45909 45914 45926 45946 45955 45964
LI (23):  109 110 111 112 412 43909 44568 44590 44601 44611 45241 45244 45250 45263 45268 45272 45277 45281 45286 45290 45295 45299 45304
NODE_NUM = 47
FILE div_sub_941.aig

# Subcircuit 942
SUB_ID 942
LO (16):  44607 44616 44625 44634 44643 44665 45210 45211 45212 45241 45268 45277 45286 45295 45304 45320
LI (30):  105 107 412 44538 44548 44582 44606 44612 44614 44620 44624 44629 44630 44632 44638 44642 44646 44656 44664 45207 45209 45216 45218 45225 45230 45235 45240 45264 45273 45282
NODE_NUM = 49
FILE div_sub_942.aig

# Subcircuit 943
SUB_ID 943
LO (10):  45207 45324 45333 45879 45895 45896 45985 45994 46003 46011
LI (18):  104 105 106 412 44673 44683 45201 45204 45210 45252 45307 45316 45317 45320 45326 45876 45889 45894
NODE_NUM = 47
FILE div_sub_943.aig

# Subcircuit 944
SUB_ID 944
LO (17):  44742 44751 45167 45396 45397 45405 45406 45414 45415 45416 45417 45419 45834 45839 45844 46072 46081
LI (24):  94 96 97 98 412 44582 44741 44746 44750 44755 44759 44762 44773 45152 45160 45165 45252 45253 45389 45390 45392 45398 45399 45407
NODE_NUM = 49
FILE div_sub_944.aig

# Subcircuit 945
SUB_ID 945
LO (16):  44762 44771 44798 44816 44841 44850 44863 45101 45523 45775 46205 46206 46471 46472 46473 46911
LI (27):  83 84 85 412 44094 44103 44130 44148 44413 44580 44581 44582 44840 44849 44855 44857 44861 44872 45096 45252 45253 45532 45770 45934 45935 45936 46468
NODE_NUM = 49
FILE div_sub_945.aig

# Subcircuit 946
SUB_ID 946
LO (12):  44861 44872 45096 45532 45770 46214 46468 46916 46917 46918 46920 47196
LI (27):  82 83 84 86 412 44193 44580 44581 44582 44867 44870 44881 45091 45092 45252 45253 45541 45765 45934 45935 45936 46224 46463 46471 46636 46911 46915
NODE_NUM = 48
FILE div_sub_946.aig

# Subcircuit 947
SUB_ID 947
LO (19):  44870 44879 44906 44917 44922 44935 44942 44958 44971 45040 45060 45569 45587 45630 45716 46304 46305 46310 46416
LI (28):  71 72 74 75 77 44202 44211 44238 44265 44274 44580 44581 44582 44916 44921 44930 44933 44957 44966 44969 45253 45629 45640 45710 45719 45936 46299 46303
NODE_NUM = 50
FILE div_sub_947.aig

# Subcircuit 948
SUB_ID 948
LO (14):  44969 44978 44998 45025 45710 46322 46323 46331 46332 46337 46338 46401 46406 47026
LI (21):  68 69 71 72 44301 44310 44580 44581 44994 44995 45253 45649 45656 45667 45695 45704 45709 45935 45936 46321 46330
NODE_NUM = 49
FILE div_sub_948.aig

# Subcircuit 949
SUB_ID 949
LO (14):  45006 45020 45667 45695 46349 46391 46402 46412 46413 47020 47028 47038 47047 47055
LI (22):  67 68 69 44580 45002 45003 45253 45665 45675 45690 45934 45935 45936 46314 46323 46332 46341 46388 46396 46401 46406 46411
NODE_NUM = 50
FILE div_sub_949.aig

# Subcircuit 950
SUB_ID 950
LO (11):  45014 45016 45675 45690 46358 46359 46371 46382 46386 47074 47082
LI (22):  15 17 65 66 67 68 412 16956 18138 44582 45009 45012 45015 45252 45253 45684 45685 45934 45935 45936 46370 46381
NODE_NUM = 50
FILE div_sub_950.aig

# Subcircuit 951
SUB_ID 951
LO (10):  45201 45204 45876 46016 46025 46571 46582 46714 46723 46731
LI (21):  104 105 106 412 44670 44672 45197 45200 45252 45335 45337 45352 45870 45879 45934 45935 45936 46011 46015 46568 46581
NODE_NUM = 50
FILE div_sub_951.aig

# Subcircuit 952
SUB_ID 952
LO (13):  45209 45216 45316 45889 45998 46586 46607 46608 46669 46678 46687 46696 46704
LI (23):  105 107 108 412 44661 44663 45212 45215 45252 45308 45310 45934 45935 45963 45972 45981 45990 45995 46583 46591 46596 46601 46606
NODE_NUM = 46
FILE div_sub_952.aig

# Subcircuit 953
SUB_ID 953
LO (25):  45218 45244 45262 45920 45921 45934 45944 45945 45953 45954 45962 45963 45971 45972 45980 45981 45988 45989 46596 46601 46606 46611 46616 46637 46657
LI (26):  107 110 111 112 113 114 44587 44589 44645 45261 45271 45915 45918 45933 45936 45942 45950 45951 45959 45960 45968 45969 45977 45978 45986 45987
NODE_NUM = 48
FILE div_sub_953.aig

# Subcircuit 954
SUB_ID 954
LO (23):  45263 45272 45281 45290 45299 45307 45308 45310 45317 45326 45335 45337 45352 45870 45894 45977 45987 46034 46566 46568 46733 46736 46740
LI (36):  103 104 108 44610 44619 44628 44637 44646 44655 44664 44665 44673 44682 44691 44692 45196 45200 45211 45215 45253 45306 45350 45361 45865 45892 45895 45899 45934 45935 45936 45975 46563 46571 46636 46731 46735
NODE_NUM = 49
FILE div_sub_954.aig

# Subcircuit 955
SUB_ID 955
LO (15):  45350 45361 45865 46563 46636 46641 46644 46651 46654 46745 46746 46751 46753 46754 47291
LI (27):  102 103 105 412 44700 45191 45252 45253 45345 45347 45359 45370 45860 45934 45935 45936 46053 46557 46566 46634 46635 46640 46643 46650 46653 46740 46744
NODE_NUM = 49
FILE div_sub_955.aig

# Subcircuit 956
SUB_ID 956
LO (11):  45359 45370 45860 46053 46557 46763 47281 47292 47444 47453 47461
LI (23):  101 102 103 412 44709 45252 45253 45357 45368 45379 45855 45934 45935 45936 46062 46552 46634 46635 46636 46755 47278 47286 47291
NODE_NUM = 50
FILE div_sub_956.aig

# Subcircuit 957
SUB_ID 957
LO (16):  45398 45407 45423 45829 45835 45840 45855 46061 46062 46067 46070 46074 46083 46094 46101 46551
LI (24):  95 101 412 44745 44754 45151 45252 45253 45388 45397 45406 45415 45416 45417 45419 45826 45834 45839 45844 45849 45854 45936 46060 46069
NODE_NUM = 46
FILE div_sub_957.aig

# Subcircuit 958
SUB_ID 958
LO (9):  45826 46106 46115 46521 46537 46795 46804 46813 46821
LI (18):  94 95 96 44772 45253 45431 45442 45820 45829 45934 45935 45936 46098 46101 46105 46518 46531 46536
NODE_NUM = 50
FILE div_sub_958.aig

# Subcircuit 959
SUB_ID 959
LO (11):  45431 45442 45820 46518 46826 46827 46835 46836 47241 47246 47522
LI (25):  93 94 95 96 412 44781 45146 45252 45253 45426 45428 45440 45451 45815 45934 45935 45936 46134 46512 46521 46634 46635 46636 46821 46825
NODE_NUM = 49
FILE div_sub_959.aig

# Subcircuit 960
SUB_ID 960
LO (13):  45440 45451 45815 46134 46512 46844 47236 47242 47247 47248 47524 47534 47542
LI (24):  92 93 94 412 44790 45252 45253 45438 45449 45460 45810 45934 45935 45936 46143 46507 46634 46635 46636 46827 46836 47233 47241 47246
NODE_NUM = 48
FILE div_sub_960.aig

# Subcircuit 961
SUB_ID 961
LO (12):  45449 45460 45810 46143 46507 47231 47233 47349 47350 47545 47548 47551
LI (28):  91 92 93 288 412 44799 44800 45136 45140 45252 45253 45446 45458 45469 45805 45934 45935 45936 46152 46502 46634 46635 46636 46644 47228 47236 47348 47542
NODE_NUM = 50
FILE div_sub_961.aig

# Subcircuit 962
SUB_ID 962
LO (12):  45458 45469 45805 46152 46502 47228 47555 47556 47557 47558 47560 47947
LI (29):  90 91 92 94 288 412 44808 45252 45253 45456 45467 45478 45800 45801 45934 45935 45936 46161 46497 46634 46635 46636 46872 47223 47231 47348 47349 47548 47551
NODE_NUM = 50
FILE div_sub_962.aig

# Subcircuit 963
SUB_ID 963
LO (13):  45467 45478 45799 46161 46497 46872 47223 47564 47565 47566 47572 47573 47942
LI (26):  89 90 91 93 288 412 44817 45252 45253 45465 45476 45934 45935 46157 46170 46492 46634 46635 46636 46881 47217 47348 47349 47557 47558 47560
NODE_NUM = 49
FILE div_sub_963.aig

# Subcircuit 964
SUB_ID 964
LO (13):  45476 45479 45541 45765 46224 46463 46925 46926 46934 46935 47186 47191 47621
LI (24):  82 83 84 85 412 44826 44880 45252 45253 45474 45539 45550 45760 45934 45935 45936 46233 46457 46634 46635 46636 46918 46920 46924
NODE_NUM = 47
FILE div_sub_964.aig

# Subcircuit 965
SUB_ID 965
LO (11):  45539 45542 45543 45760 46233 46451 46457 46940 46941 46947 46950
LI (22):  80 81 82 412 44889 44898 44899 45085 45252 45253 45537 45557 45568 45750 45759 45934 45935 45936 46231 46448 46635 46636
NODE_NUM = 47
FILE div_sub_965.aig

# Subcircuit 966
SUB_ID 966
LO (10):  45568 45750 46448 46952 46953 46961 46962 47171 47176 47648
LI (21):  79 80 81 82 44907 45253 45566 45577 45745 45746 45934 45935 45936 46260 46442 46451 46634 46635 46636 46947 46951
NODE_NUM = 44
FILE div_sub_966.aig

# Subcircuit 967
SUB_ID 967
LO (15):  45604 45729 46286 46426 46442 46970 46971 46979 46980 46985 46988 46992 47161 47166 47666
LI (20):  75 76 79 80 44943 45253 45602 45934 45935 46269 46278 46283 46423 46431 46436 46441 46636 46969 46978 46987
NODE_NUM = 48
FILE div_sub_967.aig

# Subcircuit 968
SUB_ID 968
LO (12):  45602 45613 45724 46423 46997 46998 47006 47146 47152 47153 47696 47704
LI (24):  74 75 76 77 412 44952 45051 45252 45253 45597 45599 45611 45934 45935 46292 46305 46417 46426 46634 46635 46636 46992 46996 47143
NODE_NUM = 50
FILE div_sub_968.aig

# Subcircuit 969
SUB_ID 969
LO (19):  45611 45620 45629 45638 45640 45649 45656 45665 45684 45685 45704 45709 46321 46330 46366 46367 46370 46381 46383
LI (24):  16 66 67 70 71 412 17414 17425 45252 45609 45618 45627 45632 45636 45639 45641 45645 45654 45663 45678 45934 45935 45936 46382
NODE_NUM = 49
FILE div_sub_969.aig

# Subcircuit 970
SUB_ID 970
LO (23):  45678 45892 45915 45918 45929 45931 45933 45935 45942 45950 45951 45959 45960 45968 45969 45975 45978 46007 46008 46015 46581 46622 46627
LI (35):  107 108 113 114 412 17418 17886 44600 45252 45253 45254 45260 45261 45270 45279 45280 45288 45289 45297 45298 45305 45324 45333 45896 45899 45904 45909 45914 45927 45934 45936 45946 45955 45964 46004
NODE_NUM = 49
FILE div_sub_970.aig

# Subcircuit 971
SUB_ID 971
LO (16):  45927 45986 45990 45995 46004 46060 46069 46552 46591 46772 46781 47271 47278 47462 47471 47479
LI (27):  100 101 102 109 45253 45378 45387 45926 45934 45935 45936 45985 45989 45994 46003 46067 46071 46080 46542 46551 46589 46636 46771 46780 47268 47281 47461
NODE_NUM = 50
FILE div_sub_971.aig

# Subcircuit 972
SUB_ID 972
LO (11):  46071 46080 46542 46780 47268 47483 47484 47485 47491 47492 47987
LI (22):  99 100 102 288 45840 45936 46070 46072 46074 46078 46089 46537 46634 46635 46636 46800 47262 47271 47348 47349 47476 47479
NODE_NUM = 46
FILE div_sub_972.aig

# Subcircuit 973
SUB_ID 973
LO (12):  46078 46089 46536 46800 47262 47501 47977 47988 47989 48204 48213 48221
LI (24):  98 99 100 288 45396 45835 45934 45935 45936 46081 46083 46087 46634 46635 46796 46809 47257 47348 47349 47484 47493 47974 47982 47987
NODE_NUM = 46
FILE div_sub_973.aig

# Subcircuit 974
SUB_ID 974
LO (11):  46087 46098 46531 46809 47257 47974 48226 48227 48232 48233 48716
LI (24):  97 98 99 101 288 45405 45414 45934 45935 46094 46634 46635 46805 46818 47252 47348 47349 47520 47968 47977 48073 48074 48221 48225
NODE_NUM = 48
FILE div_sub_974.aig

# Subcircuit 975
SUB_ID 975
LO (12):  46105 46157 46170 46492 46881 47217 47582 47932 47938 47939 48294 48302
LI (25):  89 90 91 288 45423 45790 45934 45935 45936 46156 46162 46164 46168 46179 46487 46634 46635 46636 46890 47212 47348 47349 47574 47929 47937
NODE_NUM = 48
FILE div_sub_975.aig

# Subcircuit 976
SUB_ID 976
LO (12):  46168 46179 46487 46890 47212 47591 47929 48307 48308 48309 48311 48671
LI (26):  88 89 90 92 288 45486 45934 45935 45936 46174 46177 46188 46482 46634 46635 46636 46899 47207 47348 47349 47601 47924 47932 48074 48302 48306
NODE_NUM = 49
FILE div_sub_976.aig

# Subcircuit 977
SUB_ID 977
LO (11):  46177 46186 46482 46899 47207 47600 47601 47602 47603 47605 47922
LI (22):  86 87 88 89 288 45495 45504 45934 45935 46196 46206 46472 46473 46475 46481 46636 46897 46906 46917 47198 47348 47349
NODE_NUM = 47
FILE div_sub_977.aig

# Subcircuit 978
SUB_ID 978
LO (19):  46231 46260 46261 46267 46269 46278 46431 46436 46441 46969 46978 46987 47156 47162 47172 47660 47668 47678 47686
LI (27):  77 78 79 45549 45576 45585 45594 45595 45739 45934 45935 45936 46255 46258 46265 46268 46274 46634 46635 46971 46980 46985 46989 47153 47161 47166 47171
NODE_NUM = 50
FILE div_sub_978.aig

# Subcircuit 979
SUB_ID 979
LO (13):  46303 46314 46411 47136 47143 47708 47709 47710 47716 47717 47719 47722 47862
LI (24):  73 74 75 77 288 45621 45630 45934 45935 46310 46412 46416 46634 46635 46636 47010 47014 47021 47133 47146 47348 47349 47701 47704
NODE_NUM = 49
FILE div_sub_979.aig

# Subcircuit 980
SUB_ID 980
LO (15):  46341 46396 47051 47121 47133 47726 47727 47735 47736 47743 47744 47749 47847 47852 48444
LI (22):  70 71 74 75 288 45934 46337 46338 46634 46635 47034 47043 47048 47118 47126 47131 47348 47719 47720 47722 47728 47737
NODE_NUM = 48
FILE div_sub_980.aig

# Subcircuit 981
SUB_ID 981
LO (11):  46388 47118 47753 47754 47762 47763 47764 47765 47767 47832 47837
LI (21):  69 70 71 72 288 46359 46383 46386 46636 47053 47055 47059 47063 47068 47079 47108 47121 47348 47349 47746 47749
NODE_NUM = 47
FILE div_sub_981.aig

# Subcircuit 982
SUB_ID 982
LO (26):  46417 46475 46583 46589 46634 46640 46643 46650 46653 46664 46665 46673 46674 46682 46683 46691 46692 46699 47010 47321 47326 47331 47336 47360 47369 47378
LI (34):  86 109 111 112 113 114 45945 45954 45988 46008 46193 46195 46413 46416 46582 46608 46611 46616 46633 46636 46637 46642 46646 46648 46652 46658 46662 46670 46671 46679 46680 46688 46689 46698
NODE_NUM = 50
FILE div_sub_982.aig

# Subcircuit 983
SUB_ID 983
LO (24):  46633 46635 46642 46646 46648 46652 46662 46671 46680 46689 46698 46709 46710 46718 46719 46727 46728 46735 46744 47301 47306 47311 47405 47414
LI (29):  107 108 109 115 17886 18589 45262 45920 45929 45931 45936 45944 45945 45953 45962 45971 45980 45989 45998 46007 46016 46025 46034 46623 46627 46634 46706 46715 46724
NODE_NUM = 49
FILE div_sub_983.aig

# Subcircuit 984
SUB_ID 984
LO (29):  46623 47346 47348 47357 47358 47366 47367 47375 47376 47384 47385 47393 47394 47402 47403 47410 47411 48032 48037 48042 48047 48052 48057 48063 48075 48084 48093 48102 48111
LI (25):  111 112 113 114 115 116 45921 46622 46654 47343 47345 47350 47355 47359 47364 47368 47373 47377 47382 47386 47391 47395 47400 47404 47409
NODE_NUM = 49
FILE div_sub_984.aig

# Subcircuit 985
SUB_ID 985
LO (17):  47343 47355 48067 48069 48072 48073 48074 48082 48083 48091 48092 48097 48791 48796 48803 48807 48817
LI (19):  115 116 117 288 595 46644 46665 47337 47340 47346 47349 47357 47366 48059 48060 48063 48078 48087 48096
NODE_NUM = 45
FILE div_sub_985.aig

# Subcircuit 986
SUB_ID 986
LO (14):  46658 46670 46679 46688 46706 46715 46724 47337 47364 47373 47382 47391 47395 47400
LI (29):  110 288 46008 46582 46586 46607 46636 46657 46669 46674 46678 46683 46687 46692 46696 46699 46704 46710 46714 46723 47312 47321 47326 47331 47336 47349 47360 47369 47378
NODE_NUM = 49
FILE div_sub_986.aig

# Subcircuit 987
SUB_ID 987
LO (13):  47312 47409 47420 47421 47429 47430 47438 47439 48012 48017 48022 48138 48147
LI (20):  106 107 108 109 288 46719 46728 46736 46746 47292 47295 47301 47306 47311 47348 47405 47413 47414 47422 47431
NODE_NUM = 48
FILE div_sub_987.aig

# Subcircuit 988
SUB_ID 988
LO (20):  46755 46771 46796 46805 46818 47252 47286 47456 47519 47520 47967 47968 48002 48013 48018 48149 48159 48168 48176 48239
LI (28):  97 98 104 105 288 46061 46634 46635 46636 46754 46795 46804 46813 46816 46827 47247 47248 47285 47348 47349 47439 47448 47455 47964 47999 48007 48012 48017
NODE_NUM = 50
FILE div_sub_988.aig

# Subcircuit 989
SUB_ID 989
LO (18):  46816 46825 46897 46906 46915 46924 46943 47181 47187 47198 47609 47610 47617 47618 47623 47635 47641 47917
LI (25):  83 88 288 46106 46115 46187 46196 46205 46214 46634 46635 46917 46926 46935 46940 46941 47178 47186 47191 47196 47348 47602 47603 47605 47611
NODE_NUM = 50
FILE div_sub_989.aig

# Subcircuit 990
SUB_ID 990
LO (18):  46951 46989 46996 47014 47021 47034 47131 47690 47720 47728 47872 47893 47894 48375 48384 48393 48402 48410
LI (27):  73 78 79 46286 46304 46402 46634 46635 46636 46950 46988 47020 47026 47028 47032 47136 47349 47655 47664 47673 47682 47689 47869 47877 47882 47887 47892
NODE_NUM = 50
FILE div_sub_990.aig

# Subcircuit 991
SUB_ID 991
LO (15):  47032 47043 47126 47737 47842 47848 47869 48412 48415 48421 48430 48439 48446 48457 48464
LI (25):  72 46322 46634 46635 46636 47038 47041 47349 47700 47709 47718 47727 47736 47745 47839 47840 47847 47852 47857 47862 47867 48074 48408 48410 48414
NODE_NUM = 49
FILE div_sub_991.aig

# Subcircuit 992
SUB_ID 992
LO (17):  47041 47048 47053 47059 47063 47068 47079 47108 47772 47781 47822 47827 48496 48497 48504 48559 48566
LI (29):  68 69 70 71 288 46331 46349 46358 46359 46367 46382 46386 46391 46634 46635 46636 47047 47074 47077 47087 47102 47348 47349 47764 47765 47767 48072 48073 48493
NODE_NUM = 50
FILE div_sub_992.aig

# Subcircuit 993
SUB_ID 993
LO (13):  47077 47087 47102 47790 47817 48514 48556 48572 48573 49236 49245 49254 49262
LI (24):  67 68 69 288 46366 46634 46635 46636 47082 47085 47096 47097 47348 47349 48072 48073 48488 48497 48506 48511 48553 48561 48566 48571
NODE_NUM = 50
FILE div_sub_993.aig

# Subcircuit 994
SUB_ID 994
LO (12):  47085 47096 47097 47798 47812 48553 49267 49268 49273 49274 49295 49323
LI (25):  14 65 66 67 68 70 288 19050 46371 46634 46635 46636 47090 47348 47349 48072 48073 48520 48532 48547 48556 48815 48816 49262 49266
NODE_NUM = 48
FILE div_sub_994.aig

# Subcircuit 995
SUB_ID 995
LO (14):  47090 47178 47645 47654 47655 47892 47918 47919 48330 48339 48348 48357 48363 48365
LI (24):  83 84 288 18138 46636 46953 46962 47172 47176 47348 47610 47619 47628 47637 47638 47639 47641 47647 47649 47894 47902 47907 47912 47917
NODE_NUM = 50
FILE div_sub_995.aig

# Subcircuit 996
SUB_ID 996
LO (21):  47285 47295 47340 47345 47359 47368 47377 47386 47404 48027 48033 48058 48059 48078 48087 48096 48106 48109 48113 48124 48131
LI (39):  104 106 115 116 46641 46643 46651 46653 46664 46673 46682 46691 46709 46733 46735 46751 46753 47349 47358 47367 47376 47385 47394 47403 47412 48024 48025 48032 48037 48042 48047 48052 48057 48074 48075 48084 48093 48102 48108
NODE_NUM = 50
FILE div_sub_996.aig

# Subcircuit 997
SUB_ID 997
LO (16):  47412 47413 47422 47431 47448 48007 48136 48137 48172 48746 48762 48766 48894 48903 48912 48920
LI (21):  106 107 110 111 46718 46727 46736 46745 47349 47411 47446 48072 48073 48133 48155 48164 48169 48743 48751 48756 48761
NODE_NUM = 44
FILE div_sub_997.aig

# Subcircuit 998
SUB_ID 998
LO (11):  47446 47455 47999 48181 48190 48736 48743 48922 48925 48931 48938
LI (23):  104 105 106 288 46763 47348 47349 47444 47453 47464 47475 47993 48002 48072 48073 48074 48176 48180 48733 48746 48816 48920 48924
NODE_NUM = 49
FILE div_sub_998.aig

# Subcircuit 999
SUB_ID 999
LO (16):  47464 47475 47993 48733 48816 48821 48824 48834 48835 48943 48944 48949 48951 48952 49503 49568
LI (27):  103 104 106 119 288 46772 47348 47349 47462 47473 47484 47988 47989 48072 48073 48074 48209 48727 48736 48814 48815 48820 48823 48830 48833 48938 48942
NODE_NUM = 50
FILE div_sub_999.aig

# Subcircuit 1000
SUB_ID 1000
LO (15):  47473 47476 47493 47964 47982 48217 48218 48244 48245 48253 48254 48701 48706 48721 48990
LI (23):  97 98 99 101 102 288 46781 46826 47348 47349 47471 47492 47527 47538 47958 47967 47981 48072 48073 48074 48214 48239 48243
NODE_NUM = 43
FILE div_sub_1000.aig

# Subcircuit 1001
SUB_ID 1001
LO (13):  47527 47538 47958 48262 48696 48702 48717 48718 48975 48984 48992 49002 49010
LI (24):  96 97 288 46835 47242 47348 47349 47522 47524 47536 47547 47953 48072 48073 48074 48227 48236 48245 48254 48693 48701 48706 48711 48716
NODE_NUM = 48
FILE div_sub_1001.aig

# Subcircuit 1002
SUB_ID 1002
LO (11):  47536 47547 47953 48693 49015 49016 49024 49025 49458 49463 49753
LI (23):  95 96 97 98 288 46844 47348 47349 47534 47545 47556 47948 48072 48073 48074 48281 48687 48696 48814 48815 48816 49010 49014
NODE_NUM = 47
FILE div_sub_1002.aig

# Subcircuit 1003
SUB_ID 1003
LO (11):  47574 47937 48687 49033 49034 49042 49448 49454 49455 49774 49782
LI (19):  92 94 95 96 47573 47936 47938 47942 48074 48284 48288 48299 48677 48686 48814 48815 48816 49032 49445
NODE_NUM = 46
FILE div_sub_1003.aig

# Subcircuit 1004
SUB_ID 1004
LO (14):  47611 47619 47628 47907 47912 48343 48352 48646 48667 49065 49074 49083 49092 49100
LI (19):  86 87 88 46916 46925 47349 47618 47626 47910 48072 48073 48326 48335 48340 48349 48643 48656 48661 48666
NODE_NUM = 50
FILE div_sub_1004.aig

# Subcircuit 1005
SUB_ID 1005
LO (12):  47626 47637 47902 48643 49105 49106 49114 49408 49414 49415 49846 49854
LI (24):  85 86 87 88 288 46934 47187 47348 47349 47621 47623 47635 48072 48073 48358 48371 48637 48646 48814 48815 48816 49100 49104 49405
NODE_NUM = 50
FILE div_sub_1005.aig

# Subcircuit 1006
SUB_ID 1006
LO (16):  47638 47639 47647 47649 47664 47887 48637 49123 49124 49132 49133 49138 49139 49398 49403 49861
LI (25):  82 83 85 86 46943 46952 46953 46961 47172 47181 47349 47648 47662 48072 48073 48380 48385 48398 48622 48631 48636 48815 48816 49122 49131
NODE_NUM = 50
FILE div_sub_1006.aig

# Subcircuit 1007
SUB_ID 1007
LO (14):  47662 47673 47882 48398 48622 49150 49388 49399 49405 49855 49863 49873 49882 49890
LI (26):  81 82 83 288 46970 47348 47349 47660 47671 48072 48073 48394 48407 48617 48814 48815 48816 49124 49133 49142 49385 49393 49398 49403 49852 49854
NODE_NUM = 49
FILE div_sub_1007.aig

# Subcircuit 1008
SUB_ID 1008
LO (12):  47671 47682 47877 48407 48617 49385 49894 49895 49896 49897 49899 50146
LI (28):  80 81 82 84 288 21537 46979 47162 47348 47349 47666 47668 47680 48072 48073 48403 48416 48612 48814 48815 48816 49169 49380 49388 49570 49571 49887 49890
NODE_NUM = 46
FILE div_sub_1008.aig

# Subcircuit 1009
SUB_ID 1009
LO (13):  47680 47689 47700 47867 48408 48612 49168 49169 49177 49178 49373 49378 49906
LI (25):  78 79 80 81 288 46997 46998 47152 47156 47348 47349 47678 47686 47698 47872 48072 48073 48421 48434 48602 48611 48814 48815 48816 49167
NODE_NUM = 48
FILE div_sub_1009.aig

# Subcircuit 1010
SUB_ID 1010
LO (20):  47698 47701 47718 47745 47746 47800 47839 47840 47857 47910 47924 48316 48325 48326 48661 48666 48677 49048 49051 49057
LI (37):  13 73 76 87 90 91 288 19585 47006 47051 47348 47349 47601 47617 47696 47710 47716 47717 47743 47744 47754 47838 47856 47919 47922 48074 48308 48309 48311 48315 48319 48324 48667 48671 48676 48816 49050
NODE_NUM = 47
FILE div_sub_1010.aig

# Subcircuit 1011
SUB_ID 1011
LO (15):  47936 47948 47981 48024 48133 48281 48284 48686 48761 48772 48773 48876 48885 48897 49032
LI (29):  92 95 101 110 47421 47430 47485 47491 47565 47566 47572 47939 47942 47947 48018 48022 48074 48128 48129 48131 48137 48139 48144 48279 48762 48766 48771 48814 48815
NODE_NUM = 49
FILE div_sub_1011.aig

# Subcircuit 1012
SUB_ID 1012
LO (14):  48025 48060 48814 48820 48823 48830 48833 48844 48845 48853 48854 49553 49558 49582
LI (26):  110 115 116 117 46654 47349 47375 47410 48072 48073 48083 48092 48097 48110 48782 48791 48796 48813 48815 48816 48817 48822 48826 48828 48832 48842
NODE_NUM = 49
FILE div_sub_1012.aig

# Subcircuit 1013
SUB_ID 1013
LO (11):  48108 48782 49559 49586 49595 49606 49607 50306 50307 50308 50368
LI (22):  114 115 116 21537 47384 48072 48073 48106 48110 48119 48777 48816 48854 48861 48872 49544 49553 49558 49570 49571 49582 50303
NODE_NUM = 47
FILE div_sub_1013.aig

# Subcircuit 1014
SUB_ID 1014
LO (13):  48110 48119 48777 48861 48872 49544 49615 50301 50303 50373 50374 50377 51087
LI (26):  113 114 115 117 21537 48033 48074 48109 48111 48113 48117 48128 48772 48773 48814 48815 48816 48881 49539 49570 49571 50298 50306 50338 50368 50372
NODE_NUM = 50
FILE div_sub_1014.aig

# Subcircuit 1015
SUB_ID 1015
LO (11):  48117 48128 48771 48881 49539 50298 50382 50383 50388 50389 51082
LI (24):  112 113 114 116 21537 47393 47402 48072 48073 48124 48814 48815 48877 48890 49534 49570 49571 49634 50292 50301 50337 50338 50377 50381
NODE_NUM = 48
FILE div_sub_1015.aig

# Subcircuit 1016
SUB_ID 1016
LO (16):  48129 48139 48144 48155 48756 49534 49633 49634 49642 49643 49644 49645 49647 50286 50291 50393
LI (29):  109 110 112 113 21537 47420 47421 48013 48018 48027 48072 48073 48074 48138 48147 48149 48153 48814 48815 48899 48904 48917 49520 49528 49533 49570 49571 49626 49635
NODE_NUM = 50
FILE div_sub_1016.aig

# Subcircuit 1017
SUB_ID 1017
LO (13):  48153 48164 48751 48917 49520 49651 49652 49660 50276 50282 50283 50414 50422
LI (22):  108 109 110 111 21537 47429 48072 48073 48074 48159 48162 48814 48815 48913 48926 49514 49570 49571 49644 49645 49647 50273
NODE_NUM = 48
FILE div_sub_1017.aig

# Subcircuit 1018
SUB_ID 1018
LO (13):  48162 48169 48180 48209 48727 48961 49493 49509 49510 49675 49684 49693 49701
LI (22):  103 104 47438 47456 48072 48073 48074 48168 48204 48207 48218 48722 48814 48815 48816 48935 48944 48953 49490 49498 49503 49508
NODE_NUM = 46
FILE div_sub_1018.aig

# Subcircuit 1019
SUB_ID 1019
LO (15):  48207 48214 48225 48236 48711 48988 49478 49490 49705 49706 49713 49714 49722 49728 50251
LI (25):  100 101 105 21537 47483 47501 48072 48073 48074 48213 48232 48233 48814 48815 48971 48980 48985 49475 49483 49488 49570 49698 49699 49701 49707
NODE_NUM = 47
FILE div_sub_1019.aig

# Subcircuit 1020
SUB_ID 1020
LO (15):  48243 48279 48288 48299 48676 49050 49445 49786 49787 49795 50201 50207 50208 50549 50557
LI (25):  93 94 95 96 21537 47519 47555 47564 48072 48073 48074 48294 48297 48814 48815 49048 49052 49061 49439 49570 49779 49780 49782 49788 50198
NODE_NUM = 49
FILE div_sub_1020.aig

# Subcircuit 1021
SUB_ID 1021
LO (15):  48297 48306 48315 48319 48324 48335 48656 49087 49423 49439 49803 49804 49812 49821 49827
LI (26):  89 90 21537 47573 47582 47591 47600 47610 47918 47922 48072 48073 48074 48330 48333 48814 48815 49070 49079 49084 49420 49428 49433 49438 49570 49797
NODE_NUM = 50
FILE div_sub_1021.aig

# Subcircuit 1022
SUB_ID 1022
LO (22):  48333 48340 48349 48358 48371 48380 48385 48394 48403 48414 48416 48434 48602 48611 48631 48636 49122 49131 49167 49179 49181 49185
LI (31):  78 80 84 85 47609 47645 47654 47690 47708 47893 48072 48073 48074 48339 48348 48357 48363 48365 48369 48375 48378 48384 48393 48402 48412 48415 48430 48443 48598 48814 48815
NODE_NUM = 50
FILE div_sub_1022.aig

# Subcircuit 1023
SUB_ID 1023
LO (12):  48443 48598 49186 49195 49363 49374 49380 49900 49908 49918 49927 49935
LI (22):  77 78 79 47717 48072 48073 48439 48452 48592 48814 48815 48816 49169 49178 49179 49181 49185 49360 49373 49378 49897 49899
NODE_NUM = 50
FILE div_sub_1023.aig

# Subcircuit 1024
SUB_ID 1024
LO (10):  48452 48592 49360 49939 49940 49948 49949 50116 50121 50699
LI (22):  76 77 78 79 21537 47848 48074 48444 48446 48450 48461 48587 48814 48815 48816 49214 49354 49363 49570 49571 49932 49935
NODE_NUM = 48
FILE div_sub_1024.aig

# Subcircuit 1025
SUB_ID 1025
LO (13):  48450 48461 48587 49214 49354 49957 50111 50117 50122 50123 50701 50711 50719
LI (23):  75 76 77 21537 47726 47735 48072 48073 48457 48470 48582 48814 48815 48816 49223 49349 49570 49571 49940 49949 50108 50116 50121
NODE_NUM = 49
FILE div_sub_1025.aig

# Subcircuit 1026
SUB_ID 1026
LO (11):  48470 48582 49223 49349 49966 50108 50724 50725 50726 50728 50892
LI (26):  74 75 76 78 21537 47754 47838 47842 48074 48464 48468 48479 48577 48814 48815 48816 49232 49344 49570 49571 49976 50103 50111 50338 50719 50723
NODE_NUM = 50
FILE div_sub_1026.aig

# Subcircuit 1027
SUB_ID 1027
LO (13):  48468 48479 48577 49232 49344 49975 49976 50103 50733 50734 50735 50737 50887
LI (27):  73 74 75 77 21537 47744 48072 48073 48074 48474 48477 48488 48572 48573 48814 48815 48816 49241 49339 49570 49571 49985 50098 50338 50726 50728 50732
NODE_NUM = 47
FILE div_sub_1027.aig

# Subcircuit 1028
SUB_ID 1028
LO (15):  48477 48488 48571 49241 49339 49985 50098 50338 50343 50742 50743 50748 50750 50751 50882
LI (26):  72 73 74 76 21537 47753 48072 48073 48074 48483 48486 48814 48815 49237 49250 49334 49570 49571 49994 50092 50336 50337 50342 50735 50737 50741
NODE_NUM = 50
FILE div_sub_1028.aig

# Subcircuit 1029
SUB_ID 1029
LO (12):  48486 48493 48506 48561 49334 49993 49994 50002 50086 50092 50756 50764
LI (23):  70 71 72 73 21537 47762 48072 48073 48074 48492 48501 48504 48559 48814 48815 49255 49268 49324 49333 49570 49571 49986 50083
NODE_NUM = 50
FILE div_sub_1029.aig

# Subcircuit 1030
SUB_ID 1030
LO (13):  48511 48520 48532 48547 49285 49313 49324 50011 50012 50019 50020 50025 50081
LI (21):  67 68 71 21537 48074 48510 48519 48527 48530 48541 48542 48814 48815 48816 49277 49310 49318 49323 49570 50004 50013
NODE_NUM = 46
FILE div_sub_1030.aig

# Subcircuit 1031
SUB_ID 1031
LO (10):  48530 48541 48542 49293 49298 49310 50028 50037 50045 50059
LI (19):  12 65 66 67 20349 21267 21537 47802 48072 48073 48074 48535 48814 48815 48816 49296 49313 49570 50025
NODE_NUM = 50
FILE div_sub_1031.aig

# Subcircuit 1032
SUB_ID 1032
LO (15):  48535 48722 48971 49488 49699 49707 50246 50273 50423 50432 50441 50450 50459 50468 50476
LI (25):  103 19596 48074 48718 48721 48816 48964 48969 49493 49571 49670 49679 49688 49697 49706 49715 50243 50244 50251 50256 50261 50266 50271 50420 50422
NODE_NUM = 49
FILE div_sub_1032.aig

# Subcircuit 1033
SUB_ID 1033
LO (21):  48813 48815 48822 48826 48828 48832 48842 48889 48890 48924 48934 48935 48942 48969 48979 48980 48996 48997 49483 49508 49533
LI (28):  102 107 112 118 595 20779 47358 48058 48067 48069 48074 48082 48083 48091 48136 48172 48181 48190 48217 48226 48244 48803 48807 48814 48886 48931 48976 48994
NODE_NUM = 48
FILE div_sub_1033.aig

# Subcircuit 1034
SUB_ID 1034
LO (19):  48877 48886 48899 48904 48913 48926 49514 49528 49635 49670 50271 50420 50436 51052 51063 51064 51209 51218 51226
LI (28):  108 109 110 111 21537 48816 48876 48885 48894 48897 48903 48912 48925 48935 49509 49510 49512 49570 49571 50276 50336 50337 50419 50428 50433 51049 51057 51062
NODE_NUM = 49
FILE div_sub_1034.aig

# Subcircuit 1035
SUB_ID 1035
LO (15):  48953 48964 48976 48985 48994 49475 49498 49732 49741 50231 50243 50475 50486 50495 50503
LI (28):  101 102 105 21537 48227 48702 48717 48721 48816 48952 48975 48984 48990 48992 48998 49007 49469 49471 49497 49570 49724 49725 49726 49728 49734 50228 50241 50474
NODE_NUM = 50
FILE div_sub_1035.aig

# Subcircuit 1036
SUB_ID 1036
LO (13):  48998 49007 49469 49726 49734 50228 50508 50509 50517 50518 51007 51012 51296
LI (22):  99 100 101 102 21537 48816 48997 49002 49005 49016 49464 49478 49570 49571 49760 50222 50231 50336 50337 50338 50503 50507
NODE_NUM = 48
FILE div_sub_1036.aig

# Subcircuit 1037
SUB_ID 1037
LO (17):  49005 49014 49052 49061 49438 49780 49788 49797 50198 50562 50563 50571 50977 50983 50984 51353 51361
LI (23):  93 94 95 96 48253 48262 48307 48814 48815 49051 49057 49448 49571 49805 49814 50192 50194 50338 50555 50557 50561 50570 50974
NODE_NUM = 47
FILE div_sub_1037.aig

# Subcircuit 1038
SUB_ID 1038
LO (15):  49070 49433 49814 50192 50974 51122 51127 51130 51137 51366 51367 51372 51374 51375 51786
LI (24):  92 93 94 96 48816 49065 49068 49571 49812 49823 50187 50336 50337 50338 50590 50968 50977 51120 51121 51126 51129 51136 51361 51365
NODE_NUM = 50
FILE div_sub_1038.aig

# Subcircuit 1039
SUB_ID 1039
LO (12):  49068 49079 49428 49823 50187 50590 50968 51384 51776 51782 52158 52166
LI (24):  91 92 93 94 48316 48814 48815 48816 49074 49077 49571 49821 49832 50182 50336 50337 50338 50599 50963 51120 51121 51122 51773 51781
NODE_NUM = 50
FILE div_sub_1039.aig

# Subcircuit 1040
SUB_ID 1040
LO (12):  49077 49084 49420 49832 50176 50182 50595 50597 50598 50602 50606 50955
LI (23):  89 90 91 21537 48325 48814 48815 48816 49083 49092 49095 49106 49414 49415 49423 49570 49571 49824 49827 50173 50336 50337 50338
NODE_NUM = 48
FILE div_sub_1040.aig

# Subcircuit 1041
SUB_ID 1041
LO (13):  49095 49104 49142 49393 49885 50151 50173 50604 50613 50622 50631 50640 50647
LI (22):  84 85 48343 48352 48814 48815 49138 49139 49571 49850 49859 49868 49877 49884 50148 50156 50161 50166 50171 50338 50600 50602
NODE_NUM = 50
FILE div_sub_1041.aig

# Subcircuit 1042
SUB_ID 1042
LO (19):  49237 49250 49255 49266 49277 49318 49333 49986 50013 50083 50769 50770 50778 50779 50780 50782 50862 50867 51557
LI (26):  69 72 73 48496 48514 48814 48815 48816 49236 49245 49248 49254 49273 49274 49571 50012 50021 50030 50073 50074 50081 50338 50762 50764 50768 50777
NODE_NUM = 47
FILE div_sub_1042.aig

# Subcircuit 1043
SUB_ID 1043
LO (11):  49296 49464 49760 50222 50526 50527 50528 50530 50534 50995 51002
LI (20):  11 98 99 100 21537 49025 49295 49455 49458 49463 49570 49752 49753 49761 49763 49778 50213 50336 50337 50338
NODE_NUM = 43
FILE div_sub_1043.aig

# Subcircuit 1044
SUB_ID 1044
LO (20):  49471 49497 49512 49562 50322 50323 50336 50342 50346 50347 50355 50356 50364 50365 50372 51092 51097 51102 51123 51143
LI (31):  100 105 108 117 118 119 120 48821 48823 48922 48924 48949 48951 48996 49580 49589 49597 49607 50307 50308 50310 50316 50321 50335 50338 50339 50343 50344 50353 50362 50371
NODE_NUM = 50
FILE div_sub_1044.aig

# Subcircuit 1045
SUB_ID 1045
LO (12):  49626 49679 50266 51049 51231 51232 51240 51856 51862 51863 52014 52022
LI (20):  108 109 110 111 48889 48934 49571 49677 50336 50337 50442 50455 51043 51052 51120 51121 51122 51226 51230 51853
NODE_NUM = 47
FILE div_sub_1045.aig

# Subcircuit 1046
SUB_ID 1046
LO (16):  49677 49688 50261 50455 51043 51851 51853 51919 51927 51928 51929 51936 52025 52028 52031 52711
LI (27):  107 108 109 122 21537 23895 48943 49570 49571 49675 49686 50336 50337 50451 50464 51038 51120 51121 51122 51130 51150 51848 51856 51918 51926 51935 52022
NODE_NUM = 47
FILE div_sub_1046.aig

# Subcircuit 1047
SUB_ID 1047
LO (12):  49686 49697 50256 50464 51038 51848 52035 52036 52037 52043 52044 52651
LI (26):  106 107 108 110 21537 23895 48952 49570 49571 49684 49695 50336 50337 50460 50473 51033 51120 51121 51122 51268 51842 51851 51918 51919 52028 52031
NODE_NUM = 50
FILE div_sub_1047.aig

# Subcircuit 1048
SUB_ID 1048
LO (15):  49695 49698 49715 49724 50241 50474 51022 51033 51267 51268 51273 51274 51280 51283 51841
LI (22):  103 104 105 107 21537 48961 48979 49570 49571 49693 49714 49722 50246 50336 50337 50478 50487 51019 51032 51121 51122 51266
NODE_NUM = 48
FILE div_sub_1048.aig

# Subcircuit 1049
SUB_ID 1049
LO (14):  49725 49752 49761 49763 49778 50213 50535 50544 50992 51003 51004 51317 51326 51334
LI (25):  97 98 99 48988 49015 49024 49033 49034 49454 49458 49571 49776 49787 50207 50208 50336 50337 50338 50527 50528 50530 50534 50989 50995 51002
NODE_NUM = 47
FILE div_sub_1049.aig

# Subcircuit 1050
SUB_ID 1050
LO (20):  49776 49779 49805 49824 49850 50171 50555 50570 50600 50616 50963 51393 51394 51402 51403 51404 51406 51766 51771 52173
LI (27):  89 90 92 93 94 21537 49042 49087 49105 49570 49571 49774 49804 49848 50176 50201 50336 50337 50608 50613 50626 50949 50957 50962 51122 51392 51401
NODE_NUM = 50
FILE div_sub_1050.aig

# Subcircuit 1051
SUB_ID 1051
LO (13):  49848 49859 50166 50626 50949 51411 51412 51420 51756 51762 51763 52194 52202
LI (22):  88 89 90 91 21537 49114 49570 49571 49846 49857 50336 50337 50622 50635 50943 51120 51121 51122 51404 51406 51410 51753
NODE_NUM = 47
FILE div_sub_1051.aig

# Subcircuit 1052
SUB_ID 1052
LO (13):  49852 49857 49868 50161 50635 50943 51753 52206 52207 52208 52209 52211 52556
LI (28):  87 88 89 91 21537 23895 49123 49124 49408 49570 49571 49855 49866 50336 50337 50631 50644 50938 51120 51121 51122 51439 51748 51756 51918 51919 52199 52202
NODE_NUM = 45
FILE div_sub_1052.aig

# Subcircuit 1053
SUB_ID 1053
LO (13):  49866 49877 50156 50644 50938 51439 51748 52215 52216 52217 52218 52220 52551
LI (28):  86 87 88 90 21537 23895 49132 49399 49570 49571 49861 49863 49875 50336 50337 50640 50653 50933 51120 51121 51122 51448 51743 51918 51919 52208 52209 52211
NODE_NUM = 45
FILE div_sub_1053.aig

# Subcircuit 1054
SUB_ID 1054
LO (15):  49875 49884 49887 50148 50652 50653 50661 50662 50670 50671 50922 50927 50932 51440 51449
LI (23):  83 84 85 86 21537 49150 49570 49571 49873 49882 49895 49896 49900 49913 50137 50146 50336 50337 50338 50645 50647 50651 50660
NODE_NUM = 49
FILE div_sub_1054.aig

# Subcircuit 1055
SUB_ID 1055
LO (12):  49913 50137 50679 50917 50933 51447 51448 51453 51456 51462 51469 51741
LI (22):  82 83 87 49168 49571 49911 49922 50132 50336 50337 50338 50662 50671 50914 50922 50927 50932 51122 51440 51446 51449 51455
NODE_NUM = 47
FILE div_sub_1055.aig

# Subcircuit 1056
SUB_ID 1056
LO (11):  49911 49922 50132 50914 51474 51475 51483 51484 51721 51726 52254
LI (25):  81 82 83 84 21537 49177 49374 49570 49571 49906 49908 49920 49931 50127 50336 50337 50338 50698 50908 50917 51120 51121 51122 51469 51473
NODE_NUM = 49
FILE div_sub_1056.aig

# Subcircuit 1057
SUB_ID 1057
LO (13):  49920 49931 50127 50698 50908 51492 51716 51722 51727 51728 52256 52266 52274
LI (25):  80 81 82 21537 49186 49570 49571 49918 49929 49940 50122 50123 50336 50337 50338 50707 50903 51120 51121 51122 51475 51484 51713 51721 51726
NODE_NUM = 47
FILE div_sub_1057.aig

# Subcircuit 1058
SUB_ID 1058
LO (16):  49929 49932 50004 50021 50030 50073 50788 50797 50852 50857 51573 51574 51581 51590 51659 51671
LI (28):  69 70 71 73 21537 49195 49267 49285 49570 49571 49927 50020 50028 50039 50067 50336 50337 50338 50780 50782 50786 50858 50862 51120 51121 51122 51568 51572
NODE_NUM = 50
FILE div_sub_1058.aig

# Subcircuit 1059
SUB_ID 1059
LO (15):  50039 50067 50806 50847 51601 51656 52387 52456 52728 52733 52736 53186 53187 53194 53284
LI (26):  68 69 70 71 73 49293 49571 50037 50047 50062 50336 50337 50338 51120 51121 51597 51919 52385 52457 52461 52726 52727 52732 52735 53181 53185
NODE_NUM = 47
FILE div_sub_1059.aig

# Subcircuit 1060
SUB_ID 1060
LO (14):  50047 50062 50815 50842 51610 51651 52396 52451 53205 53274 54021 54022 54028 54119
LI (29):  67 68 69 70 71 73 49298 49571 50045 50056 50057 50059 50336 50337 50338 51120 51121 51606 51919 52394 52726 52727 53201 53275 53279 53553 53554 54016 54020
NODE_NUM = 49
FILE div_sub_1060.aig

# Subcircuit 1061
SUB_ID 1061
LO (14):  50056 50057 50823 50831 50833 50837 51618 51619 51626 51627 51630 51633 51641 51646
LI (17):  66 67 68 21887 21894 22689 49570 50049 50336 50337 50338 50825 50832 51120 51121 51122 51615
NODE_NUM = 46
FILE div_sub_1061.aig

# Subcircuit 1062
SUB_ID 1062
LO (14):  50074 50194 50244 50292 50400 50409 51067 51088 51089 51164 51173 51182 51191 51199
LI (24):  70 94 104 113 114 49643 49713 49803 50019 50283 50286 50291 50338 50374 50383 50392 50393 50399 50403 50408 51064 51077 51082 51087
NODE_NUM = 50
FILE div_sub_1062.aig

# Subcircuit 1063
SUB_ID 1063
LO (25):  50310 50331 50333 50335 50337 50344 50353 50362 50371 50381 50399 50408 50418 50419 50427 50428 50472 50473 50498 50499 51032 51057 51062 51108 51113
LI (28):  106 111 112 117 120 337 21537 48834 49571 49579 49588 49590 49596 49597 49606 49615 49633 49642 49651 49660 49705 49732 50329 50336 50415 50424 50469 50496
NODE_NUM = 47
FILE div_sub_1063.aig

# Subcircuit 1064
SUB_ID 1064
LO (12):  50392 51077 51186 51886 51912 51913 51924 51933 51942 51951 51960 51968
LI (19):  115 116 50336 50388 50389 51120 51121 51142 51151 51160 51169 51178 51183 51883 51891 51896 51901 51906 51911
NODE_NUM = 46
FILE div_sub_1064.aig

# Subcircuit 1065
SUB_ID 1065
LO (19):  50403 50415 50424 50433 50442 50451 50460 50469 50478 50487 50496 51019 51285 51294 51826 51837 52059 52068 52076
LI (28):  104 105 49652 50282 50286 50338 50414 50423 50432 50441 50450 50459 50468 50475 50476 50486 50495 50500 50509 51013 51015 51122 51278 51280 51284 51293 51823 51836
NODE_NUM = 50
FILE div_sub_1065.aig

# Subcircuit 1066
SUB_ID 1066
LO (13):  50500 50507 50989 51278 51293 51339 51348 51796 51807 51808 52113 52122 52130
LI (24):  97 98 99 103 49741 50336 50337 50338 50499 50549 50552 50563 50983 50984 50992 51022 51120 51121 51122 51331 51334 51338 51793 51806
NODE_NUM = 50
FILE div_sub_1066.aig

# Subcircuit 1067
SUB_ID 1067
LO (19):  50552 50561 50599 50608 50645 50651 50660 50707 50903 50957 50962 51392 51401 51501 51711 51713 52277 52278 52283
LI (33):  80 81 91 92 23895 49786 49795 49885 49894 49895 50117 50151 50336 50337 50338 50598 50604 50606 50699 50701 50705 50716 50898 50956 50961 51120 51121 51122 51708 51716 51918 52271 52274
NODE_NUM = 49
FILE div_sub_1067.aig

# Subcircuit 1068
SUB_ID 1068
LO (11):  50705 50716 50898 51708 52287 52288 52296 52297 52506 52511 53089
LI (23):  79 80 81 82 23895 49939 50336 50337 50338 50711 50714 50725 50893 51120 51121 51122 51520 51702 51711 51918 51919 52280 52283
NODE_NUM = 48
FILE div_sub_1068.aig

# Subcircuit 1069
SUB_ID 1069
LO (18):  50714 50723 50732 50741 50877 50893 51519 51520 51528 51529 51537 51538 51541 51691 51696 51701 52299 52308
LI (22):  75 77 78 79 49948 49957 49966 49975 50336 50337 50734 50743 50751 50874 50876 50882 50887 50892 51122 51518 51527 51536
NODE_NUM = 50
FILE div_sub_1069.aig

# Subcircuit 1070
SUB_ID 1070
LO (12):  50874 51546 51555 51681 51692 51697 51702 52301 52310 52320 52329 52337
LI (20):  74 75 76 50338 50756 50759 50770 50868 50877 51120 51121 51122 51529 51538 51541 51545 51678 51691 51696 51701
NODE_NUM = 50
FILE div_sub_1070.aig

# Subcircuit 1071
SUB_ID 1071
LO (21):  50759 50762 50768 50777 50825 50868 51568 51632 51634 51635 51637 51676 51678 52341 52342 52350 52351 52415 52476 52481 53143
LI (32):  8 9 65 66 74 75 76 23895 49993 50002 50011 50012 50086 50336 50337 50338 50779 50859 50862 50867 51122 51557 51563 51630 51633 51677 51681 51918 51919 52334 52337 52349
NODE_NUM = 48
FILE div_sub_1071.aig

# Subcircuit 1072
SUB_ID 1072
LO (14):  50876 50956 50961 51013 51816 51823 52080 52081 52082 52088 52089 52091 52094 52626
LI (27):  75 92 102 103 105 23895 50518 50595 50597 50604 50748 50750 50955 51004 51007 51012 51122 51296 51302 51306 51311 51813 51826 51918 51919 52073 52076
NODE_NUM = 49
FILE div_sub_1072.aig

# Subcircuit 1073
SUB_ID 1073
LO (19):  51015 51120 51126 51129 51136 51140 51141 51150 51151 51159 51160 51168 51169 51176 51177 51896 51901 51906 51916
LI (29):  103 118 119 120 122 50347 50356 50365 50498 51089 51092 51097 51102 51119 51122 51123 51128 51132 51134 51137 51138 51143 51148 51153 51157 51165 51166 51174 51175
NODE_NUM = 48
FILE div_sub_1073.aig

# Subcircuit 1074
SUB_ID 1074
LO (23):  51119 51121 51128 51132 51134 51138 51148 51157 51166 51175 51195 51196 51204 51205 51213 51214 51221 51222 51871 51876 51881 51975 51984
LI (28):  113 114 115 121 337 411 49580 50322 50331 50333 50338 50346 50347 50355 50364 50373 50382 50400 50409 50418 50427 51109 51113 51120 51192 51201 51210 51219
NODE_NUM = 47
FILE div_sub_1074.aig

# Subcircuit 1075
SUB_ID 1075
LO (17):  51109 51142 51911 52726 52727 52732 52735 52742 52744 52745 53532 53543 53545 53546 53553 53569 54384
LI (22):  121 123 23895 24711 50323 51108 51130 51910 51912 51916 51919 51927 51928 51936 51946 52702 52705 52711 52713 52714 52717 52728
NODE_NUM = 50
FILE div_sub_1075.aig

# Subcircuit 1076
SUB_ID 1076
LO (21):  51153 51165 51174 51178 51183 51192 51201 51210 51219 51866 51872 51883 51891 51972 51973 51980 51981 51986 51998 52004 52686
LI (33):  117 23895 50374 50419 51063 51067 51088 51092 51122 51164 51173 51177 51182 51191 51196 51199 51205 51209 51214 51218 51223 51863 51864 51871 51876 51881 51889 51918 51965 51966 51968 51974 51975
NODE_NUM = 48
FILE div_sub_1076.aig

# Subcircuit 1077
SUB_ID 1077
LO (15):  51223 51230 51266 51836 51842 52008 52009 52053 52062 52636 52647 52666 52849 52858 52866
LI (22):  106 107 108 112 113 23895 50436 50472 51120 51121 51222 51273 51274 51837 51841 51918 51919 52007 52046 52061 52633 52646
NODE_NUM = 50
FILE div_sub_1077.aig

# Subcircuit 1078
SUB_ID 1078
LO (13):  51284 51302 51306 51311 51813 52098 52099 52107 52611 52617 52618 52903 52911
LI (24):  101 102 103 23895 50508 50517 50527 51003 51007 51120 51121 51122 51283 51317 51320 51331 51807 51808 51816 51918 51919 52091 52094 52608
NODE_NUM = 46
FILE div_sub_1078.aig

# Subcircuit 1079
SUB_ID 1079
LO (12):  51320 51331 51806 52608 52916 52917 52925 53429 53435 53436 53738 53746
LI (21):  100 101 102 103 50526 51120 51121 51122 51326 51329 51919 52115 52126 52602 52611 52726 52727 52728 52911 52915 53426
NODE_NUM = 47
FILE div_sub_1079.aig

# Subcircuit 1080
SUB_ID 1080
LO (10):  51329 51338 51793 52134 52143 52591 52602 52930 52939 52947
LI (20):  97 98 99 23895 50535 50544 51120 51121 51122 51353 51356 51367 51787 51796 51918 51919 52127 52130 52588 52601
NODE_NUM = 49
FILE div_sub_1080.aig

# Subcircuit 1081
SUB_ID 1081
LO (12):  51356 51365 51781 51787 52588 52952 52953 52961 52962 53409 53414 53771
LI (23):  95 97 98 99 23895 50562 50571 51120 51121 51375 51780 51782 51786 51918 52145 52162 52582 52591 52726 52727 52728 52947 52951
NODE_NUM = 44
FILE div_sub_1081.aig

# Subcircuit 1082
SUB_ID 1082
LO (15):  51410 51446 51455 51743 52224 52225 52233 52234 52242 52243 52536 52541 52546 53026 53035
LI (22):  86 87 88 89 23895 50616 50652 50661 51120 51121 51448 51453 51457 51466 51732 51741 51918 52217 52218 52220 52226 52235
NODE_NUM = 47
FILE div_sub_1082.aig

# Subcircuit 1083
SUB_ID 1083
LO (16):  51457 51466 51732 52235 52251 52531 52537 52542 52557 52558 53011 53020 53028 53037 53047 53055
LI (24):  85 86 23895 50670 51120 51121 51456 51462 51475 51727 51728 51918 51919 52207 52216 52225 52234 52243 52528 52536 52541 52546 52551 52556
NODE_NUM = 49
FILE div_sub_1083.aig

# Subcircuit 1084
SUB_ID 1084
LO (19):  51473 51518 51527 51536 51545 51563 51572 51583 51666 52368 52466 52477 52487 52488 53137 53145 53155 53164 53172
LI (25):  72 73 50679 50724 50733 50742 50751 50769 50778 51120 51121 51122 51578 51581 51919 52333 52342 52351 52360 52367 52463 52471 52476 52481 52486
NODE_NUM = 50
FILE div_sub_1084.aig

# Subcircuit 1085
SUB_ID 1085
LO (14):  51592 51661 52461 52463 53177 53181 53185 53289 53305 53306 53972 53981 53990 53998
LI (23):  71 72 74 51122 51587 51590 51659 51919 52376 52458 52466 52726 52727 52728 53151 53160 53169 53172 53176 53286 53294 53299 53304
NODE_NUM = 46
FILE div_sub_1085.aig

# Subcircuit 1086
SUB_ID 1086
LO (14):  51597 51606 51615 51773 52170 52171 52179 52188 52566 52577 52578 52975 52984 52992
LI (22):  93 94 95 23895 51122 51394 51403 51596 51605 51614 51763 51766 51771 51918 52163 52164 52166 52172 52173 52181 52183 52563
NODE_NUM = 50
FILE div_sub_1086.aig

# Subcircuit 1087
SUB_ID 1087
LO (30):  51780 51864 51889 51910 51918 51926 51935 51945 51946 51954 51955 51963 51964 51990 51991 52007 52017 52018 52061 52070 52071 52661 52676 52691 52696 52701 52704 52717 52747 52756
LI (33):  95 112 115 117 118 119 120 121 51127 51129 51141 51176 51221 51372 51374 51913 51916 51925 51934 51938 51943 51947 51952 51956 51961 51983 51988 52006 52010 52015 52060 52064 52069
NODE_NUM = 48
FILE div_sub_1087.aig

# Subcircuit 1088
SUB_ID 1088
LO (21):  51925 51934 51938 51943 51947 51952 51956 51961 51965 51966 51974 52681 52702 52754 52755 52760 52763 52769 52778 52785 53524
LI (30):  121 23895 51159 51168 51177 51186 51195 51196 51886 51919 51924 51933 51942 51951 51955 51960 51964 51973 51982 52678 52679 52686 52691 52696 52701 52728 52747 52753 52756 52762
NODE_NUM = 47
FILE div_sub_1088.aig

# Subcircuit 1089
SUB_ID 1089
LO (15):  51982 51983 51988 52678 52790 52791 52799 52800 52808 52809 53494 53499 53504 53609 53618
LI (24):  114 115 116 117 23895 51204 51213 51872 51919 51981 51984 51986 51991 51998 52009 52667 52676 52726 52727 52728 52783 52785 52789 52798
NODE_NUM = 50
FILE div_sub_1089.aig

# Subcircuit 1090
SUB_ID 1090
LO (14):  52006 52010 52015 52667 52817 52818 52826 52827 52832 52834 52835 53484 53489 53636
LI (23):  111 113 114 23895 51231 51232 51240 51862 51866 51919 52004 52014 52018 52025 52036 52652 52661 52666 52726 52727 52728 52816 52825
NODE_NUM = 47
FILE div_sub_1090.aig

# Subcircuit 1091
SUB_ID 1091
LO (17):  52646 52652 52844 53474 53485 53495 53500 53510 53511 53603 53611 53620 53630 53638 53648 53657 53665
LI (23):  109 111 52044 52645 52647 52651 52728 52782 52791 52800 52809 52818 52827 52836 52843 53471 53479 53484 53489 53494 53499 53504 53509
NODE_NUM = 50
FILE div_sub_1091.aig

# Subcircuit 1092
SUB_ID 1092
LO (13):  52046 52060 52064 52633 52871 52880 53454 53471 53666 53675 53684 53693 53701
LI (23):  107 108 23895 51267 51285 51919 52059 52072 52081 52627 52629 52728 52854 52863 52864 52866 52870 52879 53451 53464 53469 53663 53665
NODE_NUM = 49
FILE div_sub_1092.aig

# Subcircuit 1093
SUB_ID 1093
LO (14):  52069 52072 52073 52627 52864 53444 53451 53706 53707 53712 53713 53719 53722 54294
LI (25):  104 105 106 108 23895 51294 51919 52068 52071 52089 52099 52617 52618 52620 52626 52636 52728 52888 52897 53441 53454 53553 53554 53701 53705
NODE_NUM = 50
FILE div_sub_1093.aig

# Subcircuit 1094
SUB_ID 1094
LO (19):  52115 52126 52601 53426 53554 53562 53563 53571 53572 53577 53751 53752 53757 53759 53760 54269 54369 54374 54395
LI (26):  100 101 103 123 124 23895 51339 51918 51919 52113 52124 52726 52727 52931 52944 53420 53429 53552 53553 53558 53561 53567 53570 53576 53746 53750
NODE_NUM = 50
FILE div_sub_1094.aig

# Subcircuit 1095
SUB_ID 1095
LO (14):  52124 52127 52145 52162 52582 52970 53404 53420 53769 53770 53775 53784 53791 54259
LI (26):  96 97 101 23895 51348 51366 51375 51918 51919 52122 52160 52171 52577 52578 52726 52727 52728 52953 52962 53401 53409 53414 53419 53554 53768 53771
NODE_NUM = 50
FILE div_sub_1095.aig

# Subcircuit 1096
SUB_ID 1096
LO (15):  52160 52163 52164 52172 52181 52183 52563 52997 52998 53006 53384 53390 53391 53819 53827
LI (27):  92 93 94 23895 51384 51393 51394 51402 51411 51412 51762 51766 51776 51918 51919 52158 52196 52207 52557 52558 52566 52726 52727 52728 52992 52996 53381
NODE_NUM = 46
FILE div_sub_1096.aig

# Subcircuit 1097
SUB_ID 1097
LO (12):  52196 52199 52226 52528 53060 53069 53349 53360 53361 53873 53882 53890
LI (22):  85 86 87 23895 51420 51447 51474 51918 51919 52194 52259 52270 52522 52531 52726 52727 52728 53052 53055 53059 53346 53359
NODE_NUM = 49
FILE div_sub_1097.aig

# Subcircuit 1098
SUB_ID 1098
LO (11):  52259 52270 52522 53346 53895 53896 53904 53905 54184 54189 54728
LI (25):  84 85 86 87 23895 51483 51722 51918 51919 52254 52256 52268 52279 52517 52726 52727 52728 53088 53340 53349 53552 53553 53554 53890 53894
NODE_NUM = 49
FILE div_sub_1098.aig

# Subcircuit 1099
SUB_ID 1099
LO (14):  52268 52271 52517 53088 53340 53913 54179 54185 54195 54196 54722 54730 54740 54748
LI (25):  84 85 23895 51492 51918 51919 52266 52279 52288 52512 52514 52728 53086 53097 53335 53552 53553 53554 53887 53896 53905 54176 54184 54189 54194
NODE_NUM = 49
FILE div_sub_1099.aig

# Subcircuit 1100
SUB_ID 1100
LO (15):  52279 52280 52512 53086 53096 53097 53105 53106 53114 53115 53324 53329 53334 53915 53924
LI (20):  80 81 82 83 51501 51519 51919 52278 52297 52304 52315 52497 52506 52511 52726 52727 52728 53089 53095 53104
NODE_NUM = 49
FILE div_sub_1100.aig

# Subcircuit 1101
SUB_ID 1101
LO (12):  52304 52315 52497 53123 53319 53335 53922 53923 53928 53937 53944 54174
LI (26):  79 80 84 23895 51528 51697 51918 51919 52299 52301 52313 52324 52492 52726 52727 52728 53106 53115 53316 53324 53329 53334 53554 53915 53921 53924
NODE_NUM = 50
FILE div_sub_1101.aig

# Subcircuit 1102
SUB_ID 1102
LO (11):  52313 52324 52492 53316 53949 53950 53958 53959 54154 54159 54782
LI (26):  78 79 80 81 23895 51537 51692 51918 51919 52308 52310 52322 52333 52487 52488 52726 52727 52728 53142 53310 53319 53552 53553 53554 53944 53948
NODE_NUM = 48
FILE div_sub_1102.aig

# Subcircuit 1103
SUB_ID 1103
LO (14):  52322 52333 52486 53142 53310 53967 54149 54155 54165 54166 54776 54784 54794 54802
LI (25):  77 78 79 23895 51546 51918 51919 52320 52331 52726 52727 53138 53151 53305 53306 53552 53553 53554 53941 53950 53959 54146 54154 54159 54164
NODE_NUM = 46
FILE div_sub_1103.aig

# Subcircuit 1104
SUB_ID 1104
LO (16):  52331 52334 52349 52360 52471 53169 53294 53994 54134 54146 54807 54808 54813 54822 54829 55003
LI (27):  74 75 76 80 23895 51555 51573 51918 51919 52329 52347 52358 52726 52727 53165 53552 53553 53977 53986 53991 54131 54139 54144 54394 54800 54802 54806
NODE_NUM = 50
FILE div_sub_1104.aig

# Subcircuit 1105
SUB_ID 1105
LO (22):  52358 52367 52376 52385 52394 52405 52446 53214 53269 54040 54109 54394 54402 54403 54411 54412 54417 54420 54878 55223 55228 55249
LI (29):  69 70 71 124 125 23895 51618 51918 51919 52356 52365 52374 52383 52392 52403 52726 52727 53210 53552 53553 54036 54392 54393 54398 54401 54407 54410 54416 54419
NODE_NUM = 48
FILE div_sub_1105.aig

# Subcircuit 1106
SUB_ID 1106
LO (15):  52403 52414 52441 53223 53264 54049 54104 54888 54958 54974 54975 55711 55720 55729 55737
LI (26):  68 69 70 71 23895 51626 51918 51919 52401 52412 52726 52727 53219 53552 53553 54045 54392 54393 54862 54871 54880 54885 54955 54963 54968 54973
NODE_NUM = 50
FILE div_sub_1106.aig

# Subcircuit 1107
SUB_ID 1107
LO (13):  52412 52422 52436 53232 53259 54058 54099 54897 54955 55742 55743 55748 55826
LI (28):  67 68 69 70 72 23611 23895 51632 51634 51636 51918 52410 52415 52726 52727 53228 53552 53553 54054 54392 54393 54894 54907 54949 54958 55248 55737 55741
NODE_NUM = 50
FILE div_sub_1107.aig

# Subcircuit 1108
SUB_ID 1108
LO (31):  52425 52514 52620 52629 52645 52679 52705 52714 52737 53535 53536 53552 53558 53561 53570 53580 53581 53589 53590 53598 53599 53607 53608 53615 54349 54354 54359 54364 54413 54422 54431
LI (39):  83 104 106 109 116 119 120 121 122 123 24307 51140 51918 51919 51929 51980 52037 52043 52070 52082 52088 52277 52704 52736 52746 53530 53533 53551 53560 53569 53577 53578 53586 53587 53595 53596 53604 53605 53614
NODE_NUM = 50
FILE div_sub_1108.aig

# Subcircuit 1109
SUB_ID 1109
LO (13):  52746 52753 52762 52780 52781 53530 53567 53576 53586 53587 53595 53596 53605
LI (25):  119 120 122 51945 51954 51963 51972 52726 52727 52745 52755 52760 52763 52769 52773 52778 52782 53510 53511 53515 53524 53525 53528 53553 53554
NODE_NUM = 48
FILE div_sub_1109.aig

# Subcircuit 1110
SUB_ID 1110
LO (21):  52782 52783 52798 52816 52825 52836 52843 52854 53469 53479 53509 53661 53662 53663 53679 54309 54320 54321 54497 54506 54514
LI (28):  110 111 112 113 118 51990 51991 52008 52017 52035 52681 52726 52727 52728 52781 52835 52849 52852 53474 53478 53508 53552 53553 53658 53671 53676 54306 54314
NODE_NUM = 49
FILE div_sub_1110.aig

# Subcircuit 1111
SUB_ID 1111
LO (12):  52852 52863 53464 54306 54519 54520 54528 55158 55164 55165 55369 55377
LI (22):  109 110 111 112 52044 52726 52727 52728 52858 52861 53552 53553 53685 53698 54300 54309 54392 54393 54394 54514 54518 55155
NODE_NUM = 48
FILE div_sub_1111.aig

# Subcircuit 1112
SUB_ID 1112
LO (14):  52861 52870 52879 52888 52897 53441 53724 53725 53733 54279 54285 54286 54560 54568
LI (23):  104 105 106 52053 52062 52071 52080 52089 52726 52727 52728 52903 52906 52917 53435 53436 53444 53552 53553 53554 53719 53723 54276
NODE_NUM = 48
FILE div_sub_1112.aig

# Subcircuit 1113
SUB_ID 1113
LO (15):  52906 52915 52931 52944 52951 53401 53419 53768 53796 53797 53805 53806 54239 54244 54629
LI (24):  96 97 98 100 52098 52107 52134 52143 52726 52727 52728 52930 52939 52942 52975 52978 52989 53395 53404 53552 53553 53554 53791 53795
NODE_NUM = 48
FILE div_sub_1113.aig

# Subcircuit 1114
SUB_ID 1114
LO (13):  52978 52989 53395 53814 54234 54240 54260 54605 54614 54623 54631 54641 54649
LI (24):  95 96 52170 52726 52727 52728 52984 52987 52998 53390 53391 53552 53553 53554 53779 53788 53797 53806 54231 54239 54244 54249 54254 54259
NODE_NUM = 50
FILE div_sub_1114.aig

# Subcircuit 1115
SUB_ID 1115
LO (11):  52987 52996 53381 53832 53841 54219 54231 54648 54659 54668 54676
LI (22):  92 93 94 52179 52188 52726 52727 52728 53011 53014 53025 53375 53384 53552 53553 53554 53824 53827 53831 54216 54229 54647
NODE_NUM = 50
FILE div_sub_1115.aig

# Subcircuit 1116
SUB_ID 1116
LO (11):  53014 53025 53375 54216 54681 54682 54690 54691 55068 55073 55528
LI (23):  91 92 93 94 52206 52726 52727 52728 53020 53023 53034 53370 53552 53553 53554 53860 54210 54219 54392 54393 54394 54676 54680
NODE_NUM = 47
FILE div_sub_1116.aig

# Subcircuit 1117
SUB_ID 1117
LO (13):  53023 53034 53370 53860 54210 54699 55063 55069 55074 55075 55530 55540 55548
LI (26):  90 91 92 52215 52542 52726 52727 52728 53026 53028 53032 53043 53365 53552 53553 53554 53869 54205 54392 54393 54394 54682 54691 55060 55068 55073
NODE_NUM = 50
FILE div_sub_1117.aig

# Subcircuit 1118
SUB_ID 1118
LO (12):  53032 53043 53365 53869 54205 54708 55060 55553 55554 55555 55557 55931
LI (29):  89 90 91 93 52224 52537 52726 52727 52728 53035 53037 53041 53052 53360 53361 53552 53553 53554 53878 54200 54392 54393 54394 54718 55055 55063 55248 55548 55552
NODE_NUM = 50
FILE div_sub_1118.aig

# Subcircuit 1119
SUB_ID 1119
LO (16):  53041 53052 53359 53878 54200 54718 55055 55248 55253 55256 55562 55563 55568 55570 55571 55926
LI (28):  88 89 90 92 52233 52726 52727 52728 53047 53050 53552 53553 53874 53887 54195 54196 54392 54393 54394 54727 55049 55246 55247 55252 55255 55555 55557 55561
NODE_NUM = 50
FILE div_sub_1119.aig

# Subcircuit 1120
SUB_ID 1120
LO (17):  53050 53059 53095 53104 53138 53151 53304 53977 54144 54800 54816 54998 55009 55010 55648 55657 55665
LI (27):  77 78 79 52242 52251 52287 52296 52477 52726 52727 52728 53137 53143 53145 53149 53552 53553 53973 54149 54392 54393 54799 54808 54813 54995 55003 55008
NODE_NUM = 47
FILE div_sub_1120.aig

# Subcircuit 1121
SUB_ID 1121
LO (13):  53149 53160 53299 53986 54139 54995 55670 55671 55679 55680 55861 55866 56542
LI (25):  76 77 78 79 80 52341 52726 52727 52728 53155 53158 53552 53553 53982 54392 54393 54822 54835 54989 54998 55246 55247 55248 55665 55669
NODE_NUM = 47
FILE div_sub_1121.aig

# Subcircuit 1122
SUB_ID 1122
LO (14):  53158 53165 53176 53279 53286 54003 54012 54016 54020 54124 54131 54831 54834 54840
LI (26):  72 74 75 52350 52368 52726 52727 52728 53164 53187 53191 53194 53276 53284 53552 53553 53554 53996 53998 54002 54011 54125 54134 54394 54829 54833
NODE_NUM = 49
FILE div_sub_1122.aig

# Subcircuit 1123
SUB_ID 1123
LO (16):  53201 53210 53219 53228 53240 53254 54067 54094 54907 54949 55760 55816 55822 55823 56626 56634
LI (25):  67 68 69 70 52728 53200 53209 53218 53227 53235 53238 53552 53553 54063 54392 54393 54903 54916 54944 55246 55247 55248 55752 55813 55821
NODE_NUM = 47
FILE div_sub_1123.aig

# Subcircuit 1124
SUB_ID 1124
LO (13):  53238 53248 53250 54075 54083 54085 54089 54915 54916 54919 54922 54936 54943
LI (21):  5 6 65 66 67 68 25152 26006 52426 52726 52727 52728 53243 53249 53552 53553 53554 54084 54392 54393 54912
NODE_NUM = 43
FILE div_sub_1124.aig

# Subcircuit 1125
SUB_ID 1125
LO (22):  53243 53478 53508 53528 53533 53551 54387 54389 54392 54393 54401 54410 54419 54429 54430 54438 54439 55208 55213 55235 55239 55276
LI (33):  112 118 121 122 124 125 280 407 24314 52728 52733 52742 52744 52778 52780 52832 52834 53532 53535 53536 53546 53549 53554 53562 53571 53580 53589 53598 54376 54377 54385 54426 54435
NODE_NUM = 50
FILE div_sub_1125.aig

# Subcircuit 1126
SUB_ID 1126
LO (17):  53549 53560 53578 53604 53616 54344 54350 54375 54376 54377 54398 54407 54416 54426 54433 54444 54451
LI (31):  118 124 52736 52737 52754 53500 53543 53545 53553 53554 53563 53572 53581 53590 53599 53603 53608 53609 53611 53615 54341 54349 54354 54359 54364 54369 54374 54394 54395 54413 54422
NODE_NUM = 49
FILE div_sub_1126.aig

# Subcircuit 1127
SUB_ID 1127
LO (10):  53614 54341 54456 54465 55193 55204 55205 55297 55306 55314
LI (21):  117 118 119 52790 53495 53553 53554 53618 53620 53624 53635 54335 54344 54392 54393 54394 54448 54451 54455 55190 55203
NODE_NUM = 48
FILE div_sub_1127.aig

# Subcircuit 1128
SUB_ID 1128
LO (11):  53624 53635 54335 55190 55319 55320 55328 55329 56056 56061 56191
LI (23):  116 117 118 119 52799 53552 53553 53554 53630 53633 53644 54330 54392 54393 54394 54484 55184 55193 55246 55247 55248 55314 55318
NODE_NUM = 47
FILE div_sub_1128.aig

# Subcircuit 1129
SUB_ID 1129
LO (13):  53633 53644 54330 54484 55184 55337 56051 56057 56062 56063 56193 56203 56211
LI (26):  115 116 117 52808 53485 53552 53553 53554 53636 53638 53642 53653 54325 54392 54393 54394 54493 55179 55246 55247 55248 55320 55329 56048 56056 56061
NODE_NUM = 50
FILE div_sub_1129.aig

# Subcircuit 1130
SUB_ID 1130
LO (12):  53642 53653 54325 54493 55179 55346 56048 56216 56217 56218 56220 56944
LI (27):  114 115 116 118 52817 53552 53553 53554 53648 53651 53662 54320 54321 54392 54393 54394 54502 55174 55246 55247 55248 55356 56043 56051 56116 56211 56215
NODE_NUM = 48
FILE div_sub_1130.aig

# Subcircuit 1131
SUB_ID 1131
LO (13):  53651 53658 53671 54314 55174 55355 55356 55364 56036 56042 56043 56230 56238
LI (23):  112 113 114 115 52826 53552 53553 53554 53657 53666 53669 54392 54393 54507 54520 55164 55165 55173 55246 55247 55248 55354 56033
NODE_NUM = 50
FILE div_sub_1131.aig

# Subcircuit 1132
SUB_ID 1132
LO (13):  53669 53676 53685 53698 54300 55155 55382 55383 55391 55392 56021 56026 56254
LI (25):  109 110 111 112 52844 53552 53553 53554 53675 53684 53693 53696 53707 54295 54392 54393 54394 54547 55149 55158 55246 55247 55248 55377 55381
NODE_NUM = 49
FILE div_sub_1132.aig

# Subcircuit 1133
SUB_ID 1133
LO (12):  53696 53705 54295 54547 55143 55149 55397 55399 55400 55404 55408 56009
LI (21):  107 108 109 52871 52880 53552 53553 53712 53713 53725 54285 54286 54294 54392 54393 54394 54545 55140 55246 55247 55248
NODE_NUM = 50
FILE div_sub_1133.aig

# Subcircuit 1134
SUB_ID 1134
LO (10):  53723 54276 54573 54582 55128 55140 55405 55414 55423 55431
LI (21):  104 105 106 53552 53554 53722 53738 53741 53752 54270 54279 54392 54393 54394 54565 54568 54572 55125 55138 55402 55404
NODE_NUM = 48
FILE div_sub_1134.aig

# Subcircuit 1135
SUB_ID 1135
LO (12):  53741 53750 54270 54591 54600 55118 55125 55436 55437 55442 55449 55996
LI (21):  102 103 104 106 52916 52925 53552 53553 53760 53770 54260 54263 54269 54394 54590 54599 55115 55128 55248 55431 55435
NODE_NUM = 49
FILE div_sub_1135.aig

# Subcircuit 1136
SUB_ID 1136
LO (13):  53779 54254 55115 55454 55455 55463 55464 55469 55471 55472 55981 55986 56326
LI (22):  100 101 103 104 52952 53552 53553 53775 54392 54393 54610 54615 54628 55104 55113 55246 55247 55248 55447 55449 55453 55462
NODE_NUM = 46
FILE div_sub_1136.aig

# Subcircuit 1137
SUB_ID 1137
LO (13):  53788 54249 54628 55104 55481 55971 55982 55987 55988 56328 56338 56347 56355
LI (22):  99 100 101 52961 53552 53553 53784 54392 54393 54624 54637 55099 55246 55247 55248 55455 55464 55473 55968 55976 55981 55986
NODE_NUM = 46
FILE div_sub_1137.aig

# Subcircuit 1138
SUB_ID 1138
LO (16):  53795 53824 54229 54647 54663 55083 55099 55490 55491 55499 55500 55505 55512 55961 55966 56362
LI (23):  95 96 99 100 52970 53552 53553 53554 53819 53822 54234 54392 54393 54646 54655 54660 55080 55088 55093 55098 55248 55489 55498
NODE_NUM = 50
FILE div_sub_1138.aig

# Subcircuit 1139
SUB_ID 1139
LO (14):  53822 53831 53874 53887 54194 54727 55049 55580 55916 55927 55928 56437 56446 56454
LI (24):  88 89 90 52997 53006 53552 53553 53554 53873 53882 53885 54392 54393 54723 54736 55044 55246 55247 55248 55563 55572 55913 55921 55926
NODE_NUM = 47
FILE div_sub_1139.aig

# Subcircuit 1140
SUB_ID 1140
LO (15):  53885 53894 53921 54176 54753 54754 54762 54763 54771 54772 55023 55028 55033 55600 55609
LI (23):  83 84 85 86 53060 53069 53096 53105 53552 53553 53923 53928 53941 54165 54166 54174 54392 54393 54394 54746 54748 54752 54761
NODE_NUM = 49
FILE div_sub_1140.aig

# Subcircuit 1141
SUB_ID 1141
LO (16):  53941 54164 54780 55018 55024 55029 55044 55589 55590 55595 55598 55602 55611 55622 55629 55911
LI (23):  82 83 89 53114 53552 53553 53937 54392 54393 54745 54754 54763 54772 54777 55015 55023 55028 55033 55038 55043 55248 55588 55597
NODE_NUM = 49
FILE div_sub_1141.aig

# Subcircuit 1142
SUB_ID 1142
LO (18):  53948 53973 53982 53991 53996 54002 54011 54031 54114 54871 54968 55724 55836 55852 56572 56581 56590 56598
LI (28):  72 73 74 53123 53177 53186 53187 53289 53552 53553 53554 53972 53981 53990 54026 54029 54392 54393 54867 55246 55247 55707 55716 55721 55833 55841 55846 55851
NODE_NUM = 50
FILE div_sub_1142.aig

# Subcircuit 1143
SUB_ID 1143
LO (21):  54029 54036 54045 54054 54063 54263 54385 55229 55230 55246 55252 55255 55265 55266 55274 55275 55282 56079 56086 56091 56137
LI (29):  102 123 124 125 53552 53554 53757 53759 54028 54035 54044 54053 54062 54384 54403 54412 54420 54430 55214 55217 55223 55228 55245 55248 55249 55254 55263 55272 55281
NODE_NUM = 47
FILE div_sub_1143.aig

# Subcircuit 1144
SUB_ID 1144
LO (14):  54435 54448 55203 55292 55301 56071 56087 56092 56093 56139 56149 56158 56167 56175
LI (26):  120 121 122 53607 54350 54392 54393 54394 54431 54433 54444 55204 55208 55246 55247 55248 55266 55275 55284 55287 55291 55298 56068 56081 56086 56091
NODE_NUM = 50
FILE div_sub_1144.aig

# Subcircuit 1145
SUB_ID 1145
LO (17):  54455 54502 54507 54518 54545 54565 55138 55173 55354 55402 55418 56006 56017 56018 56275 56284 56292
LI (24):  107 108 114 53616 53661 53679 53706 54392 54393 54394 54497 54500 54506 54560 54563 55143 55246 55247 55401 55410 55415 56003 56011 56016
NODE_NUM = 46
FILE div_sub_1145.aig

# Subcircuit 1146
SUB_ID 1146
LO (20):  54563 54572 54590 54599 54610 54615 54624 54637 54646 54651 54654 55093 55098 55113 55447 55462 55489 55498 55507 55954
LI (29):  98 99 102 53724 53733 53751 53760 53769 53796 53805 54240 54392 54393 54394 54605 54608 54614 54623 54629 54631 54635 54641 54644 54648 54649 54653 55118 55246 55247
NODE_NUM = 49
FILE div_sub_1146.aig

# Subcircuit 1147
SUB_ID 1147
LO (12):  54653 54655 54660 55080 55088 55517 55526 55946 55957 56383 56392 56400
LI (23):  95 96 97 53814 54392 54393 54394 54651 54654 54659 54668 54671 54682 55074 55075 55083 55246 55247 55248 55512 55516 55943 55956
NODE_NUM = 50
FILE div_sub_1147.aig

# Subcircuit 1148
SUB_ID 1148
LO (17):  54671 54680 54723 54736 54745 55038 55043 55588 55597 55906 55913 56459 56460 56465 56468 56472 56809
LI (28):  87 88 91 53832 53841 53895 54185 54392 54393 54394 54722 54728 54730 54734 54740 54743 55246 55247 55590 55595 55599 55903 55911 56116 56452 56454 56458 56467
NODE_NUM = 47
FILE div_sub_1148.aig

# Subcircuit 1149
SUB_ID 1149
LO (14):  54743 54746 54752 54761 54777 55015 55634 55635 55643 55881 55887 55888 56509 56517
LI (26):  82 83 84 53904 53913 53922 53923 54155 54179 54392 54393 54394 54776 54782 54784 54788 54799 55009 55010 55018 55246 55247 55248 55629 55633 55878
NODE_NUM = 48
FILE div_sub_1149.aig

# Subcircuit 1150
SUB_ID 1150
LO (18):  54788 54799 55008 55878 56116 56127 56132 56135 56523 56528 56530 56531 56774 56994 57141 57149 57493 57501
LI (24):  81 82 84 128 53949 54392 54393 54394 54794 54797 55246 55247 55649 55662 55872 55881 56114 56115 56122 56125 56131 56134 56517 56521
NODE_NUM = 48
FILE div_sub_1150.aig

# Subcircuit 1151
SUB_ID 1151
LO (14):  54797 54806 54833 54989 55688 55856 55872 56540 56541 56546 56549 56555 56562 56764
LI (24):  77 78 82 53958 53967 53994 54392 54393 54831 54835 54844 54984 55248 55671 55680 55687 55853 55861 55866 55871 56116 56539 56542 56548
NODE_NUM = 49
FILE div_sub_1151.aig

# Subcircuit 1152
SUB_ID 1152
LO (14):  54835 54844 54984 55687 55851 55853 56567 56568 56576 56744 56750 56751 57098 57107
LI (23):  76 77 78 79 54003 54392 54393 54834 54840 54853 54979 55246 55247 55248 55852 55856 56114 56115 56116 56562 56566 56573 56741
NODE_NUM = 50
FILE div_sub_1152.aig

# Subcircuit 1153
SUB_ID 1153
LO (16):  54853 54929 54931 54932 54934 54979 55707 55785 55788 55846 56586 56740 56741 56996 56997 57095
LI (23):  4 65 66 75 76 77 54394 54848 54851 54862 54927 54974 54975 55246 55247 55248 56114 56115 56127 56582 56595 56735 56995
NODE_NUM = 50
FILE div_sub_1153.aig

# Subcircuit 1154
SUB_ID 1154
LO (15):  54851 54862 54867 54880 54963 54973 55716 55732 55733 55841 56595 56611 56722 56735 57087
LI (26):  72 74 75 76 54012 54021 54392 54393 54394 54857 54860 54866 54875 54878 55246 55247 55712 55730 56114 56115 56127 56591 56604 56730 56995 56996
NODE_NUM = 47
FILE div_sub_1154.aig

# Subcircuit 1155
SUB_ID 1155
LO (13):  54885 54894 54903 54912 54944 55769 55778 55806 55813 56636 56639 56645 56652
LI (23):  67 68 69 54394 54884 54893 54902 54911 54919 54922 54933 54934 54936 54943 55246 55247 55248 55768 55803 55816 56116 56634 56638
NODE_NUM = 50
FILE div_sub_1155.aig

# Subcircuit 1156
SUB_ID 1156
LO (16):  54927 54933 55792 55794 55795 55797 55803 56657 56658 56666 56667 56673 56687 56694 56699 57024
LI (20):  66 67 68 69 26006 26874 54394 54932 55248 55781 55785 55789 55796 55798 55806 56114 56115 56116 56652 56656
NODE_NUM = 43
FILE div_sub_1156.aig

# Subcircuit 1157
SUB_ID 1157
LO (15):  55214 55284 55287 56081 56162 56974 56995 57007 57015 57022 57466 57475 57483 57491 57499
LI (26):  123 124 54439 55205 55208 55213 55248 55276 55282 56079 56114 56115 56136 56145 56154 56159 56971 56979 56984 56989 56994 57004 57005 57012 57013 57021
NODE_NUM = 50
FILE div_sub_1157.aig

# Subcircuit 1158
SUB_ID 1158
LO (24):  55217 55241 55243 55245 55247 55254 55263 55272 55281 55291 55310 55311 55318 55373 55374 55381 55427 55428 55435 56001 56031 56066 56102 56107
LI (31):  107 113 120 123 126 279 407 53563 54375 54387 54389 54394 54402 54411 54417 54419 54420 54429 54438 54456 54465 54519 54528 54573 54582 55235 55239 55246 55307 55370 55424
NODE_NUM = 50
FILE div_sub_1158.aig

# Subcircuit 1159
SUB_ID 1159
LO (23):  56114 56122 56125 56131 56134 56144 56145 56153 56154 56171 56172 56180 56181 56189 56190 56197 56959 56964 56969 56979 56984 57448 57456
LI (26):  121 122 123 125 126 55256 55266 56092 56093 56095 56109 56111 56113 56124 56133 56141 56142 56150 56151 56168 56169 56177 56178 56186 56187 56196
NODE_NUM = 50
FILE div_sub_1159.aig

# Subcircuit 1160
SUB_ID 1160
LO (15):  55298 55307 55370 55401 56016 56270 56914 56940 56941 57370 57379 57387 57395 57403 57411
LI (24):  110 112 55248 55297 55306 55369 55400 56015 56017 56021 56116 56226 56235 56244 56253 56262 56265 56269 56911 56919 56924 56929 56934 56939
NODE_NUM = 47
FILE div_sub_1160.aig

# Subcircuit 1161
SUB_ID 1161
LO (14):  55410 55415 55424 55446 55991 55992 55993 56011 56319 56323 56911 57359 57367 57375
LI (28):  105 109 110 54591 55246 55247 55248 55405 55408 55414 55423 55442 55988 56009 56114 56115 56127 56280 56285 56298 56900 56909 56995 56996 57366 57368 57370 57374
NODE_NUM = 49
FILE div_sub_1161.aig

# Subcircuit 1162
SUB_ID 1162
LO (19):  55453 55473 55956 55968 55976 56350 56351 56360 56361 56369 56370 56378 56379 56386 56854 56859 56864 57280 57288
LI (27):  98 100 101 102 54600 55246 55247 55472 55491 55500 55505 55507 55955 55957 55961 55966 55975 56114 56115 56116 56348 56353 56355 56359 56362 56368 56377
NODE_NUM = 46
FILE div_sub_1162.aig

# Subcircuit 1163
SUB_ID 1163
LO (10):  55516 55943 56405 56414 56834 56845 56846 57242 57251 57259
LI (22):  95 96 97 54663 55069 55246 55247 55248 55528 55530 55534 55545 55937 55946 56114 56115 56116 56397 56400 56404 56831 56844
NODE_NUM = 49
FILE div_sub_1163.aig

# Subcircuit 1164
SUB_ID 1164
LO (11):  55534 55545 55552 55561 55572 55921 55937 56449 56831 57239 57247
LI (27):  91 94 95 54681 54690 54699 54708 55246 55247 55248 55540 55543 55554 55571 55920 55932 56114 56115 56116 56127 56433 56825 56834 56995 56996 57242 57246
NODE_NUM = 48
FILE div_sub_1164.aig

# Subcircuit 1165
SUB_ID 1165
LO (10):  55599 55903 56477 56486 56794 56805 56806 57178 57187 57195
LI (20):  87 88 89 55029 55248 55598 55600 55602 55606 55617 55897 55906 56114 56115 56116 56469 56472 56476 56791 56804
NODE_NUM = 50
FILE div_sub_1165.aig

# Subcircuit 1166
SUB_ID 1166
LO (10):  55606 55617 55624 55625 55897 56503 56782 56791 57175 57183
LI (26):  86 87 54753 54762 54771 55024 55246 55247 55248 55609 55611 55615 55622 55626 55892 56114 56115 56116 56127 56505 56785 56794 56995 56996 57178 57182
NODE_NUM = 48
FILE div_sub_1166.aig

# Subcircuit 1167
SUB_ID 1167
LO (18):  55626 55633 55649 55662 55669 55712 55721 55730 55831 55833 55871 55892 56505 56539 56600 56607 56785 57167
LI (35):  81 85 86 54780 54807 54816 55246 55247 55248 55625 55635 55648 55657 55660 55711 55720 55729 55734 55828 55829 55887 55888 55890 56114 56115 56116 56127 56503 56514 56596 56598 56780 56782 56995 56996
NODE_NUM = 48
FILE div_sub_1167.aig

# Subcircuit 1168
SUB_ID 1168
LO (13):  55734 55741 55752 55821 56596 56621 56630 56730 57048 57050 57059 57067 57075
LI (23):  71 72 73 54888 54897 55246 55247 55733 55748 55822 55826 55836 56114 56115 56116 56613 56616 56620 56627 56640 56711 56724 56729
NODE_NUM = 48
FILE div_sub_1168.aig

# Subcircuit 1169
SUB_ID 1169
LO (20):  55768 55781 55789 55828 55829 55890 55920 55932 55955 55975 55997 55998 56310 56433 56613 56616 56724 56825 57071 57231
LI (44):  3 73 74 85 91 94 102 26874 54915 54929 54931 55246 55247 55437 55469 55471 55505 55568 55570 55622 55624 55732 55743 55788 55823 55826 55928 55931 55954 55993 55996 56116 56127 56426 56431 56442 56605 56607 56611 56722 56820 56995 56996 57068
NODE_NUM = 48
FILE div_sub_1169.aig

# Subcircuit 1170
SUB_ID 1170
LO (11):  56003 56015 56022 56027 56028 56256 56265 56298 56900 57343 57351
LI (24):  108 109 110 55383 55392 55397 55399 55428 55998 56001 56018 56021 56026 56116 56127 56290 56292 56296 56300 56305 56316 56890 56995 56996
NODE_NUM = 46
FILE div_sub_1170.aig

# Subcircuit 1171
SUB_ID 1171
LO (19):  56033 56068 56095 56109 56111 56113 56115 56124 56133 56142 56151 56177 56186 56244 56253 56924 56929 57391 57399
LI (37):  114 115 126 127 128 279 54403 55229 55241 55243 55248 55253 55255 55256 55265 55274 55311 55374 56028 56031 56063 56066 56103 56107 56116 56127 56173 56175 56183 56236 56238 56242 56246 56251 56995 57388 57396
NODE_NUM = 50
FILE div_sub_1171.aig

# Subcircuit 1172
SUB_ID 1172
LO (20):  56103 56136 56141 56150 56159 56168 56169 56173 56178 56183 56187 56960 56965 56970 56971 56989 57439 57447 57450 57458
LI (38):  120 127 55230 55292 55301 55310 55311 55320 56057 56062 56066 56071 56087 56102 56115 56116 56127 56135 56137 56139 56149 56158 56167 56172 56181 56190 56191 56193 56197 56208 56950 56959 56964 56969 56988 56995 56996 57446
NODE_NUM = 48
FILE div_sub_1172.aig

# Subcircuit 1173
SUB_ID 1173
LO (12):  56196 56208 56215 56226 56235 56934 56939 56950 57407 57415 57423 57431
LI (30):  116 117 119 55319 55328 55337 55346 55355 56042 56114 56115 56116 56127 56203 56206 56217 56218 56220 56224 56230 56233 56940 56944 56945 56995 56996 57404 57412 57418 57422
NODE_NUM = 50
FILE div_sub_1173.aig

# Subcircuit 1174
SUB_ID 1174
LO (20):  56236 56242 56246 56251 56262 56269 56280 56285 56290 56296 56300 56305 56312 56315 56909 56919 57334 57366 57368 57383
LI (38):  111 113 55364 55373 55374 55382 55383 55391 55400 55418 55427 55428 55437 55446 55992 55996 55997 56001 56006 56022 56027 56031 56036 56114 56115 56116 56127 56254 56256 56260 56275 56278 56284 56310 56314 56914 56995 57380
NODE_NUM = 48
FILE div_sub_1174.aig

# Subcircuit 1175
SUB_ID 1175
LO (8):  56314 56316 56890 57312 57314 57318 57327 57335
LI (28):  105 106 107 55436 55455 55982 55987 55991 56114 56115 56116 56127 56312 56315 56319 56323 56325 56326 56328 56332 56334 56343 56876 56880 56885 56995 56996 57334
NODE_NUM = 46
FILE div_sub_1175.aig

# Subcircuit 1176
SUB_ID 1176
LO (14):  56332 56343 56348 56353 56359 56368 56377 56384 56387 56876 57270 57303 57311 57319
LI (29):  103 104 55454 55463 55481 55490 55491 55499 55971 56114 56115 56116 56127 56338 56341 56347 56351 56361 56383 56386 56865 56867 56870 56995 56996 57302 57312 57314 57318
NODE_NUM = 50
FILE div_sub_1176.aig

# Subcircuit 1177
SUB_ID 1177
LO (12):  56397 56404 56426 56431 56438 56844 56865 57263 57271 57279 57287 57295
LI (34):  98 99 55517 55526 55553 55563 55927 55931 56114 56115 56116 56127 56370 56379 56387 56392 56395 56397 56437 56845 56846 56848 56854 56859 56864 56995 56996 57260 57270 57278 57280 57286 57288 57294
NODE_NUM = 49
FILE div_sub_1177.aig

# Subcircuit 1178
SUB_ID 1178
LO (11):  56442 56452 56458 56467 56469 56804 56820 57199 57207 57215 57223
LI (28):  90 92 93 55562 55580 55589 55590 55916 56114 56115 56116 56127 56438 56446 56449 56451 56460 56465 56468 56805 56809 56810 56815 56995 56996 57196 57202 57206
NODE_NUM = 50
FILE div_sub_1178.aig

# Subcircuit 1179
SUB_ID 1179
LO (11):  56514 56521 56548 56759 56760 56761 56780 57122 57143 57151 57159
LI (26):  81 83 85 55634 55643 55670 56114 56115 56116 56127 56509 56512 56523 56531 56541 56546 56550 56756 56765 56768 56774 56775 56995 56996 57142 57150
NODE_NUM = 46
FILE div_sub_1179.aig

# Subcircuit 1180
SUB_ID 1180
LO (15):  56550 56566 56573 56582 56591 56604 56605 56620 56627 56729 56756 57079 57119 57127 57135
LI (32):  75 80 81 55679 55688 55724 55742 55743 55831 56114 56115 56116 56127 56549 56555 56568 56572 56581 56590 56600 56626 56750 56751 56759 56760 56764 56995 56996 57076 57122 57130 57134
NODE_NUM = 49
FILE div_sub_1180.aig

# Subcircuit 1181
SUB_ID 1181
LO (13):  56638 56640 56656 56671 56675 56678 56679 56711 57005 57013 57039 57047 57055
LI (29):  67 70 71 27756 55760 55769 55778 55792 55794 55796 56114 56115 56116 56127 56636 56639 56645 56649 56658 56673 56677 56700 56705 56995 56996 57046 57048 57050 57054
NODE_NUM = 50
FILE div_sub_1181.aig

# Subcircuit 1182
SUB_ID 1182
LO (17):  56677 56700 56765 56768 56810 56848 56867 56945 56987 57000 57004 57012 57023 57031 57130 57202 57418
LI (35):  2 65 66 83 99 103 127 28345 56116 56134 56350 56384 56386 56528 56530 56667 56671 56675 56678 56679 56687 56689 56694 56699 56761 56764 56806 56809 56941 56944 56996 56998 57022 57024 57030
NODE_NUM = 50
FILE div_sub_1182.aig

# Subcircuit 1183
SUB_ID 1183
LO (23):  56988 56998 57021 57030 57054 57063 57068 57076 57103 57111 57134 57142 57150 57182 57191 57196 57206 57246 57255 57260 57278 57286 57294
LI (41):  1 56127 56132 56360 56369 56378 56405 56414 56459 56477 56486 56540 56567 56576 56586 56621 56630 56657 56666 56740 56744 56987 56995 56996 56997 57059 57062 57067 57075 57098 57102 57107 57110 57141 57149 57187 57190 57195 57251 57254 57259
NODE_NUM = 50
FILE div_sub_1183.aig

# Subcircuit 1184
SUB_ID 1184
LO (15):  57374 57380 57388 57396 57404 57412 57422 57446 57455 57463 57471 57479 57487 57495 57503
LI (37):  56127 56144 56153 56162 56171 56172 56180 56189 56216 56270 56960 56965 56970 56974 56995 56996 57379 57387 57395 57403 57411 57448 57450 57454 57456 57458 57462 57466 57470 57475 57478 57483 57486 57491 57493 57499 57501
NODE_NUM = 44
FILE div_sub_1184.aig

