# Subcircuit 0
SUB_ID 0
LO (100):  2436 2437 2438 2439 2440 2441 2442 2443 2444 2445 2446 2447 2448 2449 2450 2451 2452 2453 2454 2455 2456 2457 2458 2459 2460 2461 2462 2463 2464 2465 2466 2467 2468 2469 2470 2471 2472 2473 2474 2475 2476 2477 2478 2479 2480 2481 2482 2483 2484 2485 2486 2487 2488 2489 2490 2491 2492 2493 2494 2495 2496 2497 2498 2499 2500 2501 2502 2503 2504 2505 2506 2507 2508 2509 2510 2511 2512 2513 2514 2515 2516 2517 2518 2519 2520 2521 2522 2523 2524 2525 2526 2527 2528 2529 2530 2531 2532 2533 6272 14320
LI (98):  32 81 664 665 667 668 669 671 672 673 674 675 676 677 678 679 680 683 686 690 693 708 709 712 713 714 715 717 718 719 720 721 723 734 838 839 840 843 844 845 846 848 849 851 852 853 854 855 856 857 858 859 860 861 866 867 868 869 871 872 873 874 875 877 881 882 994 997 998 999 1001 1003 1004 1006 1007 1009 1010 1011 1012 1013 1014 1016 1017 1018 1019 1020 1021 1022 1023 1024 1025 1026 1027 1028 1031 1032 1033 1035
NODE_NUM = 100
FILE mem_ctrl_sub_0.aig

# Subcircuit 1
SUB_ID 1
LO (86):  2534 2535 2536 2537 2538 2539 2540 2541 2542 2543 2544 2545 2546 2547 2548 2549 2550 2551 2552 2553 2554 2555 2556 2557 2558 2559 2560 2561 2562 2563 2564 2565 2566 2567 2568 2569 2570 2571 2572 2573 2574 2575 2576 2577 2578 2579 2580 2581 2582 2583 2584 2585 2586 2587 2588 2589 2594 3194 3196 3232 3237 3286 3481 3625 3626 5918 5940 5941 5972 6371 6630 6761 7664 8239 9242 11556 11583 11584 13290 14134 15264 38925 38927 44737 44739 49451
LI (67):  1 2 3 4 5 6 7 8 9 10 11 12 13 14 15 16 17 18 19 20 21 22 26 27 28 29 30 79 113 128 216 217 222 227 228 230 300 303 311 333 466 467 468 470 471 472 473 474 475 476 478 809 823 834 835 894 930 995 996 1029 1034 1097 1145 3190 3229 3231 3234
NODE_NUM = 97
FILE mem_ctrl_sub_1.aig

# Subcircuit 2
SUB_ID 2
LO (44):  2596 3190 3227 3234 3257 3277 3295 3299 3303 3308 3354 3355 3360 3363 3364 3367 3433 3465 3548 3641 3642 3823 5943 6391 6407 6637 7660 7661 8247 9048 9190 10282 11142 11286 11559 13292 14132 15263 19052 37184 44728 45323 45390 47216
LI (25):  39 40 101 216 217 222 223 224 225 266 300 333 2594 3188 3194 3196 3226 3239 3255 3256 3272 3288 3290 3331 3351
NODE_NUM = 93
FILE mem_ctrl_sub_2.aig

# Subcircuit 3
SUB_ID 3
LO (24):  3188 3272 3283 3288 3290 3331 3445 3460 3478 3479 3483 3526 3593 4793 6273 6276 6277 6457 7557 7563 13287 21728 34746 44713
LI (42):  56 57 58 60 93 106 154 216 217 222 229 300 333 2594 2596 2992 3126 3183 3194 3250 3255 3256 3266 3267 3286 3295 3315 3321 3322 3327 3370 3380 3383 3392 3403 3408 3412 3426 3429 3442 3448 3451
NODE_NUM = 90
FILE mem_ctrl_sub_3.aig

# Subcircuit 4
SUB_ID 4
LO (36):  2599 2880 2901 2928 2939 2942 2944 2962 2963 2971 2976 2978 2983 2986 2987 3062 3068 3109 3145 3153 3161 3163 3171 3177 3181 3247 3255 3309 3312 3318 11674 11707 12185 12186 38228 38273
LI (26):  33 96 138 147 211 235 333 480 2647 2694 2873 2876 2879 2883 2893 2895 2898 2905 2921 2936 2938 2951 2953 2956 2960 2970
NODE_NUM = 95
FILE mem_ctrl_sub_4.aig

# Subcircuit 5
SUB_ID 5
LO (75):  2600 2601 2602 2603 2629 2630 2631 2633 2635 2636 2639 2643 2644 2646 2647 2650 2651 2653 2654 2655 2657 2658 2659 2660 2662 2669 2671 2680 2698 2699 2705 2708 2710 2791 2795 2799 2801 2802 2806 2811 2812 2843 2848 2849 2851 2855 2995 3023 3511 6281 6294 6303 7672 7676 7680 7681 9057 9058 9059 9198 9199 9271 9411 10307 10443 11166 11424 11620 11824 12347 14395 14640 15822 17243 17245
LI (23):  36 47 51 54 59 61 71 78 87 89 94 99 103 226 2628 2634 2637 2638 2640 2642 2645 2648 2649
NODE_NUM = 98
FILE mem_ctrl_sub_5.aig

# Subcircuit 6
SUB_ID 6
LO (39):  2604 2625 2627 2628 2676 2677 2679 2700 2701 2776 2790 2800 2807 2824 2859 2860 2874 2908 3091 6479 6480 6511 9073 9074 9191 9305 9326 9365 9408 9410 10310 10333 10337 11519 11521 13541 15791 15799 38516
LI (37):  33 41 52 64 65 66 72 73 82 87 108 109 2600 2623 2631 2633 2666 2675 2704 2711 2768 2787 2791 2799 2802 2806 2813 2817 2823 2827 2830 2838 2841 2846 2849 2851 2858
NODE_NUM = 99
FILE mem_ctrl_sub_6.aig

# Subcircuit 7
SUB_ID 7
LO (47):  2605 2623 2637 2688 2689 2690 2692 2694 2762 2768 2844 2845 2846 2861 2862 2873 2893 2898 2936 2938 2956 2960 2979 2980 2981 2992 3003 3004 3006 3019 3065 3070 3073 3519 6509 6521 6532 9311 9312 9313 10254 11550 12353 15048 34841 38277 38394
LI (51):  33 41 72 73 82 84 87 91 94 96 104 106 138 211 226 2622 2631 2633 2676 2679 2684 2687 2703 2758 2760 2767 2802 2806 2827 2843 2860 2869 2891 2934 2962 2970 2971 2978 2983 2987 3000 3001 6480 6481 6493 6500 6508 6511 6513 6524 6527
NODE_NUM = 99
FILE mem_ctrl_sub_7.aig

# Subcircuit 8
SUB_ID 8
LO (46):  2606 2622 2648 2749 2758 2759 2760 2766 2767 2841 3024 3027 3030 3044 3047 3050 3057 6481 6491 6493 7631 9055 9061 9077 9079 9086 9091 9092 9133 9274 9276 9282 9286 9292 9294 9356 9359 9378 9736 10313 10319 11236 11247 13275 15035 49280
LI (60):  25 33 37 59 68 69 70 72 73 91 94 2600 2615 2621 2625 2634 2643 2650 2651 2663 2746 2748 2751 2754 2757 2765 2840 2862 2869 2944 3003 3017 3019 3023 3026 3038 3387 6312 6480 6489 6490 9049 9057 9060 9064 9076 9078 9084 9088 9097 9104 9109 9111 9127 9132 9195 9268 9272 9273 9279
NODE_NUM = 99
FILE mem_ctrl_sub_8.aig

# Subcircuit 9
SUB_ID 9
LO (35):  2616 2617 2618 2620 2621 2738 2740 2742 2746 2748 2754 6489 9067 9076 9279 10308 10317 10318 10320 10328 10341 10348 10359 10398 10400 10407 10439 10440 11147 11151 11156 11599 13201 13207 15033
LI (54):  36 37 39 65 67 69 74 83 84 85 90 112 333 2615 2618 2620 2637 2730 2834 6482 9065 9068 9073 9075 9276 10307 10316 10319 10327 10332 10333 10336 10339 10340 10342 10352 10357 10393 10394 10395 10397 10399 10401 10410 10415 10420 10422 10426 10433 10436 11146 11150 11152 11155
NODE_NUM = 100
FILE mem_ctrl_sub_9.aig

# Subcircuit 10
SUB_ID 10
LO (51):  2614 2615 2730 2883 2946 2947 2949 2951 6336 6482 6616 6624 7610 7611 7614 7615 7616 7618 7645 7652 7654 7689 7700 7711 7713 8208 9050 9051 9084 10228 10264 10339 10401 11146 11152 11155 11167 11182 11185 11188 11191 11195 11198 11205 11223 38389 38390 38398 38423 38433 38438
LI (43):  37 46 49 50 62 76 77 83 86 89 90 105 123 830 1092 1094 2609 2667 2681 2715 2754 2882 2915 2947 2948 6334 7608 7609 7613 7630 7642 7644 7650 7672 9080 10319 10322 10336 10337 11166 11170 11177 11192
NODE_NUM = 100
FILE mem_ctrl_sub_10.aig

# Subcircuit 11
SUB_ID 11
LO (53):  2609 2634 2638 2642 2649 2663 2666 2683 2684 2686 2687 2704 2711 2715 2816 2817 2821 2822 2823 2826 2827 2833 2838 2911 2915 2917 2921 2934 2953 2996 2997 3000 3017 3038 3093 3097 3098 3133 3135 6290 6507 7633 9078 10551 10553 10566 10567 11162 12346 13547 17256 34790 34815
LI (47):  33 36 47 52 86 87 95 96 97 98 104 107 109 110 111 2640 2647 2659 2662 2664 2671 2676 2677 2680 2682 2685 2710 2811 2830 2837 2838 2841 2846 2849 2851 2891 2907 2909 2932 2995 3004 3009 3090 3092 3096 3127 6282
NODE_NUM = 100
FILE mem_ctrl_sub_11.aig

# Subcircuit 12
SUB_ID 12
LO (38):  2640 2667 2675 2697 2703 2834 2836 2837 2840 2864 2866 2867 2868 2869 2876 2932 3078 3090 3092 3095 3096 3126 3183 3244 3245 3252 3253 3265 3518 6526 6539 9094 9203 13343 14649 34783 34810 38391
LI (47):  33 41 48 73 92 96 97 138 154 211 235 2599 2629 2654 2673 2692 2699 2702 2862 2865 2874 2891 2939 2944 2970 2986 3003 3027 3044 3047 3062 3065 3077 3091 3097 3099 3100 3109 3111 3123 3138 3153 3165 3171 3177 3181 3251
NODE_NUM = 100
FILE mem_ctrl_sub_12.aig

# Subcircuit 13
SUB_ID 13
LO (53):  2670 2673 3450 3451 6312 6319 6456 6460 6461 6463 6472 6474 6475 6477 6478 6545 6549 6553 6577 6582 6649 6673 6717 6722 6725 6874 6875 6876 6877 7459 7471 7477 8620 9108 9130 10258 10297 10394 10436 11467 11475 13823 14592 14742 14857 15865 16641 17297 33692 34171 38419 38424 45594
LI (39):  33 39 40 52 56 57 58 60 63 75 96 199 229 300 2669 2672 2876 2932 3437 3519 6277 6280 6309 6311 6316 6324 6399 6404 6435 6440 6446 6453 6468 6471 6473 6542 6547 6552 6574
NODE_NUM = 93
FILE mem_ctrl_sub_13.aig

# Subcircuit 14
SUB_ID 14
LO (46):  2672 2681 2682 6309 9060 10420 10426 10456 10463 10464 10470 10472 10477 10495 10496 10499 10522 10535 10536 10542 10550 10554 10573 10578 10579 10580 10581 10608 10609 10624 10640 11073 11075 11078 11086 13393 13460 13461 13466 13483 13488 13491 13497 13620 13639 14368
LI (44):  36 40 42 45 48 52 59 73 76 92 94 102 229 2654 2671 2833 2836 2844 2857 2862 2869 2883 3078 3398 6291 6295 6300 6303 8262 9059 10419 10461 10462 10469 10492 10521 10532 10539 10547 10553 10557 10564 10572 10577
NODE_NUM = 86
FILE mem_ctrl_sub_14.aig

# Subcircuit 15
SUB_ID 15
LO (44):  2685 2857 2858 2891 3026 3138 3370 3378 3379 3380 3383 3387 3392 3394 3395 3399 3402 3405 3406 3434 3523 3525 3598 3614 3617 3657 4838 6439 6443 6710 7421 7493 7626 7627 9116 9628 10329 11121 12313 13356 13451 15853 34785 38310
LI (55):  33 40 55 71 73 76 88 93 96 97 155 229 2854 2856 2861 2862 2874 2876 2886 2888 2939 2995 3078 3135 3248 3299 3303 3354 3362 3363 3367 3398 3471 3489 3508 3509 3513 3520 3527 3532 3535 3557 3562 3569 3572 3578 3586 3594 3597 3608 3616 3627 3629 3651 3655
NODE_NUM = 93
FILE mem_ctrl_sub_15.aig

# Subcircuit 16
SUB_ID 16
LO (65):  2702 2757 2765 3397 3398 3424 3425 3426 3429 3505 3508 3509 3535 3557 3562 3568 3578 3580 3582 3653 6390 6399 6404 6406 6408 6435 7462 7489 7491 7492 7761 7762 9080 9121 9123 9141 9194 9195 9196 9197 9200 9201 9202 9204 9205 9206 9209 9210 9211 9215 9216 9813 9814 11173 13944 14111 14892 15061 15841 15861 16035 37048 38347 38561 42492
LI (53):  39 40 56 57 59 61 70 76 84 88 93 96 101 104 224 300 2602 2604 2623 2699 2701 3194 3250 3295 3355 3364 3423 3471 3500 3503 3554 3564 3565 3574 6367 6370 6377 6388 6389 6392 6403 6407 6433 6639 7461 7481 7680 9192 9193 9199 9203 9208 9214
NODE_NUM = 99
FILE mem_ctrl_sub_16.aig

# Subcircuit 17
SUB_ID 17
LO (33):  2787 2813 3009 6508 6513 6524 6574 6587 6588 6727 7606 9775 9801 10638 10830 11466 11549 11575 11826 11832 13198 13226 13542 14156 14700 14881 17242 34976 36283 38431 39585 43690 45363
LI (73):  40 56 71 73 82 91 92 94 95 98 101 103 220 233 315 2603 2627 2683 2812 2844 2944 2997 3008 3095 3425 6324 6466 6472 6480 6507 6527 6534 6540 6559 6562 6582 6583 6585 6592 6596 6599 6606 6646 6655 6686 6689 6695 6701 6707 6714 6717 6720 6725 8620 9129 11263 11455 11459 11460 11533 11535 11545 11565 11573 11824 11831 13195 13225 13541 14139 14143 14148 14154
NODE_NUM = 98
FILE mem_ctrl_sub_17.aig

# Subcircuit 18
SUB_ID 18
LO (13):  2830 2854 2865 11595 11659 11669 15872 38216 38222 38231 38232 38259 38263
LI (75):  48 52 57 71 76 96 97 111 128 138 333 1094 2676 2698 2699 2838 2841 2857 2859 2861 2862 2869 2874 2876 2891 2934 2949 2956 2995 3019 3078 3145 3379 3397 3520 3593 6427 7619 7644 7645 8620 10330 10439 11593 11645 11647 11650 11654 11661 11668 11674 11707 15780 15782 15800 15806 15811 15814 15822 15834 15837 15844 15848 15851 15855 15859 15862 15865 15871 38230 38234 38236 38247 38250 38260
NODE_NUM = 99
FILE mem_ctrl_sub_18.aig

# Subcircuit 19
SUB_ID 19
LO (41):  2856 6412 6427 6429 6431 6433 6660 6686 6850 6905 6914 6925 6927 6928 6936 6941 7642 7685 7686 7688 7692 7724 7725 7726 9039 10516 10543 13446 14199 14619 14809 14810 14811 14958 14959 15188 15189 15956 16023 42494 43064
LI (64):  39 52 88 97 143 229 251 300 968 1094 2855 3145 3250 3355 3538 6324 6360 6409 6413 6423 6424 6425 6426 6431 6464 6599 6659 6669 6671 6673 6675 6677 6684 6731 6750 6779 6785 6786 6791 6794 6798 6802 6809 6814 6820 6826 6832 6838 6841 6844 6848 6852 6890 6894 6895 6897 6901 6902 6923 7610 7626 7640 7683 7689
NODE_NUM = 100
FILE mem_ctrl_sub_19.aig

# Subcircuit 20
SUB_ID 20
LO (43):  2882 2905 7612 7613 7656 7658 7659 7663 7668 7671 7698 7701 7703 7704 7707 7721 7733 7757 7769 7771 7775 7778 7796 7801 7805 7807 7810 7825 7829 7975 7977 7997 8103 8149 8229 8260 8301 8836 12340 12594 16810 49069 49109
LI (38):  39 40 76 88 101 229 356 453 456 568 593 834 958 1092 1199 2903 2904 3250 6369 6390 6423 6611 7618 7654 7661 7664 7669 7696 7700 7705 7719 7732 7734 7756 7765 7793 7797 7798
NODE_NUM = 99
FILE mem_ctrl_sub_20.aig

# Subcircuit 21
SUB_ID 21
LO (25):  2884 2886 6300 6315 6316 6534 6542 6584 6585 6592 6596 6606 6779 6860 6869 6890 7076 7095 7098 7467 10250 10351 11211 34787 34814
LI (60):  33 36 40 71 73 94 101 229 233 842 2657 2700 2997 3095 6314 6324 6466 6532 6540 6549 6583 6590 6591 6599 6729 6742 6743 6744 6750 6754 6769 6777 6853 6854 6862 6864 6866 6883 6886 6981 6982 6987 6989 6998 7001 7012 7023 7035 7038 7044 7050 7056 7062 7066 7069 7074 7077 7078 7085 7094
NODE_NUM = 100
FILE mem_ctrl_sub_21.aig

# Subcircuit 22
SUB_ID 22
LO (33):  2888 2903 3267 3322 3351 6311 10738 10740 10821 10822 10827 10829 10837 10838 10839 10840 10842 10856 10885 10911 11013 11377 11719 11753 12276 12284 12290 14362 16638 16640 16642 16646 38294
LI (52):  36 40 41 96 138 199 211 226 233 300 830 951 2976 2986 3145 3224 3245 3250 3342 3363 6407 6423 10700 10705 10709 10734 10737 10745 10760 10779 10783 10785 10790 10805 10808 10812 10815 10820 10824 10826 10832 11671 11700 11708 11710 11718 11726 11728 11731 11737 11739 11741
NODE_NUM = 100
FILE mem_ctrl_sub_22.aig

# Subcircuit 23
SUB_ID 23
LO (61):  2904 6341 6342 6346 6360 6361 6367 6368 6369 6377 6388 6389 6464 6466 6471 6547 6598 6599 6646 6648 6653 6655 6684 6689 6693 6695 6701 6789 7460 9034 9037 13835 14285 14286 14292 14293 16799 16800 16801 16802 16804 16845 16846 16847 16848 17035 17449 17460 17461 17463 17470 35882 35883 36039 36200 36886 37099 37665 38463 42513 44705
LI (39):  39 40 55 76 88 93 101 216 224 300 615 617 1093 1094 3250 3355 3379 3398 6324 6338 6340 6345 6349 6358 6372 6384 6465 6468 6470 6546 6632 6641 6649 6651 9032 9033 9035 16794 16798
NODE_NUM = 99
FILE mem_ctrl_sub_23.aig

# Subcircuit 24
SUB_ID 24
LO (27):  2907 2909 7625 7629 7630 7640 7650 7669 7683 7995 8007 8011 8228 8287 8288 8289 8310 8324 8325 8326 8357 8502 8535 8576 8907 10507 12961
LI (51):  39 52 98 111 123 370 375 453 456 568 593 830 1094 1197 1199 1200 2636 2648 2908 6613 7577 7602 7619 7622 7623 7627 7631 7637 7649 7682 7694 7732 7734 7771 7797 7798 7801 7805 7979 7991 7997 8221 8222 8227 8254 8258 8270 8280 8286 8301 10501
NODE_NUM = 96
FILE mem_ctrl_sub_24.aig

# Subcircuit 25
SUB_ID 25
LO (46):  2948 3422 3423 3435 3436 3437 3442 3448 3569 3572 3586 3588 3589 3592 6426 6613 6617 6618 6620 6621 6625 6632 6639 6641 6742 6749 6750 6769 6772 6773 6775 6777 6794 6809 6814 6820 6826 6832 6834 6891 7727 9212 14217 38323 41230 41276
LI (49):  39 40 55 56 57 60 63 75 76 88 93 101 217 225 229 300 951 1092 1093 2944 3277 3295 3355 3379 3394 3398 3433 3434 3446 3503 3505 3568 3582 6333 6468 6552 6577 6611 6612 6616 6624 6630 6637 6651 6729 6733 6741 6761 6784
NODE_NUM = 100
FILE mem_ctrl_sub_25.aig

# Subcircuit 26
SUB_ID 26
LO (24):  2969 2970 3123 3541 3546 3547 3554 3758 3760 3811 3849 3850 3855 5518 5533 5534 5734 5764 5765 5980 6467 7522 7604 13474
LI (54):  39 40 57 63 76 88 152 153 162 167 216 229 300 3122 3364 3387 3422 3425 3437 3479 3538 3540 3549 3553 3589 3698 3704 3707 3708 3723 3729 3740 3756 3759 3768 3771 3775 3782 3786 3791 3795 3801 3807 3809 3814 3816 3819 3822 3823 3829 3834 3838 3843 3846
NODE_NUM = 98
FILE mem_ctrl_sub_26.aig

# Subcircuit 27
SUB_ID 27
LO (26):  3001 3008 3077 3099 3100 3111 3122 3127 3165 3226 3342 3412 3550 3553 3620 3623 3627 3707 3874 3892 3911 3926 3928 3929 3933 18916
LI (73):  40 54 87 96 106 110 138 143 147 152 155 199 211 216 217 226 229 235 300 333 842 2807 2824 2880 2901 2928 2939 2942 2976 2980 2981 2986 3006 3030 3050 3057 3062 3065 3068 3070 3073 3075 3076 3093 3098 3145 3161 3163 3208 3210 3213 3217 3218 3222 3224 3252 3255 3477 3549 3619 3622 3626 3698 3699 3704 3869 3871 3883 3887 3891 3910 3917 3920
NODE_NUM = 98
FILE mem_ctrl_sub_27.aig

# Subcircuit 28
SUB_ID 28
LO (22):  3210 3216 3217 3224 3538 3540 3920 4095 5505 5509 5531 6409 6665 6669 6784 6785 6923 7521 7566 7603 10234 13470
LI (65):  39 40 57 63 76 88 143 145 147 175 190 199 216 217 222 224 229 253 300 876 2963 3250 3364 3387 3422 3425 3437 3589 3869 3874 3887 3891 3918 3934 3946 3950 3959 3962 3970 3973 3979 3982 3988 3994 4001 4021 4023 4038 4047 4050 4054 4061 4065 4070 4074 4080 4086 4088 4093 5450 5501 5504 6663 6667 6783
NODE_NUM = 99
FILE mem_ctrl_sub_28.aig

# Subcircuit 29
SUB_ID 29
LO (32):  3229 3230 3231 3471 3500 3532 3564 3565 3608 3651 3655 3694 3723 3740 3756 3768 3771 3775 3782 3786 3791 3816 3819 3829 3834 3838 3843 3897 11256 39722 39725 40397
LI (43):  39 40 56 76 88 93 101 155 223 224 225 300 834 928 940 945 1146 1147 3355 3363 3364 3387 3422 3433 3467 3490 3496 3598 3604 3640 3643 3648 3653 3657 3666 3677 3683 3689 3692 3717 3735 3753 3814
NODE_NUM = 95
FILE mem_ctrl_sub_29.aig

# Subcircuit 30
SUB_ID 30
LO (47):  3239 3248 3249 3250 3251 3496 3503 3574 3597 3599 3600 3604 3616 3619 3621 3622 3629 3633 3634 3640 3648 3677 3683 3689 3692 3717 3729 3745 3753 3759 3795 3801 3807 3809 3814 3846 3865 3871 3879 3880 3902 3912 3918 4005 4006 4011 11470
LI (49):  56 57 63 106 147 155 216 217 224 225 229 235 236 240 285 300 2599 2676 2697 2855 2876 2996 3232 3237 3247 3283 3286 3425 3437 3480 3495 3502 3580 3589 3593 3603 3626 3698 3703 3704 3708 3716 3725 3727 3811 3849 3850 3855 3876
NODE_NUM = 100
FILE mem_ctrl_sub_30.aig

# Subcircuit 31
SUB_ID 31
LO (36):  3256 3266 3315 3321 3327 3362 3403 3408 3446 3467 3477 3480 3489 3490 3495 3502 3513 3520 3527 3549 3594 3603 3643 4479 4480 4482 6402 6403 34939 34947 34955 35064 35071 35079 36275 36303
LI (97):  39 40 52 56 63 71 75 88 106 155 202 203 204 205 206 207 216 219 221 222 223 224 225 229 253 277 300 333 940 1147 2589 2599 3133 3145 3244 3252 3253 3255 3265 3308 3309 3312 3318 3320 3326 3360 3402 3405 3406 3445 3465 3476 3479 3481 3483 3485 3487 3494 3511 3518 3519 3526 3548 3592 3593 3642 4376 4478 34745 34746 34759 34762 34770 34773 34779 34928 34938 34940 34942 34946 34948 34950 34954 34973 34980 34985 35054 35063 35066 35070 35072 35074 35078 36270 36274 36298 36302
NODE_NUM = 100
FILE mem_ctrl_sub_31.aig

# Subcircuit 32
SUB_ID 32
LO (19):  3698 3699 3703 3704 3708 3716 3725 3727 3735 3822 7511 7514 7564 13824 14175 14184 15898 38334 49424
LI (63):  39 40 56 57 63 76 88 93 101 152 216 217 222 223 225 275 928 955 1146 2589 3283 3422 3465 3478 3525 3593 3617 3697 6276 6280 6404 6438 6452 7504 7506 7513 7518 7519 7523 7536 7539 7541 7544 7547 7554 7559 7563 9121 9130 10323 13809 13816 13823 14130 14171 15877 15886 15888 15891 38321 38324 38329 38333
NODE_NUM = 93
FILE mem_ctrl_sub_32.aig

# Subcircuit 33
SUB_ID 33
LO (48):  3869 3891 3946 3959 3962 3970 3973 3979 3982 3988 3994 4001 4021 4038 4047 4050 4054 4061 4065 4070 4074 4080 4086 4093 10323 10324 10325 10326 10327 10454 11165 11210 11216 11262 11263 11269 11486 11487 11507 38660 38673 38822 38893 38894 38895 38896 42788 45514
LI (61):  39 56 57 63 76 88 93 101 216 222 300 945 1144 1156 2589 2667 2681 3355 3364 3387 3422 3425 3437 3565 3589 3868 3892 3917 3931 3932 3937 3967 3984 3990 3996 4000 4015 4020 4023 4092 6427 7621 8620 10322 10335 10450 10452 11164 11198 11202 11207 11214 11268 11485 11506 38581 38616 38659 38667 38669 38818
NODE_NUM = 100
FILE mem_ctrl_sub_33.aig

# Subcircuit 34
SUB_ID 34
LO (23):  3876 3883 3887 3910 3917 3931 3932 3934 3937 3950 3967 3984 3990 3996 4000 4015 4020 4022 4023 4088 4092 4237 4282
LI (68):  39 40 56 76 88 93 101 147 217 222 223 224 225 229 239 253 265 285 300 1144 2599 2970 3229 3250 3257 3355 3364 3387 3422 3425 3437 3523 3589 3593 3600 3614 3633 3745 3874 3879 3880 3887 3897 3900 3902 3911 3912 3926 3928 3929 3933 3936 4005 4006 4008 4011 4144 4150 4165 4177 4191 4221 4227 4233 4236 4268 4275 4279
NODE_NUM = 100
FILE mem_ctrl_sub_34.aig

# Subcircuit 35
SUB_ID 35
LO (12):  4144 4165 4177 4191 4221 4227 4233 4236 4268 4275 4279 4322
LI (37):  39 40 56 57 63 76 88 93 101 216 250 300 933 2589 3355 3364 3387 3422 3425 3437 3589 3593 3634 4098 4119 4122 4142 4143 4150 4161 4172 4187 4237 4248 4255 4271 4282
NODE_NUM = 100
FILE mem_ctrl_sub_35.aig

# Subcircuit 36
SUB_ID 36
LO (27):  4098 4119 4142 4143 4150 4161 4172 4187 4248 4255 4271 35571 35988 36001 37620 38209 38608 38611 38632 38690 38798 38962 38963 38981 40991 41005 41009
LI (50):  40 106 173 208 214 217 222 224 225 229 263 300 1143 2589 2599 3478 3523 3599 3614 3619 3621 3633 3758 4106 4115 4118 4130 4134 4136 4140 4152 4157 4158 4182 4246 8620 35569 35987 36000 37618 38207 38591 38594 38604 38605 38607 38630 38631 38636 38689
NODE_NUM = 95
FILE mem_ctrl_sub_36.aig

# Subcircuit 37
SUB_ID 37
LO (15):  4118 4122 4130 4134 4136 4140 4152 4182 4326 4349 4368 4376 4397 4449 4453
LI (46):  39 40 56 57 63 76 88 93 101 216 217 222 223 224 225 263 278 300 933 936 1143 2589 3229 3250 3355 3364 3387 3422 3425 3437 3547 3589 3600 4135 4138 4325 4345 4348 4351 4355 4361 4364 4372 4383 4394 4408
NODE_NUM = 100
FILE mem_ctrl_sub_37.aig

# Subcircuit 38
SUB_ID 38
LO (31):  4325 4345 4348 4394 4478 4545 5026 5074 5076 5079 5090 5093 5116 5123 5129 9142 9143 9163 9178 9179 9184 9185 9613 9636 9809 15081 16026 16170 16356 16357 16358
LI (59):  39 57 63 88 101 170 172 187 216 222 229 300 862 1142 2589 3355 3425 3437 3523 3589 3621 4326 4329 4341 4344 4349 4368 4381 4456 4458 4465 4476 4482 4489 4494 4497 4500 4508 4511 4517 4520 4524 4530 4536 4538 4543 5003 5021 5024 5025 5046 5053 5058 5067 6402 7606 9141 9160 16337
NODE_NUM = 100
FILE mem_ctrl_sub_38.aig

# Subcircuit 39
SUB_ID 39
LO (35):  4329 4341 4344 4351 4355 4361 4364 4372 4381 4383 4408 4456 4458 4465 4476 4489 4494 4497 4500 4508 4511 4517 4520 4524 4530 4536 4538 4543 15415 15418 15428 15437 16323 16324 16364
LI (60):  39 56 57 63 76 88 93 101 106 172 175 194 216 217 222 223 224 225 229 242 271 300 862 1142 2599 3229 3250 3355 3364 3387 3422 3425 3437 3589 3593 3600 3614 3619 3633 3745 4011 4326 4344 4358 4360 4380 4397 4406 4449 4453 4479 4505 6324 9190 14588 14857 15417 15424 15427 15434
NODE_NUM = 91
FILE mem_ctrl_sub_39.aig

# Subcircuit 40
SUB_ID 40
LO (11):  4406 4505 4549 4620 4679 4706 4720 4728 4745 4751 4757
LI (39):  39 40 56 57 63 76 88 93 101 172 216 229 300 862 922 2589 3355 3364 3387 3422 3425 3437 3547 3589 4405 4480 4548 4568 4571 4591 4592 4599 4606 4617 4631 4677 4690 4697 4702
NODE_NUM = 92
FILE mem_ctrl_sub_40.aig

# Subcircuit 41
SUB_ID 41
LO (16):  4548 4566 4568 4571 4583 4585 4591 4592 4599 4606 4617 4631 4690 4697 4702 4768
LI (55):  39 40 56 76 88 93 101 106 171 216 217 222 223 224 225 229 283 300 870 1141 2589 2599 3355 3364 3387 3422 3523 3614 3619 3621 3633 3643 4011 4549 4564 4567 4579 4581 4583 4585 4589 4603 4604 4629 4679 4681 4688 4706 4709 4720 4728 4749 4755 4762 4766
NODE_NUM = 99
FILE mem_ctrl_sub_41.aig

# Subcircuit 42
SUB_ID 42
LO (68):  4579 4581 4589 4603 14589 14590 14612 14615 14616 14620 14621 14624 14626 14628 14629 14663 14664 14665 14669 14670 14672 14676 14679 14680 14681 14682 14683 14684 14686 14691 14717 14732 14733 14734 14735 14755 14831 14877 14887 14888 14913 14915 14925 14930 14932 14964 14976 15114 15304 15305 15306 15329 15367 15461 15579 15769 15771 15912 16027 16243 16437 16441 16447 16449 16525 16531 16609 37037
LI (40):  39 52 88 101 143 145 171 223 224 225 229 233 300 870 922 1141 3229 3250 3600 4578 4583 4585 6324 8620 9242 14588 14595 14599 14611 14618 14619 14636 14644 14650 14661 14668 14675 14810 16440 16446
NODE_NUM = 98
FILE mem_ctrl_sub_42.aig

# Subcircuit 43
SUB_ID 43
LO (26):  4629 4677 4709 4749 4755 4762 4766 4770 4783 4834 4837 4861 4862 4898 4904 4910 4914 4917 4919 4928 4943 4948 4980 4986 4992 4996
LI (42):  56 57 63 101 171 217 222 229 249 282 300 870 3355 3425 3437 3547 3589 3593 3634 3745 3760 4566 4620 4628 4745 4751 4757 4760 4778 4781 4788 4790 4791 4796 4800 4821 4824 4829 4843 4847 4851 4860
NODE_NUM = 83
FILE mem_ctrl_sub_43.aig

# Subcircuit 44
SUB_ID 44
LO (6):  4778 4788 4790 4829 4851 4999
LI (59):  39 40 57 63 76 88 216 217 222 300 834 921 1140 3364 3387 3422 3425 3437 3589 3593 3617 3760 4775 4777 4779 4783 4787 4821 4827 4837 4861 4862 4874 4878 4885 4889 4894 4898 4904 4910 4915 4917 4919 4925 4926 4931 4934 4939 4943 4948 4956 4960 4967 4971 4976 4980 4986 4992 4997
NODE_NUM = 99
FILE mem_ctrl_sub_44.aig

# Subcircuit 45
SUB_ID 45
LO (33):  4779 4781 4787 4791 4796 4800 4821 4824 4827 4847 4860 4925 4926 4931 4934 4956 4960 4967 4971 4976 10073 10075 10226 12337 14010 14129 14167 14171 16501 16559 16560 16561 16598
LI (70):  35 39 40 56 75 76 80 88 93 101 149 216 217 224 300 863 921 2599 3229 3283 3355 3364 3387 3422 3478 3600 3617 3633 3643 3758 3759 4793 4807 4809 4810 4815 4928 7606 9141 9873 9880 9883 9904 10071 10072 10102 10201 10213 10218 10221 12184 12328 12333 12334 14009 14121 14125 14126 14130 14166 14588 14711 16005 16326 16460 16466 16474 16493 16500 16555
NODE_NUM = 100
FILE mem_ctrl_sub_45.aig

# Subcircuit 46
SUB_ID 46
LO (25):  4807 4809 4810 4815 4843 4874 4878 4885 4889 4894 4915 4939 4997 5003 5024 5046 5053 5067 5133 5148 5155 5199 5205 5211 7519
LI (61):  39 40 56 57 63 76 88 93 101 216 217 223 224 225 248 282 300 863 941 1140 2589 3229 3283 3364 3387 3422 3425 3437 3589 3623 4770 4834 4838 4842 4914 4937 4996 5002 5022 5025 5026 5028 5032 5038 5041 5049 5060 5079 5085 5090 5093 5097 5104 5108 5113 5117 5123 5129 5131 5144 5151
NODE_NUM = 95
FILE mem_ctrl_sub_46.aig

# Subcircuit 47
SUB_ID 47
LO (16):  5002 5021 5022 5025 5038 5041 5049 5058 5060 5085 5144 5151 5161 5162 5222 49502
LI (62):  39 56 57 63 76 88 93 101 106 170 216 217 222 223 225 229 270 300 878 1139 2589 2599 3355 3364 3387 3422 3425 3437 3523 3600 3614 3619 3621 3633 3745 4011 5003 5018 5021 5035 5037 5057 5074 5083 5133 5135 5142 5156 5160 5167 5177 5182 5185 5188 5194 5197 5199 5203 5205 5209 5216 5220
NODE_NUM = 100
FILE mem_ctrl_sub_47.aig

# Subcircuit 48
SUB_ID 48
LO (28):  5028 5032 5057 5083 5097 5104 5108 5113 5117 5131 5156 5160 5182 5216 5220 5226 5249 5268 5286 5297 5318 5322 5327 5333 5336 5353 5379 5397
LI (50):  39 40 56 63 76 93 101 170 216 223 224 229 247 300 878 934 1139 2589 3229 3250 3355 3364 3387 3422 3547 3589 3593 3643 5053 5056 5074 5076 5116 5148 5155 5161 5162 5211 5214 5225 5245 5248 5251 5255 5261 5264 5272 5283 5294 5308
NODE_NUM = 99
FILE mem_ctrl_sub_48.aig

# Subcircuit 49
SUB_ID 49
LO (13):  5225 5243 5245 5248 5257 5261 5264 5272 5283 5294 5308 5445 49510
LI (61):  39 40 57 63 76 88 106 169 216 217 222 223 225 229 281 300 879 1138 2589 2599 3364 3387 3422 3425 3437 3523 3589 3600 3614 3619 3621 3633 4011 5226 5241 5244 5249 5258 5260 5268 5280 5281 5306 5356 5358 5365 5376 5379 5389 5394 5397 5400 5404 5411 5415 5420 5424 5430 5436 5438 5443
NODE_NUM = 100
FILE mem_ctrl_sub_49.aig

# Subcircuit 50
SUB_ID 50
LO (29):  5251 5255 5258 5280 5306 5356 5389 5400 5404 5411 5415 5420 5424 5430 5436 5438 5443 5449 5472 5493 5499 5500 5517 5547 5555 5572 5578 5584 5635
LI (59):  39 40 56 57 63 76 88 93 101 169 216 223 224 225 229 241 300 879 929 1138 2589 3229 3250 3355 3364 3387 3422 3425 3437 3547 3589 3593 3745 5243 5257 5279 5286 5297 5318 5322 5324 5327 5333 5336 5340 5342 5348 5353 5355 5379 5448 5468 5471 5474 5479 5483 5485 5496 5509
NODE_NUM = 96
FILE mem_ctrl_sub_50.aig

# Subcircuit 51
SUB_ID 51
LO (12):  5448 5450 5468 5471 5525 5592 5620 5643 5660 5666 5672 49518
LI (41):  39 40 56 57 63 76 88 93 101 216 217 222 246 267 300 1137 2589 3355 3364 3387 3422 3425 3437 3589 3593 5449 5466 5472 5493 5499 5500 5517 5520 5540 5547 5555 5572 5578 5584 5601 5610
NODE_NUM = 84
FILE mem_ctrl_sub_51.aig

# Subcircuit 52
SUB_ID 52
LO (16):  5466 5474 5496 5501 5520 5540 5601 5610 5681 5730 5757 5787 5791 5823 5841 5870
LI (67):  39 40 76 88 101 106 167 216 217 222 224 229 300 876 2599 3227 3257 3355 3364 3523 3600 3614 3620 3621 3633 5449 5450 5453 5456 5465 5471 5505 5518 5538 5592 5594 5597 5626 5635 5638 5646 5649 5655 5658 5664 5670 5676 5679 5709 5713 5720 5723 5728 5744 5747 5756 5759 5777 5782 5789 5792 5798 5801 5807 5813 5819 5822
NODE_NUM = 100
FILE mem_ctrl_sub_52.aig

# Subcircuit 53
SUB_ID 53
LO (32):  5479 5483 5485 5504 5538 5626 5638 5646 5649 5655 5658 5664 5670 5676 5679 5685 5708 5709 5713 5720 5744 5756 5777 5807 5813 5819 5822 5857 5897 5903 5909 5914
LI (54):  39 56 57 63 76 88 93 101 167 216 223 224 225 229 245 246 267 300 876 939 1137 2589 2599 3229 3250 3355 3364 3387 3422 3425 3437 3589 3593 3634 5478 5499 5525 5531 5533 5534 5536 5620 5643 5660 5666 5672 5684 5704 5707 5712 5719 5740 5752 5773
NODE_NUM = 98
FILE mem_ctrl_sub_53.aig

# Subcircuit 54
SUB_ID 54
LO (11):  5684 5704 5707 5728 5732 5740 5752 5773 5916 49438 49460
LI (61):  39 40 57 63 76 88 106 162 216 217 222 229 280 300 880 1136 2589 2599 3257 3364 3387 3422 3425 3437 3523 3589 3593 3614 3620 3621 5685 5689 5692 5701 5702 5708 5730 5734 5736 5738 5750 5769 5771 5823 5825 5828 5832 5841 5845 5860 5863 5870 5873 5877 5884 5888 5893 5897 5903 5909 5914
NODE_NUM = 99
FILE mem_ctrl_sub_54.aig

# Subcircuit 55
SUB_ID 55
LO (42):  5712 5719 5723 5736 5769 5792 5798 5801 5845 5860 5863 5873 5877 5884 5888 5893 5919 5938 5949 5959 5960 5973 5974 5979 5984 5999 6007 6061 6077 6084 6087 6091 6098 6102 6107 6137 6138 6145 6156 6207 6223 45316
LI (52):  39 40 56 76 93 101 162 217 223 224 225 229 280 300 834 880 931 1136 2599 3229 3231 3250 3355 3364 3387 3422 3478 3540 3633 4022 5718 5730 5732 5734 5757 5764 5765 5767 5787 5791 5796 5857 5918 5937 5941 5943 5948 5950 5956 5971 5972 5983
NODE_NUM = 89
FILE mem_ctrl_sub_55.aig

# Subcircuit 56
SUB_ID 56
LO (15):  5933 5937 5948 5971 5983 6029 6053 6068 6069 6083 6153 6208 6220 6271 49422
LI (64):  88 106 153 217 225 229 300 847 1135 3523 3600 3614 3621 3633 5919 5922 5925 5933 5936 5940 5941 5947 5964 5965 5973 5980 5990 5993 5999 6002 6010 6013 6019 6022 6028 6044 6047 6051 6054 6063 6072 6077 6088 6095 6098 6104 6107 6113 6119 6125 6128 6201 6204 6213 6218 6227 6234 6237 6243 6246 6252 6258 6264 6267
NODE_NUM = 100
FILE mem_ctrl_sub_56.aig

# Subcircuit 57
SUB_ID 57
LO (26):  5936 5947 5950 5956 6063 6204 39794 40507 40644 41386 41600 41633 41831 41837 41853 41855 41860 42132 44724 44726 44745 44767 44787 49445 49459 49516
LI (71):  40 210 214 217 222 223 225 231 238 279 1148 1149 1150 3227 3230 3641 5955 6059 6061 6134 8620 39792 40303 40333 40364 40492 40506 40553 40558 40559 40562 40598 40639 40643 41334 41335 41347 41351 41364 41383 41445 41542 41556 41567 41579 41583 41590 41599 41603 41608 41612 41618 41620 41623 41632 41790 41793 41796 41816 41829 41835 41836 41846 41848 41851 41854 41859 44725 44731 44733 44742
NODE_NUM = 98
FILE mem_ctrl_sub_57.aig

# Subcircuit 58
SUB_ID 58
LO (24):  5955 5964 5965 5990 5993 6002 6010 6013 6019 6022 6028 6044 6054 6059 6072 6088 6095 6104 6113 6119 6125 6128 6134 6201
LI (63):  39 40 56 57 63 76 88 93 101 106 153 225 229 243 300 847 2599 3250 3355 3364 3387 3422 3425 3437 3541 3546 3589 3593 3599 3634 3641 5933 5938 5940 5949 5959 5960 5963 5974 5979 5984 6007 6029 6053 6068 6069 6083 6084 6087 6091 6102 6134 6143 6151 6160 6167 6170 6176 6179 6185 6191 6197 6200
NODE_NUM = 98
FILE mem_ctrl_sub_58.aig

# Subcircuit 59
SUB_ID 59
LO (27):  6143 6151 6160 6167 6170 6176 6179 6185 6191 6197 6200 6213 6218 6227 6234 6237 6243 6246 6252 6258 6264 6267 6278 6280 6437 6438 6440
LI (44):  39 40 56 57 63 76 88 93 101 216 243 300 3244 3355 3364 3387 3422 3425 3436 3437 3589 3593 3634 6137 6138 6145 6153 6156 6157 6163 6174 6183 6189 6195 6207 6208 6220 6223 6224 6231 6248 6254 6260 6439
NODE_NUM = 100
FILE mem_ctrl_sub_59.aig

# Subcircuit 60
SUB_ID 60
LO (39):  6282 6291 6295 9353 9369 9393 9399 9434 9437 9438 9463 9472 9481 9485 9492 9504 9513 9730 9731 9732 9733 9734 9739 9742 9749 9750 9751 9753 9754 9759 9760 9762 9763 9766 9770 10246 13894 14083 16306
LI (39):  48 91 96 175 181 184 194 199 300 2698 2800 6281 6290 6294 6324 6477 6478 9330 9352 9368 9373 9388 9392 9398 9433 9436 9462 9471 9480 9484 9491 9503 9719 9727 9729 9736 9738 9741 9747
NODE_NUM = 100
FILE mem_ctrl_sub_60.aig

# Subcircuit 61
SUB_ID 61
LO (54):  6313 6314 9056 9064 9109 9320 9329 9330 9351 9352 9368 9373 9386 9388 9392 9395 9396 9398 9433 9436 9455 9459 9462 9466 9471 9479 9480 9484 9490 9491 9501 9502 9503 9536 9554 9575 9941 9942 11875 11878 11883 11884 11969 11970 11994 12058 12204 13861 13870 13877 13879 13892 13900 16656
LI (36):  33 36 41 96 175 184 199 2599 2625 2637 2866 6324 9054 9055 9062 9088 9108 9191 9282 9319 9324 9325 9328 9347 9349 9350 9358 9359 9365 9380 9397 9432 9454 9458 9498 9500
NODE_NUM = 85
FILE mem_ctrl_sub_61.aig

# Subcircuit 62
SUB_ID 62
LO (62):  6324 6349 6352 6358 6384 6465 6468 6470 6546 6651 6663 6667 6671 6675 6677 6729 6731 6733 6741 6743 6754 6783 6786 6798 6802 6841 6848 6852 6853 6854 6856 6859 6862 6879 6894 6901 6902 6907 6911 6930 6970 6973 6976 10301 19295 19297 21061 21077 21251 34751 34766 34773 34797 34798 34800 34868 34878 34912 34958 34959 34968 34991
LI (40):  31 40 56 58 60 143 229 253 300 333 469 588 603 908 948 971 3145 3244 3425 3450 3478 6342 6345 6357 6360 6380 6382 6461 6463 6467 6470 6545 6552 6588 6666 6722 6781 6801 6876 6877
NODE_NUM = 100
FILE mem_ctrl_sub_62.aig

# Subcircuit 63
SUB_ID 63
LO (41):  6325 6329 6331 6338 6370 6372 6392 6610 6611 9213 9214 9218 9219 9222 9238 9245 9246 9257 9260 9653 9673 9674 9675 9676 9687 9688 9712 9806 9881 10016 10031 10365 12149 13938 13951 14821 14971 15085 15244 16261 16795
LI (59):  39 40 55 75 76 88 101 153 155 175 233 288 300 836 985 1093 2944 3422 3450 6324 6327 6330 6337 6368 6371 6384 6391 6609 9140 9141 9150 9158 9176 9189 9191 9192 9205 9211 9212 9217 9230 9234 9236 9242 9250 9252 9256 9605 9610 9618 9630 9641 9643 9650 9652 9660 9663 9669 9684
NODE_NUM = 100
FILE mem_ctrl_sub_63.aig

# Subcircuit 64
SUB_ID 64
LO (27):  6327 10393 11502 11529 11532 11709 11710 14186 14195 14196 14230 14245 14247 14251 14252 14290 14297 14304 14309 14568 16884 16885 16887 16889 42519 42522 45389
LI (41):  39 40 88 101 121 216 224 253 300 980 1002 1093 1094 6325 6337 6358 6361 6367 6384 6609 7703 7719 8239 8247 10361 10365 10377 10391 10439 11192 11500 14185 14187 14188 14192 14194 14214 14216 14218 14244 16883
NODE_NUM = 100
FILE mem_ctrl_sub_64.aig

# Subcircuit 65
SUB_ID 65
LO (22):  6330 14121 14126 15453 15457 15458 15459 15475 15768 16100 16165 16166 16173 16182 16206 16207 31459 42509 42520 42524 42527 44812
LI (77):  39 40 55 75 119 191 233 253 300 836 951 3363 3394 3435 6333 6361 6367 6384 6609 6620 6621 8620 13290 13292 13842 13860 13963 13988 14007 14018 14022 14025 14026 14039 14091 14095 14103 14117 14124 14892 15084 15268 15295 15391 15392 15421 15452 15456 15463 15467 15471 15611 15613 15698 15739 15756 15767 16062 16069 16094 16099 16106 16131 16141 16147 16150 16159 16160 16161 16167 16171 16172 16181 42508 42513 42519 42522
NODE_NUM = 100
FILE mem_ctrl_sub_65.aig

# Subcircuit 66
SUB_ID 66
LO (26):  6333 6337 6612 7608 7705 8214 8221 8258 8270 8286 8453 8478 8492 9017 9032 14192 14276 14280 14339 14438 14456 14515 14521 14540 16816 17306
LI (60):  39 76 88 101 121 218 825 830 1094 2882 3355 3379 6336 7607 7731 8205 8211 8213 8218 8262 8263 8285 8410 8451 8455 8476 8620 8835 8977 9016 9025 9030 14186 14267 14275 14279 14304 14316 14321 14338 14340 14349 14350 14351 14357 14360 14362 14365 14368 14372 14435 14447 14450 14457 14464 14467 14505 14508 14512 14516
NODE_NUM = 99
FILE mem_ctrl_sub_66.aig

# Subcircuit 67
SUB_ID 67
LO (45):  6334 6340 15295 15471 16843 16854 16855 16856 16860 16865 16866 16868 16869 16875 16878 16930 16948 16972 16973 16992 16996 17002 17003 17013 17068 17437 17440 17441 17444 17446 17467 17571 17581 33649 36074 36076 36098 36199 36333 37134 37166 37381 37447 37918 38006
LI (46):  88 141 216 224 300 604 615 617 643 681 825 1092 3227 3625 6358 6384 7606 15073 15286 15287 15289 15469 16826 16840 16842 16844 16845 16846 16847 16849 16858 16863 16867 16872 16911 16929 16937 16947 16955 16956 16964 16965 16985 16991 17000 17012
NODE_NUM = 98
FILE mem_ctrl_sub_67.aig

# Subcircuit 68
SUB_ID 68
LO (55):  6343 6344 6345 6666 16837 16839 16840 16841 16842 16857 16858 16867 16929 16939 16945 16947 16999 17000 17023 17041 17042 17044 17045 17050 17060 17062 17090 17093 17101 17466 17477 17478 17589 36036 36037 36060 36202 36452 36454 36582 36599 36727 37064 37078 37080 37106 37236 37278 37371 37437 37461 37672 37793 37913 38001
LI (47):  141 216 224 300 615 617 643 662 663 681 682 762 3227 3625 6341 6358 6384 6665 16801 16802 16803 16825 16826 16828 16832 16849 16902 16919 16927 16936 16942 16944 16973 16976 16988 17003 17011 17021 17029 17033 17036 17040 17046 17049 17058 17068 17082
NODE_NUM = 96
FILE mem_ctrl_sub_68.aig

# Subcircuit 69
SUB_ID 69
LO (23):  6357 7077 7085 7172 7173 7179 7181 7200 7201 7256 7261 7264 17493 17494 17495 17496 17500 17504 17505 17508 21160 21267 21268
LI (43):  39 40 55 56 58 60 75 76 88 93 101 216 300 961 964 3355 3379 3394 3398 3450 3625 6352 6356 6710 6852 6893 6902 7079 7080 7081 7101 7102 7103 7111 7123 7124 7167 7177 17434 17454 17475 17482 17497
NODE_NUM = 100
FILE mem_ctrl_sub_69.aig

# Subcircuit 70
SUB_ID 70
LO (52):  6356 6380 6382 6414 6415 6418 6420 6421 6422 6423 6424 6659 9043 9049 9120 9127 10231 10232 10306 10462 10521 10643 10644 10645 10646 10650 10652 10653 10655 10656 10657 10658 10661 10718 10741 10895 11080 11081 11085 11115 11240 13366 13388 13410 13623 13634 13635 13676 13680 13772 13781 15836
LI (61):  40 42 43 45 55 60 73 93 100 102 114 115 117 253 684 962 968 970 971 972 973 975 976 978 979 3387 6407 6412 6417 6419 6421 7607 7731 9040 9041 9042 9048 9118 9119 9123 9125 10227 10230 10236 10284 10288 10298 10305 10456 10477 10492 10499 10520 10599 10605 10610 10618 10631 10636 10642 10647
NODE_NUM = 100
FILE mem_ctrl_sub_70.aig

# Subcircuit 71
SUB_ID 71
LO (17):  6417 11066 11272 11273 11289 11311 11312 11314 11332 11340 11341 11342 11347 11356 11359 11418 13716
LI (51):  39 40 43 44 53 76 101 115 229 3398 6407 6419 7731 8620 10717 10798 10917 10918 10921 10923 10926 10930 10936 10951 10954 10955 10963 10970 10982 10987 10988 10993 10997 11004 11011 11017 11022 11026 11033 11039 11044 11049 11056 11065 11271 11276 11287 11298 11304 11305 11313
NODE_NUM = 100
FILE mem_ctrl_sub_71.aig

# Subcircuit 72
SUB_ID 72
LO (42):  6419 6425 6446 6452 6453 6458 6459 6473 7504 10433 10466 10469 10570 10572 10577 10589 10599 10604 10605 10631 10688 10700 10893 11069 11100 13496 13613 13628 13723 13727 13767 15833 15891 17263 17264 17266 17274 38321 38329 38333 38575 39532
LI (71):  23 36 40 41 45 56 57 60 63 73 75 76 100 102 114 115 116 117 130 229 251 253 842 1091 2658 2866 2874 3247 3588 3593 6273 6276 6278 6280 6443 6452 6539 7502 7506 7700 10464 10465 10522 10550 10555 10568 10569 10573 10575 10581 10598 10603 10621 10625 10629 10644 10645 10646 10653 10682 10694 10697 13823 17251 17258 17261 17265 38302 38317 38568 39527
NODE_NUM = 98
FILE mem_ctrl_sub_72.aig

# Subcircuit 73
SUB_ID 73
LO (21):  6500 6527 6540 11617 12126 13618 14674 14675 14704 14705 14706 14722 14723 14724 14752 15069 16056 16062 16259 26043 38568
LI (83):  39 40 52 55 59 71 73 87 91 96 103 109 111 143 180 300 2600 2601 2631 2633 2687 2698 2704 2711 2790 2799 2802 2806 2813 2817 2823 2827 2830 2838 2841 2845 2857 2861 2862 2876 2995 3019 3078 3394 3519 6324 6404 6437 6526 6539 7496 7500 7606 8620 9130 10325 11596 11611 11615 12124 13609 13616 14672 14673 14695 14703 14715 14718 14721 14730 14747 15025 15030 15041 15046 15049 15056 15061 15822 38516 38545 38557 38561
NODE_NUM = 100
FILE mem_ctrl_sub_73.aig

# Subcircuit 74
SUB_ID 74
LO (26):  6552 6559 6562 6583 7637 9610 9780 9783 9850 10201 10218 10483 10492 10598 10629 10824 11647 11661 12190 12191 13360 13378 13439 14154 38430 44892
LI (79):  34 39 40 48 55 73 75 88 92 97 101 146 153 162 181 182 183 211 233 955 2638 2673 2710 2826 2947 3355 3363 3394 6477 6509 6521 7603 7631 7633 9140 9158 9172 9176 9641 9684 9688 9718 9731 9762 9778 9779 9785 9787 9799 9801 9806 9809 9819 9839 9846 9902 9906 10128 10136 10140 10141 10144 10148 10177 10184 10197 10439 10481 10489 10594 10628 12188 13353 13357 14147 14152 38419 38422 38426
NODE_NUM = 100
FILE mem_ctrl_sub_74.aig

# Subcircuit 75
SUB_ID 75
LO (13):  6590 6864 7268 7364 7456 7481 9543 9560 9605 9980 10002 10008 16307
LI (74):  40 101 150 159 160 233 300 7179 7182 7185 7190 7193 7195 7204 7215 7227 7230 7236 7242 7248 7254 7258 7261 7266 7275 7278 7281 7286 7289 7291 7300 7311 7323 7326 7332 7338 7344 7350 7354 7357 7362 7371 7380 7383 7386 7391 7394 7396 7403 7416 7419 7424 7430 7436 7442 7446 7449 7454 7467 7471 7472 7477 9513 9521 9542 9552 9559 9580 9594 9603 9957 9979 9991 10001
NODE_NUM = 100
FILE mem_ctrl_sub_75.aig

# Subcircuit 76
SUB_ID 76
LO (58):  6591 6609 6866 10485 10489 10594 10702 10705 10709 10737 10757 10758 10785 10789 10790 10797 10798 10804 10805 10808 10812 10815 10832 10862 10913 10972 10973 10975 10978 10987 11037 11348 11361 11367 11411 11533 11543 11604 11605 11899 11981 13382 34598 38696 38697 38698 38708 38713 38720 38769 38770 38780 38802 39100 39133 39814 40262 41222
LI (31):  39 40 73 76 88 145 161 175 190 198 200 201 233 288 300 3250 3363 6324 6407 6587 7731 10700 10734 10741 10755 10758 10776 10781 10829 10831 10856
NODE_NUM = 99
FILE mem_ctrl_sub_76.aig

# Subcircuit 77
SUB_ID 77
LO (32):  6707 6714 6720 6781 6791 6801 6838 6844 6880 6883 6998 7012 7023 7035 7038 7044 7050 7056 7062 7094 7102 7103 7190 7204 7215 7227 7230 7232 7240 7245 7252 21169
LI (49):  39 40 55 56 60 75 76 88 93 101 229 233 300 588 948 962 968 970 978 3145 3355 3379 3394 3450 6342 6598 6653 6665 6693 6710 6712 6749 6775 6789 6834 6852 6875 6879 6897 6902 7008 7009 7018 7031 7041 7200 7201 7210 7223
NODE_NUM = 96
FILE mem_ctrl_sub_77.aig

# Subcircuit 78
SUB_ID 78
LO (22):  6886 6893 6895 6897 6980 7009 7300 7311 7323 7326 7332 7338 7344 7350 7375 7380 7403 7416 7419 7428 7433 7440
LI (48):  39 40 55 56 75 76 88 93 101 229 300 968 3355 3379 3394 3398 6324 6639 6710 6852 6859 6874 6891 6894 6902 6905 6907 6911 6916 6939 6942 6944 6952 6957 6964 6970 6973 6978 7008 7294 7295 7296 7306 7319 7372 7373 7399 7412
NODE_NUM = 97
FILE mem_ctrl_sub_78.aig

# Subcircuit 79
SUB_ID 79
LO (46):  6916 6939 6942 6944 6952 6957 6964 6978 6981 6982 6983 6987 6989 7008 7018 7031 7041 7066 7069 7074 7078 7079 7124 7174 7175 7209 7223 7270 7275 7278 7281 7296 7306 7319 7354 7357 7362 7366 7371 7373 7383 7386 7412 7446 7449 7454
LI (58):  39 40 56 58 60 75 76 88 93 101 229 300 961 964 971 973 976 979 3355 3379 3394 3398 3450 6349 6460 6710 6852 6856 6862 6914 6927 6928 6930 6936 6941 6976 6983 6984 6985 6989 7015 7027 7181 7219 7271 7272 7273 7276 7277 7280 7303 7315 7368 7369 7381 7382 7385 7408
NODE_NUM = 100
FILE mem_ctrl_sub_79.aig

# Subcircuit 80
SUB_ID 80
LO (50):  6984 6985 7001 7015 7027 7080 7081 7101 7111 7123 7167 7177 7182 7185 7193 7210 7219 7236 7242 7248 7254 7258 7266 7271 7272 7273 7276 7280 7286 7289 7294 7303 7315 7368 7369 7372 7381 7385 7391 7394 7408 7424 7430 7436 7442 7457 7458 7461 7472 7498
LI (56):  24 40 55 56 58 75 76 93 233 300 962 970 972 975 978 1090 3394 3398 3425 3450 6349 6460 6461 6584 6860 6869 6874 6880 6891 6907 6925 6983 7079 7095 7098 7173 7174 7175 7181 7209 7232 7240 7245 7252 7256 7264 7270 7366 7375 7421 7428 7433 7440 7460 7489 7496
NODE_NUM = 100
FILE mem_ctrl_sub_80.aig

# Subcircuit 81
SUB_ID 81
LO (30):  7496 7500 7502 7506 7513 7518 7523 7536 7541 7554 10298 11235 13809 13816 15851 15888 16041 34762 34928 34942 34950 34973 35054 35066 35074 36270 36298 38387 39527 48848
LI (66):  25 55 56 57 58 63 75 76 88 93 955 3283 3433 3435 3478 3565 3588 3593 3823 6278 6406 6443 7492 7493 7498 7521 7522 8620 9131 10297 11217 11232 15850 16039 34745 34754 34760 34808 34839 34882 34901 34917 34920 34923 34940 34948 34963 34970 34998 35014 35022 35033 35043 35046 35049 35072 38335 38355 38362 38365 38369 38373 38376 38380 39525 48847
NODE_NUM = 100
FILE mem_ctrl_sub_81.aig

# Subcircuit 82
SUB_ID 82
LO (11):  7559 7569 7571 7573 7575 7576 7577 7851 8835 8893 38380
LI (38):  38 57 63 120 352 357 358 462 469 589 592 1042 1057 1074 1078 1200 3437 3478 7557 7566 7568 7845 7848 7853 7880 7889 8206 8324 8329 8331 8337 8355 8616 8834 8864 8868 8872 38335
NODE_NUM = 99
FILE mem_ctrl_sub_82.aig

# Subcircuit 83
SUB_ID 83
LO (20):  7602 7845 7889 8206 8355 8603 8616 8759 8834 8862 9025 13074 47222 47226 47264 47428 47461 47707 47784 47825
LI (32):  334 335 359 392 393 394 451 589 591 592 1198 7586 7598 7733 7807 7842 8044 8156 8159 8162 8188 8205 8287 8408 8600 8610 8620 8757 8758 8825 8826 8861
NODE_NUM = 97
FILE mem_ctrl_sub_83.aig

# Subcircuit 84
SUB_ID 84
LO (30):  7586 7598 7605 7607 8262 8263 10236 10734 10776 10779 10888 10918 10926 10936 10951 10963 10970 10993 10997 11004 11022 11026 11033 11044 11049 11056 11065 11313 11392 11401
LI (49):  39 40 76 88 229 324 328 344 345 346 347 363 3363 3398 3433 6407 7595 7603 7604 7606 7731 8261 8620 10235 10655 10662 10729 10738 10755 10757 10770 10781 10798 10815 10821 10840 10850 10862 10866 10871 10880 10887 10906 10925 10930 10946 10987 10988 11063
NODE_NUM = 100
FILE mem_ctrl_sub_84.aig

# Subcircuit 85
SUB_ID 85
LO (18):  7609 8213 10461 10610 10729 10770 10955 11141 13442 13540 13672 13715 13757 13808 14267 14275 14587 15013
LI (87):  25 40 42 43 121 1092 3379 3398 6415 6665 7607 7608 7701 7731 8620 9132 10459 10608 10609 10717 10719 10726 10728 10768 11067 11069 11071 11075 11078 11081 11089 11130 11134 11140 13367 13368 13373 13386 13391 13432 13436 13441 13460 13461 13463 13466 13481 13486 13530 13534 13539 13642 13644 13659 13663 13667 13671 13674 13678 13682 13711 13714 13718 13721 13725 13729 13753 13756 13773 13796 13797 13803 13807 14261 14262 14263 14264 14272 14279 14321 14339 14531 14541 14573 14576 14580 14583
NODE_NUM = 100
FILE mem_ctrl_sub_85.aig

# Subcircuit 86
SUB_ID 86
LO (38):  7619 7712 7719 8134 8156 8159 8162 8211 8217 8218 8222 8244 8245 8246 8272 8273 8285 8410 8414 8419 8429 8431 8432 8442 8443 8459 8499 8529 8533 8568 11192 12963 12981 14264 14490 14548 14552 14563
LI (36):  76 88 99 123 300 334 568 825 1092 1197 1198 1200 2948 3250 6358 6361 6367 6384 7671 7698 7711 7717 7757 8071 8095 8098 8101 8104 8107 8133 8145 8149 8153 8208 8229 8239
NODE_NUM = 100
FILE mem_ctrl_sub_86.aig

# Subcircuit 87
SUB_ID 87
LO (22):  7621 7622 7623 7643 7644 9719 9738 10284 10510 10520 10532 10539 11130 13259 13274 13530 14329 14333 14334 14336 14435 14505
LI (79):  39 40 45 52 73 91 94 97 102 121 229 825 830 842 1092 1094 2669 2684 2795 2856 2883 3248 3363 3425 6300 6474 6539 7625 7652 7688 8205 8620 9312 10253 10255 10258 10279 10283 10500 10509 10511 10518 10525 10527 11095 11102 11107 11119 11129 11620 13250 13251 13273 13488 13493 13499 13507 13520 13529 14253 14324 14328 14332 14351 14391 14393 14400 14407 14409 14411 14414 14421 14423 14426 14430 14470 14472 14500 14504
NODE_NUM = 97
FILE mem_ctrl_sub_87.aig

# Subcircuit 88
SUB_ID 88
LO (46):  7649 7673 7679 7682 8673 8675 8678 8680 8684 8703 8706 8707 8768 8983 10501 12338 12339 12341 12342 12343 12344 12345 12363 12365 12366 12367 12371 12373 12374 12375 12381 12385 12386 12387 12391 12395 12405 12634 12636 12692 12703 12964 13129 13582 45802 45803
LI (34):  52 76 95 98 99 123 437 444 445 568 593 1092 1093 1094 2644 2705 2911 3364 3379 6426 7672 7676 7681 7711 7731 7733 7762 7769 8671 12340 12349 12356 12360 12368
NODE_NUM = 100
FILE mem_ctrl_sub_88.aig

# Subcircuit 89
SUB_ID 89
LO (9):  7694 7696 8153 8227 8451 8600 8610 12547 12688
LI (47):  39 40 76 88 334 392 393 394 568 589 592 1092 1198 7654 7692 7732 8070 8095 8205 8228 8439 8445 8446 8453 8455 8504 8505 8506 8521 8531 8536 8542 8557 8561 8565 8570 8574 8576 8578 8581 8585 8603 12385 12470 12546 12601 12683
NODE_NUM = 99
FILE mem_ctrl_sub_89.aig

# Subcircuit 90
SUB_ID 90
LO (34):  7717 7765 8101 8280 8504 8505 8565 14261 14447 14508 14573 16797 16798 17586 17588 17603 17606 17609 17693 17695 17696 17718 17724 17730 17731 19349 19374 19533 38501 38664 38810 39206 42726 42734
LI (58):  39 40 76 88 121 216 300 626 739 1092 1154 3250 3364 3424 3625 6426 7711 7712 7713 7759 7762 8218 8275 8478 8480 8482 8484 8485 8497 8503 14251 14252 14254 14257 14571 16790 16796 17072 17403 17414 17415 17419 17558 17559 17566 17574 17585 17589 17598 17646 17680 17684 17685 17692 17702 17708 17716 17723
NODE_NUM = 96
FILE mem_ctrl_sub_90.aig

# Subcircuit 91
SUB_ID 91
LO (23):  7731 7732 8503 8536 8542 8574 8977 10636 10783 10880 11134 11420 11650 12710 12711 12713 12716 12718 12824 12860 47266 47267 47816
LI (59):  75 334 392 393 394 444 568 589 591 593 1198 1200 3565 6439 7724 7726 7727 8069 8134 8442 8499 8502 8533 8535 8540 8603 8620 8671 8768 8867 8929 8930 8933 8936 8942 8974 10496 10742 10781 10820 10843 11087 11270 11325 11329 11333 11363 11370 11399 11405 11413 11419 12340 12342 12387 12391 12689 12701 12703
NODE_NUM = 99
FILE mem_ctrl_sub_91.aig

# Subcircuit 92
SUB_ID 92
LO (12):  7734 7756 7798 7880 8861 12545 12546 12827 12828 12835 47220 47826
LI (27):  322 348 351 355 357 358 462 591 592 593 1199 7577 7602 7753 7797 7851 7877 8853 8859 12341 12385 12504 12511 12515 12710 12818 12825
NODE_NUM = 74
FILE mem_ctrl_sub_92.aig

# Subcircuit 93
SUB_ID 93
LO (24):  7753 7759 7793 7842 8275 8484 8485 8853 8858 8859 8866 8867 8868 8872 8929 8930 8942 8974 8989 9011 12504 12818 13087 13130
LI (50):  316 317 321 323 343 349 350 352 360 362 442 459 461 591 592 593 1092 1197 1198 1199 1200 7725 7750 7778 7787 7810 7826 7830 7833 7834 7840 8095 8133 8274 8285 8836 8848 8894 8903 8922 8988 12490 12494 12497 12498 12503 12805 12809 12812 12813
NODE_NUM = 100
FILE mem_ctrl_sub_93.aig

# Subcircuit 94
SUB_ID 94
LO (14):  7797 7826 7830 7833 7834 7840 8757 8758 8813 8817 8820 8821 8826 9001
LI (22):  427 428 429 431 446 449 459 1197 1199 1200 7733 7796 7825 7829 8289 8671 8672 8711 8716 8720 8750 8780
NODE_NUM = 95
FILE mem_ctrl_sub_94.aig

# Subcircuit 95
SUB_ID 95
LO (11):  7848 7853 7877 7979 8395 8405 8895 8899 8900 13188 48265
LI (44):  218 352 353 354 361 370 371 372 375 378 463 589 592 593 1199 1200 7733 7769 7807 7874 7913 7973 7978 8205 8287 8359 8374 12545 12688 12789 12845 12849 12852 12853 13041 13045 13091 13113 13117 13120 13121 13177 13181 13187
NODE_NUM = 96
FILE mem_ctrl_sub_95.aig

# Subcircuit 96
SUB_ID 96
LO (11):  7913 7973 7978 7991 8359 8374 12683 13040 47407 47512 47658
LI (35):  318 364 370 373 375 377 379 380 382 383 386 387 440 591 592 1197 1199 1200 7907 7910 7943 7972 7977 7983 8358 12636 12640 12650 12651 12674 12861 12882 12890 12895 13039
NODE_NUM = 100
FILE mem_ctrl_sub_96.aig

# Subcircuit 97
SUB_ID 97
LO (10):  7943 7972 7983 8026 8036 8039 8040 12650 12651 12882
LI (34):  337 338 339 340 365 366 367 368 369 371 372 374 376 381 384 388 389 390 448 1198 7733 7940 7953 7959 7962 7965 7968 8007 8012 8015 12341 12636 12862 12866
NODE_NUM = 92
FILE mem_ctrl_sub_97.aig

# Subcircuit 98
SUB_ID 98
LO (15):  8012 8015 8044 8069 8070 8071 8408 8581 8922 12601 12674 13039 13091 48156 48298
LI (43):  334 371 372 374 376 385 392 393 394 395 397 441 443 591 592 593 1199 7805 7807 8011 8026 8036 8039 8040 8051 8066 8288 8395 8405 8603 8919 12577 12599 12710 13005 13008 13016 13048 13058 13061 13068 13074 13090
NODE_NUM = 99
FILE mem_ctrl_sub_98.aig

# Subcircuit 99
SUB_ID 99
LO (14):  8051 8066 8095 12564 12577 12599 12935 12937 12960 12971 12975 12992 13050 13053
LI (45):  76 123 329 330 391 396 399 400 401 409 411 412 413 568 1200 3364 7619 7711 8080 8089 8502 12338 12340 12344 12345 12366 12373 12375 12381 12421 12549 12555 12560 12562 12573 12576 12583 12592 12594 12598 12694 12696 12703 12918 12969
NODE_NUM = 100
FILE mem_ctrl_sub_99.aig

# Subcircuit 100
SUB_ID 100
LO (18):  8080 8089 8104 8107 8133 8145 8445 12549 12555 12560 12562 12583 12592 12701 12918 13005 13008 13016
LI (54):  76 123 319 320 325 326 327 334 398 402 403 404 405 406 407 410 412 413 457 1197 1200 7629 7721 8086 8103 8118 8127 8130 8444 8502 8535 12338 12342 12363 12367 12371 12374 12375 12547 12564 12591 12693 12694 12696 12912 12960 12971 12972 12973 12975 12982 12988 12992 12998
NODE_NUM = 100
FILE mem_ctrl_sub_100.aig

# Subcircuit 101
SUB_ID 101
LO (25):  8188 8205 9054 9097 10279 10288 11822 13177 13181 13250 13568 13609 13612 14279 14324 14328 14580 15015 15056 38317 44635 44643 44646 44664 44669
LI (58):  39 88 138 286 287 289 290 336 408 414 464 794 6404 6431 6540 7731 8185 8620 9043 9052 9096 10229 10262 10263 10264 10265 10268 10276 10325 10326 10567 10575 11753 11814 11818 12341 13176 13180 13249 13565 13608 14196 14278 14326 15008 15009 15013 38212 38296 38304 38308 38312 38316 44620 44623 44632 44636 44642
NODE_NUM = 82
FILE mem_ctrl_sub_101.aig

# Subcircuit 102
SUB_ID 102
LO (15):  8254 8261 8274 8329 8331 8337 8358 8439 8444 8455 8476 8521 8557 14391 14500
LI (60):  39 40 101 229 300 352 462 1094 6358 6361 6367 6384 7603 7658 7703 7975 8211 8218 8239 8244 8245 8246 8247 8251 8260 8273 8325 8326 8357 8410 8414 8416 8419 8425 8426 8429 8431 8432 8435 8438 8443 8463 8468 8472 8475 8509 8513 8515 8520 8545 8549 8551 8556 14230 14334 14375 14383 14489 14490 14496
NODE_NUM = 97
FILE mem_ctrl_sub_102.aig

# Subcircuit 103
SUB_ID 103
LO (21):  8463 8468 8472 8475 8480 8482 8497 8506 8531 8561 8570 8585 8671 8672 8716 8720 8750 8780 8988 12470 12744
LI (49):  76 88 101 229 233 418 419 427 428 429 431 438 446 449 1198 1200 3355 3364 6324 7603 7604 7608 7704 7707 7807 8214 8260 8289 8410 8414 8419 8459 8492 8529 8568 8629 8641 8670 8747 8759 8779 8987 12386 12420 12421 12426 12430 12469 12743
NODE_NUM = 96
FILE mem_ctrl_sub_103.aig

# Subcircuit 104
SUB_ID 104
LO (11):  8629 8641 8670 8711 8747 8779 8825 8987 9009 12420 12743
LI (59):  415 416 417 420 421 422 423 424 425 426 430 432 433 434 435 436 439 447 450 452 454 455 460 465 1197 1199 1200 8310 8502 8638 8651 8660 8663 8675 8680 8684 8693 8696 8703 8706 8707 8765 8768 8774 8813 8817 8820 8821 8983 9003 9006 12408 12412 12415 12416 12731 12735 12738 12739
NODE_NUM = 100
FILE mem_ctrl_sub_104.aig

# Subcircuit 105
SUB_ID 105
LO (23):  8765 8774 8864 8894 8903 8919 8936 9003 9006 9016 47231 47263 47305 47345 47382 47418 47455 47487 47523 47559 48008 48017 48039
LI (62):  371 372 374 376 415 416 423 430 436 444 445 454 465 589 591 593 1200 8285 8287 8502 8673 8678 8759 8862 8866 8893 8895 8900 8907 8989 9001 9009 9011 9030 47216 47219 47230 47262 47273 47281 47304 47327 47331 47338 47352 47360 47381 47400 47404 47411 47426 47434 47454 47459 47467 47486 47505 47509 47516 47541 47545 47552
NODE_NUM = 98
FILE mem_ctrl_sub_105.aig

# Subcircuit 106
SUB_ID 106
LO (38):  9030 9033 13187 14338 14531 14583 42548 47262 47302 47304 47327 47381 47400 47454 47486 47505 47541 47597 47633 47669 47701 47733 47770 47810 47855 47901 47944 48036 48076 48118 48153 48187 48222 48262 48296 48332 48366 48383
LI (78):  121 1162 1163 1164 13186 14329 14336 14528 14529 42533 42534 42544 42545 47247 47261 47293 47301 47326 47372 47379 47399 47453 47485 47504 47540 47576 47587 47594 47614 47631 47650 47667 47686 47699 47718 47731 47750 47768 47795 47808 47834 47853 47884 47899 47926 47934 47941 48021 48034 48047 48054 48057 48068 48073 48103 48116 48131 48144 48150 48172 48185 48203 48220 48235 48242 48244 48254 48259 48278 48294 48305 48312 48314 48324 48329 48348 48364 48382
NODE_NUM = 100
FILE mem_ctrl_sub_106.aig

# Subcircuit 107
SUB_ID 107
LO (41):  9035 9040 9041 9042 9052 9062 9065 9068 9071 9075 9119 9129 9131 9132 10227 10265 10396 11217 11261 11452 11654 11668 13286 13323 13350 13357 13459 13599 13671 13714 13756 13796 13807 15780 15844 15855 15871 42496 44712 44819 45388
LI (89):  32 40 50 67 75 76 77 85 90 96 101 103 130 138 253 480 1163 2886 2944 3092 3250 3379 3397 3399 3437 3450 3593 6273 6312 6427 6438 6439 6710 7668 7672 9039 9043 9051 9058 9061 9074 9077 9118 9120 9130 10322 10325 10357 11237 11239 11240 11248 11254 11256 11258 11260 11287 11429 11434 11450 11653 11667 13276 13283 13306 13315 13340 13344 13356 13453 13454 13457 13597 13635 13680 13727 13781 13785 13791 14612 15841 15853 42493 42494 44708 44816 44818 45362 45385
NODE_NUM = 100
FILE mem_ctrl_sub_107.aig

# Subcircuit 108
SUB_ID 108
LO (43):  9088 9851 9856 9860 9862 10128 10136 11164 11232 11506 11518 11596 13239 13263 13269 13306 13315 13339 13581 13601 14593 14594 14617 14618 14636 14668 14673 14695 14727 14730 14753 14785 14919 14949 15007 15090 15097 15100 15101 15126 17415 17991 26711
LI (73):  40 51 71 73 75 141 143 145 147 162 163 180 181 842 1000 1094 2653 2683 2686 2776 2801 2883 2949 6324 8620 9196 9543 9754 9852 9854 9859 10115 10121 10127 10132 10326 10348 10439 11159 11163 11227 11230 11446 11505 11516 13236 13237 13260 13261 13264 13267 13314 13330 13332 13334 14592 14594 14615 14626 14633 14635 14665 14666 14688 14691 14726 14902 14984 14989 14993 14995 14999 15003
NODE_NUM = 98
FILE mem_ctrl_sub_108.aig

# Subcircuit 109
SUB_ID 109
LO (33):  9096 9104 9111 9118 9793 10283 10305 11474 11512 12124 13260 13264 13579 14595 14711 14712 14715 14902 14903 14984 15110 15112 15238 15348 16004 20364 22910 44719 44723 44797 44800 45394 49358
LI (66):  25 33 39 40 52 56 58 60 71 96 138 143 145 147 153 157 162 173 300 301 302 312 313 469 842 2690 2699 3433 6324 7680 9094 9116 9543 9801 10282 10301 10326 11424 11467 11473 11509 13576 14594 14619 14629 14665 14666 14701 14752 14778 14781 14787 14799 14883 14890 14901 14917 14923 14938 14946 14953 14983 15097 44713 45389 45391
NODE_NUM = 97
FILE mem_ctrl_sub_109.aig

# Subcircuit 110
SUB_ID 110
LO (36):  9125 9140 9145 9146 9150 9151 9153 9158 9172 9173 9176 9614 9618 9630 9641 9643 9660 9663 9669 9787 10221 11258 12184 12328 12333 12334 13973 14009 14124 14125 16696 16735 16789 33406 33475 49086
LI (50):  34 35 55 56 75 76 80 93 101 119 138 139 140 150 158 196 197 233 300 3394 3593 6324 6431 9123 9143 9154 9163 9168 9613 9616 9626 9628 9638 9882 10439 12183 12327 14008 16708 16724 16726 16728 16766 16780 16782 33365 33367 33403 33442 33466
NODE_NUM = 98
FILE mem_ctrl_sub_110.aig

# Subcircuit 111
SUB_ID 111
LO (15):  9154 9160 9168 9902 9904 9906 10071 10184 10197 12183 12327 13851 13925 14895 15760
LI (51):  55 56 75 76 88 101 165 179 184 185 186 233 300 3394 3397 6324 9141 9142 9628 9889 9890 9891 9893 9896 10055 10064 10182 10192 11849 11850 11865 11874 11968 11972 11975 11992 12011 12015 12018 12031 12039 12107 12118 12135 12171 12180 12181 12294 12296 12304 12324
NODE_NUM = 100
FILE mem_ctrl_sub_111.aig

# Subcircuit 112
SUB_ID 112
LO (19):  9189 9616 9650 9652 9684 9839 10055 10177 11849 11874 12118 12135 12171 12180 12181 12294 12296 12324 13956
LI (52):  39 55 75 76 88 93 101 144 148 165 187 188 3394 3397 3450 3593 6406 7606 7761 9141 9150 9151 9153 9179 9185 9615 9628 9643 9648 9660 9669 9676 9826 10009 10039 10041 10042 10043 10054 10176 11842 11843 11847 11867 12112 12114 12116 12134 12153 12169 12292 12316
NODE_NUM = 99
FILE mem_ctrl_sub_112.aig

# Subcircuit 113
SUB_ID 113
LO (45):  9192 9193 9208 9256 10176 10311 10316 11573 14635 14644 14650 14657 14661 14726 14736 14738 14747 14769 14778 14799 14804 14805 14812 14814 14819 14820 14823 14824 14835 14836 14906 14921 14950 15154 15198 15364 15417 15421 15422 15426 15438 15441 15454 15456 16298
LI (60):  40 70 87 103 143 145 147 157 162 181 300 2605 2623 2708 3248 6324 6349 6630 9073 9190 9191 9242 9255 9543 9560 9706 10027 10160 10174 10310 10315 11236 11571 13207 14588 14589 14592 14593 14640 14642 14647 14649 14654 14659 14664 14672 14683 14720 14733 14735 14736 14744 14753 14763 14767 14768 14789 14797 14811 14822
NODE_NUM = 99
FILE mem_ctrl_sub_113.aig

# Subcircuit 114
SUB_ID 114
LO (15):  9217 9228 9230 9234 10039 12107 12112 12114 12292 12304 12316 14008 16671 16676 16679
LI (67):  39 40 41 55 75 153 162 180 190 233 300 3394 6324 6358 6361 6384 9190 9191 9206 9209 9216 9233 9242 9246 10023 10024 10028 10035 12041 12051 12053 12061 12064 12073 12079 12082 12085 12087 12090 12094 12096 12113 12116 12149 12268 12269 12272 12276 12280 12284 12291 12302 12315 13843 13860 13924 13925 13928 13936 13948 13951 13963 13969 13982 13988 14000 14007
NODE_NUM = 100
FILE mem_ctrl_sub_114.aig

# Subcircuit 115
SUB_ID 115
LO (9):  9233 9255 9615 9626 13948 16708 16766 33403 33433
LI (44):  40 56 88 93 142 192 193 233 3363 3450 6324 6358 6384 9191 9215 9625 9882 13940 13944 13946 16655 16658 16660 16662 16668 16669 16671 16676 16683 16696 16701 16705 16739 16742 16745 16750 33377 33380 33383 33388 33411 33417 33420 33431
NODE_NUM = 98
FILE mem_ctrl_sub_115.aig

# Subcircuit 116
SUB_ID 116
LO (43):  9250 9252 9318 9319 9328 9347 9349 9423 9429 9432 9454 9457 9458 9498 9500 9515 9516 9519 9521 9522 9524 9531 9535 9538 9542 9553 9718 11880 11905 11906 11912 11916 11931 11943 11945 11951 11952 11955 11956 11983 11984 11993 13871
LI (31):  33 41 96 153 173 177 199 211 233 2625 2864 6324 9307 9316 9320 9326 9329 9341 9351 9396 9409 9410 9418 9427 9447 9452 9530 9536 9692 9701 9717
NODE_NUM = 100
FILE mem_ctrl_sub_116.aig

# Subcircuit 117
SUB_ID 117
LO (32):  9268 9272 9273 9307 9316 9324 9341 9358 9380 9418 9427 9447 10397 10481 11728 11793 11800 11895 11907 11913 11917 11929 11932 11934 11965 11966 12214 12220 13825 15561 15624 15629
LI (60):  33 41 52 54 59 71 91 94 112 154 161 164 167 211 480 842 2605 2625 2698 2864 2969 6324 7680 9191 9197 9198 9200 9201 9202 9271 9294 9298 9301 9302 9305 9313 9323 9334 9338 9356 9378 9412 9415 9423 9429 9444 9457 10396 11792 11797 11798 11891 11892 11893 11900 11906 11912 11916 11931 11963
NODE_NUM = 97
FILE mem_ctrl_sub_117.aig

# Subcircuit 118
SUB_ID 118
LO (22):  9323 9409 9412 9444 9452 9530 9552 9559 9979 11893 11992 12011 12015 12031 12134 12153 12268 13884 13924 14091 15759 16451
LI (79):  40 41 71 96 147 151 152 153 162 169 173 183 185 211 233 300 2599 2625 2932 6324 7680 9191 9204 9292 9408 9411 9432 9436 9455 9459 9479 9490 9551 9553 9556 9741 9767 9813 9967 9970 9972 9976 9977 11974 11975 11982 11986 11991 12005 12008 12014 12018 12023 12027 12131 12152 12204 12229 12241 12248 12249 12250 12257 12259 13861 13863 13866 13872 13875 13882 13883 13920 13923 14045 14051 14053 14060 14084 14090
NODE_NUM = 100
FILE mem_ctrl_sub_118.aig

# Subcircuit 119
SUB_ID 119
LO (29):  9551 9556 9580 9967 9970 9976 11865 12082 12094 12116 13866 15289 16655 16668 16739 21141 21213 21290 21547 21650 21799 21823 21852 22168 22198 22204 22223 33377 33431
LI (72):  39 40 55 101 147 148 152 153 157 162 163 169 173 233 300 739 742 758 762 833 6324 7606 9141 9436 9491 9501 9521 9522 9535 9554 9570 9579 9960 9965 10357 11860 15906 16323 16437 16651 16653 16660 16737 21134 21140 21148 21152 21199 21209 21212 21232 21238 21283 21316 21476 21543 21640 21649 21796 21798 21805 21810 21812 21822 21833 21839 21848 22181 22185 22195 33375 33428
NODE_NUM = 100
FILE mem_ctrl_sub_119.aig

# Subcircuit 120
SUB_ID 120
LO (17):  9570 9579 9594 9603 9624 9625 9819 9960 9965 9991 10064 10102 10203 13982 13991 16318 24800
LI (78):  39 75 76 93 101 147 153 162 163 173 177 233 300 833 3378 3450 3550 6312 6324 6402 8620 9173 9205 9318 9329 9368 9386 9392 9436 9471 9484 9516 9521 9575 9578 9586 9592 9593 9614 9622 9628 9673 9814 9851 9964 9982 9985 9988 10052 10061 10081 10083 10084 10085 10088 10095 10100 13965 13972 13975 13978 14628 14661 14674 14889 14893 16259 16266 16269 16283 16286 16287 16296 16298 16310 16317 24541 24796
NODE_NUM = 100
FILE mem_ctrl_sub_120.aig

# Subcircuit 121
SUB_ID 121
LO (16):  9638 11634 11644 14889 14890 14999 15286 15467 16033 16466 16493 16637 16710 16724 16780 31937
LI (59):  39 40 101 192 233 300 833 3435 7606 8620 9142 9636 10072 10439 11142 11633 11636 11643 14062 14612 14711 14734 14887 14888 14892 15283 15284 15579 15916 15919 15924 15931 15943 15951 15963 15967 15987 15990 15993 16002 16005 16032 16465 16482 16483 16492 16559 16563 16596 16601 16604 16607 16627 16633 16713 16715 16716 16723 16769
NODE_NUM = 100
FILE mem_ctrl_sub_121.aig

# Subcircuit 122
SUB_ID 122
LO (22):  9648 9692 9701 9706 9717 9826 10160 10174 14018 14026 14039 15391 16474 16487 16488 16492 16500 16507 16544 33417 33420 33444
LI (58):  39 40 101 145 150 153 155 158 162 171 175 179 195 233 300 3435 6368 6389 6402 6621 6625 7462 7606 7658 9184 9190 9191 9205 9242 9696 9713 9801 10013 10017 10033 10156 10166 11142 14013 14015 14037 14734 14888 14892 15343 15366 15378 15385 15579 15931 16336 16471 16501 16504 16509 16513 16530 16531
NODE_NUM = 98
FILE mem_ctrl_sub_122.aig

# Subcircuit 123
SUB_ID 123
LO (27):  9713 9727 9729 9741 9747 9767 9778 9799 10115 10132 10156 12229 12241 12248 12269 12315 14013 14015 14022 14045 14062 14084 14411 16723 33367 33455 44894
LI (78):  40 41 71 91 141 143 145 147 150 152 154 158 161 162 169 174 185 186 190 194 300 333 2625 2635 2644 2698 2867 2997 3247 3248 6324 6358 6539 7658 9271 9286 9313 9395 9712 9736 9739 9753 9759 9763 9766 9770 9777 9792 9793 9798 10075 10107 10113 10129 10439 10481 11991 12207 12216 12220 12221 12226 12230 12234 12314 14021 14067 14071 14075 14077 14083 14395 16358 16470 38513 44883 44886 44892
NODE_NUM = 100
FILE mem_ctrl_sub_123.aig

# Subcircuit 124
SUB_ID 124
LO (31):  9777 9779 9785 9792 9798 9846 9852 9854 9859 10140 11842 11843 11847 11850 12169 13839 13842 13843 13860 13965 13969 13972 13988 13998 14000 14007 14090 15283 15452 15903 15909
LI (63):  34 40 56 75 76 101 151 153 159 163 173 181 194 198 233 300 3450 3593 6324 9141 9145 9146 9242 9543 9687 9730 9742 9749 9754 9775 9801 9851 9882 9980 10002 10027 11837 11838 13825 13837 13851 13859 13968 13996 14005 14087 14823 14826 15075 15089 15092 15099 15102 15113 15115 15135 15185 15282 15394 15405 15437 15443 15445
NODE_NUM = 100
FILE mem_ctrl_sub_124.aig

# Subcircuit 125
SUB_ID 125
LO (30):  9873 9880 9882 9883 9889 9890 9891 9893 9896 9930 9957 10043 10052 10054 10081 10083 10084 10085 10095 10100 10182 10192 10213 15943 16032 16651 21060 27191 30506 33442
LI (65):  39 55 56 75 76 88 93 101 141 143 145 146 149 168 182 189 233 300 833 3363 3450 3593 6324 6439 7606 8620 9141 9142 9330 9386 9393 9399 9434 9437 9463 9472 9481 9485 9653 9674 9862 9866 9870 9874 9881 9909 9914 9915 9920 9924 9925 9928 9956 10189 10206 10208 16025 16028 20863 21059 26902 27187 30311 30505 33441
NODE_NUM = 100
FILE mem_ctrl_sub_125.aig

# Subcircuit 126
SUB_ID 126
LO (25):  9956 9972 10001 10009 10013 10017 10023 10027 10028 10033 10035 10041 10042 10061 10072 10107 10113 10129 10141 10189 15135 15185 15343 16596 16627
LI (76):  39 141 142 143 145 147 156 162 163 168 178 182 189 233 300 3244 3355 3363 7606 9178 9185 9210 9218 9238 9246 9257 9260 9353 9369 9437 9438 9492 9504 9515 9519 9524 9531 9538 9575 9730 9742 9760 9930 9936 9937 9942 9945 9950 9951 9954 9994 9998 10000 10008 10014 10016 10019 10031 10032 15134 15161 15172 15181 15310 15321 15332 15339 16002 16565 16566 16569 16570 16591 16618 16620 16623
NODE_NUM = 99
FILE mem_ctrl_sub_126.aig

# Subcircuit 127
SUB_ID 127
LO (35):  10121 10127 10144 10148 10206 10229 10230 10235 10253 10255 10262 10263 10268 10276 10315 10322 10575 11203 11207 11230 11432 11500 11505 11611 11640 11718 11726 11737 11792 11814 11818 13453 14350 15025 38545
LI (86):  25 33 36 37 40 94 104 111 123 141 143 147 160 182 199 211 233 300 684 1083 2630 2637 2670 2684 2864 2868 3095 3247 3509 6300 6312 6313 6349 6423 6427 6539 7604 7612 7619 8620 9056 9092 9094 9736 9749 9763 9775 9801 9813 10203 10228 10234 10246 10250 10254 10264 10275 10313 10320 10466 10567 11136 11199 11205 11212 11424 11430 11435 11603 11609 11681 11724 11739 11765 11775 11778 11789 11802 11811 13445 13446 13447 13452 14343 14349 15019
NODE_NUM = 99
FILE mem_ctrl_sub_127.aig

# Subcircuit 128
SUB_ID 128
LO (41):  10330 10331 10332 10465 10603 10724 10726 10751 10755 10906 10917 10921 10925 10946 10982 11017 11039 11104 11105 11107 11119 11129 11271 11276 11325 11337 11434 11455 11484 11493 11618 11626 11645 13424 13509 13523 13637 13685 13692 13702 14666
LI (62):  25 39 40 43 44 45 53 55 56 58 60 73 75 76 101 115 229 288 2689 3363 3364 3399 6415 6418 6420 6460 6539 7700 10329 10464 10472 10604 10655 10750 10894 10895 10905 10915 10923 10939 10980 11015 11037 11067 11071 11073 11075 11078 11080 11115 11118 11121 11122 11127 11274 11289 11312 11315 11322 11480 11490 11623
NODE_NUM = 100
FILE mem_ctrl_sub_128.aig

# Subcircuit 129
SUB_ID 129
LO (31):  10335 10336 10340 10342 10352 10357 11143 11145 11562 11681 11700 11708 11724 11731 11741 11765 11775 11789 11797 11798 11811 13235 21134 21413 21469 21543 21640 21779 33576 33581 35931
LI (51):  46 49 66 74 123 138 150 151 199 211 253 300 833 980 1094 2603 2655 2866 2883 2949 3424 6423 6539 6609 8208 8620 9086 9411 10351 11142 11561 11671 11674 11679 11680 11687 11688 11702 11707 11739 13234 21127 21132 21361 21408 21458 21468 21542 21639 21762 21777
NODE_NUM = 99
FILE mem_ctrl_sub_129.aig

# Subcircuit 130
SUB_ID 130
LO (61):  10361 10377 10391 10395 10399 10410 10415 10422 13206 13314 13597 16791 16794 16805 16823 16824 16825 16826 16827 16828 16829 16830 16832 16849 16862 16863 16870 16871 16872 16882 16904 16906 16908 16913 16924 16974 17009 17011 17014 17015 17132 17146 17258 17279 17281 17289 17290 17291 17293 17344 36164 36800 37049 37051 37085 37104 37399 37459 37624 37625 38002
LI (62):  36 48 52 66 70 88 98 109 315 604 615 643 666 787 836 842 985 1083 1092 1094 2634 2639 2650 2759 2816 2821 2822 2882 2948 3641 5940 6324 6369 6390 6427 6611 10388 11227 13203 13205 13313 13584 13589 13591 13595 16793 16799 16803 16804 16815 16822 16825 16848 16903 17254 17256 17266 17269 17274 17278 17280 17288
NODE_NUM = 100
FILE mem_ctrl_sub_130.aig

# Subcircuit 131
SUB_ID 131
LO (27):  10419 10450 10452 10459 10621 10717 10719 10747 10748 10750 10939 11067 11122 11274 13432 13520 13529 13589 13591 13644 13659 13711 13718 13745 17251 17280 38514
LI (78):  40 41 42 43 44 45 53 76 88 102 114 115 116 229 253 315 987 1083 1094 2628 2655 3247 3250 3433 3518 6313 6407 6414 6418 6426 6427 6539 7619 7681 7700 10443 10608 10718 11121 13367 13373 13385 13409 13410 13420 13426 13429 13460 13463 13466 13480 13510 13519 13525 13587 13633 13636 13641 13643 13651 13656 13691 13693 13695 13699 13705 13708 13717 13735 13737 13739 13743 17249 38450 38451 38454 38511 38513
NODE_NUM = 100
FILE mem_ctrl_sub_131.aig

# Subcircuit 132
SUB_ID 132
LO (23):  10500 10509 10518 10547 10662 10682 10728 10905 11095 11298 13409 13493 13633 13691 13735 13785 14214 14316 14393 14470 14541 14571 15009
LI (73):  39 40 42 43 44 45 53 76 88 97 101 102 114 115 116 121 229 2856 2883 2946 3363 6414 6418 7611 7618 7645 7668 7685 7707 7719 7731 10507 10516 10543 10656 10661 10663 10670 10680 10898 10900 11290 11291 11293 11294 13396 13397 13404 13408 13491 13624 13631 13685 13689 13731 13763 13769 13784 14199 14201 14205 14208 14211 14212 14247 14252 14300 14309 14315 14540 14542 14566 14568
NODE_NUM = 99
FILE mem_ctrl_sub_132.aig

# Subcircuit 133
SUB_ID 133
LO (45):  10511 10525 10527 10555 10557 10564 10568 10569 10618 10625 10628 10642 10647 10670 10680 10694 10697 10742 10745 10760 10887 10894 10898 11237 11294 11305 11671 11679 11680 11687 11688 11702 13251 13404 13631 13731 13763 13769 14205 14211 14212 14253 14254 38418 42493
LI (78):  39 40 43 48 53 73 76 88 100 114 116 117 123 229 253 481 830 902 950 960 1094 2644 2688 2816 2883 2949 3248 3363 3364 3433 6408 6414 6426 6540 6624 7611 7619 7685 7711 8272 8620 9060 10483 10495 10496 10535 10542 10561 10567 10580 10624 10638 10640 10644 10645 10646 10655 10656 10738 10740 10741 10758 10885 10890 10893 11236 11631 11677 12961 13276 13401 13628 13762 13767 38399 38410 38414 42492
NODE_NUM = 95
FILE mem_ctrl_sub_133.aig

# Subcircuit 134
SUB_ID 134
LO (58):  10768 10781 10818 10819 10954 11008 11010 11011 11329 11333 11363 11399 11405 13221 13642 13643 13663 13674 13721 13773 13784 13797 38581 38583 38590 38591 38604 38613 38616 38620 38621 38631 38635 38675 38832 38881 38892 38953 39020 39021 39228 40041 40068 40115 40138 40247 40257 40259 40281 40291 40334 40339 40470 40475 40807 40997 41678 41840
LI (45):  40 44 73 76 114 115 116 117 208 209 212 213 215 300 3398 6407 6415 6421 10469 10655 10839 11007 11271 11272 11313 11314 11332 11353 11356 11359 11361 11376 11381 11391 11395 11401 11404 13634 13639 13772 13776 13783 38595 38602 38612
NODE_NUM = 98
FILE mem_ctrl_sub_134.aig

# Subcircuit 135
SUB_ID 135
LO (34):  10820 38594 38987 39267 39321 39843 39865 40014 40015 40016 40025 40045 40132 40304 40305 40325 40333 40364 40553 40558 40652 40658 40664 40725 40735 40769 40916 40917 41978 41980 42023 42175 42176 42202
LI (54):  210 214 220 231 1143 1148 1152 1153 8620 10819 38576 38588 38593 38690 38891 38957 38959 38960 38972 38974 38981 39099 39236 39266 39301 39317 39320 39798 39835 39842 39847 39858 39864 39906 39931 39933 39985 40008 40013 40024 40040 40041 40042 40055 40074 40089 40110 40121 40131 40324 40332 40363 40551 40556
NODE_NUM = 100
FILE mem_ctrl_sub_135.aig

# Subcircuit 136
SUB_ID 136
LO (43):  10826 10831 10843 10850 10866 10890 10900 10915 10923 10930 10980 10988 11007 11063 11353 11376 11391 11419 11606 11607 11608 11609 11615 13222 13224 13225 13396 35959 38658 38659 38669 38689 38891 39791 40244 41363 41382 42549 42552 42762 43796 43797 43983
LI (71):  39 40 73 76 88 167 210 212 214 220 300 315 2883 3363 6407 7606 8620 10652 10657 10741 10758 10797 10804 10822 10830 10837 10838 10839 10840 10842 10849 10895 10911 10913 10973 10975 10978 10987 11011 11173 11311 11336 11337 11343 11352 11369 11371 11388 11389 11416 11418 11535 11600 11605 13221 13395 35946 35956 38657 38673 38685 38890 39539 39542 39556 39559 39568 39575 39591 39721 39786
NODE_NUM = 100
FILE mem_ctrl_sub_136.aig

# Subcircuit 137
SUB_ID 137
LO (42):  11015 11071 11087 11089 11102 11118 11127 11136 11140 11150 11159 11163 11170 11177 11199 11202 11212 11214 11227 11266 11267 11268 11450 11459 11516 11535 11554 11565 11571 11600 11603 12113 13195 13205 13211 13212 13220 13229 13237 13576 14631 44708
LI (90):  25 39 40 52 54 55 68 70 72 73 76 82 85 88 99 103 104 105 112 315 830 842 1094 2602 2605 2614 2622 2625 2635 2653 2683 2685 2738 2740 2748 2749 2762 2970 3398 7606 7613 7619 7672 8620 9067 9079 9080 9084 9194 10308 10325 10326 10337 10341 10398 10400 10407 10522 10579 10789 11013 11085 11086 11100 11151 11156 11162 11167 11173 11185 11195 11211 11221 11223 11263 11435 11440 11448 11457 11460 11535 11550 11599 11601 13192 13210 13216 13573 44705 44706
NODE_NUM = 100
FILE mem_ctrl_sub_137.aig

# Subcircuit 138
SUB_ID 138
LO (27):  11239 11248 11485 13283 13305 14166 16039 34752 34754 34777 34779 34794 34795 34802 34807 34808 34835 34839 34852 34854 34858 34872 34882 34904 34909 34910 34911
LI (53):  25 39 40 58 60 71 76 93 94 95 101 199 211 229 300 333 469 588 948 2646 2670 2840 2884 3425 6324 6342 6460 6733 7492 7626 9058 10324 11247 13280 13300 14130 14137 14159 16035 34751 34775 34784 34788 34790 34797 34798 34800 34816 34834 34841 34868 34871 34878
NODE_NUM = 99
FILE mem_ctrl_sub_138.aig

# Subcircuit 139
SUB_ID 139
LO (45):  11254 11270 11287 11290 11291 11304 11315 11322 11336 11343 11352 11369 11370 11371 11381 11388 11395 11413 11416 11429 11430 11435 11440 11446 11448 11457 11460 11473 11480 11490 11509 11528 11545 11558 11561 11631 11632 11636 12356 13334 13708 13753 16283 16769 33365
LI (96):  39 40 46 53 57 58 60 61 76 86 88 101 107 220 233 288 300 842 925 980 2603 2617 2625 2637 2670 2686 3363 3378 3395 3423 3593 6315 6325 6369 6390 6412 6475 6539 6625 6660 7664 7700 8620 9060 9071 9116 9196 9199 9242 9466 10333 10439 10652 10658 10688 10839 11010 11037 11147 11263 11273 11286 11311 11314 11340 11341 11342 11347 11348 11367 11377 11380 11392 11411 11467 11470 11475 11519 11521 11527 11543 11556 11560 11626 11627 12353 13333 13707 13745 13748 13749 16282 16710 16768 33357 33361
NODE_NUM = 99
FILE mem_ctrl_sub_139.aig

# Subcircuit 140
SUB_ID 140
LO (28):  11560 11593 11601 11623 11627 11633 11643 11653 13298 13300 13330 13353 13365 14025 25755 33361 34870 34871 34888 34901 34936 34937 38422 45340 45414 45434 45454 45474
LI (82):  40 65 93 97 179 199 211 288 300 315 333 480 588 590 594 833 1051 2795 3250 3565 3642 6312 6324 6342 6369 6390 6610 6617 6618 6620 6621 6733 7661 8620 9080 9190 9313 10323 10324 10439 11558 11559 11584 11586 11589 11620 11640 13287 13296 13329 16340 16641 25472 25751 33360 34745 34878 34887 34893 34900 34931 34932 45322 45327 45329 45339 45399 45402 45403 45413 45419 45422 45423 45433 45439 45442 45443 45453 45459 45462 45463 45473
NODE_NUM = 100
FILE mem_ctrl_sub_140.aig

# Subcircuit 141
SUB_ID 141
LO (23):  11667 11677 11739 11778 11802 11831 11834 11837 12152 12314 14654 14701 14703 14720 14721 14901 15003 15310 15321 15366 15698 22259 45385
LI (81):  25 40 73 76 87 88 95 120 146 153 158 164 167 179 190 198 233 300 315 469 1092 1094 2688 2811 2883 3216 3398 6324 6426 7606 7619 7713 9051 9060 9091 9860 10322 10326 10331 11719 11793 11800 12129 12149 12313 14611 14635 14682 14697 14700 14894 14895 14903 15001 15301 15309 15314 15320 15346 15351 15365 15462 15616 15620 15634 15636 15646 15656 15660 15664 15675 15693 17243 17245 21189 22243 22248 22252 22258 45360 45363
NODE_NUM = 100
FILE mem_ctrl_sub_141.aig

# Subcircuit 142
SUB_ID 142
LO (29):  11838 11860 11867 11891 11892 11900 11963 11968 11972 11974 11975 11982 11986 11991 12005 12008 12014 12018 12023 12027 12039 12041 12046 12050 12051 15613 15656 15675 15739
LI (83):  40 96 154 161 164 167 176 183 188 190 199 233 300 2625 6324 6361 9178 9190 9219 9395 9408 9432 9856 10481 10485 11640 11875 11878 11880 11883 11884 11888 11890 11895 11899 11905 11907 11913 11917 11929 11932 11934 11943 11945 11948 11951 11952 11955 11956 11959 11961 11965 11966 11969 11970 11981 11983 11984 11993 11994 11998 12002 12004 12026 12049 12050 15268 15271 15485 15498 15518 15535 15545 15550 15586 15596 15602 15611 15655 15674 15718 15725 15735
NODE_NUM = 100
FILE mem_ctrl_sub_142.aig

# Subcircuit 143
SUB_ID 143
LO (36):  12049 12061 12064 12073 12079 12085 12087 12090 12096 12129 12131 12188 12207 12216 12226 12230 12234 12249 12250 12257 12259 12272 12280 12291 12302 12349 12360 12368 13249 13565 14060 15019 15030 17265 45972 49450
LI (82):  39 40 41 111 124 154 157 161 164 167 180 183 185 190 211 300 825 951 1093 1094 2625 2867 3247 3249 3378 6324 6358 6361 6367 6370 6384 6423 7626 7673 9205 9206 9213 9215 9242 9395 9408 9730 9732 9733 9734 9749 9750 9751 9760 9780 9783 10481 10485 10551 10554 11188 11934 11981 12046 12050 12058 12126 12129 12186 12190 12191 12194 12201 12204 12214 12215 12290 12346 12347 13241 13244 13247 13555 13560 13563 15017 15027
NODE_NUM = 100
FILE mem_ctrl_sub_143.aig

# Subcircuit 144
SUB_ID 144
LO (40):  12408 12412 12415 12416 12421 12426 12430 12469 12490 12494 12497 12498 12503 12511 12515 12573 12576 12591 12598 12640 12689 12693 12694 12696 12731 12732 12739 12789 12805 12809 12812 12813 12890 12895 13058 13061 13068 13176 48492 48947
LI (57):  88 123 334 352 356 429 430 436 453 456 459 589 1197 1199 1200 2948 7711 7775 7995 8103 8217 8502 8535 8759 8899 9030 12339 12341 12342 12343 12381 12385 12395 12405 12488 12492 12547 12636 12692 12718 12729 12788 12793 12796 12799 12803 12807 12888 13049 13050 13057 13175 48017 48465 48469 48491 48944
NODE_NUM = 100
FILE mem_ctrl_sub_144.aig

# Subcircuit 145
SUB_ID 145
LO (21):  12729 12735 12738 12788 12793 12796 12799 12825 12845 12849 12852 12853 12861 12862 12866 12888 12912 12969 12988 12998 13055
LI (46):  352 355 357 358 368 427 428 429 430 431 436 437 445 446 449 456 462 568 1200 7727 7775 8535 8747 8759 8899 12338 12340 12342 12547 12634 12703 12710 12711 12713 12716 12722 12732 12744 12824 12827 12828 12835 12860 12937 12961 12966
NODE_NUM = 99
FILE mem_ctrl_sub_145.aig

# Subcircuit 146
SUB_ID 146
LO (21):  12966 12972 12973 12982 13041 13045 13048 13049 13057 13090 13113 13117 13120 13121 13175 13180 13186 13192 13203 13209 48278
LI (56):  69 81 82 85 218 355 357 358 427 428 429 431 446 449 462 589 591 592 1200 2606 2618 2620 3364 7577 7851 8620 8747 8759 8858 8862 8866 9274 12341 12365 12547 12935 12937 12963 12964 12981 13040 13053 13055 13087 13094 13097 13129 13130 13133 13137 13174 13201 13207 48017 48270 48274
NODE_NUM = 100
FILE mem_ctrl_sub_146.aig

# Subcircuit 147
SUB_ID 147
LO (20):  13210 13216 13231 13234 41217 41333 43010 43282 45322 45327 45343 45358 45399 45402 45419 45422 45439 45442 45456 45519
LI (63):  84 231 244 254 255 264 268 944 1152 1153 2605 6491 7659 7663 8620 11263 11266 11556 11559 13209 13229 41152 41216 41287 41305 41311 41317 41332 42817 42886 42901 42905 42907 42989 42994 43000 43003 43131 43181 43244 43261 43263 43271 44726 45317 45320 45326 45341 45345 45348 45355 45395 45397 45401 45415 45417 45421 45435 45437 45441 45508 45509 45515
NODE_NUM = 100
FILE mem_ctrl_sub_147.aig

# Subcircuit 148
SUB_ID 148
LO (48):  13236 13241 13244 13247 13261 13267 13273 13276 13280 13296 13313 13332 13333 13340 13344 13367 13368 13373 13385 13386 13391 13395 13397 13401 13408 13420 13426 13429 13436 13441 13445 13447 13452 13454 13463 13480 13481 13486 13499 13507 13510 13519 13534 13539 13550 13573 44706 44883
LI (94):  25 39 40 55 73 76 88 91 100 110 130 233 253 300 315 333 1051 1094 2603 2644 2669 2671 2676 2766 2844 2883 2944 3249 3363 3398 3425 3433 3434 6324 6407 6422 6511 7605 7606 7619 7659 7663 7731 8262 8620 9073 9123 9736 10228 10232 10318 10322 10325 10463 10465 10470 10485 10535 10542 10589 10638 11104 11105 11162 11191 11203 11286 11486 11618 12185 12346 13211 13275 13290 13292 13343 13366 13378 13382 13388 13393 13424 13439 13451 13470 13474 13478 13483 13496 13497 13505 13509 13537 13549
NODE_NUM = 100
FILE mem_ctrl_sub_148.aig

# Subcircuit 149
SUB_ID 149
LO (45):  13525 13549 13555 13560 13563 13569 13584 13587 13595 13608 13616 13619 13624 13636 13641 13651 13656 13667 13678 13682 13689 13693 13695 13699 13705 13707 13717 13725 13729 13737 13739 13743 13748 13749 13762 13776 13783 13791 13803 13837 13996 14005 14117 44804 44807
LI (82):  39 40 48 55 76 83 88 100 101 109 110 112 114 116 117 118 125 166 315 469 955 2653 2682 2742 2883 3250 3363 3364 3379 3398 3450 3593 6421 6427 7606 7607 7627 7679 9141 9313 10228 10326 10463 10536 10567 10650 10658 10717 10724 10747 10748 10751 11203 11262 11267 11313 12346 13523 13547 13582 13613 13620 13623 13634 13635 13637 13639 13676 13680 13692 13702 13716 13723 13727 13772 13781 13835 13839 13994 13998 14112 44806
NODE_NUM = 98
FILE mem_ctrl_sub_149.aig

# Subcircuit 150
SUB_ID 150
LO (26):  13859 13872 13882 13883 13920 13928 13936 13940 13946 13963 13968 13975 13978 13994 14021 14035 14067 14071 14095 14103 14112 15778 16660 20053 23388 29081
LI (76):  39 55 88 101 144 151 152 158 166 169 174 179 186 191 233 300 833 3250 3397 6324 6369 6384 7606 7761 8620 9121 9141 9178 9185 9190 9191 9206 9210 9219 9222 9484 9490 9502 9628 9673 9754 9941 13290 13835 13861 13870 13871 13877 13879 13881 13892 13894 13900 13902 13908 13911 13914 13925 13938 13944 13956 13958 13965 13972 13973 13991 14099 14111 15768 15774 19841 20052 23194 23387 28792 29077
NODE_NUM = 99
FILE mem_ctrl_sub_150.aig

# Subcircuit 151
SUB_ID 151
LO (31):  14037 14051 14053 14075 14077 14087 14130 14137 14139 14143 14147 14148 14152 14159 14185 14187 14216 14244 14489 14496 14566 15282 15284 15287 15392 15469 15596 15602 16147 16161 16254
LI (89):  39 40 47 101 110 121 129 152 169 174 175 181 183 190 191 229 233 300 2671 2708 2848 2908 2944 3250 3363 6312 6358 6361 6367 6384 6511 6526 6553 6592 6621 7606 7614 7658 7659 7663 8217 8239 8247 9730 9732 9749 9751 9760 9780 9783 10317 11824 14035 14132 14134 14156 14478 14481 14485 14554 14563 14592 14628 14636 14892 14893 15177 15223 15226 15260 15268 15272 15274 15275 15587 15595 15601 16100 16143 16144 16213 16217 16222 16231 16234 16240 16244 16249 16253
NODE_NUM = 100
FILE mem_ctrl_sub_151.aig

# Subcircuit 152
SUB_ID 152
LO (67):  14194 14208 14218 14257 14262 14263 14272 14278 14300 14315 14321 14326 14332 14349 14365 14409 14421 14478 14512 16792 16793 16922 16925 16927 16943 16944 16979 16984 16985 16987 16988 16991 17004 17008 17012 17031 17032 17033 17036 17040 17054 17072 17181 17285 17286 17288 17312 17314 17316 17317 17320 17321 17342 17343 17349 17367 17368 33542 33602 33654 33833 33915 33920 34002 36708 44870 48938
LI (70):  40 76 88 121 123 199 604 622 666 819 952 983 1092 1093 2882 2883 2904 2946 3364 3379 6324 7607 7610 7615 7618 7656 7658 7686 7731 8217 8239 8247 12961 14195 14196 14217 14245 14285 14286 14290 14292 14293 14297 14299 14320 14364 14419 14450 14457 16799 16804 16830 16863 16899 16903 16920 16923 16924 16977 16978 16990 17011 17035 17038 17053 17264 17294 17303 17310 48937
NODE_NUM = 100
FILE mem_ctrl_sub_152.aig

# Subcircuit 153
SUB_ID 153
LO (41):  14340 14343 14351 14357 14360 14364 14372 14400 14407 14414 14419 14426 14450 14457 14464 14467 14481 14485 14504 14516 14528 14529 14542 14554 14576 14588 14659 14883 14917 14938 14946 14989 15317 15320 15332 15339 15346 15373 15376 16276 49421
LI (89):  39 52 73 76 88 98 101 121 143 146 147 153 173 175 181 182 194 300 830 951 1092 1093 2616 2648 2882 2903 2909 2911 3248 3355 3364 3379 6361 6367 7607 7608 7610 7612 7616 7627 7631 7707 7711 7731 8217 8247 8262 9055 10313 10510 12961 14192 14196 14276 14280 14333 14334 14362 14395 14456 14515 14521 14548 14552 14630 14682 14736 14834 14849 14855 14861 14865 14872 14879 14882 14908 14915 14925 14928 14932 14937 14945 14988 15316 15324 15327 15330 15333 15368
NODE_NUM = 100
FILE mem_ctrl_sub_153.aig

# Subcircuit 154
SUB_ID 154
LO (35):  14599 14611 14630 14633 14642 14647 14908 14928 15073 15084 15611 15756 15767 15774 15951 16025 16042 16044 16045 16171 16214 16224 16249 16253 16257 16286 16287 16317 16432 16504 16551 16555 16604 16633 44818
LI (60):  52 59 88 122 126 127 131 133 134 135 136 137 152 233 2685 3248 3435 7680 8620 9060 9198 13825 14588 14589 14590 14610 14612 14631 14657 14734 14736 14906 15072 15078 15083 15610 15752 15753 15764 15769 15772 15950 16024 16043 16046 16048 16054 16166 16170 16251 16256 16316 16327 16386 16387 16426 16427 16546 16549 16603
NODE_NUM = 100
FILE mem_ctrl_sub_154.aig

# Subcircuit 155
SUB_ID 155
LO (32):  14688 14697 14718 14743 14744 15075 15078 15092 15115 15134 15161 15177 15181 15260 15274 15365 15385 15394 15485 15498 15513 15518 15535 15545 15582 15586 15655 15686 15717 15745 16577 16578
LI (69):  25 146 153 154 158 167 173 175 179 181 182 190 194 198 233 300 6630 8239 9242 9543 9560 9980 10002 11826 14589 14592 14663 14665 14679 14683 14686 14717 14742 14769 15076 15090 15114 15121 15133 15142 15146 15160 15175 15178 15241 15256 15354 15359 15364 15384 15477 15480 15486 15497 15510 15514 15522 15523 15529 15530 15533 15537 15540 15576 15578 15579 15581 15641 15651
NODE_NUM = 100
FILE mem_ctrl_sub_155.aig

# Subcircuit 156
SUB_ID 156
LO (32):  14763 14767 14768 14781 14787 14789 14822 15089 15113 15133 15146 15160 15172 15175 15268 15477 15497 15510 15522 15529 15550 15725 15923 15924 16069 16094 16099 16181 16234 16272 16282 16336
LI (75):  40 52 146 147 152 153 154 162 167 169 173 174 175 179 182 183 184 190 194 198 233 300 3250 5918 6324 6761 9543 9560 14663 14665 14669 14670 14676 14684 14705 14706 14724 14732 14742 14753 14755 14760 14761 14766 14785 14821 15086 15090 15097 15112 15127 15153 15155 15165 15171 15267 15304 15440 15491 15494 15503 15508 15519 15546 15721 15922 16056 16060 16068 16081 16082 16091 16096 16177 16277
NODE_NUM = 99
FILE mem_ctrl_sub_156.aig

# Subcircuit 157
SUB_ID 157
LO (34):  14826 14834 14858 14861 15205 15210 15215 15223 15226 15241 15249 15256 15405 15430 15431 15434 15445 15576 15587 15595 15601 15707 15718 15721 15735 15906 15916 15918 15919 15922 15954 15955 15976 16339
LI (64):  52 141 153 154 167 170 173 175 181 183 190 194 217 225 300 3250 6324 6630 6637 9242 9560 14589 14590 14594 14804 14820 14821 14824 14833 14845 14846 14850 14857 14859 15188 15197 15200 15213 15220 15222 15224 15240 15247 15248 15395 15403 15421 15563 15564 15572 15592 15600 15702 15703 15708 15709 15712 15717 15730 15731 15901 15903 15909 15912
NODE_NUM = 99
FILE mem_ctrl_sub_157.aig

# Subcircuit 158
SUB_ID 158
LO (24):  14833 14845 14846 14849 14850 14855 14865 14872 14983 15076 15213 15247 15384 15572 15578 15693 15709 16131 16159 16213 16222 16231 16372 16376
LI (70):  39 40 52 145 150 152 153 154 158 161 167 169 173 182 198 217 225 233 288 300 6630 6637 9190 9242 9980 10002 13290 14589 14617 14620 14682 14735 14753 14805 14819 14823 14831 14835 14836 14841 14848 14852 14963 14964 14969 14972 14977 14980 15244 15304 15458 15568 15684 15686 15930 16045 16113 16117 16118 16182 16203 16208 16225 16323 16334 16342 16346 16350 16354 16364
NODE_NUM = 100
FILE mem_ctrl_sub_158.aig

# Subcircuit 159
SUB_ID 159
LO (51):  14852 14859 14879 14882 14893 14894 14923 14937 14945 14953 14963 14969 14972 14977 14980 14988 14993 14995 15001 15008 15017 15027 15041 15046 15049 15083 15086 15099 15102 15142 15220 15271 15272 15275 15333 15480 15491 15494 15508 15540 15600 15752 15753 15764 16150 16251 16277 16386 27662 32888 44816
LI (98):  39 40 72 82 84 91 146 147 154 157 158 159 160 162 163 173 175 179 180 181 182 183 190 194 233 300 833 2606 2762 3250 3355 3363 6369 6390 6480 6630 6637 6761 7660 8217 8247 8620 9017 9190 9311 9560 10002 10566 10638 14589 14592 14594 14616 14618 14619 14621 14624 14664 14666 14675 14735 14804 14821 14877 14881 14892 14913 14919 14921 14930 14949 14950 14958 14959 14971 14976 15033 15035 15048 15081 15085 15097 15101 15507 15745 15748 15763 16149 16165 16276 16381 16384 27379 27658 32604 32884 44813 44815
NODE_NUM = 100
FILE mem_ctrl_sub_159.aig

# Subcircuit 160
SUB_ID 160
LO (38):  15121 15127 15153 15155 15165 15171 15197 15240 15248 15324 15486 15519 15523 15530 15546 15563 15564 15592 15899 15900 15901 15974 15987 15989 15990 15992 15993 16081 16113 16117 16143 16144 16149 16203 16381 16411 16415 16417
LI (64):  52 141 146 153 167 169 170 172 174 175 184 190 194 217 225 233 300 6324 6630 6637 8247 14592 14636 14664 14666 14723 14809 14812 14821 15097 15100 15110 15126 15154 15189 15194 15235 15238 15558 15561 15930 15973 15978 15985 16042 16075 16080 16109 16116 16190 16202 16331 16334 16340 16342 16346 16350 16354 16361 16380 16398 16402 16406 16412
NODE_NUM = 100
FILE mem_ctrl_sub_160.aig

# Subcircuit 161
SUB_ID 161
LO (36):  15200 15224 15235 15267 15301 15309 15314 15316 15327 15330 15351 15354 15359 15368 15378 15395 15399 15503 15537 15558 15634 15641 15646 15651 15664 15674 15684 15703 16002 16109 16141 16202 16426 16460 16482 44813
LI (67):  40 52 146 153 154 158 167 169 173 175 179 182 184 190 194 198 233 3248 3250 3363 8247 9242 9980 14590 14592 14680 14681 14682 14726 14738 14805 14809 14814 15085 15110 15188 15198 15263 15264 15306 15329 15348 15356 15367 15369 15376 15624 15629 15631 15632 15643 15662 15668 15673 15682 15683 16135 16136 16138 16194 16200 16384 16394 16422 16459 16481 44812
NODE_NUM = 98
FILE mem_ctrl_sub_161.aig

# Subcircuit 162
SUB_ID 162
LO (47):  15403 15424 15427 15440 15443 15462 15463 15568 15581 15616 15620 15631 15636 15660 15662 15673 15702 15708 15712 15730 15731 15748 15763 15772 15782 15800 15806 15811 15814 15834 15837 15848 15850 15859 15862 15873 15877 15886 15930 15931 15957 15962 15963 15966 15967 16412 16422
LI (99):  39 40 52 56 75 76 88 93 98 109 128 130 132 141 153 154 158 161 167 173 175 176 179 181 182 183 190 225 233 251 300 2704 2711 2823 2827 2876 3250 6402 6408 6427 6429 6439 6637 6710 7491 7606 7607 8247 9043 9123 9242 10231 10481 10485 10570 10702 11142 11981 14588 14592 14681 14682 14734 14805 14811 14971 15198 15317 15373 15399 15415 15418 15422 15426 15428 15438 15441 15457 15461 15513 15582 15629 15707 15759 15760 15771 15791 15799 15833 15836 15861 15955 15956 15961 15965 16337 16411 16415 16418
NODE_NUM = 97
FILE mem_ctrl_sub_162.aig

# Subcircuit 163
SUB_ID 163
LO (44):  15961 15965 15973 15978 15985 16005 16024 16028 16043 16054 16060 16068 16075 16080 16082 16091 16096 16106 16116 16118 16135 16138 16160 16177 16190 16194 16200 16208 16217 16225 16240 16244 16255 16316 16326 16327 16394 16398 16406 16440 16465 16483 16549 28133
LI (84):  40 52 150 152 161 163 165 169 170 171 174 183 184 191 217 233 833 6630 6637 8239 8247 8620 10822 10827 13884 14592 14644 14663 14680 14704 14711 14712 14722 14727 14735 14743 14805 14810 14811 14826 14858 14971 15081 15114 15198 15205 15210 15215 15249 15305 15418 15428 15579 15903 15906 15976 16004 16023 16026 16027 16044 16056 16062 16067 16074 16089 16134 16176 16198 16206 16207 16214 16224 16243 16254 16325 16390 16393 16395 16404 16464 16548 27850 28129
NODE_NUM = 100
FILE mem_ctrl_sub_163.aig

# Subcircuit 164
SUB_ID 164
LO (34):  16256 16266 16269 16296 16310 16325 16331 16334 16337 16340 16342 16346 16350 16354 16361 16380 16384 16387 16390 16395 16402 16404 16418 16427 16446 16459 16470 16471 16481 16513 16530 16591 16618 33360
LI (80):  40 52 88 146 149 165 171 172 177 186 187 193 217 233 300 3363 3435 6630 7606 8239 9242 10827 14589 14674 14734 14809 14810 14826 14892 15198 15430 15453 15454 15459 15579 15759 15912 15918 15923 15954 15962 15966 15974 15989 15992 16173 16255 16259 16261 16265 16272 16293 16306 16307 16323 16324 16336 16339 16357 16358 16372 16376 16417 16435 16437 16441 16447 16449 16451 16456 16457 16478 16479 16520 16529 16583 16584 16587 16611 16713
NODE_NUM = 99
FILE mem_ctrl_sub_164.aig

# Subcircuit 165
SUB_ID 165
LO (34):  16509 16520 16529 16546 16548 16563 16565 16566 16569 16570 16583 16584 16601 16603 16607 16611 16620 16623 16650 16653 16658 16683 16701 16705 16713 16715 16726 16737 22289 28604 33356 33428 33441 33466
LI (95):  40 52 56 93 119 149 164 170 171 185 186 195 233 288 300 833 3363 3422 3435 3450 6367 6625 6630 8239 8620 9190 9242 9245 9624 9674 9675 10073 10357 10594 10638 11286 11634 13290 13292 13825 13871 13894 13991 14010 14588 14821 14850 14892 15061 15431 15759 15899 15900 15918 15923 15954 15957 15962 15966 15989 15992 16437 16487 16507 16525 16544 16560 16561 16577 16578 16580 16582 16598 16609 16638 16640 16641 16642 16644 16646 16656 16676 16679 16705 16710 22238 22285 28321 28600 33161 33355 33437 33444 33456 33462
NODE_NUM = 96
FILE mem_ctrl_sub_165.aig

# Subcircuit 166
SUB_ID 166
LO (32):  16750 16768 16790 16796 17236 17403 17414 17720 17721 17723 17734 17740 17752 17787 18228 18284 18299 18303 18305 18312 18315 18321 18332 18360 19570 19573 19574 22605 35087 35091 35128 36418
LI (49):  39 40 121 141 142 170 216 224 300 609 626 707 750 762 779 1154 3227 3424 3625 6367 9228 9242 9246 9636 16679 16795 17093 17170 17195 17197 17220 17226 17233 17402 17407 17412 17713 17726 17730 17731 17739 18232 18233 18249 18257 18259 18263 18267 18268
NODE_NUM = 94
FILE mem_ctrl_sub_166.aig

# Subcircuit 167
SUB_ID 167
LO (58):  16803 16815 16822 16899 16900 16902 16903 16920 16932 16933 16936 16937 16941 16942 16952 16953 16976 16977 16978 16990 17037 17038 17049 17073 17074 17075 17096 17097 17103 17104 17107 17108 17109 17121 17125 17126 17131 17172 17196 17204 17207 17445 17519 17561 17563 17576 17577 17611 17616 17636 17685 33556 36045 36046 36086 36713 37374 45816
LI (36):  121 604 622 643 666 681 1092 2882 2904 6324 6342 6345 6384 16791 16793 16794 16795 16799 16800 16804 16813 16817 16818 16820 16843 16848 16869 16889 16895 16974 16991 17012 17101 17105 17115 17117
NODE_NUM = 97
FILE mem_ctrl_sub_167.aig

# Subcircuit 168
SUB_ID 168
LO (33):  16813 16817 16818 16883 16895 16911 17753 17765 17775 17776 17777 17778 17780 17783 17784 17791 17794 17799 17800 17804 20382 20383 20385 20473 20483 36423 36537 36541 36542 36546 36899 37181 43583
LI (56):  39 40 121 223 224 610 617 619 661 786 825 830 1092 1156 3424 3625 6331 6358 6384 7652 14438 16795 16801 16802 16810 16816 16885 16887 16894 16908 17721 17741 17745 17748 17752 17756 17761 17764 17767 17774 36536 36539 36731 36733 36736 36739 36769 36777 36821 36832 36833 36849 36883 36887 36889 36894
NODE_NUM = 93
FILE mem_ctrl_sub_168.aig

# Subcircuit 169
SUB_ID 169
LO (42):  16914 16916 16917 16918 16919 17422 17423 17458 17465 17475 17484 17485 17488 17489 17509 17511 17558 17651 17679 17680 17684 17713 17716 18263 18268 18753 18921 18922 18929 18936 18952 18963 18966 19022 19035 19036 19039 19045 19062 21151 22183 37254
LI (57):  39 40 143 300 615 617 626 681 682 736 744 750 762 3227 3424 3625 6358 6384 16842 16845 16846 16847 16913 17350 17420 17423 17457 17461 17464 17473 17483 17486 17508 17557 17650 17654 17664 17667 17678 17683 17712 17714 18261 18781 18783 18792 18836 18846 18850 18876 18892 18899 18902 18905 18919 18923 18928
NODE_NUM = 99
FILE mem_ctrl_sub_169.aig

# Subcircuit 170
SUB_ID 170
LO (31):  16955 16964 17021 17058 19317 19321 19324 19325 19355 19360 19402 19408 19442 19443 19444 20388 20389 20391 36769 36777 36832 37878 37882 37885 37889 37951 37995 38106 38112 38662 38841
LI (61):  39 40 216 223 224 225 300 617 619 626 663 681 779 782 789 790 1155 3227 3465 3625 6358 6384 16843 16868 16953 17013 17015 17057 17627 17640 17780 17817 19302 19313 19314 19318 19346 19352 19357 19441 36508 36582 36753 36754 36758 36765 36772 36825 36828 37623 37708 37806 37827 37837 37855 37859 37871 37877 37881 37887 37948
NODE_NUM = 99
FILE mem_ctrl_sub_170.aig

# Subcircuit 171
SUB_ID 171
LO (46):  17027 17029 17497 21148 21159 21161 21162 21164 21165 21167 21171 21182 21183 21187 21188 21189 21190 21192 21195 21199 21200 21206 21207 21209 21215 21222 21226 21230 21232 21254 21257 21259 21283 21296 21301 21302 21303 21316 21319 21324 21328 21349 21352 21784 21801 36365
LI (43):  39 40 148 149 216 300 727 750 771 833 948 2904 3625 10073 16799 16952 17434 17489 21077 21147 21150 21152 21157 21160 21161 21170 21173 21177 21179 21181 21194 21203 21208 21221 21225 21229 21250 21251 21256 21258 21274 21281 21293
NODE_NUM = 91
FILE mem_ctrl_sub_171.aig

# Subcircuit 172
SUB_ID 172
LO (17):  17056 17057 17195 17220 17226 17233 17553 17555 17557 18267 18836 18846 18850 18899 18935 18947 36437
LI (52):  40 141 142 143 216 224 300 617 681 736 744 762 3227 3625 6345 6358 6384 16791 16843 16869 16871 17014 17054 17060 17073 17180 17181 17185 17190 17210 17216 17223 17513 17515 17524 17536 17542 17549 18266 18799 18804 18813 18818 18823 18827 18829 18837 18844 18847 18929 18930 18943
NODE_NUM = 98
FILE mem_ctrl_sub_172.aig

# Subcircuit 173
SUB_ID 173
LO (41):  17053 17076 17080 17082 17169 17170 17407 17486 17585 17610 17630 17645 17646 17667 17857 17872 17896 17897 18012 18013 18018 18022 18027 18030 18037 18040 18048 18052 18067 18130 18131 18138 20392 20393 20395 21240 35421 36051 39621 40133 43454
LI (44):  141 216 224 300 620 627 762 782 786 789 790 1155 1156 1159 1160 3227 3250 3625 16793 16799 16869 16882 17072 17073 17075 17128 17154 17159 17166 17579 17584 17623 17629 17644 17856 17895 17997 18011 18017 18020 18025 18028 18035 18038
NODE_NUM = 100
FILE mem_ctrl_sub_173.aig

# Subcircuit 174
SUB_ID 174
LO (20):  17105 17112 17113 17115 17154 17166 17180 17190 17216 17223 18818 18876 18892 18902 18905 18928 18958 19056 19073 19080
LI (57):  40 143 216 224 300 609 626 736 744 779 1154 3227 3625 6345 6358 6384 15061 16791 16799 16832 16843 16869 16922 16943 16945 16999 17135 17143 17152 17165 17172 17175 18753 18857 18864 18873 18879 18888 18922 18935 18939 18947 18952 18956 18977 18979 19000 19005 19013 19025 19031 19036 19039 19043 19047 19052 19062
NODE_NUM = 100
FILE mem_ctrl_sub_174.aig

# Subcircuit 175
SUB_ID 175
LO (33):  17117 17128 17135 17152 17165 17627 17629 17640 17644 18799 18813 18879 18930 18943 19000 19013 20498 20508 20520 34474 34477 34485 34489 34497 34501 34505 34506 34510 34543 34590 34600 35453 35458
LI (63):  39 40 143 201 216 224 300 607 610 619 620 649 681 736 744 782 786 790 3227 3424 6358 6384 16823 16828 16869 17108 17126 17131 17132 17138 17146 17149 17571 17581 17628 17639 17641 17752 18808 18809 18984 18985 18992 18993 20410 20429 20496 20497 20500 20507 20510 20517 34465 34473 34479 34484 34488 34496 34500 34525 34529 34530 34539
NODE_NUM = 100
FILE mem_ctrl_sub_175.aig

# Subcircuit 176
SUB_ID 176
LO (24):  17138 17143 17149 17574 17584 17628 17641 18829 33579 33696 33704 33708 33716 33720 33728 33732 33735 33738 33740 33741 33742 33743 33790 34032
LI (53):  39 40 216 224 300 610 619 620 634 681 744 782 786 790 1155 1156 1160 6345 6358 6384 16824 16827 16828 16842 16869 16870 17132 17142 17571 17581 17752 17753 17765 17817 17924 18130 19441 20718 33539 33552 33554 33558 33563 33570 33576 33581 33597 33617 33623 33666 33669 33679 33694
NODE_NUM = 100
FILE mem_ctrl_sub_176.aig

# Subcircuit 177
SUB_ID 177
LO (24):  17159 17175 17664 17683 17890 17907 17924 17925 18837 18857 18977 19005 19441 36607 36679 36683 36686 36689 36692 36693 36695 36704 36971 36985
LI (53):  39 40 143 216 223 224 300 626 629 662 681 736 779 793 1154 3227 3625 6358 6360 6384 16842 16920 16939 17107 17125 17174 17627 17640 17780 17817 17853 17889 17896 17921 17922 18968 18969 18973 19002 36421 36423 36595 36604 36605 36623 36637 36644 36652 36655 36661 36672 36678 36682
NODE_NUM = 96
FILE mem_ctrl_sub_177.aig

# Subcircuit 178
SUB_ID 178
LO (30):  17174 17672 17678 17692 17954 17962 17963 17964 17966 17967 17976 18985 19497 20522 20718 35780 36637 36661 37312 37316 37319 37321 37324 37325 37327 37334 37335 37336 37588 39445
LI (55):  39 40 143 223 300 626 631 645 648 662 682 779 788 1158 6342 6358 6384 16805 16866 17207 17433 17670 17677 17691 17780 17817 17853 17896 17920 17927 17939 17941 17949 17953 17961 19473 36629 36630 36631 36658 37048 37233 37234 37249 37269 37276 37280 37290 37293 37305 37311 37315 37323 37329 37333
NODE_NUM = 89
FILE mem_ctrl_sub_178.aig

# Subcircuit 179
SUB_ID 179
LO (9):  17183 17185 36138 36733 36821 36849 37531 37537 37538
LI (72):  40 216 223 224 300 609 610 617 626 643 681 682 779 3227 3625 6341 6345 6358 6384 16794 16829 16839 16843 16869 16906 16943 36023 36034 36035 36037 36038 36039 36047 36056 36069 36117 36130 36136 36789 36792 36795 36819 36839 36847 37048 37061 37088 37116 37131 37312 37316 37379 37380 37384 37396 37405 37418 37434 37436 37437 37454 37466 37467 37480 37483 37487 37508 37513 37518 37524 37534 37536
NODE_NUM = 100
FILE mem_ctrl_sub_179.aig

# Subcircuit 180
SUB_ID 180
LO (22):  17197 19538 19546 19551 19633 19652 19656 19659 19664 19675 20636 20644 20761 35130 35134 35138 35209 35210 35215 35365 35370 39185
LI (38):  39 144 146 609 610 619 626 661 688 768 779 786 1154 1155 1156 3424 16810 17196 17555 17752 17780 19530 19532 19534 19537 19539 19545 19550 19560 19580 19601 19606 19616 19632 19643 19655 20638 20639
NODE_NUM = 99
FILE mem_ctrl_sub_180.aig

# Subcircuit 181
SUB_ID 181
LO (53):  17210 17249 17254 17261 17269 17278 17294 17536 17549 17994 17995 17996 18010 18011 18035 18038 18101 18107 18142 18143 18146 18153 18155 18169 18170 18171 18172 18173 18174 18809 19302 19356 19470 19471 19473 21013 21017 33836 33854 33858 33861 33866 33867 33870 33873 33874 33875 34101 34107 38454 38865 38967 39287
LI (59):  39 40 41 48 89 143 199 216 224 253 300 619 626 629 681 779 793 1155 1157 2654 2868 2904 6345 6358 6384 9059 9060 9313 9466 11166 16943 17032 17204 17207 17209 17242 17243 17245 17293 17349 17533 17780 17817 17853 17896 18008 33581 33742 33743 33824 33828 33832 33833 33847 33853 33857 33863 33872 38452
NODE_NUM = 100
FILE mem_ctrl_sub_181.aig

# Subcircuit 182
SUB_ID 182
LO (34):  17303 17310 17319 17323 17325 17326 17334 17335 17337 17338 17340 17383 17386 17388 17389 17402 17420 17513 17702 18249 18286 18322 18323 18327 18328 18338 18339 19553 19571 19572 24548 33582 33585 38450
LI (61):  33 39 40 96 141 142 199 211 300 604 609 610 622 626 681 779 825 1094 2882 2948 3518 6616 7711 17009 17263 17264 17266 17279 17289 17297 17299 17306 17307 17317 17321 17331 17333 17359 17362 17381 17385 17398 17696 17701 18228 18241 18245 18284 18292 18295 18299 18305 18312 18315 18321 38433 38436 38438 38440 38441 38449
NODE_NUM = 98
FILE mem_ctrl_sub_182.aig

# Subcircuit 183
SUB_ID 183
LO (37):  17330 17331 17379 17381 17395 17396 17398 17559 17701 18241 18245 18266 18290 18292 18781 19025 19549 19550 19565 19566 19568 19580 19601 20103 20106 20109 20111 20112 20116 20125 20132 20135 24544 34194 34596 35469 35474
LI (48):  39 40 141 142 143 144 145 211 300 604 626 681 688 736 737 744 750 759 762 1154 3424 17314 17329 17362 17377 17392 17588 18288 18766 18771 18772 18775 19022 19547 19563 19564 19578 19591 19597 19600 20064 20073 20085 20088 20090 20099 20110 20113
NODE_NUM = 99
FILE mem_ctrl_sub_183.aig

# Subcircuit 184
SUB_ID 184
LO (32):  17329 17333 17346 17355 17362 17377 17392 18766 18771 18772 18775 18783 18792 23841 23851 23852 26489 26507 26509 26517 26521 26529 26533 26541 26545 26548 26551 26554 26555 30964 33826 35920
LI (56):  39 40 143 181 199 211 300 610 619 620 631 648 681 744 782 786 790 1156 1158 3424 17293 17320 17343 17344 17350 17354 17359 17370 17375 17391 17752 17924 17966 18130 18754 18757 18760 18767 18774 21920 23812 23833 23837 26493 26495 26496 26506 26511 26514 26518 26528 26532 26540 26544 26550 26553
NODE_NUM = 100
FILE mem_ctrl_sub_184.aig

# Subcircuit 185
SUB_ID 185
LO (17):  17350 17354 17359 21127 35932 36023 36130 36249 36412 37729 37748 37756 37760 37768 37772 37775 37776
LI (50):  39 40 147 199 211 216 217 222 225 300 610 619 782 786 790 10357 17291 17342 17349 17358 17752 21079 21115 21124 35809 35813 35917 35920 35925 35931 36053 36128 36143 36146 36233 36242 36308 36311 36396 36405 37623 37724 37727 37738 37746 37750 37755 37759 37767 37771
NODE_NUM = 100
FILE mem_ctrl_sub_185.aig

# Subcircuit 186
SUB_ID 186
LO (9):  17358 17370 17374 17375 17385 33597 33832 34137 34138
LI (62):  39 40 199 211 300 604 610 619 620 622 626 634 681 779 782 786 790 791 17290 17291 17312 17319 17321 17349 17368 17373 18131 33581 33582 33584 33585 33826 33828 33829 33893 33899 33913 33914 33917 33922 33935 33937 33944 34057 34064 34069 34071 34075 34077 34085 34087 34091 34093 34101 34103 34107 34109 34117 34119 34123 34125 34135
NODE_NUM = 99
FILE mem_ctrl_sub_186.aig

# Subcircuit 187
SUB_ID 187
LO (20):  17373 17391 17409 17412 18255 18257 18259 18888 18919 18956 19558 19560 20099 23505 23509 23512 23515 23519 23526 23529
LI (43):  39 40 211 609 610 619 626 661 681 697 707 736 737 775 779 786 1154 1155 1156 3424 16796 16810 16952 17316 17367 17411 17780 18253 18885 18917 19557 20073 23389 23407 23409 23431 23442 23444 23450 23451 23463 23486 23496
NODE_NUM = 99
FILE mem_ctrl_sub_187.aig

# Subcircuit 188
SUB_ID 188
LO (31):  17411 17424 17434 17456 17457 17483 18808 18827 18873 18885 18923 18939 18973 18984 18992 19031 19043 19047 21079 21115 21180 21181 21244 21245 22178 22213 36185 36189 36354 36368 37040
LI (41):  40 141 143 147 216 224 300 682 736 744 762 948 3227 3424 3625 6358 6384 16799 16810 16865 17433 17454 17475 17482 18871 18884 18917 18936 19027 19042 19045 21061 21068 21069 21075 21078 21079 21085 21086 21102 21109
NODE_NUM = 98
FILE mem_ctrl_sub_188.aig

# Subcircuit 189
SUB_ID 189
LO (19):  17433 36034 36053 36056 36069 36117 36136 36146 36308 36311 36396 36484 36485 36494 36507 36532 36533 36630 37301
LI (52):  39 40 216 217 222 223 224 300 617 643 662 948 3227 6324 6343 6384 10357 16799 16822 16841 16855 16862 17027 17427 17432 17593 21244 36024 36026 36027 36051 36062 36086 36094 36109 36112 36145 36306 36322 36324 36334 36345 36360 36365 36371 36382 36391 36477 36478 36480 36481 36493
NODE_NUM = 100
FILE mem_ctrl_sub_189.aig

# Subcircuit 190
SUB_ID 190
LO (22):  17432 17454 17464 17473 17479 17482 21068 36109 36233 36345 36360 36371 36382 36391 36605 36629 36658 37256 37276 37293 37837 37859
LI (66):  40 216 217 222 224 225 300 662 663 682 948 3227 6344 6358 6384 16842 16855 16865 16900 16902 17440 17441 17444 17445 17446 17449 17453 17463 17465 17466 17467 17470 17477 17478 21066 36098 36100 36102 36106 36160 36170 36172 36175 36176 36183 36186 36193 36197 36211 36212 36213 36218 36221 36222 36224 36306 36349 36354 36358 36368 36377 36627 37273 37831 37833 37856
NODE_NUM = 100
FILE mem_ctrl_sub_190.aig

# Subcircuit 191
SUB_ID 191
LO (17):  17515 35527 37061 37219 37223 37231 37343 37355 37369 37518 37524 37536 37553 37554 37558 37562 37583
LI (65):  610 619 620 626 627 628 661 682 782 786 788 789 790 793 1154 6344 6345 6358 16902 17008 17752 17924 18130 20526 20718 20729 35344 35349 35463 35467 35497 35499 35502 35509 35516 35521 36036 37046 37047 37048 37055 37056 37073 37097 37102 37146 37161 37178 37186 37194 37198 37206 37210 37218 37222 37230 37341 37353 37358 37362 37365 37537 37541 37546 37550
NODE_NUM = 99
FILE mem_ctrl_sub_191.aig

# Subcircuit 192
SUB_ID 192
LO (11):  17524 17533 17542 18871 33623 36170 36211 37724 38119 38125 38131
LI (72):  40 143 216 217 224 225 300 610 619 620 626 681 779 782 786 948 3227 3625 6345 6358 6384 16822 16842 16979 16984 17031 17103 17519 18870 21244 33622 36024 36163 36164 36168 36204 36209 37623 37635 37638 37643 37651 37695 37713 37714 37715 37970 37980 37985 37986 38014 38029 38033 38036 38064 38069 38074 38076 38080 38082 38090 38092 38096 38098 38106 38108 38112 38114 38122 38124 38128 38130
NODE_NUM = 98
FILE mem_ctrl_sub_192.aig

# Subcircuit 193
SUB_ID 193
LO (19):  17566 17579 17593 17598 17708 17714 17997 18008 18028 18161 18162 18165 18166 18176 18181 18182 18186 23219 23222
LI (50):  39 141 609 610 619 620 626 629 648 739 779 782 786 790 793 1154 1156 2904 3227 3625 6358 6406 16793 17104 17563 17565 17576 17577 17596 17706 17924 17998 18022 18067 18087 18093 18101 18103 18107 18109 18117 18119 18123 18125 18131 18140 18147 18151 18156 18163
NODE_NUM = 96
FILE mem_ctrl_sub_193.aig

# Subcircuit 194
SUB_ID 194
LO (15):  17595 17596 18253 18556 18558 18573 18575 18583 18587 18602 18633 18648 18652 18658 18671
LI (37):  609 610 620 627 661 750 762 779 782 786 789 790 1154 1155 1156 1159 1160 6406 17072 17895 17994 17995 17996 18018 18020 18025 18028 18035 18038 18251 18544 18547 18548 18550 18559 18603 18604
NODE_NUM = 93
FILE mem_ctrl_sub_194.aig

# Subcircuit 195
SUB_ID 195
LO (32):  17623 17639 17650 17654 17670 17677 17691 17706 18295 18546 18547 18548 18550 18968 18969 18978 18993 19002 19367 36623 36627 36652 36655 36670 37269 37273 37290 37303 37827 37833 37855 37869
LI (55):  39 143 216 223 224 225 626 662 663 681 682 707 736 779 1154 3227 3625 5943 6342 6358 6384 6406 16829 16832 16842 16856 16857 16922 16999 17074 17121 17611 17616 17619 17622 17632 17636 17649 18251 18544 18963 18966 36508 36617 36648 37100 37259 37261 37287 37808 37817 37819 37847 37848 37853
NODE_NUM = 100
FILE mem_ctrl_sub_195.aig

# Subcircuit 196
SUB_ID 196
LO (28):  17711 17712 21170 21173 21194 21276 21281 21354 21361 21408 21458 21468 21476 21542 21639 21649 21731 21777 21783 21803 21805 21808 21810 21833 21836 21839 21846 35686
LI (64):  39 58 148 149 150 151 152 153 154 155 687 697 701 702 705 707 724 725 726 742 743 758 771 833 2904 6352 6402 10357 17713 21169 21279 21314 21332 21335 21339 21353 21358 21364 21382 21407 21427 21430 21457 21465 21473 21519 21535 21537 21611 21632 21635 21646 21654 21702 21716 21719 21729 21735 21769 21779 21782 21801 21807 21835
NODE_NUM = 100
FILE mem_ctrl_sub_196.aig

# Subcircuit 197
SUB_ID 197
LO (16):  17726 17739 17741 17745 17756 17761 17767 17774 17814 17815 17817 17818 17889 17920 17941 17953
LI (50):  609 610 619 620 627 628 629 648 649 779 782 786 788 789 790 793 1155 17603 17606 17609 17718 17724 17734 17740 17744 17752 17776 17783 17784 17786 17787 17791 17795 17802 17805 17811 17822 17830 17836 17840 17858 17860 17867 17873 17875 17878 17891 17904 17908 17914
NODE_NUM = 91
FILE mem_ctrl_sub_197.aig

# Subcircuit 198
SUB_ID 198
LO (34):  17795 17802 17805 17811 17822 17830 17836 17840 17850 17851 17852 17853 17856 17860 17867 17875 17878 17893 17894 17895 17901 17911 18015 18016 18017 18420 18446 18447 18451 18452 18459 18464 18465 18469
LI (28):  620 627 629 642 649 782 789 790 1155 1159 1160 17721 17775 17794 17799 17800 17804 17817 17818 17853 18303 18385 18386 18396 18402 18406 18414 18424
NODE_NUM = 97
FILE mem_ctrl_sub_198.aig

# Subcircuit 199
SUB_ID 199
LO (24):  17858 17873 17891 17904 17914 17921 17922 17939 17949 17961 18227 20725 20727 20729 20863 23194 24109 24212 24213 35760 35768 35798 35799 46935
LI (49):  629 630 631 642 645 648 716 788 791 793 1157 1158 1161 8620 17721 17857 17872 17890 17896 17897 17902 17912 17962 17970 17976 17980 17989 17992 18226 20522 20701 20713 20724 20733 20843 20849 20855 20860 23042 23054 23060 23064 23174 23180 23186 23191 24102 24107 24185
NODE_NUM = 100
FILE mem_ctrl_sub_199.aig

# Subcircuit 200
SUB_ID 200
LO (14):  17902 17908 17912 17927 17970 17980 17989 17992 17998 18020 19992 19993 19994 20007
LI (55):  619 620 627 628 629 645 648 649 661 739 782 786 789 790 791 793 833 1155 1156 1157 2904 8620 17074 17721 17752 17895 17901 17907 17911 17924 17925 17954 17966 17967 17991 18028 18035 18038 18131 19860 19862 19866 19883 19887 19894 19898 19922 19928 19933 19937 19943 19953 19959 19979 19987
NODE_NUM = 98
FILE mem_ctrl_sub_200.aig

# Subcircuit 201
SUB_ID 201
LO (4):  18025 19866 21026 21055
LI (55):  619 620 627 628 630 645 649 661 782 786 788 789 790 793 1155 1156 1161 2904 17753 17895 17924 17966 18035 18038 18131 18169 18170 19862 20522 20526 20718 20868 20870 20874 20889 20893 20901 20905 20911 20939 20942 20964 20970 20975 20979 20985 20995 21001 21014 21018 21034 21037 21041 21047 21051
NODE_NUM = 100
FILE mem_ctrl_sub_201.aig

# Subcircuit 202
SUB_ID 202
LO (33):  18087 18093 18103 18109 18117 18119 18123 18125 18140 18147 18151 18156 18163 18226 18232 18233 18251 18261 18288 19547 19555 19556 19557 19564 19597 24546 24556 24557 24606 24710 24720 34189 35295
LI (70):  39 40 142 144 177 620 628 629 630 631 645 648 649 661 688 716 743 750 779 788 791 833 1157 1158 1160 1161 3424 16972 17090 17169 17586 17593 17645 17706 17924 17966 17997 18010 18027 18030 18037 18040 18048 18052 18138 18146 18155 18161 18162 18165 18166 18174 18176 18179 18181 18182 18184 18186 18190 18201 18210 18214 18220 18231 19553 19558 24544 24555 24709 24718
NODE_NUM = 98
FILE mem_ctrl_sub_202.aig

# Subcircuit 203
SUB_ID 203
LO (14):  18385 18386 18396 18402 18406 18414 18424 18508 18509 18514 18521 18526 18527 18531
LI (48):  610 619 620 628 631 645 648 661 782 786 788 790 793 1155 1156 1157 1158 17753 17765 17780 17817 18303 18322 18323 18327 18328 18332 18336 18338 18339 18341 18345 18347 18357 18360 18369 18373 18379 18447 18452 18462 18473 18476 18483 18489 18497 18499 18510
NODE_NUM = 95
FILE mem_ctrl_sub_203.aig

# Subcircuit 204
SUB_ID 204
LO (16):  18462 18473 18476 18483 18489 18497 18499 18510 18544 18720 18723 18735 18737 18745 18750 18752
LI (46):  142 629 630 631 645 648 716 788 791 793 833 1157 1158 1161 2904 8620 17896 17924 17966 18303 18420 18446 18451 18459 18464 18465 18467 18469 18508 18509 18514 18516 18521 18526 18527 18529 18531 18539 18542 18692 18693 18700 18706 18710 18718 18751
NODE_NUM = 96
FILE mem_ctrl_sub_204.aig

# Subcircuit 205
SUB_ID 205
LO (24):  18603 18604 18692 18693 18700 18706 18710 18718 18751 18754 18760 18767 18774 18804 18823 18844 18847 18864 18870 18883 18884 19300 19304 19305
LI (74):  143 610 619 620 626 628 629 630 645 648 649 716 744 782 788 790 791 793 1155 1157 3250 16793 16860 16878 16930 16948 17002 17023 17050 17062 17072 17104 17326 17338 17383 17386 17563 17752 17924 18131 18142 18143 18153 18173 18546 18556 18558 18573 18575 18583 18587 18602 18633 18636 18642 18648 18652 18658 18671 18673 18678 18682 18686 18720 18723 18735 18737 18745 18750 18803 18822 18843 18863 19303
NODE_NUM = 100
FILE mem_ctrl_sub_205.aig

# Subcircuit 206
SUB_ID 206
LO (17):  18917 18979 19027 19088 19119 19129 19150 19160 19182 19192 19212 19222 19243 19253 19274 19284 19527
LI (60):  39 610 619 620 627 629 645 648 661 779 782 786 788 789 790 791 793 1156 3250 6461 16798 17753 18916 18921 18978 19056 19073 19080 19082 19086 19089 19093 19099 19110 19122 19126 19132 19143 19153 19157 19163 19175 19185 19189 19195 19206 19215 19219 19225 19236 19246 19250 19256 19268 19277 19281 19287 19295 19298 19526
NODE_NUM = 99
FILE mem_ctrl_sub_206.aig

# Subcircuit 207
SUB_ID 207
LO (25):  19086 19099 19110 19122 19126 19132 19143 19153 19157 19163 19175 19185 19189 19195 19206 19215 19219 19225 19236 19241 19245 19250 19252 19277 19287
LI (48):  610 619 620 627 628 629 630 642 645 648 649 661 782 786 789 790 793 1155 1156 1157 1158 1160 1161 17752 17765 17780 17817 17853 17860 17875 17896 17924 17966 18958 19056 19080 19088 19120 19130 19151 19161 19183 19193 19213 19223 19244 19275 19285
NODE_NUM = 100
FILE mem_ctrl_sub_207.aig

# Subcircuit 208
SUB_ID 208
LO (30):  19120 19130 19151 19161 19183 19193 19213 19223 19244 19246 19256 19268 19275 19281 19285 19298 19303 19313 19314 19318 19336 19345 19346 19433 19434 19450 19476 19485 19508 19518
LI (55):  619 620 627 629 631 645 649 661 716 782 786 788 790 833 1155 1156 1157 1158 1159 1160 17895 18131 19119 19129 19150 19160 19182 19192 19212 19222 19241 19243 19245 19252 19253 19274 19284 19297 19300 19302 19304 19305 19325 19326 19330 19360 19386 19392 19397 19402 19404 19408 19410 19418 19424
NODE_NUM = 93
FILE mem_ctrl_sub_208.aig

# Subcircuit 209
SUB_ID 209
LO (23):  19326 19330 19350 19352 19386 19392 35082 35190 35344 35349 35359 35362 35450 35462 35463 35464 35484 35490 35499 35542 35738 35746 36017
LI (57):  208 610 619 620 624 627 631 642 648 711 779 782 786 788 789 790 793 1155 1156 1157 1159 1160 17777 17778 17780 17814 17815 17853 18978 19302 19324 19349 19383 19389 19442 19443 19473 20526 20725 20727 23777 24546 35112 35116 35120 35125 35187 35294 35311 35315 35321 35338 35357 35441 35445 35454 35459
NODE_NUM = 100
FILE mem_ctrl_sub_209.aig

# Subcircuit 210
SUB_ID 210
LO (10):  19357 19383 19389 19397 19404 19410 19418 19424 19474 19526
LI (55):  609 610 620 626 628 629 630 631 645 648 736 779 786 788 789 791 793 833 1154 1157 1158 1160 1161 17075 17924 17966 18018 18883 18978 19302 19317 19321 19336 19345 19355 19356 19367 19370 19374 19376 19433 19434 19444 19448 19450 19457 19473 19476 19478 19485 19487 19501 19508 19514 19518
NODE_NUM = 97
FILE mem_ctrl_sub_210.aig

# Subcircuit 211
SUB_ID 211
LO (26):  19501 19514 19530 19531 19532 19539 19600 19860 19862 19883 19887 19922 19928 19933 19937 19943 19953 19959 19979 19987 20018 20027 20034 20040 20044 22369
LI (51):  39 144 609 610 619 620 630 631 645 648 688 716 775 779 786 788 1154 1155 1156 1157 1158 1160 3424 6402 10357 17072 17713 17994 17995 17996 18018 18142 18143 18153 18173 19302 19474 19497 19845 19848 19849 19851 19904 19905 19999 20010 22336 22354 22357 22359 22367
NODE_NUM = 100
FILE mem_ctrl_sub_211.aig

# Subcircuit 212
SUB_ID 212
LO (7):  19534 19537 34338 34349 34355 34359 34360
LI (46):  39 144 610 619 620 626 627 628 638 649 661 779 782 786 789 790 1154 1159 3424 6406 17031 17752 19533 34174 34175 34180 34184 34201 34229 34239 34251 34254 34258 34264 34268 34281 34289 34295 34299 34312 34320 34326 34330 34344 34352 34358
NODE_NUM = 96
FILE mem_ctrl_sub_212.aig

# Subcircuit 213
SUB_ID 213
LO (26):  19545 22932 22936 22942 22945 22947 22955 22959 22965 22969 22976 22977 22999 23003 23006 23007 23051 23067 23092 23106 23112 23122 23128 23180 23184 34583
LI (39):  39 174 610 626 629 645 648 716 724 779 782 786 788 793 1154 1156 1157 1158 3424 16952 17593 17706 17752 17780 17817 17853 17896 22914 22917 22922 22931 22935 22954 22958 22985 22986 22996 23000 23090
NODE_NUM = 96
FILE mem_ctrl_sub_213.aig

# Subcircuit 214
SUB_ID 214
LO (4):  19563 24905 24934 24945
LI (36):  39 178 609 610 619 626 628 661 687 758 779 782 786 1154 1155 1156 3424 6406 17076 17713 17752 17780 24809 24817 24822 24823 24835 24846 24855 24865 24881 24892 24904 24909 24917 24927
NODE_NUM = 97
FILE mem_ctrl_sub_214.aig

# Subcircuit 215
SUB_ID 215
LO (27):  19576 19578 24623 24627 24635 24639 24647 24651 24679 24683 24689 24694 24695 24707 24718 24722 24723 24724 24729 24730 25756 25776 25781 25794 35363 35366 35371
LI (62):  144 177 180 610 619 620 626 627 645 705 725 742 743 775 782 786 788 789 790 791 793 1156 1161 3424 17752 17924 17966 18130 19532 19538 19570 19572 19574 20718 20729 24605 24606 24609 24612 24617 24620 24624 24634 24638 24646 24650 24656 24659 24662 24666 24671 24674 24684 24685 24693 24698 24700 24703 24714 24720 25770 25771
NODE_NUM = 96
FILE mem_ctrl_sub_215.aig

# Subcircuit 216
SUB_ID 216
LO (31):  19591 19604 19606 19616 19632 19643 19655 19717 19718 19721 19722 19729 19730 19735 19736 19739 19740 19751 35084 35099 35102 35133 35137 35147 35151 35159 35163 35244 35251 35261 35268
LI (28):  144 619 620 626 627 628 649 782 786 789 790 1154 1155 1160 17720 17752 17753 17765 17780 17817 17853 18286 19633 19659 19664 19675 19684 19687
NODE_NUM = 96
FILE mem_ctrl_sub_216.aig

# Subcircuit 217
SUB_ID 217
LO (3):  19684 19687 19841
LI (61):  629 630 631 642 645 648 716 782 788 789 791 793 1157 1158 1159 1161 8620 17817 17860 17875 17896 17924 17966 19652 19656 19717 19718 19721 19722 19729 19730 19733 19735 19736 19739 19740 19742 19743 19744 19751 19754 19757 19761 19763 19767 19771 19773 19781 19784 19792 19794 19798 19802 19804 19816 19818 19823 19825 19829 19833 19835
NODE_NUM = 95
FILE mem_ctrl_sub_217.aig

# Subcircuit 218
SUB_ID 218
LO (34):  19757 19761 19771 19781 19792 19802 19818 19823 19833 19845 19848 19849 19851 19894 19898 19904 19905 19999 20010 20052 20055 20064 20073 20142 20143 20147 20148 20160 20161 20367 20374 20543 20554 20563
LI (55):  39 40 144 145 609 610 626 627 629 645 648 688 716 759 779 788 791 833 1154 1157 1158 1159 1161 2904 16793 17074 17509 17593 17896 17924 17966 19604 19992 19993 19994 20007 20018 20027 20028 20034 20040 20041 20044 20051 20056 20062 20109 20111 20112 20116 20118 20125 20132 20135 20141
NODE_NUM = 96
FILE mem_ctrl_sub_218.aig

# Subcircuit 219
SUB_ID 219
LO (13):  20056 20062 20085 20088 20090 20110 20204 20208 20215 20232 20245 35227 35234
LI (36):  40 145 610 619 620 628 649 661 759 782 786 1155 1156 1160 16972 17090 17169 17236 17340 17388 17389 17422 17553 17720 17752 17780 17817 20061 20078 20082 20084 20150 20152 20163 20172 20176
NODE_NUM = 99
FILE mem_ctrl_sub_219.aig

# Subcircuit 220
SUB_ID 220
LO (12):  20113 20118 23407 23409 23442 23451 23463 23486 23496 23628 23632 23656
LI (53):  39 145 610 619 620 626 627 628 629 648 649 697 782 786 789 790 793 1154 1157 1158 1159 3424 17073 17593 17752 17924 18130 18286 23389 23402 23404 23405 23483 23512 23515 23519 23526 23529 23535 23542 23550 23556 23560 23574 23582 23588 23592 23601 23613 23623 23631 23644 23654
NODE_NUM = 100
FILE mem_ctrl_sub_220.aig

# Subcircuit 221
SUB_ID 221
LO (15):  20141 20150 20152 20163 20172 20176 20271 20309 20310 20319 20320 20330 20341 20351 20572
LI (57):  627 629 630 642 645 648 779 786 788 789 790 791 793 1156 1157 1159 6461 17752 17780 17853 17860 17875 17896 20103 20106 20110 20142 20143 20147 20148 20160 20161 20204 20232 20239 20242 20248 20252 20256 20258 20262 20270 20273 20282 20286 20292 20303 20313 20317 20323 20335 20344 20348 20354 20362 20365 20571
NODE_NUM = 100
FILE mem_ctrl_sub_221.aig

# Subcircuit 222
SUB_ID 222
LO (21):  20239 20248 20258 20270 20303 20313 20317 20323 20335 20344 20348 20354 20362 20365 20379 20409 20410 20414 20429 20467 20469
LI (61):  58 145 609 610 626 627 629 630 631 645 648 661 716 737 779 786 788 789 790 793 833 1154 1156 1157 1158 1161 6461 17074 17780 17817 17853 17924 17966 18012 18013 19443 20110 20208 20215 20245 20271 20309 20310 20319 20320 20322 20330 20341 20351 20364 20367 20374 20400 20406 20420 20426 20435 20439 20444 20450 20459
NODE_NUM = 100
FILE mem_ctrl_sub_222.aig

# Subcircuit 223
SUB_ID 223
LO (22):  20397 20400 20406 20420 20426 20435 20439 20444 20450 20459 20496 20497 20507 20517 20571 23779 23787 23797 23803 23812 23814 23822
LI (62):  620 627 628 629 630 631 642 645 648 759 779 782 790 791 833 1154 1157 1158 1159 1161 17072 17752 17753 17765 17850 17851 17924 17966 18130 18131 20367 20385 20391 20395 20397 20430 20433 20472 20473 20475 20482 20483 20485 20491 20495 20498 20506 20508 20529 20534 20538 20543 20550 20554 20560 20563 23754 23755 23757 23764 23766 23778
NODE_NUM = 100
FILE mem_ctrl_sub_223.aig

# Subcircuit 224
SUB_ID 224
LO (20):  20430 20433 20472 20475 20482 20485 20491 20495 20500 20506 20510 20526 20529 20843 23174 23387 23872 24350 24541 24792
LI (67):  619 620 626 630 645 737 782 791 833 1155 1160 8620 17075 19470 20367 20409 20414 20467 20469 20471 20481 20520 20522 20525 20837 20841 23168 23172 23271 23340 23352 23362 23371 23375 23381 23697 23792 23809 23826 23843 23849 23856 23860 23865 23936 24013 24025 24035 24044 24048 24054 24207 24211 24217 24320 24332 24342 24348 24417 24494 24506 24516 24525 24529 24535 24694 24789
NODE_NUM = 100
FILE mem_ctrl_sub_224.aig

# Subcircuit 225
SUB_ID 225
LO (35):  20525 20534 20538 20550 20560 20573 20591 20595 20598 20601 20604 20606 20624 20628 20635 20658 20662 20665 20666 20710 20733 20849 20853 35107 35191 35197 35198 35648 35654 35655 35665 35670 35677 35703 35711
LI (35):  146 626 629 630 631 645 648 716 779 782 786 788 793 1154 1156 1157 1158 17720 17752 17753 17765 17780 17817 17853 17896 19471 19473 19497 20367 20379 20575 20585 20651 20656 20660
NODE_NUM = 99
FILE mem_ctrl_sub_225.aig

# Subcircuit 226
SUB_ID 226
LO (17):  20575 20585 20638 20639 20651 20656 20660 20670 20674 20682 20686 20699 20701 20704 20711 20837 20851
LI (57):  39 146 610 619 620 626 627 645 699 768 779 782 786 789 790 1154 3424 17511 17588 17593 17595 17706 17752 17924 17966 18131 18286 18290 20584 20636 20644 20665 20666 20669 20673 20681 20685 20693 20697 20703 20706 20710 20770 20777 20783 20791 20793 20797 20799 20807 20809 20813 20815 20823 20825 20829 20831
NODE_NUM = 100
FILE mem_ctrl_sub_226.aig

# Subcircuit 227
SUB_ID 227
LO (36):  20669 20673 20681 20685 20693 20697 20703 20706 20713 20724 20770 20860 20868 20870 20874 20889 20893 20901 20905 20911 20921 20924 20927 20928 20929 20952 20954 20959 20979 20985 20995 21001 21028 21037 21040 21050
LI (66):  39 40 146 619 620 627 645 699 768 779 786 788 791 1154 1155 1156 1159 1160 1161 3424 6406 16972 17072 17075 17090 17169 17236 17340 17379 17389 17396 17924 17963 17964 17966 17994 17995 17996 18020 18028 18143 18173 20573 20624 20628 20635 20704 20711 20718 20722 20739 20743 20745 20749 20753 20754 20757 20761 20768 20867 20916 20917 20919 20946 20947 20951
NODE_NUM = 98
FILE mem_ctrl_sub_227.aig

# Subcircuit 228
SUB_ID 228
LO (46):  20777 20783 20791 20793 20797 20799 20807 20809 20813 20815 20823 20825 20829 20831 20841 20855 20867 20916 20917 20919 20939 20942 20946 20947 20951 20964 20970 20975 21014 21018 21034 21041 21047 21051 21059 21066 21078 21086 21132 21140 21236 21238 21760 21798 33485 33536
LI (82):  39 146 147 609 610 619 620 626 628 631 645 648 649 661 699 716 736 743 771 779 786 788 789 791 833 908 1154 1155 1156 1158 1160 1161 2904 16793 17074 17505 17593 17895 17963 18018 20591 20595 20598 20601 20604 20606 20658 20662 20670 20674 20682 20686 20699 20851 20853 20921 20924 20927 20928 20929 20952 20954 20959 20963 20969 21013 21017 21026 21028 21040 21050 21055 21058 21077 21129 21131 21234 21748 21757 33476 33481 33535
NODE_NUM = 100
FILE mem_ctrl_sub_228.aig

# Subcircuit 229
SUB_ID 229
LO (21):  21129 21131 21150 21177 21229 21427 21473 21519 21535 21537 21702 21716 21757 21762 21769 21966 22022 22590 22671 22705 22724
LI (69):  39 40 700 701 724 730 746 948 2904 6406 10357 17422 17593 21079 21228 21256 21339 21399 21421 21424 21471 21477 21509 21516 21532 21658 21659 21692 21700 21714 21739 21745 21750 21755 21761 21767 21918 21921 21930 21954 21958 21965 21974 21977 21986 22010 22014 22021 22516 22517 22518 22551 22559 22573 22580 22585 22588 22597 22598 22599 22632 22640 22654 22661 22666 22669 22697 22698 22704
NODE_NUM = 100
FILE mem_ctrl_sub_229.aig

# Subcircuit 230
SUB_ID 230
LO (27):  21152 21155 21156 21157 21201 21202 21203 21208 21211 21212 21216 21221 21228 21358 21364 21382 21407 21430 21457 21509 21532 21611 21632 21635 21646 23395 36147
LI (55):  39 40 153 216 300 697 726 756 760 948 2904 3625 17422 17423 17482 17493 17495 17593 21077 21151 21180 21187 21219 21376 21379 21389 21390 21391 21399 21404 21429 21444 21446 21456 21484 21498 21499 21506 21522 21524 21527 21529 21565 21566 21570 21574 21586 21587 21591 21605 21608 21616 21619 21625 21629
NODE_NUM = 100
FILE mem_ctrl_sub_230.aig

# Subcircuit 231
SUB_ID 231
LO (12):  21178 21179 21332 21376 21529 21714 21910 22081 22238 22248 22258 22285
LI (58):  39 40 300 689 735 738 746 750 756 757 761 778 948 2904 10357 17422 17488 17593 21228 21319 21320 21326 21331 21368 21369 21375 21399 21687 21709 21713 21855 21859 21861 21867 21868 21874 21878 21894 21901 21908 22024 22028 22030 22037 22038 22044 22048 22065 22072 22079 22233 22237 22239 22246 22256 22259 22273 22280
NODE_NUM = 100
FILE mem_ctrl_sub_231.aig

# Subcircuit 232
SUB_ID 232
LO (31):  21217 21218 21219 21270 21272 21274 21293 21375 21389 21421 21429 21444 21456 21465 21498 21499 21565 21570 21586 21587 21654 21692 21700 21709 21719 21745 21788 21795 21816 24126 28857
LI (64):  39 40 148 149 150 151 155 216 224 300 687 702 746 750 752 756 758 767 908 948 2904 3227 3625 6406 16799 17496 17509 21157 21200 21202 21257 21262 21263 21268 21279 21386 21399 21417 21438 21439 21454 21463 21484 21487 21488 21496 21554 21555 21564 21582 21585 21651 21664 21667 21668 21669 21676 21684 21689 21699 21707 21742 21786 21794
NODE_NUM = 100
FILE mem_ctrl_sub_232.aig

# Subcircuit 233
SUB_ID 233
LO (27):  21225 21234 21250 21261 21262 21279 21314 21353 21496 21506 21516 21522 21676 21687 21689 21699 21713 21750 22551 22632 22697 22832 22913 31239 31716 32193 33535
LI (69):  39 40 148 152 154 224 300 691 692 707 740 743 746 747 764 765 767 768 6352 10357 17485 17488 17509 17593 21077 21240 21248 21302 21308 21310 21349 21352 21520 21748 22537 22545 22546 22618 22626 22627 22692 22694 22754 22757 22763 22779 22787 22788 22801 22824 22827 22830 22835 22838 22844 22860 22868 22869 22882 22905 22908 22911 33491 33506 33507 33511 33515 33529 33534
NODE_NUM = 100
FILE mem_ctrl_sub_233.aig

# Subcircuit 234
SUB_ID 234
LO (12):  21248 21256 21564 21585 21625 22176 22466 30555 30558 30561 30563 30582
LI (60):  39 40 167 190 224 300 626 728 759 760 773 833 1154 3424 6352 10357 17422 17456 17588 21077 21228 21245 21560 21623 22089 22090 22106 22112 22120 22130 22137 22147 22150 22155 22157 22163 22168 22175 22381 22386 22389 22395 22400 22408 22409 22419 22426 22428 22437 22439 22447 22453 22458 22461 22464 22465 30510 30511 30525 30553
NODE_NUM = 97
FILE mem_ctrl_sub_234.aig

# Subcircuit 235
SUB_ID 235
LO (33):  21258 21263 21308 21310 21320 21326 21331 21335 21339 22089 22106 22120 22419 22426 22437 22439 22517 22537 22545 22546 22559 22573 22585 22588 22598 22609 22611 22620 22627 22639 22643 22666 22669
LI (53):  39 40 58 149 169 170 216 224 300 759 764 833 3227 3424 3625 6352 6461 16799 17422 17488 17494 17495 17509 17593 21157 21179 21183 21200 21202 21217 21219 21257 21301 21303 21324 21328 22084 22085 22097 22104 22118 22371 22374 22418 22421 22422 22436 22438 22523 22535 22543 22556 22566
NODE_NUM = 97
FILE mem_ctrl_sub_235.aig

# Subcircuit 236
SUB_ID 236
LO (33):  21368 21369 21379 21386 21390 21391 21399 21404 21417 21424 21439 21446 21454 21954 22010 22231 22556 22640 22801 22882 26444 26448 26451 26454 26457 26459 26467 26471 26474 26905 28874 28875 33529
LI (63):  39 40 150 151 626 629 699 703 710 739 752 779 793 1154 1157 3424 6352 10357 16307 16810 17422 17488 17593 17780 17817 17853 17896 21162 21165 21189 21190 21207 21254 21296 21416 21946 21948 21951 22002 22004 22007 22198 22211 22213 22216 22223 22230 22555 22636 22639 22797 22800 22878 22881 26426 26438 28860 28862 28863 28864 28873 33524 33527
NODE_NUM = 97
FILE mem_ctrl_sub_236.aig

# Subcircuit 237
SUB_ID 237
LO (41):  21438 21463 21471 21477 21484 21487 21488 21520 21524 21527 21554 21555 21574 21582 21591 21616 21623 22084 22112 22150 22386 22421 22422 22438 36024 36026 36035 36094 36420 36421 36422 36539 36545 36549 36557 36561 36565 36566 36567 36570 36571
LI (61):  40 151 152 153 216 223 224 300 610 619 620 702 724 746 752 782 786 790 948 1155 1156 3227 3625 16799 16918 17422 17457 17484 17489 17494 17495 17500 17504 17508 17752 18130 19035 21077 21159 21160 21182 21183 21209 21215 21226 21437 21523 21553 21589 22082 22109 22148 22382 22383 36025 36081 36093 36418 36541 36542 36546
NODE_NUM = 96
FILE mem_ctrl_sub_237.aig

# Subcircuit 238
SUB_ID 238
LO (34):  21553 21560 21589 21605 21619 21629 21651 21658 21659 22104 22118 22137 22175 22418 22436 22453 23389 23402 24151 24155 24163 24167 24175 24179 24182 24185 24188 24207 24211 24255 24256 24257 24262 24263
LI (70):  39 40 153 154 175 300 610 619 620 626 645 701 728 737 760 767 782 786 790 791 1156 1161 3227 3424 6352 16810 17422 17456 17484 17509 17588 17752 17924 17966 18130 18268 21077 21161 21188 21267 22103 22132 22135 22171 22174 22399 22416 22449 23390 23396 24063 24125 24129 24131 24133 24140 24145 24148 24152 24162 24166 24174 24178 24184 24187 24190 24194 24199 24202 24253
NODE_NUM = 100
FILE mem_ctrl_sub_238.aig

# Subcircuit 239
SUB_ID 239
LO (33):  21664 21667 21668 21669 21684 21707 21729 21735 21739 21742 21748 21755 21761 21767 21786 21794 21796 21807 21812 21822 21835 21848 21853 35778 35946 35956 35980 35987 35992 36006 36022 36289 36296
LI (81):  40 154 155 156 212 213 300 607 608 618 623 624 640 644 687 705 742 743 758 833 948 2904 3424 3625 8620 10357 16799 17422 17494 17495 17500 17593 21077 21160 21161 21165 21171 21183 21187 21190 21195 21209 21226 21236 21254 21267 21728 21754 21760 21766 21784 21795 21816 21821 21825 21829 21844 21847 21852 35776 35938 35942 35948 35963 35966 35970 35973 35975 35976 35983 35986 36012 36015 36017 36018 36020 36278 36280 36281 36283 36295
NODE_NUM = 100
FILE mem_ctrl_sub_239.aig

# Subcircuit 240
SUB_ID 240
LO (36):  21825 21829 21844 21847 21855 21859 21861 21867 21868 21874 21878 21894 21901 21908 21918 21920 21921 21930 21946 21948 21951 21958 21965 21967 21968 21975 21981 21988 21989 21992 21993 21999 22007 22014 22020 26493
LI (42):  39 40 157 158 159 160 689 703 725 742 754 761 833 948 2904 10357 13973 17422 17488 17509 17593 17711 21077 21162 21165 21189 21190 21195 21209 21211 21226 21254 21270 21788 21846 21887 21891 21893 21913 21916 21942 26491
NODE_NUM = 95
FILE mem_ctrl_sub_240.aig

# Subcircuit 241
SUB_ID 241
LO (13):  21974 27006 27010 27018 27022 27025 27031 27050 27054 27060 27132 27135 27143
LI (55):  39 40 160 610 619 620 626 645 661 710 755 779 782 786 790 791 793 1154 1156 1161 3424 17509 17752 17924 17966 18130 20729 21967 21968 21972 26965 26966 26968 26978 26983 26988 26991 26995 27005 27009 27017 27021 27027 27030 27033 27037 27042 27045 27058 27094 27101 27107 27115 27121 27131
NODE_NUM = 98
FILE mem_ctrl_sub_241.aig

# Subcircuit 242
SUB_ID 242
LO (32):  21977 21986 22002 22004 22021 22024 22028 22030 22037 22038 22044 22048 22065 22072 22079 22082 22085 22090 22097 22103 22109 22130 22132 22135 22147 22148 22155 22157 22163 22171 22174 26978
LI (68):  39 40 161 162 216 300 710 735 737 755 757 759 833 948 2904 3227 3625 10357 16799 17422 17456 17484 17488 17500 17509 17593 17711 20055 21077 21156 21160 21161 21162 21180 21182 21188 21201 21207 21208 21211 21216 21218 21228 21254 21270 21296 21316 21975 21981 21988 21989 21992 21993 21995 21997 21999 22020 22036 22057 22062 22064 22127 22140 22146 22161 26972 26973 26974
NODE_NUM = 96
FILE mem_ctrl_sub_242.aig

# Subcircuit 243
SUB_ID 243
LO (18):  22181 22185 22195 22211 22216 22230 22233 22237 22239 22243 22246 22252 22256 22273 22280 22329 22333 22358
LI (59):  39 40 163 164 165 704 738 739 753 762 775 778 833 948 2904 10357 17422 17488 17509 17593 17711 17713 21077 21162 21164 21170 21171 21195 21207 21208 21213 21228 21230 21236 21254 21259 21270 21272 21276 21279 21296 22178 22180 22183 22202 22204 22208 22209 22295 22299 22303 22304 22307 22308 22321 22322 22323 22328 22331
NODE_NUM = 100
FILE mem_ctrl_sub_243.aig

# Subcircuit 244
SUB_ID 244
LO (22):  22331 22336 22354 22357 22359 22367 22371 22374 22381 22382 22383 22395 22399 22400 22408 22416 22449 22461 22464 22493 22509 30510
LI (61):  39 40 166 167 168 216 688 706 728 769 773 775 833 948 2904 3227 3625 10357 16799 17423 17484 17500 17509 17593 17711 21077 21156 21160 21161 21167 21170 21171 21180 21182 21188 21192 21194 21201 21213 21216 21230 21236 21259 21272 21276 21279 22333 22339 22343 22347 22351 22352 22358 22377 22380 22472 22494 22495 22502 22508 30508
NODE_NUM = 100
FILE mem_ctrl_sub_244.aig

# Subcircuit 245
SUB_ID 245
LO (9):  22494 22502 30127 30156 30157 30167 30168 30174 30178
LI (35):  39 168 189 609 610 619 620 626 628 661 706 769 779 782 786 1154 1155 1156 3424 17713 17752 17780 22493 30033 30038 30052 30068 30077 30087 30103 30114 30126 30131 30139 30149
NODE_NUM = 100
FILE mem_ctrl_sub_245.aig

# Subcircuit 246
SUB_ID 246
LO (17):  22516 22518 22555 22580 31276 31280 31288 31292 31295 31301 31320 31324 31330 31389 31390 31394 31398
LI (59):  39 40 169 610 619 620 626 645 661 700 764 779 782 786 790 791 793 833 948 1154 1156 1161 2904 3424 6406 17752 17924 17966 18130 18268 20729 21077 22512 22515 22576 31176 31238 31242 31244 31246 31253 31258 31261 31265 31275 31279 31287 31291 31297 31300 31303 31307 31312 31315 31328 31365 31372 31378 31386
NODE_NUM = 96
FILE mem_ctrl_sub_246.aig

# Subcircuit 247
SUB_ID 247
LO (26):  22523 22535 22543 22566 22576 22597 22599 22618 22626 22636 22654 22661 31733 31741 31745 31753 31757 31765 31769 31772 31775 31778 31796 31798 31799 31808
LI (61):  39 40 169 170 300 610 619 620 645 730 747 782 786 790 833 948 1156 1161 2904 3424 6406 17500 17509 17711 17752 17924 17966 18130 18268 21077 21160 21161 21187 21250 21261 21267 22593 22596 22612 22622 22643 22645 31653 31715 31719 31721 31723 31730 31735 31738 31742 31752 31756 31764 31768 31774 31777 31780 31784 31789 31792
NODE_NUM = 98
FILE mem_ctrl_sub_247.aig

# Subcircuit 248
SUB_ID 248
LO (11):  22612 22622 22645 22692 22694 22698 22704 22751 22754 22797 22824
LI (66):  39 40 58 171 216 300 692 731 749 765 833 948 2904 3625 6406 16799 17422 17488 17494 17495 17500 17593 17711 17713 21077 21157 21160 21161 21178 21183 21187 21194 21202 21217 21219 21236 21250 21257 21261 21267 21279 21339 22605 22609 22611 22620 22674 22677 22684 22688 22690 22705 22706 22708 22709 22711 22720 22723 22724 22728 22730 22737 22738 22750 22817 22818
NODE_NUM = 89
FILE mem_ctrl_sub_248.aig

# Subcircuit 249
SUB_ID 249
LO (16):  22757 22763 22817 32230 32234 32242 32246 32249 32255 32274 32278 32284 32343 32344 32348 32352
LI (60):  39 40 172 610 619 620 626 645 661 692 765 779 782 786 790 791 793 833 1154 1156 1161 2904 3424 17422 17509 17752 17924 17966 18130 18268 20729 21177 21228 22761 22811 22815 32130 32192 32196 32198 32200 32207 32212 32215 32219 32229 32233 32241 32245 32251 32254 32257 32261 32266 32269 32282 32319 32326 32332 32340
NODE_NUM = 95
FILE mem_ctrl_sub_249.aig

# Subcircuit 250
SUB_ID 250
LO (20):  22779 22787 22788 22800 22811 22818 22827 22830 22835 22838 22844 22860 22868 22869 22878 22881 22892 22895 22905 22908
LI (48):  39 40 58 172 173 216 300 691 740 765 833 948 2904 3625 6406 16799 17422 17488 17494 17495 17500 17509 17593 17711 21157 21160 21161 21179 21183 21187 21202 21217 21219 21228 21250 21261 21267 21339 22770 22772 22773 22777 22781 22783 22804 22806 22842 22896
NODE_NUM = 100
FILE mem_ctrl_sub_250.aig

# Subcircuit 251
SUB_ID 251
LO (25):  22896 22911 22914 22996 23000 23042 23054 23060 23168 23172 23186 23191 35115 35116 35120 35125 35173 35184 35546 35550 35560 35692 35702 35710 35726
LI (47):  174 208 619 620 627 628 645 648 649 711 782 788 789 790 791 833 1155 1158 1159 1160 1161 17720 17753 17765 17895 17924 17966 18131 20718 22892 22895 22910 22976 23007 23008 23012 23051 23058 23139 23145 23150 23154 23160 23169 23184 35171 35183
NODE_NUM = 99
FILE mem_ctrl_sub_251.aig

# Subcircuit 252
SUB_ID 252
LO (17):  22922 22985 22986 23008 23012 23058 23064 23090 23139 23145 23150 23199 23204 23206 23212 23214 23217
LI (66):  39 40 174 610 619 626 630 724 746 779 782 786 1155 1156 3424 6406 16972 17072 17075 17090 17169 17197 17236 17340 17379 17389 17396 17511 17555 17588 17595 17765 17963 17964 18020 18035 18038 18286 18290 22955 22959 22965 22969 22977 23006 23067 23070 23074 23076 23080 23084 23085 23088 23092 23099 23106 23108 23112 23114 23122 23124 23128 23130 23138 23144 23198
NODE_NUM = 100
FILE mem_ctrl_sub_252.aig

# Subcircuit 253
SUB_ID 253
LO (22):  23108 23114 23124 23130 23138 23144 23154 23160 23169 23198 23239 23242 23258 23271 23275 23290 23303 23309 23315 23325 23331 23360
LI (45):  174 609 610 619 620 626 627 631 648 661 779 788 789 1154 1155 1156 1158 1159 1160 2904 16793 17895 17924 17963 17994 17995 17996 18018 18143 18173 20718 22932 22936 22942 22945 22947 22999 23003 23199 23228 23229 23233 23244 23295 23301
NODE_NUM = 97
FILE mem_ctrl_sub_253.aig

# Subcircuit 254
SUB_ID 254
LO (17):  23228 23229 23233 23244 23295 23301 23340 23352 23362 23371 23375 23381 23390 23396 23404 23405 23431
LI (76):  39 40 175 619 620 627 628 630 645 649 661 716 724 760 782 786 789 790 793 1160 1161 16793 16972 17074 17090 17169 17236 17340 17379 17388 17389 17396 17553 17593 17966 18131 18169 18170 20522 21013 21017 23198 23204 23206 23212 23214 23217 23219 23222 23224 23226 23239 23242 23258 23275 23290 23303 23309 23315 23325 23326 23331 23332 23338 23349 23360 23369 23379 23395 23412 23416 23418 23422 23426 23428 23430
NODE_NUM = 99
FILE mem_ctrl_sub_254.aig

# Subcircuit 255
SUB_ID 255
LO (22):  23444 23483 23542 23550 23556 23560 23574 23582 23588 23592 23601 23613 23623 23631 23644 23654 23697 35170 35171 35293 35294 35429
LI (44):  175 208 620 627 629 630 631 642 645 648 716 788 789 791 793 1157 1158 1159 1160 1161 17720 17752 17817 17853 17896 17924 17966 18012 18013 18130 23538 23660 23669 23677 23690 23693 23696 35168 35204 35277 35284 35291 35423 35426
NODE_NUM = 100
FILE mem_ctrl_sub_255.aig

# Subcircuit 256
SUB_ID 256
LO (20):  23450 23535 23538 23660 23669 23677 23690 23693 23696 23699 23727 23754 23757 23764 23766 23778 23792 23801 23807 23842
LI (60):  39 58 175 609 610 619 626 642 645 661 697 779 782 786 788 790 791 833 1154 1155 1156 1159 2904 6461 17075 17780 17817 17853 17966 18012 18013 18131 18286 18290 19442 23449 23505 23509 23628 23632 23656 23700 23701 23706 23710 23717 23729 23731 23734 23738 23740 23743 23753 23763 23775 23777 23779 23787 23797 23803
NODE_NUM = 99
FILE mem_ctrl_sub_256.aig

# Subcircuit 257
SUB_ID 257
LO (31):  23700 23706 23731 23740 23755 23775 23777 23809 23826 23833 23837 23843 23849 23856 23860 23865 23873 23875 23880 23882 23888 23890 23901 23926 23931 24000 24006 24042 24052 30985 35509
LI (65):  176 629 630 631 645 648 649 697 716 760 782 786 789 790 791 793 833 1155 1156 1157 1160 1161 2904 17072 17074 17753 17765 17852 18020 18035 18038 18131 19443 19473 19497 20385 20392 20393 20522 23219 23222 23699 23727 23801 23807 23814 23822 23841 23842 23852 23874 30815 30889 30890 30893 30900 30902 30923 30939 30956 30962 30969 30973 30978 35462
NODE_NUM = 100
FILE mem_ctrl_sub_257.aig

# Subcircuit 258
SUB_ID 258
LO (17):  23874 24063 24096 24102 24107 24114 24118 24125 24131 24199 24217 24253 24303 24304 24305 24310 24311
LI (56):  39 176 609 610 619 620 626 629 645 648 701 716 767 779 782 786 788 793 1155 1156 1157 1158 3424 6406 17072 17075 17555 17713 17780 17817 17853 17896 17921 24062 24071 24080 24084 24090 24093 24098 24101 24105 24109 24113 24117 24212 24213 24240 24245 24259 24265 24270 24276 24282 24292 24298
NODE_NUM = 97
FILE mem_ctrl_sub_258.aig

# Subcircuit 259
SUB_ID 259
LO (11):  23921 23923 23928 23932 23936 23948 23995 24025 24029 24044 24054
LI (51):  609 610 619 626 630 631 645 648 701 779 782 786 788 789 793 1154 1155 1156 1161 16793 17074 17924 17963 17966 17994 17995 17996 18018 18130 18143 18169 18170 18173 20522 20718 23873 23875 23901 23927 23931 23934 23940 23945 23968 23974 23984 23990 24016 24019 24042 24052
NODE_NUM = 98
FILE mem_ctrl_sub_259.aig

# Subcircuit 260
SUB_ID 260
LO (41):  23927 23940 23945 23968 23974 23984 23990 24013 24016 24019 24035 24048 24062 24071 24080 24084 24090 24093 24098 24101 24105 24113 24117 24129 24133 24140 24145 24148 24152 24162 24166 24174 24178 24184 24187 24190 24194 24202 24220 24240 24332
LI (76):  39 40 176 619 620 626 627 628 629 645 648 661 701 716 767 788 789 790 1154 1155 1158 1160 16972 17090 17559 17586 17593 17595 17706 17720 17752 17753 17765 17780 17817 17853 17893 17894 17896 17924 17966 18130 18131 18286 18290 21013 21017 23873 23880 23882 23888 23890 23901 23921 23923 23926 23928 23932 23939 23944 23948 23995 23998 24000 24004 24006 24029 24066 24070 24126 24221 24227 24239 24321 24325 24326
NODE_NUM = 100
FILE mem_ctrl_sub_260.aig

# Subcircuit 261
SUB_ID 261
LO (19):  24221 24227 24239 24241 24245 31176 31194 31198 31201 31204 31207 31209 31227 31231 31238 31244 31312 31328 31365
LI (53):  39 40 176 191 626 629 645 648 700 716 764 767 779 788 793 1157 1158 3424 16794 16810 17169 17197 17236 17340 17379 17389 17396 17555 17713 17780 17817 17853 17896 17921 17922 24220 24225 24231 24235 24237 31175 31184 31193 31197 31203 31206 31211 31214 31218 31226 31230 31335 31361
NODE_NUM = 99
FILE mem_ctrl_sub_261.aig

# Subcircuit 262
SUB_ID 262
LO (39):  24259 24265 24270 24276 24282 24292 24298 24320 24321 24325 24326 24342 24348 24351 24353 24385 24388 24389 24391 24395 24396 24397 24400 24401 24404 24418 24419 24422 24423 24424 24437 24449 24455 24465 24471 24479 24481 24485 24487
LI (62):  176 177 620 627 628 649 661 779 782 786 788 790 833 1154 1155 1156 1160 2904 8620 17924 17963 17964 17994 17995 17996 18018 18020 18025 18028 18035 18038 18130 18131 18143 20718 24096 24114 24118 24151 24155 24163 24167 24175 24179 24182 24188 24255 24256 24257 24262 24263 24303 24304 24305 24310 24311 24316 24319 24340 24352 24390 24393
NODE_NUM = 100
FILE mem_ctrl_sub_262.aig

# Subcircuit 263
SUB_ID 263
LO (10):  24352 24390 24393 24417 24494 24506 24516 24525 24529 24535
LI (69):  609 610 619 620 626 630 631 645 648 705 716 743 779 782 786 788 789 790 793 1155 1156 1158 1161 16793 17072 17074 17893 17894 17963 18131 18170 18173 20522 24351 24353 24385 24389 24391 24395 24396 24397 24400 24401 24404 24408 24418 24419 24422 24423 24424 24427 24437 24447 24449 24453 24455 24463 24465 24469 24471 24479 24481 24485 24487 24493 24497 24503 24521 24531
NODE_NUM = 100
FILE mem_ctrl_sub_263.aig

# Subcircuit 264
SUB_ID 264
LO (31):  24497 24503 24521 24531 24568 24605 24617 24620 24624 24634 24638 24646 24650 24656 24659 24662 24666 24671 24674 24684 24685 24693 24698 24700 24703 24728 24733 24757 24763 24773 24779
LI (48):  177 609 619 620 626 627 629 630 645 648 716 779 788 793 1154 1155 1157 1158 1160 17720 17752 17753 17765 17780 17817 17853 17893 17894 17896 17921 17922 17924 17963 17964 17966 18018 18130 18169 21013 21017 24351 24385 24388 24404 24557 24558 24562 24726
NODE_NUM = 99
FILE mem_ctrl_sub_264.aig

# Subcircuit 265
SUB_ID 265
LO (8):  24549 24555 33068 33078 33082 33084 33088 33089
LI (50):  177 195 609 610 619 620 626 627 629 630 642 705 731 779 782 786 789 790 1155 1156 1160 17780 17817 17853 17896 20118 24548 24554 32916 32917 32921 32927 32934 32937 32943 32958 32968 32976 32991 33001 33009 33022 33032 33040 33054 33064 33074 33077 33081 33087
NODE_NUM = 96
FILE mem_ctrl_sub_265.aig

# Subcircuit 266
SUB_ID 266
LO (15):  24554 24558 24562 24608 24609 24612 24809 24835 25887 25898 25915 25928 35176 35471 35476
LI (46):  177 180 610 619 620 626 628 649 661 687 705 725 742 743 779 782 786 1154 1156 3424 17713 17752 19532 19533 21836 24556 24804 24806 25756 25776 25781 25810 25820 25832 25834 25843 25845 25860 25862 25870 25876 25880 25893 25901 25907 25911
NODE_NUM = 100
FILE mem_ctrl_sub_266.aig

# Subcircuit 267
SUB_ID 267
LO (20):  24709 24714 24726 24789 24796 24804 24806 24817 24822 24846 25284 34525 34591 34595 34743 38691 38695 38727 39109 39219
LI (70):  39 177 178 201 610 619 620 628 649 661 687 758 779 782 786 790 833 1154 1156 8620 17593 17706 18131 18255 19532 19538 19549 19551 19555 19566 19568 19570 19571 20118 21808 24568 24623 24627 24635 24639 24647 24651 24679 24683 24689 24695 24707 24722 24723 24724 24728 24729 24730 24733 24741 24747 24757 24763 24773 24779 24792 24812 24816 24821 24843 25089 25283 34583 34590 34594
NODE_NUM = 100
FILE mem_ctrl_sub_267.aig

# Subcircuit 268
SUB_ID 268
LO (16):  24823 24843 24853 24855 24865 24881 24892 24904 24909 24917 24927 24996 25000 25006 25023 25035
LI (37):  39 178 619 620 626 627 629 630 642 649 789 790 1154 1155 1157 1159 1160 17720 17752 17753 17765 17780 17817 17853 17896 18130 18286 18290 19573 24842 24935 24936 24946 24952 24956 24964 24974
NODE_NUM = 97
FILE mem_ctrl_sub_268.aig

# Subcircuit 269
SUB_ID 269
LO (23):  24935 24936 24946 24952 24956 24964 24974 25089 25093 25095 25099 25101 25104 25105 25107 25115 25119 25129 25150 25154 25261 25265 25275
LI (48):  178 620 631 645 648 716 782 786 788 790 791 793 1155 1156 1158 1161 2904 8620 17817 17924 17966 18020 18025 18028 18035 24853 24905 24934 24945 24996 25000 25006 25023 25032 25035 25038 25042 25046 25048 25052 25059 25064 25071 25073 25077 25081 25083 25094
NODE_NUM = 97
FILE mem_ctrl_sub_269.aig

# Subcircuit 270
SUB_ID 270
LO (8):  25094 25133 25137 25138 25139 25142 25143 25283
LI (59):  620 626 627 628 630 645 649 687 758 779 782 788 789 790 791 793 833 1154 1155 1160 1161 17072 17074 17893 17894 17924 17966 17996 18038 18130 18131 18169 18170 20522 20526 20718 25093 25104 25105 25107 25115 25119 25129 25157 25162 25164 25167 25206 25212 25217 25221 25227 25239 25242 25258 25261 25265 25271 25275
NODE_NUM = 99
FILE mem_ctrl_sub_270.aig

# Subcircuit 271
SUB_ID 271
LO (26):  25157 25164 25206 25212 25217 25221 25227 25239 25242 25258 25271 25285 25287 25300 25302 25305 25306 25308 25327 25339 25343 25368 25380 25386 25454 25464
LI (50):  179 609 610 619 620 626 631 645 648 661 716 779 782 786 788 790 1154 1155 1156 1158 1160 2904 16793 17963 17994 17995 18018 18020 18035 18038 18143 18173 21013 21017 23219 25095 25099 25101 25133 25137 25138 25139 25142 25143 25150 25154 25189 25195 25286 25290
NODE_NUM = 100
FILE mem_ctrl_sub_271.aig

# Subcircuit 272
SUB_ID 272
LO (29):  25286 25290 25491 25495 25498 25536 25558 25562 25568 25570 25572 25574 25580 25582 25584 25586 25589 25595 25600 25608 25614 25618 25624 25625 25652 25663 25669 25679 25685
LI (42):  39 179 610 619 620 626 645 689 761 779 782 786 790 791 793 1154 1156 1161 3424 17072 17075 17511 17752 17765 17924 17966 18130 20729 25473 25485 25535 25539 25543 25555 25569 25573 25581 25585 25601 25606 25609 25622
NODE_NUM = 98
FILE mem_ctrl_sub_272.aig

# Subcircuit 273
SUB_ID 273
LO (12):  25331 25332 25333 25335 25340 25344 25362 25367 25370 25374 25441 25472
LI (60):  609 626 627 630 631 645 648 649 689 779 788 789 790 791 793 833 1154 1160 1161 16793 17074 17893 17894 17924 17963 17966 17994 17995 17996 18018 18130 18143 18169 18170 18173 20522 20526 20718 23222 25285 25287 25305 25306 25308 25327 25339 25343 25346 25351 25353 25356 25411 25417 25423 25428 25431 25447 25454 25460 25464
NODE_NUM = 98
FILE mem_ctrl_sub_273.aig

# Subcircuit 274
SUB_ID 274
LO (17):  25411 25417 25423 25428 25431 25447 25460 25473 25506 25514 25518 25521 25532 25695 25701 25711 25717
LI (50):  179 610 619 620 628 629 645 716 779 782 786 788 790 793 1155 1156 1157 1158 1160 17720 17780 17817 17853 17896 18131 21013 21017 25300 25302 25331 25332 25333 25335 25340 25344 25362 25367 25368 25370 25374 25378 25380 25384 25386 25394 25400 25410 25416 25441 25499
NODE_NUM = 88
FILE mem_ctrl_sub_274.aig

# Subcircuit 275
SUB_ID 275
LO (16):  25485 25499 25535 25539 25543 25555 25569 25573 25581 25585 25601 25606 25609 25622 25725 25751
LI (75):  39 179 610 619 620 626 630 645 648 689 716 761 779 782 786 788 790 1155 1158 1160 3424 8620 16972 17555 17588 17593 17595 17706 17753 17780 17963 17964 18131 18286 18290 25473 25484 25498 25514 25518 25521 25532 25536 25542 25568 25572 25580 25584 25600 25608 25614 25618 25625 25628 25634 25646 25656 25663 25665 25669 25671 25679 25681 25685 25687 25695 25697 25701 25703 25711 25713 25717 25719 25741 25742
NODE_NUM = 100
FILE mem_ctrl_sub_275.aig

# Subcircuit 276
SUB_ID 276
LO (26):  25628 25634 25646 25656 25665 25671 25681 25687 25697 25703 25713 25719 25741 25742 25770 25810 25820 25832 25843 25860 25876 25893 25907 25923 25926 25939
LI (76):  39 40 179 180 609 610 619 620 626 627 628 642 649 661 689 725 742 761 779 789 1155 1156 1160 6406 17090 17169 17197 17236 17340 17379 17389 17396 17593 17706 17780 17817 17853 17893 17894 18018 18255 19545 20522 20526 20718 25473 25491 25495 25506 25558 25562 25570 25574 25582 25586 25589 25595 25624 25632 25638 25642 25643 25652 25654 25725 25728 25733 25759 25796 25801 25808 25818 25857 25890 25920 25921
NODE_NUM = 100
FILE mem_ctrl_sub_276.aig

# Subcircuit 277
SUB_ID 277
LO (19):  25759 25771 25795 25796 25808 25818 25834 25845 25857 25862 25870 25880 25890 25901 25911 25921 25983 26010 26015
LI (39):  180 619 620 626 627 629 630 631 642 648 788 789 793 1154 1155 1157 1158 1159 1160 16972 17720 17752 17753 17765 17780 17817 17853 17896 17924 18130 19568 25794 25919 25926 25931 25940 25941 25951 25957
NODE_NUM = 98
FILE mem_ctrl_sub_277.aig

# Subcircuit 278
SUB_ID 278
LO (25):  25801 25919 25920 25931 25940 25941 25951 25957 26046 26048 26052 26054 26060 26062 26070 26074 26080 26113 26114 26118 26119 26214 26218 26228 26237
LI (47):  39 180 620 627 645 716 782 786 789 790 791 833 1155 1156 1160 1161 2904 3424 8620 17896 17966 18020 18025 18028 18035 18038 18130 18286 18290 25795 25800 25887 25898 25915 25923 25928 25939 25983 26010 26015 26017 26026 26030 26036 26043 26047 26236
NODE_NUM = 93
FILE mem_ctrl_sub_278.aig

# Subcircuit 279
SUB_ID 279
LO (12):  26047 26097 26099 26124 26155 26156 26157 26162 26163 26210 26223 26236
LI (46):  609 610 619 626 631 645 648 725 742 779 786 788 789 791 833 1154 1156 1158 1161 16793 17072 17074 17924 17963 17966 17994 17995 17996 18018 18143 18173 20718 26046 26048 26080 26110 26116 26121 26144 26150 26202 26211 26214 26218 26224 26228
NODE_NUM = 97
FILE mem_ctrl_sub_279.aig

# Subcircuit 280
SUB_ID 280
LO (23):  26116 26121 26144 26150 26202 26211 26224 26238 26240 26266 26272 26273 26275 26276 26278 26333 26339 26349 26355 26365 26371 26380 26385
LI (63):  181 620 628 630 649 661 716 779 782 786 790 793 1155 1156 1160 2904 17893 17894 17924 18020 18035 18038 18130 18131 18169 18170 20522 20526 20718 21013 21017 23219 23222 26052 26054 26060 26062 26070 26074 26080 26097 26099 26113 26114 26118 26119 26124 26155 26156 26157 26162 26163 26167 26174 26180 26198 26201 26210 26223 26239 26243 26274 26277
NODE_NUM = 96
FILE mem_ctrl_sub_280.aig

# Subcircuit 281
SUB_ID 281
LO (21):  26239 26243 26274 26277 26288 26293 26297 26301 26313 26320 26323 26330 26336 26346 26352 26362 26368 26394 26495 26496 26714
LI (70):  39 181 609 610 619 620 626 631 648 703 754 779 782 786 788 789 790 3424 6406 8620 17072 17074 17075 17555 17765 17963 17994 17995 17996 18018 18131 18143 18173 20522 26273 26276 26279 26280 26292 26296 26305 26310 26318 26425 26489 26573 26577 26583 26584 26606 26609 26622 26624 26628 26630 26638 26640 26644 26646 26654 26656 26660 26662 26670 26672 26676 26678 26697 26706 26712
NODE_NUM = 99
FILE mem_ctrl_sub_281.aig

# Subcircuit 282
SUB_ID 282
LO (10):  26279 26280 26292 26296 26305 26310 26318 26399 26412 26425
LI (65):  610 619 620 626 627 630 645 648 716 779 782 786 788 790 791 793 833 1154 1155 1156 1158 1160 1161 16793 17893 17894 18131 20522 20526 21013 21017 26238 26240 26266 26275 26278 26288 26293 26297 26301 26313 26317 26320 26323 26330 26333 26336 26339 26346 26349 26352 26355 26362 26365 26368 26371 26380 26385 26387 26390 26394 26400 26405 26413 26415
NODE_NUM = 100
FILE mem_ctrl_sub_282.aig

# Subcircuit 283
SUB_ID 283
LO (25):  26400 26405 26413 26415 26426 26438 26491 26506 26511 26514 26518 26528 26532 26540 26544 26550 26553 26573 26577 26583 26584 26592 26606 26697 26706
LI (62):  39 181 619 620 627 630 645 648 703 716 754 788 789 791 793 1155 1158 1160 1161 3424 16972 17090 17169 17586 17593 17595 17706 17720 17752 17753 17765 17893 17894 17924 17963 17964 17966 18130 18286 18290 20526 20729 26238 26272 26399 26412 26437 26467 26471 26474 26507 26551 26555 26581 26587 26591 26593 26605 26685 26689 26690 26701
NODE_NUM = 100
FILE mem_ctrl_sub_283.aig

# Subcircuit 284
SUB_ID 284
LO (47):  26591 26593 26605 26609 26622 26624 26628 26630 26638 26640 26644 26646 26654 26656 26660 26662 26670 26672 26676 26678 26685 26689 26690 26701 26712 26715 26717 26746 26749 26750 26757 26779 26780 26784 26785 26798 26810 26816 26826 26832 26842 26848 27067 27072 27073 27076 27077
LI (61):  39 40 181 182 609 610 619 620 626 627 628 649 661 754 782 786 790 833 1154 1155 1156 1160 2904 17197 17236 17340 17379 17389 17396 17924 18018 18020 18035 18038 18130 19545 20718 23219 23222 26444 26448 26451 26454 26457 26459 26509 26517 26521 26529 26533 26541 26545 26548 26554 26592 26597 26601 26602 26711 26716 26720
NODE_NUM = 97
FILE mem_ctrl_sub_284.aig

# Subcircuit 285
SUB_ID 285
LO (13):  26716 26720 26765 26778 26790 26837 26841 26847 26875 26966 26972 26973 27094
LI (49):  39 182 609 610 619 620 626 631 648 710 755 779 782 786 788 789 1154 1155 1156 1158 1160 3424 6406 16793 17072 17074 17075 17555 17765 17963 17994 17995 17996 18018 18143 18173 26715 26717 26750 26757 26782 26787 26798 26810 26816 26826 26832 27083 27086
NODE_NUM = 100
FILE mem_ctrl_sub_285.aig

# Subcircuit 286
SUB_ID 286
LO (18):  26782 26787 26902 26903 26921 26925 26928 26931 26934 26936 26940 26941 26942 26945 26946 27033 27037 27045
LI (56):  182 626 629 630 645 716 779 790 791 793 833 1154 1161 17720 17780 17817 17853 17893 17894 17896 17966 18131 18169 18170 20522 20526 21013 21017 26715 26746 26749 26765 26778 26779 26780 26784 26785 26790 26837 26841 26842 26847 26848 26850 26853 26864 26867 26875 26877 26884 26886 26890 26894 26896 26905 26915
NODE_NUM = 91
FILE mem_ctrl_sub_286.aig

# Subcircuit 287
SUB_ID 287
LO (27):  26915 26965 26968 26974 26983 26988 26991 26995 27005 27009 27017 27021 27027 27030 27042 27058 27083 27086 27101 27107 27115 27121 27131 27144 27148 27151 27187
LI (72):  39 40 182 609 610 619 620 630 645 648 710 716 755 782 788 793 1155 1156 1157 1158 1160 3424 8620 16972 17090 17169 17197 17377 17586 17593 17595 17706 17752 17753 17765 17924 17963 17964 18130 18286 18290 19545 26903 26914 26921 26925 26928 26931 26940 26941 26942 26945 26946 26948 27050 27054 27064 27067 27070 27072 27073 27076 27077 27079 27082 27134 27135 27139 27143 27147 27177 27178
NODE_NUM = 100
FILE mem_ctrl_sub_287.aig

# Subcircuit 288
SUB_ID 288
LO (28):  27134 27139 27147 27177 27178 27192 27194 27199 27201 27223 27226 27227 27229 27233 27234 27235 27238 27239 27240 27259 27264 27275 27303 27309 27317 27319 27323 27325
LI (54):  183 620 627 628 649 779 782 786 789 790 1154 1155 1156 1160 2904 17893 17894 17924 17995 17996 18018 18020 18035 18038 18130 18131 20522 20526 20718 23219 23222 26903 26934 26936 27006 27010 27018 27022 27025 27031 27060 27132 27144 27148 27150 27151 27160 27164 27169 27174 27193 27197 27228 27231
NODE_NUM = 96
FILE mem_ctrl_sub_288.aig

# Subcircuit 289
SUB_ID 289
LO (29):  27193 27197 27398 27402 27405 27443 27465 27469 27475 27477 27479 27481 27487 27489 27491 27493 27496 27502 27507 27515 27521 27525 27531 27532 27559 27570 27576 27586 27592
LI (42):  39 183 610 619 620 626 645 735 757 779 782 786 790 791 793 1154 1156 1161 3424 17072 17075 17511 17752 17765 17924 17966 18130 20729 27380 27392 27442 27446 27450 27462 27476 27480 27488 27492 27508 27513 27516 27529
NODE_NUM = 98
FILE mem_ctrl_sub_289.aig

# Subcircuit 290
SUB_ID 290
LO (6):  27228 27231 27314 27320 27326 27379
LI (62):  610 619 620 626 630 631 645 648 716 735 779 782 786 788 789 791 793 833 1158 1161 16793 17074 17963 17994 18018 18143 18173 20522 20526 21013 21017 27192 27194 27227 27229 27234 27240 27246 27259 27264 27273 27275 27277 27285 27287 27291 27293 27301 27303 27307 27309 27317 27319 27323 27325 27331 27334 27339 27359 27363 27369 27373
NODE_NUM = 100
FILE mem_ctrl_sub_290.aig

# Subcircuit 291
SUB_ID 291
LO (24):  27273 27277 27285 27287 27291 27293 27301 27307 27331 27334 27339 27359 27369 27380 27431 27435 27442 27462 27513 27529 27632 27636 27637 27640
LI (56):  183 609 610 619 620 627 629 630 645 648 661 716 782 788 790 793 1155 1156 1157 1158 1160 17720 17753 17780 17817 17853 17893 17894 17896 17966 18018 18131 18169 18170 27192 27199 27201 27223 27226 27233 27235 27238 27239 27314 27320 27326 27330 27406 27600 27604 27606 27610 27614 27620 27626 27633
NODE_NUM = 100
FILE mem_ctrl_sub_291.aig

# Subcircuit 292
SUB_ID 292
LO (19):  27392 27406 27446 27450 27476 27480 27488 27492 27508 27516 27600 27604 27606 27610 27614 27620 27626 27633 27657
LI (84):  39 40 183 609 610 619 626 627 628 649 661 716 735 757 779 782 786 789 1155 1160 3424 6406 16972 17090 17169 17197 17236 17340 17379 17389 17396 17555 17588 17593 17595 17706 17780 18286 18290 19545 20522 20526 27391 27398 27402 27405 27443 27449 27465 27469 27475 27477 27479 27481 27487 27489 27491 27493 27496 27507 27515 27521 27525 27531 27532 27535 27539 27541 27545 27549 27550 27553 27559 27561 27563 27570 27576 27586 27592 27632 27636 27637 27640 27654
NODE_NUM = 100
FILE mem_ctrl_sub_292.aig

# Subcircuit 293
SUB_ID 293
LO (23):  27654 27658 27663 27670 27672 27678 27680 27686 27688 27694 27697 27704 27706 27709 27710 27711 27713 27726 27738 27743 27747 27752 27823
LI (45):  184 626 627 631 648 779 782 786 788 789 790 1154 1155 1156 1158 1160 2904 8620 16793 17893 17894 17924 17963 17964 17994 17995 17996 18018 18020 18035 18038 18130 18143 18173 20718 23219 23222 27431 27435 27502 27652 27657 27664 27668 27699
NODE_NUM = 93
FILE mem_ctrl_sub_293.aig

# Subcircuit 294
SUB_ID 294
LO (29):  27664 27668 27869 27873 27876 27914 27936 27940 27946 27948 27950 27952 27958 27960 27962 27964 27967 27973 27978 27986 27992 27996 28002 28003 28030 28041 28047 28057 28063
LI (42):  39 184 610 619 620 626 645 726 756 779 782 786 790 791 793 1154 1156 1161 3424 17072 17075 17511 17752 17765 17924 17966 18130 20729 27851 27863 27913 27917 27921 27933 27947 27951 27959 27963 27979 27984 27987 28000
NODE_NUM = 98
FILE mem_ctrl_sub_294.aig

# Subcircuit 295
SUB_ID 295
LO (2):  27699 27850
LI (67):  609 610 619 620 628 630 645 649 661 716 726 779 782 786 790 791 793 833 1155 1156 1160 1161 17074 17966 18131 18169 18170 20522 20526 21013 21017 27663 27670 27672 27678 27680 27686 27688 27694 27697 27704 27706 27709 27710 27711 27713 27726 27738 27743 27747 27749 27752 27756 27762 27772 27778 27788 27794 27812 27815 27823 27825 27832 27834 27838 27842 27844
NODE_NUM = 100
FILE mem_ctrl_sub_295.aig

# Subcircuit 296
SUB_ID 296
LO (8):  27851 27860 27863 27913 27933 27984 28000 28129
LI (53):  39 184 619 620 627 629 630 645 648 716 782 788 789 790 793 1155 1157 1158 1160 3424 8620 17593 17720 17753 17780 17817 17853 17893 17894 17896 17963 17964 18018 18131 18286 18290 20522 20526 27862 27877 27992 27996 28002 28071 28075 28077 28081 28085 28091 28097 28104 28109 28120
NODE_NUM = 100
FILE mem_ctrl_sub_296.aig

# Subcircuit 297
SUB_ID 297
LO (37):  27862 27877 27917 27921 27947 27951 27959 27963 27979 27987 28071 28075 28077 28081 28085 28091 28097 28104 28109 28120 28134 28136 28137 28138 28199 28204 28385 28389 28390 28475 28476 28479 28480 28485 28486 28489 28490
LI (76):  39 40 184 185 609 610 619 626 627 628 649 661 716 726 756 779 782 786 1155 1160 2904 3424 6406 16972 17090 17169 17197 17236 17340 17379 17389 17396 17555 17588 17595 17706 17780 18020 19545 20718 27860 27869 27873 27876 27914 27920 27936 27940 27946 27948 27950 27952 27958 27960 27962 27964 27967 27973 27978 27986 28003 28006 28010 28012 28016 28020 28021 28024 28030 28032 28034 28041 28047 28057 28063 28135
NODE_NUM = 100
FILE mem_ctrl_sub_297.aig

# Subcircuit 298
SUB_ID 298
LO (3):  28135 28318 28319
LI (58):  619 620 627 628 630 645 649 661 778 782 786 788 789 790 791 793 1155 1156 1160 1161 17072 17765 17924 17966 18035 18038 18130 18131 18169 18170 20522 20526 20718 23219 23222 28137 28138 28142 28164 28167 28195 28200 28202 28205 28228 28234 28239 28243 28249 28259 28265 28277 28280 28296 28299 28303 28309 28313
NODE_NUM = 100
FILE mem_ctrl_sub_298.aig

# Subcircuit 299
SUB_ID 299
LO (22):  28142 28164 28167 28195 28200 28202 28205 28228 28234 28239 28243 28249 28259 28265 28277 28280 28296 28299 28303 28309 28313 28321
LI (41):  609 610 619 620 626 631 645 648 716 738 779 786 788 833 1154 1155 1156 1158 1160 16793 17074 17893 17894 17924 17963 17966 17994 17995 17996 18018 18130 18143 18173 21013 21017 28134 28136 28199 28204 28318 28319
NODE_NUM = 82
FILE mem_ctrl_sub_299.aig

# Subcircuit 300
SUB_ID 300
LO (26):  28322 28340 28344 28347 28355 28363 28367 28373 28377 28384 28407 28411 28419 28423 28427 28428 28429 28432 28433 28450 28455 28458 28544 28550 28559 28565
LI (32):  185 619 620 626 629 645 648 716 779 782 786 788 790 793 1154 1155 1156 1157 1158 17720 17752 17753 17765 17780 17817 17853 17896 28324 28334 28400 28405 28409
NODE_NUM = 94
FILE mem_ctrl_sub_300.aig

# Subcircuit 301
SUB_ID 301
LO (14):  28324 28334 28400 28405 28409 28431 28438 28441 28444 28453 28460 28464 28465 28600
LI (66):  39 185 610 619 620 626 645 738 778 779 782 786 790 1154 1160 1161 3424 8620 17511 17593 17595 17706 17752 17924 17966 18130 18131 18286 18290 20522 28333 28384 28385 28389 28390 28392 28396 28427 28428 28429 28435 28440 28443 28446 28450 28458 28463 28467 28473 28507 28514 28520 28528 28530 28534 28536 28544 28546 28550 28552 28560 28562 28566 28568 28587 28596
NODE_NUM = 100
FILE mem_ctrl_sub_301.aig

# Subcircuit 302
SUB_ID 302
LO (35):  28435 28440 28443 28446 28463 28467 28473 28507 28514 28520 28528 28530 28534 28536 28546 28552 28560 28562 28566 28568 28587 28596 28605 28607 28617 28618 28635 28638 28671 28676 28700 28706 28770 28856 28980
LI (83):  39 40 185 186 609 610 627 628 630 649 661 738 778 782 786 788 789 791 793 1156 1160 2904 3424 6406 17075 17197 17893 17894 17924 17963 17964 17966 18018 18020 18130 19545 20526 20718 20729 28135 28322 28340 28344 28347 28355 28363 28367 28373 28377 28407 28411 28419 28423 28431 28432 28433 28438 28441 28444 28453 28455 28460 28464 28465 28471 28475 28476 28479 28480 28483 28485 28486 28489 28490 28492 28495 28503 28505 28559 28565 28594 28606 28610
NODE_NUM = 100
FILE mem_ctrl_sub_302.aig

# Subcircuit 303
SUB_ID 303
LO (14):  28606 28610 28642 28646 28647 28648 28651 28652 28653 28729 28735 28773 28783 28792
LI (61):  620 626 627 628 630 645 649 702 752 779 782 788 789 790 791 793 833 1154 1155 1160 1161 17072 17074 17765 17924 17966 17995 17996 18035 18038 18130 18131 18169 18170 20522 20526 20718 23219 23222 28605 28617 28618 28622 28635 28638 28666 28671 28673 28676 28715 28721 28726 28730 28736 28748 28751 28767 28770 28774 28780 28784
NODE_NUM = 100
FILE mem_ctrl_sub_303.aig

# Subcircuit 304
SUB_ID 304
LO (26):  28666 28673 28715 28721 28726 28730 28736 28748 28751 28767 28774 28780 28784 28793 28794 28818 28843 28847 28895 28899 28927 28935 28991 28997 29005 29011
LI (50):  186 609 610 619 626 631 645 648 716 779 782 786 788 1154 1155 1156 1158 1160 16793 17720 17853 17963 17994 18018 18143 18173 21013 21017 28605 28607 28642 28646 28647 28648 28651 28652 28653 28659 28698 28700 28704 28706 28714 28720 28729 28735 28773 28783 28795 28805
NODE_NUM = 99
FILE mem_ctrl_sub_304.aig

# Subcircuit 305
SUB_ID 305
LO (4):  28795 28805 28873 29077
LI (59):  39 186 619 620 629 630 645 648 702 716 782 788 789 790 791 793 1155 1158 1160 3424 8620 17593 17706 17780 17817 17853 17896 17963 17964 18018 18131 18286 18290 20522 20526 28794 28804 28818 28820 28823 28828 28833 28837 28843 28847 28871 28929 28937 28945 29019 29023 29025 29029 29033 29039 29045 29055 29060 29068
NODE_NUM = 98
FILE mem_ctrl_sub_305.aig

# Subcircuit 306
SUB_ID 306
LO (25):  28820 28823 28828 28833 28837 28860 28862 28863 28864 28871 28921 28929 28937 28945 29019 29023 29025 29029 29033 29039 29045 29052 29053 29057 29058
LI (51):  40 186 610 619 620 626 627 628 629 645 649 661 752 779 782 786 790 1154 1156 1157 1160 1161 17377 17555 17586 17595 17752 17780 17817 17896 17924 17966 18130 20729 28793 28856 28857 28875 28881 28885 28895 28899 28927 28935 28987 28991 28993 28997 29001 29005 29011
NODE_NUM = 99
FILE mem_ctrl_sub_306.aig

# Subcircuit 307
SUB_ID 307
LO (14):  28881 28885 28987 28993 29001 29055 29060 29068 29154 29173 29174 29175 29185 29193
LI (58):  39 40 186 187 609 610 619 626 661 702 752 779 786 1154 1156 3424 16972 17090 17169 17197 17236 17340 17379 17389 17396 17752 17753 17765 17780 17893 17894 19545 20718 28793 28856 28874 28921 28954 28958 28960 28964 28968 28969 28972 28980 28982 28984 29052 29053 29057 29058 29104 29107 29122 29127 29137 29153 29164
NODE_NUM = 98
FILE mem_ctrl_sub_307.aig

# Subcircuit 308
SUB_ID 308
LO (13):  29104 29107 29122 29125 29127 29137 29153 29164 29206 29210 29217 29234 29247
LI (47):  39 187 619 620 626 628 649 704 753 782 786 1154 1155 1160 3424 17593 17706 17713 17720 17752 17753 17765 17780 17817 18286 18290 19532 19533 19538 19551 19556 19558 19568 19576 29095 29099 29101 29103 29114 29118 29119 29154 29174 29175 29185 29193 29205
NODE_NUM = 97
FILE mem_ctrl_sub_308.aig

# Subcircuit 309
SUB_ID 309
LO (5):  29205 29344 29348 29353 29556
LI (46):  627 629 630 631 642 645 648 716 782 788 789 790 791 793 1157 1158 1159 8620 17853 17896 29125 29173 29206 29234 29241 29244 29250 29254 29258 29260 29264 29274 29283 29287 29293 29304 29314 29318 29324 29336 29341 29345 29349 29355 29363 29555
NODE_NUM = 100
FILE mem_ctrl_sub_309.aig

# Subcircuit 310
SUB_ID 310
LO (36):  29241 29250 29260 29274 29287 29304 29318 29341 29345 29349 29355 29363 29367 29371 29373 29379 29381 29389 29393 29399 29403 29405 29409 29410 29411 29414 29415 29422 29426 29432 29433 29437 29438 29451 29539 29549
LI (42):  187 620 627 629 645 648 716 779 782 786 790 833 1154 1155 1156 1157 1158 1160 1161 2904 8620 17853 17924 17966 17996 18020 18025 18028 18035 18038 18130 20718 29125 29210 29217 29247 29344 29348 29353 29366 29404 29407
NODE_NUM = 100
FILE mem_ctrl_sub_310.aig

# Subcircuit 311
SUB_ID 311
LO (7):  29366 29404 29407 29474 29480 29484 29555
LI (67):  610 619 620 626 630 631 645 648 704 716 753 779 786 788 789 790 791 793 833 1155 1158 1160 16793 17072 17074 17893 17894 17963 17994 17995 18018 18143 18173 20522 20526 21013 21017 29367 29403 29405 29410 29415 29422 29426 29432 29433 29435 29437 29438 29440 29449 29451 29453 29461 29463 29467 29469 29479 29491 29495 29497 29501 29506 29510 29515 29539 29549
NODE_NUM = 99
FILE mem_ctrl_sub_311.aig

# Subcircuit 312
SUB_ID 312
LO (21):  29449 29453 29461 29463 29467 29469 29479 29491 29495 29497 29501 29506 29510 29515 29652 29665 29667 29671 29672 29680 29689
LI (45):  188 609 610 619 620 626 628 649 661 779 782 786 790 1154 1155 1156 3424 17752 17780 18131 18169 18170 29371 29373 29379 29381 29389 29393 29399 29409 29411 29414 29474 29480 29484 29578 29581 29597 29602 29612 29628 29639 29651 29656 29664
NODE_NUM = 96
FILE mem_ctrl_sub_312.aig

# Subcircuit 313
SUB_ID 313
LO (22):  29578 29581 29597 29600 29602 29612 29628 29639 29651 29656 29664 29713 29714 29717 29718 29724 29725 29726 29731 29732 29735 29736
LI (53):  39 188 619 620 626 627 628 649 727 771 782 789 790 1154 1155 1160 3424 17593 17706 17713 17720 17752 17753 17765 17780 17817 17853 18286 18290 19532 19538 19551 19556 19558 19568 19576 21173 24608 29563 29569 29573 29575 29577 29588 29592 29593 29665 29667 29671 29672 29680 29683 29689
NODE_NUM = 98
FILE mem_ctrl_sub_313.aig

# Subcircuit 314
SUB_ID 314
LO (7):  29683 29798 29810 29817 29823 29827 30031
LI (53):  629 630 631 642 645 648 788 789 791 793 1157 1158 1159 1161 8620 17817 17924 17966 18130 29600 29652 29713 29714 29718 29724 29725 29726 29729 29731 29732 29735 29736 29739 29740 29749 29754 29758 29762 29764 29768 29779 29781 29789 29793 29799 29811 29818 29820 29824 29828 29830 29838 30030
NODE_NUM = 100
FILE mem_ctrl_sub_314.aig

# Subcircuit 315
SUB_ID 315
LO (32):  29754 29764 29781 29799 29811 29818 29824 29828 29838 29840 29842 29846 29848 29854 29856 29864 29868 29874 29877 29880 29884 29885 29886 29889 29890 29893 29906 29918 29926 29968 29974 30003
LI (50):  188 620 627 629 631 648 716 779 782 786 788 789 790 793 833 1154 1155 1156 1158 1160 2904 8620 17893 17894 17896 17924 17963 17994 17995 17996 18018 18020 18025 18028 18035 18038 18130 18143 18173 20718 29600 29717 29798 29810 29817 29823 29827 29841 29879 29882
NODE_NUM = 99
FILE mem_ctrl_sub_315.aig

# Subcircuit 316
SUB_ID 316
LO (4):  29841 29879 29882 30030
LI (69):  609 610 619 620 626 628 630 645 649 661 716 727 771 779 782 786 790 791 793 833 1155 1156 1161 16793 17072 17074 17966 18131 18169 18170 20522 20526 21013 21017 29842 29846 29848 29854 29856 29864 29868 29874 29877 29880 29884 29885 29886 29889 29890 29893 29906 29918 29926 29936 29942 29952 29958 29968 29974 29992 29995 30003 30005 30008 30012 30014 30018 30022 30024
NODE_NUM = 100
FILE mem_ctrl_sub_316.aig

# Subcircuit 317
SUB_ID 317
LO (22):  30008 30012 30022 30033 30038 30052 30068 30075 30077 30087 30103 30114 30126 30131 30139 30149 30192 30199 30218 30288 30293 30303
LI (52):  39 189 619 620 626 627 642 645 649 706 716 769 789 790 1154 1155 1159 1160 3424 17593 17706 17720 17752 17753 17765 17780 17817 17853 17966 18286 18290 19532 19538 19551 19556 19558 19568 19576 24608 29840 30044 30048 30050 30063 30067 30157 30158 30168 30174 30178 30186 30196
NODE_NUM = 98
FILE mem_ctrl_sub_317.aig

# Subcircuit 318
SUB_ID 318
LO (4):  30158 30186 30196 30311
LI (44):  629 630 631 645 648 716 788 790 791 793 1157 1158 1161 8620 17817 17896 17924 17966 18130 30075 30127 30156 30167 30192 30199 30218 30224 30229 30233 30237 30239 30243 30254 30256 30264 30268 30274 30286 30288 30293 30295 30299 30303 30305
NODE_NUM = 91
FILE mem_ctrl_sub_318.aig

# Subcircuit 319
SUB_ID 319
LO (22):  30315 30321 30323 30329 30331 30339 30343 30349 30352 30359 30361 30364 30365 30368 30381 30393 30398 30402 30407 30443 30449 30478
LI (38):  189 620 626 627 631 648 779 782 786 788 789 790 1154 1155 1156 1158 1160 2904 16793 17893 17894 17924 17963 17994 17995 17996 18018 18020 18025 18028 18035 18038 18130 18143 18173 20718 30316 30354
NODE_NUM = 94
FILE mem_ctrl_sub_319.aig

# Subcircuit 320
SUB_ID 320
LO (5):  30316 30354 30505 30508 30818
LI (69):  609 610 619 620 628 630 645 649 661 706 716 769 773 779 782 786 790 791 793 833 1155 1156 1161 17072 17074 17553 17966 18131 18169 18170 20522 20526 21013 21017 30315 30321 30323 30329 30331 30339 30343 30349 30352 30359 30361 30364 30365 30368 30381 30393 30398 30402 30404 30407 30411 30417 30427 30433 30443 30449 30467 30470 30478 30480 30487 30489 30493 30497 30499
NODE_NUM = 99
FILE mem_ctrl_sub_320.aig

# Subcircuit 321
SUB_ID 321
LO (9):  30511 30525 30553 30716 30726 30730 30732 30733 30737
LI (54):  39 190 609 610 619 620 626 627 629 630 642 773 779 782 786 789 790 1155 1156 1160 3424 16793 17388 17593 17780 17817 17853 17896 20118 30524 30549 30550 30561 30563 30564 30568 30575 30582 30585 30591 30608 30618 30625 30639 30649 30657 30670 30680 30688 30702 30712 30722 30725 30729
NODE_NUM = 100
FILE mem_ctrl_sub_321.aig

# Subcircuit 322
SUB_ID 322
LO (23):  30549 30550 30562 30564 30575 30585 30608 30618 30625 30639 30649 30657 30670 30680 30688 30702 30712 30720 30722 30725 30729 30736 30740
LI (51):  39 40 190 610 619 620 626 627 628 629 642 649 661 728 773 782 786 790 1154 1155 1156 1157 1159 1160 16972 17090 17169 17236 17340 17379 17389 17396 17720 17752 17780 17817 17853 17896 18130 19558 30530 30534 30536 30540 30544 30546 30548 30563 30602 30733 30737
NODE_NUM = 100
FILE mem_ctrl_sub_322.aig

# Subcircuit 323
SUB_ID 323
LO (7):  30568 30591 30602 30815 30840 30853 30857
LI (57):  39 58 190 610 626 630 631 645 648 716 728 779 788 791 793 833 1154 1158 1161 6461 17075 17752 17924 17966 18286 18290 30555 30558 30562 30567 30716 30720 30726 30730 30732 30736 30740 30752 30756 30758 30762 30766 30768 30772 30779 30784 30791 30793 30797 30801 30803 30819 30828 30835 30847 30852 30856
NODE_NUM = 99
FILE mem_ctrl_sub_323.aig

# Subcircuit 324
SUB_ID 324
LO (17):  30819 30828 30835 30847 30852 30856 30889 30890 30893 30902 30923 30939 30956 30962 30969 30973 30978
LI (57):  190 609 610 619 626 628 629 630 631 642 645 648 661 716 728 779 782 786 788 789 790 793 1154 1155 1156 1157 1158 1159 1161 2904 17074 17753 17765 17780 17853 18012 18013 19442 19443 19473 19497 20526 30818 30825 30853 30857 30865 30874 30883 30910 30916 30927 30935 30944 30952 30966 30975
NODE_NUM = 100
FILE mem_ctrl_sub_324.aig

# Subcircuit 325
SUB_ID 325
LO (41):  30865 30874 30883 30900 30910 30916 30927 30935 30944 30952 30966 30975 30986 30988 30993 30995 31001 31003 31009 31011 31017 31020 31023 31027 31028 31029 31032 31033 31034 31035 31036 31037 31048 31050 31051 31055 31056 31069 31144 31154 31164
LI (48):  191 627 629 630 631 645 648 779 782 786 790 1154 1155 1156 1157 1158 1160 2904 17850 17851 17924 17963 17994 17995 17996 18020 18035 18038 18130 18143 18173 20385 20391 20397 20473 20483 20498 20508 20718 23219 23222 30818 30840 30964 30987 30991 31022 31025
NODE_NUM = 95
FILE mem_ctrl_sub_325.aig

# Subcircuit 326
SUB_ID 326
LO (7):  30987 30991 31022 31025 31136 31361 31462
LI (77):  39 191 609 610 619 620 626 628 630 645 649 661 700 764 779 782 786 788 789 790 791 833 1155 1156 1160 6406 16793 17072 17074 17075 17765 17893 17894 18018 18131 18170 20526 30988 30993 30995 31001 31003 31009 31011 31017 31023 31027 31028 31029 31032 31033 31034 31035 31048 31050 31051 31055 31056 31058 31059 31069 31079 31085 31095 31101 31111 31117 31125 31129 31135 31138 31139 31148 31157 31161 31167 31461
NODE_NUM = 100
FILE mem_ctrl_sub_326.aig

# Subcircuit 327
SUB_ID 327
LO (39):  31129 31135 31138 31148 31157 31161 31167 31175 31184 31193 31197 31203 31206 31211 31214 31218 31226 31230 31242 31246 31253 31258 31261 31265 31275 31279 31287 31291 31297 31300 31303 31307 31315 31335 31372 31378 31386 31392 31461
LI (77):  39 40 191 609 610 619 620 626 627 629 630 645 648 700 716 764 788 789 793 1154 1155 1156 1160 1161 8620 16972 17090 17559 17586 17593 17595 17706 17720 17752 17753 17765 17780 17817 17853 17893 17894 17896 17924 17966 18130 18169 18286 18290 20522 20526 21013 21017 30986 31017 31020 31036 31037 31136 31144 31154 31164 31179 31183 31194 31198 31201 31239 31320 31324 31330 31334 31432 31433 31437 31438 31454 31460
NODE_NUM = 100
FILE mem_ctrl_sub_327.aig

# Subcircuit 328
SUB_ID 328
LO (27):  31432 31433 31437 31438 31454 31460 31463 31465 31470 31472 31494 31497 31498 31500 31504 31505 31506 31509 31527 31528 31532 31533 31546 31574 31580 31590 31596
LI (55):  192 619 620 627 628 649 779 782 786 788 790 833 1154 1155 1156 1160 2904 17924 17963 17964 18018 18020 18035 18038 18130 18131 20718 23219 23222 31204 31207 31209 31227 31231 31276 31280 31288 31292 31295 31301 31389 31390 31392 31394 31398 31402 31408 31418 31424 31452 31459 31464 31468 31499 31502
NODE_NUM = 100
FILE mem_ctrl_sub_328.aig

# Subcircuit 329
SUB_ID 329
LO (14):  31464 31468 31653 31684 31686 31704 31708 31715 31721 31789 31807 31876 31882 31886
LI (53):  39 192 609 610 619 626 629 645 648 716 730 747 779 786 788 793 1155 1156 1157 1158 3424 6406 17072 17075 17555 17713 17765 17780 17817 17853 17896 17921 17922 31652 31661 31670 31674 31680 31683 31688 31691 31695 31703 31707 31802 31808 31830 31834 31847 31853 31865 31871 31881
NODE_NUM = 100
FILE mem_ctrl_sub_329.aig

# Subcircuit 330
SUB_ID 330
LO (6):  31499 31502 31540 31541 31543 31939
LI (63):  619 620 626 630 631 645 648 716 730 782 788 789 790 791 793 833 1155 1158 1160 1161 16793 17074 17893 17894 17963 17994 17995 17996 18018 18131 18143 18173 20522 20526 21013 21017 31463 31465 31498 31500 31505 31509 31517 31527 31528 31530 31532 31533 31535 31570 31574 31576 31580 31584 31590 31596 31605 31610 31630 31634 31640 31644 31938
NODE_NUM = 100
FILE mem_ctrl_sub_330.aig

# Subcircuit 331
SUB_ID 331
LO (34):  31570 31576 31584 31605 31610 31630 31640 31652 31661 31670 31674 31680 31683 31688 31691 31695 31703 31707 31719 31723 31730 31735 31738 31742 31752 31756 31764 31768 31774 31777 31780 31784 31792 31938
LI (76):  39 40 192 609 610 619 620 626 627 629 645 648 661 716 730 747 779 782 786 789 1154 1155 1156 1160 8620 17559 17586 17593 17595 17706 17720 17752 17753 17765 17780 17817 17853 17893 17894 17896 17924 17966 18130 18169 18170 18286 18290 20522 20526 31463 31470 31472 31494 31497 31504 31506 31509 31540 31541 31543 31546 31549 31556 31562 31656 31660 31716 31797 31801 31807 31909 31910 31914 31915 31931 31937
NODE_NUM = 100
FILE mem_ctrl_sub_331.aig

# Subcircuit 332
SUB_ID 332
LO (35):  31797 31801 31802 31830 31834 31847 31853 31865 31871 31881 31909 31910 31914 31915 31931 31940 31942 31952 31953 31955 31982 32005 32010 32023 32035 32041 32051 32286 32287 32290 32291 32296 32297 32300 32301
LI (71):  39 40 192 193 620 626 627 628 649 661 747 782 786 788 790 791 1154 1155 1156 1160 2904 16972 17090 17169 17197 17236 17340 17379 17389 17396 17963 17964 18018 18020 18035 18131 20718 20729 24241 31684 31686 31704 31708 31733 31741 31745 31753 31757 31765 31769 31772 31775 31778 31796 31798 31799 31811 31815 31817 31821 31825 31827 31829 31876 31882 31886 31895 31901 31929 31941 31945
NODE_NUM = 98
FILE mem_ctrl_sub_332.aig

# Subcircuit 333
SUB_ID 333
LO (16):  31941 31945 32130 32163 32181 32185 32192 32198 32266 32282 32319 32326 32332 32340 32383 32384
LI (58):  39 193 609 610 619 620 626 629 645 648 692 716 765 779 782 786 788 790 793 1155 1156 1157 1158 1160 3424 6406 17072 17075 17555 17713 17765 17780 17817 17853 17896 17921 17922 32129 32138 32147 32151 32157 32160 32165 32168 32172 32180 32184 32307 32311 32343 32344 32348 32352 32358 32364 32374 32380
NODE_NUM = 99
FILE mem_ctrl_sub_333.aig

# Subcircuit 334
SUB_ID 334
LO (9):  31977 31981 31983 31986 31987 31989 32064 32070 32416
LI (58):  620 626 627 628 630 645 649 692 716 779 782 788 789 790 791 793 833 1154 1155 1160 1161 17074 17924 17966 17994 17995 17996 18038 18130 18131 18169 18170 20522 20526 20718 23219 23222 31940 31952 31953 31955 31982 32001 32006 32008 32011 32052 32056 32061 32065 32071 32083 32086 32102 32109 32115 32119 32415
NODE_NUM = 100
FILE mem_ctrl_sub_334.aig

# Subcircuit 335
SUB_ID 335
LO (36):  32001 32006 32008 32011 32052 32056 32061 32065 32071 32083 32086 32102 32115 32128 32129 32147 32151 32157 32160 32165 32168 32172 32180 32184 32212 32215 32219 32229 32233 32241 32245 32251 32254 32257 32261 32269
LI (62):  193 609 610 619 620 626 629 631 645 648 716 779 782 786 788 1154 1155 1156 1158 1160 16793 17720 17752 17753 17765 17780 17817 17853 17893 17894 17896 17924 17963 17966 18018 18130 18143 18173 21013 21017 31940 31942 31977 31981 31982 31983 31986 31987 31989 31994 32005 32010 32023 32033 32035 32039 32041 32049 32051 32055 32064 32070
NODE_NUM = 97
FILE mem_ctrl_sub_335.aig

# Subcircuit 336
SUB_ID 336
LO (25):  32138 32196 32200 32207 32307 32311 32358 32364 32374 32380 32415 32417 32419 32424 32426 32437 32438 32483 32488 32528 32534 32610 32612 32614 32615
LI (76):  39 40 193 194 627 628 649 692 765 782 786 788 789 790 833 1155 1156 2904 8620 17197 17559 17586 17593 17595 17706 17893 17894 17963 17964 18018 18020 18035 18038 18131 18286 18290 20522 20526 20718 24241 32128 32133 32137 32163 32181 32185 32193 32230 32234 32242 32246 32249 32255 32274 32278 32284 32286 32287 32290 32291 32294 32296 32297 32300 32301 32304 32306 32383 32384 32389 32394 32399 32406 32408 32418 32422
NODE_NUM = 100
FILE mem_ctrl_sub_336.aig

# Subcircuit 337
SUB_ID 337
LO (29):  32418 32422 32623 32627 32630 32668 32690 32694 32700 32702 32704 32706 32712 32714 32716 32718 32721 32727 32732 32740 32746 32750 32756 32757 32785 32796 32802 32812 32818
LI (42):  39 194 610 619 620 626 645 691 740 779 782 786 790 791 793 1154 1156 1161 3424 17072 17075 17511 17752 17765 17924 17966 18130 20729 32605 32617 32667 32671 32675 32687 32701 32705 32713 32717 32733 32738 32741 32754
NODE_NUM = 98
FILE mem_ctrl_sub_337.aig

# Subcircuit 338
SUB_ID 338
LO (12):  32454 32458 32459 32460 32463 32464 32465 32466 32467 32578 32591 32604
LI (54):  626 627 630 631 645 648 649 691 716 779 788 789 790 791 793 833 1154 1158 1160 1161 17074 17924 17963 17966 17994 17995 17996 18130 18143 18169 18170 18173 20522 20526 20718 23219 23222 32417 32437 32438 32442 32478 32483 32485 32488 32543 32549 32555 32560 32563 32579 32586 32592 32596
NODE_NUM = 100
FILE mem_ctrl_sub_338.aig

# Subcircuit 339
SUB_ID 339
LO (19):  32485 32543 32549 32555 32560 32563 32579 32592 32605 32646 32650 32653 32656 32660 32828 32834 32844 32850 32863
LI (53):  194 609 610 619 620 626 629 648 661 716 779 782 786 790 793 1154 1155 1156 1157 1160 16793 17720 17780 17817 17853 17896 18018 18131 21013 21017 32419 32424 32426 32454 32458 32459 32460 32463 32464 32465 32466 32467 32510 32516 32526 32528 32532 32534 32542 32548 32578 32591 32631
NODE_NUM = 99
FILE mem_ctrl_sub_339.aig

# Subcircuit 340
SUB_ID 340
LO (15):  32617 32631 32667 32671 32675 32687 32701 32705 32713 32717 32733 32738 32741 32754 32884
LI (82):  39 40 194 610 619 620 626 630 645 691 716 740 779 782 786 788 790 1155 1158 1160 3424 8620 16972 17090 17169 17236 17389 17555 17588 17595 17753 17780 18131 20522 32605 32610 32612 32614 32615 32630 32646 32650 32653 32656 32660 32668 32674 32700 32704 32712 32716 32732 32740 32746 32750 32756 32757 32760 32764 32766 32770 32775 32778 32789 32796 32798 32802 32804 32812 32814 32818 32820 32828 32830 32834 32836 32844 32846 32850 32852 32871 32880
NODE_NUM = 100
FILE mem_ctrl_sub_340.aig

# Subcircuit 341
SUB_ID 341
LO (27):  32770 32775 32789 32798 32804 32814 32820 32830 32836 32846 32852 32871 32880 32916 32934 32943 32958 32968 32991 33001 33022 33032 33054 33064 33074 33087 33102
LI (75):  39 40 194 195 609 610 619 620 626 627 628 629 649 661 691 740 779 782 786 788 789 790 1154 1156 1157 1159 3424 6406 17197 17340 17379 17396 17752 17893 17894 17924 17963 17964 18130 20526 20718 24241 32605 32623 32627 32656 32660 32690 32694 32702 32706 32714 32718 32721 32727 32774 32785 32787 32861 32863 32866 32878 32909 32912 32953 32964 32981 32989 32999 33020 33030 33052 33062 33071 33101
NODE_NUM = 100
FILE mem_ctrl_sub_341.aig

# Subcircuit 342
SUB_ID 342
LO (32):  32909 32912 32917 32921 32925 32927 32937 32953 32964 32976 32981 32989 32999 33009 33020 33030 33040 33052 33062 33071 33077 33081 33101 33129 33130 33135 33142 33147 33148 33152 35299 35305
LI (52):  195 619 620 626 627 629 630 631 642 645 648 731 749 788 793 1154 1155 1157 1158 1160 3424 17713 17720 17752 17753 17765 17780 17817 17853 17896 17924 18130 19538 19551 19568 19576 24546 24608 24710 32892 32896 32898 32905 32908 33082 33084 33088 33089 33097 33104 33106 33118
NODE_NUM = 97
FILE mem_ctrl_sub_342.aig

# Subcircuit 343
SUB_ID 343
LO (31):  33097 33104 33106 33118 33161 33165 33167 33171 33173 33179 33181 33189 33193 33196 33199 33203 33205 33209 33210 33211 33214 33215 33217 33218 33222 33226 33251 33293 33299 33339 33349
LI (50):  195 620 645 648 716 779 782 786 790 791 793 1154 1155 1156 1158 1160 1161 2904 8620 17924 17966 17994 17995 17996 18020 18025 18028 18035 18038 18130 18143 20718 32925 33068 33078 33102 33129 33130 33135 33142 33145 33147 33148 33150 33152 33157 33160 33166 33204 33207
NODE_NUM = 100
FILE mem_ctrl_sub_343.aig

# Subcircuit 344
SUB_ID 344
LO (4):  33166 33204 33207 33355
LI (66):  609 610 619 620 626 627 631 645 648 661 716 731 749 779 782 786 788 789 790 791 833 1156 1158 16793 17072 17074 17893 17894 17963 18018 18131 18173 20526 33165 33167 33171 33173 33196 33203 33205 33209 33210 33211 33214 33217 33218 33222 33226 33234 33239 33251 33261 33267 33277 33279 33283 33285 33293 33295 33299 33301 33307 33320 33321 33339 33349
NODE_NUM = 100
FILE mem_ctrl_sub_344.aig

# Subcircuit 345
SUB_ID 345
LO (29):  33277 33279 33283 33285 33295 33301 33320 33357 33375 33388 33411 33437 33456 33462 33476 33481 33491 33506 33507 33511 33515 33524 33527 33534 33539 33544 33552 33554 33570
LI (87):  39 40 88 93 101 171 172 198 199 216 224 300 619 628 630 649 699 768 793 833 948 1155 2904 3227 3355 3625 6346 6358 6367 6384 9228 9242 9246 10357 13871 14062 16356 16488 16679 16696 16902 17103 17422 17488 17509 17593 17711 18169 18170 19035 20522 21013 21017 21162 21179 21206 21222 21228 21254 21270 21316 33179 33181 33189 33193 33199 33215 33218 33317 33433 33455 33485 33486 33489 33493 33494 33498 33501 33510 33514 33542 33545 33548 33551 33553 33566 33569
NODE_NUM = 100
FILE mem_ctrl_sub_345.aig

# Subcircuit 346
SUB_ID 346
LO (24):  33553 33558 33598 33600 33603 33606 33617 33621 33622 33650 33666 33669 33679 33773 33824 33951 33987 34057 35873 36163 37638 37643 37985 37986
LI (57):  40 199 216 224 300 604 634 643 663 681 3227 3625 6324 6341 6342 6345 6358 6384 16792 16799 16822 16842 16849 16863 16869 17460 33542 33556 33602 33604 33605 33606 33631 33643 33647 33649 33655 33659 33768 33769 33782 33789 33790 33792 33806 33816 33819 34000 34016 34020 34039 34049 34052 36161 37636 37913 37983
NODE_NUM = 99
FILE mem_ctrl_sub_346.aig

# Subcircuit 347
SUB_ID 347
LO (14):  33631 33647 33655 33659 33694 33768 33782 33816 33847 34000 34049 34064 35863 35901
LI (52):  40 199 604 634 643 681 3227 3424 3625 6324 6341 6342 6345 6358 6361 6384 16793 16810 16842 16843 16869 16900 16941 33654 33692 33747 33748 33756 33761 33766 33773 33781 33815 33843 33951 33954 33955 33964 33969 33981 33982 33987 33999 34048 34060 35820 35830 35833 35839 35850 35853 35862
NODE_NUM = 100
FILE mem_ctrl_sub_347.aig

# Subcircuit 348
SUB_ID 348
LO (29):  33643 33747 33748 33756 33761 33766 33769 33781 33789 33792 33806 33815 33819 33828 33829 33914 33964 33969 33981 33982 33999 34016 34020 34039 34048 34052 35879 35881 35886
LI (51):  199 216 224 604 635 681 948 3227 3625 6324 6341 6342 6345 6358 6361 6367 6384 16822 16842 16843 16869 16939 16952 16974 16976 33542 33544 33603 33606 33621 33650 33786 33790 33796 33800 33803 33827 33954 33962 33963 34005 34008 34011 34032 34033 35827 35845 35866 35867 35878 35884
NODE_NUM = 98
FILE mem_ctrl_sub_348.aig

# Subcircuit 349
SUB_ID 349
LO (22):  33827 33843 33853 33857 33863 33872 33893 33899 33913 33917 33922 33935 33937 33944 33954 33955 33962 33963 34005 34060 34135 34172
LI (70):  199 604 626 627 629 630 631 634 635 643 645 648 666 681 716 788 789 791 793 1154 1157 1158 1161 6324 8620 16810 16987 17004 17037 17073 17330 17334 17343 17349 17367 17409 17780 17853 17893 17894 17921 17963 18018 20522 20526 20729 33579 33600 33621 33735 33738 33741 33826 33836 33867 33870 33873 33874 33875 33906 33915 33920 33933 34002 34138 34139 34151 34157 34161 34171
NODE_NUM = 99
FILE mem_ctrl_sub_349.aig

# Subcircuit 350
SUB_ID 350
LO (53):  34069 34071 34075 34077 34085 34087 34091 34093 34103 34109 34117 34119 34123 34125 34139 34151 34157 34161 34173 34174 34229 34239 34251 34254 34258 34264 34268 34281 34289 34295 34299 34312 34320 34326 34330 34342 34343 34351 34357 34361 34439 34443 34453 36280 36291 38712 38716 38721 38736 39103 39152 39276 43644
LI (39):  200 609 610 618 619 620 626 627 628 638 645 649 661 779 1154 1155 1156 1160 17720 17752 17780 17817 17853 17966 33579 33696 33704 33708 33716 33720 33728 33732 33740 33854 33858 33861 33866 34137 34223
NODE_NUM = 98
FILE mem_ctrl_sub_350.aig

# Subcircuit 351
SUB_ID 351
LO (25):  34175 34180 34184 34201 34223 34344 34352 34358 34463 36020 38642 38643 38645 38647 39432 39564 39566 39598 39600 39605 39615 39616 39639 39703 39744
LI (68):  39 40 200 212 215 618 629 638 642 645 648 788 789 791 793 1157 1158 1159 3424 8620 17362 17395 17555 17588 17593 17645 17695 19531 19546 19550 19576 20118 34179 34189 34192 34193 34194 34197 34198 34212 34216 34218 34219 34221 34338 34343 34351 34355 34357 34359 34360 34361 34374 34383 34387 34393 34404 34414 34418 34424 34437 34446 34450 34456 39595 39599 39603 39614
NODE_NUM = 99
FILE mem_ctrl_sub_351.aig

# Subcircuit 352
SUB_ID 352
LO (36):  34374 34383 34387 34393 34404 34414 34418 34424 34437 34446 34450 34456 34464 34465 34479 34484 34488 34496 34500 34509 34513 34515 34518 34567 34571 34576 34694 34699 34703 34720 34724 34734 35941 39736 41265 42805
LI (37):  201 607 610 619 620 629 630 631 645 648 716 788 790 793 1155 1156 1157 1158 1160 1161 17720 17752 17896 17924 17966 18130 34173 34342 34349 34379 34389 34406 34439 34443 34453 34506 34510
NODE_NUM = 97
FILE mem_ctrl_sub_352.aig

# Subcircuit 353
SUB_ID 353
LO (5):  34473 34563 34645 34649 34744
LI (68):  39 201 619 627 629 630 631 645 648 716 788 789 791 793 1155 1158 1161 3424 8620 17555 17588 17780 17817 17853 17893 17894 17896 17924 17963 17966 18018 18130 19531 19537 20522 20526 20718 20729 34464 34470 34471 34505 34515 34518 34559 34564 34567 34571 34576 34579 34640 34644 34646 34672 34675 34677 34680 34694 34696 34699 34701 34703 34717 34720 34724 34730 34734 34743
NODE_NUM = 100
FILE mem_ctrl_sub_353.aig

# Subcircuit 354
SUB_ID 354
LO (13):  34529 34530 34539 34559 34594 34640 34644 34646 34672 34745 34940 34948 35072
LI (60):  39 40 201 234 238 300 609 610 619 620 626 628 644 649 661 779 782 786 790 1154 1156 1160 17362 17395 17630 17679 17693 17780 18131 19565 19573 34464 34474 34477 34485 34489 34497 34501 34509 34513 34528 34538 34543 34545 34563 34591 34595 34596 34598 34600 34601 34606 34611 34617 34622 34645 34649 34653 34658 34664
NODE_NUM = 100
FILE mem_ctrl_sub_354.aig

# Subcircuit 355
SUB_ID 355
LO (38):  34759 34760 34770 34775 34784 34788 34816 34834 34887 34893 34900 34917 34920 34923 34931 35014 35022 35043 35046 35061 35062 35063 35069 35070 35077 35078 36273 36274 45530 45533 45534 45547 45568 45592 45708 45711 45761 46491
LI (70):  56 60 71 75 199 205 206 207 211 219 243 250 300 333 469 484 485 486 908 948 2658 2686 3250 3395 3425 3450 6324 6342 6345 6460 6773 15853 16641 34745 34766 34783 34785 34787 34790 34798 34800 34807 34810 34813 34814 34815 34818 34822 34829 34835 34868 34884 34904 34909 34911 34912 34914 34940 34948 34991 34999 35000 35005 35013 35020 35037 35040 35058 35059 35072
NODE_NUM = 98
FILE mem_ctrl_sub_355.aig

# Subcircuit 356
SUB_ID 356
LO (36):  34932 34938 34946 34954 36302 45623 45635 45647 45664 45685 45776 45779 45785 45919 45922 45931 45946 45955 45997 46029 46031 46080 46082 46085 46091 46092 46097 46098 46124 46133 46315 46316 46530 46531 46753 46754
LI (42):  202 203 204 221 235 238 241 242 512 516 519 524 538 560 571 580 6729 16641 34937 34945 34953 36301 45618 45646 45663 45683 45777 45783 45918 45920 45929 45945 45953 45979 45983 45989 45993 46025 46028 46065 46068 46073
NODE_NUM = 86
FILE mem_ctrl_sub_356.aig

# Subcircuit 357
SUB_ID 357
LO (29):  34945 45650 45653 45656 45659 45782 45929 45943 45952 45953 45958 45961 45964 46265 46305 46337 46338 46339 46340 46343 46345 46348 46358 46359 46425 46434 46439 46456 46464
LI (33):  236 239 240 241 243 245 246 247 248 249 250 520 521 522 523 543 562 575 579 582 583 585 586 587 34936 34940 46304 46315 46316 46326 46349 46350 46355
NODE_NUM = 93
FILE mem_ctrl_sub_357.aig

# Subcircuit 358
SUB_ID 358
LO (24):  34953 45527 45575 45688 45691 45765 45777 45783 45791 45794 45797 45911 45914 46748 46782 46783 46784 46787 46788 46793 46839 46848 46871 46879
LI (32):  236 239 240 241 243 245 246 247 248 249 250 483 499 532 533 557 561 563 565 566 567 569 570 34936 34948 46722 46724 46753 46754 46757 46768 46789
NODE_NUM = 89
FILE mem_ctrl_sub_358.aig

# Subcircuit 359
SUB_ID 359
LO (37):  34963 34970 34980 34985 34998 34999 35005 35013 35020 35033 35037 35040 35049 35058 35059 45562 45572 45596 45602 45696 45709 45729 45770 45979 45983 45989 45993 46016 46025 46028 46283 46284 46287 46289 46290 46481 46482
LI (66):  56 58 60 205 206 207 219 234 235 240 250 300 333 498 506 539 545 558 681 908 3250 3425 3450 6345 6460 6466 6547 6648 15853 16641 16842 34752 34777 34794 34795 34802 34852 34854 34858 34870 34872 34888 34910 34958 34959 34968 34976 34991 34995 34996 35019 35027 35031 35032 35062 35069 35077 45594 45601 45708 45728 45769 46020 46265 46268 46281
NODE_NUM = 100
FILE mem_ctrl_sub_359.aig

# Subcircuit 360
SUB_ID 360
LO (17):  35111 35112 35201 35204 35205 35206 35207 35229 35246 35263 35277 35284 35291 35376 35423 35426 35434
LI (51):  208 609 610 619 620 626 627 629 630 642 779 782 786 789 790 793 1154 1155 1156 1157 1160 3424 17780 17817 17853 17896 17922 19473 20526 24549 35084 35087 35091 35099 35102 35107 35110 35191 35197 35198 35209 35212 35217 35227 35234 35244 35251 35261 35268 35368 35373
NODE_NUM = 99
FILE mem_ctrl_sub_360.aig

# Subcircuit 361
SUB_ID 361
LO (18):  35110 35168 35439 35569 35576 35578 35594 35597 35603 35609 35615 35625 35635 35645 35966 35975 38872 39333
LI (51):  208 209 608 619 620 628 631 639 645 648 649 711 782 786 789 790 791 1158 1160 8620 17720 18130 18131 18172 20526 20718 35128 35130 35142 35147 35151 35159 35163 35190 35205 35263 35362 35394 35399 35404 35421 35429 35438 35530 35535 35544 35553 35557 35563 35575 35592
NODE_NUM = 95
FILE mem_ctrl_sub_361.aig

# Subcircuit 362
SUB_ID 362
LO (18):  35142 35183 35186 35394 35399 35404 35441 35445 35454 35459 35467 35502 35516 35521 35592 35776 35806 36268
LI (71):  208 209 210 218 608 613 619 623 624 628 640 645 648 661 696 782 786 788 791 1155 1156 1157 1158 1159 1160 1161 8620 17924 18015 18016 18130 20385 20388 20389 20391 20395 23851 35115 35133 35134 35137 35138 35140 35176 35184 35206 35246 35380 35385 35390 35453 35458 35464 35589 35733 35734 35740 35742 35748 35752 35757 35760 35766 35768 35778 35783 35786 35792 35799 36253 36261
NODE_NUM = 100
FILE mem_ctrl_sub_362.aig

# Subcircuit 363
SUB_ID 363
LO (25):  35187 35212 35217 35311 35315 35321 35338 35357 35368 35373 35380 35385 35390 35438 35497 35530 35535 35544 35553 35557 35563 35646 35734 35742 35752
LI (78):  208 209 608 609 610 624 626 639 645 648 661 711 716 779 786 788 791 793 1154 1156 1161 8620 17852 17924 17966 18171 20382 20383 20395 20522 20718 20729 34189 34194 35087 35091 35170 35176 35186 35201 35207 35210 35215 35229 35295 35299 35305 35363 35365 35366 35370 35371 35376 35434 35450 35469 35471 35474 35476 35479 35484 35487 35490 35493 35527 35542 35546 35550 35561 35598 35602 35603 35610 35619 35628 35632 35638 35645
NODE_NUM = 100
FILE mem_ctrl_sub_363.aig

# Subcircuit 364
SUB_ID 364
LO (18):  35561 35575 35589 35598 35602 35610 35619 35628 35632 35638 35733 35757 35766 35783 35786 35792 36253 36261
LI (53):  209 210 608 631 639 640 645 648 696 716 788 791 1158 1161 8620 17964 17966 19497 20522 35082 35111 35173 35293 35359 35560 35576 35578 35594 35597 35601 35609 35615 35625 35635 35648 35654 35655 35661 35665 35668 35670 35675 35677 35688 35690 35692 35706 35714 35730 35731 35781 36252 36260
NODE_NUM = 99
FILE mem_ctrl_sub_364.aig

# Subcircuit 365
SUB_ID 365
LO (25):  35688 35690 35706 35714 35730 35740 35748 35781 35809 35813 35820 35827 35830 35833 35839 35845 35847 35850 35853 35862 35866 35878 35917 36252 36260
LI (65):  39 40 211 216 218 224 300 623 631 634 635 640 696 716 791 908 948 1158 1161 3227 3625 6346 6357 6361 6367 6384 8620 16799 16849 16900 16902 17103 17593 20522 21077 33598 35082 35439 35686 35702 35703 35710 35711 35724 35726 35738 35746 35780 35812 35819 35823 35843 35848 35863 35875 35879 35881 35886 35887 35894 35895 35898 35901 35908 35914
NODE_NUM = 100
FILE mem_ctrl_sub_365.aig

# Subcircuit 366
SUB_ID 366
LO (33):  35848 35867 35875 35884 35887 35895 35908 35938 35942 35948 35963 35973 35983 36000 36012 36015 36025 36027 36038 36047 36062 36081 36093 36100 36102 36106 36112 36176 36278 36295 36322 36324 36358
LI (73):  211 214 215 220 222 607 608 618 623 624 638 639 640 644 682 711 908 948 3227 3424 3625 6324 6345 6357 6361 6384 8620 16799 16822 16855 16863 16865 16869 16904 16933 16936 17440 17441 17445 17466 17720 21788 21799 21803 35847 35873 35883 35937 35941 35962 35992 35996 35998 36004 36006 36010 36045 36046 36060 36074 36076 36078 36086 36089 36090 36098 36104 36189 36287 36293 36306 36313 36316
NODE_NUM = 96
FILE mem_ctrl_sub_366.aig

# Subcircuit 367
SUB_ID 367
LO (36):  36143 36145 36160 36161 36168 36172 36186 36193 36197 36204 36209 36213 36218 36221 36224 36293 36301 45667 45670 45673 45676 45679 45682 45683 45920 45925 45928 45934 45935 46523 46526 46529 46534 46540 46653 46675
LI (57):  39 216 217 224 236 239 240 243 245 246 247 248 250 525 526 527 528 529 530 531 572 573 574 576 577 615 663 908 948 3227 5918 6384 8620 16799 16865 16918 16936 17027 17035 17103 17593 33556 34936 35072 36051 36086 36098 36147 36149 36153 36185 36189 36199 36200 36202 36289 36291
NODE_NUM = 96
FILE mem_ctrl_sub_367.aig

# Subcircuit 368
SUB_ID 368
LO (20):  36306 36313 36316 36334 36349 36377 36438 36477 36536 36604 36644 36731 36736 36739 36753 36772 36795 36828 36833 36894
LI (64):  40 216 223 224 300 617 662 681 908 948 3625 6324 6343 6345 6358 6384 16793 16841 16849 16902 16916 16917 16918 16932 16933 16941 16979 16984 17437 17593 21155 36333 36433 36437 36439 36440 36447 36454 36462 36466 36468 36471 36472 36494 36499 36503 36505 36510 36512 36515 36519 36529 36532 36535 36582 36596 36597 36599 36725 36727 36738 36746 36794 36891
NODE_NUM = 100
FILE mem_ctrl_sub_368.aig

# Subcircuit 369
SUB_ID 369
LO (26):  36462 36466 36471 36472 36493 36503 36510 36512 36758 36765 36792 36794 36819 36825 36847 37125 37126 37651 37695 37713 37714 37970 38014 38029 38033 38036
LI (56):  216 223 224 225 615 617 662 663 681 682 3625 5943 6343 6344 6345 6358 6384 16793 16822 16823 16828 16841 16854 16863 17449 17561 17571 17581 36437 36508 36582 36727 36760 36807 36808 36813 36814 36843 37050 37051 37680 37687 37693 37701 37702 37712 37929 37945 37951 37969 37995 38009 38021 38022 38027 38030
NODE_NUM = 97
FILE mem_ctrl_sub_369.aig

# Subcircuit 370
SUB_ID 370
LO (13):  36478 36480 36481 36508 36515 36529 36535 36595 36596 36597 36789 36839 37038
LI (77):  39 40 223 300 617 627 645 649 662 681 788 789 790 791 793 1160 1161 3424 3625 6343 6358 6384 8620 16841 16865 17031 17316 17330 17346 17355 17377 17388 17458 17595 17651 17924 17966 18130 18131 20522 20526 20718 20729 36422 36484 36485 36507 36527 36533 36565 36566 36567 36570 36571 36573 36582 36585 36586 36591 36594 36704 36727 36784 36951 36957 36962 36965 36969 36973 36985 37001 37011 37013 37018 37024 37028 37037
NODE_NUM = 98
FILE mem_ctrl_sub_370.aig

# Subcircuit 371
SUB_ID 371
LO (23):  36617 36631 36648 36672 36725 36889 37261 37287 37405 37418 37434 37483 37513 37623 37712 37808 37819 37848 37929 37945 37969 37976 38021
LI (56):  216 224 225 604 615 617 643 662 663 681 3227 3424 3625 6341 6358 6384 16796 16799 16805 16810 16869 17035 17096 17112 17424 17616 36533 36582 36670 36708 36714 37071 37100 37181 37184 37236 37371 37399 37409 37422 37430 37629 37655 37665 37670 37708 37793 37807 37915 37928 37930 37937 37943 37961 37965 37972
NODE_NUM = 100
FILE mem_ctrl_sub_371.aig

# Subcircuit 372
SUB_ID 372
LO (23):  36714 36738 36746 36754 36760 36784 36807 36808 36814 36883 37249 37384 37454 37467 37487 37508 37727 37806 37928 37948 37983 38022 38064
LI (73):  39 40 223 224 225 300 604 615 617 643 662 663 681 682 6341 6358 6384 16870 16871 16875 16924 16925 16996 17042 17045 17056 17097 17109 17112 17113 17326 17335 17337 17338 17355 17375 36438 36452 36582 36713 36727 36800 36806 36857 36858 36864 36869 36878 36881 37138 37235 37237 37248 37381 37444 37445 37447 37493 37494 37498 37506 37682 37725 37792 37793 37794 37805 37918 37925 37946 38051 38054 38060
NODE_NUM = 98
FILE mem_ctrl_sub_372.aig

# Subcircuit 373
SUB_ID 373
LO (14):  36869 36878 36887 36891 36951 36957 36962 36965 36969 36973 37001 37009 37506 38051
LI (68):  40 223 300 604 609 610 617 619 620 626 627 628 631 648 661 779 782 786 788 790 1154 1155 1156 1158 1160 16924 16952 17323 17325 17346 17370 17893 17894 18018 19473 36421 36537 36545 36549 36557 36561 36582 36679 36683 36686 36689 36692 36693 36695 36875 36886 36899 36902 36908 36918 36924 36934 36940 36950 36956 36971 36989 37164 37500 37504 37732 38046 38047
NODE_NUM = 100
FILE mem_ctrl_sub_373.aig

# Subcircuit 374
SUB_ID 374
LO (36):  36989 37011 37013 37018 37024 37028 37046 37047 37050 37055 37056 37066 37070 37194 37198 37206 37210 37218 37222 37230 37233 37234 37311 37315 37323 37329 37333 37341 37353 37358 37362 37365 37396 37409 37422 37618
LI (65):  224 610 619 620 626 627 629 631 643 645 648 682 716 788 791 1154 1155 1156 1158 1160 1161 6341 6344 8620 15061 16913 16984 17508 17752 17780 17817 17853 17893 17894 17921 17922 17924 17966 18018 18130 18172 18268 19035 19441 36039 36421 37009 37040 37049 37051 37053 37064 37069 37236 37325 37334 37335 37336 37345 37349 37587 37588 37596 37604 37616
NODE_NUM = 100
FILE mem_ctrl_sub_374.aig

# Subcircuit 375
SUB_ID 375
LO (22):  37069 37071 37073 37088 37097 37100 37102 37116 37131 37138 37146 37161 37164 37177 37186 37379 37380 37430 37436 37444 37466 37480
LI (56):  40 216 224 300 643 681 682 948 3227 3424 3625 6344 6358 6384 16810 16822 16849 16863 16933 17031 17032 17109 17370 17386 17479 21061 37049 37066 37070 37078 37080 37085 37087 37092 37099 37104 37106 37112 37125 37126 37133 37134 37137 37139 37143 37150 37153 37155 37159 37168 37176 37181 37184 37236 37376 37463
NODE_NUM = 100
FILE mem_ctrl_sub_375.aig

# Subcircuit 376
SUB_ID 376
LO (27):  37168 37176 37178 37235 37237 37248 37259 37280 37305 37345 37349 37376 37445 37463 37493 37494 37498 37500 37504 37534 37541 37546 37550 37587 37596 37604 37616
LI (77):  39 40 216 224 300 610 619 620 629 645 649 682 782 786 790 791 1155 1156 1160 3424 6340 6341 16869 16872 16985 16992 17041 17146 17316 17325 17326 17330 17337 17338 17346 17370 17374 17375 17383 17640 17966 18131 20522 36607 37166 37174 37177 37219 37223 37231 37236 37245 37254 37256 37278 37301 37303 37319 37321 37324 37327 37343 37355 37369 37371 37374 37459 37461 37531 37538 37553 37554 37558 37562 37566 37572 37583
NODE_NUM = 85
FILE mem_ctrl_sub_376.aig

# Subcircuit 377
SUB_ID 377
LO (21):  37621 37750 37755 37759 37767 37771 37877 37881 37887 38122 38124 38128 38130 38157 38175 38176 38181 38188 38193 38194 38198
LI (45):  225 610 619 620 626 627 629 631 645 648 649 788 789 790 793 1154 1155 1156 1158 1160 17752 17780 17817 17853 17893 17894 17896 17921 17922 17924 18018 18130 18172 19441 19473 20522 20526 20718 20729 36420 37776 37777 37781 37889 38136
NODE_NUM = 100
FILE mem_ctrl_sub_377.aig

# Subcircuit 378
SUB_ID 378
LO (34):  37629 37635 37636 37655 37670 37680 37682 37687 37693 37701 37702 37708 37715 37725 37732 37738 37746 37777 37781 37792 37794 37801 37805 37871 37915 37925 37943 37961 37965 37980 38027 38030 38046 38069
LI (60):  39 40 223 224 225 300 615 620 681 3424 6324 6341 6342 6358 6384 16793 16810 16842 16854 16900 16914 16917 16932 16933 16984 17032 17080 17316 17330 17334 17346 17370 17386 17440 17466 17470 17593 17595 37624 37625 37631 37656 37665 37667 37669 37670 37672 37679 37700 37744 37775 37793 37802 37869 37913 37914 37959 37976 38044 38067
NODE_NUM = 100
FILE mem_ctrl_sub_378.aig

# Subcircuit 379
SUB_ID 379
LO (39):  37802 37807 37817 37831 37847 37853 37856 37930 37937 37946 37959 37972 38009 38044 38047 38060 38067 38074 38076 38080 38082 38090 38092 38096 38098 38108 38114 38136 38207 38212 38230 38234 38236 38247 38250 38260 38308 49360 49402
LI (95):  33 76 93 138 224 225 300 333 609 610 615 617 626 628 645 661 663 681 716 790 791 1094 1154 1156 1161 2666 2676 2917 2949 2979 2980 6312 6343 6358 6384 6408 6412 7491 7643 8620 16837 16870 16908 16952 16974 17015 17044 17183 17325 17434 17475 17482 17593 17610 17651 17672 17966 18131 24241 36607 37621 37665 37729 37748 37756 37760 37768 37772 37793 37801 37816 37846 37878 37882 37885 38001 38002 38006 38008 38119 38125 38131 38135 38157 38175 38176 38181 38188 38191 38193 38194 38196 38198 38202 38228
NODE_NUM = 100
FILE mem_ctrl_sub_379.aig

# Subcircuit 380
SUB_ID 380
LO (20):  38296 38302 38304 38312 38316 38324 38335 38355 38362 38399 38410 38414 38426 38440 38449 38451 38452 38475 38477 39525
LI (89):  39 40 52 55 71 73 75 76 88 93 96 101 121 199 211 229 232 300 333 1092 1094 2660 2677 2692 2857 2862 2869 2939 3024 3078 3145 3177 3267 3364 3434 6312 6313 6319 6333 6367 6409 6426 6437 6540 6616 7492 7619 7652 9050 10228 11182 14167 14175 16795 16797 16884 17256 17264 17281 38216 38222 38228 38231 38232 38259 38263 38273 38277 38279 38283 38287 38290 38294 38310 38323 38347 38349 38389 38390 38391 38394 38398 38405 38423 38424 38447 38463 38472 38561
NODE_NUM = 100
FILE mem_ctrl_sub_380.aig

# Subcircuit 381
SUB_ID 381
LO (40):  38472 38511 38513 38515 38552 38557 38576 38580 38588 38593 38595 38630 38958 38959 39178 39538 39541 39542 39557 39558 40248 40942 40943 40996 41011 41359 42544 42620 42725 42774 42775 42906 43315 43325 43326 43337 43368 43378 44147 45362
LI (63):  39 40 121 212 213 215 216 220 224 231 234 237 253 300 1092 1144 2948 3227 3509 3625 6329 6337 6338 6358 6361 6384 6403 6609 6610 6612 7460 7462 8620 10325 10357 11008 11529 16795 16798 16884 35882 38463 38471 38475 38477 38482 38485 38495 38501 38507 38508 38553 38579 38583 38590 38591 38616 38620 38621 38622 42539 42543 45360
NODE_NUM = 99
FILE mem_ctrl_sub_381.aig

# Subcircuit 382
SUB_ID 382
LO (24):  38579 39534 39539 40384 40492 40639 41022 41335 41383 41445 41474 41477 41479 41567 41574 41579 41603 41607 41623 41902 43920 43947 44242 44252
LI (54):  210 212 213 214 215 220 231 300 1145 1148 1149 1150 8620 11008 38631 39533 39538 39585 40327 40371 40373 40382 40391 40392 40393 40409 40412 40426 40449 40468 40483 40619 40635 40934 40936 40940 40943 40987 41006 41009 41011 41374 41376 41382 41419 41442 41462 41463 41467 41472 41485 41519 41565 41573
NODE_NUM = 100
FILE mem_ctrl_sub_382.aig

# Subcircuit 383
SUB_ID 383
LO (50):  38596 38602 39227 39231 39236 39262 39266 39556 39559 39806 39817 39819 39820 39821 39836 39838 39918 40306 40314 40315 40398 40432 40433 40498 40501 40506 40514 40568 40574 40579 40604 40607 40609 40611 40616 40946 40948 40949 40952 41409 41453 41635 41652 41657 42408 42447 42454 42482 43939 44106
LI (43):  200 201 209 212 213 214 215 220 300 1145 8620 38583 38590 38598 38601 38608 38697 38776 38832 39021 39063 39143 39178 39184 39213 39218 39223 39225 39228 39253 39254 39255 39546 39548 39550 39558 39804 39812 39815 40397 40497 40505 40511
NODE_NUM = 100
FILE mem_ctrl_sub_383.aig

# Subcircuit 384
SUB_ID 384
LO (38):  38598 38601 38605 38607 38622 40328 40329 40330 40332 40933 41242 41243 41255 41256 41287 41774 42034 42752 43303 43343 43377 43384 43439 43779 43783 43784 43788 43805 43814 43850 43852 43933 44097 44101 44160 44277 44285 44555
LI (49):  200 201 210 212 214 220 231 300 1092 1143 1148 1150 1157 1158 16641 38600 38642 39564 40041 40327 40770 40907 40911 40912 40925 40932 40946 41116 41229 41232 41235 41238 41241 41249 41254 41263 41266 41276 41280 41773 43331 43333 43341 43373 43382 43778 43782 43787 43803
NODE_NUM = 100
FILE mem_ctrl_sub_384.aig

# Subcircuit 385
SUB_ID 385
LO (33):  38600 38612 38636 38648 38651 38657 39312 39317 39437 39519 39546 39568 39591 39721 39798 39812 39858 39906 39985 40007 40008 40024 40031 40036 40047 40048 40187 43262 43266 43333 43618 44158 44304
LI (60):  200 201 209 210 212 213 214 215 220 231 300 1144 1156 8620 16641 38583 38611 38635 38645 38647 38652 38656 38953 39316 39430 39432 39435 39440 39505 39506 39511 39515 39518 39567 39589 39720 39797 39847 39854 39892 39894 39905 39972 39978 39979 39980 39996 39997 40004 40020 40023 40496 40948 43332 44146 44149 44151 44291 44292 44302
NODE_NUM = 98
FILE mem_ctrl_sub_385.aig

# Subcircuit 386
SUB_ID 386
LO (37):  38652 38678 38685 39049 39060 39061 39063 39099 39184 39314 39316 39506 39589 40215 40223 40363 40426 40582 41773 41796 41907 41943 41946 42035 42108 42164 42302 42303 42306 42349 42350 42351 42795 42797 42800 43605 44036
LI (59):  212 213 214 215 220 231 300 1148 1149 1150 1151 1153 1155 8620 11008 38581 38593 38675 38677 38681 38958 39038 39039 39043 39058 39098 39183 39581 39588 40191 40214 40216 40222 40260 40342 40347 40357 40362 40419 40424 40797 41419 41644 41666 41684 41756 41779 41903 41906 41924 41940 41941 41944 41951 41956 41974 42030 42034 42799
NODE_NUM = 100
FILE mem_ctrl_sub_386.aig

# Subcircuit 387
SUB_ID 387
LO (51):  38667 38677 38680 38681 39043 39510 39511 39575 39795 39797 39847 39854 39864 39902 39905 39925 39926 39927 39931 39932 39933 40010 40013 40063 40064 40085 40087 40091 40097 40102 40120 40192 40295 40351 40406 40689 40690 40691 40692 40696 40712 40728 40753 40822 40890 40892 42080 42086 42087 42323 42327
LI (31):  212 213 215 220 1154 1156 8620 11008 13221 38581 38590 38593 38662 38664 38666 38675 38892 38958 39570 39571 39817 39846 39849 39851 39863 39890 39901 39917 39921 40012 40059
NODE_NUM = 99
FILE mem_ctrl_sub_387.aig

# Subcircuit 388
SUB_ID 388
LO (28):  38702 38746 38778 38784 38804 38809 38845 38855 38870 38890 38924 38949 38952 38988 39325 39340 39355 39458 39602 39626 39660 39709 39757 39767 39829 40851 41348 42398
LI (42):  200 208 209 212 213 215 220 300 1157 1158 8620 10818 38662 38675 38691 38699 38733 38745 38765 38775 38776 38782 38801 38802 38810 38815 38825 38832 38840 38843 38857 38869 38872 38873 38881 38892 38893 38895 38914 38917 38925 38927
NODE_NUM = 100
FILE mem_ctrl_sub_388.aig

# Subcircuit 389
SUB_ID 389
LO (24):  38699 38718 38733 38745 38814 38815 38856 38857 38869 38914 38957 39001 39008 39012 39014 39017 39018 39024 39026 39071 39084 39479 39505 39720
LI (57):  208 209 210 212 213 215 220 1155 1158 8620 11008 11533 38608 38691 38695 38698 38706 38710 38717 38731 38743 38810 38813 38834 38845 38855 38867 38895 38911 38924 38927 38940 38949 38953 38954 38991 38995 39004 39021 39023 39364 39379 39451 39452 39455 39456 39458 39464 39504 39697 39698 39699 39700 39702 39703 39706 39711
NODE_NUM = 87
FILE mem_ctrl_sub_389.aig

# Subcircuit 390
SUB_ID 390
LO (52):  38706 38731 38752 38760 38765 38771 38772 38775 38781 38782 38801 38813 38818 38819 38825 38834 38840 38843 38917 38940 38972 38974 38991 39004 39157 39159 39164 39165 39166 39173 39176 39345 39371 39409 39444 39464 39487 39601 39612 39622 39706 39756 39801 39802 39803 39961 42472 42559 42861 43190 43218 43578
LI (45):  208 209 212 213 220 300 1154 1155 1156 1157 1158 11533 38632 38705 38720 38730 38738 38749 38751 38759 38764 38770 38780 38791 38795 38799 38817 38824 38838 38842 38925 38929 38932 38938 38963 38969 38973 38988 39150 39151 39152 39155 39163 39168 39175
NODE_NUM = 100
FILE mem_ctrl_sub_390.aig

# Subcircuit 391
SUB_ID 391
LO (27):  38705 38709 38710 38867 39102 39116 39147 39148 39149 39150 39151 39175 39182 39183 39255 39301 39570 39697 39699 39753 39786 39921 39942 39974 42431 42463 43976
LI (50):  208 209 212 213 215 220 1154 1155 1158 8620 10781 38581 38583 38590 38591 38662 38697 38708 38864 38865 38881 38895 38927 39101 39104 39114 39115 39139 39146 39173 39177 39178 39282 39284 39289 39657 39658 39659 39661 39663 39671 39687 39692 39698 39750 39760 39770 39874 39918 39940
NODE_NUM = 100
FILE mem_ctrl_sub_391.aig

# Subcircuit 392
SUB_ID 392
LO (16):  38717 38838 39504 39972 40912 42784 43782 43787 43986 44002 44037 44052 44159 44166 44168 44184
LI (60):  208 209 210 212 220 231 254 273 1092 1149 1150 1151 1152 1153 8620 38583 38712 38713 38716 38836 38881 39202 39416 39420 39485 39487 39497 39865 39942 39957 39969 41317 42555 42556 42561 42564 42571 42572 42573 42574 42582 42583 42621 42710 42715 42721 42725 42726 42728 42735 42751 42761 42762 42775 43779 43975 43981 43984 43999 44036
NODE_NUM = 100
FILE mem_ctrl_sub_392.aig

# Subcircuit 393
SUB_ID 393
LO (31):  38722 38723 38730 38764 38776 38864 38911 38932 38969 39038 39058 39067 39069 39098 39253 39254 39282 39284 39324 39328 39354 39410 39571 39674 39677 39766 40197 40208 43192 43197 43234
LI (45):  208 209 210 212 213 215 220 1155 1157 8620 10781 11008 35988 38591 38660 38720 38721 38725 38729 38817 38865 38870 38895 38899 38909 38927 38962 38967 39012 39014 39017 39018 39024 39026 39033 39071 39084 39094 39159 39164 39237 39243 39249 39279 39325
NODE_NUM = 100
FILE mem_ctrl_sub_393.aig

# Subcircuit 394
SUB_ID 394
LO (36):  38725 38751 38905 38909 38938 39115 39139 39155 39168 39192 39202 39213 39218 39223 39225 39237 39243 39249 39395 39416 39422 39425 39430 39631 39662 39735 39747 39823 39877 39899 40261 40387 40388 40613 42397 43233
LI (49):  201 208 209 210 212 215 220 300 1154 1155 1157 1158 8620 10781 10975 38583 38590 38721 38781 38865 38892 38895 38904 38927 38935 38953 38988 39021 39131 39132 39134 39154 39190 39191 39198 39210 39221 39239 39240 39248 39387 39390 39393 39397 39414 39420 39725 39728 39730
NODE_NUM = 100
FILE mem_ctrl_sub_394.aig

# Subcircuit 395
SUB_ID 395
LO (24):  38729 38738 38743 38749 38873 38899 38929 39124 39127 39131 39132 39198 39364 39379 39387 39451 39455 39657 39658 39671 39698 42785 43298 43791
LI (62):  208 209 210 212 213 215 220 1154 1155 1157 1158 8620 11008 11533 11543 38583 38590 38591 38660 38695 38708 38713 38723 38727 38736 38778 38780 38784 38795 38823 38865 38872 38894 38896 38928 38953 39067 39123 39324 39329 39333 39337 39340 39345 39354 39358 39371 39376 39381 39384 39449 39453 39601 39605 39648 39650 39670 43229 43282 43285 43291 43296
NODE_NUM = 99
FILE mem_ctrl_sub_395.aig

# Subcircuit 396
SUB_ID 396
LO (26):  38759 38817 38823 38824 38836 38904 38935 39453 39730 42571 42751 42761 42886 42905 42907 42968 42973 42980 42989 43000 43003 43244 43251 43270 45400 45460
LI (57):  212 220 254 255 264 300 1092 1155 1156 1157 8620 11543 11606 38643 38648 38698 38712 38713 38723 38791 38802 38822 38893 38925 39154 39722 41234 41276 42568 42569 42746 42747 42752 42759 42762 42860 42875 42881 42903 42906 42946 42967 42970 42972 42977 43185 43195 43197 43204 43211 43217 43218 43224 43229 43240 43242 43248
NODE_NUM = 94
FILE mem_ctrl_sub_396.aig

# Subcircuit 397
SUB_ID 397
LO (30):  38791 38795 38799 38842 39163 39393 39611 39614 39890 39892 39894 39911 39917 39978 39979 39996 39997 40004 40020 40040 40106 40109 40110 40118 40671 40741 40750 40849 43565 43658
LI (57):  209 212 213 215 220 231 1092 1156 1157 1158 8620 10975 11008 11543 38583 38590 38691 38751 38798 38822 38841 38856 39111 39162 39178 39610 39612 39883 39886 39909 39925 39926 39927 39976 39977 39989 40007 40031 40032 40036 40091 40097 40102 40112 40117 41217 43538 43577 43578 43587 43600 43607 43627 43632 43643 43649 43656
NODE_NUM = 100
FILE mem_ctrl_sub_397.aig

# Subcircuit 398
SUB_ID 398
LO (46):  38928 38954 38960 38973 38995 39023 39033 39039 39143 39146 39581 39842 40074 40251 40252 40303 40472 40474 40482 40483 40598 40803 40804 40806 40812 40813 40814 41116 41152 41229 41232 41241 41249 41254 41263 41266 41280 41332 41745 41759 41933 42712 42742 43568 43636 44028
LI (67):  200 212 213 214 220 300 1148 1149 1150 1151 1154 1156 1157 1158 8620 10781 10972 16641 38591 38632 38695 38696 38708 38713 38746 38809 38832 38927 38952 38953 38959 39008 39020 39841 40016 40064 40073 40243 40246 40249 40301 40323 40470 40475 40587 40589 40591 40785 40786 40800 41023 41034 41095 41107 41110 41115 41130 41151 41224 41230 41234 41239 41262 41265 41279 41326 41331
NODE_NUM = 99
FILE mem_ctrl_sub_398.aig

# Subcircuit 399
SUB_ID 399
LO (28):  39094 39101 39104 39111 39114 39162 39289 39886 39909 41234 41235 41317 42710 42817 42967 43555 43577 43627 43632 43643 43815 44232 45355 45421 45423 45485 45496 45507
LI (74):  200 208 209 212 220 231 255 268 269 273 276 284 300 926 1092 1154 1155 1156 8620 11606 38590 38698 38769 38841 39001 39100 39103 39109 39111 39134 39155 39192 39287 39684 39803 41217 41317 42709 42787 42788 42797 42815 42950 42955 42964 42980 43551 43554 43557 43571 43572 43617 43621 43636 43640 43776 43809 43814 44177 44188 44208 44226 44231 45324 45353 45478 45480 45481 45489 45491 45492 45500 45502 45503
NODE_NUM = 99
FILE mem_ctrl_sub_399.aig

# Subcircuit 400
SUB_ID 400
LO (38):  39123 39134 39154 39177 39190 39191 39210 39221 39239 39240 39248 39277 39279 39397 39485 39497 39826 39835 39837 39839 39840 39841 39883 39957 39969 39977 39989 40112 40307 40321 40435 40673 40745 41947 42787 42815 42875 42881
LI (63):  201 208 209 212 213 220 255 300 1155 10818 10975 11008 11533 11606 38581 38590 38664 38708 38751 38780 38798 38802 38815 38822 38832 38841 39116 39127 39133 39152 39157 39176 39185 39188 39206 39219 39276 39396 39408 39409 39422 39425 39479 39481 39806 39820 39821 39823 39831 39836 39838 39871 39881 39960 39965 42785 42800 42809 42810 42814 42870 42872 42877
NODE_NUM = 96
FILE mem_ctrl_sub_400.aig

# Subcircuit 401
SUB_ID 401
LO (44):  39320 39329 39358 39390 39396 39408 39414 39420 39449 39452 39456 39518 39533 39976 39980 40023 40032 40055 40224 40225 40230 40233 40236 40237 40373 40382 40391 40392 40393 40402 40409 40419 40422 40424 40441 40449 40461 40816 40867 40936 40940 41371 41720 42381
LI (55):  212 213 215 220 231 235 236 300 1146 1153 1155 1158 8620 10781 11008 36283 38702 38718 38760 38776 38798 38804 38810 38814 39020 39178 39328 39354 39355 39409 39410 39444 39445 39557 39900 39921 39974 40047 40048 40053 40085 40229 40372 40377 40380 40390 40396 40401 40406 40418 40423 40434 40436 40440 40447
NODE_NUM = 78
FILE mem_ctrl_sub_401.aig

# Subcircuit 402
SUB_ID 402
LO (23):  39550 39567 39750 40496 40497 40503 40505 40511 40517 40523 40529 40537 40549 40551 40556 40562 40587 40589 40591 40600 40619 40631 40635
LI (42):  200 201 208 209 212 213 215 220 300 1146 1150 8620 10781 10818 38581 38590 38591 38613 38769 39566 39722 39735 39738 39748 40247 40441 40494 40501 40514 40561 40568 40574 40579 40582 40584 40588 40604 40609 40612 40613 40616 40625
NODE_NUM = 96
FILE mem_ctrl_sub_402.aig

# Subcircuit 403
SUB_ID 403
LO (21):  39588 39595 39599 39603 39610 39648 39650 39670 39687 39692 39700 39711 39748 40191 40214 40436 40440 40447 41644 41666 41756
LI (69):  200 201 209 210 212 213 214 215 220 300 1150 1151 1157 1158 1159 8620 10818 38581 38608 38613 38647 38660 38713 38769 38865 38872 39100 39255 39585 39601 39602 39608 39616 39625 39630 39632 39641 39644 39680 39682 39685 39703 39709 39744 39747 39837 40161 40163 40169 40186 40187 40193 40198 40213 40315 40317 40397 40435 40675 41404 41419 41643 41649 41653 41657 41660 41729 41738 41753
NODE_NUM = 100
FILE mem_ctrl_sub_403.aig

# Subcircuit 404
SUB_ID 404
LO (44):  39625 39630 39632 39641 39659 39661 39663 39680 39682 39684 39685 39702 39728 39738 39760 39770 39792 39804 39815 40161 41326 41458 41461 41462 41463 41465 41466 41467 41468 41469 41472 41556 41568 41570 41609 41786 41800 43185 43229 43554 43571 43587 43600 43640
LI (74):  200 208 209 212 215 220 231 300 1092 1155 1156 1157 1158 1159 10781 38698 38713 38723 38727 38730 38772 38819 38825 38832 38841 39020 39067 39103 39115 39133 39333 39340 39345 39598 39600 39615 39619 39621 39622 39626 39629 39631 39639 39660 39662 39674 39677 39722 39725 39727 39736 39756 39757 39766 39767 39791 39803 39814 40134 40144 40149 40160 41256 41409 41452 41453 41455 41457 42712 43567 43569 43585 43589 43594
NODE_NUM = 99
FILE mem_ctrl_sub_404.aig

# Subcircuit 405
SUB_ID 405
LO (13):  39831 39846 39851 40327 40911 41684 41940 42030 42137 42225 42226 42300 42488
LI (75):  210 213 214 231 300 1148 1149 1150 1151 1152 1153 10972 16641 39021 39100 39817 39829 40015 40725 40735 40808 40890 40908 40909 41429 41674 41676 41680 41910 41922 41939 41962 41978 42004 42006 42016 42021 42023 42025 42035 42044 42046 42052 42078 42079 42085 42087 42104 42127 42132 42136 42174 42182 42188 42198 42200 42204 42208 42212 42213 42224 42227 42260 42275 42277 42288 42295 42299 42301 42360 42376 42385 42387 42484 42487
NODE_NUM = 100
FILE mem_ctrl_sub_405.aig

# Subcircuit 406
SUB_ID 406
LO (34):  39871 39874 39881 40264 40266 40271 40282 40287 40288 40289 40301 40371 40372 40377 40380 40418 40878 40907 40908 41643 41669 41671 41674 41689 41690 41696 41710 41769 41913 42040 42045 42308 42361 44099
LI (51):  208 212 213 214 215 220 300 1147 1148 1150 1151 1153 1154 8620 10972 11605 13221 38581 38583 38810 38953 39198 39880 40025 40047 40053 40260 40263 40281 40300 40347 40475 40705 40779 40792 40803 40808 40815 40816 40820 40822 40835 40838 40862 40875 40904 41418 41636 41638 41673 41687
NODE_NUM = 100
FILE mem_ctrl_sub_406.aig

# Subcircuit 407
SUB_ID 407
LO (30):  39878 39880 40229 40243 40390 40457 40458 40468 40588 40856 40862 40868 40875 40909 41404 41418 41419 41429 41442 41519 41565 41673 41703 41718 41726 41770 41815 41908 41917 42067
LI (49):  200 209 212 213 214 215 220 300 1148 1149 1151 1153 8620 11533 38590 39877 39900 40012 40016 40045 40224 40225 40227 40230 40233 40236 40237 40389 40456 40461 40466 40584 40684 40849 40851 40867 41401 41402 41416 41417 41427 41437 41517 41551 41562 41636 41694 41700 41712
NODE_NUM = 94
FILE mem_ctrl_sub_407.aig

# Subcircuit 408
SUB_ID 408
LO (25):  39900 39901 39940 39965 40011 40012 40117 40456 40466 40684 40770 40800 40895 40904 41417 41924 41939 41956 42046 42052 42127 42174 42260 42275 42284
LI (70):  208 209 214 220 300 1148 1149 1150 1151 1152 1153 8620 10781 10819 11533 16641 38591 38698 38953 38958 39102 39109 39185 39479 39899 39961 40010 40025 40116 40120 40237 40304 40398 40651 40657 40658 40683 40685 40698 40700 40705 40765 40769 40792 40797 40894 40902 41747 41928 41937 41943 41954 41970 42045 42050 42109 42124 42155 42163 42164 42213 42234 42237 42238 42244 42248 42257 42261 42263 42274
NODE_NUM = 99
FILE mem_ctrl_sub_408.aig

# Subcircuit 409
SUB_ID 409
LO (26):  40042 40053 40059 40073 40089 40359 40362 40683 40765 40785 40815 40832 40835 40902 41851 41937 41998 42004 42020 42021 42044 42064 42143 42180 42250 42253
LI (59):  213 215 220 1148 1150 1151 1152 1153 1154 8620 39585 39817 39836 39840 39847 40041 40045 40063 40068 40087 40120 40248 40251 40295 40305 40347 40357 40483 40664 40682 40696 40700 40717 40725 40728 40735 40743 40745 40747 40755 40760 40778 40782 40806 40808 40814 40827 40828 40832 40900 41933 41935 41978 41980 41989 41995 42036 42043 42060
NODE_NUM = 99
FILE mem_ctrl_sub_409.aig

# Subcircuit 410
SUB_ID 410
LO (33):  40116 40121 40131 40134 40144 40149 40160 40163 40169 40193 40198 40213 40216 40222 40227 40245 40246 40747 40925 41712 41922 41935 41944 41951 42078 42104 42155 42224 42234 42257 42268 42270 42277
LI (70):  209 210 212 213 215 220 231 239 240 300 1148 1149 1150 1151 1152 1153 1158 8620 11533 38581 38590 38613 38662 38730 38872 38991 39004 39069 39255 39312 39585 39611 39703 39753 40115 40118 40120 40133 40138 40143 40192 40197 40208 40209 40244 40252 40397 40891 40919 40920 41710 41916 41919 41949 42056 42064 42065 42067 42072 42086 42096 42098 42145 42149 42175 42176 42223 42231 42250 42255
NODE_NUM = 98
FILE mem_ctrl_sub_410.aig

# Subcircuit 411
SUB_ID 411
LO (37):  40249 40260 40263 40296 40300 40584 40705 40760 40919 40920 41753 41779 41903 41910 41915 41916 41918 41919 41962 41970 41974 42016 42043 42050 42065 42072 42098 42149 42163 42200 42223 42248 42252 42261 42263 42295 42484
LI (59):  210 214 220 1147 1148 1149 1150 1151 1152 1153 38593 39585 40247 40248 40257 40259 40261 40262 40288 40291 40293 40295 40297 40760 40813 40832 40891 40916 40917 41404 41742 41747 41759 41766 41776 41831 41865 41883 41889 41891 41902 41908 41914 41917 41927 41962 41966 41969 41972 42010 42011 42012 42041 42147 42418 42421 42440 42479 42483
NODE_NUM = 100
FILE mem_ctrl_sub_411.aig

# Subcircuit 412
SUB_ID 412
LO (34):  40317 40323 40324 40336 40337 40342 40353 40354 40356 40357 40412 40682 40778 40786 40820 41660 41738 41925 41927 41928 41949 41954 41989 41995 42036 42085 42096 42124 42198 42231 42238 42244 42360 42440
LI (55):  213 215 220 1148 1151 1152 1153 8620 11008 39819 39839 39921 39925 40045 40068 40296 40306 40307 40314 40315 40321 40334 40339 40340 40351 40406 40411 40433 40483 40672 40673 40675 40680 40735 40772 40773 40781 40822 41419 41653 41730 41731 41736 41926 41948 41980 42080 42120 42123 42338 42342 42345 42357 42433 42437
NODE_NUM = 100
FILE mem_ctrl_sub_412.aig

# Subcircuit 413
SUB_ID 413
LO (38):  40347 40389 40396 40401 40411 40423 40434 40494 40559 40561 40625 40651 40657 40781 40782 40792 40797 40953 40956 40957 40960 40999 41374 41389 41446 41457 41485 41612 41638 41649 41730 41829 41836 41883 42041 42120 42237 42338
LI (61):  200 208 209 212 213 215 220 300 1147 1148 1150 1151 1152 1153 6461 8620 11008 11010 16641 38613 38770 38953 38958 39877 39911 39921 40068 40102 40247 40248 40295 40388 40397 40398 40433 40652 40653 40654 40779 40946 40950 40952 41371 41465 41481 41482 41610 41611 41636 41820 41823 41872 41873 41879 42040 42235 42305 42306 42308 42318 42336
NODE_NUM = 89
FILE mem_ctrl_sub_413.aig

# Subcircuit 414
SUB_ID 414
LO (31):  40612 40643 40653 40654 40672 40675 40680 40698 40700 40717 40743 40755 40772 40773 40779 40808 40828 40891 40894 40900 40932 40934 40950 40967 40987 41351 41401 41416 41427 41437 41966
LI (63):  208 212 213 215 220 231 241 242 243 300 1153 1154 8620 38591 38658 38810 38881 38927 39725 39795 39817 39826 39837 39838 39911 40016 40041 40045 40068 40085 40106 40109 40432 40611 40616 40664 40671 40689 40690 40692 40696 40712 40741 40750 40753 40807 40890 40892 40949 40956 40957 40960 40968 40976 40978 40982 40986 41349 41389 41398 41400 41409 41430
NODE_NUM = 100
FILE mem_ctrl_sub_414.aig

# Subcircuit 415
SUB_ID 415
LO (31):  40976 40982 41006 41023 41043 41044 41045 41047 41048 41049 41061 41062 41083 41107 41110 41115 41120 41151 41168 41216 41224 41297 41298 41430 42626 42892 43137 43165 43514 43684 45325
LI (55):  200 212 220 244 300 1092 1156 1157 1158 8620 13221 38590 38591 38642 39021 40953 40956 40957 40967 40991 40996 40997 40999 41000 41005 41033 41034 41039 41042 41051 41057 41067 41087 41095 41097 41100 41102 41106 41108 41109 41137 41139 41142 41147 41155 41157 41159 41169 41178 41191 41202 41207 41223 41291 41292
NODE_NUM = 94
FILE mem_ctrl_sub_415.aig

# Subcircuit 416
SUB_ID 416
LO (64):  41025 41028 41032 41033 41034 41036 41039 41041 41042 41050 41051 41053 41055 41056 41057 41059 41060 41063 41064 41065 41066 41067 41070 41071 41072 41074 41077 41082 41090 41091 41092 41095 41126 41127 41135 41137 41144 41145 41153 41155 41157 41159 41178 41182 41183 41185 41204 41206 41291 41292 41299 42587 42595 42826 43121 43151 43906 43911 43924 44058 44061 44070 44234 44241
LI (18):  82 84 86 200 201 244 272 274 277 300 315 803 1092 1156 41045 41049 41061 41062
NODE_NUM = 99
FILE mem_ctrl_sub_416.aig

# Subcircuit 417
SUB_ID 417
LO (29):  41078 41079 41087 41096 41097 41130 41142 41147 41165 41169 41191 42591 42597 42679 42696 42709 42819 42914 42915 43132 43143 43664 43669 43682 43702 43755 43759 43765 45440
LI (48):  220 244 254 1152 1153 1154 1156 1157 1158 8620 39564 41044 41049 41055 41060 41065 41070 41077 41084 41122 41123 41128 41137 41145 41155 41168 41185 41187 42588 42593 42596 42600 42607 42613 42638 42642 42645 42651 42654 42668 42675 42678 42682 42689 42691 42695 42698 42705
NODE_NUM = 98
FILE mem_ctrl_sub_417.aig

# Subcircuit 418
SUB_ID 418
LO (20):  41084 41100 41108 42588 42642 42678 42691 42860 42946 43131 43538 43666 43667 43699 43704 43706 43714 43732 43778 44191
LI (61):  212 220 244 254 255 268 269 1152 1153 1154 1155 1156 1157 8620 41047 41050 41061 41062 41082 41083 41217 42587 42596 42626 42676 42696 42820 42821 42828 42859 42925 42930 42931 42933 42940 43090 43094 43096 43104 43130 43144 43452 43468 43475 43476 43490 43497 43498 43500 43516 43522 43533 43659 43662 43664 43673 43697 43700 43701 43702 43713
NODE_NUM = 100
FILE mem_ctrl_sub_418.aig

# Subcircuit 419
SUB_ID 419
LO (27):  41102 41109 41121 41122 41193 41194 41195 41202 42609 42610 42821 42859 42925 42930 42931 43173 43452 43463 43468 43497 43518 43697 43776 43975 44208 44226 44613
LI (65):  212 220 244 254 255 268 269 276 284 1148 1149 1150 1151 1152 1153 1154 1155 1156 1157 41047 41048 41055 41060 41070 41091 41120 41195 41200 42842 42843 42855 42912 42915 42918 42923 42927 42928 43456 43462 43464 43669 43687 43688 43692 43731 43742 43745 43774 43954 43958 43959 43961 43967 43968 44198 44199 44211 44212 44225 44566 44567 44575 44580 44581 44611
NODE_NUM = 97
FILE mem_ctrl_sub_419.aig

# Subcircuit 420
SUB_ID 420
LO (39):  41123 41128 41187 41200 41305 41311 41331 42593 42603 42607 42613 42645 42651 42675 42689 42698 42828 42842 42843 42855 42868 42912 42923 42927 42928 42933 42940 43124 43130 43135 43136 43456 43462 43500 43516 43533 43661 43662 43668
LI (57):  212 220 231 244 254 255 264 268 1092 1154 1155 1156 1157 16641 38643 38651 38652 38678 38713 39198 41033 41048 41050 41051 41056 41061 41063 41064 41065 41110 41120 41121 41127 41182 41193 41297 41298 41299 41308 42611 42626 42826 42837 42839 42914 42922 43114 43118 43119 43122 43125 43455 43459 43512 43514 43520 43531
NODE_NUM = 100
FILE mem_ctrl_sub_420.aig

# Subcircuit 421
SUB_ID 421
LO (28):  41207 41223 41239 41262 41279 41308 41334 41347 41349 41364 41376 41398 41402 42746 42862 42870 42950 42972 42977 43551 43572 43914 43953 44071 44084 44117 44237 44253
LI (77):  200 201 212 213 215 220 231 245 300 1092 1147 1148 1149 1154 1155 1158 8620 11604 11605 16641 38580 38590 38669 38770 38771 38925 39556 40014 40422 40475 40507 40517 40523 40529 40537 40549 40600 40607 40631 40960 41120 41183 41206 41222 41230 41243 41340 41348 41359 41361 41363 42712 42742 42744 42861 42868 42948 43539 43544 43547 43907 43911 43917 43922 43924 43934 43952 44056 44059 44061 44064 44070 44071 44075 44085 44089 44116
NODE_NUM = 99
FILE mem_ctrl_sub_421.aig

# Subcircuit 422
SUB_ID 422
LO (18):  41452 41498 41507 41517 41542 41551 41590 41599 41618 41620 41793 41816 41823 41839 41845 41848 41858 41867
LI (31):  208 209 212 213 215 220 300 1148 8620 10781 10818 13221 38590 38591 38613 38708 38769 38927 39021 39814 40397 40402 40503 41446 41491 41522 41523 41534 41574 41805 41815
NODE_NUM = 100
FILE mem_ctrl_sub_422.aig

# Subcircuit 423
SUB_ID 423
LO (35):  41455 41481 41482 41491 41522 41523 41534 41562 41573 41583 41608 41610 41611 41632 41636 41653 41680 41694 41700 41729 41790 41805 41820 41854 41865 41914 41948 42006 42010 42056 42060 42188 42272 42376 44261
LI (89):  201 208 212 213 220 231 246 1147 1148 1149 1150 1151 1152 1153 8620 10781 16641 38590 38591 38596 38613 38708 38881 38925 39178 40014 40015 40248 40264 40282 40287 40305 40397 40402 40458 40470 40498 40503 40691 40692 40735 40807 40868 41418 41446 41453 41458 41461 41462 41466 41468 41469 41477 41556 41559 41561 41568 41570 41581 41582 41607 41609 41635 41652 41678 41689 41690 41696 41698 41703 41718 41720 41726 41782 41788 41801 41853 41855 41860 41913 41917 41947 42006 42020 42270 42369 42375 44251 44255
NODE_NUM = 99
FILE mem_ctrl_sub_423.aig

# Subcircuit 424
SUB_ID 424
LO (44):  41731 41736 41742 41747 41766 41776 41782 41788 41801 41835 41846 41859 41872 41873 41879 41889 41891 41906 41926 41941 41969 42011 42012 42109 42123 42136 42145 42147 42182 42204 42212 42213 42227 42235 42255 42274 42288 42299 42301 42305 42318 42324 42325 42336
LI (90):  58 210 213 214 215 220 231 247 248 249 1148 1149 1150 1151 1152 6461 13221 38583 38959 39061 39921 39925 40224 40259 40289 40325 40328 40329 40336 40337 40353 40354 40356 40364 40371 40472 40474 40482 40483 40812 40816 40822 41409 41419 41462 41465 41474 41477 41479 41498 41507 41570 41600 41609 41671 41745 41765 41769 41770 41774 41786 41800 41837 41839 41840 41845 41858 41867 41871 41915 41925 41946 41998 42023 42108 42143 42176 42180 42202 42225 42226 42252 42253 42268 42272 42284 42302 42303 42323 42332
NODE_NUM = 99
FILE mem_ctrl_sub_424.aig

# Subcircuit 425
SUB_ID 425
LO (13):  42332 42342 42345 42357 42369 42375 42385 42387 42418 42421 42433 42437 42479
LI (82):  209 212 213 215 220 1151 1152 1153 6461 8620 10818 11008 38590 38799 38841 38953 39049 39060 39063 39147 39148 39149 39165 39176 39182 39225 39227 39228 39231 39262 39267 39395 39826 39843 39865 39902 39932 40047 40236 40247 40266 40271 40359 40457 40482 40684 40692 40735 40747 40804 40856 40878 41652 41918 41978 42202 42302 42324 42325 42327 42349 42350 42351 42355 42361 42367 42379 42381 42397 42398 42401 42408 42425 42429 42431 42436 42447 42454 42466 42472 42476 42477
NODE_NUM = 100
FILE mem_ctrl_sub_425.aig

# Subcircuit 426
SUB_ID 426
LO (33):  42466 42483 42487 42506 42508 42529 42533 43016 43022 43028 43034 43040 43047 43054 44695 45360 47219 47426 47459 47545 47576 47686 47718 47750 47795 47884 47926 48203 48242 48274 48348 48469 48836
LI (73):  200 201 210 213 215 231 250 252 256 257 258 259 260 261 262 477 898 980 985 1002 1040 1054 6358 10972 11143 11604 39166 42463 42482 42502 42503 42520 42524 42527 42530 43013 43019 43025 43031 43037 43044 43051 44693 45359 46912 46957 47215 47216 47423 47456 47544 47560 47575 47670 47685 47702 47717 47734 47749 47794 47879 47882 47921 47924 48199 48201 48236 48241 48273 48340 48343 48346 48468
NODE_NUM = 100
FILE mem_ctrl_sub_426.aig

# Subcircuit 427
SUB_ID 427
LO (40):  42530 42534 42539 42543 42545 42555 42556 42561 42564 42568 42569 42572 42573 42574 42582 42596 42611 42616 42619 42631 42638 42705 42721 42735 42759 42877 42948 42964 43248 43547 43607 43678 43803 43952 43999 44054 44177 44188 44231 44566
LI (81):  58 212 231 254 268 273 276 284 300 1092 1093 1148 1149 1150 1151 1152 1153 1154 1155 6337 8620 11007 11142 11143 11533 11606 11607 11709 11710 13224 21339 38658 38669 38713 38752 38770 39510 39511 39961 40068 40912 41032 41071 42509 42529 42549 42552 42559 42595 42610 42618 42623 42630 42637 42734 42757 42947 42961 42963 43546 43605 43794 43799 43940 43943 43951 43997 44002 44024 44032 44042 44050 44052 44164 44167 44168 44175 44180 44185 44558 44561
NODE_NUM = 100
FILE mem_ctrl_sub_427.aig

# Subcircuit 428
SUB_ID 428
LO (43):  42618 42621 42623 42630 42637 42666 42668 42901 42994 43261 43617 43659 43672 43673 43677 43686 43687 43688 43692 43700 43711 43713 43717 43724 43731 43733 43739 43742 43743 43751 43768 43770 43954 43958 43959 43965 43968 44003 44004 44014 44196 44199 44211
LI (37):  212 220 254 264 268 269 1151 1152 1153 8620 38680 41032 41041 41059 42616 42620 42626 42631 42734 42890 42892 42898 43253 43257 43259 43616 43670 43678 43685 43691 43699 43708 43714 43716 43721 43732 43738
NODE_NUM = 98
FILE mem_ctrl_sub_428.aig

# Subcircuit 429
SUB_ID 429
LO (43):  42654 42676 42682 42715 42744 42747 42757 42799 42809 42810 42814 42820 42837 42839 42872 42890 42898 42903 42918 42922 42947 42955 42961 42963 43013 43019 43025 43096 43181 43257 43259 43291 43475 43539 43544 47281 47404 47509 47560 47734 48021 48049 48312
LI (77):  200 201 212 220 255 264 1037 1049 1050 1071 1085 1092 1153 1154 1155 1156 1157 8620 11543 11605 11606 38643 38648 38669 38678 38697 38709 38720 39043 39103 39124 39314 39801 40068 40215 41055 41078 41092 41153 41165 41204 41222 41230 41256 42591 42619 42620 42679 42698 42712 42726 42734 42774 42795 42805 42819 42897 42973 43024 43094 43153 43158 43164 43165 43177 43248 43471 43542 47280 47403 47508 48009 48010 48015 48019 48306 48311
NODE_NUM = 99
FILE mem_ctrl_sub_429.aig

# Subcircuit 430
SUB_ID 430
LO (27):  43024 43031 43037 43044 43051 43066 43088 44617 47215 47331 47360 47423 47456 47631 47667 47670 47702 47834 48103 48172 48382 48581 49101 49153 49374 49380 49410
LI (63):  124 200 201 208 209 229 263 285 300 847 863 1038 1041 1045 1060 1063 1066 1068 1070 1073 1094 1135 1143 1144 8620 38608 39878 40011 40330 40895 43043 43050 43062 43064 43071 43075 43077 43079 43085 47330 47359 47618 47630 47654 47666 47830 47832 48092 48093 48098 48101 48161 48162 48167 48170 48378 48380 48554 48555 48560 48564 48580 49379
NODE_NUM = 97
FILE mem_ctrl_sub_430.aig

# Subcircuit 431
SUB_ID 431
LO (31):  43090 43094 43104 43114 43122 43125 43144 43153 43158 43164 43177 43195 43204 43211 43240 43253 43263 43271 43285 43296 43306 43331 43332 43336 43459 43498 43881 43894 43898 43904 44298
LI (75):  200 201 212 220 231 265 797 1092 1142 1154 1155 1156 1157 8620 16641 38647 38678 38713 38722 38905 39115 39276 39277 40068 41036 41041 41050 41053 41066 41072 41074 41079 41082 41092 41096 41120 41126 41144 41155 41194 42587 42725 42774 43121 43124 43132 43135 43136 43137 43140 43143 43147 43151 43153 43158 43165 43173 43190 43192 43233 43234 43237 43251 43262 43266 43270 43301 43303 43319 43328 43497 43876 43880 43882 43903
NODE_NUM = 100
FILE mem_ctrl_sub_431.aig

# Subcircuit 432
SUB_ID 432
LO (21):  43319 43328 43341 43373 43382 43385 43391 43401 43414 43419 43421 43427 43433 43444 43818 43833 44146 44251 44434 44453 44468
LI (47):  200 201 212 220 231 265 266 300 797 820 1092 1137 1145 8620 11007 16641 39541 40942 41025 41036 43303 43313 43315 43317 43325 43326 43336 43337 43346 43356 43360 43368 43377 43378 43387 43395 43406 43411 43417 43783 44121 44134 44143 44239 44241 44244 44245
NODE_NUM = 99
FILE mem_ctrl_sub_432.aig

# Subcircuit 433
SUB_ID 433
LO (12):  43387 43395 43406 43411 43417 43451 43455 43464 43470 44373 44432 44476
LI (62):  200 201 212 220 231 267 300 949 1092 1135 1136 1156 8620 16641 38713 38769 41025 41036 41064 41153 42587 42609 42725 43391 43401 43404 43406 43414 43419 43421 43427 43432 43433 43439 43443 43444 43448 43454 43463 44339 44341 44342 44346 44350 44355 44356 44358 44370 44400 44409 44413 44417 44423 44429 44434 44440 44444 44450 44453 44461 44468 44469
NODE_NUM = 100
FILE mem_ctrl_sub_433.aig

# Subcircuit 434
SUB_ID 434
LO (39):  43471 43476 43490 43512 43520 43522 43531 43542 43546 43567 43569 43585 43589 43594 43616 43621 43649 43656 43670 43685 43691 43701 43708 43716 43721 43738 43745 43767 43774 43967 44018 44024 44075 44212 44220 44225 44567 44603 44611
LI (91):  201 212 220 231 268 284 1092 1148 1149 1150 1151 1152 1153 1154 1155 1156 8620 13222 38652 38660 38680 38771 38781 38818 39111 39143 39225 39437 39802 41028 41043 41048 41049 41051 41059 41061 41071 41074 41082 41090 41092 41135 41217 42597 42603 42619 42666 42679 42742 42862 42914 42980 43121 43173 43470 43489 43518 43555 43565 43568 43583 43618 43644 43661 43664 43668 43669 43677 43682 43684 43690 43704 43721 43743 43751 43755 43759 43762 43765 43772 43966 44012 44015 44016 44019 44217 44223 44589 44592 44595 44609
NODE_NUM = 100
FILE mem_ctrl_sub_434.aig

# Subcircuit 435
SUB_ID 435
LO (31):  43772 43794 43799 43809 43860 43997 44032 44050 44164 44180 44469 44515 44554 44561 47247 47248 47251 47253 47254 47255 47261 47298 47301 47326 47379 47399 47447 47453 47851 48062 48487
LI (58):  200 201 231 269 746 760 765 767 872 873 1092 1135 1136 1137 1138 1139 1149 1150 1151 1152 1153 16641 42762 43767 43770 43788 43791 43797 43805 43818 43821 43830 43859 43980 44031 44161 44179 44478 44479 44489 44514 44516 44517 44527 44553 44555 44557 44558 47246 47258 47297 47318 47323 47376 47391 47396 47444 47451
NODE_NUM = 100
FILE mem_ctrl_sub_435.aig

# Subcircuit 436
SUB_ID 436
LO (15):  43830 43859 43876 43880 43892 43903 44444 44450 44461 44479 44489 44511 44514 44527 44553
LI (48):  200 212 220 231 270 271 806 818 1092 1138 1139 1140 16641 40328 41025 41036 41255 42774 43325 43385 43783 43828 43833 43836 43842 43843 43850 43852 43855 43856 43857 43863 43866 43871 43875 43879 43891 43894 43898 44449 44484 44495 44500 44512 44522 44533 44538 44551
NODE_NUM = 100
FILE mem_ctrl_sub_436.aig

# Subcircuit 437
SUB_ID 437
LO (36):  43866 43871 43882 43891 43907 43917 43922 43934 43940 43943 43951 43966 43980 43981 43984 44012 44015 44019 44031 44042 44056 44059 44085 44089 44109 44116 44134 44143 44175 44291 44292 44302 44370 44517 44522 44551
LI (76):  200 201 212 220 231 284 1092 1141 1146 1147 1149 1150 1151 8620 11007 11607 16641 38598 39533 40244 40328 40387 40398 40503 41195 41669 42620 42968 43666 43706 43779 43784 43850 43881 43906 43911 43920 43924 43933 43939 43947 43965 43976 43983 43986 44003 44004 44009 44010 44014 44018 44028 44037 44058 44071 44084 44097 44099 44101 44104 44106 44108 44115 44131 44174 44265 44267 44279 44281 44285 44288 44298 44338 44368 44544 44546
NODE_NUM = 98
FILE mem_ctrl_sub_437.aig

# Subcircuit 438
SUB_ID 438
LO (30):  44108 44115 44121 44131 44149 44151 44161 44167 44174 44185 44198 44223 44239 44244 44245 44255 44265 44267 44279 44281 44288 44338 44339 44340 44341 44346 44350 44354 44368 44558
LI (69):  200 201 212 220 231 275 276 278 279 300 660 821 977 1092 1133 1146 1147 1148 1149 1151 1152 8620 16641 38658 39534 39585 40328 40384 40387 41025 41036 41242 41255 41600 41773 43306 43325 43667 43783 43850 43914 43983 44014 44099 44109 44113 44120 44147 44159 44160 44166 44184 44191 44196 44220 44234 44237 44242 44252 44253 44264 44274 44277 44285 44307 44319 44327 44330 44365
NODE_NUM = 100
FILE mem_ctrl_sub_438.aig

# Subcircuit 439
SUB_ID 439
LO (27):  44319 44327 44342 44355 44356 44358 44365 44400 44409 44413 44417 44423 44429 44440 44449 44495 44512 44516 44533 44544 44546 44575 44580 44581 44589 44595 44609
LI (70):  200 201 212 220 231 280 281 282 283 284 300 831 837 915 959 1092 1134 1136 1141 1148 1149 1150 8620 10972 13222 16641 38669 40245 40328 41025 41036 41255 42725 42774 42788 43666 43672 43686 43706 43711 43717 43724 43733 43739 43768 43850 43852 43892 44340 44346 44354 44376 44384 44387 44389 44390 44395 44397 44428 44439 44494 44505 44511 44532 44543 44573 44579 44601 44603 44607
NODE_NUM = 100
FILE mem_ctrl_sub_439.aig

# Subcircuit 440
SUB_ID 440
LO (48):  44618 44620 44623 44632 44636 44642 44653 44656 44662 44677 44821 44824 44827 44828 44831 44832 44833 44836 44839 44842 44845 44848 44851 44854 44855 44865 44874 44899 44911 44914 44918 44923 44956 44995 45007 45013 45016 45025 45031 45082 45088 45091 45097 45106 45227 45296 45302 45308
LI (37):  286 287 289 290 316 317 318 319 320 321 322 323 324 325 326 331 341 342 794 1048 1049 1052 1059 1066 1073 1075 1079 1081 1087 3425 8217 8620 10578 44646 44647 44664 44669
NODE_NUM = 99
FILE mem_ctrl_sub_440.aig

# Subcircuit 441
SUB_ID 441
LO (31):  44647 44655 44680 44683 44686 44689 44692 44693 44698 44701 44704 44725 44731 44733 44742 44748 44751 44754 44757 44760 44763 44766 44793 45345 45348 45478 45480 45489 45491 45500 45502
LI (68):  223 234 272 274 288 291 292 293 294 295 296 297 298 299 304 305 306 307 308 309 310 333 458 477 479 923 932 935 937 938 944 1038 1045 1049 1050 1054 1060 1073 1085 1148 1150 1151 1153 3257 3286 3465 3481 3625 3626 5972 8217 16641 44643 44724 44728 44737 44739 44767 44770 44776 44777 44782 44785 44787 45348 45475 45486 45497
NODE_NUM = 100
FILE mem_ctrl_sub_441.aig

# Subcircuit 442
SUB_ID 442
LO (44):  44806 44815 44857 44860 44863 44866 44869 44877 44882 44897 44903 44921 44927 44930 44933 44936 44939 44942 44945 44948 44960 45071 45074 45077 45080 45086 45095 45141 45144 45147 45150 45153 45156 45159 45162 45165 45168 45171 45248 45254 45260 45263 45306 49420
LI (64):  314 327 328 329 330 331 332 341 415 416 417 418 419 420 421 422 423 424 955 1040 1041 1044 1049 1050 1052 1056 1058 1063 1064 1068 1070 1081 1088 3434 8620 10323 44821 44833 44855 44865 44870 44874 44880 44895 44901 44917 44918 44925 44928 44931 44934 44937 44940 44943 44946 44958 45069 45072 45075 45078 45084 45093 45304 49419
NODE_NUM = 100
FILE mem_ctrl_sub_442.aig

# Subcircuit 443
SUB_ID 443
LO (50):  44880 44886 44895 44900 44901 44906 44909 44912 44915 44917 44924 44925 44928 44931 44934 44937 44940 44943 44946 44951 44954 44957 44958 44963 44966 44969 44972 44975 44978 44981 44987 45023 45029 45038 45041 45044 45047 45050 45053 45101 45104 45110 45113 45116 45119 45122 45125 45225 45270 45312
LI (73):  71 332 334 335 336 337 338 339 340 343 344 345 346 347 348 349 350 351 352 353 354 355 356 357 358 359 360 361 1036 1045 1046 1069 1071 1072 1077 1080 1082 1085 7680 11162 13263 44618 44821 44828 44832 44833 44870 44899 44911 44914 44923 44956 44980 44985 45021 45027 45036 45039 45042 45045 45048 45051 45099 45102 45108 45111 45114 45117 45120 45123 45223 45268 45310
NODE_NUM = 98
FILE mem_ctrl_sub_443.aig

# Subcircuit 444
SUB_ID 444
LO (53):  44980 44984 44985 44990 44993 44996 44999 45002 45005 45008 45011 45014 45017 45020 45021 45026 45027 45032 45035 45036 45039 45042 45045 45048 45051 45056 45059 45062 45065 45068 45069 45072 45075 45078 45083 45084 45089 45092 45093 45098 45099 45102 45107 45108 45111 45128 45131 45134 45137 45140 45252 45258 45267
LI (79):  362 363 364 365 366 367 368 369 370 371 372 373 374 375 376 377 378 379 380 381 382 383 384 385 386 387 388 389 390 391 392 393 394 395 396 397 398 399 400 401 402 403 404 405 1037 1038 1040 1043 1050 1054 1056 1060 1063 1064 1068 1070 1088 44821 44828 44833 44995 45007 45013 45016 45025 45031 45082 45088 45091 45097 45106 45126 45129 45132 45135 45138 45250 45256 45265
NODE_NUM = 100
FILE mem_ctrl_sub_444.aig

# Subcircuit 445
SUB_ID 445
LO (45):  45114 45117 45120 45123 45126 45129 45132 45135 45138 45174 45177 45180 45183 45186 45189 45192 45195 45198 45201 45204 45207 45210 45213 45216 45219 45222 45223 45228 45231 45234 45237 45240 45243 45246 45249 45250 45255 45256 45261 45264 45265 45268 45282 45283 49458
LI (80):  406 407 408 409 410 411 412 413 414 425 426 427 428 429 430 431 432 433 434 435 436 437 438 439 440 441 442 443 444 445 446 447 448 449 450 451 452 453 454 455 456 457 596 602 805 811 1036 1037 1038 1041 1043 1044 1045 1046 1048 1054 1058 1060 1069 1071 1072 1073 1075 1077 1079 1080 1082 1085 1087 44821 44828 44833 45141 45227 45248 45254 45260 45263 45277 45281
NODE_NUM = 99
FILE mem_ctrl_sub_445.aig

# Subcircuit 446
SUB_ID 446
LO (38):  45277 45281 45294 45297 45300 45303 45304 45309 45310 45315 45317 45320 45324 45326 45329 45339 45341 45353 45359 45391 45395 45397 45401 45403 45413 45415 45432 45441 45462 46895 46901 46907 46911 46921 46924 46928 46964 49457
LI (61):  41 244 264 288 333 459 460 461 462 463 464 465 595 596 597 598 600 601 602 606 805 807 811 816 822 927 943 991 1059 1066 1156 1157 1158 3286 5972 8620 10357 11583 44737 44739 44821 44833 45141 45282 45283 45296 45302 45308 45316 45323 45325 45338 45390 45400 45409 45431 45440 45456 45460 46894 46927
NODE_NUM = 100
FILE mem_ctrl_sub_446.aig

# Subcircuit 447
SUB_ID 447
LO (40):  45417 45431 45433 45435 45437 45443 45453 45459 45463 45473 45475 45481 45486 45492 45497 45503 45508 45509 45515 45520 45521 45524 45536 45539 45542 45545 45617 45629 45747 45759 45788 46046 46048 46065 46073 46163 46167 46168 46173 46174
LI (60):  72 235 240 243 245 247 249 254 255 268 482 487 488 489 505 511 534 584 923 924 926 932 937 942 1154 1155 5972 8620 10307 10311 11608 13212 34937 36273 43796 43983 44726 44737 44739 45316 45343 45432 45440 45449 45456 45458 45460 45469 45512 45514 45534 45627 45745 45757 45786 46042 46044 46133 46146 46156
NODE_NUM = 97
FILE mem_ctrl_sub_447.aig

# Subcircuit 448
SUB_ID 448
LO (40):  45548 45551 45557 45563 45566 45732 45738 45744 45750 45753 45756 45949 46499 46501 46504 46506 46509 46511 46515 46517 46520 46548 46551 46553 46558 46564 46565 46571 46577 46584 46590 46597 46603 46610 46616 46622 46627 46630 46661 46671
LI (34):  236 240 241 242 243 246 248 484 490 491 495 496 531 546 548 573 35077 36273 45547 45555 45562 45742 45748 45751 45754 45947 46474 46477 46495 46523 46526 46529 46546 46547
NODE_NUM = 92
FILE mem_ctrl_sub_448.aig

# Subcircuit 449
SUB_ID 449
LO (30):  45554 45555 45560 45569 45578 45581 45584 45587 45590 45593 45601 45605 45608 45611 45614 45703 45706 45718 45724 45728 45735 45741 45769 45773 46268 46281 46304 46350 46474 46888
LI (53):  234 235 238 239 242 245 246 247 248 249 492 493 494 497 500 501 502 503 504 505 506 523 544 34940 35061 35062 35069 35077 45568 45592 45603 45606 45609 45612 45701 45704 45716 45727 45733 45739 45768 45771 46255 46279 46280 46283 46301 46438 46439 46446 46456 46464 46887
NODE_NUM = 98
FILE mem_ctrl_sub_449.aig

# Subcircuit 450
SUB_ID 450
LO (18):  45603 45606 45609 45612 45618 45626 45627 45632 45638 45641 45694 45771 46233 46236 46241 46246 46248 46249
LI (25):  236 239 245 246 248 507 508 509 510 513 514 515 517 559 6772 8620 34937 35062 45639 45692 46052 46054 46167 46180 46190
NODE_NUM = 90
FILE mem_ctrl_sub_450.aig

# Subcircuit 451
SUB_ID 451
LO (36):  45639 45646 45663 45692 45697 45700 45701 45704 45712 45715 45716 45721 45727 45733 45739 45742 45745 45748 45918 46042 46044 46146 46156 46301 46438 46446 46721 46722 46724 46726 46729 46731 46734 46736 46737 46738
LI (59):  235 236 240 241 243 245 246 487 489 490 503 504 505 518 519 524 534 535 536 537 538 540 541 542 543 545 547 549 550 551 552 585 34936 34937 34940 35062 35069 35072 35077 36273 45696 45711 45917 46034 46136 46142 46300 46305 46348 46418 46425 46426 46436 46445 46694 46695 46696 46703 46713
NODE_NUM = 98
FILE mem_ctrl_sub_451.aig

# Subcircuit 452
SUB_ID 452
LO (8):  45751 45754 45757 45762 45768 45786 45840 45908
LI (56):  231 553 554 555 556 558 564 604 620 631 642 645 648 716 788 789 790 791 793 1158 1160 1161 17031 17752 17852 17853 17924 17966 18012 18013 18130 18131 18169 18170 19350 19442 19443 20385 20391 20526 34745 35421 36273 45761 45800 45803 45816 45819 45831 45844 45850 45863 45872 45886 45896 45907
NODE_NUM = 97
FILE mem_ctrl_sub_452.aig

# Subcircuit 453
SUB_ID 453
LO (24):  45844 45850 45863 45872 45886 45896 45907 45917 45937 45940 45945 45947 45971 45976 46001 46005 46009 46020 46034 46047 46052 46054 46136 46142
LI (67):  231 236 239 241 242 245 247 249 250 482 507 516 535 536 537 559 560 571 578 581 588 589 591 592 593 629 630 645 648 716 1157 16793 19473 19497 20385 20397 30964 34937 34948 35798 36273 36301 44870 45802 45803 45840 45935 45970 45972 45975 46008 46029 46031 46033 46046 46049 46080 46082 46085 46094 46096 46100 46117 46124 46125 46135 46141
NODE_NUM = 100
FILE mem_ctrl_sub_453.aig

# Subcircuit 454
SUB_ID 454
LO (18):  46049 46068 46094 46100 46135 46141 46180 46190 46255 46279 46300 46326 46349 46355 46379 46385 46418 46426
LI (66):  234 236 240 241 242 243 245 249 250 497 498 501 508 513 518 520 535 540 541 542 543 559 575 580 582 583 585 586 587 46047 46048 46091 46092 46097 46098 46133 46163 46168 46172 46173 46174 46176 46233 46236 46241 46244 46246 46248 46249 46252 46253 46284 46287 46289 46290 46337 46343 46345 46358 46359 46368 46374 46382 46388 46394 46400
NODE_NUM = 100
FILE mem_ctrl_sub_454.aig

# Subcircuit 455
SUB_ID 455
LO (13):  46368 46374 46382 46388 46394 46400 46436 46445 46477 46670 46679 46683 46686
LI (59):  236 239 240 241 243 246 248 484 493 494 495 496 498 503 525 526 528 530 540 541 546 548 562 573 574 576 46338 46339 46340 46379 46385 46434 46499 46501 46504 46506 46509 46511 46515 46517 46520 46551 46553 46559 46573 46579 46584 46590 46597 46603 46610 46616 46623 46628 46631 46653 46661 46672 46675
NODE_NUM = 100
FILE mem_ctrl_sub_455.aig

# Subcircuit 456
SUB_ID 456
LO (19):  46495 46546 46547 46559 46573 46579 46623 46628 46631 46672 46694 46695 46696 46703 46713 46757 46789 46805 46887
LI (70):  234 238 239 242 245 246 247 248 249 250 486 490 491 492 493 499 531 533 547 549 553 554 555 556 563 564 570 572 577 578 581 45596 46016 46481 46482 46491 46492 46530 46531 46534 46540 46548 46558 46564 46565 46571 46577 46622 46627 46630 46670 46671 46679 46681 46683 46686 46702 46712 46721 46738 46788 46793 46796 46799 46802 46851 46859 46872 46880 46886
NODE_NUM = 99
FILE mem_ctrl_sub_456.aig

# Subcircuit 457
SUB_ID 457
LO (22):  46796 46799 46802 46851 46859 46872 46880 46912 46917 46927 46940 46942 46945 46954 46970 46974 46978 46979 47008 48830 48831 49448
LI (80):  231 236 245 246 248 333 487 490 532 550 553 557 567 569 578 581 599 603 604 607 608 609 616 741 780 781 807 833 883 908 948 967 981 990 1039 1061 1105 1108 1117 1119 6342 8620 17073 18172 19350 19443 19497 46726 46729 46731 46734 46736 46737 46748 46782 46783 46784 46787 46805 46808 46814 46821 46827 46834 46839 46842 46848 46850 46858 46871 46879 46916 46935 46937 46939 46943 46947 46953 46969 47007
NODE_NUM = 99
FILE mem_ctrl_sub_457.aig

# Subcircuit 458
SUB_ID 458
LO (27):  46943 46947 48604 48608 48612 48616 48620 48624 48628 48632 48649 48653 48657 48661 48665 48669 48673 48677 48681 48685 48689 48693 48694 48958 48986 49017 49051
LI (44):  740 742 743 744 745 746 747 749 750 751 752 753 754 755 756 757 758 759 760 833 953 967 1062 1101 1102 1105 1106 1107 1109 1110 1112 1113 1114 1115 1116 1118 1119 1120 1121 1124 1125 1131 1132 46942
NODE_NUM = 100
FILE mem_ctrl_sub_458.aig

# Subcircuit 459
SUB_ID 459
LO (23):  46953 46957 46961 46969 46982 46986 46990 46994 46998 47003 47007 47013 47019 47023 47027 47031 47035 47039 47043 47049 47053 49032 49452
LI (72):  300 605 610 611 612 613 614 615 617 618 619 620 621 622 623 624 625 780 781 798 824 832 833 838 851 872 873 908 948 967 974 984 1102 1103 1106 1107 1109 1110 1112 1113 1114 1115 1116 1118 1123 6345 16842 16869 46945 46959 46979 46985 46989 46993 46997 47001 47002 47011 47012 47022 47026 47030 47034 47038 47042 47045 47052 49010 49011 49014 49017 49029
NODE_NUM = 94
FILE mem_ctrl_sub_459.aig

# Subcircuit 460
SUB_ID 460
LO (35):  47052 47054 47058 47066 47070 47082 47086 47094 47098 47106 47110 47114 47122 47130 47142 47146 47150 47151 47811 47858 47866 47906 47967 47973 47983 47991 47997 48499 48503 48517 48584 48586 48596 48600 48995
LI (37):  626 628 629 632 633 635 636 638 639 640 642 644 647 648 649 650 954 963 1055 1067 1089 1105 1106 1108 1110 1111 1113 1114 1115 1116 1117 1118 1120 1121 1122 1123 47053
NODE_NUM = 99
FILE mem_ctrl_sub_460.aig

# Subcircuit 461
SUB_ID 461
LO (26):  47062 47074 47078 47090 47102 47118 47126 47134 47138 47154 47158 47162 47166 47170 47174 47178 47180 47182 47186 47190 47422 47778 47948 48226 48545 48976
LI (61):  627 630 631 634 637 641 643 645 646 651 652 653 654 655 656 657 963 967 1104 1111 1120 1121 1122 1124 1125 1126 1127 1128 1129 1130 1131 1132 46945 47054 47061 47073 47077 47089 47101 47117 47125 47133 47137 47151 47161 47165 47169 47177 47181 47183 47189 47419 47777 47945 48225 48542 48954 48955 48958 48964 48973
NODE_NUM = 100
FILE mem_ctrl_sub_461.aig

# Subcircuit 462
SUB_ID 462
LO (33):  47181 47183 47189 47200 47202 47206 47210 47214 47227 47230 47273 47338 47352 47411 47434 47467 47516 47552 47575 47630 47666 47685 47717 47745 48882 48904 48936 48940 48942 49065 49073 49330 49417
LI (71):  265 266 267 270 271 275 278 281 282 283 321 324 328 343 344 345 347 356 362 363 366 442 451 453 456 459 589 591 593 658 659 661 662 663 963 967 993 1102 1103 1119 46945 47054 47180 47196 47205 47209 47213 47220 47222 47226 47229 47271 47336 47350 47409 47431 47464 47514 47550 47568 47574 47624 47629 47660 47665 47678 47684 47710 47716 47742 48876
NODE_NUM = 100
FILE mem_ctrl_sub_462.aig

# Subcircuit 463
SUB_ID 463
LO (20):  47246 47258 47271 47280 47293 47297 47309 47318 47323 47330 47336 47350 47359 47372 47376 47391 47396 47768 47774 47777
LI (78):  200 293 295 298 320 338 339 381 405 457 592 593 604 608 615 634 635 639 643 663 666 681 682 692 697 700 701 728 764 773 779 785 786 791 793 800 810 812 816 838 856 874 963 982 1109 1135 1136 1137 47054 47216 47240 47244 47245 47248 47264 47267 47270 47286 47290 47291 47296 47308 47312 47316 47317 47335 47349 47365 47369 47370 47375 47385 47389 47390 47754 47759 47767 47771
NODE_NUM = 99
FILE mem_ctrl_sub_463.aig

# Subcircuit 464
SUB_ID 464
LO (19):  47403 47409 47419 47431 47444 47451 47464 47485 47504 47508 47514 47537 47540 47956 48047 48235 48294 48305 48554
LI (80):  200 291 292 365 370 376 391 398 441 443 448 589 591 593 612 613 617 618 638 647 662 670 696 707 724 725 737 742 750 759 782 789 809 815 851 853 866 1135 1136 1137 47054 47216 47220 47248 47251 47255 47264 47267 47407 47428 47447 47450 47461 47478 47482 47484 47490 47494 47495 47502 47503 47512 47526 47530 47531 47536 47538 47539 47955 48041 48045 48229 48233 48286 48287 48290 48299 48303 48548 48552
NODE_NUM = 100
FILE mem_ctrl_sub_464.aig

# Subcircuit 465
SUB_ID 465
LO (20):  47536 47538 47544 47550 47568 47574 47587 47594 47614 47618 47624 47629 47650 47654 47660 47665 47678 47684 47691 47699
LI (83):  200 294 296 297 336 337 367 388 389 411 412 413 417 435 437 438 464 589 591 592 593 607 623 624 640 644 705 711 730 731 736 743 744 747 749 784 788 790 804 805 813 860 867 877 882 1135 1136 1137 47216 47220 47231 47248 47251 47253 47254 47255 47264 47267 47298 47537 47549 47566 47580 47584 47585 47590 47593 47601 47602 47609 47612 47613 47623 47636 47640 47641 47648 47649 47658 47676 47690 47692 47698
NODE_NUM = 100
FILE mem_ctrl_sub_465.aig

# Subcircuit 466
SUB_ID 466
LO (22):  47690 47692 47698 47710 47716 47731 47742 47749 47754 47759 47767 47771 47794 47808 47815 47821 47830 47859 47867 47905 47960 48401
LI (81):  346 358 368 369 383 390 407 414 418 419 439 589 591 592 593 611 614 621 622 632 633 636 685 687 689 691 740 758 761 792 811 849 857 871 875 963 1101 1131 1135 1136 1137 9030 47054 47216 47220 47227 47231 47251 47254 47255 47266 47447 47691 47696 47707 47724 47728 47730 47740 47745 47758 47766 47784 47789 47793 47801 47805 47807 47811 47814 47816 47822 47828 47858 47866 47902 47959 48383 48384 48387 48398
NODE_NUM = 100
FILE mem_ctrl_sub_466.aig

# Subcircuit 467
SUB_ID 467
LO (21):  47822 47828 47832 47853 47863 47879 47882 47899 47902 47909 47921 47924 47934 47941 47988 48057 48244 48314 48364 48516 48564
LI (85):  200 318 352 353 377 402 403 427 428 431 589 592 593 650 653 656 657 658 659 688 692 704 729 745 753 771 799 802 814 844 861 963 1077 1079 1080 1109 1128 1135 1136 1137 9030 47216 47247 47248 47251 47254 47255 47264 47266 47298 47811 47816 47821 47825 47826 47839 47840 47845 47848 47851 47852 47862 47873 47877 47889 47890 47897 47898 47906 47915 47919 47930 47933 47937 47940 47985 48056 48062 48243 48313 48350 48351 48363 48515 48562
NODE_NUM = 98
FILE mem_ctrl_sub_467.aig

# Subcircuit 468
SUB_ID 468
LO (29):  47937 47940 47945 47952 47955 47959 47964 47968 47972 47976 47980 47984 47985 47992 47996 48000 48009 48010 48015 48019 48024 48034 48131 48220 48286 48324 48491 48496 48508
LI (85):  200 201 305 348 371 396 421 589 591 592 593 619 628 694 695 697 698 699 700 701 702 703 705 706 707 727 845 963 1056 1104 1112 1124 1125 1126 1129 1130 1135 1136 1137 47054 47216 47220 47227 47254 47255 47298 47302 47447 47811 47851 47951 47963 47967 47971 47973 47979 47983 47991 47995 47997 48003 48008 48017 48025 48027 48028 48030 48062 48119 48120 48130 48205 48208 48211 48214 48217 48280 48281 48318 48319 48484 48485 48487 48493 48505
NODE_NUM = 100
FILE mem_ctrl_sub_468.aig

# Subcircuit 469
SUB_ID 469
LO (27):  48025 48028 48030 48041 48045 48054 48056 48068 48073 48080 48084 48092 48093 48098 48101 48116 48119 48120 48130 48144 48150 48161 48162 48167 48225 48504 48524
LI (87):  200 201 299 306 307 310 322 323 329 349 351 372 374 375 399 401 424 426 460 589 591 592 593 610 631 645 648 661 710 711 716 726 752 754 755 756 843 848 858 859 963 1036 1045 1052 1059 1088 1107 1119 1135 1136 1137 10972 11604 47054 47216 47220 47227 47251 47255 47447 47811 47825 47826 48008 48017 48024 48039 48049 48053 48062 48065 48067 48071 48079 48083 48087 48107 48114 48115 48128 48135 48143 48148 48149 48156 48503 48523
NODE_NUM = 99
FILE mem_ctrl_sub_469.aig

# Subcircuit 470
SUB_ID 470
LO (35):  48170 48185 48199 48201 48205 48208 48214 48217 48229 48233 48236 48241 48243 48254 48259 48270 48273 48280 48281 48287 48290 48299 48303 48306 48311 48313 48318 48319 48329 48340 48343 48346 48350 48351 48363
LI (88):  200 201 304 308 316 319 326 327 330 350 354 379 420 422 440 450 452 455 462 463 589 591 592 593 609 626 627 629 630 642 646 654 735 739 757 762 763 768 769 775 801 808 817 840 846 854 855 868 869 1044 1058 1064 1075 1081 1135 1136 1137 47216 47220 47227 47247 47248 47251 47255 47264 47266 47298 47447 47816 47825 47826 48008 48017 48039 48062 48176 48183 48184 48193 48197 48251 48253 48257 48265 48298 48327 48335 48361
NODE_NUM = 100
FILE mem_ctrl_sub_470.aig

# Subcircuit 471
SUB_ID 471
LO (21):  48361 48378 48380 48384 48387 48398 48442 48457 48525 48528 48541 48638 48645 48714 48727 48737 48753 48763 48775 48807 49456
LI (57):  200 357 382 406 446 589 592 593 637 651 652 655 722 732 751 766 795 796 814 817 881 946 1082 1136 1137 47216 47247 47264 47266 47298 47816 47825 47826 47851 48360 48372 48376 48393 48396 48419 48422 48424 48426 48431 48436 48439 48441 48443 48446 48447 48452 48534 48637 48639 48642 48725 48751
NODE_NUM = 99
FILE mem_ctrl_sub_471.aig

# Subcircuit 472
SUB_ID 472
LO (24):  48419 48422 48424 48426 48431 48436 48439 48441 48446 48447 48465 48468 48484 48534 48637 48639 48642 48725 48751 48766 48780 48792 48813 49455
LI (53):  200 355 380 404 591 592 593 722 748 766 770 772 774 776 795 799 801 802 808 817 852 946 989 1046 1135 1136 47216 47220 47227 48008 48408 48411 48415 48418 48421 48442 48460 48477 48482 48525 48528 48533 48714 48718 48720 48756 48763 48775 48777 48788 48798 48801 48807
NODE_NUM = 100
FILE mem_ctrl_sub_472.aig

# Subcircuit 473
SUB_ID 473
LO (36):  48477 48482 48485 48493 48500 48505 48512 48515 48520 48523 48533 48542 48548 48552 48555 48560 48562 48580 48585 48589 48593 48597 48601 48697 48701 48705 48709 48713 48741 48745 48747 48749 48770 48784 48817 48821
LI (87):  200 201 309 317 400 425 592 620 641 649 724 725 728 730 731 733 735 736 737 738 739 761 762 763 764 765 767 768 769 777 778 796 802 839 963 967 1048 1102 1103 1104 1108 1111 1117 1122 1126 1127 1130 1132 1135 1136 1137 9030 47054 47216 47227 47251 47447 47811 47825 48039 48062 48481 48499 48511 48517 48570 48572 48576 48579 48584 48586 48592 48596 48600 48604 48694 48700 48704 48708 48712 48740 48744 48748 48769 48781 48814 48818
NODE_NUM = 100
FILE mem_ctrl_sub_473.aig

# Subcircuit 474
SUB_ID 474
LO (39):  48748 48756 48769 48777 48781 48788 48796 48798 48814 48818 48829 48834 48839 48842 48845 48851 48854 48857 48860 48863 48866 48867 48870 48873 48885 48888 48891 48894 48897 48900 48907 48910 48913 48916 48919 48921 48927 48930 49014
LI (60):  771 773 775 776 779 782 784 785 786 788 789 790 791 792 793 795 796 799 800 801 802 804 805 808 809 810 811 812 833 946 957 967 969 988 1101 1102 1103 1104 1105 1106 1107 1108 1109 1110 1111 1123 1125 1126 1127 1128 1129 1131 48604 48638 48727 48747 48753 48775 48795 48824
NODE_NUM = 99
FILE mem_ctrl_sub_474.aig

# Subcircuit 475
SUB_ID 475
LO (47):  48824 48847 48876 48922 48925 48928 48931 48934 48937 48943 48944 48948 48950 48951 48954 48955 48973 48978 48979 49004 49010 49011 49029 49034 49035 49060 49244 49247 49250 49253 49255 49258 49261 49264 49281 49462 49463 49468 49478 49479 49481 49485 49487 49493 49494 49495 49497
LI (54):  124 279 280 281 787 812 813 814 815 816 817 826 827 828 829 884 885 886 887 888 889 890 891 894 955 983 1047 1084 1086 1101 1104 1108 1110 1115 1116 1121 1123 1124 1125 1126 1127 1128 1130 1132 3257 9030 10228 14333 48867 48921 48927 48930 48998 49054
NODE_NUM = 100
FILE mem_ctrl_sub_475.aig

# Subcircuit 476
SUB_ID 476
LO (36):  48998 49054 49063 49068 49070 49071 49076 49079 49082 49085 49089 49092 49095 49098 49104 49107 49110 49113 49116 49119 49122 49125 49128 49131 49134 49137 49140 49143 49152 49155 49156 49347 49387 49505 49520 49534
LI (74):  124 229 833 838 839 840 841 843 844 845 846 848 849 850 851 852 853 854 855 856 857 858 859 860 861 862 864 947 952 956 1036 1040 1044 1046 1048 1049 1050 1052 1056 1059 1063 1066 1068 1071 1075 1077 1079 1080 1081 1088 1092 1093 1094 1111 1112 1140 1142 1163 1197 2904 2946 9030 9034 17285 43066 48986 48995 49051 49069 49109 49151 49153 49346 49386
NODE_NUM = 100
FILE mem_ctrl_sub_476.aig

# Subcircuit 477
SUB_ID 477
LO (29):  49158 49161 49164 49167 49170 49173 49182 49185 49188 49191 49194 49197 49206 49209 49218 49227 49236 49239 49242 49267 49270 49349 49369 49382 49395 49400 49475 49498 49537
LI (54):  124 229 865 866 867 868 869 870 871 872 873 874 875 876 877 878 879 880 881 882 892 893 956 1037 1038 1041 1045 1054 1058 1060 1064 1070 1073 1082 1085 1094 1102 1117 1136 1137 1138 1139 1141 1198 1200 2904 48948 49156 49181 49348 49368 49381 49394 49399
NODE_NUM = 100
FILE mem_ctrl_sub_477.aig

# Subcircuit 478
SUB_ID 478
LO (50):  49273 49276 49279 49283 49285 49288 49291 49294 49296 49298 49301 49312 49314 49317 49320 49323 49325 49328 49333 49335 49338 49341 49344 49346 49348 49352 49355 49415 49461 49464 49465 49466 49470 49471 49472 49473 49474 49476 49477 49480 49482 49483 49484 49486 49488 49489 49490 49491 49492 49496
LI (63):  599 605 616 625 783 895 896 897 899 900 901 903 904 905 906 907 908 909 910 911 912 913 914 916 917 918 919 920 921 922 923 924 980 1094 1103 1105 1106 1107 1109 1111 1112 1113 1114 1118 1119 1120 1122 1129 1131 1153 48948 48950 48951 48978 48979 49034 49035 49281 49309 49310 49311 49354 49414
NODE_NUM = 100
FILE mem_ctrl_sub_478.aig

# Subcircuit 479
SUB_ID 479
LO (50):  49354 49361 49364 49367 49368 49372 49375 49378 49379 49381 49385 49386 49390 49393 49394 49398 49399 49403 49406 49409 49412 49413 49414 49419 49423 49425 49427 49428 49429 49430 49431 49432 49433 49434 49435 49436 49437 49439 49440 49441 49442 49443 49444 49446 49447 49449 49453 49454 49467 49469
LI (70):  32 231 783 926 927 928 929 930 931 932 933 934 935 936 937 938 939 940 941 942 943 944 945 948 950 955 958 961 962 964 965 966 968 970 971 972 973 975 976 978 979 986 992 1005 1008 1015 1030 1053 1065 1076 1093 1094 1095 1096 1145 1146 1147 1148 1149 1150 1151 1152 1155 1157 1158 2904 49360 49374 49402 49410
NODE_NUM = 75
FILE mem_ctrl_sub_479.aig

# Subcircuit 480
SUB_ID 480
LO (39):  49499 49500 49501 49503 49504 49506 49507 49508 49509 49511 49512 49513 49514 49515 49517 49519 49521 49522 49523 49524 49525 49526 49527 49528 49529 49530 49531 49532 49533 49535 49536 49538 49539 49540 49541 49542 49543 49544 49545
LI (39):  1098 1099 1100 1165 1166 1167 1168 1169 1170 1171 1172 1173 1174 1175 1176 1177 1178 1179 1180 1181 1182 1183 1184 1185 1186 1187 1188 1189 1190 1191 1192 1193 1194 1195 1196 1201 1202 1203 1204
NODE_NUM = 39
FILE mem_ctrl_sub_480.aig

