# Subcircuit 0
SUB_ID 0
LO (23):  361 363 364 365 431 438 439 440 447 448 450 895 1016 28925 28928 28942 28944 28945 28946 28948 28949 28950 28951
LI (29):  63 64 65 66 67 259 260 267 276 320 324 326 333 334 337 344 346 347 350 351 356 358 367 382 385 387 396 428 436
NODE_NUM = 85
FILE div_sub_0.aig

# Subcircuit 1
SUB_ID 1
LO (31):  259 264 276 333 350 387 488 495 514 518 531 543 550 554 566 570 571 572 576 578 580 581 583 586 604 614 618 685 689 1145 1456
LI (38):  61 62 67 68 69 73 74 263 267 274 275 318 320 342 344 366 382 385 396 428 436 446 458 480 483 485 496 499 501 506 513 535 542 548 559 564 567 574
NODE_NUM = 99
FILE div_sub_1.aig

# Subcircuit 2
SUB_ID 2
LO (19):  263 1236 1291 1295 1303 1304 1311 1320 1329 1338 1347 1350 1355 1356 1410 1419 1432 1435 1450
LI (31):  66 73 75 76 274 344 436 1099 1142 1154 1162 1171 1180 1181 1190 1199 1208 1217 1225 1232 1243 1249 1254 1259 1264 1269 1274 1279 1284 1289 1294
NODE_NUM = 100
FILE div_sub_2.aig

# Subcircuit 3
SUB_ID 3
LO (40):  267 385 485 499 501 542 548 559 564 567 574 592 600 608 612 622 626 635 638 639 644 648 649 655 661 663 664 666 667 670 674 678 681 701 719 727 735 788 1626 28922
LI (45):  60 66 67 68 69 70 71 72 264 275 280 318 382 384 395 396 407 428 484 498 513 531 541 554 558 560 566 571 572 576 578 583 586 589 591 599 604 614 618 627 633 634 640 643 650
NODE_NUM = 100
FILE div_sub_3.aig

# Subcircuit 4
SUB_ID 4
LO (25):  271 275 342 344 346 436 535 846 893 896 904 905 912 913 920 937 942 951 964 981 990 1010 1065 2709 4475
LI (35):  57 58 66 67 68 81 82 270 274 309 310 318 338 341 343 513 784 796 804 813 822 831 840 843 854 860 865 866 871 876 881 886 891 895 918
NODE_NUM = 98
FILE div_sub_4.aig

# Subcircuit 5
SUB_ID 5
LO (19):  270 2484 2491 2539 2684 2685 2751 2760 2769 2778 2787 2796 2805 2814 2823 2833 2842 2851 2859
LI (38):  48 66 83 84 309 338 341 343 2460 2470 2478 2479 2490 2496 2502 2507 2518 2521 2531 2534 2566 2575 2584 2593 2602 2611 2620 2629 2638 2643 2648 2653 2658 2663 2668 2673 2678 2683
NODE_NUM = 97
FILE div_sub_5.aig

# Subcircuit 6
SUB_ID 6
LO (21):  274 1361 1459 1461 1462 1464 1465 1472 1482 1491 1500 1509 1518 1527 1536 1545 1553 1555 1556 1560 1563
LI (34):  54 66 77 78 273 344 436 1291 1304 1313 1322 1331 1340 1349 1357 1358 1368 1374 1380 1385 1390 1395 1400 1405 1410 1421 1424 1434 1437 1458 1460 1463 1467 1469
NODE_NUM = 95
FILE div_sub_6.aig

# Subcircuit 7
SUB_ID 7
LO (18):  273 1738 1745 1802 1803 1816 1832 1841 1850 1859 1868 1877 1886 1895 1904 1913 1921 1935
LI (31):  52 66 79 80 271 318 513 1624 1653 1662 1671 1680 1689 1698 1707 1716 1725 1733 1734 1744 1750 1756 1761 1766 1771 1776 1781 1786 1791 1796 1801
NODE_NUM = 96
FILE div_sub_7.aig

# Subcircuit 8
SUB_ID 8
LO (35):  280 288 320 337 338 384 513 853 854 924 938 1019 1021 1022 1024 1025 1035 1036 1044 1045 1053 1054 1060 1067 1078 1086 1088 1089 1093 1096 1130 1135 1140 1156 1164
LI (42):  66 72 73 74 125 126 279 283 287 303 319 336 395 589 591 599 756 784 893 905 913 920 923 931 937 942 953 956 966 969 983 992 997 1002 1018 1020 1023 1027 1029 1033 1042 1051
NODE_NUM = 99
FILE div_sub_8.aig

# Subcircuit 9
SUB_ID 9
LO (53):  279 395 396 410 411 412 428 467 475 476 480 483 595 599 633 643 918 1230 1232 1294 1367 1368 1421 1424 1434 1437 1460 1463 1467 1469 1475 1476 1485 1486 1494 1495 1502 1607 1612 1622 1646 14580 24711 27237 27239 27243 27244 27252 27253 28037 28042 28095 28113
LI (60):  55 67 74 75 77 122 123 127 128 374 382 392 394 401 405 407 409 427 431 438 439 446 447 460 461 465 473 589 591 597 598 632 914 917 1142 1229 1291 1293 1303 1312 1366 1420 1423 1433 1436 1451 1452 1454 1459 1472 1482 1491 27177 27221 27232 27234 27238 27241 27248 27250
NODE_NUM = 100
FILE div_sub_9.aig

# Subcircuit 10
SUB_ID 10
LO (56):  283 287 297 298 302 303 319 336 356 368 401 405 465 541 3545 3823 3824 3825 3831 3832 3839 3840 3848 3849 4132 4137 4465 13962 17885 18589 18592 18594 18595 18597 18598 18608 18609 18617 18618 19296 19301 20026 20779 20782 20784 20785 20787 20788 20798 20799 20807 20808 21528 21533 22303 23895
LI (55):  86 87 115 116 118 119 121 122 280 282 285 286 288 295 296 301 302 318 340 355 400 403 404 411 426 464 540 3534 3544 3553 3819 3821 3829 3837 3845 18306 18574 18585 18587 18593 18596 18601 18606 18613 18615 20552 20764 20775 20777 20783 20786 20791 20796 20803 20805
NODE_NUM = 100
FILE div_sub_10.aig

# Subcircuit 11
SUB_ID 11
LO (20):  282 24307 24309 24386 24387 25013 25022 25031 25040 25049 25058 25067 25076 25085 25094 25103 25112 25121 25130 25138
LI (36):  66 123 124 280 23611 23894 24184 24193 24202 24211 24220 24229 24238 24247 24256 24265 24274 24283 24292 24300 24305 24314 24320 24325 24330 24335 24340 24345 24350 24355 24360 24365 24370 24375 24380 24385
NODE_NUM = 99
FILE div_sub_11.aig

# Subcircuit 12
SUB_ID 12
LO (19):  286 17414 17420 17497 17999 18008 18017 18026 18035 18044 18053 18062 18071 18080 18089 18098 18107 18116 18124
LI (37):  16 66 117 118 285 337 17194 17303 17312 17321 17330 17339 17348 17357 17366 17375 17384 17393 17402 17410 17412 17419 17425 17431 17436 17441 17446 17451 17456 17461 17466 17471 17476 17481 17486 17491 17496
NODE_NUM = 100
FILE div_sub_12.aig

# Subcircuit 13
SUB_ID 13
LO (26):  285 291 295 340 341 540 3131 3140 3146 3207 3208 3244 3253 3262 3271 3280 3289 3296 3362 3375 3437 3446 3455 3464 11619 12765
LI (40):  46 66 105 106 119 120 290 294 301 317 338 339 2961 3036 3045 3054 3063 3072 3081 3082 3091 3100 3109 3118 3126 3129 3139 3145 3151 3156 3161 3166 3171 3176 3181 3186 3191 3196 3201 3206
NODE_NUM = 96
FILE div_sub_13.aig

# Subcircuit 14
SUB_ID 14
LO (19):  290 12242 12249 12317 12627 13014 13023 13032 13041 13050 13059 13069 13078 13087 13096 13105 13114 13123 13131
LI (37):  24 66 107 108 301 338 12183 12194 12203 12212 12221 12230 12238 12239 12248 12254 12260 12265 12270 12275 12280 12285 12296 12299 12309 12312 12560 12569 12578 12587 12596 12601 12606 12611 12616 12621 12626
NODE_NUM = 100
FILE div_sub_14.aig

# Subcircuit 15
SUB_ID 15
LO (36):  294 339 355 418 427 464 588 589 632 1929 1937 1979 1980 2087 2096 2105 2114 2123 2132 2141 2149 4812 8074 8519 8520 8521 8527 8528 8535 8536 8544 8545 8994 8999 9003 9487
LI (45):  51 66 98 99 101 102 293 312 313 338 340 343 377 381 415 417 426 587 596 599 1813 1871 1880 1889 1898 1907 1916 1924 1927 1936 1942 1948 1953 1958 1963 1968 1973 1978 8063 8073 8082 8516 8525 8533 8541
NODE_NUM = 97
FILE div_sub_15.aig

# Subcircuit 16
SUB_ID 16
LO (18):  293 10009 10016 10396 10397 10530 10536 10550 10571 10584 10826 10835 10844 10853 10862 10871 10880 10889
LI (31):  28 66 103 104 288 291 302 10004 10005 10015 10259 10268 10277 10286 10295 10304 10313 10322 10331 10339 10344 10350 10355 10360 10365 10370 10375 10380 10385 10390 10395
NODE_NUM = 96
FILE div_sub_16.aig

# Subcircuit 17
SUB_ID 17
LO (20):  296 301 13448 13455 13543 13810 13811 13976 13985 13994 14003 14012 14021 14030 14039 14048 14057 14066 14074 14160
LI (38):  22 66 109 110 113 114 300 338 13353 13365 13374 13383 13392 13401 13410 13419 13428 13437 13445 13446 13454 13460 13466 13471 13476 13481 13486 13491 13496 13501 13506 13511 13522 13525 13535 13538 13804 13809
NODE_NUM = 96
FILE div_sub_17.aig

# Subcircuit 18
SUB_ID 18
LO (51):  300 373 374 382 392 591 627 1229 1366 1734 1743 1744 1927 1942 2018 2021 2023 2025 2026 2027 2037 2038 2046 2047 2055 2056 2064 2065 2070 2072 2073 2215 2220 2225 2230 2242 2250 2259 2479 2963 14844 15212 15213 15221 15222 15230 15231 15366 15462 15467 15883
LI (48):  50 65 77 78 79 80 82 83 111 112 288 298 370 372 381 391 392 428 587 589 599 1227 1228 1364 1365 1566 1624 1741 1926 2005 2013 2015 2022 2030 2035 2042 2044 2051 2053 2060 2062 2069 2071 14589 14852 15210 15218 15227
NODE_NUM = 95
FILE div_sub_18.aig

# Subcircuit 19
SUB_ID 19
LO (25):  306 310 318 343 923 2375 2377 2383 2449 2450 2466 2473 2514 2527 2553 2562 2571 2580 2589 2598 2607 2616 2625 2634 5170
LI (39):  66 89 90 305 309 316 317 513 922 2232 2266 2275 2284 2293 2302 2311 2320 2329 2338 2347 2356 2365 2366 2372 2373 2382 2388 2393 2398 2403 2408 2413 2418 2423 2428 2433 2438 2443 2448
NODE_NUM = 98
FILE div_sub_19.aig

# Subcircuit 20
SUB_ID 20
LO (21):  305 5033 5041 5047 5113 5114 5205 5214 5223 5232 5241 5250 5259 5268 5277 5286 5295 5304 5313 5320 5336
LI (37):  40 66 91 92 316 338 341 4811 4921 4930 4939 4948 4957 4966 4975 4984 4993 5002 5011 5020 5028 5029 5040 5046 5052 5057 5062 5067 5072 5077 5082 5087 5092 5097 5102 5107 5112
NODE_NUM = 99
FILE div_sub_20.aig

# Subcircuit 21
SUB_ID 21
LO (20):  309 3129 3312 3314 3387 3489 3490 3594 3603 3612 3621 3631 3640 3649 3658 3667 3676 3685 3694 3702
LI (38):  66 85 86 308 338 341 343 3127 3145 3238 3248 3257 3266 3275 3284 3293 3301 3308 3319 3325 3330 3335 3340 3345 3350 3355 3366 3369 3379 3382 3441 3450 3459 3468 3473 3478 3483 3488
NODE_NUM = 98
FILE div_sub_21.aig

# Subcircuit 22
SUB_ID 22
LO (22):  308 3821 4024 4026 4032 4098 4099 4149 4158 4167 4176 4185 4194 4203 4212 4221 4230 4239 4246 4338 4351 5926
LI (37):  66 87 88 288 303 306 317 3716 3819 3912 3921 3922 3931 3940 3949 3958 3967 3976 3985 3994 4003 4011 4019 4031 4037 4042 4047 4052 4057 4062 4067 4072 4077 4082 4087 4092 4097
NODE_NUM = 99
FILE div_sub_22.aig

# Subcircuit 23
SUB_ID 23
LO (20):  313 317 4256 4265 4360 4361 4563 4572 4581 4590 4599 4608 4617 4626 4635 4644 4653 4662 4671 4679
LI (39):  42 66 97 98 288 303 312 316 4139 4153 4162 4171 4180 4189 4198 4207 4216 4225 4234 4243 4251 4253 4264 4270 4276 4281 4286 4291 4296 4301 4306 4311 4316 4321 4326 4331 4342 4345 4359
NODE_NUM = 98
FILE div_sub_23.aig

# Subcircuit 24
SUB_ID 24
LO (21):  312 8826 8828 8834 8905 8906 9163 9172 9181 9190 9199 9208 9217 9226 9235 9244 9253 9262 9271 9280 9287
LI (38):  66 99 100 294 338 340 8353 8516 8699 8708 8717 8726 8735 8744 8753 8762 8771 8780 8789 8798 8807 8815 8822 8833 8839 8844 8849 8854 8859 8864 8869 8874 8879 8884 8889 8894 8899 8904
NODE_NUM = 100
FILE div_sub_24.aig

# Subcircuit 25
SUB_ID 25
LO (21):  316 6177 6179 6185 6256 6257 6393 6402 6411 6420 6429 6438 6447 6456 6465 6474 6483 6492 6501 6510 6517
LI (38):  66 93 94 315 338 341 5791 5924 6052 6061 6070 6079 6088 6097 6106 6115 6124 6133 6142 6151 6160 6168 6174 6184 6190 6195 6200 6205 6210 6215 6220 6225 6230 6235 6240 6245 6250 6255
NODE_NUM = 100
FILE div_sub_25.aig

# Subcircuit 26
SUB_ID 26
LO (20):  315 6527 6534 6606 6607 6739 6881 6890 6899 6908 6917 6926 6935 6944 6953 6962 6971 6980 6989 6997
LI (37):  36 66 95 96 288 303 313 6322 6415 6424 6433 6442 6451 6460 6469 6478 6487 6496 6505 6514 6522 6523 6533 6539 6545 6550 6555 6560 6565 6570 6575 6580 6585 6590 6595 6600 6605
NODE_NUM = 99
FILE div_sub_26.aig

# Subcircuit 27
SUB_ID 27
LO (26):  366 367 446 451 458 461 473 484 498 506 560 28995 29005 29006 29008 29014 29015 29017 29019 29020 29021 29029 29030 29033 29047 29091
LI (31):  61 62 65 66 67 68 69 361 363 364 365 440 448 450 467 488 495 499 501 514 543 550 564 570 28942 28944 28945 28946 28950 28951 28968
NODE_NUM = 100
FILE div_sub_27.aig

# Subcircuit 28
SUB_ID 28
LO (49):  369 370 394 587 1227 1364 3138 3139 3306 3308 3922 3931 3940 3949 3958 3967 4017 4019 4062 4067 4072 4077 4082 4087 4143 4144 4152 4153 4161 4162 4170 4171 4179 4180 4188 4189 4197 4198 4206 4207 4208 4301 4306 4311 4316 4321 4326 4331 6324
LI (49):  43 45 72 73 74 75 76 77 78 88 89 368 380 381 412 427 588 595 598 1226 1243 2961 3134 3238 3302 3819 3832 3930 3939 3948 3957 3966 3975 3984 4012 4061 4066 4071 4076 4081 4086 4139 4149 4158 4167 4176 4185 4194 4203
NODE_NUM = 100
FILE div_sub_28.aig

# Subcircuit 29
SUB_ID 29
LO (22):  372 377 381 3134 5330 5338 5410 5411 5661 5670 5679 5688 5697 5706 5715 5724 5733 5742 5751 5760 5769 5777
LI (41):  39 66 84 85 94 95 376 380 412 427 2873 5169 5218 5227 5236 5245 5254 5263 5272 5281 5290 5299 5308 5317 5325 5327 5337 5343 5349 5354 5359 5364 5369 5374 5379 5384 5389 5394 5399 5404 5409
NODE_NUM = 99
FILE div_sub_29.aig

# Subcircuit 30
SUB_ID 30
LO (37):  376 380 4263 4264 5039 5040 5327 5546 5549 5551 5552 5554 5555 5560 6786 7159 7162 7163 7171 7178 7179 7187 7188 7196 7197 7205 7206 7207 7579 7584 7589 7594 7599 8000 8013 8030 8046
LI (42):  92 93 94 95 96 97 377 378 412 418 427 588 595 598 4139 4259 4693 4811 5326 5461 5533 5541 5543 5550 5553 6748 6758 6767 6776 6785 7143 7146 7148 7151 7153 7156 7159 7168 7176 7184 7193 7202
NODE_NUM = 99
FILE div_sub_30.aig

# Subcircuit 31
SUB_ID 31
LO (25):  378 391 400 21453 21499 21500 21537 21538 21542 21546 21547 21555 21556 22080 22085 22094 22107 22178 22187 22196 22205 22214 22223 22232 22331
LI (35):  80 81 90 91 103 104 120 121 407 410 20788 20862 20871 20880 20889 20898 20907 20916 20925 20934 20943 21450 21452 21458 21463 21468 21473 21478 21483 21488 21493 21498 21535 21543 21552
NODE_NUM = 100
FILE div_sub_31.aig

# Subcircuit 32
SUB_ID 32
LO (22):  404 597 598 7441 7443 7449 7520 7715 7724 7733 7742 7751 7760 7769 7778 7787 7796 7805 7814 7823 7832 7839
LI (38):  66 114 115 403 422 595 596 7159 7324 7333 7342 7351 7360 7369 7378 7387 7396 7405 7414 7423 7431 7437 7439 7448 7454 7459 7464 7469 7474 7479 7484 7489 7494 7499 7504 7509 7514 7519
NODE_NUM = 100
FILE div_sub_32.aig

# Subcircuit 33
SUB_ID 33
LO (21):  403 407 21887 21889 21966 21967 22550 22559 22568 22577 22586 22595 22604 22613 22622 22631 22640 22649 22658 22667 22675
LI (38):  66 116 117 126 127 128 21535 21763 21772 21781 21790 21799 21808 21817 21826 21835 21844 21853 21862 21871 21879 21884 21886 21894 21900 21905 21910 21915 21920 21925 21930 21935 21940 21945 21950 21955 21960 21965
NODE_NUM = 100
FILE div_sub_33.aig

# Subcircuit 34
SUB_ID 34
LO (19):  409 24305 52426 52497 52498 53119 53128 53137 53146 53155 53164 53173 53182 53191 53200 53209 53218 53227 53235
LI (36):  7 66 124 125 407 23894 24301 24314 51918 52315 52324 52333 52342 52351 52360 52369 52378 52387 52396 52405 52414 52422 52425 52436 52441 52446 52451 52456 52461 52466 52471 52476 52481 52486 52491 52496
NODE_NUM = 96
FILE div_sub_34.aig

# Subcircuit 35
SUB_ID 35
LO (23):  415 596 8820 8822 9302 9304 9371 9372 9705 9714 9723 9732 9741 9750 9759 9768 9777 9786 9795 9804 9812 11070 12184
LI (38):  31 66 102 103 412 414 425 426 8516 8817 9001 9194 9203 9212 9221 9230 9239 9248 9257 9266 9275 9284 9292 9298 9299 9309 9315 9320 9325 9330 9335 9340 9345 9350 9355 9360 9365 9370
NODE_NUM = 97
FILE div_sub_35.aig

# Subcircuit 36
SUB_ID 36
LO (19):  414 10544 10552 10595 10943 10944 11303 11312 11321 11330 11339 11348 11357 11366 11375 11384 11394 11403 11411
LI (37):  27 66 104 105 425 595 597 10527 10539 10540 10551 10557 10563 10574 10577 10587 10590 10811 10820 10829 10838 10847 10856 10865 10874 10883 10892 10897 10902 10907 10912 10917 10922 10927 10932 10937 10942
NODE_NUM = 96
FILE div_sub_36.aig

# Subcircuit 37
SUB_ID 37
LO (27):  417 422 426 8817 9299 10014 10015 13191 13232 13233 13355 13356 13360 13364 13365 13373 13374 13506 13511 13520 13533 13757 13766 13775 13784 13793 13802
LI (37):  75 76 100 101 110 111 412 421 424 425 8816 8833 10004 10012 12774 13001 13010 13019 13028 13037 13046 13055 13064 13073 13188 13190 13196 13201 13206 13211 13216 13221 13226 13231 13353 13361 13370
NODE_NUM = 97
FILE div_sub_37.aig

# Subcircuit 38
SUB_ID 38
LO (20):  421 15369 15376 15448 15449 15863 15922 15931 15940 15949 15958 15967 15976 15985 15994 16003 16012 16021 16030 16038
LI (36):  19 66 112 113 404 595 15210 15258 15267 15276 15285 15294 15303 15312 15321 15330 15339 15348 15357 15365 15366 15375 15381 15387 15392 15397 15402 15407 15412 15417 15422 15427 15432 15437 15442 15447
NODE_NUM = 97
FILE div_sub_38.aig

# Subcircuit 39
SUB_ID 39
LO (21):  425 11973 11980 11986 12052 12053 12190 12199 12208 12217 12226 12233 12247 12292 12305 12547 12556 12565 12574 12583 12592
LI (37):  25 66 106 107 424 595 597 11618 11870 11879 11888 11897 11906 11915 11924 11933 11934 11943 11952 11961 11969 11970 11979 11985 11991 11996 12001 12006 12011 12016 12021 12026 12031 12036 12041 12046 12051
NODE_NUM = 98
FILE div_sub_39.aig

# Subcircuit 40
SUB_ID 40
LO (19):  424 13454 41811 41887 42285 42294 42303 42312 42321 42330 42339 42348 42357 42366 42375 42384 42393 42402 42410
LI (37):  66 108 109 412 422 13145 13353 13460 41438 41700 41709 41718 41727 41736 41745 41754 41763 41772 41781 41790 41799 41807 41809 41821 41826 41831 41836 41841 41846 41851 41856 41861 41866 41871 41876 41881 41886
NODE_NUM = 100
FILE div_sub_40.aig

# Subcircuit 41
SUB_ID 41
LO (30):  558 640 650 668 705 709 717 718 725 726 733 734 742 743 750 751 752 754 755 758 762 767 772 777 782 798 806 815 824 833
LI (32):  59 60 65 66 67 68 69 70 71 612 626 638 639 649 664 666 667 670 674 678 681 697 702 704 715 719 723 727 731 735 740 748
NODE_NUM = 77
FILE div_sub_41.aig

# Subcircuit 42
SUB_ID 42
LO (29):  697 702 704 715 723 731 740 748 756 784 789 796 803 804 812 813 821 822 830 831 839 840 843 865 871 876 881 886 891
LI (47):  58 65 67 68 69 70 71 72 264 580 581 583 600 608 622 648 663 685 689 692 701 709 717 718 725 726 733 734 742 743 750 751 752 754 755 758 762 767 772 777 782 788 798 806 815 824 833
NODE_NUM = 97
FILE div_sub_42.aig

# Subcircuit 43
SUB_ID 43
LO (27):  860 922 29248 29280 29281 29289 29290 29298 29299 29307 29308 29316 29317 29325 29326 29327 29328 29353 29358 29363 29368 29373 29381 29391 29411 29420 29429
LI (31):  57 65 68 69 70 71 72 264 275 895 29195 29203 29212 29221 29230 29238 29239 29243 29246 29247 29249 29253 29257 29258 29262 29263 29267 29268 29272 29273 29278
NODE_NUM = 97
FILE div_sub_43.aig

# Subcircuit 44
SUB_ID 44
LO (35):  914 931 29343 29388 29390 29398 29408 29409 29410 29418 29419 29427 29428 29436 29437 29445 29446 29454 29455 29465 29466 29467 29482 29487 29492 29497 29502 29507 29512 29517 29525 29534 29543 29552 29561
LI (38):  56 65 68 69 70 71 72 73 74 29290 29299 29308 29317 29326 29334 29342 29344 29348 29353 29358 29363 29368 29373 29387 29389 29391 29396 29400 29402 29406 29411 29416 29420 29425 29429 29434 29443 29452
NODE_NUM = 100
FILE div_sub_44.aig

# Subcircuit 45
SUB_ID 45
LO (22):  953 956 1142 1146 1154 1161 1162 1170 1171 1179 1180 1181 1189 1190 1198 1199 1264 1269 1274 1279 1284 1289
LI (33):  69 70 71 72 73 74 75 839 896 951 1019 1020 1025 1035 1036 1044 1045 1053 1054 1060 1072 1082 1111 1114 1116 1124 1125 1130 1135 1140 1145 1156 1164
NODE_NUM = 100
FILE div_sub_45.aig

# Subcircuit 46
SUB_ID 46
LO (32):  966 969 983 992 997 1002 1018 1020 1023 1027 1029 1033 1042 1051 1072 1082 1111 1114 1208 1259 1331 1395 1521 1592 1608 1613 1614 1648 1658 1667 1676 1684
LI (44):  68 69 70 71 72 73 803 812 821 830 895 896 904 912 964 981 990 1010 1012 1014 1016 1019 1020 1069 1078 1090 1106 1142 1145 1146 1295 1329 1459 1460 1486 1495 1504 1513 1518 1589 1597 1602 1607 1612
NODE_NUM = 96
FILE div_sub_46.aig

# Subcircuit 47
SUB_ID 47
LO (34):  1069 1090 1106 1217 1254 1340 1390 1587 1589 1624 1627 1635 1642 1643 1644 1652 1653 1661 1662 1670 1671 1672 1678 1679 1687 1690 1693 1791 1796 1801 1806 1811 1819 2007
LI (49):  67 68 69 70 74 75 76 77 78 938 1021 1065 1067 1089 1100 1101 1104 1142 1145 1209 1295 1338 1459 1460 1465 1475 1476 1485 1486 1494 1503 1512 1527 1584 1592 1613 1614 1616 1622 1624 1626 1634 1640 1650 1651 1659 1668 1677 1684
NODE_NUM = 96
FILE div_sub_47.aig

# Subcircuit 48
SUB_ID 48
LO (23):  1100 1101 1225 1249 1349 1385 1584 1698 1707 1771 1776 1880 1889 1968 1973 2100 2109 2190 2201 2202 2298 2307 2315
LI (40):  56 65 66 67 68 69 70 71 72 73 1021 1093 1096 1099 1142 1145 1146 1295 1347 1459 1460 1536 1549 1578 1587 1624 1626 1627 1690 1693 1817 1878 1887 2021 2022 2092 2097 2106 2187 2200
NODE_NUM = 98
FILE div_sub_48.aig

# Subcircuit 49
SUB_ID 49
LO (29):  1099 1226 29472 29514 29515 29523 29530 29531 29532 29540 29541 29549 29550 29558 29559 29560 29566 29567 29575 29584 29628 29633 29638 29643 29648 29653 29662 29671 29789
LI (38):  55 65 71 72 73 74 75 1145 29398 29408 29409 29410 29418 29419 29427 29428 29436 29437 29445 29446 29455 29463 29471 29473 29477 29482 29487 29492 29497 29502 29507 29512 29517 29525 29534 29543 29552 29561
NODE_NUM = 98
FILE div_sub_49.aig

# Subcircuit 50
SUB_ID 50
LO (28):  1104 1124 1209 1243 29603 29644 29650 29651 29659 29660 29668 29669 29677 29678 29679 29685 29686 29694 29703 29712 29721 29763 29775 29780 29785 29791 29803 29823
LI (41):  54 65 67 71 73 74 75 1022 1024 1086 1088 1089 1146 1294 29523 29531 29532 29540 29541 29549 29550 29558 29559 29568 29577 29586 29594 29602 29604 29608 29613 29618 29623 29628 29633 29638 29643 29648 29653 29662 29671
NODE_NUM = 96
FILE div_sub_50.aig

# Subcircuit 51
SUB_ID 51
LO (41):  1312 1313 1322 1357 1380 1400 1405 1512 1513 1549 1578 1597 1716 1766 1898 1963 2185 2187 2233 2240 2247 2248 2256 2257 2265 2266 2274 2275 2276 2283 2318 2321 2324 2366 2388 2443 2448 2453 2458 2541 2697
LI (48):  67 68 69 70 71 72 78 79 80 81 346 1189 1198 1295 1311 1320 1356 1379 1459 1460 1509 1545 1557 1573 1624 1626 1627 1817 1896 2021 2022 2027 2037 2046 2055 2064 2073 2115 2182 2190 2232 2239 2245 2255 2264 2273 2282 2315
NODE_NUM = 100
FILE div_sub_51.aig

# Subcircuit 52
SUB_ID 52
LO (28):  1358 1374 29740 29800 29802 29810 29820 29821 29822 29830 29831 29836 29838 29839 29845 29854 29863 29872 29881 29890 29904 29905 29906 29956 29961 29966 29971 29979
LI (35):  53 65 75 76 77 29660 29669 29678 29687 29696 29705 29714 29723 29731 29739 29741 29745 29750 29755 29760 29765 29770 29775 29780 29785 29799 29801 29803 29808 29812 29814 29818 29823 29828 29837
NODE_NUM = 97
FILE div_sub_52.aig

# Subcircuit 53
SUB_ID 53
LO (36):  1379 1420 1423 1433 1436 1451 1452 1454 1458 1503 1504 1557 1573 1602 1725 1761 1907 1958 2182 2329 2338 2408 2413 2620 2629 2648 2653 2714 2718 2725 2808 2817 2829 2899 2907 2912
LI (50):  67 68 69 70 71 72 73 74 76 346 1161 1170 1179 1295 1350 1355 1419 1432 1435 1450 1456 1500 1502 1556 1567 1568 1571 1624 1626 1717 1817 1905 2021 2022 2124 2137 2176 2185 2232 2233 2321 2324 2461 2539 2618 2627 2712 2713 2717 2724
NODE_NUM = 100
FILE div_sub_53.aig

# Subcircuit 54
SUB_ID 54
LO (23):  1567 1568 1733 1756 1916 1953 2137 2176 2347 2403 2638 2643 2827 2904 2935 2936 3023 3032 3041 3050 3059 3068 3076
LI (44):  53 65 66 67 68 69 70 71 72 346 1461 1560 1563 1566 1624 1626 1627 1817 1914 2021 2022 2133 2146 2171 2232 2233 2461 2636 2712 2713 2774 2783 2792 2801 2810 2819 2824 2901 2909 2914 2919 2924 2929 2934
NODE_NUM = 98
FILE div_sub_54.aig

# Subcircuit 55
SUB_ID 55
LO (19):  1566 29911 29968 29969 29970 29976 29977 29984 29985 29993 30002 30011 30020 30029 30038 30047 30056 30065 30144
LI (32):  52 65 78 1626 29810 29820 29821 29822 29831 29840 29849 29858 29867 29876 29885 29894 29902 29910 29912 29916 29921 29926 29931 29936 29941 29946 29951 29956 29961 29966 29971 29979
NODE_NUM = 97
FILE div_sub_55.aig

# Subcircuit 56
SUB_ID 56
LO (33):  1571 1616 1650 1659 1668 1677 1680 1689 1781 1786 1871 1978 2005 2030 2042 2051 2060 2069 2082 2091 2092 2200 2216 2221 2226 2231 2244 2252 2261 2271 2280 2286 2288
LI (50):  67 72 73 74 75 76 1462 1464 1521 1553 1555 1608 1626 1627 1646 1648 1658 1667 1676 1679 1687 1785 1817 1826 1835 1844 1853 1860 1869 1979 1980 1988 1993 1998 2003 2021 2022 2023 2029 2047 2056 2065 2074 2088 2202 2210 2215 2220 2225 2230
NODE_NUM = 100
FILE div_sub_56.aig

# Subcircuit 57
SUB_ID 57
LO (17):  1717 1750 30084 30146 30147 30154 30163 30172 30181 30190 30199 30208 30217 30226 30235 30244 30331
LI (31):  51 65 1556 1627 1816 29985 29986 29995 30004 30013 30022 30031 30040 30049 30058 30067 30075 30083 30085 30089 30094 30099 30104 30109 30114 30119 30124 30129 30134 30139 30144
NODE_NUM = 100
FILE div_sub_57.aig

# Subcircuit 58
SUB_ID 58
LO (38):  1785 1813 1817 1826 1835 1844 1853 1860 1869 1878 1887 1896 1905 1914 1924 1936 1948 1988 1993 1998 2003 2013 2015 2022 2029 2035 2044 2053 2062 2071 2146 2165 2171 2348 2354 2355 2357 2360
LI (44):  67 68 73 75 76 77 78 79 346 1635 1642 1643 1644 1652 1661 1670 1672 1678 1745 1803 1806 1811 1816 1820 1832 1841 1850 1859 1868 1877 1886 1895 1904 1913 1921 1935 1937 2007 2021 2142 2150 2162 2232 2233
NODE_NUM = 97
FILE div_sub_58.aig

# Subcircuit 59
SUB_ID 59
LO (38):  1820 2074 2088 2097 2106 2115 2124 2133 2142 2150 2162 2210 2239 2365 2393 2518 2521 2894 2900 2901 2961 2966 2967 2973 2974 2981 2982 2990 2991 2999 3000 3083 3086 3226 3231 3236 3389 3517
LI (52):  66 68 69 70 76 82 83 84 346 1802 1819 2023 2027 2073 2087 2096 2105 2114 2123 2132 2141 2149 2157 2159 2165 2209 2232 2357 2360 2461 2516 2712 2713 2718 2728 2737 2746 2747 2829 2834 2891 2899 2950 2953 2955 2958 2961 2965 2979 2988 2989 2997
NODE_NUM = 100
FILE div_sub_59.aig

# Subcircuit 60
SUB_ID 60
LO (19):  2157 2159 2373 30476 30548 30554 30562 30571 30580 30589 30598 30607 30616 30625 30634 30643 30652 30661 30670
LI (36):  49 65 66 271 2025 2026 30359 30360 30369 30378 30387 30396 30405 30414 30423 30432 30441 30450 30459 30467 30475 30477 30481 30486 30491 30496 30501 30506 30511 30516 30521 30526 30531 30536 30541 30546
NODE_NUM = 90
FILE div_sub_60.aig

# Subcircuit 61
SUB_ID 61
LO (40):  2209 2232 2255 2264 2273 2282 2293 2302 2311 2372 2423 2428 2433 2438 2584 2593 2602 2663 2668 2673 2774 2783 2792 2924 2929 2934 3017 3018 3026 3027 3035 3036 3044 3045 3201 3206 3211 3216 3416 3425
LI (44):  49 74 75 76 77 78 79 80 2038 2070 2072 2231 2254 2263 2272 2276 2281 2284 2285 2290 2294 2299 2303 2308 2370 2461 2582 2591 2600 2712 2713 2770 2779 2788 2935 2939 2961 2965 2966 3010 3013 3025 3034 3043
NODE_NUM = 99
FILE div_sub_61.aig

# Subcircuit 62
SUB_ID 62
LO (38):  2245 2254 2263 2272 2281 2284 2285 2290 2294 2299 2303 2308 2320 2418 2575 2611 2658 2678 2801 2919 2939 2950 2997 3010 3013 3054 3196 3221 3227 3232 3238 3239 3391 3403 3406 3409 3451 3519
LI (56):  73 74 75 76 77 78 79 81 320 346 2082 2091 2100 2109 2201 2216 2221 2226 2233 2242 2244 2250 2252 2259 2261 2271 2280 2283 2286 2288 2298 2307 2318 2461 2573 2609 2712 2713 2756 2761 2797 2936 2944 2949 2961 2965 2966 2982 2991 3000 3001 3052 3218 3226 3231 3236
NODE_NUM = 100
FILE div_sub_62.aig

# Subcircuit 63
SUB_ID 63
LO (23):  2356 2370 2398 2489 2490 30686 30691 30757 30758 30783 30792 30801 30810 30819 30828 30837 30846 30855 30864 30873 30882 30891 30898
LI (40):  49 65 66 69 81 373 589 599 2355 2382 2397 2460 30548 30575 30584 30593 30602 30611 30620 30629 30638 30647 30656 30665 30674 30682 30685 30696 30701 30706 30711 30716 30721 30726 30731 30736 30741 30746 30751 30756
NODE_NUM = 100
FILE div_sub_63.aig

# Subcircuit 64
SUB_ID 64
LO (36):  2382 2397 2460 2461 2470 2478 2502 2507 2516 2531 2534 2566 2573 2582 2591 2600 2609 2618 2627 2636 2683 2695 2703 2705 2713 2716 2724 2726 2733 2735 2739 2741 2744 2753 2844 2853
LI (42):  48 65 67 68 69 70 79 80 81 82 475 2240 2247 2248 2256 2257 2265 2274 2348 2354 2355 2377 2450 2453 2458 2467 2475 2515 2528 2542 2554 2563 2572 2581 2590 2599 2608 2617 2626 2635 2685 2697
NODE_NUM = 95
FILE div_sub_64.aig

# Subcircuit 65
SUB_ID 65
LO (27):  2467 2475 2496 2891 3091 3100 3109 3118 3126 3151 3156 3161 3166 3171 3256 3257 3265 3266 3274 3275 3283 3284 3285 3335 3340 3345 3350
LI (35):  47 65 66 67 68 69 70 71 72 475 2383 2466 2473 2714 2847 2856 2864 2873 2879 2884 2889 2961 2965 2966 3083 3084 3086 3092 3101 3110 3239 3255 3264 3273 3282
NODE_NUM = 99
FILE div_sub_65.aig

# Subcircuit 66
SUB_ID 66
LO (55):  2515 2528 2542 2554 2563 2572 2581 2590 2599 2608 2617 2626 2635 2712 2717 2728 2737 2746 2747 2756 2761 2770 2779 2788 2797 2810 2847 2856 2864 2879 2884 2889 2914 2944 2949 2953 2958 3001 3063 3084 3092 3101 3110 3191 3468 3473 3530 3534 3541 3544 3550 3553 3624 3627 3767
LI (69):  67 68 69 74 75 76 80 81 82 83 475 2449 2514 2527 2541 2553 2562 2571 2580 2589 2598 2607 2616 2625 2634 2684 2695 2703 2705 2709 2714 2716 2725 2726 2733 2735 2739 2741 2743 2744 2751 2753 2760 2769 2778 2787 2796 2805 2808 2843 2844 2852 2853 2860 2861 2894 2912 2966 3061 3239 3387 3466 3528 3529 3533 3540 3543 3549 3552
NODE_NUM = 100
FILE div_sub_66.aig

# Subcircuit 67
SUB_ID 67
LO (29):  2819 2824 2834 2843 2852 2860 2861 2873 2909 3072 3186 3379 3382 3533 31167 31228 31229 31304 31313 31322 31331 31340 31349 31358 31367 31376 31385 31394 31403
LI (48):  46 65 73 74 75 2491 2713 2714 2814 2817 2823 2833 2842 2851 2859 2907 2966 3070 3239 3377 3528 3529 31060 31069 31078 31087 31096 31105 31114 31123 31132 31141 31150 31158 31166 31168 31172 31177 31182 31187 31192 31197 31202 31207 31212 31217 31222 31227
NODE_NUM = 100
FILE div_sub_67.aig

# Subcircuit 68
SUB_ID 68
LO (26):  2965 3025 3034 3043 3052 3061 3070 3081 3181 3366 3369 3635 3762 3813 3814 3829 3845 3854 3863 3872 3881 3890 3899 3908 3917 3926
LI (41):  73 74 75 412 427 2961 2963 3023 3032 3041 3050 3059 3068 3073 3077 3239 3364 3528 3529 3554 3563 3572 3581 3590 3599 3608 3617 3626 3627 3632 3759 3767 3772 3777 3782 3787 3792 3797 3802 3807 3812
NODE_NUM = 97
FILE div_sub_68.aig

# Subcircuit 69
SUB_ID 69
LO (24):  3073 3077 3082 3127 3145 3176 31424 31500 31501 31540 31549 31558 31567 31576 31585 31594 31603 31612 31621 31630 31639 31648 31657 31666
LI (44):  45 65 72 84 2827 2829 2900 2904 2966 2974 3076 3175 31290 31299 31308 31317 31326 31335 31344 31353 31362 31371 31380 31389 31398 31407 31415 31423 31425 31429 31434 31439 31444 31449 31454 31459 31464 31469 31474 31479 31484 31489 31494 31499
NODE_NUM = 100
FILE div_sub_69.aig

# Subcircuit 70
SUB_ID 70
LO (20):  3175 3218 3528 3540 3543 3549 3552 3562 3563 3571 3572 3580 3581 3582 3584 3588 3790 3797 3802 3807
LI (36):  72 80 81 82 83 84 320 2967 2973 3018 3027 3208 3211 3216 3238 3396 3405 3406 3407 3409 3415 3416 3424 3426 3441 3490 3508 3513 3527 3529 3530 3536 3538 3542 3551 3560
NODE_NUM = 94
FILE div_sub_70.aig

# Subcircuit 71
SUB_ID 71
LO (23):  3248 3255 3264 3273 3282 3293 3330 3355 3732 3759 3930 3939 3948 3957 3965 3966 3974 3977 3980 4066 4071 4076 4081
LI (41):  68 69 73 74 75 76 320 2974 3238 3239 3244 3246 3253 3262 3271 3280 3285 3289 3528 3529 3641 3654 3663 3672 3681 3686 3729 3737 3742 3747 3752 3753 3762 3819 3823 3824 3923 3926 3941 3950 3959
NODE_NUM = 100
FILE div_sub_71.aig

# Subcircuit 72
SUB_ID 72
LO (43):  3301 3325 3729 3984 3985 3994 4047 4052 4225 4291 4480 4481 4484 4494 4495 4503 4504 4512 4513 4521 4522 4530 4531 4539 4540 4548 4549 4554 4557 4647 4779 4784 4789 4794 4799 4804 4809 4824 4832 4841 4850 4859 4868
LI (47):  67 68 69 70 83 84 85 86 87 88 89 3140 3239 3299 3528 3529 3695 3707 3723 3732 3819 3823 3824 3977 3980 4144 4223 4363 4478 4479 4483 4490 4493 4499 4502 4508 4511 4517 4520 4526 4529 4535 4538 4544 4547 4553 4556
NODE_NUM = 99
FILE div_sub_72.aig

# Subcircuit 73
SUB_ID 73
LO (23):  3299 3302 3319 3723 4003 4011 4037 4042 4234 4243 4281 4286 4657 4666 4709 4735 4736 4953 4962 4971 4980 4989 4997
LI (35):  44 65 66 67 68 69 70 85 320 3146 3238 3296 3530 3716 3722 3819 3823 3824 3995 4144 4232 4241 4478 4479 4622 4631 4640 4649 4654 4663 4706 4719 4724 4729 4734
NODE_NUM = 98
FILE div_sub_73.aig

# Subcircuit 74
SUB_ID 74
LO (38):  3364 3377 3396 3405 3407 3415 3424 3426 3441 3488 3508 3513 3536 3538 3551 3560 3599 3787 3893 4107 4133 4139 4215 4216 4223 4232 4241 4250 4251 4276 4296 4368 4377 4386 4395 4404 4412 4467
LI (54):  67 71 79 80 81 83 84 320 2990 2999 3017 3018 3026 3035 3207 3221 3227 3238 3239 3362 3375 3389 3391 3394 3403 3425 3439 3523 3525 3528 3529 3595 3824 3840 3849 3858 3867 3876 3885 3892 4104 4112 4117 4122 4127 4132 4137 4208 4213 4222 4231 4240 4244 4248
NODE_NUM = 99
FILE div_sub_74.aig

# Subcircuit 75
SUB_ID 75
LO (26):  3439 3450 3483 3608 3782 4104 4416 4425 4431 4478 4483 4490 4493 4499 4502 4508 4511 4517 4520 4526 4529 4535 4538 4544 4552 4767
LI (46):  78 79 80 81 82 320 3044 3238 3239 3437 3448 3528 3529 3604 3824 3901 3912 4098 4099 4107 4139 4143 4144 4372 4381 4390 4399 4408 4409 4412 4428 4441 4446 4451 4456 4461 4477 4482 4486 4488 4492 4501 4510 4519 4528 4537
NODE_NUM = 96
FILE div_sub_75.aig

# Subcircuit 76
SUB_ID 76
LO (39):  3448 3459 3466 3478 3523 3525 3527 3529 3542 3554 3617 3654 3663 3672 3681 3707 3722 3737 3742 3747 3752 3777 3812 3834 3912 3941 3950 3959 3975 3976 3995 4057 4061 4097 4359 4363 4428 4482 4553
LI (51):  67 70 71 72 73 77 78 79 80 85 320 643 2981 3232 3238 3239 3256 3265 3274 3283 3314 3446 3451 3455 3464 3517 3519 3521 3528 3529 3553 3613 3650 3659 3668 3677 3703 3811 3817 3824 3910 3974 4060 4144 4342 4353 4360 4361 4431 4479 4552
NODE_NUM = 100
FILE div_sub_76.aig

# Subcircuit 77
SUB_ID 77
LO (38):  3590 3595 3604 3613 3626 3772 3792 3885 3921 4092 4112 4342 4345 4408 4441 4537 4764 4780 4785 4790 4795 4800 4805 4811 4814 4821 4826 4834 4843 4852 4861 4870 4882 4891 4895 4898 5125 5130
LI (47):  77 78 79 80 81 82 83 3489 3530 3582 3584 3588 3594 3603 3612 3621 3624 3790 3824 3883 3919 4144 4340 4406 4478 4479 4495 4504 4513 4522 4531 4540 4549 4558 4559 4564 4761 4769 4774 4779 4784 4789 4794 4799 4804 4809 4813
NODE_NUM = 97
FILE div_sub_77.aig

# Subcircuit 78
SUB_ID 78
LO (27):  3632 3641 3650 3659 3668 3677 3686 3695 3703 3716 31984 32055 32056 32145 32154 32163 32172 32181 32190 32199 32208 32217 32226 32235 32244 32253 32262
LI (42):  43 65 3530 3631 3640 3649 3658 3667 3676 3685 3694 3702 31859 31868 31877 31886 31895 31904 31913 31922 31931 31940 31949 31958 31967 31975 31983 31985 31989 31994 31999 32004 32009 32014 32019 32024 32029 32034 32039 32044 32049 32054
NODE_NUM = 96
FILE div_sub_78.aig

# Subcircuit 79
SUB_ID 79
LO (35):  3811 3817 3819 3837 3858 3867 3876 3883 3892 3901 3910 3919 3923 4012 4031 4117 4122 4127 4259 4381 4390 4399 4446 4451 4456 4510 4519 4528 32283 32309 32531 32540 32549 32558 32567
LI (46):  42 65 83 84 85 86 87 369 3541 3543 3545 3550 3552 3562 3571 3580 3635 3813 3814 3823 3824 3834 3854 3863 3872 3881 3890 3899 3908 3917 4144 4379 4388 4397 4479 32248 32257 32266 32274 32282 32284 32288 32293 32298 32303 32308
NODE_NUM = 100
FILE div_sub_79.aig

# Subcircuit 80
SUB_ID 80
LO (31):  4060 4086 4213 4222 4231 4240 4244 4248 4253 4270 4706 5002 5011 5020 5028 5052 5057 5062 5067 5290 5299 5308 5317 5354 5359 5364 5369 5735 5744 5753 5762
LI (44):  41 65 66 67 68 69 70 71 72 77 88 306 3825 3831 3965 4026 4032 4143 4144 4212 4221 4230 4239 4246 4480 4676 4684 4693 4699 4704 4811 4813 4814 4994 4995 4997 5003 5012 5173 5288 5297 5306 5315 5550
NODE_NUM = 98
FILE div_sub_80.aig

# Subcircuit 81
SUB_ID 81
LO (46):  4340 4353 4372 4379 4388 4397 4406 4409 4461 4477 4479 4486 4488 4492 4501 4547 4556 4576 4577 4585 4586 4594 4595 4603 4604 4612 4613 4621 4622 4630 4631 4639 4640 4724 4729 4734 4739 4744 4749 4754 4759 4905 4914 4923 4932 4941
LI (48):  72 73 74 75 76 77 78 79 87 88 3839 3848 3893 4139 4143 4144 4152 4161 4170 4179 4188 4197 4206 4215 4338 4351 4368 4370 4377 4386 4395 4404 4416 4425 4469 4471 4473 4475 4478 4479 4573 4582 4591 4600 4609 4618 4627 4636
NODE_NUM = 99
FILE div_sub_81.aig

# Subcircuit 82
SUB_ID 82
LO (32):  4469 4558 4559 4564 4573 4582 4591 4600 4609 4618 4627 4636 4649 4719 4769 4774 4822 4892 4983 4984 5077 5127 5169 5177 5436 5449 5466 5475 5484 5493 5502 5538
LI (46):  71 72 81 82 83 4133 4144 4465 4467 4480 4484 4557 4563 4572 4581 4590 4599 4608 4617 4626 4635 4644 4647 4768 4773 4814 4821 4830 4839 4848 4857 4866 4875 4884 4891 4982 5124 5125 5130 5137 5142 5147 5152 5157 5162 5167
NODE_NUM = 89
FILE div_sub_82.aig

# Subcircuit 83
SUB_ID 83
LO (25):  4654 4663 4676 4684 4693 4699 4704 4995 5003 5012 32927 32988 32989 33148 33157 33166 33175 33184 33193 33202 33211 33220 33229 33238 33247
LI (43):  40 65 67 68 4250 4265 4478 4479 4480 4653 4662 4671 4674 4679 4682 4709 4814 32820 32829 32838 32847 32856 32865 32874 32883 32892 32901 32910 32918 32926 32928 32932 32937 32942 32947 32952 32957 32962 32967 32972 32977 32982 32987
NODE_NUM = 96
FILE div_sub_83.aig

# Subcircuit 84
SUB_ID 84
LO (24):  4761 4921 4930 4939 4948 5097 5102 5107 5112 5124 5173 5181 5182 5183 5189 5190 5192 5193 5195 5201 5210 5219 5228 5429
LI (39):  76 77 78 79 80 81 83 4577 4586 4595 4604 4613 4736 4739 4744 4749 4754 4759 4811 4813 4822 4895 4896 4898 4904 4905 4913 4914 4922 4923 4931 4932 4940 4942 5114 5127 5169 5172 5177
NODE_NUM = 99
FILE div_sub_84.aig

# Subcircuit 85
SUB_ID 85
LO (40):  4768 4773 4813 4839 4848 4857 4866 4875 4957 4966 4975 4982 4993 5072 5082 5087 5092 5142 5147 5152 5157 5162 5244 5245 5253 5254 5262 5263 5280 5281 5374 5384 5389 5394 5462 5469 5471 5480 5489 5498
LI (44):  71 72 73 74 75 76 82 85 86 87 88 89 412 4481 4554 4556 4767 4811 4812 4831 4835 4840 4844 4849 4853 4858 4862 4867 4871 4949 4953 4958 4962 4967 4971 4980 4985 4989 5173 5243 5252 5261 5279 5468
NODE_NUM = 99
FILE div_sub_85.aig

# Subcircuit 86
SUB_ID 86
LO (32):  4830 5167 5533 5541 5543 5550 5553 5565 5566 5574 5575 5583 5584 5592 5593 5594 5596 5601 5602 5610 5611 5897 5902 5907 5912 5917 5922 5937 5945 5954 5963 5972
LI (35):  87 88 89 90 91 92 4494 4814 4828 5172 5173 5452 5469 5478 5487 5496 5505 5506 5513 5515 5517 5520 5522 5525 5527 5530 5532 5539 5549 5551 5560 5580 5589 5598 5607
NODE_NUM = 98
FILE div_sub_86.aig

# Subcircuit 87
SUB_ID 87
LO (41):  4828 4831 4835 4840 4844 4849 4853 4858 4862 4867 4871 4884 4896 4904 4913 4922 4931 4940 4942 4949 4958 4967 4985 4994 5029 5137 5343 5452 5461 5513 5598 5607 5786 5792 5813 5814 6129 6138 6147 6156 6163
LI (64):  38 65 66 84 85 90 4503 4512 4521 4530 4539 4548 4576 4577 4585 4594 4603 4612 4621 4630 4639 4657 4666 4735 4764 4780 4785 4790 4795 4800 4805 4814 4824 4826 4832 4834 4841 4843 4850 4852 4859 4861 4868 4870 4882 4941 5173 5440 5444 5451 5506 5511 5551 5594 5596 5756 5765 5774 5782 5791 5797 5802 5807 5812
NODE_NUM = 98
FILE div_sub_87.aig

# Subcircuit 88
SUB_ID 88
LO (20):  5046 33268 33349 33350 33459 33468 33477 33486 33495 33504 33513 33522 33531 33540 33549 33558 33567 33576 33585 33594
LI (36):  39 65 33125 33134 33143 33152 33161 33170 33179 33188 33197 33206 33215 33224 33233 33242 33251 33259 33267 33269 33273 33278 33283 33288 33293 33298 33303 33308 33313 33318 33323 33328 33333 33338 33343 33348
NODE_NUM = 99
FILE div_sub_88.aig

# Subcircuit 89
SUB_ID 89
LO (35):  5172 5199 5208 5217 5218 5226 5227 5235 5236 5243 5252 5261 5271 5272 5279 5288 5297 5306 5315 5324 5325 5349 5379 5399 5404 5409 5430 5431 5438 5439 5625 5634 5643 5649 5651
LI (41):  67 73 77 78 79 80 81 338 341 5047 5169 5170 5182 5191 5192 5196 5201 5205 5210 5214 5219 5223 5228 5232 5241 5250 5259 5264 5268 5277 5286 5295 5304 5313 5318 5320 5411 5424 5429 5432 5436
NODE_NUM = 93
FILE div_sub_89.aig

# Subcircuit 90
SUB_ID 90
LO (35):  5191 5196 5264 5318 5326 5337 5424 5432 5444 5887 5898 5924 5927 5928 5934 5935 5942 5943 5951 5952 5960 5961 5962 5968 5969 5974 5986 5990 5993 6169 6310 6315 6320 6684 6728
LI (51):  65 82 85 91 92 93 4892 4983 5041 5113 5169 5173 5182 5183 5189 5190 5193 5195 5336 5423 5430 5431 5440 5441 5551 5555 5565 5566 5574 5575 5583 5584 5592 5593 5602 5611 5612 5619 5884 5892 5897 5902 5907 5912 5917 5922 5926 5937 5945 5954 5963
NODE_NUM = 100
FILE div_sub_90.aig

# Subcircuit 91
SUB_ID 91
LO (30):  5440 5441 5451 5468 5478 5487 5496 5505 5506 5511 5515 5520 5525 5530 5539 5612 5619 5884 5892 5997 6006 6280 6306 6307 6330 6339 6347 6657 6670 6705
LI (48):  84 85 86 87 88 89 90 5169 5172 5173 5438 5439 5449 5462 5466 5471 5475 5480 5484 5489 5493 5498 5502 5538 5549 5550 5551 5555 5625 5628 5639 5878 5887 5891 5924 5926 5927 5970 5979 5988 5989 5990 5993 6277 6290 6295 6300 6305
NODE_NUM = 99
FILE div_sub_91.aig

# Subcircuit 92
SUB_ID 92
LO (35):  5628 5639 5878 5989 6265 6277 6290 6325 6333 6334 6342 6343 6351 6352 6360 6361 6369 6370 6378 6379 6387 6388 6620 6625 6630 6635 6640 6645 6650 6797 6806 6815 6824 6833 6842
LI (37):  82 83 84 85 86 87 88 5181 5549 5550 5551 5634 5637 5648 5873 5924 5926 5927 5935 5997 6006 6024 6033 6042 6264 6266 6269 6271 6280 6289 6322 6324 6332 6341 6347 6377 6386
NODE_NUM = 99
FILE div_sub_92.aig

# Subcircuit 93
SUB_ID 93
LO (13):  5637 5648 5873 6024 6033 6042 6051 6255 6264 6266 6269 6377 6386
LI (39):  79 80 81 82 83 5190 5199 5208 5217 5410 5549 5550 5551 5643 5646 5649 5651 5655 5657 5661 5664 5666 5670 5673 5675 5684 5853 5858 5863 5868 5924 5926 5927 6052 6256 6257 6265 6322 6324
NODE_NUM = 100
FILE div_sub_93.aig

# Subcircuit 94
SUB_ID 94
LO (30):  5673 5684 5853 6061 6250 6405 6610 6621 6626 6631 6636 6641 6646 6682 6725 6726 6742 6763 6772 6781 6791 6799 6808 6817 6826 6835 6844 6854 6863 6871
LI (44):  78 79 80 5226 5549 5550 5551 5679 5682 5693 5848 5924 5926 5927 6325 6334 6343 6352 6361 6370 6379 6388 6397 6404 6607 6615 6620 6625 6630 6635 6640 6645 6650 6661 6664 6674 6677 6691 6700 6709 6714 6719 6724 6741
NODE_NUM = 92
FILE div_sub_94.aig

# Subcircuit 95
SUB_ID 95
LO (49):  5682 5693 5848 6070 6245 6415 6605 6744 6748 6755 6758 6764 6767 6773 6776 6782 6785 6787 6795 6796 6804 6805 6813 6814 6822 6823 6831 6832 6840 6841 6846 6849 6876 6877 6884 7087 7107 7112 7117 7122 7127 7132 7137 7165 7209 7218 7227 7236 7245
LI (54):  77 78 79 81 85 86 87 88 89 90 91 5235 5549 5550 5551 5688 5691 5702 5843 5924 5926 5927 6325 6413 6606 6610 6682 6742 6743 6747 6754 6757 6763 6766 6772 6775 6781 6784 6791 6794 6800 6803 6809 6812 6818 6821 6827 6830 6836 6839 6845 6848 6871 6875
NODE_NUM = 98
FILE div_sub_95.aig

# Subcircuit 96
SUB_ID 96
LO (29):  5691 5702 5843 6079 6240 6424 6600 6894 7077 7108 7113 7118 7123 7128 7143 7168 7202 7211 7220 7229 7238 7247 7257 7266 7275 7284 7293 7302 7310
LI (47):  76 77 78 79 5244 5549 5550 5551 5697 5700 5711 5838 5924 5926 5927 6325 6422 6742 6743 6787 6796 6805 6814 6823 6832 6841 6850 6859 6868 6877 6886 6891 7074 7082 7087 7092 7097 7102 7107 7112 7117 7122 7127 7132 7137 7142 7165
NODE_NUM = 99
FILE div_sub_96.aig

# Subcircuit 97
SUB_ID 97
LO (21):  5700 5711 5838 6088 6235 6433 6595 7074 7314 7323 7324 7514 7519 7550 7551 7661 7670 7679 7688 7697 7706
LI (43):  75 76 77 78 79 80 5253 5549 5550 5551 5706 5709 5720 5833 5924 5926 5927 6325 6431 6742 6743 6900 6913 7068 7077 7159 7162 7163 7261 7270 7279 7288 7297 7306 7307 7310 7520 7524 7529 7534 7539 7544 7549
NODE_NUM = 97
FILE div_sub_97.aig

# Subcircuit 98
SUB_ID 98
LO (23):  5709 5720 5833 6097 6230 6442 6590 6913 7068 7333 7509 7736 7926 7962 7963 8160 8169 8178 8187 8196 8205 8214 8222
LI (44):  74 75 76 77 78 79 5262 5549 5550 5551 5715 5718 5729 5828 5924 5926 5927 6325 6440 6742 6743 6909 6922 7063 7159 7162 7163 7602 7674 7683 7692 7701 7710 7719 7728 7735 7923 7931 7936 7941 7946 7951 7956 7961
NODE_NUM = 100
FILE div_sub_98.aig

# Subcircuit 99
SUB_ID 99
LO (34):  5718 5729 5828 6106 6225 6451 6585 6922 7063 7342 7504 7923 8059 8063 8070 8073 8082 8083 8084 8092 8093 8098 8101 8227 8228 8233 8235 8236 8424 8499 8504 8509 8522 8538
LI (50):  73 74 75 76 77 78 80 95 96 97 5271 5549 5550 5551 5724 5727 5738 5823 5924 5926 5927 6325 6449 6742 6743 6918 6931 7058 7159 7162 7163 7602 7744 7755 7917 7926 8028 8057 8058 8062 8069 8072 8078 8081 8088 8091 8097 8100 8222 8226
NODE_NUM = 100
FILE div_sub_99.aig

# Subcircuit 100
SUB_ID 100
LO (22):  5727 5738 5823 6115 6220 6460 6580 6931 7058 7351 7499 7755 7917 8245 8414 8435 8436 8668 8677 8686 8695 8703
LI (44):  72 73 74 75 76 77 78 5280 5549 5550 5551 5733 5736 5747 5818 5924 5926 5927 6325 6458 6742 6743 6927 6940 7053 7159 7162 7163 7602 7753 7764 7912 8057 8058 8059 8210 8219 8228 8237 8411 8419 8424 8429 8434
NODE_NUM = 96
FILE div_sub_100.aig

# Subcircuit 101
SUB_ID 101
LO (22):  5736 5747 5818 6124 6215 6469 6575 6940 7053 7360 7494 7764 7912 8411 8708 8717 8894 8899 9175 9176 9177 9380
LI (48):  71 72 73 74 75 76 77 78 79 80 5549 5551 5735 5742 5745 5756 5813 5814 5924 5926 5927 6325 6467 6742 6743 6936 6949 7048 7159 7162 7163 7602 7762 7773 7907 8057 8058 8059 8264 8405 8414 8516 8519 8520 8700 8703 9005 9174
NODE_NUM = 99
FILE div_sub_101.aig

# Subcircuit 102
SUB_ID 102
LO (29):  5745 5756 5812 6133 6210 6478 6570 6949 7048 7369 7489 7773 7907 8264 8405 8726 8889 9194 9370 9507 9511 9512 9517 9520 9700 9701 9708 9897 10002
LI (52):  70 71 72 73 74 75 76 77 78 80 101 5549 5551 5744 5751 5754 5927 6131 6325 6476 6742 6743 6945 6958 7043 7159 7162 7163 7602 7771 7782 7902 8057 8058 8059 8273 8400 8516 8519 8520 9005 9192 9371 9375 9502 9505 9506 9510 9516 9519 9695 9699
NODE_NUM = 100
FILE div_sub_102.aig

# Subcircuit 103
SUB_ID 103
LO (25):  5754 5765 5807 6142 6205 6487 6565 6958 7043 7378 7484 7782 7902 8273 8400 8735 8884 9203 9365 9718 9887 9893 9894 10219 10227
LI (47):  69 70 71 72 73 74 75 76 77 78 5549 5551 5753 5760 5763 5927 6140 6325 6485 6742 6743 6954 6967 7038 7159 7162 7163 7602 7780 7791 7897 8057 8058 8059 8282 8395 8516 8519 8520 9005 9201 9505 9506 9710 9715 9884 9892
NODE_NUM = 96
FILE div_sub_103.aig

# Subcircuit 104
SUB_ID 104
LO (28):  5763 5774 5802 6151 6200 6496 6560 6967 7038 7387 7479 7791 7897 8282 8395 8744 8879 9212 9360 9882 9884 10017 10018 10023 10024 10230 10233 10236
LI (51):  68 69 70 71 72 73 74 75 76 77 599 5549 5551 5762 5769 5772 5927 6149 6325 6494 6742 6743 6963 6976 7033 7159 7162 7163 7602 7789 7800 7892 8057 8058 8059 8291 8390 8516 8519 8520 9005 9210 9505 9506 9511 9724 9879 9887 10004 10022 10227
NODE_NUM = 100
FILE div_sub_104.aig

# Subcircuit 105
SUB_ID 105
LO (25):  5772 5782 5797 6160 6195 6505 6555 6976 7033 7396 7474 7800 7892 8291 8390 8753 8874 9221 9355 9736 9877 9879 10239 10240 10245
LI (51):  67 68 69 70 71 72 73 74 75 76 599 5324 5549 5550 5551 5777 5780 5927 6158 6325 6503 6742 6743 6972 6985 7028 7159 7162 7163 7602 7798 7809 7887 8057 8058 8059 8300 8385 8516 8519 8520 9005 9219 9505 9506 9733 9874 9882 10004 10233 10236
NODE_NUM = 97
FILE div_sub_105.aig

# Subcircuit 106
SUB_ID 106
LO (20):  5780 5791 33996 34077 34223 34232 34241 34250 34259 34268 34277 34286 34295 34304 34313 34322 34331 34340 34349 34358
LI (38):  37 65 5338 5549 5550 33862 33871 33880 33889 33898 33907 33916 33925 33934 33943 33952 33961 33970 33979 33987 33995 33997 34001 34006 34011 34016 34021 34026 34031 34036 34041 34046 34051 34056 34061 34066 34071 34076
NODE_NUM = 100
FILE div_sub_106.aig

# Subcircuit 107
SUB_ID 107
LO (36):  5891 5970 5979 5988 6052 6295 6300 6305 6397 6615 6661 6664 6674 6677 6700 6709 6714 6719 6747 6775 6784 6794 6868 7092 7142 7146 7288 7534 7692 7951 8182 8183 8449 8450 8451 8640
LI (53):  80 81 82 83 84 85 86 88 89 90 91 92 93 5552 5554 5601 5610 5898 5924 5926 5927 5969 5972 5974 5977 5986 6051 6304 6306 6310 6322 6324 6325 6395 6659 6672 6692 6695 6707 6742 6743 6773 6782 6786 6864 7163 7286 7602 7690 8057 8058 8179 8446
NODE_NUM = 97
FILE div_sub_107.aig

# Subcircuit 108
SUB_ID 108
LO (26):  6131 6140 6149 6158 6168 6190 6514 6550 6985 7028 7405 7469 7809 7887 8300 8385 8762 8869 9230 9350 9745 9872 9874 10248 10249 10254
LI (51):  67 68 69 70 71 72 73 74 75 599 5786 5924 5926 5927 6129 6138 6147 6156 6166 6325 6512 6742 6743 6981 6994 7023 7159 7162 7163 7602 7807 7818 7882 8057 8058 8059 8309 8380 8516 8519 8520 9005 9228 9505 9506 9742 9869 9877 10004 10242 10245
NODE_NUM = 97
FILE div_sub_108.aig

# Subcircuit 109
SUB_ID 109
LO (30):  6166 6174 34128 34129 34137 34144 34145 34146 34154 34155 34163 34164 34166 34168 34172 34173 34181 34182 34372 34489 34494 34499 34504 34509 34514 34519 34528 34537 34546 34907
LI (40):  37 88 89 90 91 92 93 377 412 427 5792 5924 5926 6163 6169 33760 33770 33780 33789 33798 33807 33808 34103 34105 34107 34110 34112 34115 34117 34120 34122 34125 34128 34135 34136 34142 34152 34161 34170 34179
NODE_NUM = 99
FILE div_sub_109.aig

# Subcircuit 110
SUB_ID 110
LO (21):  6184 6532 6533 34379 34455 34456 34621 34630 34639 34648 34657 34666 34675 34684 34693 34702 34711 34720 34729 34738 34747
LI (38):  36 65 377 412 427 6322 34245 34254 34263 34272 34281 34290 34299 34308 34317 34326 34335 34344 34353 34362 34370 34378 34380 34384 34389 34394 34399 34404 34409 34414 34419 34424 34429 34434 34439 34444 34449 34454
NODE_NUM = 97
FILE div_sub_110.aig

# Subcircuit 111
SUB_ID 111
LO (48):  6289 6304 6322 6332 6341 6395 6404 6413 6422 6431 6440 6449 6458 6467 6476 6485 6494 6503 6512 6522 6545 6659 6672 6691 6695 6707 6724 6741 6743 6754 6757 6766 6803 6812 6821 6830 6839 6848 6858 6859 6875 6993 6994 7000 7015 7022 7097 7150
LI (60):  67 68 83 87 90 93 94 5928 5934 5943 5952 5961 5962 5968 6307 6310 6315 6320 6324 6325 6331 6333 6340 6342 6351 6360 6369 6378 6387 6394 6403 6405 6412 6421 6430 6439 6448 6457 6466 6475 6484 6493 6502 6511 6515 6519 6534 6658 6671 6683 6684 6706 6725 6726 6727 6728 6739 6742 6855 6990
NODE_NUM = 99
FILE div_sub_111.aig

# Subcircuit 112
SUB_ID 112
LO (36):  6331 6340 6394 6403 6412 6421 6430 6439 6448 6457 6466 6475 6484 6493 6502 6511 6515 6519 6523 6539 7023 7414 7423 7431 7454 7459 7464 7817 7818 7826 7835 7871 7882 8304 8313 8321
LI (44):  35 65 66 67 68 69 70 94 6179 6185 6324 6325 6330 6339 6393 6402 6411 6420 6429 6438 6447 6456 6465 6474 6483 6492 6501 6510 6517 6744 7002 7011 7017 7022 7159 7162 7163 7406 7415 7602 7816 7825 7834 7868
NODE_NUM = 100
FILE div_sub_112.aig

# Subcircuit 113
SUB_ID 113
LO (40):  6658 6671 6683 6692 6706 6727 6800 6809 6818 6827 6836 6845 6850 6855 6864 6886 7082 7102 7270 7306 7524 7544 7674 7710 7941 7961 8155 8164 8200 8439 8445 8446 8459 8470 8471 8605 8614 8622 8650 8658
LI (63):  80 81 82 83 84 85 86 87 88 5942 5951 5960 6324 6325 6621 6626 6631 6636 6641 6646 6657 6670 6705 6744 6797 6799 6806 6808 6815 6817 6824 6826 6833 6835 6842 6844 6849 6854 6863 6881 6884 7101 7163 7268 7304 7602 7672 7708 7962 7966 8057 8058 8059 8147 8150 8154 8161 8192 8197 8436 8444 8456 8469
NODE_NUM = 99
FILE div_sub_113.aig

# Subcircuit 114
SUB_ID 114
LO (32):  6891 6900 6909 6918 6927 6936 6945 6954 6963 6972 6981 6990 7002 7011 7017 7415 7439 35191 35257 35487 35496 35505 35514 35523 35532 35541 35550 35559 35568 35577 35586 35595
LI (49):  34 65 67 376 418 6744 6890 6899 6908 6917 6926 6935 6944 6953 6962 6971 6980 6989 6997 7000 7015 7163 35084 35093 35102 35111 35120 35129 35138 35147 35156 35165 35174 35182 35190 35192 35196 35201 35206 35211 35216 35221 35226 35231 35236 35241 35246 35251 35256
NODE_NUM = 100
FILE div_sub_114.aig

# Subcircuit 115
SUB_ID 115
LO (35):  7101 7151 7156 7580 7585 7590 7595 7601 7602 7610 7611 7619 7620 7628 7629 7637 7638 7646 7647 7648 7654 7655 7976 7981 7986 7991 7996 8002 8015 8032 8048 8094 8103 8112 8121
LI (42):  84 89 90 91 92 93 95 436 6755 6757 6764 6795 6846 6848 7150 7163 7171 7179 7188 7197 7206 7207 7214 7224 7233 7242 7243 7251 7560 7563 7565 7568 7570 7579 7584 7589 7594 7599 7626 7635 7644 7653
NODE_NUM = 99
FILE div_sub_115.aig

# Subcircuit 116
SUB_ID 116
LO (29):  7214 7224 7233 7242 7243 7251 7261 7549 7560 7563 7568 7644 7653 7664 7966 7977 7982 7987 7992 8025 8026 8088 8096 8105 8114 8123 8133 8142 8150
LI (59):  86 87 88 89 90 436 6804 6813 6822 6831 6840 7108 7113 7118 7123 7128 7159 7162 7163 7209 7211 7218 7220 7223 7227 7229 7232 7236 7238 7241 7245 7247 7250 7252 7259 7261 7550 7551 7555 7562 7567 7602 7611 7620 7629 7638 7647 7656 7663 7963 7971 7976 7981 7986 7991 7996 8007 8010 8024
NODE_NUM = 99
FILE div_sub_116.aig

# Subcircuit 117
SUB_ID 117
LO (21):  7259 7268 7279 7539 7683 7956 8456 8626 8635 8939 8980 8981 9028 9037 9046 9055 9064 9073 9082 9091 9099
LI (41):  84 85 86 87 88 6858 7159 7162 7163 7257 7266 7277 7602 7681 8057 8058 8170 8183 8450 8451 8459 8516 8519 8520 8564 8573 8582 8591 8600 8609 8618 8619 8622 8936 8949 8954 8959 8964 8969 8974 8979
NODE_NUM = 98
FILE div_sub_117.aig

# Subcircuit 118
SUB_ID 118
LO (31):  7277 7286 7297 7529 7701 7946 8192 8444 8929 8936 8995 9001 9005 9013 9014 9022 9023 9024 9030 9031 9102 9105 9111 9112 9114 9117 9465 9470 9479 9489 9522
LI (46):  82 83 84 85 86 97 98 6876 7159 7162 7163 7275 7284 7295 7602 7699 8057 8058 8188 8445 8449 8516 8519 8520 8528 8536 8545 8554 8555 8563 8637 8640 8652 8926 8939 8985 8988 8994 8999 9001 9004 9012 9020 9021 9029 9099
NODE_NUM = 98
FILE div_sub_118.aig

# Subcircuit 119
SUB_ID 119
LO (32):  7295 7304 7307 7406 7437 35316 35338 35339 35347 35354 35355 35356 35364 35365 35373 35374 35382 35383 35391 35392 35609 35741 35746 35751 35756 35761 35766 35771 35780 35789 35798 36201
LI (41):  34 65 91 92 93 94 95 96 288 303 313 6894 6993 7159 7162 7163 7293 7302 34928 34938 34948 34957 34966 34975 35315 35317 35320 35322 35325 35327 35330 35332 35335 35338 35345 35346 35352 35362 35371 35380 35389
NODE_NUM = 100
FILE div_sub_119.aig

# Subcircuit 120
SUB_ID 120
LO (15):  7448 7853 7860 7868 8326 8335 8343 8348 8380 8768 8777 8786 8795 8804 8812
LI (26):  32 33 65 66 67 68 69 288 303 313 7601 7844 7850 7866 8057 8058 8059 8318 8319 8321 8325 8334 8353 8374 8379 8519
NODE_NUM = 94
FILE div_sub_120.aig

# Subcircuit 121
SUB_ID 121
LO (34):  7656 7663 7672 7681 7690 7699 7708 7719 7936 7971 8147 8210 8434 8469 8600 8609 8919 8926 8954 8959 9067 9068 9076 9077 9120 9121 9123 9129 9130 9132 9135 9435 9440 9576
LI (48):  81 82 83 84 88 89 90 91 92 436 7314 7601 7602 7655 7661 7670 7679 7688 7697 7706 7717 7970 8057 8058 8143 8206 8435 8439 8470 8474 8516 8519 8520 8592 8595 8607 8655 8658 8670 8916 8929 9001 9004 9005 9066 9075 9114 9117
NODE_NUM = 99
FILE div_sub_121.aig

# Subcircuit 122
SUB_ID 122
LO (22):  7717 7728 7931 8219 8429 8916 9139 9148 9395 9436 9441 9442 9578 9588 9597 9606 9615 9624 9633 9642 9651 9659
LI (41):  80 81 82 83 84 436 7323 7601 7602 7715 7726 8057 8058 8215 8520 8679 8690 8910 8919 9001 9004 9005 9068 9077 9086 9095 9104 9113 9122 9131 9132 9135 9392 9405 9410 9415 9420 9425 9430 9435 9440
NODE_NUM = 100
FILE div_sub_122.aig

# Subcircuit 123
SUB_ID 123
LO (52):  7726 7735 7744 7753 7762 7771 7780 7789 7798 7807 7816 7825 7834 7844 7850 7866 8319 8334 35401 35736 35737 35738 35769 35777 35778 35786 35787 35795 35796 35804 35805 35813 35814 35818 35822 35823 35831 35832 36040 36167 36172 36177 36182 36187 36192 36197 36215 36235 36244 36253 36262 36271
LI (54):  33 65 67 90 91 92 93 94 95 96 97 418 436 595 598 7443 7449 7601 7602 7724 7733 7742 7751 7760 7769 7778 7787 7796 7805 7814 7823 7832 7839 7842 7871 8057 8058 35347 35364 35373 35382 35391 35400 35409 35733 35735 35768 35776 35785 35794 35803 35812 35821 35830
NODE_NUM = 100
FILE div_sub_123.aig

# Subcircuit 124
SUB_ID 124
LO (38):  7970 8007 8010 8024 8028 8057 8062 8069 8072 8078 8081 8091 8100 8110 8111 8119 8120 8128 8129 8137 8138 8154 8226 8308 8309 8317 8318 8325 8374 8379 8474 8479 8484 8489 8492 8566 8575 8584
LI (49):  70 71 88 90 91 92 93 94 95 436 7196 7205 7580 7601 7602 7648 7654 8000 8002 8005 8018 8023 8025 8026 8037 8042 8056 8057 8058 8065 8067 8071 8080 8099 8107 8108 8116 8117 8125 8126 8134 8135 8153 8225 8305 8306 8314 8315 8324
NODE_NUM = 83
FILE div_sub_124.aig

# Subcircuit 125
SUB_ID 125
LO (37):  8018 8037 8042 8056 8058 8065 8067 8071 8080 8097 8099 8108 8117 8126 8135 8153 8225 8306 8315 8324 8516 8525 8533 8541 8554 8555 8563 8564 8572 8573 8581 8582 8969 8974 8979 8984 9016
LI (59):  93 94 95 96 97 428 436 7178 7187 7585 7590 7595 7601 7602 7610 7619 7628 7637 7646 7664 7736 7817 7826 7835 7992 8013 8015 8030 8032 8035 8046 8048 8050 8052 8054 8058 8074 8083 8084 8093 8094 8096 8101 8111 8490 8493 8499 8504 8509 8514 8519 8522 8538 8547 8556 8565 8570 8574 8579
NODE_NUM = 100
FILE div_sub_125.aig

# Subcircuit 126
SUB_ID 126
LO (32):  8107 8116 8125 8134 8143 8161 8170 8179 8188 8197 8206 8215 8237 8305 8314 8353 8419 36512 36573 36574 36859 36868 36877 36886 36895 36904 36913 36922 36931 36940 36949 36958
LI (52):  31 65 79 7977 7982 7987 8059 8103 8105 8112 8114 8121 8123 8133 8142 8160 8169 8178 8187 8196 8205 8214 8236 8304 8313 8418 36405 36414 36423 36432 36441 36450 36459 36468 36477 36486 36495 36503 36511 36513 36517 36522 36527 36532 36537 36542 36547 36552 36557 36562 36567 36572
NODE_NUM = 97
FILE div_sub_126.aig

# Subcircuit 127
SUB_ID 127
LO (27):  8418 8490 8570 8579 8591 8595 8964 9058 9445 9502 9505 9510 9516 9519 9529 9530 9538 9539 9544 9546 9547 9553 9562 9569 9987 9992 10036
LI (46):  79 92 93 98 99 8120 8129 8138 8233 8235 8471 8474 8479 8484 8489 8516 8519 8566 8575 8583 8584 9005 9014 9023 9032 9041 9050 9057 9442 9450 9455 9460 9465 9470 9481 9484 9497 9500 9504 9507 9509 9518 9522 9527 9536 9545
NODE_NUM = 98
FILE div_sub_127.aig

# Subcircuit 128
SUB_ID 128
LO (28):  8493 8514 8547 8556 8565 8574 8583 8592 8607 8618 8949 9086 9430 9601 9952 9988 10004 10022 10030 10038 10048 10057 10066 10075 10084 10093 10102 10110
LI (47):  89 90 91 98 8070 8072 8074 8092 8098 8101 8110 8119 8128 8137 8155 8492 8516 8519 8520 8605 8616 9005 9084 9505 9506 9512 9521 9530 9539 9548 9557 9566 9575 9584 9593 9598 9949 9957 9962 9967 9972 9977 9982 9987 9992 9997 10002
NODE_NUM = 91
FILE div_sub_128.aig

# Subcircuit 129
SUB_ID 129
LO (23):  8616 8619 8637 8652 8655 8670 8679 8690 8910 9392 9664 9673 9912 9949 10109 10120 10129 10138 10147 10156 10165 10174 10182
LI (44):  81 82 83 84 8164 8182 8200 8227 8516 8519 8520 8614 8650 8668 8677 8688 8699 8905 8906 9001 9004 9005 9167 9386 9395 9505 9506 9507 9611 9620 9629 9638 9647 9656 9659 9663 9909 9922 9927 9932 9937 9942 9947 10108
NODE_NUM = 100
FILE div_sub_129.aig

# Subcircuit 130
SUB_ID 130
LO (19):  8688 8699 8904 9167 9386 9909 10186 10195 10430 10466 10467 10699 10708 10717 10726 10735 10744 10753 10761
LI (39):  80 81 82 83 84 599 8236 8516 8519 8520 8686 8697 9005 9165 9176 9381 9505 9506 9507 9692 9903 9912 10004 10017 10133 10142 10151 10160 10169 10178 10179 10182 10427 10440 10445 10450 10455 10460 10465
NODE_NUM = 98
FILE div_sub_130.aig

# Subcircuit 131
SUB_ID 131
LO (40):  8697 8700 8771 8864 9239 9345 9869 10034 10259 10268 10331 10339 10350 10355 10390 10395 10520 10521 10522 10531 10538 10539 10563 10573 10574 10577 10586 10587 10590 10599 10603 10604 10612 10613 10818 10821 10830 11052 11057 11093
LI (49):  67 68 69 72 73 74 75 76 101 102 599 8245 8308 8516 8519 8520 8695 8769 9005 9237 9505 9506 9751 9764 9863 9872 10004 10016 10017 10033 10042 10251 10254 10330 10338 10349 10354 10396 10400 10517 10519 10527 10530 10537 10572 10585 10602 10611 10815
NODE_NUM = 95
FILE div_sub_131.aig

# Subcircuit 132
SUB_ID 132
LO (46):  8769 8780 8859 9248 9340 9764 9863 10277 10385 10847 10922 11077 11078 11081 11091 11092 11100 11101 11109 11110 11118 11119 11127 11128 11136 11137 11145 11146 11154 11155 11342 11581 11586 11591 11596 11601 11606 11611 11616 11630 11638 11647 11656 11665 11674 11683
LI (50):  71 72 73 74 75 97 98 99 100 101 102 103 104 599 8317 8516 8520 8768 8778 9005 9246 9505 9506 9760 9773 9858 10004 10017 10531 10595 10845 11075 11076 11080 11087 11090 11096 11099 11105 11108 11114 11117 11123 11126 11132 11135 11141 11144 11150 11153
NODE_NUM = 100
FILE div_sub_132.aig

# Subcircuit 133
SUB_ID 133
LO (24):  8778 8789 8854 9257 9335 9773 9858 10286 10380 10856 10917 11352 11471 11512 11513 11821 11830 11839 11848 11857 11866 11875 11884 11892
LI (43):  70 71 72 73 74 75 599 8326 8516 8520 8777 8787 9005 9255 9505 9506 9769 9782 9853 10004 10017 10531 10854 11075 11076 11281 11290 11299 11308 11317 11326 11335 11344 11349 11468 11476 11481 11486 11491 11496 11501 11506 11511
NODE_NUM = 98
FILE div_sub_133.aig

# Subcircuit 134
SUB_ID 134
LO (26):  8787 8798 8849 9266 9330 9782 9853 10295 10375 10865 10912 11468 11620 11621 11622 11624 11895 11898 11904 11905 11913 11922 11931 12014 12019 12024
LI (41):  69 70 71 72 73 74 599 8335 8516 8520 8786 8796 9005 9264 9505 9506 9778 9791 9848 10004 10017 10531 10863 11075 11076 11081 11358 11371 11380 11389 11399 11443 11445 11451 11456 11461 11463 11471 11618 11619 11892
NODE_NUM = 97
FILE div_sub_134.aig

# Subcircuit 135
SUB_ID 135
LO (41):  8796 8807 8844 9275 9325 9791 9848 10304 10370 10874 10907 11371 11461 11915 12026 12596 12601 12770 12774 12784 12785 12793 12794 12802 12803 12811 12812 12820 12821 12826 13062 13190 13331 13336 13341 13346 13351 13545 13554 13563 13953
LI (53):  68 69 70 71 72 73 74 75 103 104 105 106 107 599 8343 8516 8520 8795 8805 9005 9273 9505 9506 9787 9800 9843 10004 10017 10531 10872 11075 11076 11367 11620 11913 12024 12185 12317 12594 12768 12769 12773 12780 12783 12789 12792 12798 12801 12807 12810 12816 12819 12825
NODE_NUM = 100
FILE div_sub_135.aig

# Subcircuit 136
SUB_ID 136
LO (28):  8805 8815 8816 8833 8839 9284 9320 9800 9843 10313 10365 10883 10902 11380 11456 11924 12021 12309 12312 12773 36979 37010 37386 37395 37404 37413 37422 37431
LI (51):  30 65 67 68 69 70 71 72 73 74 99 599 8348 8516 8520 8804 8812 9005 9282 9505 9506 9796 9809 9838 10004 10017 10531 10881 11075 11076 11376 11620 11922 12019 12185 12307 12768 12769 36935 36944 36953 36962 36970 36978 36980 36984 36989 36994 36999 37004 37009
NODE_NUM = 100
FILE div_sub_136.aig

# Subcircuit 137
SUB_ID 137
LO (45):  8985 8988 9004 9020 9029 9041 9050 9057 9066 9075 9084 9095 9165 9174 9192 9201 9210 9219 9228 9237 9246 9255 9264 9273 9282 9292 9315 9375 9381 9425 9450 9455 9506 9509 9518 9527 9536 9545 9554 9563 9608 9687 9695 9698 9806
LI (50):  67 79 89 94 95 97 412 8521 8527 8834 8981 8984 9001 9003 9013 9017 9022 9028 9031 9033 9037 9042 9046 9055 9064 9073 9082 9087 9091 9163 9172 9177 9181 9190 9199 9208 9217 9226 9235 9244 9253 9262 9271 9280 9285 9287 9372 9380 9480 9492
NODE_NUM = 97
FILE div_sub_137.aig

# Subcircuit 138
SUB_ID 138
LO (27):  9017 9032 9033 9042 9087 9104 9420 9460 9620 9942 10133 10465 10693 10702 11002 11048 11049 11114 11123 11132 11141 11150 11159 11168 11177 11186 11194
LI (46):  88 89 90 91 92 96 8572 8581 8626 8635 8980 9005 9016 9031 9102 9459 9505 9506 9616 10017 10131 10466 10470 10527 10530 10531 10622 10631 10640 10649 10658 10667 10676 10685 10686 10689 10701 10999 11012 11017 11022 11027 11032 11037 11042 11047
NODE_NUM = 98
FILE div_sub_138.aig

# Subcircuit 139
SUB_ID 139
LO (24):  9113 9122 9131 9285 9298 9405 9410 9415 37447 37513 37514 37838 37847 37856 37865 37874 37883 37892 37901 37910 37919 37928 37937 37945
LI (46):  30 65 66 85 86 87 100 294 338 340 8828 9001 9005 9112 9121 9130 9309 9404 9409 9414 37146 37345 37354 37363 37372 37381 37390 37399 37408 37417 37426 37435 37443 37446 37457 37462 37467 37472 37477 37482 37487 37492 37497 37502 37507 37512
NODE_NUM = 98
FILE div_sub_139.aig

# Subcircuit 140
SUB_ID 140
LO (25):  9309 9838 10322 10330 10338 10349 10354 10360 10892 10897 11389 11451 11933 12016 12296 12299 13073 13188 13361 13370 37954 37959 37960 37961 38456
LI (39):  29 65 66 67 68 69 70 71 72 73 74 599 9507 9817 9826 9832 9837 10004 10017 10314 10323 10531 10890 11075 11076 11385 11620 11931 12014 12185 12294 12768 12769 13070 13083 13182 13191 13360 37634
NODE_NUM = 100
FILE div_sub_140.aig

# Subcircuit 141
SUB_ID 141
LO (31):  9404 9409 9414 9459 9480 9481 9484 9492 9497 9500 9504 9521 9548 9557 9977 9982 9997 10033 10517 10519 10602 10611 10621 10622 10630 10631 10632 10633 10635 11042 11047
LI (51):  85 86 87 96 97 98 99 100 513 8535 8544 8995 9005 9024 9030 9105 9111 9114 9120 9123 9129 9479 9487 9489 9491 9493 9495 9505 9520 9547 9553 9554 9981 9996 10017 10032 10043 10052 10059 10068 10079 10497 10510 10515 10518 10527 10530 10531 10597 10599 10614
NODE_NUM = 96
FILE div_sub_141.aig

# Subcircuit 142
SUB_ID 142
LO (20):  9566 9575 9584 9962 9967 9972 10079 10497 10640 10649 10658 10659 10660 10662 11027 11032 11037 11135 11144 11153
LI (39):  93 94 95 96 97 98 9058 9068 9436 9441 9445 9505 9506 9507 9562 9563 9569 9573 9576 9578 9582 10017 10077 10086 10088 10095 10097 10106 10482 10486 10491 10527 10530 10531 10632 10633 10635 11075 11076
NODE_NUM = 91
FILE div_sub_142.aig

# Subcircuit 143
SUB_ID 143
LO (33):  9582 9593 9957 10106 10482 10667 10676 11017 11022 11571 11582 11587 11592 11597 11602 11607 11618 11627 11628 11635 11636 11640 11649 11658 11667 11676 11685 11695 11700 11704 11709 11712 12181
LI (48):  92 93 94 95 96 105 9067 9505 9506 9507 9588 9591 10017 10104 10115 10476 10527 10530 10531 10659 10660 10662 11075 11076 11092 11101 11110 11119 11128 11137 11146 11155 11160 11169 11568 11581 11586 11591 11596 11601 11606 11611 11616 11620 11621 11626 11629 11630
NODE_NUM = 100
FILE div_sub_143.aig

# Subcircuit 144
SUB_ID 144
LO (23):  9591 9598 9611 9947 10108 10470 10476 10685 10686 10689 11012 11568 11716 11725 12131 12157 12158 12358 12367 12376 12385 12394 12402
LI (42):  90 91 93 94 95 96 9076 9505 9506 9507 9597 9606 9609 9952 10017 10122 10467 10475 10527 10530 10531 10677 11075 11076 11178 11191 11562 11571 11618 11619 11620 11681 11690 11699 11708 11709 11712 12128 12141 12146 12151 12156
NODE_NUM = 97
FILE div_sub_144.aig

# Subcircuit 145
SUB_ID 145
LO (18):  9609 9616 9629 9937 10142 10460 10999 11562 11734 11735 11743 11752 12116 12127 12128 12412 12421 12429
LI (33):  88 89 90 91 92 93 94 9505 9507 9608 9615 9624 9627 10017 10140 10531 10710 10721 10993 11002 11075 11076 11077 11194 11198 11218 11547 11561 11618 11619 11620 11727 12113
NODE_NUM = 100
FILE div_sub_145.aig

# Subcircuit 146
SUB_ID 146
LO (40):  9627 9638 9932 10151 10455 10721 10993 11218 11547 11934 11943 11952 11961 11996 12001 12006 12011 12111 12113 12185 12193 12194 12202 12203 12211 12212 12220 12221 12229 12230 12231 12237 12265 12270 12275 12280 12285 12432 12435 12438
LI (51):  68 69 70 71 72 87 88 89 90 91 9112 9505 9506 9507 9633 9636 10017 10149 10531 10719 10730 10988 11075 11076 11077 11227 11542 11618 11619 11620 11628 11942 11951 11960 11968 11980 11995 12000 12005 12010 12108 12116 12183 12184 12192 12201 12210 12219 12228 12236 12429
NODE_NUM = 98
FILE div_sub_146.aig

# Subcircuit 147
SUB_ID 147
LO (20):  9636 9647 9927 10160 10450 10730 10988 11227 11542 12108 12442 12451 12681 12702 12703 12879 12888 12897 12906 12914
LI (42):  86 87 88 89 90 91 92 9121 9505 9506 9507 9642 9645 10017 10158 10531 10728 10739 10983 11075 11076 11077 11236 11537 11618 11619 11620 11780 12102 12111 12183 12184 12185 12416 12425 12434 12435 12438 12678 12691 12696 12701
NODE_NUM = 100
FILE div_sub_147.aig

# Subcircuit 148
SUB_ID 148
LO (19):  9645 9656 9922 10169 10445 10739 10983 11236 11537 11780 12102 12678 12919 12928 13271 13282 13665 13674 13682
LI (43):  85 86 87 88 89 90 91 92 9130 9505 9506 9507 9651 9654 10017 10167 10531 10737 10748 10978 11075 11076 11077 11245 11532 11618 11619 11620 11789 12097 12183 12184 12185 12470 12672 12681 12768 12769 12770 12914 12918 13268 13281
NODE_NUM = 100
FILE div_sub_148.aig

# Subcircuit 149
SUB_ID 149
LO (21):  9654 9663 9692 9903 10427 10978 11244 11245 11253 11254 11262 11263 11264 11266 11270 11514 11521 11526 11531 11782 11791
LI (37):  81 82 83 84 85 86 87 599 9139 9148 9505 9506 9507 9687 9690 9701 9898 10004 10017 10214 10421 10430 10527 10530 10531 10757 10758 10761 10784 10959 10972 10977 11075 11076 11077 11243 11252
NODE_NUM = 95
FILE div_sub_149.aig

# Subcircuit 150
SUB_ID 150
LO (20):  9690 9699 9710 9892 10214 10421 10784 10959 11271 11280 11281 11289 11290 11506 11511 11522 11523 11803 11809 11811
LI (38):  79 80 81 82 83 84 599 9175 9505 9506 9507 9698 9705 9708 9893 9897 10004 10017 10206 10209 10221 10232 10411 10527 10530 10531 10802 10948 11075 11076 11077 11263 11264 11266 11270 11513 11514 11521
NODE_NUM = 99
FILE div_sub_150.aig

# Subcircuit 151
SUB_ID 151
LO (60):  9715 9724 9733 9742 9751 9760 9769 9778 9787 9796 9809 9817 9826 9832 9837 9898 9981 9996 10005 10012 10209 10314 10323 10527 10537 10551 10572 10585 10701 10710 10719 10728 10737 10747 10748 10756 10757 10801 10802 10810 10811 10828 10829 10837 10838 10845 10854 10863 10872 10881 10890 10927 10932 10942 10948 10972 10977 11064 11291 11293
LI (72):  28 65 67 68 76 77 79 80 85 86 97 100 102 415 9304 9505 9506 9507 9517 9519 9544 9546 9714 9723 9732 9741 9750 9759 9768 9777 9786 9795 9804 9806 9812 9815 9894 9897 10017 10024 10034 10521 10522 10524 10536 10550 10571 10584 10700 10709 10718 10727 10736 10740 10745 10749 10754 10794 10799 10803 10808 10821 10826 10830 10835 10844 10853 10862 10871 10880 10889 10944
NODE_NUM = 98
FILE div_sub_151.aig

# Subcircuit 152
SUB_ID 152
LO (39):  10032 10042 10043 10052 10059 10068 10077 10086 10095 10104 10115 10122 10131 10140 10149 10158 10167 10178 10179 10206 10221 10232 10242 10400 10411 10440 10475 10510 10515 10518 10597 10614 10677 10740 10794 10799 10803 10808 10815
LI (54):  78 79 85 92 99 100 101 599 9529 9538 9601 9664 9673 9700 9718 9736 9988 10004 10017 10030 10036 10038 10041 10048 10050 10057 10066 10075 10084 10093 10102 10109 10110 10113 10120 10129 10138 10147 10156 10165 10174 10176 10219 10230 10240 10250 10397 10398 10401 10404 10406 10520 10530 10531
NODE_NUM = 99
FILE div_sub_152.aig

# Subcircuit 153
SUB_ID 153
LO (21):  10250 10251 10344 38468 38549 38827 38836 38845 38854 38863 38872 38881 38890 38899 38908 38917 38926 38935 38944 38953 38962
LI (39):  27 65 77 9745 10017 10249 38334 38343 38352 38361 38370 38379 38388 38397 38406 38415 38424 38433 38442 38451 38459 38467 38469 38473 38478 38483 38488 38493 38498 38503 38508 38513 38518 38523 38528 38533 38538 38543 38548
NODE_NUM = 100
FILE div_sub_153.aig

# Subcircuit 154
SUB_ID 154
LO (24):  10398 10404 10524 10540 10557 11443 11626 11942 11951 11960 11968 11969 11991 11995 12000 12005 38983 39009 39010 39474 39483 39492 39501 39510
LI (44):  26 65 66 67 68 69 70 77 78 102 103 10018 10023 10233 10239 10248 11077 11399 11408 11416 11425 11431 11436 11441 11618 11619 11620 11622 11624 11935 11944 11953 38939 38948 38957 38966 38974 38982 38984 38988 38993 38998 39003 39008
NODE_NUM = 97
FILE div_sub_154.aig

# Subcircuit 155
SUB_ID 155
LO (28):  10700 10709 10718 10727 10736 10745 10749 10754 10758 10820 10937 11317 11491 11860 12056 12097 12469 12470 12477 12478 12486 12495 12504 12513 12522 12531 12537 12671
LI (42):  78 79 80 89 10186 10195 10249 10530 10531 10699 10708 10717 10726 10735 10744 10753 10818 11075 11076 11313 11620 11798 11807 11816 11825 11834 11843 11852 11859 12053 12061 12066 12071 12076 12081 12086 12091 12096 12183 12184 12462 12471
NODE_NUM = 100
FILE div_sub_155.aig

# Subcircuit 156
SUB_ID 156
LO (46):  11075 11080 11087 11090 11096 11099 11105 11108 11117 11126 11191 11198 11243 11252 11299 11308 11326 11335 11399 11408 11416 11431 11436 11441 11445 11481 11486 11496 11501 11561 11727 11842 11843 11851 11852 11869 11870 11878 11879 11935 11944 11953 12046 12051 12061 12066
LI (52):  67 68 69 70 77 78 79 80 81 82 93 10604 10613 11049 11052 11057 11074 11078 11079 11083 11085 11089 11093 11098 11103 11107 11116 11125 11187 11188 11197 11242 11251 11295 11296 11304 11305 11322 11323 11331 11332 11395 11396 11404 11405 11412 11413 11620 11841 11850 11868 11877
NODE_NUM = 100
FILE div_sub_156.aig

# Subcircuit 157
SUB_ID 157
LO (53):  11074 11076 11079 11083 11085 11089 11098 11107 11116 11125 11188 11197 11242 11251 11296 11305 11323 11332 11396 11405 11413 39178 39180 39188 39198 39199 39200 39208 39209 39217 39218 39226 39227 39235 39236 39244 39245 39250 39252 39253 39692 39697 39702 39707 39712 39717 39722 39727 39735 39744 39753 39762 39771
LI (52):  98 99 100 101 102 103 104 595 597 10024 10530 10531 10538 10552 10573 10586 10603 10604 10612 10621 10630 10693 10702 10747 10756 10801 10810 10828 10837 11064 11070 11072 39165 39173 39175 39179 39184 39186 39191 39196 39204 39206 39213 39215 39222 39224 39231 39233 39240 39242 39249 39251
NODE_NUM = 96
FILE div_sub_157.aig

# Subcircuit 158
SUB_ID 158
LO (31):  11103 11160 11169 11178 11187 11295 11304 11313 11322 11331 11344 11476 11888 12041 12569 12616 13037 13211 13794 13814 13860 14172 14352 14361 14370 14379 14388 14397 14406 14415 14424
LI (49):  76 77 78 79 80 10622 10943 11048 11052 11077 11159 11168 11177 11186 11291 11293 11303 11312 11321 11330 11339 11342 11620 11886 12185 12567 12768 12769 13033 13356 13723 13732 13741 13750 13759 13768 13777 13786 13793 13811 13819 13824 13829 13834 13839 13844 13849 13854 13859
NODE_NUM = 100
FILE div_sub_158.aig

# Subcircuit 159
SUB_ID 159
LO (28):  11349 11358 11367 11376 11385 11395 11404 11412 11425 11978 11979 39532 39603 39604 39945 39954 39963 39972 39981 39990 39999 40008 40017 40026 40035 40044 40053 40062
LI (45):  25 65 288 291 302 11077 11348 11357 11366 11375 11384 11394 11403 11411 11618 39407 39416 39425 39434 39443 39452 39461 39470 39479 39488 39497 39506 39515 39523 39531 39533 39537 39542 39547 39552 39557 39562 39567 39572 39577 39582 39587 39592 39597 39602
NODE_NUM = 99
FILE div_sub_159.aig

# Subcircuit 160
SUB_ID 160
LO (20):  11532 11789 11798 12091 12096 12462 12471 12672 13268 13686 13687 13695 13696 13704 13705 13864 13869 13874 14322 14331
LI (33):  87 88 89 90 91 92 11254 11523 11526 11531 11618 11619 11781 11782 11790 11792 12185 12479 12488 12662 12664 12671 12770 12936 12945 12956 13257 13271 13353 13355 13356 13679 13682
NODE_NUM = 91
FILE div_sub_160.aig

# Subcircuit 161
SUB_ID 161
LO (50):  11629 12183 12192 12201 12210 12219 12228 12236 12248 12260 12294 12307 12325 12326 12334 12335 12343 12344 12352 12353 12361 12362 12370 12371 12379 12380 12388 12389 12397 12398 12405 12406 12711 12716 12721 12726 12731 12736 12741 12746 12751 12759 12786 12795 12804 12813 12822 12831 12840 12849
LI (49):  67 97 98 99 100 101 102 103 104 105 11091 11100 11620 11636 11643 11654 12172 12181 12184 12185 12191 12200 12209 12218 12227 12231 12235 12238 12247 12293 12306 12327 12332 12336 12341 12345 12350 12354 12359 12363 12368 12372 12377 12381 12386 12390 12395 12399 12404
NODE_NUM = 99
FILE div_sub_161.aig

# Subcircuit 162
SUB_ID 162
LO (25):  11643 11654 11681 11690 11699 11708 11781 11790 11792 11799 12141 12146 12151 12156 12172 12327 12332 12336 12341 12345 12350 12354 12363 12372 12381
LI (57):  97 98 99 100 101 102 103 11109 11118 11127 11136 11145 11154 11244 11253 11262 11522 11582 11587 11592 11597 11602 11607 11618 11619 11620 11638 11640 11647 11649 11652 11656 11658 11661 11663 11665 11667 11670 11672 11674 11676 11679 11681 11683 11685 11688 11695 11697 11700 11704 11791 12157 12158 12162 12167 12184 12185
NODE_NUM = 100
FILE div_sub_162.aig

# Subcircuit 163
SUB_ID 163
LO (22):  11807 12086 12488 12662 12956 13257 13713 13859 13865 13870 13910 13911 14262 14271 14280 14289 14298 14307 14316 14324 14333 14343
LI (41):  86 87 88 89 11618 11619 11799 11803 12185 12486 12497 12657 12768 12769 12770 12965 13252 13353 13355 13356 13624 13633 13642 13651 13660 13669 13678 13687 13696 13705 13860 13864 13869 13874 13879 13884 13889 13894 13899 13904 13909
NODE_NUM = 96
FILE div_sub_163.aig

# Subcircuit 164
SUB_ID 164
LO (43):  11816 12081 12497 12657 12965 13252 13723 13854 13967 13971 13972 13980 13981 13989 13990 13998 13999 14007 14008 14016 14017 14025 14026 14034 14035 14040 14043 14119 14124 14129 14134 14139 14144 14149 14154 14364 14854 14863 14872 14881 14890 14899 14908
LI (47):  72 73 74 75 76 77 78 79 85 86 87 88 11271 11620 11814 12185 12495 12506 12652 12768 12769 12770 12974 13247 13353 13355 13356 13543 13965 13966 13970 13976 13979 13985 13988 13994 13997 14003 14006 14012 14015 14021 14024 14030 14033 14039 14042
NODE_NUM = 100
FILE div_sub_164.aig

# Subcircuit 165
SUB_ID 165
LO (21):  11814 11825 12076 12506 12652 12974 13247 13732 13849 14374 14464 14500 14501 14721 14730 14739 14748 14757 14766 14775 14783
LI (43):  84 85 86 87 88 11280 11512 11618 11619 11620 11809 11811 11823 12185 12504 12515 12647 12768 12769 12770 12983 13242 13353 13355 13356 13965 13966 14312 14321 14330 14339 14348 14357 14366 14371 14461 14469 14474 14479 14484 14489 14494 14499
NODE_NUM = 96
FILE div_sub_165.aig

# Subcircuit 166
SUB_ID 166
LO (35):  11823 11834 12071 12515 12647 12983 13242 13741 13844 14461 14585 14586 14589 14599 14600 14608 14609 14617 14618 14626 14627 14632 14788 14789 14794 14796 14797 15103 15193 15198 15203 15208 15501 15510 15853
LI (49):  83 84 85 86 87 89 107 108 109 110 11289 11618 11619 11620 11821 11832 12185 12513 12524 12642 12768 12769 12770 12992 13237 13353 13355 13356 13965 13966 14186 14380 14393 14455 14464 14583 14584 14588 14595 14598 14604 14607 14613 14616 14622 14625 14631 14783 14787
NODE_NUM = 100
FILE div_sub_166.aig

# Subcircuit 167
SUB_ID 167
LO (27):  11832 11841 11850 11859 11868 11877 11886 11897 12036 12578 12611 13046 13206 13804 13809 14168 14186 14455 14588 14802 14811 14820 14829 14838 14847 14851 15061
LI (45):  76 77 78 79 80 81 11352 11618 11619 11620 11830 11839 11848 11857 11866 11875 11884 11895 12185 12576 12768 12769 13042 13356 13802 13810 13814 13965 13966 13967 14156 14161 14172 14176 14402 14411 14420 14429 14434 14439 14444 14449 14454 14583 14584
NODE_NUM = 98
FILE div_sub_167.aig

# Subcircuit 168
SUB_ID 168
LO (22):  11906 11970 11985 12031 40083 40159 40160 40493 40502 40511 40520 40529 40538 40547 40556 40565 40574 40583 40592 40601 40610 40619
LI (38):  24 65 75 105 11905 12030 39949 39958 39967 39976 39985 39994 40003 40012 40021 40030 40039 40048 40057 40066 40074 40082 40084 40088 40093 40098 40103 40108 40113 40118 40123 40128 40133 40138 40143 40148 40153 40158
NODE_NUM = 96
FILE div_sub_168.aig

# Subcircuit 169
SUB_ID 169
LO (28):  12010 12030 12191 12200 12209 12218 12227 12235 12238 12239 12254 13140 13182 13382 13383 13391 13392 13399 13400 13408 13417 13426 13435 13443 13464 13484 13496 13501
LI (42):  23 65 66 67 71 73 74 75 106 11621 11627 11898 11904 11986 12184 12190 12199 12208 12217 12226 12233 12237 12770 13092 13101 13110 13119 13128 13136 13145 13151 13156 13161 13166 13171 13176 13181 13353 13355 13375 13384 13393
NODE_NUM = 98
FILE div_sub_169.aig

# Subcircuit 170
SUB_ID 170
LO (39):  12293 12306 12359 12368 12377 12386 12390 12395 12399 12706 12768 12780 12783 12789 12792 12798 12801 12807 12810 12816 12819 12825 12829 12830 12838 12839 12847 12848 12856 12857 12862 12869 13311 13316 13321 13326 13581 13590 13599
LI (58):  99 100 101 102 11716 11725 12184 12185 12292 12305 12326 12335 12344 12353 12358 12362 12367 12371 12376 12380 12385 12389 12394 12398 12407 12703 12704 12711 12716 12721 12726 12731 12736 12741 12746 12751 12767 12770 12776 12778 12782 12786 12791 12795 12800 12804 12809 12813 12818 12822 12826 12827 12831 12836 12840 12845 12849 12854
NODE_NUM = 100
FILE div_sub_170.aig

# Subcircuit 171
SUB_ID 171
LO (28):  12404 12407 12416 12701 12874 12883 13296 13312 13317 13322 13332 13347 13353 13551 13552 13559 13560 13565 13577 13583 13592 13601 13613 13622 13631 13637 13949 13955
LI (47):  95 96 97 107 11734 11735 12127 12131 12184 12185 12402 12406 12414 12702 12706 12768 12769 12770 12785 12794 12803 12812 12821 12830 12839 12848 12857 12866 12869 12873 12880 13293 13306 13311 13316 13321 13326 13331 13336 13341 13346 13351 13355 13544 13545 13553 13554
NODE_NUM = 99
FILE div_sub_171.aig

# Subcircuit 172
SUB_ID 172
LO (21):  12414 12425 12696 13293 13642 13651 13894 13899 14284 14293 14509 14545 14546 14640 14649 14658 14667 14676 14685 14694 14702
LI (39):  94 95 96 97 98 11743 12183 12184 12185 12412 12423 12768 12769 12889 12902 13287 13296 13353 13355 13356 13634 13637 13965 13966 14231 14240 14249 14258 14267 14276 14281 14290 14506 14519 14524 14529 14534 14539 14544
NODE_NUM = 99
FILE div_sub_172.aig

# Subcircuit 173
SUB_ID 173
LO (20):  12423 12434 12691 12902 13287 13660 13889 14506 14707 14716 15143 15174 15175 15558 15567 15576 15585 15594 15603 15611
LI (43):  93 94 95 96 97 98 11752 12183 12184 12185 12421 12432 12768 12769 12898 12911 13282 13353 13355 13356 13965 13966 14299 14312 14500 14501 14509 14583 14584 14585 14663 14672 14681 14690 14699 14702 14706 15140 15153 15158 15163 15168 15173
NODE_NUM = 98
FILE div_sub_173.aig

# Subcircuit 174
SUB_ID 174
LO (22):  12479 12524 12642 12945 12992 13237 13750 13839 14393 14454 14806 15093 15134 15630 15639 15648 15657 15666 15675 15684 15693 15701
LI (43):  83 84 85 86 87 88 11842 12185 12478 12522 12533 12637 12768 12769 12770 13001 13232 13233 13353 13355 13356 13965 13966 14389 14583 14584 14744 14753 14762 14771 14780 14789 14798 14803 15090 15098 15103 15108 15113 15118 15123 15128 15133
NODE_NUM = 100
FILE div_sub_174.aig

# Subcircuit 175
SUB_ID 175
LO (20):  12533 12637 13001 13231 13759 13834 14402 14449 15090 15705 15714 15734 15760 15761 16171 16351 16360 16369 16378 16387
LI (40):  82 83 84 85 86 87 88 11851 12185 12531 12542 12632 12768 12769 12770 13356 13757 13965 13966 14398 14583 14584 14812 14825 15084 15093 15210 15212 15213 15670 15679 15688 15697 15698 15701 15731 15744 15749 15754 15759
NODE_NUM = 98
FILE div_sub_175.aig

# Subcircuit 176
SUB_ID 176
LO (36):  12542 12632 13010 13226 13768 13829 14411 14444 14825 15084 15724 15730 15731 15868 15872 15873 15881 15882 15890 15891 15899 15900 15908 15909 16133 16138 16143 16148 16153 16160 16162 16163 16760 16769 16778 16787
LI (41):  81 82 83 84 85 86 11860 12185 12540 12551 12627 12768 12769 12770 13356 13766 13965 13966 14407 14583 14584 14821 14834 15079 15210 15212 15213 15491 15499 15725 15866 15867 15871 15877 15880 15886 15889 15895 15898 15904 15907
NODE_NUM = 100
FILE div_sub_176.aig

# Subcircuit 177
SUB_ID 177
LO (26):  12540 12551 12560 12621 12626 13019 13028 13216 13221 13777 13786 13819 13824 14420 14429 14434 14439 14834 15079 15470 15471 15473 15491 15499 15725 15871
LI (45):  79 80 81 82 83 84 85 11869 11870 11878 12052 12056 12183 12184 12185 12537 12547 12549 12558 12768 12769 13015 13024 13356 13775 13784 13965 13966 14416 14425 14583 14584 14830 14839 14843 14844 15070 15074 15210 15212 15213 15478 15482 15866 15867
NODE_NUM = 99
FILE div_sub_177.aig

# Subcircuit 178
SUB_ID 178
LO (44):  12558 12567 12576 12587 12594 12606 12664 12704 12767 12769 12776 12778 12782 12791 12800 12809 12818 12827 12836 12845 12854 12866 12911 12918 12936 13055 13083 13092 13101 13108 13171 13176 13181 13201 13281 13306 13375 13384 13393 13535 13538 13616 13661 13970
LI (55):  71 72 73 76 77 78 88 93 96 98 106 11635 11905 12183 12184 12185 12193 12202 12211 12220 12325 12326 12334 12343 12352 12361 12370 12379 12388 12397 12405 12442 12451 12469 12477 12556 12565 12574 12583 12585 12592 12759 12765 12768 12769 12862 12907 13051 13079 13088 13097 13356 13533 13965 13966
NODE_NUM = 99
FILE div_sub_178.aig

# Subcircuit 179
SUB_ID 179
LO (49):  12880 12889 12898 12907 13015 13024 13033 13042 13051 13064 13070 13079 13088 13097 13110 13119 13161 13166 13196 13410 13419 13481 13486 13522 13525 13979 14033 14042 14114 14120 14125 14130 14135 14140 14145 14156 14849 14852 14853 14858 14861 14865 14874 14883 14892 14901 14910 14921 14928
LI (58):  69 70 71 76 77 81 12770 12879 12888 12897 12906 13014 13023 13032 13041 13050 13059 13062 13069 13078 13087 13096 13105 13108 13114 13117 13356 13408 13417 13484 13520 13965 13966 13972 13981 13990 13999 14008 14017 14026 14035 14040 14044 14111 14119 14124 14129 14134 14139 14144 14149 14154 14585 14845 14847 14851 14854 14860
NODE_NUM = 97
FILE div_sub_179.aig

# Subcircuit 180
SUB_ID 180
LO (20):  13117 13128 13156 13428 13476 14111 14933 14942 15013 15054 15055 15245 15254 15263 15272 15281 15290 15299 15308 15316
LI (39):  68 69 70 71 72 12229 12768 12769 12770 13123 13126 13356 13426 13965 13966 14049 14062 14105 14114 14583 14584 14585 14871 14880 14889 14898 14907 14916 14925 14928 14932 15010 15023 15028 15033 15038 15043 15048 15053
NODE_NUM = 96
FILE div_sub_180.aig

# Subcircuit 181
SUB_ID 181
LO (21):  13126 13136 13151 13437 13471 14062 14105 15010 15321 15330 15407 15412 15989 15998 16083 16104 16853 16862 16871 16880 16888
LI (41):  67 68 69 70 71 72 73 12237 12768 12769 12770 13131 13134 13356 13435 13965 13966 14058 14071 14100 14583 14584 14585 14961 15004 15013 15210 15212 15213 15313 15316 15866 15867 15972 15981 15986 15995 16080 16093 16098 16103
NODE_NUM = 100
FILE div_sub_181.aig

# Subcircuit 182
SUB_ID 182
LO (20):  13134 13145 41231 41312 41660 41669 41678 41687 41696 41705 41714 41723 41732 41741 41750 41759 41768 41777 41786 41795
LI (38):  22 65 12249 12768 12769 41097 41106 41115 41124 41133 41142 41151 41160 41169 41178 41187 41196 41205 41214 41222 41230 41232 41236 41241 41246 41251 41256 41261 41266 41271 41276 41281 41286 41291 41296 41301 41306 41311
NODE_NUM = 100
FILE div_sub_182.aig

# Subcircuit 183
SUB_ID 183
LO (34):  13401 13445 13466 13491 14024 14071 14100 14961 15004 15339 15402 16080 16527 16528 16531 16541 16542 16550 16551 16559 16560 16565 16893 16894 16902 16903 16987 16992 17182 17187 17192 17341 17580 17876
LI (48):  67 68 69 70 71 72 73 111 112 113 13140 13356 13400 13443 13464 13490 13965 13966 14067 14079 14095 14583 14584 14585 14970 14999 15210 15212 15213 15866 15867 16004 16017 16074 16083 16185 16525 16526 16530 16537 16540 16546 16549 16555 16558 16564 16888 16892
NODE_NUM = 100
FILE div_sub_183.aig

# Subcircuit 184
SUB_ID 184
LO (19):  13446 13460 14088 14095 14970 14999 15348 15357 15365 15387 15392 15397 16016 16017 16024 16033 16061 16066 16073
LI (22):  20 21 65 66 67 68 69 70 108 13967 14094 14583 14584 14585 14968 14987 15210 15212 15213 15866 15867 16013
NODE_NUM = 98
FILE div_sub_184.aig

# Subcircuit 185
SUB_ID 185
LO (50):  13490 13544 13553 13950 13951 13965 13988 13997 14006 14015 14078 14079 14094 14176 14194 14195 14203 14204 14212 14213 14221 14222 14230 14231 14239 14240 14248 14249 14257 14258 14266 14267 14275 14276 14310 14311 14519 14524 14529 14534 14539 14544 14549 14554 14559 14564 14601 14610 14619 14628
LI (52):  67 72 99 100 101 102 103 104 105 106 107 108 12793 12802 13356 13393 13399 13552 13561 13570 13940 13942 13949 13964 13967 13987 13996 14005 14014 14075 14076 14175 14192 14201 14209 14210 14218 14219 14227 14228 14236 14237 14245 14246 14254 14255 14263 14264 14272 14273 14308 14309
NODE_NUM = 99
FILE div_sub_185.aig

# Subcircuit 186
SUB_ID 186
LO (17):  13561 13570 13940 14201 14209 14210 14218 14219 14227 14228 14236 14237 14245 14246 14250 14252 14255
LI (49):  100 101 102 103 104 105 106 12811 12820 12829 12838 12847 12856 13312 13317 13322 13332 13353 13355 13356 13560 13563 13565 13568 13577 13579 13581 13583 13586 13588 13590 13592 13595 13597 13599 13601 13604 13606 13613 13615 13624 13911 13915 13920 13925 13930 13935 13966 13967
NODE_NUM = 98
FILE div_sub_186.aig

# Subcircuit 187
SUB_ID 187
LO (27):  13624 13633 13634 13669 13678 13879 13884 13904 13909 14264 14273 14309 14321 14494 15133 15140 15615 15624 15633 15779 15800 15801 16279 16288 16297 16306 16314
LI (41):  93 94 95 96 97 98 99 12874 12883 12919 13353 13355 13356 13616 13622 13631 13661 13665 13676 13965 13966 14317 14583 14584 14726 14731 15134 15138 15210 15212 15213 15598 15607 15608 15609 15611 15617 15632 15776 15794 15799
NODE_NUM = 98
FILE div_sub_187.aig

# Subcircuit 188
SUB_ID 188
LO (39):  13676 13679 13942 13964 13966 13987 13996 14005 14014 14076 14175 14192 14330 14339 14348 14357 14474 14479 14484 14489 14583 14584 14595 14598 14607 14616 14625 14635 14636 14643 14644 14742 14751 14760 14769 15111 15116 15121 15188
LI (46):  90 91 92 93 106 108 109 12784 12928 13353 13355 13356 13364 13373 13382 13391 13455 13551 13552 13559 13674 13686 13695 13704 13713 13794 13950 13951 13957 13962 13965 13967 14194 14195 14203 14212 14221 14230 14326 14335 14344 14353 14565 14580 14632 14641
NODE_NUM = 100
FILE div_sub_188.aig

# Subcircuit 189
SUB_ID 189
LO (42):  13957 14044 14049 14058 14067 14075 14161 14254 14263 14272 14281 14290 14299 14308 14312 14317 14326 14335 14344 14353 14366 14469 14499 14726 14780 14932 15108 15138 15609 15617 15679 15754 16364 16412 16438 16439 16672 16681 16690 16699 16708 16716
LI (61):  71 89 90 91 92 95 96 13347 13356 13865 13870 13910 13953 13955 13967 14043 14048 14057 14066 14074 14160 14250 14252 14262 14271 14280 14289 14298 14307 14311 14316 14322 14324 14331 14333 14343 14352 14361 14364 14497 14583 14584 14722 14776 15143 15213 15677 15866 15867 16320 16329 16338 16347 16356 16361 16409 16417 16422 16427 16432 16437
NODE_NUM = 100
FILE div_sub_189.aig

# Subcircuit 190
SUB_ID 190
LO (50):  14371 14380 14389 14398 14407 14416 14425 14497 14565 14604 14613 14622 14631 14641 15183 15194 15199 15204 15210 15239 15240 15248 15249 15257 15258 15266 15267 15275 15276 15284 15285 15293 15294 15301 15302 15427 15432 15437 15442 15447 15452 15457 15503 15512 15522 15531 15539 15855 15901 15910
LI (61):  75 76 77 78 79 80 81 95 13967 14204 14213 14222 14310 14370 14379 14388 14397 14406 14415 14424 14545 14546 14549 14554 14559 14564 14585 14600 14601 14609 14610 14618 14619 14627 14628 14636 14640 14645 15180 15181 15188 15193 15198 15203 15208 15232 15237 15241 15246 15250 15255 15259 15264 15268 15273 15277 15282 15286 15291 15295 15300
NODE_NUM = 100
FILE div_sub_190.aig

# Subcircuit 191
SUB_ID 191
LO (35):  14645 15180 15543 15552 15824 15850 15851 15866 15880 15889 15898 15907 15917 15918 15926 15927 15935 15936 15944 15945 15952 15953 16113 16118 16123 16128 16189 16198 16207 16216 16225 16233 16805 16814 16823
LI (43):  78 79 80 81 104 105 106 14585 14644 14649 14652 14663 15174 15175 15183 15210 15212 15213 15508 15517 15526 15535 15539 15821 15834 15839 15844 15849 15865 15879 15888 15897 15906 15914 15915 15923 15924 15932 15933 15941 15942 15950 15951
NODE_NUM = 99
FILE div_sub_191.aig

# Subcircuit 192
SUB_ID 192
LO (25):  14652 14663 15173 15821 16238 16247 16477 16525 16530 16537 16540 16546 16549 16555 16558 16564 16568 16569 16574 16576 16577 16583 16592 16599 17177
LI (43):  103 104 105 106 110 14239 14583 14584 14585 14658 14661 15213 15560 15571 15815 15824 15866 15867 15868 16194 16203 16212 16221 16230 16233 16237 16474 16487 16492 16497 16502 16507 16524 16527 16529 16533 16535 16539 16548 16557 16565 16566 16575
NODE_NUM = 96
FILE div_sub_192.aig

# Subcircuit 193
SUB_ID 193
LO (21):  14661 14672 15168 15571 15815 16474 16604 16613 17152 17183 17188 17194 17582 17592 17601 17610 17619 17628 17637 17645 17878
LI (41):  102 103 104 105 106 14248 14583 14584 14585 14667 14670 15213 15569 15580 15810 15866 15867 15868 16266 16468 16477 16525 16526 16527 16542 16551 16560 16569 16578 16587 16596 16599 16603 17149 17162 17167 17172 17177 17182 17187 17192
NODE_NUM = 97
FILE div_sub_193.aig

# Subcircuit 194
SUB_ID 194
LO (27):  14670 14681 15163 15580 15810 16266 16468 17072 17088 17089 17147 17149 17195 17199 17203 17204 17212 17213 17541 17546 17555 17568 17648 17651 17654 17765 17906
LI (41):  89 90 101 102 103 104 412 14257 14583 14584 14585 14676 14679 15213 15578 15589 15805 15866 15867 15868 16275 16463 16525 16526 16527 16531 16731 16740 16749 16758 17069 17071 17077 17082 17087 17144 17152 17194 17202 17211 17645
NODE_NUM = 94
FILE div_sub_194.aig

# Subcircuit 195
SUB_ID 195
LO (19):  14679 14690 15158 15589 15805 16275 16463 17144 17658 17667 17827 17853 17854 18346 18355 18364 18373 18382 18390
LI (42):  100 101 102 103 104 105 412 14266 14583 14584 14585 14685 14688 15213 15587 15598 15800 15801 15866 15867 15868 16284 16458 16525 16526 16527 16641 17138 17147 17194 17195 17623 17632 17641 17650 17651 17654 17824 17837 17842 17847 17852
NODE_NUM = 99
FILE div_sub_195.aig

# Subcircuit 196
SUB_ID 196
LO (34):  14688 14699 15153 15598 15799 16284 16458 16641 17138 17824 17891 17895 17896 17904 17905 17913 17914 17922 17923 17928 17931 18259 18264 18269 18274 18395 18396 18401 18403 18404 18527 18791 18800 18809
LI (48):  90 91 92 93 99 100 101 102 103 105 412 14275 14583 14584 14585 14694 14697 15213 15596 15866 15867 16280 16293 16453 16525 16526 16527 16650 17133 17194 17195 17578 17686 17818 17827 17889 17890 17894 17900 17903 17909 17912 17918 17921 17927 17930 18390 18394
NODE_NUM = 99
FILE div_sub_196.aig

# Subcircuit 197
SUB_ID 197
LO (22):  14697 14706 14722 14731 14744 15128 15776 16320 16329 16432 16437 16667 16676 16685 17112 17133 17684 17693 17702 17711 17717 17800
LI (40):  94 95 96 97 98 99 412 14284 14293 14583 14584 14585 14721 14730 14739 14742 15213 15641 15652 15770 15779 15866 15867 15868 16314 16318 16438 16442 16525 16526 16527 16659 16662 16666 16673 16682 17109 17127 17132 17194
NODE_NUM = 100
FILE div_sub_197.aig

# Subcircuit 198
SUB_ID 198
LO (20):  14753 15123 15652 15770 16338 16427 17109 17721 17730 17792 17818 18413 18414 18419 18422 18428 18437 18446 18453 18517
LI (40):  93 94 95 96 97 98 103 412 14585 14748 14751 15121 15213 15650 15661 15765 15866 15867 15868 16525 16526 16691 16704 17103 17112 17194 17195 17695 17704 17713 17714 17717 17789 17802 17807 17812 17817 17891 18412 18421
NODE_NUM = 100
FILE div_sub_198.aig

# Subcircuit 199
SUB_ID 199
LO (19):  14762 15118 15661 15765 16347 16422 16704 17103 17789 18458 18467 18487 18508 18509 18730 18739 18748 18757 18765
LI (42):  92 93 94 95 96 97 98 412 14585 14757 14760 15116 15213 15659 15670 15760 15761 15866 15867 15868 16525 16526 16700 16713 17098 17194 17195 17749 17783 17792 17889 17890 17891 18432 18441 18450 18453 18457 18484 18497 18502 18507
NODE_NUM = 96
FILE div_sub_199.aig

# Subcircuit 200
SUB_ID 200
LO (20):  14771 15113 15670 15759 16356 16417 16713 17098 17749 17783 18484 18770 18779 19206 19222 19223 19758 19772 19924 19933
LI (43):  91 92 93 94 95 96 97 98 412 14585 14766 14769 15111 15213 15668 15866 15867 16352 16525 16526 16709 16722 17093 17194 17195 17758 17778 17889 17890 17891 18298 18478 18487 18592 18593 18594 18753 18762 18765 18769 19203 19216 19221
NODE_NUM = 98
FILE div_sub_200.aig

# Subcircuit 201
SUB_ID 201
LO (36):  14776 14787 14798 14803 14812 14821 14830 14839 14845 14860 14871 15053 15070 15098 15218 15227 15232 15237 15241 15478 15482 15697 15744 15877 15879 16382 16409 16721 16722 16730 16731 16732 16734 17087 17092 17751
LI (57):  79 80 84 88 89 90 92 93 13971 13972 14145 14168 14374 14583 14584 14585 14775 14797 14802 14811 14820 14829 14838 14844 14853 14858 14861 14863 14865 14869 14871 15054 15055 15063 15068 15097 15210 15212 15213 15222 15468 15470 15471 15473 15695 15866 15867 16374 16379 16392 16399 16407 16527 16714 16716 16720 16729
NODE_NUM = 100
FILE div_sub_201.aig

# Subcircuit 202
SUB_ID 202
LO (31):  14869 14880 14889 14898 14907 14916 14925 14968 14987 15023 15028 15033 15038 15043 15048 15250 15259 15268 15277 15286 15295 15374 15375 15422 43060 43081 43082 43639 43648 43657 43666
LI (57):  19 65 73 74 75 76 77 78 288 298 300 13980 13989 13998 14007 14016 14025 14034 14078 14120 14125 14130 14135 14140 14583 14584 14585 14872 14874 14878 14881 14883 14887 14890 14892 14896 14899 14901 14905 14908 14910 14914 14921 15210 15213 15303 15420 43025 43034 43043 43051 43059 43061 43065 43070 43075 43080
NODE_NUM = 100
FILE div_sub_202.aig

# Subcircuit 203
SUB_ID 203
LO (31):  15063 15068 15097 15181 15246 15255 15264 15273 15282 15291 15300 15303 15312 15417 15972 15981 16093 16098 16866 16875 17002 17043 17254 17263 17272 17281 17290 17299 17308 17317 17325
LI (50):  73 74 75 76 82 88 105 14586 14588 14643 14794 14796 14844 14849 14853 14933 15061 15212 15213 15245 15254 15263 15272 15281 15290 15299 15302 15310 15866 15867 15968 15977 16525 16526 16813 16822 16831 16840 16849 16858 16863 16872 16999 17012 17017 17022 17027 17032 17037 17042
NODE_NUM = 100
FILE div_sub_203.aig

# Subcircuit 204
SUB_ID 204
LO (30):  15310 15313 15381 16052 16074 16911 16912 16920 16921 16929 16930 16938 16939 16946 16947 16951 16952 16954 16955 16958 16962 16967 16972 16977 16982 17359 17368 17377 17386 17395
LI (29):  17 18 65 66 67 68 69 70 71 14942 15210 15212 15213 15308 15868 16026 16035 16043 16058 16063 16068 16073 16525 16526 16527 16910 16919 16928 16937
NODE_NUM = 88
FILE div_sub_204.aig

# Subcircuit 205
SUB_ID 205
LO (44):  15420 15468 15508 15849 15865 15886 15895 15904 15914 16194 16203 16221 16230 16293 16453 16487 16492 16502 16507 16524 16526 16529 16533 16535 16539 16548 16557 16566 16575 16586 16587 16595 16596 16603 16642 16644 16649 16650 16658 16659 17127 17132 17162 17167
LI (54):  74 100 101 107 108 110 111 112 338 14608 15213 15231 15240 15249 15301 15449 15452 15457 15462 15467 15506 15850 15851 15859 15861 15863 15866 15867 15868 15883 15901 15911 16176 16190 16202 16211 16220 16229 16238 16247 16292 16301 16302 16449 16451 16486 16491 16501 16518 16525 16583 16592 16646 16655
NODE_NUM = 100
FILE div_sub_205.aig

# Subcircuit 206
SUB_ID 206
LO (37):  15506 15517 15526 15535 15560 15569 15578 15587 15596 15607 15608 15632 15641 15650 15659 15668 15677 15685 15688 15749 15794 15834 15839 15844 16202 16211 16212 16220 16292 16374 16407 16451 16491 16497 16501 16714 16729
LI (53):  90 91 99 100 107 108 109 110 14617 14626 14635 14707 14716 14788 15194 15199 15210 15212 15213 15501 15503 15510 15512 15515 15522 15524 15531 15533 15558 15567 15576 15585 15594 15603 15605 15630 15639 15648 15657 15666 15675 15684 15686 15866 15867 16199 16208 16217 16289 16370 16412 16525 16526
NODE_NUM = 100
FILE div_sub_206.aig

# Subcircuit 207
SUB_ID 207
LO (47):  15686 15695 15698 15859 15861 15867 15888 15897 15906 15915 15924 15933 15942 15951 15962 16042 16043 16058 16103 16114 16119 16124 16134 16139 16144 16149 16176 16177 16185 16228 16229 16237 16300 16393 16394 16518 16754 16762 16771 16780 16789 16799 16807 16816 16825 16835 16844
LI (54):  67 76 88 111 14599 14806 15210 15212 15213 15221 15230 15239 15248 15257 15266 15275 15284 15293 15376 15543 15552 15615 15685 15693 15714 15857 15866 15873 15882 15891 15900 15909 15918 15927 15936 15945 15954 15959 16039 16104 16108 16113 16118 16123 16128 16133 16138 16143 16148 16153 16164 16167 16173 16226
NODE_NUM = 100
FILE div_sub_207.aig

# Subcircuit 208
SUB_ID 208
LO (35):  15857 15911 15923 15932 15941 15950 15954 15959 15968 15977 15986 15995 16004 16013 16026 16068 16108 16849 16919 17017 17303 17491 18012 18209 18250 18251 18839 18848 18857 18866 18875 18884 18893 18902 18910
LI (53):  69 77 78 79 80 15204 15213 15448 15853 15855 15868 15910 15922 15931 15940 15949 15953 15958 15967 15976 15985 15994 16003 16012 16021 16024 16066 16106 16525 16526 16845 17195 17301 17889 17890 17941 17950 17959 17968 17977 17986 17995 18004 18009 18206 18214 18219 18224 18229 18234 18239 18244 18249
NODE_NUM = 96
FILE div_sub_208.aig

# Subcircuit 209
SUB_ID 209
LO (41):  16035 16039 16063 16106 16164 16167 16173 16190 16199 16208 16217 16226 16280 16289 16301 16302 16318 16352 16361 16370 16379 16392 16397 16399 16442 16449 16486 16646 16655 16662 16666 16739 16740 16743 16747 16758 16928 17069 17082 17202 17211
LI (63):  68 77 87 88 89 91 98 99 412 15624 15633 15724 15730 15734 15866 15867 15868 15952 16030 16033 16038 16061 16160 16162 16163 16166 16171 16189 16198 16207 16216 16225 16279 16288 16297 16300 16306 16309 16311 16351 16360 16369 16378 16387 16390 16394 16439 16443 16485 16525 16526 16527 16642 16644 16732 16734 16738 16755 16768 17063 17072 17194 17199
NODE_NUM = 100
FILE div_sub_209.aig

# Subcircuit 210
SUB_ID 210
LO (37):  16390 16485 16578 16673 16682 16691 16700 16709 16720 16738 16749 17077 17172 17578 17778 17857 17873 17874 17889 17894 17900 17903 17912 17921 17930 17940 17941 17948 17949 18249 18280 18293 18310 18319 18328 18336 18340
LI (54):  88 90 91 107 109 110 15705 15866 15867 16177 16228 16364 16382 16393 16397 16525 16526 16527 16577 16672 16681 16690 16699 16708 16743 16747 17171 17195 17204 17547 17555 17570 17573 17587 17596 17605 17612 17767 17772 17777 17854 17862 17867 17872 17888 17890 17893 17911 17920 17929 17937 17938 17946 17947
NODE_NUM = 97
FILE div_sub_210.aig

# Subcircuit 211
SUB_ID 211
LO (13):  16755 16768 17063 17526 17547 17909 17918 17927 17929 17937 17938 17944 17947
LI (42):  85 86 87 88 412 15872 15881 16139 16144 16149 16525 16526 16527 16754 16760 16762 16766 16769 16771 16775 16777 16778 16780 16784 16786 16795 17048 17053 17058 17194 17195 17213 17231 17240 17523 17527 17532 17541 17546 17890 17891 17906
NODE_NUM = 100
FILE div_sub_211.aig

# Subcircuit 212
SUB_ID 212
LO (20):  16784 16795 17048 17523 17946 17959 18239 18244 18861 19156 19192 19193 19327 19336 19345 19354 19363 19372 19381 19389
LI (44):  84 85 86 87 412 15890 16134 16525 16526 16527 16787 16789 16793 16804 17043 17194 17195 17258 17517 17526 17889 17890 17891 17944 17950 18242 18592 18593 18799 18808 18817 18826 18835 18844 18853 18858 19153 19161 19166 19171 19176 19181 19186 19191
NODE_NUM = 97
FILE div_sub_212.aig

# Subcircuit 213
SUB_ID 213
LO (35):  16793 16804 17042 17258 17517 17968 18234 18781 18799 19151 19153 19191 19202 19203 19304 19312 19313 19321 19322 19330 19331 19339 19340 19341 19348 19392 19395 19398 19737 19742 19747 19752 20054 20063 20072
LI (45):  83 84 85 86 94 95 96 97 288 15899 16525 16526 16527 16799 16802 17195 17256 17267 17512 17889 17890 17891 18592 18593 18598 18789 18798 18807 18816 18867 19148 19156 19190 19192 19193 19195 19197 19200 19303 19311 19320 19329 19338 19347 19389
NODE_NUM = 96
FILE div_sub_213.aig

# Subcircuit 214
SUB_ID 214
LO (19):  16802 16813 17037 17267 17512 17977 18229 19148 19402 19411 19697 19728 20102 20111 20120 20129 20138 20147 20155
LI (42):  82 83 84 85 86 87 288 15908 16124 16525 16526 16527 16805 16807 16811 17195 17265 17276 17507 17889 17890 17891 18592 18593 18876 18889 19142 19151 19303 19304 19367 19376 19385 19394 19395 19398 19694 19707 19712 19717 19722 19727
NODE_NUM = 100
FILE div_sub_214.aig

# Subcircuit 215
SUB_ID 215
LO (33):  16811 16822 17032 17276 17507 17986 18224 18889 19142 19694 20039 20043 20044 20052 20053 20061 20062 20070 20071 20076 20160 20161 20166 20168 20169 20455 20505 20510 20515 20520 20945 20954 20963
LI (49):  81 82 83 84 85 87 97 98 99 100 288 15917 16119 16525 16526 16527 16814 16816 16820 17195 17274 17285 17502 17889 17890 17891 18592 18593 18885 18898 19137 19303 19304 19430 19688 19697 19784 20037 20038 20042 20048 20051 20057 20060 20066 20069 20075 20155 20159
NODE_NUM = 100
FILE div_sub_215.aig

# Subcircuit 216
SUB_ID 216
LO (21):  16820 16831 17027 17285 17502 17995 18219 18898 19137 19430 19688 20178 20445 20471 20472 21038 21047 21056 21065 21074 21082
LI (45):  80 81 82 83 84 85 288 15926 16114 16525 16526 16527 16823 16825 16829 17195 17283 17294 17497 17889 17890 17891 18592 18593 18894 18907 19132 19303 19304 19439 19683 20037 20038 20039 20134 20143 20152 20161 20170 20442 20450 20455 20460 20465 20470
NODE_NUM = 98
FILE div_sub_216.aig

# Subcircuit 217
SUB_ID 217
LO (20):  16829 16840 17022 17294 17496 18004 18214 18907 19132 19439 19683 20442 21087 21096 21363 21379 21678 21687 21696 21704
LI (44):  79 80 81 82 83 84 85 86 288 15935 16525 16526 16527 16835 16838 17195 17292 17889 17890 18000 18592 18593 18903 18916 19127 19303 19304 19448 19678 20037 20038 20039 20197 20436 20445 20782 20783 20784 21079 21082 21086 21360 21373 21378
NODE_NUM = 100
FILE div_sub_217.aig

# Subcircuit 218
SUB_ID 218
LO (18):  16838 16845 16858 17012 17312 17486 18206 18916 19127 19448 19678 20196 20197 20198 20200 20204 20428 20435
LI (37):  77 78 79 80 81 82 83 288 15944 16525 16526 16527 16844 16853 16856 17195 17310 17889 17890 18018 18031 18200 18209 18592 18593 18594 18910 18914 18934 19117 19303 19304 19466 19669 20037 20038 20039
NODE_NUM = 94
FILE div_sub_218.aig

# Subcircuit 219
SUB_ID 219
LO (20):  16856 16863 16872 16999 17330 17339 17471 17476 18200 18933 18934 18942 18943 18951 18952 19106 19111 19116 19459 19468
LI (33):  74 75 76 77 78 79 412 15962 16525 16526 16527 16862 16871 16880 16883 16894 16993 17002 17194 17195 17322 17325 17889 17890 18036 18045 18058 18185 18199 18592 18593 18594 18932
NODE_NUM = 91
FILE div_sub_219.aig

# Subcircuit 220
SUB_ID 220
LO (28):  16883 16892 16910 16937 16956 16993 17347 17348 17356 17357 17365 17366 17374 17375 17383 17384 17392 17393 17401 17402 17408 17436 17441 17446 17451 17456 17461 17466
LI (47):  16 65 68 69 70 71 72 73 74 412 15989 15998 16016 16042 16525 16526 16903 16912 16921 16930 16939 16947 16952 16954 16955 16958 16962 16967 16972 16977 16982 16987 16992 17194 17340 17341 17349 17358 17359 17367 17368 17376 17377 17385 17386 17394 17395
NODE_NUM = 100
FILE div_sub_220.aig

# Subcircuit 221
SUB_ID 221
LO (38):  17071 17093 17171 17256 17265 17274 17283 17292 17301 17310 17321 17322 17340 17349 17358 17367 17376 17385 17394 17410 17431 17481 17758 17777 18031 18149 18160 18161 18199 18298 18306 18478 18596 18932 19001 19010 19018 19022
LI (53):  67 68 77 78 89 94 95 109 412 16528 16530 16574 16576 16866 16875 16893 16902 16911 16920 16929 16938 16946 16951 17089 17092 17194 17195 17254 17263 17272 17281 17290 17299 17308 17317 17319 17408 17750 17752 17889 17890 18027 18103 18112 18117 18146 18154 18159 18285 18289 18294 18592 18593
NODE_NUM = 97
FILE div_sub_221.aig

# Subcircuit 222
SUB_ID 222
LO (19):  17412 17419 45679 45755 46237 46246 46255 46264 46273 46282 46291 46300 46309 46318 46327 46336 46345 46354 46362
LI (38):  65 66 114 297 404 595 16956 17194 17425 45252 45568 45577 45586 45595 45604 45613 45622 45631 45640 45649 45658 45667 45675 45677 45689 45694 45699 45704 45709 45714 45719 45724 45729 45734 45739 45744 45749 45754
NODE_NUM = 100
FILE div_sub_222.aig

# Subcircuit 223
SUB_ID 223
LO (18):  17425 18138 18146 19023 19032 19040 19045 19051 19087 19088 19516 19525 19534 19543 19552 19561 19570 19577
LI (26):  14 15 65 66 67 68 69 17891 18129 18144 18592 18593 18594 18988 18997 19006 19015 19016 19018 19022 19031 19050 19071 19076 19081 19086
NODE_NUM = 99
FILE div_sub_223.aig

# Subcircuit 224
SUB_ID 224
LO (31):  17570 17573 17587 17872 17888 17893 18574 18585 18587 18593 18601 18606 18613 18615 18626 18627 18635 18636 18637 18639 18644 18645 18653 18654 19276 19281 19286 19291 19795 19804 19813
LI (38):  92 111 112 113 114 115 16550 16739 17195 17568 17585 17873 17874 17882 17884 17886 17889 17890 17891 18311 18323 18332 18341 18350 18351 18554 18556 18558 18561 18563 18566 18568 18583 18592 18594 18632 18641 18650
NODE_NUM = 100
FILE div_sub_224.aig

# Subcircuit 225
SUB_ID 225
LO (26):  17585 17596 17605 17612 17623 17632 17847 17852 17862 17867 18323 18332 18341 18350 18351 18554 18556 18561 18566 18641 18650 18662 19271 19277 19825 19833
LI (46):  108 109 110 111 112 113 412 16559 16568 16586 16595 17183 17194 17195 17580 17582 17592 17594 17601 17603 17610 17619 17621 17630 17853 17857 17889 17890 17891 18320 18329 18336 18340 18347 18356 18360 18369 18543 18548 18592 18593 18594 18637 18639 19268 19276
NODE_NUM = 100
FILE div_sub_225.aig

# Subcircuit 226
SUB_ID 226
LO (25):  17630 17641 17842 18369 18543 19268 19837 19846 19992 20023 20024 20037 20042 20051 20060 20069 20078 20079 20556 20565 20574 20583 20592 20601 20609
LI (45):  107 108 109 110 111 288 412 16604 17194 17195 17628 17639 17889 17890 18365 18378 18538 18592 18593 18594 18681 19262 19271 19303 19304 19793 19802 19811 19820 19829 19830 19833 19989 20002 20007 20012 20017 20022 20036 20041 20050 20059 20068 20076 20077
NODE_NUM = 100
FILE div_sub_226.aig

# Subcircuit 227
SUB_ID 227
LO (19):  17639 17650 17837 18378 18538 18681 19262 19989 20614 20623 20727 20753 20754 20821 20830 20839 20848 20857 20865
LI (42):  106 107 108 109 110 111 288 412 16613 17194 17195 17637 17648 17889 17890 18374 18387 18533 18592 18593 18594 18690 19257 19303 19304 19865 19983 19992 20037 20038 20039 20579 20588 20597 20606 20609 20613 20724 20737 20742 20747 20752
NODE_NUM = 100
FILE div_sub_227.aig

# Subcircuit 228
SUB_ID 228
LO (26):  17686 17695 17812 17817 18412 18421 18533 18689 18690 18698 18699 18707 18708 18716 18717 18725 18726 19236 19241 19246 19251 19256 19858 19867 19876 19885
LI (32):  101 102 103 104 105 106 107 16649 16658 17195 17684 17693 17889 17890 18396 18405 18414 18419 18423 18432 18508 18509 18517 18522 18527 18532 18594 18688 18697 18706 18715 18724
NODE_NUM = 82
FILE div_sub_228.aig

# Subcircuit 229
SUB_ID 229
LO (28):  17704 17807 18432 18507 19257 19864 19865 19873 19874 19882 19883 19891 19892 19900 19901 19909 19910 19957 19962 19967 19972 19977 19982 20625 20634 20643 20652 20661
LI (41):  100 101 102 103 104 105 106 107 108 288 16667 17195 17702 17889 17890 18428 18592 18593 18699 18708 18717 18726 18731 18744 19227 19236 19241 19246 19251 19256 19303 19304 19857 19858 19866 19867 19875 19876 19884 19885 19893
NODE_NUM = 100
FILE div_sub_229.aig

# Subcircuit 230
SUB_ID 230
LO (30):  17713 17802 18441 18502 18744 19227 19918 19952 19983 20632 20633 20641 20642 20650 20651 20659 20660 20668 20669 20674 20681 20702 20707 20712 20717 20722 20872 20881 20890 20899
LI (48):  99 100 101 102 105 106 107 108 109 288 16676 17195 17711 17800 17889 17890 18437 18592 18593 18740 18753 19222 19223 19303 19304 19874 19883 19892 19901 19910 19949 19957 19962 19967 19972 19977 19982 20039 20625 20631 20634 20640 20643 20649 20652 20658 20661 20667
NODE_NUM = 100
FILE div_sub_230.aig

# Subcircuit 231
SUB_ID 231
LO (42):  17714 17750 17752 17767 17772 17882 17884 17890 17911 17920 18058 18067 18076 18085 18094 18101 18102 18164 18169 18174 18179 18184 18285 18289 18583 18789 18953 18959 18962 18968 18971 18977 18980 18986 18995 19004 19074 19079 19084 19089 19094 19195
LI (41):  71 72 73 74 75 93 94 95 114 412 16541 16685 16721 16730 17088 17195 17203 17212 17347 17356 17365 17374 17383 17392 17751 17765 17880 17889 17890 17896 18054 18063 18072 18081 18090 18099 18275 18281 18592 18593 18594
NODE_NUM = 97
FILE div_sub_231.aig

# Subcircuit 232
SUB_ID 232
LO (51):  17880 17886 45934 45936 45944 45945 45953 45954 45962 45963 45971 45972 45980 45981 45989 45990 45998 45999 46007 46008 46016 46017 46025 46026 46034 46035 46040 46042 46043 46566 46571 46576 46581 46586 46591 46596 46601 46606 46611 46616 46623 46637 46657 46666 46675 46684 46693 46702 46711 46720 46729
LI (45):  104 105 106 107 108 109 110 111 112 113 114 337 17188 17195 17876 17878 17885 45921 45929 45931 45935 45940 45942 45949 45951 45958 45960 45967 45969 45976 45978 45985 45987 45994 45996 46003 46005 46012 46014 46021 46023 46030 46032 46039 46041
NODE_NUM = 100
FILE div_sub_232.aig

# Subcircuit 233
SUB_ID 233
LO (29):  18275 18798 18807 18808 18816 18817 18826 18835 19171 19176 19181 19186 19190 19357 19366 19367 19722 19727 19738 19743 19748 19784 19938 20048 20056 20065 20074 20084 20093
LI (44):  89 90 91 92 93 17905 17914 17923 17931 17941 18250 18251 18253 18259 18264 18269 18274 18594 18791 18797 18800 18806 18809 18815 18824 18833 19189 19304 19313 19322 19331 19340 19349 19356 19365 19728 19732 19737 19742 19747 19752 19763 19766 19779
NODE_NUM = 100
FILE div_sub_233.aig

# Subcircuit 234
SUB_ID 234
LO (37):  17950 18000 18009 18018 18027 18036 18045 18054 18063 18072 18081 18090 18099 18103 18159 18997 19081 19528 19632 19669 20202 20205 20206 20214 20215 20223 20224 20229 20232 20238 20247 20256 20265 20272 20420 20425 21116
LI (53):  70 72 73 80 81 82 87 17891 17949 17999 18008 18017 18026 18035 18044 18053 18062 18071 18080 18089 18098 18102 18157 18160 18164 18594 18991 18995 19079 19304 19466 19475 19484 19493 19502 19511 19520 19527 19629 19637 19642 19647 19652 19657 19662 19667 20039 20198 20200 20204 20213 20222 20231
NODE_NUM = 99
FILE div_sub_234.aig

# Subcircuit 235
SUB_ID 235
LO (19):  18112 18154 19015 19071 19629 20277 20286 20295 20380 20416 20417 21137 21146 21155 21164 21173 21182 21191 21199
LI (36):  69 70 71 72 73 74 17891 18107 18110 18592 18593 19011 19304 19538 19545 19556 19618 19627 20037 20038 20039 20233 20242 20251 20260 20269 20270 20272 20276 20285 20377 20395 20400 20405 20410 20415
NODE_NUM = 99
FILE div_sub_235.aig

# Subcircuit 236
SUB_ID 236
LO (26):  18110 18117 18129 18144 18157 18185 18960 18969 18978 18987 18988 18991 19016 19031 19086 19107 19117 19464 19465 19470 19482 19491 19500 19504 19506 19645
LI (50):  67 70 73 74 75 76 288 17401 17420 17889 17890 17891 18067 18076 18085 18094 18101 18116 18124 18127 18149 18161 18164 18169 18174 18179 18184 18592 18593 18594 18943 18952 18953 18959 18962 18968 18971 18977 18980 18986 19084 19088 19089 19094 19106 19111 19116 19303 19458 19459
NODE_NUM = 97
FILE div_sub_236.aig

# Subcircuit 237
SUB_ID 237
LO (33):  18242 18253 18281 18294 18311 18320 18329 18347 18356 18365 18374 18387 18394 18405 18423 18450 18497 18522 18532 18688 18706 18724 18753 19221 19949 20543 20552 20686 20703 20704 20911 20920 20929
LI (52):  87 89 99 100 101 102 103 104 106 17658 17667 17721 17889 17890 17891 17928 17930 17948 18280 18293 18310 18319 18328 18346 18355 18364 18373 18382 18385 18404 18422 18446 18521 18592 18593 18749 19304 19926 19937 19943 19952 20037 20038 20039 20531 20535 20669 20678 20681 20685 20697 20702
NODE_NUM = 100
FILE div_sub_237.aig

# Subcircuit 238
SUB_ID 238
LO (34):  18457 18521 18697 18715 18731 18740 18749 18762 18769 18797 18806 18815 18824 18833 18844 19166 19189 19216 19376 19717 19937 19943 20125 20475 20476 20477 20531 20535 20943 21028 21032 21450 21543 21552
LI (52):  89 90 91 94 99 100 101 102 104 17730 17889 17890 17895 17904 17913 17922 17931 18395 18401 18403 18413 18458 18467 18592 18593 18594 18730 18739 18748 18757 18760 18839 18842 19304 19374 19776 19935 19938 20037 20038 20039 20044 20121 20472 20521 20782 20783 20784 20953 21444 21453 21542
NODE_NUM = 100
FILE div_sub_238.aig

# Subcircuit 239
SUB_ID 239
LO (22):  18842 18853 19161 19385 19712 20134 20470 21033 21042 21393 21444 21561 21570 21579 21588 21597 21606 21615 21624 21633 21642 21650
LI (42):  88 89 90 91 92 17940 18592 18593 18594 18848 18851 19304 19383 20037 20038 20130 20471 20475 20782 20783 20784 20962 20971 20980 20989 20998 21007 21016 21025 21028 21032 21039 21390 21403 21408 21413 21418 21423 21428 21433 21438 21443
NODE_NUM = 99
FILE div_sub_239.aig

# Subcircuit 240
SUB_ID 240
LO (39):  18851 18858 18867 18876 18885 18894 18903 18914 19006 19011 19050 19076 19538 19589 19618 19627 20270 20285 20304 20305 20313 20314 20322 20323 20331 20332 20336 20338 20339 20341 20343 20346 20360 20365 20370 20375 21206 21215 21224
LI (45):  13 65 66 68 69 70 71 72 286 337 17949 18012 18592 18593 18594 18857 18866 18875 18884 18893 18902 19001 19004 19010 19074 19303 19304 19536 19565 19574 19582 19587 19596 19602 19607 19612 19617 19632 20037 20038 20039 20303 20312 20321 20330
NODE_NUM = 97
FILE div_sub_240.aig

# Subcircuit 241
SUB_ID 241
LO (51):  19200 19282 19287 19297 19303 19329 19338 19347 19356 19365 19374 19383 19474 19475 19510 19511 19519 19520 19527 19536 19545 19555 19556 19564 19565 19573 19574 19581 19582 19587 19602 19607 19612 19617 19637 19642 19662 19732 19762 19763 19766 19775 19776 19779 19792 19793 19797 19806 19815 20022 20028
LI (60):  13 67 68 69 70 74 75 79 93 96 98 99 116 288 18595 18597 18609 18618 18627 18636 18645 18654 19277 19281 19286 19291 19296 19301 19328 19337 19341 19346 19349 19355 19364 19373 19382 19467 19472 19503 19508 19512 19517 19526 19535 19544 19548 19553 19557 19562 19566 19571 19575 19579 19585 19755 19760 19768 19773 19785
NODE_NUM = 97
FILE div_sub_241.aig

# Subcircuit 242
SUB_ID 242
LO (35):  19328 19337 19346 19349 19355 19364 19373 19382 19394 19707 20097 20142 20143 20465 20521 20952 20953 20961 20962 20970 20971 20979 20980 20988 20989 20997 20998 20999 21001 21418 21423 21428 21433 21438 21443
LI (49):  88 89 93 94 96 97 98 99 100 101 288 18861 19304 19327 19336 19345 19348 19354 19363 19372 19381 19392 20037 20038 20053 20062 20071 20080 20089 20094 20107 20139 20487 20495 20500 20505 20510 20515 20520 20784 20945 20951 20954 20960 20963 20969 20978 20987 20996
NODE_NUM = 100
FILE div_sub_242.aig

# Subcircuit 243
SUB_ID 243
LO (30):  19458 19466 19467 19472 19484 19493 19652 19657 19667 20213 20231 20242 20410 20415 21150 21333 21360 21708 21709 21717 21718 21725 21726 21734 21743 21752 21758 21990 21995 22493
LI (45):  77 78 79 80 85 86 288 18933 18942 18951 18960 19107 19304 19465 19468 19470 19482 19491 19665 20037 20038 20229 20233 20238 20782 20783 21106 21115 21124 21133 21142 21147 21330 21338 21343 21348 21353 21358 21535 21537 21701 21702 21704 21710 21719
NODE_NUM = 100
FILE div_sub_243.aig

# Subcircuit 244
SUB_ID 244
LO (39):  19502 19647 20251 20405 21330 21763 21772 21960 21965 22316 22320 22321 22329 22330 22338 22339 22347 22348 22356 22357 22365 22366 22545 22546 22553 22562 22758 22770 22870 22875 22880 22885 22890 22895 23226 23235 23244 23253 23262
LI (48):  76 77 78 79 80 82 102 103 104 105 106 107 18969 19304 19500 19645 20037 20038 20247 20782 20783 21156 21169 21324 21333 21535 21537 21538 21755 21758 21966 21970 22117 22314 22315 22319 22325 22328 22334 22337 22343 22346 22352 22355 22361 22364 22540 22544
NODE_NUM = 100
FILE div_sub_244.aig

# Subcircuit 245
SUB_ID 245
LO (40):  19503 19508 19512 19517 19526 19535 19544 19548 19553 19557 19562 19566 19571 19575 19579 19585 47326 47348 47349 47357 47358 47366 47367 47375 47376 47384 47385 47393 47394 47799 48037 48042 48047 48052 48057 48065 48075 48084 48093 48102
LI (50):  65 112 113 114 115 116 117 288 401 411 18978 18987 19023 19032 19040 19045 19051 19087 19304 19504 19506 19516 19525 19534 19543 19552 19561 19570 19577 46644 46655 46664 46673 46682 46691 47325 47327 47330 47332 47335 47337 47340 47346 47348 47356 47364 47365 47373 47382 47391
NODE_NUM = 99
FILE div_sub_245.aig

# Subcircuit 246
SUB_ID 246
LO (20):  19596 47807 47888 47889 48384 48393 48402 48411 48420 48429 48438 48447 48456 48465 48474 48483 48492 48501 48510 48519
LI (36):  12 65 47664 47673 47682 47691 47700 47709 47718 47727 47736 47745 47754 47763 47772 47781 47790 47798 47806 47808 47812 47817 47822 47827 47832 47837 47842 47847 47852 47857 47862 47867 47872 47877 47882 47887
NODE_NUM = 99
FILE div_sub_246.aig

# Subcircuit 247
SUB_ID 247
LO (43):  19665 19755 19760 19768 19773 19785 19802 20017 20764 20791 20803 20816 21523 21529 21535 21564 21565 21573 21574 21582 21583 21591 21592 21600 21601 21609 21610 21617 21618 22050 22055 22060 22065 22070 22075 22122 22130 22305 22349 22358 22367 22376 22385
LI (54):  80 97 98 99 100 101 102 115 116 117 288 18617 18626 18770 18779 18781 19202 19206 19304 19464 19758 19772 19800 20037 20038 20561 20566 20579 20753 20754 20762 20782 20783 20784 20790 20799 20808 21520 21528 21533 21557 21562 21566 21571 21575 21580 21584 21589 21593 21598 21602 21607 21611 21616
NODE_NUM = 98
FILE div_sub_247.aig

# Subcircuit 248
SUB_ID 248
LO (38):  19800 19811 20012 20579 20752 21520 22134 22143 22289 22300 22301 22314 22319 22328 22337 22346 22355 22364 22374 22375 22383 22384 22392 22393 22401 22402 22409 22410 22850 22855 22860 22865 22931 22940 22948 23280 23289 23298
LI (51):  98 99 100 101 114 115 116 117 118 288 18635 19287 19303 19304 19795 19797 19809 20037 20038 20575 20782 20783 20822 20835 21514 21523 21535 21537 21538 22126 22127 22130 22286 22299 22313 22318 22327 22336 22345 22354 22363 22371 22372 22380 22381 22389 22390 22398 22399 22407 22408
NODE_NUM = 100
FILE div_sub_248.aig

# Subcircuit 249
SUB_ID 249
LO (24):  19809 19820 20007 20588 20747 20835 21514 22286 23066 23083 23099 23101 23102 23104 23105 23108 23121 23130 23139 23141 23142 23146 23150 23870
LI (43):  113 114 115 116 117 118 288 18644 19282 19303 19304 19804 19806 19818 20037 20038 20584 20782 20783 20831 20844 21509 21535 21537 21538 22162 22280 22289 22314 22315 22316 22927 22936 22945 22948 22952 23063 23076 23081 23098 23100 23103 23107
NODE_NUM = 98
FILE div_sub_249.aig

# Subcircuit 250
SUB_ID 250
LO (19):  19818 19829 20002 20597 20742 20844 21509 22162 22280 23063 23151 23160 23867 23883 23884 24586 24595 24604 24612
LI (45):  112 113 114 115 116 117 118 288 18653 19277 19303 19304 19813 19815 19827 20037 20038 20593 20782 20783 20840 20853 21504 21535 21537 21538 22171 22275 22314 22315 22316 22981 23057 23066 23099 23100 23101 23134 23143 23146 23150 23864 23870 23877 23882
NODE_NUM = 96
FILE div_sub_250.aig

# Subcircuit 251
SUB_ID 251
LO (50):  19827 19830 19857 19866 19875 19884 19893 19926 19935 20032 20034 20036 20038 20041 20050 20059 20068 20077 20088 20089 20106 20107 20115 20151 20152 20159 20222 20259 20260 20268 20269 20276 20303 20312 20321 20330 20395 20400 20460 20480 20486 20487 20495 20560 20561 20762 20768 20773 21011 21019
LI (50):  75 76 88 92 93 95 117 288 595 18608 18662 18689 18698 18707 18716 18725 19303 19304 19312 19321 19330 19339 19357 19366 19402 19411 19474 19510 19519 19528 19555 19564 19573 19581 19762 19775 19792 19825 19924 19933 20030 20037 20085 20103 20112 20148 20256 20265 20477 20557
NODE_NUM = 100
FILE div_sub_251.aig

# Subcircuit 252
SUB_ID 252
LO (35):  20030 20057 20066 20075 20080 20085 20094 20103 20112 20121 20130 20139 20148 20170 20233 20450 20500 21133 21343 21744 21975 21991 22026 22027 22442 22451 22460 22469 22478 22487 22495 22505 22514 22523 22531
LI (60):  79 81 82 86 96 19297 19304 19738 19743 19748 20026 20028 20039 20054 20056 20063 20065 20072 20074 20079 20084 20093 20102 20111 20120 20129 20138 20147 20169 20232 20416 20420 20449 20499 20784 21127 21131 21538 21655 21664 21673 21682 21691 21700 21709 21718 21727 21736 21743 21972 21980 21985 21990 21995 22000 22005 22010 22015 22020 22025
NODE_NUM = 97
FILE div_sub_252.aig

# Subcircuit 253
SUB_ID 253
LO (24):  20377 21204 21205 21213 21214 21222 21223 21231 21232 21240 21241 21249 21250 21278 21283 21288 21293 21298 21303 21810 21819 21828 21837 21846
LI (31):  67 68 69 70 71 72 73 20305 20314 20323 20332 20339 20350 20351 20354 20360 20365 20370 20375 20784 21197 21199 21203 21206 21212 21215 21221 21224 21230 21239 21248
NODE_NUM = 73
FILE div_sub_253.aig

# Subcircuit 254
SUB_ID 254
LO (25):  20350 20351 21257 21262 21279 21284 21289 21294 21299 21324 21780 21781 21788 21797 21806 21812 21821 21830 21839 21848 21860 21869 21877 21898 21955
LI (35):  12 66 67 78 20341 20343 20346 20349 20782 20783 20784 21178 21187 21196 21205 21214 21223 21232 21241 21250 21260 21267 21278 21283 21288 21293 21298 21303 21308 21313 21318 21323 21535 21537 21773
NODE_NUM = 100
FILE div_sub_254.aig

# Subcircuit 255
SUB_ID 255
LO (20):  20349 48541 48622 48623 49146 49155 49164 49173 49182 49191 49200 49209 49218 49227 49236 49245 49254 49263 49272 49281
LI (36):  11 65 48398 48407 48416 48425 48434 48443 48452 48461 48470 48479 48488 48497 48506 48515 48524 48532 48540 48542 48546 48551 48556 48561 48566 48571 48576 48581 48586 48591 48596 48601 48606 48611 48616 48621
NODE_NUM = 99
FILE div_sub_255.aig

# Subcircuit 256
SUB_ID 256
LO (26):  20354 20436 21106 21115 21124 21127 21348 21353 21358 21702 21710 21719 21736 21980 21985 22527 22780 22811 22812 23382 23391 23400 23409 23418 23427 23435
LI (40):  67 82 83 84 20206 20215 20224 20336 20338 20417 20420 20425 20430 20435 20784 21104 21113 21116 21122 21363 21538 21727 21734 21983 22314 22315 22474 22483 22492 22501 22510 22519 22524 22777 22785 22790 22795 22800 22805 22810
NODE_NUM = 96
FILE div_sub_256.aig

# Subcircuit 257
SUB_ID 257
LO (34):  20430 20449 20499 20557 20566 20575 20584 20593 20606 20737 20853 21504 22171 22275 22981 23057 23216 23832 23833 23834 23862 23864 23896 23900 23904 23905 23913 23914 24535 24540 24615 24618 24621 24731
LI (54):  86 96 110 111 112 113 114 115 116 20039 20076 20078 20166 20168 20202 20206 20428 20556 20565 20574 20583 20592 20601 20604 20782 20783 20849 20862 21499 21500 21535 21537 21538 22180 22270 22314 22315 22316 22990 23052 23099 23100 23101 23105 23224 23829 23831 23859 23867 23894 23895 23903 23912 24612
NODE_NUM = 93
FILE div_sub_257.aig

# Subcircuit 258
SUB_ID 258
LO (27):  20604 20613 20631 20640 20649 20658 20667 20678 20697 20925 21463 22117 22270 22318 22905 22906 22909 22910 22915 22918 22925 22986 22995 23004 23013 23022 23219
LI (40):  104 105 106 108 19837 19846 19864 19873 19882 19891 19900 19909 20037 20038 20674 20782 20783 20921 21538 22096 22100 22107 22189 22198 22207 22216 22225 22234 22239 22244 22249 22254 22259 22264 22269 22315 22316 22897 22904 22917
NODE_NUM = 99
FILE div_sub_258.aig

# Subcircuit 259
SUB_ID 259
LO (32):  20685 20724 20871 20880 20889 20898 20907 21473 21478 21483 21488 21493 22189 22198 22207 22216 22225 22244 22249 22254 22259 22264 22917 22922 22923 22997 23006 23015 23024 23029 23034 23039
LI (41):  107 108 109 110 111 112 19918 20037 20038 20633 20642 20651 20660 20704 20707 20712 20717 20722 20784 20863 20865 20869 20872 20878 20881 20887 20890 20896 20900 20905 21538 22187 22196 22205 22214 22223 22314 22315 22906 22915 22919
NODE_NUM = 100
FILE div_sub_259.aig

# Subcircuit 260
SUB_ID 260
LO (45):  20775 20777 20783 20786 20790 20796 20805 20861 20862 20869 20878 20887 20896 20905 20915 20916 20933 20934 20951 20960 20969 20978 20987 20996 21006 21007 21015 21016 21024 21025 21051 21052 21060 21061 21068 21069 21383 21388 21403 21408 21413 21458 21468 21498 21657
LI (50):  89 90 93 94 95 104 106 112 118 595 19793 20023 20032 20034 20039 20043 20052 20061 20070 20079 20088 20097 20106 20115 20142 20151 20160 20543 20560 20561 20614 20623 20632 20641 20650 20659 20668 20686 20769 20773 20782 20858 20912 20930 21003 21012 21021 21048 21057 21066
NODE_NUM = 97
FILE div_sub_260.aig

# Subcircuit 261
SUB_ID 261
LO (41):  20769 20822 20831 20840 20849 20858 20863 20900 20912 20921 20930 21003 21012 21021 21039 21048 21057 21066 21378 21390 21655 21664 21673 22015 22020 22025 22437 22438 22446 22447 22455 22456 22464 22465 22815 22820 22825 22830 23343 23352 23361
LI (58):  88 90 91 92 93 94 20024 20125 20476 20480 20486 20633 20703 20727 20768 20784 20821 20830 20839 20848 20857 20899 20911 20920 20929 20999 21001 21011 21019 21038 21047 21052 21056 21061 21065 21069 21376 21379 21383 21388 21535 21537 21647 21648 21650 21656 21657 21665 22026 22030 22314 22315 22316 22432 22436 22443 22452 22461
NODE_NUM = 94
FILE div_sub_261.aig

# Subcircuit 262
SUB_ID 262
LO (22):  21079 21373 21691 22005 22483 22805 23395 23732 23793 23973 23982 23991 24000 24009 24018 24027 24036 24045 24054 24063 24072 24080
LI (39):  87 88 89 90 20784 21074 21077 21538 21689 22314 22315 22479 23099 23100 23297 23306 23315 23324 23333 23342 23351 23360 23369 23378 23387 23392 23729 23737 23742 23747 23752 23757 23762 23767 23772 23777 23782 23787 23792
NODE_NUM = 100
FILE div_sub_262.aig

# Subcircuit 263
SUB_ID 263
LO (24):  21077 21086 21104 21113 21122 21131 21142 21338 21970 21972 22540 22544 22777 23440 23449 23702 23729 24081 24090 24099 24108 24117 24126 24134
LI (44):  80 81 83 84 85 20169 20178 20196 20205 20214 20223 20782 20783 20784 21137 21140 21538 21752 21967 21975 22314 22315 22316 22531 22535 22546 22771 22780 23099 23100 23101 23405 23414 23423 23432 23435 23439 23699 23712 23717 23722 23727 24078 24080
NODE_NUM = 97
FILE div_sub_263.aig

# Subcircuit 264
SUB_ID 264
LO (30):  21140 21147 21156 21169 21178 21318 21323 21773 21790 21950 22771 23458 23459 23467 23468 23476 23477 23485 23486 23494 23495 23677 23682 23687 23692 23697 24141 24150 24159 24168
LI (40):  76 77 78 79 80 81 82 83 20232 20259 20782 20783 20784 21146 21155 21164 21167 21173 21176 21538 21788 22314 22315 22555 22564 22573 22578 22591 22746 22755 22760 22765 22770 23099 23100 23101 23457 23466 23475 23484
NODE_NUM = 98
FILE div_sub_264.aig

# Subcircuit 265
SUB_ID 265
LO (29):  21176 21187 21313 21799 21945 22591 22746 23503 23672 23678 23699 24138 24139 24147 24148 24156 24157 24165 24166 24170 24182 24188 24395 24400 24405 24410 24965 24974 24983
LI (46):  75 76 77 78 82 83 84 85 20268 20782 20783 20784 21182 21185 21538 21797 22314 22315 22587 22600 22741 23099 23100 23101 23459 23468 23477 23486 23495 23669 23677 23682 23687 23692 23697 23894 23895 24131 24132 24134 24140 24141 24149 24150 24158 24159
NODE_NUM = 97
FILE div_sub_265.aig

# Subcircuit 266
SUB_ID 266
LO (35):  21185 21196 21308 21808 21940 22600 22741 23669 24193 24202 24375 24380 24716 24720 24721 24729 24730 24738 24739 24747 24748 24756 24757 25025 25034 25216 25373 25378 25383 25388 25393 25558 25567 25576 25585
LI (47):  74 75 76 77 78 79 110 111 112 113 114 20277 20782 20783 20784 21191 21194 21538 21806 22314 22315 22596 22609 22736 23099 23100 23101 23522 23663 23672 23894 23895 23896 24185 24188 24572 24714 24715 24719 24725 24728 24734 24737 24743 24746 24752 24755
NODE_NUM = 100
FILE div_sub_266.aig

# Subcircuit 267
SUB_ID 267
LO (27):  21194 21197 21203 21212 21221 21230 21239 21248 21260 21267 21886 49303 49369 49370 49927 49936 49945 49954 49963 49972 49981 49990 49999 50008 50017 50026 50035
LI (45):  10 11 65 400 410 20286 20295 20304 20305 20313 20322 20331 20339 20380 20782 20783 20784 49187 49196 49205 49214 49223 49232 49241 49250 49259 49268 49277 49286 49294 49302 49304 49308 49313 49318 49323 49328 49333 49338 49343 49348 49353 49358 49363 49368
NODE_NUM = 100
FILE div_sub_267.aig

# Subcircuit 268
SUB_ID 268
LO (37):  21376 21452 21557 21562 21566 21571 21575 21580 21584 21589 21593 21598 21602 21607 21611 22100 22325 22334 22343 22352 22361 22371 22380 22389 22398 22407 22845 22851 22856 22861 22866 22867 23282 23291 23300 23310 23318
LI (59):  88 103 20785 20787 20952 20961 20970 20979 20988 20997 21006 21068 21537 21538 21547 21556 21561 21565 21570 21574 21579 21583 21588 21592 21597 21601 21606 21610 21619 21628 22041 22043 22050 22055 22060 22065 22070 22075 22080 22085 22099 22316 22331 22349 22358 22367 22375 22376 22384 22385 22393 22402 22411 22842 22843 22850 22855 22860 22865
NODE_NUM = 97
FILE div_sub_268.aig

# Subcircuit 269
SUB_ID 269
LO (22):  21616 21619 21628 22041 22408 22842 23324 23333 23767 23772 24012 24021 24475 24506 24507 24797 24806 24815 24824 24833 24842 24850
LI (38):  95 96 97 98 99 21015 21537 21538 21615 21618 21626 21637 22036 22314 22315 22316 22429 22836 22845 23099 23100 23101 23318 23322 23896 23968 23977 23986 23995 24004 24011 24020 24472 24485 24490 24495 24500 24505
NODE_NUM = 98
FILE div_sub_269.aig

# Subcircuit 270
SUB_ID 270
LO (19):  21626 21637 22036 22429 22836 23342 23762 24472 24855 24864 25313 25339 25340 25660 25669 25678 25687 25696 25704
LI (41):  94 95 96 97 98 99 21024 21535 21537 21538 21624 21635 21646 22031 22314 22315 22316 22438 22831 23099 23100 23101 23896 24029 24040 24466 24475 24714 24715 24716 24820 24829 24838 24847 24850 24854 25310 25323 25328 25333 25338
NODE_NUM = 99
FILE div_sub_270.aig

# Subcircuit 271
SUB_ID 271
LO (32):  21635 21646 21647 21648 21656 21665 21682 22010 22030 22031 22432 22436 22474 22810 23378 23387 23737 23742 24066 24075 24445 24466 24873 24874 24882 24883 24888 24897 24904 25303 25308 25711
LI (45):  89 90 91 92 93 96 97 21033 21042 21051 21052 21060 21069 21393 21535 21537 21538 21633 21642 21644 21680 22027 22314 22315 22470 22811 22815 23099 23100 23101 23372 23376 23383 23896 24049 24058 24065 24074 24442 24455 24460 24465 24716 24872 24881
NODE_NUM = 100
FILE div_sub_271.aig

# Subcircuit 272
SUB_ID 272
LO (22):  21680 21689 21700 22000 22492 22800 23405 23727 24078 24442 24909 24918 24927 25278 25304 25305 25723 25732 25741 25750 25759 25767
LI (41):  87 88 89 90 91 92 93 21087 21535 21537 21538 21678 21687 21698 22314 22315 22488 23099 23100 23401 23732 23896 24085 24092 24103 24431 24440 24714 24715 24716 24883 24892 24901 24902 24904 24908 24917 25275 25293 25298 25303
NODE_NUM = 99
FILE div_sub_272.aig

# Subcircuit 273
SUB_ID 273
LO (27):  21698 21701 21727 21755 21817 21935 22519 22609 22736 22785 23432 23522 23663 23712 24211 24370 24431 24936 24937 24945 24946 24951 24952 25042 25268 25273 25774
LI (44):  74 75 76 77 84 85 86 87 89 90 21096 21150 21204 21535 21537 21538 21696 21726 21815 22314 22315 22515 22605 22618 22731 23099 23100 23101 23428 23531 23658 23894 23895 23896 24112 24119 24130 24416 24425 24430 24715 24716 24935 24944
NODE_NUM = 100
FILE div_sub_273.aig

# Subcircuit 274
SUB_ID 274
LO (21):  21815 21826 21930 22618 22731 23531 23658 24220 24365 25053 25208 25244 25245 25831 25840 25849 25858 25867 25876 25885 25893
LI (44):  73 74 75 76 77 21213 21299 21535 21537 21538 21810 21812 21824 22314 22315 22614 22627 22726 23099 23100 23101 23540 23653 23894 23895 23896 24714 24715 24991 25000 25009 25018 25027 25036 25045 25050 25205 25213 25218 25223 25228 25233 25238 25243
NODE_NUM = 97
FILE div_sub_274.aig

# Subcircuit 275
SUB_ID 275
LO (32):  21824 21835 21925 22627 22726 23540 23653 24229 24360 25205 25543 25547 25548 25556 25557 25565 25566 25574 25575 25898 25899 25904 25906 25907 26067 26247 26252 26257 26262 26399 26408 26417
LI (49):  72 73 74 75 76 78 114 115 116 117 21222 21294 21535 21537 21538 21819 21821 21833 22314 22315 22623 22636 22721 23099 23100 23101 23549 23648 23894 23895 23896 24714 24715 25059 25072 25199 25208 25425 25541 25542 25546 25552 25555 25561 25564 25570 25573 25893 25897
NODE_NUM = 100
FILE div_sub_275.aig

# Subcircuit 276
SUB_ID 276
LO (21):  21833 21844 21920 22636 22721 23549 23648 24238 24355 25072 25199 25916 26057 26083 26084 26726 26735 26744 26753 26762 26770
LI (46):  71 72 73 74 75 76 21231 21289 21535 21537 21538 21828 21830 21842 22314 22315 22632 22645 22716 23099 23100 23101 23558 23643 23894 23895 23896 24714 24715 25068 25081 25194 25541 25542 25543 25872 25881 25890 25899 25908 26054 26062 26067 26072 26077 26082
NODE_NUM = 99
FILE div_sub_276.aig

# Subcircuit 277
SUB_ID 277
LO (26):  21842 21853 21915 22645 22716 23558 23643 24247 24350 25081 25194 26054 26384 26388 26389 26397 26398 26775 26776 26781 26783 26784 26930 27140 27145 27254
LI (49):  70 71 72 73 74 75 77 119 120 21240 21284 21535 21537 21538 21837 21839 21851 22314 22315 22641 22654 22711 23099 23100 23101 23567 23638 23894 23895 23896 24714 24715 25077 25090 25189 25541 25542 25543 25935 26048 26057 26294 26382 26383 26387 26393 26396 26770 26774
NODE_NUM = 100
FILE div_sub_277.aig

# Subcircuit 278
SUB_ID 278
LO (20):  21851 21862 21910 22654 22711 23567 23638 24256 24345 25090 25189 25935 26048 26793 26920 26936 27635 27644 27653 27661
LI (47):  69 70 71 72 73 74 75 21249 21279 21535 21537 21538 21846 21848 21860 22314 22315 22650 22663 22706 23099 23100 23101 23576 23633 23894 23895 23896 24714 24715 25086 25099 25184 25541 25542 25543 25944 26043 26382 26383 26384 26776 26785 26917 26925 26930 26935
NODE_NUM = 100
FILE div_sub_278.aig

# Subcircuit 279
SUB_ID 279
LO (19):  21871 21905 22663 22706 23576 23633 24265 24340 25099 25184 25944 26043 26917 27666 27667 27672 27674 27675 27807
LI (45):  68 69 70 71 72 73 74 76 21257 21538 21869 22314 22315 22659 22672 22701 23099 23100 23101 23585 23628 23894 23895 23896 24714 24715 25095 25108 25179 25541 25542 25543 25953 26038 26382 26383 26384 26812 26911 26920 27237 27238 27239 27661 27665
NODE_NUM = 96
FILE div_sub_279.aig

# Subcircuit 280
SUB_ID 280
LO (20):  21879 21900 22672 22701 23585 23628 24274 24335 25108 25179 25953 26038 26812 26911 27684 27797 27803 27804 28308 28427
LI (46):  67 68 69 70 71 72 73 74 21262 21538 21877 21898 22314 22315 22668 22680 22696 23099 23100 23101 23594 23623 23894 23895 23896 24714 24715 25104 25117 25174 25541 25542 25543 25962 26033 26382 26383 26384 26821 26906 27237 27238 27239 27676 27794 27802
NODE_NUM = 98
FILE div_sub_280.aig

# Subcircuit 281
SUB_ID 281
LO (18):  21884 50051 50122 50123 50702 50711 50720 50729 50738 50747 50756 50765 50774 50783 50792 50801 50810 50818
LI (36):  10 65 66 120 280 283 21535 21894 49570 49940 49949 49958 49967 49976 49985 49994 50003 50012 50021 50030 50039 50047 50050 50061 50066 50071 50076 50081 50086 50091 50096 50101 50106 50111 50116 50121
NODE_NUM = 96
FILE div_sub_281.aig

# Subcircuit 282
SUB_ID 282
LO (18):  21894 22689 22696 23594 23623 24283 24292 24300 24320 24325 24330 25116 25117 25124 25133 25161 25166 25173
LI (21):  8 9 65 66 67 68 69 70 22316 22695 23099 23100 23101 23592 23611 23894 23895 23896 24714 24715 25113
NODE_NUM = 97
FILE div_sub_282.aig

# Subcircuit 283
SUB_ID 283
LO (38):  21983 22043 22096 22099 22126 22299 22313 22327 22936 22945 22990 23052 23076 23081 23098 23100 23103 23107 23115 23116 23124 23125 23133 23134 23178 23179 23187 23188 23195 23196 23852 23857 23882 23887 23892 24574 24628 24702
LI (45):  84 96 105 114 115 119 120 121 122 337 411 20807 20933 21538 21617 21725 22094 22124 22300 22301 22309 22311 22314 22315 22316 22918 22932 22944 22989 22998 22999 23007 23047 23050 23075 23083 23092 23099 23101 23108 23121 23130 23175 23184 23193
NODE_NUM = 97
FILE div_sub_283.aig

# Subcircuit 284
SUB_ID 284
LO (43):  22124 22127 22180 22234 22239 22269 22309 22311 22315 22336 22345 22354 22363 22372 22381 22390 22399 22501 22510 22535 22573 22680 22695 22755 22790 22795 22904 22944 22952 22989 23050 23075 23092 23414 23423 23484 23592 23717 23722 24102 24103 24104 24430
LI (51):  67 79 86 87 88 89 107 113 114 119 120 20798 20816 20861 20915 21535 21537 21538 21546 21555 21564 21573 21582 21591 21600 21609 21708 21717 21744 21780 21889 22122 22134 22143 22178 22232 22307 22314 22315 22497 22506 22569 22676 22941 22986 23099 23100 23410 23419 23896 24101
NODE_NUM = 100
FILE div_sub_284.aig

# Subcircuit 285
SUB_ID 285
LO (49):  22307 22411 22443 22452 22461 22470 22479 22488 22497 22506 22515 22524 22555 22564 22569 22578 22587 22596 22605 22614 22623 22632 22641 22650 22659 22668 22676 22760 22765 22831 23322 23351 23360 23369 23372 23466 23475 23747 23752 23757 24039 24040 24048 24049 24057 24058 24455 24460 24465
LI (64):  80 81 93 94 95 96 97 21529 21538 21991 22303 22305 22316 22410 22442 22447 22451 22456 22460 22465 22469 22478 22487 22493 22495 22505 22514 22523 22550 22553 22559 22562 22568 22577 22586 22595 22604 22613 22622 22631 22640 22649 22658 22667 22675 22758 22812 22815 22820 22825 22830 23099 23100 23101 23343 23349 23352 23358 23361 23367 23896 24038 24047 24056
NODE_NUM = 99
FILE div_sub_285.aig

# Subcircuit 286
SUB_ID 286
LO (29):  22843 22897 23224 23225 23233 23234 23242 23243 23251 23252 23260 23261 23269 23270 23278 23279 23797 23802 23807 23812 23817 23822 23827 23907 23916 23925 23934 23943 23952
LI (38):  97 103 104 105 106 107 108 109 22321 22330 22339 22348 22357 22366 22409 22867 22870 22875 22880 22885 22890 22895 23101 23217 23219 23223 23226 23232 23235 23241 23244 23250 23253 23259 23262 23268 23272 23277
NODE_NUM = 80
FILE div_sub_286.aig

# Subcircuit 287
SUB_ID 287
LO (18):  22919 23047 23184 23193 23853 23859 24550 24554 24563 24564 24572 24620 24630 24642 24651 24654 24655 24724
LI (30):  109 111 112 113 22918 23008 23017 23026 23027 23031 23036 23041 23046 23101 23179 23188 23197 23204 23213 23216 23833 23834 23845 23852 23857 23894 23895 23896 24542 24619
NODE_NUM = 98
FILE div_sub_287.aig

# Subcircuit 288
SUB_ID 288
LO (45):  22927 22932 22941 22998 22999 23007 23008 23017 23026 23027 23031 23036 23041 23046 23143 23197 23204 23213 23217 23223 23232 23241 23250 23259 23268 23272 23277 23287 23792 23798 23803 23808 23813 23829 23877 23903 23912 23922 23923 23927 23936 23945 23954 23966 24530
LI (69):  102 109 110 111 112 113 119 22316 22320 22321 22329 22338 22347 22356 22365 22375 22861 22866 22870 22905 22909 22910 22922 22923 22925 22931 22940 22995 22997 23004 23006 23013 23015 23022 23024 23029 23034 23039 23099 23100 23101 23142 23196 23225 23234 23243 23252 23261 23270 23279 23280 23282 23286 23793 23797 23802 23807 23812 23817 23822 23827 23876 23894 23895 23898 23900 23907 23915 23916
NODE_NUM = 99
FILE div_sub_288.aig

# Subcircuit 289
SUB_ID 289
LO (22):  23286 23297 23787 23986 24495 24820 25338 25655 25664 26197 26243 26244 26438 26447 26456 26465 26474 26483 26492 26501 26510 26518
LI (43):  101 102 103 104 105 22374 22856 23099 23100 23101 23289 23291 23295 23896 23984 24714 24715 24816 25339 25343 25541 25542 25543 25584 25593 25602 25611 25620 25629 25638 25647 25650 25654 25661 26194 26207 26212 26217 26222 26227 26232 26237 26242
NODE_NUM = 96
FILE div_sub_289.aig

# Subcircuit 290
SUB_ID 290
LO (21):  23295 23306 23782 23995 24490 24829 25333 26194 26523 26532 27065 27101 27102 27338 27347 27356 27365 27374 27383 27392 27400
LI (43):  100 101 102 103 104 105 22383 22851 23099 23100 23101 23298 23300 23304 23896 23993 24714 24715 24825 25541 25542 25670 25683 26188 26197 26382 26383 26384 26470 26479 26488 26497 26506 26515 26518 26522 27062 27075 27080 27085 27090 27095 27100
NODE_NUM = 99
FILE div_sub_290.aig

# Subcircuit 291
SUB_ID 291
LO (21):  23304 23315 23777 24004 24485 24838 25328 25683 26188 27062 27405 27414 27947 27973 27974 28172 28180 28188 28697 28716 28734
LI (43):  99 100 101 102 103 104 105 22392 23099 23100 23101 23310 23313 23896 24002 24714 24715 24834 25541 25542 25679 25692 26183 26382 26383 26384 26551 27056 27065 27237 27238 27239 27370 27379 27388 27397 27400 27404 27944 27957 27962 27967 27972
NODE_NUM = 99
FILE div_sub_291.aig

# Subcircuit 292
SUB_ID 292
LO (29):  23313 23349 23358 23367 23376 23383 23392 23401 23410 23419 23428 23439 23457 23611 51636 51702 52302 52311 52320 52329 52338 52347 52356 52365 52374 52383 52392 52401 52410
LI (45):  7 65 22401 22437 22446 22455 22464 22527 22545 23099 23100 23101 23382 23391 23400 23409 23418 23427 51529 51538 51547 51556 51565 51574 51583 51592 51601 51610 51619 51627 51635 51637 51641 51646 51651 51656 51661 51666 51671 51676 51681 51686 51691 51696 51701
NODE_NUM = 100
FILE div_sub_292.aig

# Subcircuit 293
SUB_ID 293
LO (59):  23831 23845 23876 23888 23894 23931 23932 23940 23941 23949 23950 23958 23959 23976 23977 23984 23993 24002 24011 24020 24029 24038 24047 24056 24065 24074 24084 24085 24092 24101 24111 24112 24119 24129 24130 24174 24390 24396 24401 24406 24411 24415 24425 24440 24500 24510 24515 24520 24525 24576 24704 24758 24767 24776 24967 24976 24985 24995 25003
LI (62):  81 86 88 91 103 105 106 107 108 110 113 119 23102 23104 23116 23125 23139 23141 23195 23884 23887 23892 23924 23929 23933 23938 23942 23947 23951 23956 23969 23974 23983 23992 24001 24010 24019 24028 24037 24046 24055 24064 24073 24077 24082 24091 24100 24104 24109 24118 24122 24127 24148 24157 24166 24167 24172 24387 24395 24400 24405 24410
NODE_NUM = 99
FILE div_sub_293.aig

# Subcircuit 294
SUB_ID 294
LO (33):  23898 23915 23924 23929 23933 23938 23942 23947 23951 23956 23968 24505 24792 24801 25348 25374 25379 25384 25389 25425 25489 25490 25552 25560 25569 25578 25587 25597 25606 25615 25624 25633 25641
LI (55):  104 105 106 23225 23233 23242 23251 23260 23269 23278 23798 23803 23808 23813 23832 23895 23896 23925 23927 23934 23936 23943 23945 23952 23954 23966 24506 24510 24714 24715 24716 24721 24730 24739 24748 24757 24766 24775 24784 24787 24791 24798 25345 25358 25363 25368 25373 25378 25383 25388 25393 25404 25407 25417 25420
NODE_NUM = 97
FILE div_sub_294.aig

# Subcircuit 295
SUB_ID 295
LO (45):  23969 23974 23983 23992 24001 24010 24019 24028 24037 24046 24055 24064 24073 24077 24082 24091 24100 24109 24118 24122 24127 24131 24132 24140 24149 24158 24167 24172 24184 24385 25009 25018 25228 25233 25853 25862 26087 26113 26114 26672 26681 26690 26699 26708 26716
LI (60):  80 81 82 83 23287 23395 23440 23449 23458 23459 23467 23476 23485 23494 23678 23702 23895 23896 23973 23982 23991 24000 24009 24018 24027 24036 24045 24054 24063 24072 24081 24090 24099 24108 24117 24126 24168 24170 24182 24386 24390 24714 24715 24716 25003 25007 25014 25541 25542 25818 25827 25836 25845 25850 25859 26084 26097 26102 26107 26112
NODE_NUM = 99
FILE div_sub_295.aig

# Subcircuit 296
SUB_ID 296
LO (30):  24185 24301 24314 25152 25174 25961 25962 25970 25971 25979 25980 25988 25989 25996 25997 26001 26002 26004 26005 26008 26012 26017 26022 26027 26032 26813 26822 26831 26840 26849
LI (27):  5 6 65 66 67 68 69 70 71 123 23503 23896 24716 25126 25135 25143 25158 25163 25168 25173 25541 25542 25543 25960 25969 25978 25987
NODE_NUM = 87
FILE div_sub_296.aig

# Subcircuit 297
SUB_ID 297
LO (16):  24416 25275 25772 25773 25781 25790 25799 25808 26117 26138 26139 26627 26636 26645 26654 26662
LI (30):  87 88 89 90 91 92 24139 24411 24415 24716 24937 24946 24955 24962 24973 25254 25263 25268 25273 25541 25542 25543 25765 25767 25771 25774 25780 25789 25798 26114
NODE_NUM = 97
FILE div_sub_297.aig

# Subcircuit 298
SUB_ID 298
LO (28):  24542 24725 24734 24743 24752 24766 24775 24784 24787 25358 25363 25368 25611 25620 25629 26217 26222 26227 26469 26470 26478 26479 26487 26488 27090 27095 27100 27329
LI (43):  107 108 109 110 111 23905 23914 23923 23932 23941 23950 23959 24507 24510 24515 24520 24525 24530 24535 24540 24716 24722 24724 24731 24758 24764 24767 24773 24776 24782 25541 25542 25607 25616 25625 26382 26383 26466 26475 26484 27101 27105 27328
NODE_NUM = 100
FILE div_sub_298.aig

# Subcircuit 299
SUB_ID 299
LO (60):  24580 24581 24698 24699 24700 24714 24719 24728 24737 24746 24755 24764 24773 24782 24791 24810 24811 24846 24847 24854 24872 24881 24891 24892 24900 24901 24908 24917 24935 24944 24954 24955 24962 24972 24973 24981 24982 24990 24991 24999 25000 25007 25044 25045 25142 25143 25158 25213 25238 25243 25248 25253 25263 25293 25298 25323 25343 25428 25810 25819
LI (57):  67 78 83 84 85 86 88 94 95 100 104 122 23124 23896 24579 24695 24713 24718 24727 24736 24745 24754 24763 24772 24781 24790 24807 24808 24843 24844 24853 24871 24880 24888 24889 24897 24898 24907 24916 24934 24943 24951 24952 24961 24969 24970 24978 24979 24987 24988 24996 24997 25006 25041 25042 25139 25140
NODE_NUM = 96
FILE div_sub_299.aig

# Subcircuit 300
SUB_ID 300
LO (43):  24579 24695 25433 25434 25442 25518 25524 25525 25541 25546 25555 25564 25573 25583 25584 25592 25593 25601 25602 25637 25638 25646 25647 25654 25691 25692 25700 25701 25709 25710 25717 26172 26177 26182 26207 26212 26232 26237 26242 26298 26306 26543 26552
LI (51):  99 100 101 106 107 111 112 113 121 122 123 23133 23883 23894 23895 23896 24574 24576 24588 24599 24689 24698 24714 24715 24716 25428 25432 25515 25540 25545 25554 25563 25572 25580 25581 25589 25590 25598 25599 25634 25635 25643 25644 25653 25688 25689 25697 25698 25706 25707 25716
NODE_NUM = 100
FILE div_sub_300.aig

# Subcircuit 301
SUB_ID 301
LO (36):  24588 24599 24689 25515 26311 26320 26354 26365 26366 26382 26387 26396 26406 26407 26415 26416 26424 26425 26433 26434 26442 26443 26450 26451 27115 27120 27125 27130 27135 27181 27190 27198 27272 27281 27290 27299
LI (46):  114 115 116 117 118 120 121 122 123 23142 23894 23895 23896 24586 24597 24608 24684 24714 24715 24716 25461 25509 25518 25541 25542 25543 26303 26306 26310 26351 26364 26381 26386 26395 26403 26404 26412 26413 26421 26422 26430 26431 26439 26440 26448 26449
NODE_NUM = 100
FILE div_sub_301.aig

# Subcircuit 302
SUB_ID 302
LO (19):  24597 24608 24684 25461 25509 26351 27177 27220 27221 27241 28052 28053 28056 28057 28062 28065 28072 28079 28877
LI (41):  119 120 121 122 123 124 23151 23894 23895 23896 24595 24606 24617 24679 24714 24715 24716 25470 25504 25541 25542 25543 26339 26345 26354 26382 26383 26384 27156 27160 27186 27195 27198 27202 27214 27219 27237 27238 27239 28044 28064
NODE_NUM = 100
FILE div_sub_302.aig

# Subcircuit 303
SUB_ID 303
LO (16):  24606 24617 24619 24679 25470 25504 26289 26292 26294 26339 26345 26386 27156 27160 27248 27250
LI (40):  117 118 119 120 121 23160 23179 23862 23894 23895 23896 24604 24615 24618 24620 24621 24626 24635 24669 24674 24714 24715 24716 25479 25488 25494 25499 25541 25542 25543 26273 26277 26286 26340 26382 26383 26384 26389 27146 27238
NODE_NUM = 100
FILE div_sub_303.aig

# Subcircuit 304
SUB_ID 304
LO (24):  24635 24669 24708 24710 24713 24715 24718 24727 24736 24745 25404 25407 25417 25420 25488 25494 25529 25534 25545 25554 26273 26277 26393 26395
LI (44):  114 115 116 117 118 123 23115 23178 23187 23196 23853 23894 23895 23896 23904 23913 24550 24563 24564 24628 24630 24633 24642 24644 24651 24653 24654 24655 24659 24664 24706 24711 24714 24715 24716 25417 25489 25490 25541 25542 25543 25548 26263 26383
NODE_NUM = 100
FILE div_sub_304.aig

# Subcircuit 305
SUB_ID 305
LO (50):  24706 24722 24754 24763 24772 24781 24790 24798 24807 24808 24816 24825 24834 24843 24844 24853 24871 24880 24889 24898 24902 24907 24916 24934 24943 24961 24969 24970 24978 24979 24987 24988 24996 24997 25006 25014 25027 25223 25872 26082 26721 26730 26955 26976 26977 27563 27572 27581 27590 27598
LI (73):  80 81 82 83 23888 23896 23905 23922 23931 23940 23949 23958 23976 24012 24021 24039 24048 24057 24066 24075 24084 24085 24102 24111 24129 24138 24147 24156 24165 24174 24396 24401 24406 24445 24554 24702 24704 24715 24716 24797 24806 24815 24824 24833 24842 24965 24967 24974 24976 24983 24985 24995 25013 25022 25025 25541 25542 25868 26083 26087 26382 26383 26384 26695 26704 26713 26716 26720 26727 26952 26965 26970 26975
NODE_NUM = 100
FILE div_sub_305.aig

# Subcircuit 306
SUB_ID 306
LO (20):  25036 25218 25881 26077 26952 27603 27612 27837 27883 27884 28244 28252 28260 28268 28276 28499 28518 28536 28554 28572
LI (40):  79 80 81 82 83 24716 25031 25034 25216 25541 25542 25877 26382 26383 26736 26749 26946 26955 27237 27238 27239 27532 27541 27550 27559 27568 27577 27586 27595 27598 27602 27834 27847 27852 27857 27862 27867 27872 27877 27882
NODE_NUM = 100
FILE div_sub_306.aig

# Subcircuit 307
SUB_ID 307
LO (33):  25041 25050 25059 25068 25077 25086 25095 25104 25113 25126 25135 25139 25140 25163 25168 25254 25818 25827 25969 25978 26107 26112 26667 26676 26685 26980 27006 27509 27518 27527 27536 27545 27553
LI (51):  68 69 86 87 88 89 24309 24715 24716 24982 25040 25049 25058 25067 25076 25085 25094 25103 25112 25121 25124 25130 25133 25138 25161 25166 25245 25248 25253 25541 25542 25543 25810 25816 25820 25825 26113 26117 26382 26383 26384 26650 26659 26662 26666 26673 26682 26977 26995 27000 27005
NODE_NUM = 100
FILE div_sub_307.aig

# Subcircuit 308
SUB_ID 308
LO (14):  25310 25706 26183 26551 27040 27056 27420 27421 27429 27430 27438 27439 27445 27448
LI (31):  98 99 100 101 102 24874 25305 25308 25543 25701 25702 25704 25710 25712 25717 25728 26163 26172 26177 26182 26382 26383 26384 26543 26549 26552 26558 26567 27037 27238 27239
NODE_NUM = 88
FILE div_sub_308.aig

# Subcircuit 309
SUB_ID 309
LO (53):  25345 25432 25536 25538 25540 25542 25563 25572 25581 25590 25599 25635 25643 25644 25650 25653 25689 25698 25707 25716 25727 25728 25736 25737 25745 25746 25754 25755 25763 25764 25771 25780 25789 25798 25816 25825 25835 25836 25844 25845 26097 26102 26142 26147 26152 26157 26162 26370 26375 26579 26588 26597 26606
LI (59):  84 85 93 94 95 96 97 124 280 24580 24581 24699 24708 24710 24711 24714 24715 24716 24720 24729 24738 24747 24756 24792 24801 24810 24811 24846 24855 24864 24873 24882 24891 24900 24909 24918 24927 24936 24945 24954 24972 24981 24990 24999 25340 25343 25530 25534 25541 25543 25639 25641 25724 25733 25742 25751 25760 25832 25841
NODE_NUM = 100
FILE div_sub_309.aig

# Subcircuit 310
SUB_ID 310
LO (52):  25530 25561 25570 25580 25589 25598 25607 25616 25625 25634 25639 25661 25670 25679 25688 25697 25702 25712 25724 25733 25742 25751 25760 25765 25820 25832 25841 25850 25859 25868 25877 25890 26072 26749 26946 27622 27833 27834 28108 28112 28120 28128 28136 28144 28152 28160 28168 28176 28184 28192 28200 28288
LI (87):  79 80 81 24700 24811 24874 24937 25244 25278 25304 25313 25348 25374 25379 25384 25389 25529 25543 25558 25560 25567 25569 25576 25578 25585 25587 25597 25606 25615 25624 25633 25660 25669 25678 25687 25696 25711 25723 25732 25741 25750 25759 25819 25831 25840 25849 25858 25867 25876 25885 25888 26382 26383 26745 26758 26941 27237 27238 27239 27631 27828 28074 28106 28107 28111 28116 28119 28124 28127 28132 28135 28140 28143 28148 28151 28156 28159 28164 28167 28172 28175 28180 28183 28188 28191 28196 28199
NODE_NUM = 100
FILE div_sub_310.aig

# Subcircuit 311
SUB_ID 311
LO (37):  25888 25897 25908 25960 25987 26006 26033 26062 26820 26821 26829 26830 26838 26839 26847 26848 26856 26857 26864 26865 26869 26870 26872 26873 26876 26880 26885 26890 26895 26900 26905 27686 27695 27704 27713 27722 27731
LI (43):  4 65 66 67 68 69 70 71 72 77 25044 25053 25116 25142 25541 25542 25907 25971 25980 25989 25997 26002 26004 26005 26008 26012 26017 26022 26027 26032 26061 26384 26813 26819 26822 26828 26831 26837 26840 26846 26849 26855 26863
NODE_NUM = 91
FILE div_sub_311.aig

# Subcircuit 312
SUB_ID 312
LO (17):  26061 26163 27015 27037 27450 27451 27456 27457 27465 27466 27474 27475 27483 27484 27490 27493 27927
LI (36):  77 94 95 96 97 98 100 25737 25746 25755 25764 25904 25906 26139 26142 26147 26152 26157 26162 26384 26579 26585 26588 26594 26597 26603 26606 26612 26616 26621 27012 27040 27238 27239 27445 27449
NODE_NUM = 100
FILE div_sub_312.aig

# Subcircuit 313
SUB_ID 313
LO (38):  26263 26303 26364 26381 26403 26412 26421 26430 27186 27219 27232 27234 27238 27261 27262 27270 27271 27279 27280 27288 27289 27297 27298 27305 27306 28012 28017 28022 28027 28032 28081 28086 28092 28099 28121 28129 28821 28839
LI (46):  117 118 119 120 121 124 125 126 407 25543 25557 25566 25575 26244 26247 26252 26257 26262 26298 26301 26365 26366 26377 26379 26382 26383 26384 26388 26397 26399 26406 26408 26415 26417 26424 26427 26433 27182 27230 27237 27258 27267 27276 27285 27294 27303
NODE_NUM = 98
FILE div_sub_313.aig

# Subcircuit 314
SUB_ID 314
LO (48):  26301 26310 26340 26377 26379 26383 26404 26413 26422 26431 26440 26449 26460 26461 26496 26497 26505 26506 26514 26515 26522 26549 26558 26567 26585 26594 26603 26612 26621 26631 26632 26640 26641 26649 26650 26658 26659 26666 26995 27000 27005 27010 27075 27080 27085 27105 27230 27497
LI (56):  90 91 92 93 106 107 108 112 125 280 25433 25434 25442 25524 25536 25538 25541 25542 25543 25547 25556 25565 25574 25583 25592 25601 25637 25646 25655 25664 25691 25700 25709 25727 25736 25745 25754 25763 25772 25781 25790 25799 25808 26289 26292 26371 26375 26382 26457 26493 26502 26511 26628 26637 26646 26655
NODE_NUM = 100
FILE div_sub_314.aig

# Subcircuit 315
SUB_ID 315
LO (26):  26371 26427 26439 26448 27146 27258 27267 27276 27285 27294 27303 27315 27324 27997 28013 28018 28023 28028 28029 28131 28140 28148 28787 28806 28823 28841
LI (46):  114 115 25525 25584 26243 26247 26370 26384 26398 26407 26416 26425 26434 26438 26443 26447 26452 26461 27106 27108 27115 27120 27125 27130 27135 27140 27145 27239 27254 27271 27272 27280 27281 27289 27290 27298 27299 27307 27314 27323 27994 28005 28012 28017 28022 28027
NODE_NUM = 100
FILE div_sub_315.aig

# Subcircuit 316
SUB_ID 316
LO (24):  26452 26457 26466 26475 26484 26493 26502 26511 26616 26628 26637 26646 26655 26673 26682 26695 26975 27323 27559 27568 27862 27867 28637 28639
LI (56):  86 87 88 89 90 91 92 93 94 95 96 97 113 25773 26138 26142 26384 26451 26456 26465 26474 26483 26492 26501 26510 26627 26636 26645 26654 26672 26681 26690 26693 26976 26980 27237 27238 27239 27553 27557 27564 28106 28107 28224 28232 28240 28248 28256 28261 28543 28545 28555 28576 28594 28612 28630
NODE_NUM = 100
FILE div_sub_316.aig

# Subcircuit 317
SUB_ID 317
LO (22):  26693 26704 26713 26720 26727 26736 26745 26758 26941 26965 26970 27577 27586 27631 27828 27852 27857 28507 28509 28510 28543 28545
LI (47):  79 80 81 82 83 84 85 86 87 25835 25844 25853 25862 26382 26383 26384 26699 26702 26708 26711 26726 26735 26744 26753 26756 26767 26936 27237 27238 27239 27573 27582 27640 27823 28106 28107 28108 28269 28288 28475 28478 28504 28525 28527 28529 28532 28537
NODE_NUM = 99
FILE div_sub_317.aig

# Subcircuit 318
SUB_ID 318
LO (28):  26756 26767 26774 26785 26819 26828 26837 26846 26855 26863 26874 26875 26881 26886 26891 26896 26897 26925 26935 27640 27706 27715 27724 27733 27823 28346 28475 28478
LI (50):  3 65 76 77 78 79 80 25898 25907 25916 25961 25970 25979 25988 25996 26001 26382 26383 26384 26762 26765 26784 26839 26848 26857 26865 26873 26876 26880 26885 26890 26895 26924 27237 27238 27636 27649 27654 27667 27808 27817 27818 28106 28107 28108 28453 28455 28467 28471 28473
NODE_NUM = 99
FILE div_sub_318.aig

# Subcircuit 319
SUB_ID 319
LO (13):  26906 26924 27012 27496 27505 27794 27897 27902 28225 28231 28453 28455 28611
LI (40):  72 73 74 75 76 77 94 95 26632 26641 26781 26783 26830 26897 26900 26905 27006 27010 27239 27488 27490 27494 27498 27503 27686 27692 27696 27701 27712 27783 27797 28106 28107 28108 28312 28403 28406 28427 28431 28450
NODE_NUM = 97
FILE div_sub_319.aig

# Subcircuit 320
SUB_ID 320
LO (36):  27106 27108 27182 27195 27214 27328 28064 28074 28089 28090 28106 28111 28119 28127 28135 28143 28151 28159 28167 28175 28183 28191 28199 28208 28216 28224 28240 28248 28256 28280 28312 28403 28406 28431 28449 28896
LI (70):  67 68 69 70 71 72 113 124 125 26384 26450 27102 27105 27181 27190 27193 27237 27238 28053 28057 28062 28066 28072 28083 28088 28105 28110 28118 28126 28134 28142 28150 28158 28166 28174 28182 28190 28198 28205 28206 28213 28214 28221 28222 28237 28238 28245 28246 28253 28254 28277 28278 28309 28310 28325 28326 28333 28334 28341 28342 28350 28353 28357 28358 28375 28376 28393 28394 28430 28448
NODE_NUM = 100
FILE div_sub_320.aig

# Subcircuit 321
SUB_ID 321
LO (8):  27193 27202 27307 27314 27994 28156 28158 28921
LI (49):  113 115 116 117 118 119 120 121 122 123 124 125 126 127 128 26311 26320 26382 26383 26442 27237 27238 27239 27306 27329 27332 27343 27988 27997 28106 28107 28108 28112 28120 28128 28136 28144 28152 28781 28784 28787 28791 28807 28828 28846 28864 28882 28900 28915
NODE_NUM = 100
FILE div_sub_321.aig

# Subcircuit 322
SUB_ID 322
LO (12):  27332 27343 27370 27379 27967 27972 27988 28164 28166 28174 28781 28784
LI (45):  108 109 110 111 112 113 114 26460 26469 26478 26487 26496 27237 27238 27239 27338 27341 27347 27350 27352 27356 27359 27361 27365 27368 27370 27374 27377 27973 27974 27978 27983 28106 28107 28108 28160 28168 28176 28727 28730 28735 28745 28748 28763 28766
NODE_NUM = 100
FILE div_sub_322.aig

# Subcircuit 323
SUB_ID 323
LO (15):  27377 27388 27397 27404 27944 27957 27962 28182 28196 28198 28201 28203 28206 28727 28730
LI (47):  101 102 103 104 105 106 107 108 26505 26514 26523 26532 27237 27238 27239 27383 27386 27392 27395 27420 27421 27429 27430 27433 27438 27439 27442 27451 27929 27933 27938 27947 28106 28107 28108 28184 28192 28200 28673 28676 28691 28694 28697 28701 28709 28712 28717
NODE_NUM = 99
FILE div_sub_323.aig

# Subcircuit 324
SUB_ID 324
LO (15):  27449 27488 27494 27498 27503 27510 27929 28205 28213 28214 28221 28222 28630 28673 28676
LI (48):  96 97 98 99 100 101 102 26631 26632 27006 27015 27237 27238 27239 27448 27451 27456 27457 27465 27466 27469 27474 27475 27478 27483 27484 27487 27493 27496 27497 27509 27903 27908 27913 27918 27927 28106 28107 28108 28201 28203 28208 28216 28637 28640 28655 28658 28665
NODE_NUM = 99
FILE div_sub_324.aig

# Subcircuit 325
SUB_ID 325
LO (25):  27532 27541 27550 27557 27564 27573 27582 27595 27602 27636 27847 27872 27877 27882 27903 28232 28237 28238 28246 28254 28525 28527 28576 28594 28612
LI (51):  84 85 89 90 91 92 93 26640 26649 26658 26667 26676 26685 26721 26730 27237 27238 27239 27505 27510 27518 27521 27523 27527 27530 27532 27536 27539 27545 27548 27563 27572 27581 27590 27593 27635 27883 27884 27888 27897 27902 28106 28107 28108 28225 28231 28511 28514 28519 28573 28611
NODE_NUM = 100
FILE div_sub_325.aig

# Subcircuit 326
SUB_ID 326
LO (24):  27649 27654 27665 27676 27692 27696 27701 27712 27740 27750 27783 27802 27817 28310 28325 28326 28333 28334 28375 28376 28393 28394 28450 28467
LI (57):  68 69 70 71 75 78 26775 26793 26820 26829 26838 26847 26856 26864 26872 26874 26875 26881 26886 26891 26896 27237 27238 27239 27644 27647 27653 27675 27695 27704 27706 27710 27713 27715 27719 27721 27722 27724 27728 27730 27731 27733 27737 27739 27747 27763 27768 27773 27778 27801 27803 27807 28106 28107 28108 28445 28449
NODE_NUM = 100
FILE div_sub_326.aig

# Subcircuit 327
SUB_ID 327
LO (21):  27747 27756 27763 28341 28342 28350 28353 28357 28358 55796 55847 56581 56590 56599 56608 56617 56626 56635 56644 56653 56662
LI (41):  2 3 65 66 67 26869 26870 26875 27237 27238 27239 27740 27745 27750 27757 27758 28107 28108 28345 28347 55716 55725 55734 55743 55752 55761 55770 55779 55787 55795 55797 55801 55806 55811 55816 55821 55826 55831 55836 55841 55846
NODE_NUM = 100
FILE div_sub_327.aig

# Subcircuit 328
SUB_ID 328
LO (43):  27801 27808 28005 28044 28066 28083 28088 28105 28107 28110 28116 28118 28124 28126 28132 28134 28142 28150 28190 28245 28253 28261 28269 28277 28278 28309 28345 28430 28445 28448 28504 28665 28701 28791 28828 28846 28864 28882 28900 28915 56684 56690 57011
LI (78):  1 65 75 116 125 126 127 128 279 27220 27239 27243 27244 27252 27253 27261 27262 27270 27279 27288 27297 27305 27315 27324 27405 27414 27450 27603 27612 27666 27672 27674 27684 27804 27807 28018 28028 28029 28032 28037 28042 28052 28065 28079 28081 28086 28089 28090 28092 28095 28099 28101 28103 28106 28107 28108 28113 28121 28129 28131 28244 28252 28260 28268 28276 28308 28501 28825 28843 28863 28875 28877 28881 28897 28914 56683 56685 56689
NODE_NUM = 100
FILE div_sub_328.aig

# Subcircuit 329
SUB_ID 329
LO (38):  28347 28501 28511 28514 28519 28537 28555 28573 28640 28717 28735 28807 28825 28843 28875 28897 28930 28968 29026 29028 29031 29042 29046 29056 29060 29066 29067 29071 29072 29074 29075 29077 29081 29085 29088 29109 29126 29134
LI (59):  2 60 66 67 68 69 84 98 476 559 574 592 600 635 643 655 661 27244 27622 27833 27837 28013 28023 28056 28108 28280 28346 28499 28507 28509 28510 28518 28536 28554 28572 28639 28716 28734 28806 28821 28823 28839 28841 28896 28928 28948 28949 28995 29005 29006 29008 29014 29015 29017 29021 29030 29033 29047 29064
NODE_NUM = 85
FILE div_sub_329.aig

# Subcircuit 330
SUB_ID 330
LO (26):  29064 29115 29123 29124 29125 29132 29133 29141 29142 29149 29150 29154 29155 29157 29158 29160 29164 29169 29174 29179 29184 29189 29197 29206 29215 29224
LI (32):  59 65 66 67 68 69 70 71 644 668 29019 29020 29046 29060 29067 29075 29077 29081 29085 29088 29104 29105 29107 29109 29113 29121 29126 29130 29134 29139 29144 29147
NODE_NUM = 73
FILE div_sub_330.aig

# Subcircuit 331
SUB_ID 331
LO (28):  29104 29105 29107 29113 29121 29130 29139 29144 29147 29195 29202 29203 29212 29221 29230 29238 29239 29243 29246 29247 29249 29253 29257 29262 29267 29272 29278 29330
LI (52):  58 66 67 68 69 70 71 72 600 668 701 756 788 846 853 895 29026 29028 29029 29031 29042 29056 29066 29071 29072 29074 29091 29115 29123 29124 29125 29132 29133 29141 29142 29149 29150 29154 29158 29160 29164 29169 29174 29179 29184 29189 29197 29206 29215 29224 29235 29328
NODE_NUM = 100
FILE div_sub_331.aig

# Subcircuit 332
SUB_ID 332
LO (27):  29235 29334 29342 29344 29348 29452 29463 29477 29586 29613 29714 29755 29876 29931 30040 30109 30209 30293 30324 30325 30344 30364 30373 30382 30391 30400 30408
LI (47):  57 66 67 68 69 70 71 72 756 788 918 931 29155 29157 29248 29280 29327 29330 29337 29343 29388 29389 29390 29515 29584 29651 29712 29800 29801 29872 29969 30038 30147 30156 30165 30174 30183 30192 30201 30208 30290 30298 30303 30308 30313 30318 30323
NODE_NUM = 100
FILE div_sub_332.aig

# Subcircuit 333
SUB_ID 333
LO (41):  29337 29387 29389 29396 29400 29402 29406 29416 29425 29434 29443 29471 29473 29594 29608 29723 29750 29885 29926 30049 30104 30290 30340 30348 30358 30359 30360 30368 30369 30377 30378 30413 30414 30419 30421 30422 30511 30531 30536 30541 30546
LI (55):  66 67 68 69 70 71 73 77 78 79 80 895 924 1016 1145 29202 29280 29281 29289 29290 29298 29307 29316 29325 29381 29467 29470 29472 29514 29587 29588 29651 29721 29800 29801 29881 29969 30047 30147 30217 30228 30284 30293 30338 30339 30344 30347 30354 30357 30364 30367 30373 30376 30408 30412
NODE_NUM = 100
FILE div_sub_333.aig

# Subcircuit 334
SUB_ID 334
LO (37):  29470 29568 29577 29588 29618 29623 29696 29705 29760 29765 29858 29867 29936 29941 30022 30031 30114 30119 30192 30201 30298 30303 30396 30405 30516 30521 30602 30611 30736 30741 30813 30814 30822 30823 30962 30967 31052
LI (42):  66 69 70 71 72 73 74 75 76 77 1099 29454 29465 29466 29515 29567 29575 29622 29651 29694 29703 29763 29800 29801 29854 29863 29969 30020 30029 30147 30190 30199 30338 30339 30392 30401 30549 30600 30609 30769 30812 30821
NODE_NUM = 99
FILE div_sub_334.aig

# Subcircuit 335
SUB_ID 335
LO (26):  29587 29602 29604 29731 29745 29894 29921 30058 30099 30228 30284 30432 30501 30638 30721 30849 30947 30963 30978 31037 31046 31054 31064 31073 31082 31090
LI (47):  55 66 67 68 69 70 71 72 73 1230 1243 1294 29467 29514 29515 29597 29603 29650 29651 29800 29801 29890 29969 30056 30147 30226 30237 30279 30338 30339 30340 30549 30636 30769 30805 30814 30823 30832 30841 30848 30944 30952 30957 30962 30967 30972 30977
NODE_NUM = 100
FILE div_sub_335.aig

# Subcircuit 336
SUB_ID 336
LO (32):  29597 29622 29687 29739 29741 29770 29849 29902 29916 29946 30013 30067 30094 30124 30183 30237 30279 30308 30387 30441 30496 30526 30593 30647 30716 30746 30804 30805 30858 30859 30942 30972
LI (47):  54 66 67 68 69 70 71 72 73 74 75 76 77 78 1236 1361 1374 29514 29560 29566 29650 29686 29734 29740 29769 29800 29801 29802 29845 29969 30011 30065 30147 30181 30235 30246 30274 30338 30339 30340 30383 30549 30591 30645 30769 30803 30857
NODE_NUM = 100
FILE div_sub_336.aig

# Subcircuit 337
SUB_ID 337
LO (31):  29734 29769 29799 29801 29808 29812 29814 29818 29828 29837 29840 29910 29912 29951 30075 30089 30246 30274 30450 30491 30656 30711 30944 31095 31096 31104 31105 31110 31111 31202 31207
LI (56):  66 67 68 69 70 71 72 73 74 76 1294 1367 1456 1626 29530 29644 29650 29651 29659 29660 29668 29677 29679 29685 29789 29791 29793 29839 29906 29909 29911 29950 29968 30068 30069 30147 30244 30254 30269 30338 30339 30340 30549 30654 30769 30859 30866 30877 30933 30942 31003 31004 31088 31090 31094 31103
NODE_NUM = 96
FILE div_sub_337.aig

# Subcircuit 338
SUB_ID 338
LO (33):  29909 29950 29986 29995 30004 30068 30069 30083 30085 30129 30134 30139 30156 30165 30174 30254 30269 30313 30318 30323 30347 30354 30367 30376 30459 30486 30665 30706 30876 30877 30933 31115 31117
LI (50):  52 66 67 68 69 70 74 75 76 77 78 1566 1738 1750 1816 29830 29836 29838 29839 29904 29905 29906 29968 29969 29977 29993 30002 30078 30084 30138 30146 30147 30154 30163 30172 30263 30264 30324 30325 30333 30335 30338 30339 30340 30549 30663 30769 30875 30886 30929
NODE_NUM = 98
FILE div_sub_338.aig

# Subcircuit 339
SUB_ID 339
LO (33):  30078 30138 30263 30264 30467 30475 30477 30481 30549 30557 30564 30574 30575 30583 30584 30619 30620 30628 30629 30673 30674 30681 30682 30696 30701 30726 30731 30751 30756 30768 30771 30773 30994
LI (41):  51 66 67 68 73 74 77 78 79 80 81 346 1743 1929 1942 2159 29968 29970 29976 30146 30257 30338 30339 30340 30348 30358 30368 30377 30413 30422 30469 30476 30548 30556 30562 30573 30582 30618 30627 30672 30758
NODE_NUM = 95
FILE div_sub_339.aig

# Subcircuit 340
SUB_ID 340
LO (54):  30257 30333 30335 30338 30339 30357 30383 30392 30401 30412 30423 30469 30506 30556 30573 30582 30591 30600 30609 30618 30627 30636 30645 30654 30663 30672 30685 30769 30777 30778 30786 30787 30795 30796 30831 30832 30840 30841 30885 30886 30894 30895 30896 30902 30922 30927 30952 30957 30977 30982 30987 31005 31025 31124
LI (61):  50 65 68 69 72 74 75 79 80 81 346 475 1816 1935 2018 2375 29984 30146 30147 30209 30325 30331 30340 30382 30391 30400 30419 30421 30422 30505 30548 30554 30557 30571 30574 30580 30583 30589 30598 30607 30616 30619 30625 30628 30634 30643 30652 30661 30670 30673 30681 30686 30768 30776 30785 30794 30830 30839 30884 30893 30901
NODE_NUM = 98
FILE div_sub_340.aig

# Subcircuit 341
SUB_ID 341
LO (34):  30776 30785 30794 30803 30812 30821 30830 30839 30848 30857 30866 30875 30884 30893 30901 30929 31123 31132 31141 31150 31177 31182 31187 31192 31370 31371 31379 31380 31388 31389 31390 31444 31449 31454
LI (46):  67 68 69 70 71 72 475 30691 30757 30768 30771 30773 30783 30792 30801 30810 30819 30828 30837 30846 30855 30864 30873 30882 30886 30891 30895 30896 30898 30903 30912 30913 30922 30927 31004 31115 31117 31121 31124 31130 31139 31148 31255 31369 31378 31387
NODE_NUM = 99
FILE div_sub_341.aig

# Subcircuit 342
SUB_ID 342
LO (45):  30903 30912 30913 31004 31012 31022 31023 31024 31032 31033 31041 31042 31050 31051 31059 31060 31068 31069 31077 31078 31086 31087 31148 31157 31158 31162 31163 31165 31166 31168 31172 31212 31217 31222 31227 31232 31237 31242 31247 31252 31257 31265 31274 31283 31292
LI (39):  47 48 65 66 67 75 76 77 78 79 80 81 82 83 2484 2496 30768 30902 30906 31002 31003 31008 31011 31018 31021 31028 31031 31037 31040 31046 31049 31055 31058 31064 31067 31073 31076 31082 31085
NODE_NUM = 92
FILE div_sub_342.aig

# Subcircuit 343
SUB_ID 343
LO (36):  30906 31002 31008 31011 31018 31021 31028 31031 31040 31049 31058 31067 31076 31085 31094 31103 31114 31121 31130 31139 31197 31362 31459 31615 31727 31768 31769 31827 31836 31845 31854 31863 31872 31881 31890 31898
LI (53):  72 73 74 2489 30768 30778 30787 30796 30978 30982 30987 31001 31005 31010 31014 31016 31020 31026 31030 31039 31048 31057 31066 31075 31084 31093 31102 31110 31111 31120 31129 31138 31255 31360 31517 31544 31553 31562 31571 31580 31589 31598 31607 31614 31724 31732 31737 31742 31747 31752 31757 31762 31767
NODE_NUM = 98
FILE div_sub_343.aig

# Subcircuit 344
SUB_ID 344
LO (44):  31001 31003 31010 31014 31016 31020 31026 31030 31039 31048 31055 31057 31066 31075 31084 31088 31093 31102 31120 31129 31138 31254 31255 31263 31270 31271 31272 31280 31281 31289 31290 31298 31299 31300 31306 31307 31494 31499 31504 31509 31514 31519 31528 31781
LI (55):  80 81 82 83 84 475 2709 2965 30564 30769 30777 30778 30786 30795 30804 30813 30822 30831 30840 30849 30858 30859 30876 30885 30894 30947 30963 30978 30994 31012 31022 31023 31024 31025 31032 31033 31041 31042 31050 31051 31052 31054 31059 31229 31232 31237 31242 31247 31252 31257 31265 31274 31283 31293 31305
NODE_NUM = 100
FILE div_sub_344.aig

# Subcircuit 345
SUB_ID 345
LO (51):  31293 31305 31308 31317 31484 31489 31562 31571 31752 31757 31794 31802 31812 31813 31814 31822 31823 31831 31832 31840 31841 31849 31850 31858 31859 31867 31868 31876 31877 31885 31886 31894 31895 31900 32034 32039 32044 32049 32054 32059 32064 32069 32074 32079 32084 32089 32097 32106 32115 32124 32133
LI (46):  76 77 78 79 80 81 82 83 84 85 86 2965 31068 31228 31255 31292 31304 31307 31315 31488 31517 31560 31569 31792 31793 31798 31801 31808 31811 31818 31821 31827 31830 31836 31839 31845 31854 31863 31866 31872 31875 31881 31884 31890 31893 31899
NODE_NUM = 100
FILE div_sub_345.aig

# Subcircuit 346
SUB_ID 346
LO (33):  31315 31326 31335 31344 31353 31360 31369 31378 31387 31398 31439 31464 31469 31474 31479 31580 31589 31598 31607 31707 31713 31714 31732 31737 31742 31747 31866 31875 31884 31893 31926 31934 31938
LI (40):  69 70 74 75 76 77 78 2965 31077 31086 31095 31104 31254 31255 31313 31322 31324 31331 31333 31340 31342 31349 31351 31358 31367 31376 31385 31390 31394 31517 31578 31587 31596 31605 31643 31650 31704 31712 31792 31793
NODE_NUM = 98
FILE div_sub_346.aig

# Subcircuit 347
SUB_ID 347
LO (20):  31407 31434 31704 31940 31949 32004 32009 32229 32238 32308 32349 32350 32459 32468 32477 32486 32495 32504 32513 32522
LI (36):  68 69 70 71 72 31157 31255 31405 31517 31659 31670 31698 31707 31792 31793 31794 31934 31938 32087 32167 32176 32185 32194 32203 32212 32221 32228 32237 32309 32318 32323 32328 32333 32338 32343 32348
NODE_NUM = 97
FILE div_sub_347.aig

# Subcircuit 348
SUB_ID 348
LO (23):  31405 31415 31429 31670 31698 31958 31999 32248 32303 32543 32613 32659 32660 32788 32797 32806 32815 32824 32833 32842 32851 32860 32868
LI (41):  67 68 69 70 71 2965 31162 31254 31255 31403 31413 31517 31668 31678 31693 31792 31793 31794 32087 32246 32391 32463 32472 32481 32490 32499 32508 32517 32526 32535 32542 32610 32618 32623 32628 32633 32638 32643 32648 32653 32658
NODE_NUM = 97
FILE div_sub_348.aig

# Subcircuit 349
SUB_ID 349
LO (35):  31413 31423 31425 31517 31525 31526 31534 31543 31544 31552 31553 31624 31625 31633 31642 31643 31677 31678 31692 31693 31712 31723 31724 31762 31767 31778 31779 31780 31798 31815 31817 31908 31914 31916 31961
LI (40):  46 66 67 71 72 73 81 82 83 84 320 2873 2965 3131 3145 31163 31165 31167 31254 31263 31270 31280 31289 31298 31370 31379 31388 31418 31424 31516 31524 31533 31542 31551 31623 31632 31641 31689 31714 31769
NODE_NUM = 90
FILE div_sub_349.aig

# Subcircuit 350
SUB_ID 350
LO (43):  31418 31488 31516 31524 31533 31542 31551 31560 31569 31578 31587 31596 31605 31614 31623 31632 31641 31650 31659 31668 31687 31688 31689 31792 31793 31801 31808 31811 31821 31830 31839 31903 31904 31912 31913 31921 31922 31929 31970 31973 32019 32024 32029
LI (57):  45 66 73 74 75 79 85 320 643 3138 3306 3312 3319 31254 31271 31272 31281 31300 31306 31501 31504 31509 31514 31517 31519 31525 31526 31529 31534 31541 31543 31550 31552 31559 31568 31577 31586 31595 31604 31613 31615 31622 31624 31631 31633 31640 31642 31649 31658 31667 31778 31779 31780 31781 31900 31909 31918
NODE_NUM = 100
FILE div_sub_350.aig

# Subcircuit 351
SUB_ID 351
LO (57):  31529 31541 31550 31559 31568 31577 31586 31595 31604 31613 31622 31631 31640 31649 31658 31667 31818 31899 31909 31918 31931 32014 32221 32318 32517 32628 32710 32718 32728 32729 32730 32738 32739 32747 32748 32756 32757 32765 32766 32774 32775 32780 32783 32845 33012 33017 33022 33027 33032 33037 33042 33047 33055 33064 33073 33082 33091
LI (64):  72 73 74 83 84 85 86 87 88 89 320 31500 31528 31540 31549 31558 31567 31576 31585 31594 31603 31612 31621 31625 31630 31639 31648 31657 31666 31713 31723 31727 31768 31794 31815 31817 31898 31908 31914 31916 31926 31929 32087 32219 32391 32515 32708 32709 32714 32717 32724 32727 32734 32737 32743 32746 32752 32755 32761 32764 32770 32773 32779 32782
NODE_NUM = 96
FILE div_sub_351.aig

# Subcircuit 352
SUB_ID 352
LO (23):  31967 31994 32257 32298 32610 32874 32883 32952 32957 33206 33215 33298 33303 33543 33552 33650 33671 33672 33884 33893 33902 33911 33919
LI (38):  68 69 70 71 72 73 74 31687 31688 31692 31794 31961 31965 32087 32255 32391 32551 32562 32604 32613 32708 32709 32710 32868 32872 33045 33204 33213 33391 33517 33526 33535 33542 33551 33647 33660 33665 33670
NODE_NUM = 96
FILE div_sub_352.aig

# Subcircuit 353
SUB_ID 353
LO (42):  31965 31975 31989 32266 32293 32562 32604 32892 32947 33224 33293 33647 33752 33757 33760 33767 33770 33777 33780 33786 33789 33795 33798 33807 33808 33816 33817 33825 33826 33831 33834 33924 33925 33930 33932 33933 34036 34091 34096 34101 34175 34184
LI (54):  67 68 69 70 71 72 74 85 86 87 31677 31792 31793 31794 31970 31973 32087 32264 32391 32560 32571 32599 32708 32709 32710 33045 33222 33391 33560 33571 33641 33650 33750 33751 33756 33759 33766 33769 33776 33779 33785 33788 33794 33797 33803 33806 33812 33815 33821 33824 33830 33833 33919 33923
NODE_NUM = 99
FILE div_sub_353.aig

# Subcircuit 354
SUB_ID 354
LO (52):  31983 31985 32087 32095 32102 32103 32104 32112 32113 32121 32122 32130 32131 32139 32140 32148 32149 32157 32158 32166 32167 32175 32176 32184 32185 32193 32194 32195 32202 32267 32272 32273 32333 32338 32343 32348 32353 32358 32363 32368 32373 32378 32383 32388 32393 32402 32411 32420 32429 32438 32447 32697
LI (47):  44 65 66 76 77 78 79 80 81 82 83 84 85 86 87 3716 3823 31794 31802 31812 31822 31831 31840 31849 31858 31867 31876 31885 31894 31903 31912 31978 31984 32086 32094 32100 32111 32120 32129 32138 32147 32156 32165 32174 32183 32192 32201
NODE_NUM = 99
FILE div_sub_354.aig

# Subcircuit 355
SUB_ID 355
LO (42):  31978 32086 32094 32100 32111 32120 32129 32138 32147 32156 32165 32174 32183 32192 32201 32212 32219 32228 32237 32246 32255 32264 32282 32284 32323 32328 32391 32399 32400 32408 32409 32410 32417 32507 32508 32572 32577 32578 32633 32688 32693 32711
LI (58):  43 66 74 75 86 87 3319 3823 4017 4024 4031 4143 31794 31813 31814 31823 31832 31841 31850 32056 32059 32064 32069 32074 32079 32084 32089 32095 32097 32106 32112 32115 32121 32124 32134 32146 32155 32164 32173 32182 32191 32195 32200 32203 32204 32209 32218 32227 32236 32245 32254 32263 32283 32390 32398 32407 32416 32506
NODE_NUM = 100
FILE div_sub_355.aig

# Subcircuit 356
SUB_ID 356
LO (42):  32134 32146 32155 32164 32173 32182 32191 32200 32203 32204 32209 32218 32227 32236 32245 32254 32263 32274 32288 32384 32390 32398 32407 32416 32426 32427 32435 32436 32444 32445 32453 32454 32461 32462 32663 32668 32673 32678 32699 32749 32758 32767
LI (61):  67 75 81 82 83 84 3823 4143 31921 32055 32087 32103 32104 32113 32122 32131 32133 32140 32145 32149 32154 32158 32163 32172 32181 32190 32199 32202 32208 32217 32226 32235 32244 32253 32262 32267 32272 32273 32287 32350 32353 32358 32363 32368 32373 32378 32383 32388 32393 32402 32411 32419 32420 32428 32429 32437 32438 32446 32448 32455 32460
NODE_NUM = 97
FILE div_sub_356.aig

# Subcircuit 357
SUB_ID 357
LO (49):  32708 32714 32717 32724 32727 32734 32737 32743 32746 32755 32764 32773 32782 32792 32793 32801 32802 32810 32811 32819 32820 32828 32829 32837 32838 32855 32856 32864 32865 32872 32900 32901 32909 32910 32916 32917 32937 32942 32962 32967 32977 32982 32987 32992 32997 33002 33118 33127 33136
LI (54):  68 69 73 74 76 77 78 79 80 81 85 32400 32409 32417 32427 32679 32682 32688 32693 32707 32711 32716 32720 32722 32726 32736 32745 32754 32763 32772 32781 32789 32790 32798 32799 32807 32808 32816 32817 32825 32826 32834 32835 32852 32853 32861 32862 32871 32897 32898 32906 32907 32914 32915
NODE_NUM = 98
FILE div_sub_357.aig

# Subcircuit 358
SUB_ID 358
LO (41):  32419 32428 32437 32446 32448 32455 32460 32463 32472 32481 32490 32499 32506 32515 32526 32535 32542 32551 32560 32571 32599 32618 32623 32638 32643 32648 32653 32658 32779 32790 32799 32808 32817 32826 32853 32862 32897 32898 32902 32904 32907
LI (58):  67 68 72 73 76 77 78 79 80 4143 32130 32139 32148 32157 32166 32175 32184 32193 32202 32229 32238 32273 32349 32390 32391 32447 32459 32462 32468 32470 32477 32479 32486 32488 32495 32497 32504 32513 32522 32524 32531 32533 32540 32549 32558 32567 32569 32578 32589 32590 32592 32594 32656 32659 32663 32709 32710 32778
NODE_NUM = 100
FILE div_sub_358.aig

# Subcircuit 359
SUB_ID 359
LO (49):  32589 32590 32784 32906 32914 32915 32926 32928 32932 33007 33045 33053 33060 33061 33062 33070 33071 33079 33080 33088 33089 33097 33098 33106 33107 33115 33116 33124 33125 33252 33257 33258 33348 33353 33358 33363 33368 33373 33378 33383 33388 33393 33402 33411 33420 33429 33438 33447 33739
LI (45):  42 66 82 83 84 85 86 87 88 89 90 4256 4270 4693 4813 32390 32582 32709 32710 32718 32728 32738 32747 32756 32765 32774 32783 32792 32902 32904 32918 32920 32927 32930 33006 33044 33052 33058 33069 33078 33087 33096 33105 33114 33123
NODE_NUM = 100
FILE div_sub_359.aig

# Subcircuit 360
SUB_ID 360
LO (45):  32582 32592 32656 32679 32682 32707 32709 32716 32720 32722 32726 32736 32745 32752 32754 32761 32763 32770 32772 32778 32781 32789 32798 32807 32816 32825 32834 32835 32847 32871 32972 33179 33318 33517 33670 33880 33889 34056 34061 34253 34254 34262 34263 34444 34449
LI (69):  67 75 76 77 78 79 80 85 88 4143 4263 4475 32102 32384 32390 32391 32399 32400 32408 32410 32416 32417 32426 32435 32436 32444 32445 32453 32454 32461 32507 32543 32572 32577 32660 32663 32668 32673 32678 32697 32699 32701 32710 32749 32758 32767 32788 32797 32806 32815 32824 32833 32842 32845 33045 33177 33391 33515 33671 33675 33750 33751 33752 33874 33878 33885 34129 34252 34261
NODE_NUM = 99
FILE div_sub_360.aig

# Subcircuit 361
SUB_ID 361
LO (26):  32852 32861 32918 32920 32930 33044 33052 33058 33069 33078 33087 33096 33105 33114 33123 33133 33134 33142 33143 33151 33152 33159 33160 33333 33338 33343
LI (50):  41 65 67 79 80 81 4813 32710 32729 32730 32739 32748 32757 32766 32775 32784 32793 32802 32811 32851 32860 32916 32917 32989 32992 32997 33002 33007 33012 33017 33022 33027 33032 33037 33042 33047 33055 33064 33073 33082 33091 33118 33126 33127 33135 33137 33144 33149 33153 33158
NODE_NUM = 100
FILE div_sub_361.aig

# Subcircuit 362
SUB_ID 362
LO (29):  33006 33126 33135 33137 33144 33149 33153 33158 33161 33170 33323 33328 33498 33507 33675 33731 33732 33776 33785 33794 33803 33812 33821 33830 33839 33848 33857 33866 33874
LI (44):  77 78 79 82 4813 32780 32782 32801 32810 32819 32828 32837 32988 33045 33136 33148 33157 33160 33168 33326 33391 33409 33418 33427 33436 33445 33454 33463 33472 33481 33490 33497 33506 33672 33685 33690 33695 33700 33705 33710 33715 33720 33725 33730
NODE_NUM = 99
FILE div_sub_362.aig

# Subcircuit 363
SUB_ID 363
LO (25):  33168 33177 33188 33313 33526 33665 33898 34051 34272 34439 34651 34833 34884 34885 34971 34980 34989 34998 35007 35016 35025 35034 35043 35052 35060
LI (42):  75 76 77 78 79 4813 32855 33044 33045 33166 33175 33186 33391 33524 33750 33751 33894 34129 34270 34517 34562 34571 34580 34589 34598 34607 34616 34625 34634 34643 34650 34830 34838 34843 34848 34853 34858 34863 34868 34873 34878 34883
NODE_NUM = 98
FILE div_sub_363.aig

# Subcircuit 364
SUB_ID 364
LO (48):  33186 33197 33308 33535 33660 33907 34046 34281 34434 34830 34920 34925 34928 34935 34938 34945 34948 34954 34957 34963 34966 34975 34976 34984 34985 34993 34994 35002 35003 35011 35012 35017 35020 35065 35066 35071 35073 35074 35261 35291 35296 35301 35306 35311 35385 35394 35403 35412
LI (55):  74 75 76 77 78 80 86 87 88 89 90 4813 32864 33044 33045 33184 33195 33391 33533 33750 33751 33903 34129 34279 34517 34659 34670 34824 34833 34918 34919 34924 34927 34934 34937 34944 34947 34953 34956 34962 34965 34971 34974 34980 34983 34989 34992 34998 35001 35007 35010 35016 35019 35060 35064
NODE_NUM = 100
FILE div_sub_364.aig

# Subcircuit 365
SUB_ID 365
LO (25):  33195 33204 33213 33222 33233 33288 33571 33641 33943 34026 34317 34414 34824 35084 35093 35102 35111 35236 35241 35246 35251 35492 35501 35510 35519
LI (43):  70 71 72 73 74 75 76 77 78 4813 32900 33044 33045 33193 33202 33211 33220 33231 33391 33569 33580 33636 33750 33751 33752 34129 34315 34517 34679 34688 34695 34706 34804 34813 34818 34823 34918 34919 34920 35082 35091 35100 35339
NODE_NUM = 100
FILE div_sub_365.aig

# Subcircuit 366
SUB_ID 366
LO (24):  33231 33242 33283 33580 33636 33952 34021 34326 34409 34706 34804 35120 35231 35535 35661 35692 35693 35900 35909 35918 35927 35936 35945 35953
LI (44):  69 70 71 72 73 74 75 4813 32909 33044 33045 33229 33240 33391 33578 33589 33631 33750 33751 33752 34129 34324 34517 34704 34715 34799 34918 34919 34920 35339 35482 35491 35500 35509 35518 35527 35534 35658 35666 35671 35676 35681 35686 35691
NODE_NUM = 99
FILE div_sub_366.aig

# Subcircuit 367
SUB_ID 367
LO (22):  33240 33251 33278 33589 33631 33961 34016 34335 34404 34715 34799 35129 35226 35658 35957 35966 36092 36103 36104 36400 36409 36417
LI (44):  68 69 70 71 72 73 74 75 76 436 4813 32917 33044 33045 33238 33249 33391 33587 33598 33626 33750 33751 33752 34129 34333 34517 34713 34724 34794 34918 34919 34920 35339 35543 35554 35652 35661 35768 35769 35949 35950 35953 36089 36102
NODE_NUM = 100
FILE div_sub_367.aig

# Subcircuit 368
SUB_ID 368
LO (47):  33249 33259 33267 33269 33273 33391 33399 33400 33408 33409 33417 33418 33426 33427 33435 33436 33444 33445 33453 33454 33462 33463 33471 33472 33480 33481 33489 33490 33597 33598 33605 33606 33620 33625 33685 33690 33695 33700 33705 33710 33715 33720 33725 33730 33735 33753 33962
LI (49):  40 66 67 68 80 81 82 83 84 85 86 87 88 89 90 4813 5033 5046 5172 33044 33053 33070 33079 33088 33097 33106 33115 33124 33133 33142 33151 33247 33258 33262 33268 33272 33390 33398 33407 33416 33425 33434 33443 33452 33461 33470 33479 33488 33596
NODE_NUM = 98
FILE div_sub_368.aig

# Subcircuit 369
SUB_ID 369
LO (37):  33262 33272 33326 33390 33398 33407 33416 33425 33434 33443 33452 33461 33470 33479 33488 33497 33506 33515 33524 33533 33542 33551 33560 33569 33578 33587 33596 33621 33626 33743 33744 33751 33768 33964 33974 33982 33984
LI (59):  39 66 67 78 5039 5172 5330 5336 5343 33044 33061 33062 33071 33080 33089 33098 33107 33116 33159 33252 33257 33350 33353 33358 33363 33368 33373 33378 33383 33388 33391 33393 33402 33411 33420 33429 33438 33448 33460 33469 33478 33487 33496 33505 33514 33523 33532 33541 33550 33559 33568 33577 33586 33595 33606 33620 33625 33738 33739
NODE_NUM = 100
FILE div_sub_369.aig

# Subcircuit 370
SUB_ID 370
LO (56):  33448 33460 33469 33478 33487 33496 33505 33514 33523 33532 33541 33550 33559 33568 33577 33586 33595 33750 33756 33759 33766 33769 33779 33788 33797 33806 33815 33824 33833 33843 33852 33861 33862 33870 33871 33878 33915 33916 33923 33969 33970 33978 33979 33986 33987 34001 34006 34011 34041 34066 34071 34076 34087 34088 34205 34214
LI (65):  67 68 69 75 80 81 82 83 84 5172 33349 33400 33447 33459 33468 33477 33486 33495 33504 33513 33522 33531 33540 33549 33558 33567 33576 33585 33594 33732 33735 33749 33754 33758 33762 33764 33768 33778 33787 33796 33805 33814 33823 33831 33832 33835 33840 33841 33849 33850 33858 33859 33867 33868 33877 33912 33913 33922 33966 33967 33975 33976 33983 33984 34077
NODE_NUM = 100
FILE div_sub_370.aig

# Subcircuit 371
SUB_ID 371
LO (37):  33738 33749 33754 33758 33762 33764 33778 33787 33796 33805 33814 33823 33832 33835 34479 34490 34510 34516 34517 34525 34526 34534 34535 34543 34544 34545 34548 34560 34569 34572 34575 34893 34898 34903 34909 34921 34941
LI (52):  84 86 91 92 93 5546 5926 6324 33060 33391 33399 33400 33408 33417 33426 33435 33444 33453 33462 33731 33743 33744 33751 33753 33834 34087 34091 34128 34137 34145 34146 34154 34155 34163 34164 34172 34173 34182 34191 34192 34195 34476 34484 34489 34494 34499 34504 34509 34514 34519 34528 34537
NODE_NUM = 98
FILE div_sub_371.aig

# Subcircuit 372
SUB_ID 372
LO (44):  33840 33841 33849 33850 33858 33859 33867 33868 33877 33885 33894 33903 33912 33913 33922 33934 33966 33967 33975 33976 33983 33995 33997 34031 34308 34370 34384 34419 34688 34778 34794 34813 35100 35137 35138 35146 35147 35152 35155 35159 35163 35183 35216 35221
LI (58):  38 65 66 67 68 71 72 73 74 75 5791 5926 33471 33480 33489 33498 33507 33543 33552 33597 33605 33621 33751 33752 33839 33848 33857 33866 33884 33893 33902 33911 33933 33962 33964 33974 33982 33990 33996 34030 34128 34129 34306 34517 34686 34733 34742 34749 34775 34783 34788 34793 34918 34919 34920 35136 35145 35154
NODE_NUM = 100
FILE div_sub_372.aig

# Subcircuit 373
SUB_ID 373
LO (27):  33990 34030 34103 34105 34110 34115 34120 34125 34170 34179 34191 34192 34195 34476 34484 34571 34580 34589 34590 34591 34593 34868 34873 34878 34983 34992 35001
LI (58):  73 84 85 86 87 88 89 90 91 92 5343 5926 6324 33752 33757 33759 33767 33769 33777 33779 33786 33788 33795 33797 33808 33816 33817 33825 33826 33834 33843 33930 33932 34088 34091 34096 34101 34128 34129 34166 34168 34175 34184 34205 34207 34216 34218 34227 34466 34470 34479 34516 34517 34569 34572 34575 34918 34919
NODE_NUM = 94
FILE div_sub_373.aig

# Subcircuit 374
SUB_ID 374
LO (25):  34216 34227 34466 34598 34607 34858 34863 35010 35019 35286 35317 35380 35389 35399 35400 35409 35410 35418 35419 35426 35427 35432 35726 35731 35825
LI (45):  83 84 85 88 89 5926 6324 7162 33852 34128 34129 34214 34225 34236 34460 34516 34517 34590 34591 34593 34918 34919 34976 34985 34994 35003 35012 35017 35021 35283 35291 35296 35301 35306 35311 35316 35338 35385 35393 35394 35402 35403 35411 35412 35420
NODE_NUM = 96
FILE div_sub_374.aig

# Subcircuit 375
SUB_ID 375
LO (19):  34225 34236 34460 34616 34853 35283 35436 35445 35711 35733 35821 35830 35840 35841 35848 35849 35857 35863 36162
LI (43):  82 83 84 85 86 89 436 5926 6324 7162 33861 34128 34129 34223 34234 34245 34455 34456 34516 34517 34918 34919 35026 35039 35277 35286 35338 35339 35410 35419 35428 35429 35432 35708 35721 35726 35731 35768 35816 35818 35825 35833 35842
NODE_NUM = 97
FILE div_sub_375.aig

# Subcircuit 376
SUB_ID 376
LO (23):  34234 34245 34454 34625 34848 35039 35277 35708 35867 35876 36142 36168 36173 36178 36179 36264 36273 36283 36292 36301 36310 36319 36327
LI (43):  81 82 83 84 85 86 436 5926 7162 33870 34128 34129 34232 34243 34517 34623 34918 34919 35035 35048 35272 35338 35339 35464 35702 35711 35768 35769 35814 35823 35832 35841 35850 35859 35860 35863 36139 36152 36157 36162 36167 36172 36177
NODE_NUM = 99
FILE div_sub_376.aig

# Subcircuit 377
SUB_ID 377
LO (36):  34243 34252 34261 34270 34279 34290 34299 34306 34315 34324 34333 34344 34353 34359 34362 34389 34394 34399 34424 34429 34670 34679 34724 34733 34742 34783 34788 34793 34818 34823 35082 35091 35136 35145 35154 35211
LI (44):  68 69 70 71 75 76 77 5926 33915 33924 33969 33978 33986 34128 34129 34241 34250 34259 34268 34277 34286 34288 34295 34297 34304 34313 34322 34331 34340 34342 34349 34351 34358 34360 34517 34668 34677 34722 34731 34740 34918 34919 35152 35156
NODE_NUM = 100
FILE div_sub_377.aig

# Subcircuit 378
SUB_ID 378
LO (22):  34360 34378 34380 34775 35165 35174 35201 35206 35580 35589 35631 35652 35975 35976 35984 35985 35992 36001 36007 36082 36087 36424
LI (37):  66 67 68 69 70 73 74 436 6177 6184 6324 34128 34359 34372 34379 34516 34517 34768 34769 34778 34918 34919 34920 35159 35163 35339 35563 35572 35579 35588 35628 35641 35646 35651 35768 35968 35977
NODE_NUM = 100
FILE div_sub_378.aig

# Subcircuit 379
SUB_ID 379
LO (29):  34918 34924 34927 34934 34937 34944 34947 34953 34956 34962 34965 34974 35048 35064 35182 35196 35272 35315 35320 35325 35330 35335 35463 35464 35465 35466 35468 35591 35701
LI (53):  67 81 82 83 90 91 92 93 94 95 6324 7162 34490 34516 34526 34535 34544 34545 34546 34548 34562 34884 34885 34893 34898 34903 34917 34919 34921 34925 34926 34930 34932 34935 34936 34941 34945 34946 34954 34955 34963 34973 35044 35045 35053 35054 35063 35066 35178 35179 35263 35338 35339
NODE_NUM = 90
FILE div_sub_379.aig

# Subcircuit 380
SUB_ID 380
LO (35):  34562 34623 34634 34643 34650 34659 34668 34677 34686 34695 34704 34713 34722 34731 34740 34749 34768 34769 34838 34843 34883 34973 35045 35054 35178 35179 35190 35192 35606 35621 35628 36010 36011 36019 36025
LI (49):  36 66 67 80 81 89 436 6324 6527 6539 7011 7162 34181 34253 34262 34516 34517 34560 34621 34630 34632 34639 34641 34648 34657 34666 34675 34684 34693 34702 34711 34720 34729 34738 34747 34762 34919 34920 35184 35191 35338 35339 35599 35618 35626 35768 36004 36005 36007
NODE_NUM = 99
FILE div_sub_380.aig

# Subcircuit 381
SUB_ID 381
LO (29):  34762 34917 34919 34926 34930 34932 34936 34946 34955 35021 35026 35035 35044 35053 35063 35256 35263 35482 35691 35702 35885 35894 35903 36127 36139 36328 36337 36346 36354
LI (50):  79 81 82 83 84 85 94 436 6324 6532 6739 7162 34144 34510 34516 34517 34525 34526 34534 34543 34651 34907 34909 34911 34920 35020 35025 35034 35043 35052 35066 35074 35255 35257 35261 35338 35465 35466 35468 35474 35692 35693 35701 35768 35769 35878 35902 36124 36142 36327
NODE_NUM = 100
FILE div_sub_381.aig

# Subcircuit 382
SUB_ID 382
LO (42):  35156 35184 35255 35393 35572 35641 35735 36089 36214 36222 36232 36233 36234 36242 36243 36251 36252 36260 36261 36266 36269 36422 36423 36431 36432 36440 36441 36446 36448 36449 36552 36557 36562 36652 36657 36662 36667 36672 36677 36685 36694 36703
LI (49):  35 70 71 72 74 75 76 79 94 95 96 97 98 34984 35071 35073 35155 35183 35339 35570 35734 35769 35976 35985 35992 36003 36073 36082 36087 36212 36213 36218 36221 36228 36231 36238 36241 36247 36250 36256 36259 36265 36268 36415 36417 36421 36424 36430 36439
NODE_NUM = 97
FILE div_sub_382.aig

# Subcircuit 383
SUB_ID 383
LO (26):  35402 35411 35420 35428 35429 35474 35491 35686 35721 35842 36124 36157 36359 36368 36592 36633 36634 36751 36760 36769 36778 36787 36796 36805 36814 36822
LI (42):  80 81 82 83 87 34993 35002 35011 35020 35065 35074 35339 35427 35489 35719 35769 35850 35911 35922 36118 36127 36155 36212 36213 36214 36297 36306 36315 36324 36333 36342 36351 36354 36358 36589 36602 36607 36612 36617 36622 36627 36632
NODE_NUM = 98
FILE div_sub_383.aig

# Subcircuit 384
SUB_ID 384
LO (43):  35489 35500 35681 35922 36118 36587 36589 36647 36653 36654 36675 36683 36690 36691 36692 36700 36701 36709 36710 36716 36718 36719 36723 36727 36728 36736 36737 36825 36828 36831 37114 37119 37124 37129 37134 37139 37144 37149 37158 37167 37176 37185 37621
LI (45):  79 80 81 93 94 95 96 97 98 99 7162 8519 35338 35487 35492 35496 35769 35920 35931 36113 36212 36213 36214 36222 36232 36242 36251 36260 36261 36269 36278 36584 36592 36644 36646 36652 36674 36682 36688 36699 36708 36717 36726 36735 36822
NODE_NUM = 100
FILE div_sub_384.aig

# Subcircuit 385
SUB_ID 385
LO (18):  35509 35676 35931 36113 36584 36835 36844 37054 37090 37091 37242 37251 37260 37269 37278 37287 37296 37304
LI (37):  78 79 80 81 82 7162 8519 35338 35501 35505 35769 35929 35940 36108 36212 36213 36214 36396 36578 36587 36674 36675 36782 36791 36800 36809 36818 36827 36828 36831 37051 37064 37069 37074 37079 37084 37089
NODE_NUM = 97
FILE div_sub_385.aig

# Subcircuit 386
SUB_ID 386
LO (41):  35518 35671 35940 36108 36396 36578 37049 37051 37147 37155 37156 37164 37165 37173 37174 37182 37183 37191 37192 37200 37201 37209 37210 37211 37218 37307 37310 37313 37587 37592 37597 37602 37607 37612 37617 37635 37655 37664 37673 37682 37691
LI (50):  77 78 79 80 93 94 95 96 97 98 99 7162 8519 9004 35338 35510 35514 35769 35938 35949 36103 36104 36212 36213 36214 36405 36573 36574 36674 36675 36683 36700 36709 36718 36727 36736 36745 36754 37046 37054 37146 37154 37163 37172 37181 37190 37199 37208 37217 37304
NODE_NUM = 99
FILE div_sub_386.aig

# Subcircuit 387
SUB_ID 387
LO (20):  35527 35666 35949 36102 36405 36572 37046 37317 37326 37522 37558 37559 37757 37766 37775 37784 37793 37802 37811 37819
LI (38):  76 77 78 79 80 81 7162 9004 35338 35519 35523 35769 35947 36212 36213 36401 36675 36861 36872 37040 37049 37146 37147 37264 37273 37282 37291 37300 37309 37310 37313 37519 37532 37537 37542 37547 37552 37557
NODE_NUM = 96
FILE div_sub_387.aig

# Subcircuit 388
SUB_ID 388
LO (31):  35534 35543 35554 35563 35570 35579 35588 35599 35626 35646 35651 35968 35977 36005 36073 36459 36468 36477 36532 36537 36542 36916 36917 36925 36926 36934 36935 37004 37009 37014 37374
LI (39):  68 69 70 71 72 73 7162 35137 35146 35338 35339 35532 35541 35550 35552 35559 35561 35568 35577 35586 35591 35595 35631 35769 36012 36019 36030 36058 36067 36072 36212 36213 36214 36457 36466 36675 36915 36924 36933
NODE_NUM = 99
FILE div_sub_388.aig

# Subcircuit 389
SUB_ID 389
LO (24):  35618 36030 36058 36486 36495 36522 36527 36944 36953 36994 36999 37408 37417 37472 37477 37634 37639 37642 37652 37653 37904 37913 37982 38134
LI (34):  66 67 68 69 70 71 101 436 7441 7448 35338 35609 35621 35768 35769 36022 36025 36047 36048 36212 36213 36214 36675 36942 36951 37147 37406 37415 37632 37633 37638 37641 37648 37651
NODE_NUM = 96
FILE div_sub_389.aig

# Subcircuit 390
SUB_ID 390
LO (32):  35719 35734 35768 35776 35785 35794 35803 35812 35902 35911 35920 35929 35938 35947 36047 36048 36212 36213 36221 36228 36231 36241 36250 36259 36268 36278 36279 36286 36287 36498 36501 36642
LI (50):  66 87 90 92 97 428 436 7853 7860 35355 35356 35365 35374 35383 35392 35399 35426 35738 35741 35746 35751 35756 35761 35766 35769 35771 35777 35778 35780 35786 35789 35795 35798 35804 35808 35813 35822 35831 35901 35910 35919 35928 35937 35946 36040 36198 36200 36201 36275 36284
NODE_NUM = 98
FILE div_sub_390.aig

# Subcircuit 391
SUB_ID 391
LO (29):  35808 35816 35833 35850 35859 36152 36306 36315 36622 36627 36763 36772 37094 37115 37120 37125 37140 37146 37154 37163 37169 37178 37187 37199 37208 37217 37226 37232 37623
LI (43):  87 88 89 90 9004 35401 35410 35418 35436 35736 35737 35741 35769 35849 35857 36212 36213 36302 36311 36675 36691 36692 36701 36710 36719 36728 36737 36746 36755 36762 36771 37091 37104 37109 37114 37119 37124 37129 37134 37139 37144 37149 37158
NODE_NUM = 98
FILE div_sub_391.aig

# Subcircuit 392
SUB_ID 392
LO (43):  35860 35878 35901 35910 35919 35928 35937 35946 35950 36003 36004 36012 36022 36067 36072 36155 36198 36200 36218 36238 36247 36256 36265 36275 36284 36297 36302 36311 36320 36323 36457 36466 36632 36644 36726 36735 36745 36746 36754 36755 36774 37104 37109
LI (68):  70 71 88 90 91 92 436 8519 35354 35445 35463 35535 35580 35589 35606 35769 35787 35796 35805 35840 35848 35900 35909 35918 35927 35936 35945 36001 36010 36011 36168 36173 36178 36179 36182 36187 36192 36197 36212 36213 36214 36215 36235 36244 36253 36262 36264 36271 36273 36279 36283 36287 36292 36295 36297 36301 36310 36319 36322 36633 36634 36635 36642 36674 36675 36721 36723 36753
NODE_NUM = 100
FILE div_sub_392.aig

# Subcircuit 393
SUB_ID 393
LO (30):  36322 36324 36333 36612 36617 36791 37084 37254 37562 37588 37593 37598 37632 37638 37641 37648 37651 37662 37663 37668 37675 37684 37693 37704 37713 37722 37731 37740 37747 38124
LI (49):  86 87 88 99 35867 36212 36213 36214 36320 36323 36328 36331 36675 36789 37147 37156 37165 37174 37183 37192 37201 37210 37219 37228 37237 37246 37253 37559 37567 37572 37577 37582 37587 37592 37597 37602 37607 37612 37617 37631 37634 37635 37640 37644 37646 37650 37655 37660 37664
NODE_NUM = 100
FILE div_sub_393.aig

# Subcircuit 394
SUB_ID 394
LO (23):  36331 36342 36607 36800 37079 37264 37557 37752 37761 38069 38120 38121 38168 38177 38186 38195 38204 38213 38222 38231 38240 38249 38257
LI (42):  85 86 87 88 89 35876 36212 36213 36214 36337 36340 36675 36798 37147 37262 37558 37562 37632 37633 37634 37672 37681 37690 37699 37708 37717 37726 37735 37744 37747 37751 37758 38066 38079 38084 38089 38094 38099 38104 38109 38114 38119
NODE_NUM = 99
FILE div_sub_394.aig

# Subcircuit 395
SUB_ID 395
LO (36):  36340 36351 36602 36809 37074 37273 37552 37672 38064 38066 38119 38136 38137 38145 38152 38153 38154 38162 38163 38171 38172 38180 38181 38182 38260 38263 38266 38628 38633 38638 38643 38648 38653 38662 38671 39167
LI (48):  84 85 86 87 98 99 100 101 102 599 35885 36212 36213 36214 36346 36349 36675 36807 37147 37271 37632 37633 37642 37652 37653 37662 37663 37671 37680 37689 37767 38061 38069 38118 38120 38124 38125 38128 38134 38136 38144 38150 38158 38160 38161 38169 38178 38257
NODE_NUM = 99
FILE div_sub_395.aig

# Subcircuit 396
SUB_ID 396
LO (20):  36349 36358 36401 36414 36567 36872 37040 37519 37824 37833 38029 38061 38267 38276 38285 38294 38303 38312 38321 38329
LI (42):  77 78 79 80 81 9004 35894 35903 36212 36213 36214 36400 36409 36412 36675 36870 36881 37035 37146 37147 37345 37513 37514 37522 37632 37633 37634 37780 37789 37798 37807 37816 37819 37823 38026 38039 38044 38049 38054 38059 38264 38266
NODE_NUM = 95
FILE div_sub_396.aig

# Subcircuit 397
SUB_ID 397
LO (27):  36412 36415 36421 36430 36439 36450 36503 36517 36547 36962 36989 37035 37345 37354 37363 37372 37426 37467 37497 37502 37507 37512 37840 37849 37858 37867 37921
LI (40):  67 68 69 73 74 75 76 77 78 9004 35957 35966 35975 35976 35984 36092 36212 36213 36214 36449 36498 36501 36546 36675 36890 36899 36906 36917 36960 37015 37024 37029 37034 37146 37147 37337 37346 37355 37424 37633
NODE_NUM = 93
FILE div_sub_397.aig

# Subcircuit 398
SUB_ID 398
LO (21):  36511 36513 36970 36984 37435 37462 37932 37974 38026 38330 38339 38348 38357 38366 38375 38384 38393 38402 38411 38420 38428
LI (41):  32 65 66 67 68 69 8353 8519 36214 36506 36512 36674 36675 37147 37433 37632 37633 37843 37852 37861 37870 37879 37888 37897 37906 37915 37924 37929 37971 37979 37984 37989 37994 37999 38004 38009 38014 38019 38024 38327 38329
NODE_NUM = 97
FILE div_sub_398.aig

# Subcircuit 399
SUB_ID 399
LO (48):  36506 36546 36635 36646 36674 36682 36688 36699 36708 36717 36753 36762 36771 36781 36782 36789 36798 36807 36817 36818 36861 36870 36880 36881 36889 36890 36898 36899 36906 36915 36924 36933 36942 36951 36960 36974 36975 36977 36978 36980 37024 37029 37034 37069 37089 37236 37237 37572
LI (66):  31 66 73 75 76 77 84 88 90 91 93 7860 8519 8820 8826 9004 36214 36233 36234 36243 36252 36266 36268 36286 36446 36448 36654 36657 36662 36667 36672 36677 36685 36694 36704 36716 36752 36761 36770 36774 36779 36788 36797 36806 36810 36815 36860 36869 36873 36878 36882 36887 36891 36896 36905 36914 36923 36932 36941 36950 36959 37090 37094 37146 37229 37232
NODE_NUM = 96
FILE div_sub_399.aig

# Subcircuit 400
SUB_ID 400
LO (32):  36704 36721 36752 36761 36770 36779 36788 36797 36806 36810 36815 36827 37064 37291 37542 37789 38054 38288 38568 38619 38620 38701 38710 38719 38728 38737 38746 38755 38764 38773 38782 38790
LI (49):  83 84 85 86 8519 36279 36359 36368 36647 36653 36675 36703 36751 36760 36769 36778 36787 36796 36805 36814 36825 37147 37289 37632 37633 37785 38137 38199 38208 38217 38226 38235 38244 38253 38262 38271 38280 38287 38565 38573 38578 38583 38588 38593 38598 38603 38608 38613 38618
NODE_NUM = 99
FILE div_sub_400.aig

# Subcircuit 401
SUB_ID 401
LO (35):  36860 36869 36873 36878 36882 36887 36891 36896 36905 36914 36923 36932 36941 36950 36959 37015 37381 37492 37879 38004 38379 38518 38884 39038 39079 39080 39348 39357 39366 39375 39384 39393 39402 39411 39419
LI (52):  74 75 76 77 8519 9004 36422 36431 36440 36675 36859 36868 36877 36886 36895 36904 36913 36922 36926 36931 36940 36949 36958 37010 37014 37146 37373 37375 37632 37633 37875 38137 38377 38651 38813 38822 38831 38840 38849 38858 38867 38876 38883 39035 39043 39048 39053 39058 39063 39068 39073 39078
NODE_NUM = 96
FILE div_sub_401.aig

# Subcircuit 402
SUB_ID 402
LO (27):  37172 37181 37190 37219 37228 37577 37582 37717 37726 38089 38094 38217 38226 38603 38608 38722 38731 39123 39154 39155 39213 39222 39231 39240 39249 39258 39266
LI (42):  91 92 93 94 95 9004 36763 37115 37120 37125 37146 37147 37167 37169 37176 37178 37185 37187 37218 37226 37581 37632 37633 37713 37722 38137 38215 38224 38651 38678 38687 38696 38705 38714 38721 38730 39120 39133 39138 39143 39148 39153
NODE_NUM = 97
FILE div_sub_402.aig

# Subcircuit 403
SUB_ID 403
LO (24):  37229 37246 37567 37744 38079 38244 38593 39120 39271 39280 39289 39667 39693 39698 39703 39704 39764 39773 39783 39792 39801 39810 39819 39827
LI (40):  89 90 91 92 93 94 95 36772 36781 37147 37244 37632 37633 37740 38137 38242 38651 38741 38748 38759 39109 39118 39178 39179 39180 39227 39236 39245 39254 39263 39264 39266 39270 39279 39664 39682 39687 39692 39697 39702
NODE_NUM = 100
FILE div_sub_403.aig

# Subcircuit 404
SUB_ID 404
LO (27):  37244 37253 37262 37271 37282 37547 37780 38059 38264 38280 38573 39109 39298 39299 39307 39308 39316 39317 39325 39326 39647 39652 39657 39662 39834 39843 39852
LI (38):  85 86 87 88 89 90 91 92 9004 36817 37146 37147 37242 37251 37260 37269 37280 37632 37633 37776 38064 38137 38278 38651 38768 38777 38784 38795 39089 39098 39103 39108 39178 39179 39180 39297 39306 39315
NODE_NUM = 87
FILE div_sub_404.aig

# Subcircuit 405
SUB_ID 405
LO (42):  37280 37289 37300 37537 37798 38049 38563 38565 38623 38629 38634 38644 38650 38651 38659 38660 38664 38668 38669 38673 38677 38678 38684 38686 38687 38691 38695 38696 38704 38705 38793 38796 38799 39138 39143 39148 39153 39158 39163 39169 39181 39201
LI (51):  83 84 85 97 98 99 100 101 102 9004 10530 36835 37146 37147 37278 37287 37298 37632 37633 37794 38137 38145 38153 38154 38162 38163 38171 38172 38180 38181 38189 38198 38296 38560 38568 38620 38622 38628 38633 38638 38643 38648 38650 38653 38658 38667 38676 38685 38694 38703 38790
NODE_NUM = 99
FILE div_sub_405.aig

# Subcircuit 406
SUB_ID 406
LO (19):  37298 37309 37532 37807 38044 38560 38813 39078 39089 39334 39343 39352 39632 39648 39649 39864 39873 39882 39890
LI (37):  82 83 84 85 86 87 88 9004 10530 36844 37146 37147 37296 37307 37632 37633 37803 38137 38305 38316 38554 38563 38650 38651 38796 38799 39079 39080 39088 39178 39179 39180 39326 39333 39349 39629 39647
NODE_NUM = 99
FILE div_sub_406.aig

# Subcircuit 407
SUB_ID 407
LO (29):  37337 37346 37355 37373 37375 37390 37487 37888 37999 38388 38513 39035 39425 39434 39587 39592 39967 39976 40143 40148 40514 40523 40705 40721 40722 41074 41083 41092 41100
LI (43):  73 74 75 76 77 78 79 80 36880 36889 36898 36916 36925 37010 37147 37374 37388 37632 37633 37884 38137 38386 38651 38892 38903 39029 39038 39178 39179 39180 39419 39423 39725 39965 39974 40281 40497 40506 40513 40522 40702 40715 40720
NODE_NUM = 99
FILE div_sub_407.aig

# Subcircuit 408
SUB_ID 408
LO (34):  37388 37399 37482 37897 37994 38397 38508 38903 39029 39443 39582 39985 40138 40702 40852 40860 40870 40871 40872 40880 40881 40886 40889 41105 41106 41111 41113 41114 41301 41426 41431 41436 41441 42025
LI (48):  72 73 74 75 76 77 78 80 105 106 107 9004 36934 37146 37147 37386 37397 37632 37633 37893 38137 38395 38651 38901 38912 39024 39178 39179 39180 39725 39983 40281 40531 40542 40696 40705 40850 40851 40856 40859 40866 40869 40876 40879 40885 40888 41100 41104
NODE_NUM = 96
FILE div_sub_408.aig

# Subcircuit 409
SUB_ID 409
LO (29):  37397 37406 37415 37424 37433 37443 37457 37971 38433 38442 38483 38488 38939 38948 39003 39008 39470 39479 39488 39557 39562 39567 40011 40012 40020 40021 40022 40118 40123
LI (44):  67 68 69 70 71 72 73 74 599 9004 36974 37146 37147 37395 37404 37413 37422 37431 37441 37632 37633 37938 37950 37965 37974 38136 38137 38425 38428 38651 38937 38946 39009 39013 39178 39179 39180 39464 39468 39475 39484 39725 40010 40019
NODE_NUM = 96
FILE div_sub_409.aig

# Subcircuit 410
SUB_ID 410
LO (41):  37441 37446 37581 37631 37633 37640 37644 37646 37650 37660 37671 37680 37681 37689 37690 37699 37708 37735 37751 37816 37823 37950 37964 37965 38039 38084 38099 38104 38109 38114 38118 38198 38199 38207 38208 38227 38308 38443 38446 38613 38618
LI (49):  67 82 91 92 94 95 96 97 98 100 513 8833 9004 9302 36690 36975 36977 36979 37146 37147 37155 37156 37164 37173 37182 37191 37200 37209 37211 37217 37236 37254 37317 37326 37447 37625 37632 37668 37677 37686 37695 37704 37731 37812 37946 37961 38137 38197 38206
NODE_NUM = 97
FILE div_sub_410.aig

# Subcircuit 411
SUB_ID 411
LO (39):  37625 37677 37686 37695 37758 37767 37776 37785 37794 37803 37812 37843 38024 38327 38343 38538 38849 39058 39612 39629 39725 39733 39740 39741 39742 39750 39751 39752 39893 39902 39911 39920 39923 39926 40268 40273 40278 40283 40839
LI (56):  79 80 81 82 103 104 105 11619 37140 37147 37588 37593 37598 37621 37623 37634 37673 37675 37682 37684 37691 37693 37757 37766 37775 37784 37793 37802 37811 37838 37841 38029 38137 38341 38651 38847 39178 39179 39188 39198 39208 39217 39362 39371 39380 39385 39609 39617 39622 39627 39724 39732 39738 39749 39888 39890
NODE_NUM = 100
FILE div_sub_411.aig

# Subcircuit 412
SUB_ID 412
LO (21):  37841 37852 38019 38352 38533 38858 39053 39609 39930 39939 40163 40204 40412 40421 40430 40439 40448 40457 40466 40475 40483
LI (41):  78 79 80 81 82 83 11619 37632 37634 37840 37847 37850 38137 38350 38651 38856 39178 39179 39394 39407 39603 39604 39612 39724 39725 39877 39886 39895 39904 39913 39922 39923 39926 40160 40173 40178 40183 40188 40193 40198 40203
NODE_NUM = 100
FILE div_sub_412.aig

# Subcircuit 413
SUB_ID 413
LO (35):  37850 37861 38014 38361 38528 38867 39048 39407 39602 39949 40158 40274 40280 40281 40289 40290 40298 40299 40307 40308 40316 40317 40318 40324 40325 40486 40489 40820 40825 40830 40835 40841 40853 40873 40882
LI (49):  77 78 79 80 81 102 103 104 105 12184 37632 37634 37849 37856 37859 38137 38359 38651 38865 39178 39179 39403 39725 39733 39741 39742 39750 39751 39759 39768 39769 39777 39947 40159 40163 40259 40262 40268 40273 40278 40280 40283 40288 40297 40306 40314 40315 40323 40483
NODE_NUM = 99
FILE div_sub_413.aig

# Subcircuit 414
SUB_ID 414
LO (26):  37859 37870 38009 38370 38523 38876 39043 39416 39597 39958 40153 40506 40715 41087 41311 41357 41358 41579 41588 41597 41606 41615 41624 41633 41642 41651
LI (45):  76 77 78 79 80 81 82 37632 37634 37858 37865 37868 38137 38368 38651 38874 39178 39179 39412 39725 39956 40281 40504 40850 40851 41007 41016 41025 41034 41043 41052 41061 41070 41079 41084 41312 41316 41321 41326 41331 41336 41341 41346 41351 41356
NODE_NUM = 100
FILE div_sub_414.aig

# Subcircuit 415
SUB_ID 415
LO (39):  37868 37875 37884 37893 37906 37989 38406 38503 38912 39024 39452 39577 39994 40133 40542 40696 41124 41291 41700 41881 42038 42046 42047 42055 42056 42064 42065 42073 42074 42079 42082 42297 42619 42624 42629 42634 42655 42675 42684
LI (52):  72 73 74 75 76 77 78 79 105 106 107 108 37632 37634 37867 37874 37883 37892 37901 37904 38137 38404 38651 38910 38921 39019 39178 39179 39180 39725 39992 40281 40540 40551 40691 40850 40851 40852 41439 41698 42036 42037 42042 42045 42051 42054 42060 42063 42069 42072 42078 42081
NODE_NUM = 100
FILE div_sub_415.aig

# Subcircuit 416
SUB_ID 416
LO (25):  37915 37984 38415 38498 38921 39019 39461 39572 40003 40128 40551 40691 41133 41286 41709 41876 42307 42489 42510 42511 42894 42903 42912 42921 42929
LI (45):  71 72 73 74 75 76 77 78 79 37634 37910 37913 37982 38137 38413 38651 38919 38930 39014 39178 39179 39180 39725 40001 40281 40549 40560 40686 40850 40851 40852 41439 41707 42036 42037 42272 42281 42290 42299 42304 42486 42494 42499 42504 42509
NODE_NUM = 97
FILE div_sub_416.aig

# Subcircuit 417
SUB_ID 417
LO (43):  37924 37929 37938 37946 37979 38125 38128 38158 38169 38178 38189 38197 38206 38215 38224 38235 38242 38253 38262 38269 38270 38424 38493 38583 38588 38598 38622 38741 38759 38768 38769 38930 39013 39014 39103 39108 39118 39264 39279 39297 39306 39464 39468
LI (52):  70 71 72 89 90 91 92 93 97 100 599 37632 37634 37639 37641 37752 37761 37919 37921 37928 37937 37945 38121 38124 38136 38137 38168 38177 38182 38186 38195 38204 38213 38222 38227 38231 38240 38249 38251 38260 38263 38267 38422 38651 38739 38757 38766 38928 39010 39123 39178 39179
NODE_NUM = 97
FILE div_sub_417.aig

# Subcircuit 418
SUB_ID 418
LO (27):  38271 38278 38287 38296 38305 38316 38554 38578 38822 39073 39362 39627 39888 39904 40183 40451 40745 40781 40782 40966 40975 40984 40993 41002 41011 41020 41028
LI (44):  83 84 85 86 87 88 599 10530 38136 38270 38276 38285 38294 38303 38308 38312 38325 38549 38577 38650 38651 39178 39179 39358 39632 39725 39902 40281 40389 40398 40407 40416 40425 40434 40443 40450 40742 40750 40755 40760 40765 40770 40775 40780
NODE_NUM = 96
FILE div_sub_418.aig

# Subcircuit 419
SUB_ID 419
LO (24):  38325 38548 38831 39068 39371 39622 39913 40178 40742 41034 41043 41336 41341 41609 41618 41926 41952 41953 42168 42177 42186 42195 42204 42212
LI (40):  82 83 84 85 86 87 88 89 37824 38137 38323 38651 38829 39178 39179 39367 39725 39911 40281 40459 40470 40736 40745 40850 40851 40852 41028 41032 41439 41574 41583 41592 41601 41608 41617 41923 41936 41941 41946 41951
NODE_NUM = 100
FILE div_sub_419.aig

# Subcircuit 420
SUB_ID 420
LO (23):  38323 38334 38543 38840 39063 39380 39617 39922 40173 40470 40736 41052 41331 41923 42217 42226 42534 42550 42551 42822 42831 42840 42848
LI (44):  81 82 83 84 85 86 87 88 89 599 37833 38136 38137 38321 38332 38651 38838 39178 39179 39376 39725 39920 40281 40468 40479 40731 40850 40851 40852 41439 41626 41637 41917 41926 42036 42037 42038 42200 42209 42212 42216 42531 42544 42549
NODE_NUM = 98
FILE div_sub_420.aig

# Subcircuit 421
SUB_ID 421
LO (33):  38332 38341 38350 38359 38368 38377 38386 38395 38404 38413 38422 38425 38451 38478 38957 38998 39497 39552 40039 40108 40586 40686 41141 41142 41150 41151 41159 41160 41161 41163 41271 41276 41281
LI (48):  68 69 70 71 72 74 75 76 599 37932 37959 37960 37964 38136 38137 38330 38339 38348 38357 38366 38375 38384 38393 38402 38411 38420 38443 38446 38651 38955 39178 39179 39493 39725 40037 40281 40569 40578 40585 40596 40667 40675 40680 40685 40852 41140 41149 41158
NODE_NUM = 97
FILE div_sub_421.aig

# Subcircuit 422
SUB_ID 422
LO (26):  38459 38473 38966 38993 39506 39547 40048 40103 40596 40667 41169 41178 41261 41266 41745 41754 41851 41856 42343 42352 42464 42480 42948 42957 42966 42974
LI (40):  67 68 69 70 71 72 73 74 75 37954 38137 38457 38651 38964 39178 39179 39502 39725 40046 40281 40594 40605 40661 40850 40851 40852 41161 41163 41167 41439 41743 41752 42036 42037 42335 42340 42349 42461 42474 42479
NODE_NUM = 100
FILE div_sub_422.aig

# Subcircuit 423
SUB_ID 423
LO (30):  38457 38467 38469 38974 38988 39515 39542 40057 40098 40605 40661 41187 41256 41763 41846 42461 42654 42662 42672 42673 42674 42979 42980 42985 42987 42988 43105 43275 43280 43911
LI (49):  28 66 67 68 69 70 71 72 73 75 109 110 10009 10344 10530 38136 38456 38462 38468 38650 38651 39178 39179 39511 39725 40055 40281 40603 40614 40656 40850 40851 40852 41439 41761 42036 42037 42358 42371 42455 42464 42652 42653 42658 42661 42668 42671 42974 42978
NODE_NUM = 100
FILE div_sub_423.aig

# Subcircuit 424
SUB_ID 424
LO (42):  38462 38577 38667 38676 38685 38694 38703 38714 38721 38730 38739 38748 38757 38766 38777 38784 38795 38829 38838 38847 38856 38865 38874 38883 38892 38901 38910 38919 38928 38937 38946 38955 38964 38976 38978 39088 39098 39133 39251 39315 39333 39521
LI (58):  27 87 88 89 96 10014 10530 10544 38136 38199 38207 38263 38269 38288 38619 38623 38629 38634 38650 38651 38662 38664 38671 38673 38684 38691 38701 38710 38712 38719 38728 38737 38746 38755 38764 38769 38773 38782 38793 38827 38836 38845 38854 38863 38872 38881 38890 38899 38908 38917 38926 38935 38944 38953 38962 38977 39178 39179
NODE_NUM = 96
FILE div_sub_424.aig

# Subcircuit 425
SUB_ID 425
LO (25):  38977 38982 39523 39531 39533 39537 40066 40074 40088 40093 40614 40656 41196 41205 41246 41251 41772 41781 41836 41841 42370 42371 42378 42447 42454
LI (36):  66 67 68 69 70 71 72 10550 10557 11425 11619 38650 38976 38979 38983 39180 39521 39525 39532 39724 39725 40064 40281 40612 40621 40631 40646 40850 40851 40852 41439 41770 41779 42036 42037 42367
NODE_NUM = 99
FILE div_sub_425.aig

# Subcircuit 426
SUB_ID 426
LO (34):  38979 38984 39165 39173 39175 39179 39184 39186 39191 39196 39204 39206 39215 39224 39233 39242 39263 39270 39423 39682 40259 40314 40323 40334 40335 40343 40344 40352 40353 40800 40805 40810 40909 40918
LI (47):  66 96 97 98 99 100 103 10530 12184 38152 38651 38659 38660 38668 38669 38677 38686 38695 38704 38722 38731 38884 38978 39155 39158 39163 39171 39178 39181 39190 39202 39259 39725 39778 39787 39796 39803 39814 40234 40243 40248 40253 40258 40280 40281 40327 40336
NODE_NUM = 100
FILE div_sub_426.aig

# Subcircuit 427
SUB_ID 427
LO (32):  39171 39202 39254 39259 39349 39358 39367 39376 39385 39394 39403 39412 39475 39484 39493 39502 39511 39525 39664 39687 39831 39840 39849 39858 40208 40234 40358 40367 40376 40385 40394 40402
LI (52):  26 65 91 92 93 94 97 11619 38644 38651 39154 39167 39169 39180 39201 39253 39258 39299 39308 39317 39348 39357 39366 39375 39384 39393 39402 39411 39474 39483 39492 39501 39510 39649 39652 39657 39662 39686 39724 39823 39824 39825 39827 39833 39834 39842 39843 39851 39853 40205 40228 40233
NODE_NUM = 98
FILE div_sub_427.aig

# Subcircuit 428
SUB_ID 428
LO (49):  39686 39724 39732 39738 39749 39758 39759 39768 39769 39777 39778 39786 39787 39795 39796 39803 39813 39814 39822 39823 39867 39868 39876 39877 39885 39886 39947 39956 39965 39974 39983 39992 40001 40010 40019 40029 40030 40037 40046 40113 40193 40198 40203 40228 40233 40243 40248 40253 40258
LI (60):  72 88 89 90 95 96 97 98 99 100 101 11619 39199 39200 39209 39218 39250 39252 39704 39707 39712 39717 39722 39727 39735 39744 39752 39754 39761 39766 39770 39775 39779 39784 39788 39793 39802 39806 39811 39815 39820 39860 39865 39869 39874 39878 39883 39946 39955 39964 39973 39982 39991 40000 40009 40018 40022 40027 40036 40045
NODE_NUM = 100
FILE div_sub_428.aig

# Subcircuit 429
SUB_ID 429
LO (45):  39754 39761 39766 39770 39775 39779 39784 39788 39793 39802 39806 39811 39815 39820 39824 39825 39833 39842 39851 39853 39860 39865 39869 39874 39878 39883 39895 40188 40443 40750 41025 41346 41601 41936 42200 42549 42817 42826 43190 43206 43207 43414 43423 43432 43440
LI (67):  87 88 89 90 91 92 93 11619 39226 39235 39244 39253 39271 39280 39289 39298 39299 39307 39316 39325 39334 39343 39352 39648 39667 39693 39698 39703 39725 39753 39762 39764 39771 39773 39783 39792 39801 39810 39819 39852 39864 39873 39882 39893 40281 40441 40850 40851 41021 41439 41599 42036 42037 42196 42550 42554 42652 42653 42654 42800 42809 42812 42816 42823 43187 43200 43205
NODE_NUM = 99
FILE div_sub_429.aig

# Subcircuit 430
SUB_ID 430
LO (33):  39946 39955 39964 39973 39982 39991 40000 40009 40018 40027 40036 40045 40055 40064 40082 40084 40631 40646 41214 41241 41790 41831 42455 42997 42998 43006 43007 43012 43014 43015 43090 43095 43609
LI (51):  25 66 67 68 69 70 72 73 11619 11973 11985 12184 39724 39945 39954 39963 39972 39981 39990 39999 40008 40017 40026 40035 40044 40053 40062 40077 40083 40280 40281 40640 40641 40850 40851 40852 41439 41788 42036 42037 42380 42385 42398 42440 42449 42454 42652 42653 42654 42996 43005
NODE_NUM = 97
FILE div_sub_430.aig

# Subcircuit 431
SUB_ID 431
LO (44):  40077 40205 40262 40850 40856 40859 40866 40869 40876 40879 40885 40888 40898 40899 40907 40908 40916 40917 40925 40926 40934 40935 40943 40944 40952 40953 40961 40962 40969 41381 41386 41391 41396 41401 41406 41411 41416 41468 41477 41486 41495 41504 41513 41522
LI (52):  96 97 98 99 100 101 102 103 11978 39724 39752 39758 39868 40204 40290 40299 40308 40317 40325 40335 40811 40814 40820 40825 40830 40835 40849 40852 40853 40858 40862 40864 40868 40873 40878 40882 40887 40896 40905 40913 40914 40922 40923 40931 40932 40940 40941 40949 40950 40958 40959 40968
NODE_NUM = 100
FILE div_sub_431.aig

# Subcircuit 432
SUB_ID 432
LO (23):  40327 40336 40389 40398 40775 40780 40811 40913 40922 40931 40940 40941 40949 40950 40958 40959 40968 40979 41371 41377 41378 41543 41551
LI (45):  93 94 95 96 97 12184 39786 39795 39813 39822 39831 39840 39849 40280 40281 40344 40353 40358 40360 40367 40369 40371 40376 40378 40380 40385 40387 40389 40396 40781 40782 40786 40791 40800 40805 40810 40850 40851 40852 40909 40918 40971 40976 41368 41376
NODE_NUM = 99
FILE div_sub_432.aig

# Subcircuit 433
SUB_ID 433
LO (36):  40396 40407 40770 41366 41368 41432 41438 41439 41447 41448 41456 41457 41465 41466 41474 41475 41483 41484 41492 41493 41494 41554 41557 41560 41996 42001 42006 42011 42016 42021 42027 42039 42048 42057 42066 42075
LI (46):  92 93 102 103 104 105 106 107 12184 13355 39858 40280 40281 40394 40405 40850 40851 40860 40871 40872 40880 40881 40889 40898 40899 40907 40916 40925 40985 41363 41371 41417 41420 41426 41431 41436 41438 41441 41446 41455 41464 41472 41473 41481 41490 41551
NODE_NUM = 99
FILE div_sub_433.aig

# Subcircuit 434
SUB_ID 434
LO (24):  40405 40416 40765 41363 41564 41573 41574 41951 41997 42002 42007 42008 42068 42077 42087 42096 42105 42114 42123 42132 42141 42150 42156 42158
LI (46):  91 92 93 94 12184 13355 39867 39868 40204 40208 40280 40281 40402 40414 40850 40851 40994 41007 41357 41358 41366 41438 41439 41475 41484 41493 41502 41511 41520 41529 41538 41547 41556 41557 41560 41953 41961 41966 41971 41976 41981 41986 41991 41996 42001 42006
NODE_NUM = 100
FILE div_sub_434.aig

# Subcircuit 435
SUB_ID 435
LO (23):  40414 40425 40760 41007 41356 41583 41946 42181 42559 42615 42616 42705 42714 42723 42732 42741 42750 42759 42768 42777 42786 42795 42803
LI (41):  90 91 92 93 12184 39876 40280 40281 40412 40423 40850 40851 41003 41439 41581 42036 42037 42083 42092 42101 42110 42119 42128 42137 42146 42155 42164 42173 42178 42556 42564 42569 42574 42579 42584 42589 42594 42599 42604 42609 42614
NODE_NUM = 97
FILE div_sub_435.aig

# Subcircuit 436
SUB_ID 436
LO (26):  40423 40434 40755 41016 41351 41592 41941 42554 42556 42809 42812 42816 43200 43426 43832 43873 43874 43991 44000 44009 44018 44027 44036 44045 44054 44062
LI (46):  89 90 91 92 94 95 12184 39885 40280 40281 40421 40432 40850 40851 41012 41439 41590 42036 42037 42187 42551 42559 42652 42653 42654 42803 42807 43283 43355 43364 43373 43382 43391 43400 43409 43418 43425 43829 43837 43842 43847 43852 43857 43862 43867 43872
NODE_NUM = 99
FILE div_sub_436.aig

# Subcircuit 437
SUB_ID 437
LO (21):  40432 40441 40450 40459 40468 40479 40731 41061 41326 41637 41917 42531 42853 42862 43170 43187 43441 43450 43459 43468 43476
LI (43):  84 85 86 87 88 89 12184 39930 40280 40281 40430 40439 40448 40457 40466 40477 40488 40726 40850 40851 40852 41439 41635 41646 41912 42036 42037 42038 42245 42525 42534 42652 42653 42654 42836 42845 42848 42852 43167 43180 43185 43438 43440
NODE_NUM = 97
FILE div_sub_437.aig

# Subcircuit 438
SUB_ID 438
LO (32):  40477 40488 40726 41070 41321 41646 41912 42245 42525 43165 43167 43270 43276 43282 43283 43289 43291 43292 43296 43300 43301 43309 43310 43479 43482 43485 43897 43902 43907 43913 43925 43934
LI (49):  83 84 85 86 87 108 109 110 12184 15212 39939 40280 40281 40475 40486 40497 40721 40722 40850 40851 40852 41439 41644 41655 41907 42036 42037 42038 42254 42520 42652 42653 42654 42662 42673 42674 42682 42691 43162 43170 43267 43269 43275 43280 43282 43290 43299 43308 43476
NODE_NUM = 100
FILE div_sub_438.aig

# Subcircuit 439
SUB_ID 439
LO (19):  40497 40720 41079 41316 41655 41907 42254 42520 43162 43489 43498 43792 43813 43814 44099 44108 44117 44126 44134
LI (41):  82 83 84 85 86 87 88 12184 15212 40280 40489 40493 40850 40851 41075 41439 41653 41664 41902 42036 42037 42038 42263 42515 42652 42653 42654 42890 43156 43165 43282 43283 43463 43472 43481 43482 43485 43789 43802 43807 43812
NODE_NUM = 100
FILE div_sub_439.aig

# Subcircuit 440
SUB_ID 440
LO (32):  40504 40513 40522 40531 40540 40549 40560 40569 40578 40585 40594 40603 40612 40621 40640 40641 40675 40680 40685 41140 41149 41158 41222 41230 41232 41236 41799 41807 41821 41826 42395 42404
LI (44):  24 66 67 68 73 74 75 12184 12242 12254 13145 13355 40011 40020 40029 40280 40281 40502 40511 40520 40529 40538 40547 40556 40558 40565 40567 40574 40576 40583 40592 40601 40610 40619 40634 40850 40851 40852 41224 41231 41438 41439 41797 42037
NODE_NUM = 98
FILE div_sub_440.aig

# Subcircuit 441
SUB_ID 441
LO (32):  40634 40814 40849 40851 40858 40862 40864 40868 40878 40887 40896 40905 40914 40923 40932 41032 41097 41104 41167 41306 41902 42263 42272 42509 42515 42890 43150 43156 43500 43505 43509 43512
LI (49):  81 82 83 84 85 101 106 12184 12247 12765 15212 39740 40280 40281 40289 40290 40298 40307 40316 40318 40324 40325 40334 40343 40352 40451 40514 40523 40586 40843 40850 41093 41439 41671 41682 41892 41901 42036 42037 42038 42261 42510 42511 42652 42653 42654 42895 43147 43283
NODE_NUM = 99
FILE div_sub_441.aig

# Subcircuit 442
SUB_ID 442
LO (24):  40843 40971 41376 41538 41547 41966 41971 42137 42146 42579 42584 42763 42772 43220 43256 43257 43324 43333 43342 43351 43360 43369 43378 43386
LI (41):  95 96 97 98 99 13355 40274 40281 40839 40841 40852 40966 40969 41377 41381 41438 41439 41530 41533 41545 42036 42037 42133 42142 42652 42653 42710 42719 42728 42737 42746 42755 42760 42769 43217 43230 43235 43240 43245 43250 43255
NODE_NUM = 98
FILE div_sub_442.aig

# Subcircuit 443
SUB_ID 443
LO (34):  40976 40985 40994 41003 41012 41021 41075 41084 41093 41115 41224 41296 41417 41472 41481 41490 41502 41511 41520 41529 41533 41976 41981 41986 41991 42100 42101 42108 42117 42126 42587 42592 42597 42604
LI (54):  23 65 79 98 99 100 101 102 13355 40852 40908 40917 40926 40935 40944 40953 40962 40975 40984 40993 41002 41011 41020 41074 41083 41092 41111 41113 41114 41295 41378 41381 41386 41391 41396 41401 41406 41411 41416 41438 41468 41477 41486 41494 41495 41503 41504 41512 41513 41521 41522 42036 42037 42097
NODE_NUM = 99
FILE div_sub_443.aig

# Subcircuit 444
SUB_ID 444
LO (42):  41420 41503 41512 41521 41530 41545 41556 41961 42155 42574 43217 43391 43400 43847 43852 43924 43932 43933 43941 43942 43950 43951 43959 43960 43968 43969 43977 43978 44030 44039 44500 44537 44542 44547 44552 44557 44562 44583 44603 44612 44621 44630
LI (52):  95 96 97 98 99 104 106 107 108 109 110 111 13355 15212 40886 40888 40934 40943 40952 40961 40979 41438 41439 41543 41554 42036 42037 42151 42652 42653 42778 42791 43211 43220 43282 43283 43383 43386 43922 43923 43928 43931 43937 43940 43946 43949 43955 43958 43964 43967 43973 43976
NODE_NUM = 100
FILE div_sub_444.aig

# Subcircuit 445
SUB_ID 445
LO (26):  41581 41590 41599 41608 41617 41626 41635 41644 41653 41664 41671 41682 41892 41901 42261 42281 42504 43147 43516 43525 43777 43789 44135 44144 44153 44161
LI (44):  81 82 83 84 85 13355 15212 41087 41105 41438 41439 41579 41588 41597 41606 41615 41624 41633 41642 41651 41660 41662 41669 41680 41691 41887 42036 42037 42038 42652 42653 42904 42917 43141 43150 43282 43283 43508 43509 43512 43774 43787 44132 44134
NODE_NUM = 99
FILE div_sub_445.aig

# Subcircuit 446
SUB_ID 446
LO (20):  41680 41691 41886 42290 42499 42917 43141 43774 44166 44175 44427 44458 44459 44786 44795 44804 44813 44822 44831 44839
LI (42):  80 81 82 83 84 85 13355 15212 41114 41438 41439 41678 41689 42036 42037 42286 42652 42653 42913 42926 43136 43282 43283 43544 43768 43777 43922 43923 43924 44122 44131 44140 44149 44158 44161 44165 44424 44437 44442 44447 44452 44457
NODE_NUM = 99
FILE div_sub_446.aig

# Subcircuit 447
SUB_ID 447
LO (16):  41689 41698 41707 41718 41871 42486 43136 43543 43544 43552 43561 43757 43768 44181 44190 44197
LI (34):  77 78 79 80 81 82 13355 15212 41141 41438 41439 41687 41696 41705 41716 42036 42037 42313 42326 42480 42489 42652 42653 42654 42929 42933 42953 43121 43135 43282 43283 43536 43754 43924
NODE_NUM = 100
FILE div_sub_447.aig

# Subcircuit 448
SUB_ID 448
LO (23):  41716 41727 41866 42326 42479 42953 43121 43754 44202 44211 44407 44424 44844 44845 44853 44854 44859 44862 44868 44875 45105 45110 45498
LI (44):  76 77 78 79 80 81 84 85 13355 15212 41150 41438 41439 41714 41725 42036 42037 42322 42652 42653 42949 42962 43116 43282 43283 43580 43748 43757 43922 43923 43924 44185 44194 44197 44201 44404 44417 44422 44582 44837 44839 44843 44852 44861
NODE_NUM = 99
FILE div_sub_448.aig

# Subcircuit 449
SUB_ID 449
LO (34):  41725 41736 41861 42335 42474 42962 43116 43580 43748 44404 44582 44590 44600 44601 44602 44610 44611 44619 44620 44625 44628 44880 44881 44886 44888 44889 45090 45235 45240 45245 45250 45255 45264 45923
LI (49):  75 76 77 78 79 81 110 111 112 113 13355 15212 41159 41438 41439 41723 41734 42036 42037 42331 42652 42653 42958 42971 43111 43282 43283 43589 43743 43922 43923 43924 44230 44398 44407 44580 44581 44586 44589 44596 44599 44606 44609 44615 44618 44624 44627 44875 44879
NODE_NUM = 100
FILE div_sub_449.aig

# Subcircuit 450
SUB_ID 450
LO (43):  41734 41743 41752 41761 41770 41779 41788 41797 41809 42023 42036 42042 42045 42051 42054 42060 42063 42072 42081 42091 42092 42163 42164 42172 42173 42208 42209 42216 42397 42398 42406 42414 42429 42440 42544 42564 42569 42609 42614 42639 43020 43029 43037
LI (55):  22 67 68 69 90 94 95 103 104 13355 13448 41438 41448 41457 41466 41732 41741 41750 41759 41768 41777 41786 41795 42008 42011 42016 42021 42035 42039 42044 42048 42053 42058 42062 42071 42079 42080 42083 42088 42089 42160 42161 42169 42170 42205 42206 42215 42394 42395 42403 42404 42411 42412 42426 42638
NODE_NUM = 99
FILE div_sub_450.aig

# Subcircuit 451
SUB_ID 451
LO (42):  42035 42037 42044 42053 42062 42071 42080 42083 42089 42161 42170 42206 42215 42412 42638 42652 42653 42661 42668 42671 42682 42691 42692 42700 42701 42709 42710 42718 42719 42727 42728 42736 42737 43240 43245 43250 43255 43260 43265 43269 43303 43312
LI (51):  102 103 104 105 106 107 108 109 13355 13962 14580 40870 41439 41447 41448 41456 41465 41474 41483 41492 41564 41573 41609 41618 41811 42023 42029 42036 42038 42046 42047 42055 42064 42073 42082 42091 42100 42109 42615 42619 42635 42639 42654 42679 42688 42695 42697 42706 42715 42724 42733
NODE_NUM = 100
FILE div_sub_451.aig

# Subcircuit 452
SUB_ID 452
LO (33):  42029 42058 42069 42078 42088 42097 42109 42110 42119 42594 42599 42746 43235 43364 43867 44004 44522 44580 44586 44589 44596 44599 44606 44609 44615 44618 44624 44627 44634 44643 44652 44661 44668
LI (64):  100 101 102 103 41432 41439 41997 42002 42007 42025 42027 42038 42057 42066 42068 42075 42077 42087 42096 42105 42108 42114 42117 42592 42597 42652 42653 42742 43283 43362 43922 43923 43933 43942 43951 43960 43969 43978 43987 43996 44001 44519 44527 44532 44537 44542 44547 44552 44557 44562 44579 44582 44583 44588 44592 44594 44598 44603 44608 44612 44617 44621 44626 44630
NODE_NUM = 99
FILE div_sub_452.aig

# Subcircuit 453
SUB_ID 453
LO (24):  42128 42589 42755 43230 43373 43862 44519 44673 44682 45200 45236 45241 45246 45247 45257 45266 45276 45285 45294 45303 45312 45321 45330 45338
LI (43):  99 100 101 102 103 104 42038 42123 42126 42587 42652 42653 42751 43283 43371 43922 43923 44010 44023 44513 44522 44580 44581 44582 44602 44611 44620 44629 44638 44647 44656 44665 44668 44672 45197 45210 45215 45220 45225 45230 45235 45240 45245
NODE_NUM = 100
FILE div_sub_453.aig

# Subcircuit 454
SUB_ID 454
LO (46):  42133 42142 42151 42160 42169 42178 42187 42196 42205 42286 42299 42304 42313 42322 42331 42340 42349 42358 42367 42380 42385 42394 42403 42411 42426 42449 42494 42926 43005 43043 43051 43059 43061 43065 43070 43135 43536 43660 43661 43669 43670 43671 43673 43697 43702 44294
LI (53):  20 21 65 66 67 68 69 71 80 81 14088 14987 41952 42038 42132 42141 42150 42156 42158 42168 42177 42186 42195 42204 42285 42294 42297 42303 42312 42321 42330 42339 42348 42357 42366 42375 42378 42384 42393 42402 42410 42418 42429 42447 42652 42653 42654 42922 43037 43041 43283 43659 43668
NODE_NUM = 100
FILE div_sub_454.aig

# Subcircuit 455
SUB_ID 455
LO (33):  42418 42635 42658 42679 42688 42695 42706 42715 42724 42733 42742 42751 42760 42769 42778 42791 43211 43409 43842 44049 44513 44691 44692 44700 44701 44709 44710 44715 45185 45190 45195 45345 45354
LI (51):  96 97 98 100 101 102 13460 15212 42038 42056 42065 42074 42616 42619 42624 42629 42634 42654 42655 42675 42684 42705 42714 42723 42732 42741 42750 42759 42768 42777 42786 42789 42800 43206 43207 43282 43283 43922 43923 44032 44041 44046 44059 44493 44502 44507 44512 44582 44690 44699 44708
NODE_NUM = 100
FILE div_sub_455.aig

# Subcircuit 456
SUB_ID 456
LO (36):  42789 42800 43205 43418 43837 44059 44493 45175 45186 45191 45197 45253 45261 45262 45270 45271 45279 45280 45288 45289 45290 45297 45341 45347 45356 45368 45377 45380 45383 45904 45909 45914 45919 45937 45946 45955
LI (47):  95 96 97 98 110 111 112 113 412 42163 42652 42653 42654 42795 42798 43283 43416 43922 43923 44055 44068 44488 44580 44581 44582 44590 44610 44619 44628 44637 44692 44701 44710 44719 45172 45180 45185 45190 45195 45252 45260 45269 45278 45287 45296 45336 45338
NODE_NUM = 95
FILE div_sub_456.aig

# Subcircuit 457
SUB_ID 457
LO (18):  42798 42807 42823 42836 43185 43438 43829 44068 44472 44488 44733 44734 44742 44743 44751 44752 44758 44761
LI (35):  91 92 93 94 95 96 42172 42181 42652 42653 42654 42822 42831 42834 43190 43283 43436 43445 43452 43463 43813 43814 43822 43827 43922 43923 43924 44060 44062 44066 44075 44084 44469 44581 44582
NODE_NUM = 91
FILE div_sub_457.aig

# Subcircuit 458
SUB_ID 458
LO (22):  42834 42845 43180 43463 43812 44469 44763 44772 45150 45172 45387 45388 45396 45397 45404 45405 45413 45422 45428 45844 45849 46063
LI (40):  90 91 92 93 94 98 99 412 42208 42652 42653 42654 42840 42843 43283 43461 43922 43923 44100 44113 44463 44472 44580 44581 44582 44737 44746 44755 44758 44762 45147 45160 45165 45170 45252 45380 45381 45383 45389 45398
NODE_NUM = 96
FILE div_sub_458.aig

# Subcircuit 459
SUB_ID 459
LO (27):  42843 42852 42895 42904 42913 42922 42933 42949 42958 42971 43111 43589 43743 44230 44398 44898 45080 45106 45111 45112 45500 45510 45519 45528 45537 45546 45554
LI (46):  76 77 78 79 15212 42217 42226 42307 42652 42653 42654 42894 42903 42912 42921 42948 42957 42966 42969 42980 43106 43282 43283 43598 43738 43922 43923 43924 44239 44393 44580 44581 44582 44845 44854 44863 44872 44881 44890 45077 45085 45090 45095 45100 45105 45110
NODE_NUM = 96
FILE div_sub_459.aig

# Subcircuit 460
SUB_ID 460
LO (14):  42969 42978 43106 43598 43738 44239 44393 44907 44916 45070 45077 45555 45564 45572
LI (31):  74 75 76 77 78 15212 42343 42352 42652 42653 42988 42998 43096 43099 43105 43282 43590 43599 43616 43728 43922 43923 43924 44257 44383 44580 44581 44582 45067 45080 45554
NODE_NUM = 100
FILE div_sub_460.aig

# Subcircuit 461
SUB_ID 461
LO (13):  42996 43096 43616 43728 44256 44257 44265 44274 44372 44383 44922 44931 44938
LI (29):  71 72 73 74 75 15212 42370 42652 42653 43007 43015 43025 43081 43082 43084 43090 43095 43282 43608 43609 43617 43626 43643 43713 43922 43923 43924 44369 44582
NODE_NUM = 99
FILE div_sub_461.aig

# Subcircuit 462
SUB_ID 462
LO (21):  43025 43080 43643 43713 44369 45050 45067 45576 45577 45585 45586 45594 45595 45596 45602 45603 45605 45608 45734 45739 45744
LI (39):  70 71 72 73 74 76 77 78 412 42654 43020 43023 43283 43641 43652 43708 43922 43923 43924 44293 44363 44372 44580 44581 44582 44926 44935 44938 44942 45047 45060 45065 45252 45253 45569 45570 45572 45578 45587
NODE_NUM = 99
FILE div_sub_462.aig

# Subcircuit 463
SUB_ID 463
LO (20):  43023 43034 43075 43652 43708 44293 44363 45047 45613 45622 45719 45724 46295 46304 46416 46427 46428 46993 47002 47010
LI (40):  69 70 71 72 73 74 75 412 42397 42652 42653 42654 43029 43032 43283 43650 43661 43703 43922 43923 43924 44302 44358 44580 44581 44582 44971 45041 45050 45252 45253 45605 45608 45934 45935 46287 46292 46301 46413 46426
NODE_NUM = 96
FILE div_sub_463.aig

# Subcircuit 464
SUB_ID 464
LO (41):  43032 43041 43084 43099 43267 43299 43308 43908 43909 43922 43928 43931 43937 43940 43946 43949 43955 43958 43967 43976 43986 43987 43995 43996 44022 44023 44066 44075 44084 44112 44113 44121 44122 44129 44130 44457 44462 44512 44527 44532 44774
LI (60):  71 74 90 91 101 104 105 107 15212 42406 42414 42652 42653 42692 42701 42985 42987 43012 43014 43257 43260 43265 43282 43292 43294 43296 43301 43303 43310 43311 43313 43328 43888 43897 43902 43907 43921 43923 43925 43930 43934 43939 43948 43966 43975 43983 43984 43992 43993 44019 44020 44065 44074 44083 44109 44110 44118 44119 44127 44128
NODE_NUM = 97
FILE div_sub_464.aig

# Subcircuit 465
SUB_ID 465
LO (33):  43290 43294 43311 43313 43328 43355 43362 43371 43382 43383 43416 43425 43436 43445 43452 43461 43464 43822 43827 43857 43872 43888 43964 43966 43973 43975 43983 43984 43993 44020 44060 44074 44083
LI (55):  93 94 100 103 104 105 106 15212 42692 42700 42709 42718 42727 42736 42763 42772 42817 42826 42853 43256 43270 43282 43283 43289 43312 43324 43326 43333 43335 43337 43342 43344 43346 43351 43353 43355 43360 43369 43378 43380 43414 43423 43432 43434 43441 43443 43450 43459 43832 43873 43874 43878 43883 43923 43924
NODE_NUM = 100
FILE div_sub_465.aig

# Subcircuit 466
SUB_ID 466
LO (32):  43472 43481 43508 43787 43802 43807 44110 44119 44132 44149 44442 44817 45125 45147 45432 45433 45441 45442 45450 45451 45459 45460 45467 45473 45802 45809 45814 45819 45824 46108 46117 46126
LI (42):  86 87 88 89 90 91 92 93 94 412 15212 42862 43282 43283 43464 43468 43479 43500 43505 43792 43922 43923 44145 44580 44581 44782 44791 44800 44809 44814 45122 45130 45135 45140 45145 45252 45425 45426 45428 45434 45443 45452
NODE_NUM = 99
FILE div_sub_466.aig

# Subcircuit 467
SUB_ID 467
LO (23):  43590 43599 43608 43617 43626 43641 43650 43659 43668 43703 44302 44358 44970 44971 44979 44980 44981 44983 44987 45028 45035 45040 45624
LI (36):  67 68 69 70 71 15212 42979 42988 42997 43006 43015 43060 43282 43283 43639 43648 43657 43666 43670 43671 43673 43687 43688 43697 43702 43922 43923 43924 44294 44300 44309 44328 44344 44580 44581 44582
NODE_NUM = 93
FILE div_sub_467.aig

# Subcircuit 468
SUB_ID 468
LO (16):  43687 43688 44328 44344 44988 44997 45005 45010 45015 45041 45627 45636 45645 45654 45663 45670
LI (27):  19 66 67 68 69 15369 15381 16052 16956 43282 43681 43922 43923 43924 44330 44580 44581 44582 44980 44981 44983 44987 45008 45028 45035 45040 45624
NODE_NUM = 100
FILE div_sub_468.aig

# Subcircuit 469
SUB_ID 469
LO (42):  43681 43921 43923 43930 43939 43948 44065 44128 44140 44158 44165 44185 44194 44201 44300 44309 44417 44422 44437 44447 44579 44581 44588 44592 44594 44598 44608 44617 44626 44637 44638 44646 44647 44654 44655 44807 44825 44852 44861 45098 45220 45225
LI (50):  82 83 86 88 107 108 111 112 338 15212 15374 15863 42672 43282 43283 43291 43292 43300 43309 43426 43489 43498 43516 43525 43543 43552 43561 43660 43669 43908 43909 43915 43922 43924 43932 43933 43941 43950 43959 43968 43977 43986 44136 44154 44181 44190 44580 44634 44643 44652
NODE_NUM = 100
FILE div_sub_469.aig

# Subcircuit 470
SUB_ID 470
LO (49):  43915 43992 44001 44010 44019 44032 44041 44046 44055 44100 44109 44118 44127 44131 44136 44145 44154 44330 44452 44463 44502 44507 44629 44656 44699 44708 44782 44800 45008 45135 45145 45215 45230 45315 45426 45434 45452 45889 45905 45910 45920 45921 45940 45948 45957 45967 45976 45985 45993
LI (65):  17 18 65 89 90 92 99 100 106 107 109 43276 43283 43911 43913 43924 43991 44000 44009 44018 44027 44030 44036 44039 44045 44054 44099 44108 44117 44126 44129 44130 44135 44144 44153 44459 44462 44500 44580 44581 44582 44628 44655 44775 44780 44796 45150 45214 45229 45253 45262 45271 45280 45289 45298 45307 45314 45886 45894 45899 45904 45909 45914 45919 45937
NODE_NUM = 100
FILE div_sub_470.aig

# Subcircuit 471
SUB_ID 471
LO (22):  44665 44672 44690 44719 45180 45210 45886 45994 46003 46005 46012 46021 46030 46039 46052 46053 46061 46551 46557 46558 46759 46767
LI (37):  99 100 101 102 105 106 43995 44004 44022 44049 44580 44581 44661 44715 45253 45323 45334 45343 45352 45361 45370 45377 45388 45850 45859 45864 45869 45874 45879 45880 45889 45934 45935 45936 45993 46051 46548
NODE_NUM = 100
FILE div_sub_471.aig

# Subcircuit 472
SUB_ID 472
LO (28):  44737 44746 45165 45170 45381 45389 45398 45850 46536 46548 46636 46641 46644 46654 46655 46772 46773 46778 46780 46781 46790 46791 46794 46798 47259 47266 47276 47346
LI (36):  96 97 98 99 100 102 116 44580 44733 44734 44742 44743 45175 45253 45397 45406 45415 45835 45837 45844 45849 45936 46063 46069 46078 46087 46533 46551 46634 46635 46640 46643 46650 46653 46767 46771
NODE_NUM = 100
FILE div_sub_472.aig

# Subcircuit 473
SUB_ID 473
LO (19):  44755 45160 45415 45835 46533 46799 46808 47256 47297 47298 47435 47444 47453 47462 47471 47480 47489 47498 47506
LI (39):  95 96 97 98 99 44580 44751 44752 45253 45413 45424 45830 45934 45935 45936 46107 46527 46536 46634 46635 46636 46737 46746 46755 46764 46773 46782 46791 46794 46798 47253 47259 47266 47271 47276 47281 47286 47291 47296
NODE_NUM = 100
FILE div_sub_473.aig

# Subcircuit 474
SUB_ID 474
LO (31):  44762 44775 44780 44791 44796 44809 45130 45140 45443 45830 46106 46107 46115 46116 46124 46125 46133 46134 46142 46143 46148 46149 46506 46511 46516 46521 46526 46810 46819 46828 46837
LI (45):  89 90 91 92 93 94 95 96 44112 44121 44458 44580 44581 44582 44761 44774 44786 44789 44795 44804 44807 45253 45433 45442 45451 45460 45467 45478 45800 45802 45809 45814 45819 45824 45829 45935 45936 46105 46108 46114 46117 46123 46126 46132 46141
NODE_NUM = 94
FILE div_sub_474.aig

# Subcircuit 475
SUB_ID 475
LO (20):  44814 45122 45478 45800 46160 46169 46491 46507 46512 46517 46527 46814 46817 46821 46830 46839 46850 46859 46868 46875
LI (36):  87 88 89 90 412 44582 44813 44822 44825 44836 45116 45125 45252 45253 45470 45473 45496 45790 45934 45935 45936 46116 46125 46134 46143 46152 46488 46501 46506 46511 46516 46521 46526 46636 46810 46816
NODE_NUM = 99
FILE div_sub_475.aig

# Subcircuit 476
SUB_ID 476
LO (17):  44836 45116 45496 45790 46488 46880 46889 47211 47242 47243 47534 47543 47552 47561 47570 47579 47587
LI (38):  86 87 88 89 90 412 44582 44831 44834 44845 45111 45112 45252 45253 45505 45785 45934 45935 45936 46188 46482 46491 46634 46635 46636 46836 46845 46854 46863 46872 46875 46879 47208 47221 47226 47231 47236 47241
NODE_NUM = 96
FILE div_sub_476.aig

# Subcircuit 477
SUB_ID 477
LO (19):  44834 44837 44843 44863 44872 45095 45100 45785 46187 46188 46196 46205 46214 46466 46482 46894 46903 46912 46920
LI (30):  82 83 84 85 86 87 44166 44175 44185 44202 44427 44580 44581 44862 44868 45099 45253 45514 45521 45530 45541 45765 45779 45784 45934 45935 45936 46186 46195 46463
NODE_NUM = 98
FILE div_sub_477.aig

# Subcircuit 478
SUB_ID 478
LO (19):  44879 44890 44926 45065 45085 45570 45578 45765 46463 46925 46926 46934 46943 47181 47192 47193 47624 47633 47641
LI (33):  76 80 81 82 83 84 85 44211 44256 44580 44581 44889 44922 45070 45084 45253 45548 45559 45755 45764 45934 45935 45936 46222 46242 46452 46466 46634 46635 46636 46920 46924 47178
NODE_NUM = 98
FILE div_sub_478.aig

# Subcircuit 479
SUB_ID 479
LO (56):  44935 44942 45060 45084 45099 45214 45229 45252 45260 45269 45278 45287 45296 45306 45307 45314 45323 45333 45334 45351 45352 45360 45361 45504 45505 45513 45514 45521 45530 45540 45541 45548 45558 45559 45567 45568 45587 45630 45631 45639 45640 45647 45648 45709 45714 45749 45754 45764 45779 45784 45864 45869 45879 45894 45897 45925
LI (65):  71 72 75 79 80 82 85 86 102 103 105 106 108 109 44265 44274 44580 44581 44601 44625 44627 44652 44654 44859 44886 44888 44931 45098 45247 45250 45253 45259 45268 45277 45286 45295 45299 45304 45313 45322 45326 45331 45344 45349 45353 45358 45497 45502 45506 45511 45520 45529 45533 45538 45547 45551 45556 45560 45565 45623 45628 45632 45637 45641 45646
NODE_NUM = 99
FILE div_sub_479.aig

# Subcircuit 480
SUB_ID 480
LO (57):  45259 45268 45277 45286 45295 45298 45299 45304 45313 45322 45326 45331 45336 45343 45344 45349 45353 45358 45370 45406 45424 45425 45470 45497 45502 45506 45511 45520 45529 45533 45538 45547 45551 45556 45560 45565 45569 45604 45729 45829 45859 45874 45899 45978 46023 46051 46087 46105 46287 46426 46988 46989 46997 46998 47151 47156 47684
LI (76):  75 76 77 78 95 97 101 104 109 412 44646 44673 44682 44691 44692 44700 44709 44763 44772 44817 44844 44853 44880 44898 44907 44916 45106 45186 45191 45200 45236 45241 45253 45255 45257 45264 45266 45276 45285 45294 45297 45303 45312 45321 45330 45341 45345 45347 45354 45356 45368 45405 45422 45498 45500 45510 45519 45528 45537 45546 45555 45564 45603 45728 45898 45934 45935 46283 46427 46431 46634 46635 46636 46983 46987 46994
NODE_NUM = 97
FILE div_sub_480.aig

# Subcircuit 481
SUB_ID 481
LO (30):  45623 45628 45632 45637 45641 45646 45649 45658 45699 45704 46413 47015 47016 47024 47025 47033 47034 47042 47043 47051 47052 47121 47126 47131 47136 47141 47711 47720 47729 47738
LI (37):  69 70 71 72 73 74 75 412 44970 44979 44988 44997 45253 45627 45636 45645 45648 45656 45702 45934 45935 46314 46323 46328 46337 46350 46392 46406 46411 46634 46635 46636 47008 47010 47014 47023 47032
NODE_NUM = 94
FILE div_sub_481.aig

# Subcircuit 482
SUB_ID 482
LO (27):  45656 45667 45694 46350 46392 47060 47116 47122 47127 47132 47137 47152 47178 47643 47652 47661 47670 47679 47686 47697 47706 47713 47722 47731 47740 47751 47758
LI (45):  68 69 70 288 412 45005 45252 45253 45654 45665 45934 45935 46346 46359 46387 46634 46635 46636 46953 46962 46971 46980 46989 46998 47007 47016 47025 47034 47043 47052 47113 47121 47126 47131 47136 47141 47146 47151 47156 47161 47166 47171 47176 47639 47641
NODE_NUM = 99
FILE div_sub_482.aig

# Subcircuit 483
SUB_ID 483
LO (35):  45665 45675 45689 46359 46387 47113 47763 47772 47827 47832 48074 48082 48083 48091 48092 48100 48101 48109 48110 48118 48119 48124 48127 48486 48495 48564 48776 48781 48786 48791 48796 48817 48837 48846 48855
LI (46):  67 68 69 70 71 113 114 115 116 117 288 412 45010 45252 45253 45663 45673 45934 45935 46355 46367 46382 46634 46635 46636 47079 47107 47116 47348 47349 47755 47758 48072 48073 48078 48081 48087 48090 48096 48099 48105 48108 48114 48117 48123 48126
NODE_NUM = 96
FILE div_sub_483.aig

# Subcircuit 484
SUB_ID 484
LO (54):  45673 45677 45702 45728 45837 45898 45929 45931 45935 45942 45951 45960 45969 45987 45996 46014 46032 46041 46069 46078 46114 46123 46132 46141 46186 46195 46222 46241 46242 46250 46251 46259 46260 46268 46269 46277 46278 46313 46314 46322 46323 46365 46406 46411 46431 46436 46441 46446 46451 46627 46945 46954 46963 46972
LI (60):  16 70 72 73 75 77 78 79 80 81 97 114 412 17414 44600 45015 45252 45253 45261 45270 45279 45288 45290 45306 45315 45333 45351 45360 45387 45396 45404 45432 45441 45450 45459 45504 45513 45540 45558 45567 45576 45585 45594 45596 45602 45630 45639 45647 45670 45679 45897 45927 45934 46238 46247 46256 46265 46274 46310 46319
NODE_NUM = 100
FILE div_sub_484.aig

# Subcircuit 485
SUB_ID 485
LO (36):  45927 45949 45958 46561 46567 46572 46577 46634 46640 46643 46650 46653 46661 46663 46664 46670 46672 46673 46679 46681 46682 46691 46692 46700 46701 46706 46708 46709 46713 46722 46731 46742 46749 47316 47321 47387
LI (57):  103 110 111 45246 45253 45905 45910 45923 45925 45945 45946 45948 45954 45955 45957 45963 45972 45981 45990 45999 46008 46017 46026 46035 46043 46558 46560 46566 46571 46576 46581 46586 46591 46596 46601 46606 46611 46616 46633 46636 46637 46642 46646 46648 46652 46657 46662 46666 46671 46675 46680 46684 46689 46693 46698 46702 46707
NODE_NUM = 96
FILE div_sub_485.aig

# Subcircuit 486
SUB_ID 486
LO (22):  46152 46501 46863 47226 47564 47942 48008 48009 48168 48177 48186 48195 48204 48213 48222 48231 48240 48249 48258 48267 48276 48284
LI (38):  91 92 93 45934 46148 46149 46634 46635 46859 47349 47448 47457 47466 47475 47484 47493 47502 47511 47520 47529 47538 47547 47556 47563 47939 47947 47952 47957 47962 47967 47972 47977 47982 47987 47992 47997 48002 48007
NODE_NUM = 100
FILE div_sub_486.aig

# Subcircuit 487
SUB_ID 487
LO (48):  46238 46247 46256 46265 46274 46283 46292 46301 46310 46319 46328 46337 46346 46355 46367 46382 47079 47107 47781 47822 48506 48561 48816 48824 48834 48835 48836 48844 48845 48853 48854 48862 48863 48871 48872 48877 49257 49543 49548 49553 49558 49563 49568 49573 49582 49591 49600 50325
LI (55):  67 68 69 70 114 115 116 117 118 119 288 45936 46237 46246 46255 46264 46273 46282 46291 46300 46309 46318 46327 46336 46345 46354 46362 46365 46376 46377 46634 46635 46636 47087 47102 47348 47349 48072 48073 48502 48814 48815 48820 48823 48830 48833 48840 48843 48849 48852 48858 48861 48867 48870 48876
NODE_NUM = 100
FILE div_sub_487.aig

# Subcircuit 488
SUB_ID 488
LO (22):  46376 46377 47087 47102 47790 47798 47812 47817 48515 48524 48551 48556 49268 49277 49318 49323 50012 50021 50076 50081 50776 50785
LI (31):  14 15 65 66 67 68 69 70 71 288 18138 19050 45936 46370 46634 46635 46636 47348 47349 48072 48073 48511 48520 48814 48815 49264 49273 49571 50010 50019 50337
NODE_NUM = 97
FILE div_sub_488.aig

# Subcircuit 489
SUB_ID 489
LO (30):  46370 46452 46953 46962 46971 46980 46983 47161 47166 47171 47176 47639 47654 47663 47664 47672 47673 47681 47682 47877 47882 47887 47913 47914 48339 48348 48357 48366 48372 48374
LI (41):  79 80 81 82 83 17425 45936 46251 46260 46269 46278 46428 46431 46436 46441 46446 46451 46636 46945 46951 46954 46960 46963 46969 46972 46978 47181 47349 47619 47628 47637 47646 47653 47662 47671 47680 47889 47897 47902 47907 47912
NODE_NUM = 100
FILE div_sub_489.aig

# Subcircuit 490
SUB_ID 490
LO (47):  46560 46633 46635 46642 46646 46648 46652 46662 46671 46680 46689 46698 46707 46718 46719 46727 46728 46736 46737 46745 46746 46754 46755 46763 46764 46771 46816 46826 46827 46835 46836 46844 46845 46852 46853 47236 47241 47246 47281 47286 47291 47296 47301 47306 47414 47423 47522
LI (52):  94 95 96 103 104 105 106 107 108 115 17886 18589 45262 45920 45929 45931 45936 45944 45945 45953 45962 45971 45980 45989 45998 46007 46016 46025 46034 46040 46042 46043 46052 46061 46106 46115 46124 46133 46142 46623 46627 46634 46715 46724 46733 46742 46751 46760 46823 46832 46841 46850
NODE_NUM = 98
FILE div_sub_490.aig

# Subcircuit 491
SUB_ID 491
LO (23):  47327 47382 47391 48058 48059 48072 48078 48081 48087 48090 48096 48099 48105 48108 48114 48117 48123 48126 48136 48137 48144 48759 48766
LI (42):  109 110 111 288 46692 46701 46709 46719 47307 47310 47316 47321 47326 47348 47358 47367 47376 47385 47387 47394 47395 47404 47421 48023 48037 48042 48047 48052 48057 48071 48073 48074 48075 48080 48084 48089 48093 48098 48102 48107 48116 48143
NODE_NUM = 98
FILE div_sub_491.aig

# Subcircuit 492
SUB_ID 492
LO (24):  46715 46724 46733 46751 46760 46782 47253 47271 47511 47520 47967 47972 48235 48244 48706 48742 48930 48939 48948 48957 48966 48975 48984 48992
LI (48):  97 98 99 100 101 288 46053 46557 46561 46567 46572 46577 46636 46711 46713 46720 46722 46729 46731 46749 46759 46781 46817 46827 47247 47250 47256 47270 47348 47503 47506 47512 48072 48073 48191 48200 48209 48218 48227 48232 48241 48703 48716 48721 48726 48731 48736 48741
NODE_NUM = 100
FILE div_sub_492.aig

# Subcircuit 493
SUB_ID 493
LO (22):  46823 46832 46841 46854 46872 47221 47231 47556 47939 47947 48280 48289 48298 48676 48703 48993 49002 49011 49020 49029 49038 49046
LI (42):  91 92 93 94 95 46160 46507 46512 46517 46634 46635 46636 46819 46821 46828 46830 46837 46839 46853 46868 47230 47349 47554 47572 47583 47933 47942 48072 48073 48074 48254 48263 48272 48277 48284 48288 48673 48691 48696 48701 48990 48992
NODE_NUM = 96
FILE div_sub_493.aig

# Subcircuit 494
SUB_ID 494
LO (14):  46879 47208 47933 48307 48316 48325 48661 48673 49051 49052 49057 49066 49073 49443
LI (32):  88 89 90 91 92 94 288 46169 46634 46635 46636 46894 46897 46908 47202 47211 47348 47349 47584 47587 47610 47918 47932 48072 48073 48074 48306 48658 48676 48816 49046 49050
NODE_NUM = 99
FILE div_sub_494.aig

# Subcircuit 495
SUB_ID 495
LO (18):  46897 46908 47202 47610 47918 48658 49078 49087 49423 49454 49455 49774 49783 49792 49801 49810 49819 49827
LI (41):  87 88 89 90 91 288 46187 46634 46635 46636 46903 46906 46917 47197 47348 47349 47619 47913 47914 48072 48073 48074 48344 48652 48661 48814 48815 48816 49034 49043 49052 49061 49070 49073 49077 49420 49433 49438 49443 49448 49453
NODE_NUM = 98
FILE div_sub_495.aig

# Subcircuit 496
SUB_ID 496
LO (38):  46906 46917 47197 47619 47912 48344 48652 49418 49420 49571 49579 49580 49588 49589 49597 49598 49606 49607 49615 49616 49624 49625 49626 49633 49830 49833 49836 50296 50301 50306 50311 50316 50321 50339 50348 50357 50366 50375
LI (49):  86 87 88 89 114 115 116 117 118 119 288 21537 46196 46634 46635 46636 46912 46915 46926 47192 47193 47348 47349 48072 48073 48340 48353 48647 48814 48815 48816 48824 48844 48853 48862 48871 48880 48889 49415 49423 49570 49578 49587 49596 49605 49614 49623 49632 49827
NODE_NUM = 95
FILE div_sub_496.aig

# Subcircuit 497
SUB_ID 497
LO (28):  46915 46924 46951 46960 46969 46978 46987 46994 47007 47146 47709 47862 48434 48601 49187 49368 49921 49930 50126 50157 50158 50639 50648 50657 50666 50675 50684 50692
LI (46):  76 77 78 79 80 81 21537 46205 46214 46241 46250 46259 46268 46277 46634 46635 46636 46993 47002 47005 47349 47707 48072 48073 48430 48814 48815 49183 49369 49373 49570 49571 49877 49886 49895 49904 49913 49914 49917 49929 50123 50136 50141 50146 50151 50156
NODE_NUM = 96
FILE div_sub_497.aig

# Subcircuit 498
SUB_ID 498
LO (27):  47005 47008 47014 47023 47032 47230 47247 47529 47962 48254 48701 48990 49006 49468 49519 49520 49657 49666 49675 49684 49693 49702 49711 49720 49729 49738 49746
LI (48):  93 97 98 99 288 46295 46304 46313 46314 46322 46416 46634 46635 46850 46852 47243 47246 47348 47521 47523 48072 48073 48250 48706 48814 48815 48917 48926 48935 48944 48953 48962 48971 48980 48989 48998 49003 49465 49473 49478 49483 49488 49493 49498 49503 49508 49513 49518
NODE_NUM = 99
FILE div_sub_498.aig

# Subcircuit 499
SUB_ID 499
LO (25):  47250 47270 47307 47421 48023 48143 48145 48154 48756 48777 48782 48787 48814 48820 48823 48830 48833 48839 48848 48857 48867 48876 48885 48894 48902
LI (47):  97 101 108 109 110 288 46728 46778 46780 46814 46816 47298 47301 47306 47348 47413 47414 47422 47424 47439 48013 48072 48073 48074 48083 48092 48101 48110 48119 48128 48137 48144 48753 48759 48766 48771 48776 48781 48786 48791 48796 48813 48817 48822 48826 48828 48832
NODE_NUM = 99
FILE div_sub_499.aig

# Subcircuit 500
SUB_ID 500
LO (34):  47310 47325 47330 47335 47340 47395 47404 47413 47422 47424 47439 48013 48753 48907 48916 48917 49518 49544 49549 49554 49559 49564 49569 49575 49584 49593 49602 49612 49621 49630 49639 49645 49647 50327
LI (59):  107 108 109 110 112 113 114 115 46641 46643 46661 46663 46670 46672 46679 46681 46700 46706 46708 46709 46718 46727 46736 47297 47349 47423 47437 47448 48008 48009 48072 48073 48074 48173 48747 48756 48814 48815 48816 48836 48845 48854 48863 48872 48881 48890 48899 48902 48906 49520 49528 49533 49538 49543 49548 49553 49558 49563 49568
NODE_NUM = 100
FILE div_sub_500.aig

# Subcircuit 501
SUB_ID 501
LO (30):  47437 47448 48007 48173 48747 48926 49513 50271 50297 50302 50307 50312 50322 50323 50336 50338 50343 50345 50346 50350 50359 50368 50377 50388 50397 50406 50415 50424 50431 50435
LI (45):  106 107 108 109 288 46745 47348 47349 47435 47446 48072 48073 48169 48182 48742 48814 48815 48816 49571 49580 49589 49598 49607 49616 49625 49634 49643 49652 49661 49668 50268 50276 50281 50286 50291 50296 50301 50306 50311 50316 50321 50335 50337 50339 50344
NODE_NUM = 97
FILE div_sub_501.aig

# Subcircuit 502
SUB_ID 502
LO (21):  47446 47457 48002 48182 48741 48935 49508 50268 50436 50445 51047 51083 51084 51173 51182 51191 51200 51209 51218 51227 51235
LI (41):  105 106 107 108 109 110 288 46754 47348 47349 47444 47455 48072 48073 48178 48814 48815 48931 49571 49677 49688 50262 50271 50336 50337 50338 50383 50392 50401 50410 50419 50428 50431 50435 51044 51057 51062 51067 51072 51077 51082
NODE_NUM = 97
FILE div_sub_502.aig

# Subcircuit 503
SUB_ID 503
LO (38):  47455 47466 47997 48191 48736 48944 49503 49688 50262 51044 51122 51130 51140 51141 51142 51150 51151 51159 51160 51168 51169 51174 51177 51240 51241 51246 51248 51249 51856 51896 51901 51906 51911 51916 51921 51930 51939 52715
LI (49):  104 105 106 107 108 110 118 119 120 121 122 288 46763 47348 47349 47453 47464 48072 48073 48187 48814 48815 48940 49571 49686 49697 50257 50336 50337 50338 50464 51038 51047 51120 51121 51126 51129 51136 51139 51146 51149 51155 51158 51164 51167 51173 51176 51235 51239
NODE_NUM = 99
FILE div_sub_503.aig

# Subcircuit 504
SUB_ID 504
LO (22):  47464 47475 47992 48200 48731 48953 49498 49697 50257 50464 51038 51258 51846 51882 51978 51987 51996 52005 52014 52023 52032 52040
LI (44):  103 104 105 106 107 108 288 46772 47348 47349 47462 47473 48072 48073 48196 48814 48815 48949 49571 49695 49706 50252 50336 50337 50338 50473 51033 51120 51121 51122 51205 51214 51223 51232 51241 51250 51843 51851 51856 51861 51866 51871 51876 51881
NODE_NUM = 100
FILE div_sub_504.aig

# Subcircuit 505
SUB_ID 505
LO (36):  47473 47484 47987 48209 48726 48962 49493 49706 50252 50473 51033 51841 51843 51919 51927 51928 51936 51937 51945 51946 51954 51955 51963 51964 52043 52046 52049 52691 52696 52701 52706 52711 52729 52738 52747 52756
LI (50):  102 103 104 105 106 107 118 119 120 121 122 288 23895 46781 47348 47349 47471 47482 48072 48073 48205 48814 48815 48958 49571 49704 49715 50247 50336 50337 50338 50482 51028 51120 51121 51122 51130 51150 51159 51168 51177 51838 51846 51918 51926 51935 51944 51953 51962 52040
NODE_NUM = 100
FILE div_sub_505.aig

# Subcircuit 506
SUB_ID 506
LO (20):  47482 47493 47982 48218 48721 48971 49488 49715 50247 50482 51028 51838 52053 52062 52636 52647 52648 52849 52858 52866
LI (43):  101 102 103 104 105 106 107 108 288 23895 46790 47348 47349 47480 47491 48072 48073 48214 48814 48815 48967 49571 49713 49724 50242 50336 50337 50338 50491 51023 51120 51121 51122 51286 51832 51841 51918 51919 52045 52046 52049 52633 52646
NODE_NUM = 96
FILE div_sub_506.aig

# Subcircuit 507
SUB_ID 507
LO (26):  47491 47502 47977 48227 48716 48980 49483 49724 50242 50491 51023 51286 51832 52633 52728 52736 52737 52742 52745 52871 52872 52877 52879 52880 53459 53534
LI (49):  100 101 102 103 104 105 106 108 123 288 23895 46799 47348 47349 47489 47500 48072 48073 48223 48814 48815 48976 49571 49722 49733 50237 50336 50337 50338 50500 51018 51120 51121 51122 51295 51827 51918 51919 52081 52627 52636 52726 52727 52732 52735 52741 52744 52866 52870
NODE_NUM = 99
FILE div_sub_507.aig

# Subcircuit 508
SUB_ID 508
LO (26):  47500 47503 47512 47521 47523 47538 47957 48263 48696 49465 50237 50499 50500 50508 50509 50517 50518 50519 50521 50525 51000 51007 51012 51017 51287 51296
LI (43):  96 97 98 99 100 101 102 103 288 21537 46808 46817 46826 46835 47242 47348 47349 47498 47522 47536 48072 48073 48259 48814 48815 49012 49025 49459 49468 49570 49571 49742 49743 49746 49769 50218 50231 50236 50336 50337 50338 50498 50507
NODE_NUM = 97
FILE div_sub_508.aig

# Subcircuit 509
SUB_ID 509
LO (24):  47536 47547 47952 48272 48691 49025 49459 49769 50218 50526 50535 50997 51018 51294 51295 51303 51304 51309 51312 51318 51325 51821 51826 52074
LI (47):  95 96 97 98 99 100 103 104 288 21537 46844 47348 47349 47534 47545 48072 48073 48268 48814 48815 49021 49034 49454 49455 49570 49571 49778 50212 50336 50337 50338 50509 50518 50519 50521 50525 50994 51000 51007 51012 51017 51122 51287 51293 51296 51302 51311
NODE_NUM = 97
FILE div_sub_509.aig

# Subcircuit 510
SUB_ID 510
LO (23):  47545 47554 47563 47572 47583 47584 47628 47907 47932 48306 48353 48647 49415 49840 49849 50171 50192 50193 50576 50585 50594 50603 50611
LI (42):  86 87 88 89 90 91 288 21537 46880 46889 46925 47348 47349 47543 47552 47561 47570 47579 47581 47626 48072 48073 48349 48362 48642 48814 48815 48816 49115 49409 49418 49570 49571 49814 49823 49832 49833 49836 50168 50181 50186 50191
NODE_NUM = 98
FILE div_sub_510.aig

# Subcircuit 511
SUB_ID 511
LO (19):  47626 47637 47902 48362 48642 49115 49409 50168 50616 50625 50947 50973 50974 51371 51380 51389 51398 51407 51415
LI (42):  85 86 87 88 89 90 288 21537 46934 47348 47349 47624 47635 48072 48073 48358 48371 48637 48814 48815 48816 49124 49404 49570 49571 49868 50162 50171 50336 50337 50338 50581 50590 50599 50608 50611 50615 50944 50957 50962 50967 50972
NODE_NUM = 100
FILE div_sub_511.aig

# Subcircuit 512
SUB_ID 512
LO (18):  47635 47646 47897 48371 48637 49124 49404 49868 50162 50944 51420 51429 51751 51767 52185 52194 52203 52211
LI (44):  84 85 86 87 88 89 90 288 21537 46943 47348 47349 47633 47644 48072 48073 48367 48380 48632 48814 48815 48816 49133 49399 49570 49571 49877 50157 50158 50336 50337 50338 50644 50938 50947 51120 51121 51122 51412 51415 51419 51748 51761 51766
NODE_NUM = 100
FILE div_sub_512.aig

# Subcircuit 513
SUB_ID 513
LO (25):  47644 47653 47662 47671 47680 47691 47872 48416 48611 49399 49877 49886 49895 49904 49913 50136 50141 50146 50151 50156 50641 50650 50659 50668 50677
LI (40):  79 80 81 82 83 84 85 86 21537 46988 47348 47349 47643 47652 47661 47670 47679 47689 48072 48073 48412 48814 48815 49142 49151 49160 49165 49178 49374 49383 49388 49393 49398 49570 49571 49869 49878 49887 49896 50337
NODE_NUM = 96
FILE div_sub_513.aig

# Subcircuit 514
SUB_ID 514
LO (29):  47689 47700 47707 47718 47857 47867 48425 48443 48596 48606 49178 49196 49363 49373 49374 49914 49917 49940 50121 50697 50706 50902 50923 50924 51461 51470 51479 51488 51496
LI (43):  76 77 78 79 80 81 288 46997 47015 47152 47348 47349 47684 47686 47697 47706 47716 48072 48073 48421 48439 48814 48815 49174 49192 49370 49571 49938 50122 50126 50336 50337 50338 50671 50680 50689 50692 50696 50703 50899 50912 50917 50922
NODE_NUM = 98
FILE div_sub_514.aig

# Subcircuit 515
SUB_ID 515
LO (22):  47716 47727 47852 48452 48591 49205 49358 49949 50116 50899 51501 51510 51706 51737 51738 52239 52248 52257 52266 52275 52284 52292
LI (45):  75 76 77 78 79 80 81 288 47024 47137 47348 47349 47711 47713 47725 48072 48073 48448 48814 48815 49201 49571 49947 50336 50337 50712 50725 50893 50902 51120 51121 51122 51457 51466 51475 51484 51493 51496 51500 51703 51716 51721 51726 51731 51736
NODE_NUM = 100
FILE div_sub_515.aig

# Subcircuit 516
SUB_ID 516
LO (23):  47725 47736 47847 48461 48586 49214 49353 49958 50111 50725 50893 51701 51703 52296 52305 52501 52527 53065 53074 53083 53092 53101 53109
LI (48):  74 75 76 77 78 79 80 81 288 23895 47033 47132 47348 47349 47720 47722 47734 48072 48073 48457 48814 48815 49210 49571 49956 50336 50337 50721 50734 50888 51120 51121 51122 51702 51706 51918 51919 52270 52279 52288 52289 52292 52304 52498 52511 52516 52521 52526
NODE_NUM = 100
FILE div_sub_516.aig

# Subcircuit 517
SUB_ID 517
LO (25):  47734 47745 47842 48470 48581 49223 49348 49967 50106 50734 50888 51529 51696 52315 52496 53114 53123 53319 53340 53341 53909 53918 53927 53936 53944
LI (50):  73 74 75 76 77 78 79 80 81 288 47042 47127 47348 47349 47729 47731 47743 48072 48073 48466 48814 48815 49219 49571 49965 50336 50337 50730 50743 50883 51120 51121 51122 51919 52313 52497 52501 52726 52727 52728 53088 53097 53106 53109 53113 53120 53316 53329 53334 53339
NODE_NUM = 100
FILE div_sub_517.aig

# Subcircuit 518
SUB_ID 518
LO (32):  47743 47754 47837 48479 48576 49232 49343 49976 50101 50743 50883 51538 51691 52324 52491 53316 53554 53562 53563 53571 53572 53577 53580 53949 53950 53955 53957 53958 54159 54369 54374 54395
LI (53):  72 73 74 75 76 77 78 79 81 123 124 288 47051 47122 47348 47349 47738 47740 47752 48072 48073 48475 48814 48815 49228 49571 49974 50336 50337 50739 50752 50878 51120 51121 51122 51919 52322 52726 52727 53129 53142 53310 53319 53552 53553 53558 53561 53567 53570 53576 53579 53944 53948
NODE_NUM = 100
FILE div_sub_518.aig

# Subcircuit 519
SUB_ID 519
LO (31):  47752 47755 47806 47808 48532 48540 48542 48546 49286 49294 49302 49304 49308 49313 50030 50039 50047 50061 50066 50071 50796 50797 50805 50806 50814 50815 50842 50847 50852 51584 51593
LI (37):  13 66 67 68 69 70 19596 20349 21267 21537 47060 47348 47349 47751 47799 47801 47807 48072 48073 48074 48534 48541 48814 48815 48816 49282 49296 49303 49570 49571 50028 50037 50336 50337 50793 50802 50811
NODE_NUM = 98
FILE div_sub_519.aig

# Subcircuit 520
SUB_ID 520
LO (38):  47801 48071 48073 48080 48089 48098 48107 48116 48288 48380 48398 48407 48616 48621 48632 48813 48815 48822 48826 48828 48832 48843 48852 48861 48870 48880 48881 49128 49131 49134 49136 49140 49149 49158 49381 49386 49391 49538
LI (44):  81 82 83 84 113 117 118 288 595 19589 20779 46654 47348 47349 47357 47358 47366 47375 47384 47393 47564 47654 47663 47672 47681 48058 48059 48065 48072 48074 48082 48083 48091 48100 48109 48118 48127 48376 48385 48394 48403 48623 48814 48877
NODE_NUM = 100
FILE div_sub_520.aig

# Subcircuit 521
SUB_ID 521
LO (48):  48128 48169 48178 48187 48196 48205 48214 48223 48232 48241 48250 48259 48268 48277 48340 48349 48358 48367 48376 48385 48394 48403 48412 48421 48430 48439 48448 48457 48466 48475 48488 48571 48771 49241 49338 49985 50096 50752 50878 51547 51686 52333 52486 53142 53310 53967 53968 54149
LI (68):  72 73 74 75 76 77 78 79 112 47888 48074 48127 48168 48177 48186 48195 48204 48213 48222 48231 48240 48249 48258 48267 48276 48339 48348 48357 48366 48372 48374 48384 48393 48402 48411 48420 48429 48438 48447 48456 48465 48474 48483 48486 48770 48814 48815 49237 49571 49983 50336 50337 50748 50761 50873 51120 51121 51122 51919 52331 52726 52727 53138 53151 53305 53552 53553 53554
NODE_NUM = 100
FILE div_sub_521.aig

# Subcircuit 522
SUB_ID 522
LO (24):  48497 48566 49250 49333 49994 50091 50761 50873 51556 51681 52342 52481 53151 53305 53976 54144 54170 54171 54767 54776 54785 54794 54803 54811
LI (46):  71 72 73 74 75 76 77 78 48074 48492 48495 48564 48814 48815 49246 49571 49992 50336 50337 50757 50770 50868 51120 51121 51122 51919 52340 52726 52727 53147 53160 53300 53552 53553 53554 53932 53941 53950 53959 53968 54141 54149 54154 54159 54164 54169
NODE_NUM = 99
FILE div_sub_522.aig

# Subcircuit 523
SUB_ID 523
LO (36):  48502 48511 48520 48534 48770 48840 48849 48858 48889 48890 48899 49296 49528 49533 49643 50286 50410 51067 51205 51876 51990 52676 52692 52712 52713 52726 52732 52735 52741 52744 52750 52758 52768 52777 52786 52794
LI (62):  11 12 65 111 112 113 114 115 48074 48124 48126 48136 48501 48510 48519 48777 48782 48787 48814 48815 48816 48837 48839 48846 48848 48855 48857 48885 48888 48894 48897 49571 49641 50336 50337 50406 51120 51121 51201 51919 51928 51937 51946 51955 51964 51973 51982 51989 52673 52681 52686 52691 52696 52701 52706 52711 52725 52729 52734 52738 52743 52747
NODE_NUM = 97
FILE div_sub_523.aig

# Subcircuit 524
SUB_ID 524
LO (33):  48897 48906 48931 48940 48949 48958 48967 48976 48989 48998 49003 49012 49021 49034 49453 49473 49478 49733 49742 49778 50212 50231 50236 50498 50507 50994 51330 51331 51339 51340 51801 51806 52110
LI (46):  96 97 98 99 100 101 102 48145 48154 48235 48244 48814 48815 48816 48930 48939 48948 48957 48966 48975 48984 48987 48993 48996 49002 49011 49020 49029 49032 49571 49731 49740 49776 49787 50207 50336 50337 50338 50554 50988 50997 51120 51121 51122 51325 51329
NODE_NUM = 96
FILE div_sub_524.aig

# Subcircuit 525
SUB_ID 525
LO (24):  49032 49043 49448 49787 50207 50554 50988 51348 51796 51802 51827 52080 52081 52089 52090 52097 52098 52106 52112 52124 52130 52621 52626 52882
LI (42):  95 96 97 98 104 105 23895 48280 48814 48815 48816 49038 49041 49571 49785 49796 50202 50336 50337 50338 50563 50983 51120 51121 51122 51304 51313 51322 51331 51340 51793 51801 51806 51811 51816 51821 51826 51918 52073 52074 52082 52091
NODE_NUM = 98
FILE div_sub_525.aig

# Subcircuit 526
SUB_ID 526
LO (18):  49041 49050 49061 49438 50202 50563 50983 51793 52134 52135 52143 52144 52145 52146 52148 52591 52596 52936
LI (37):  93 94 95 96 97 98 99 23895 48289 48298 48307 48814 48815 49057 49571 49803 49814 50192 50193 50201 50336 50337 50338 50561 50581 50973 50974 51120 51121 51122 51376 51783 51796 51918 51919 52127 52130
NODE_NUM = 99
FILE div_sub_526.aig

# Subcircuit 527
SUB_ID 527
LO (23):  49070 49433 49814 50191 50581 50972 51376 51783 52152 52161 52581 52592 52622 52623 52894 52903 52912 52921 52930 52938 52948 52957 52965
LI (41):  92 93 94 95 96 97 23895 48316 48814 48815 49066 49571 49812 50336 50337 50577 51120 51121 51372 51385 51777 51918 51919 52090 52099 52108 52117 52126 52135 52144 52145 52146 52148 52578 52591 52596 52601 52606 52611 52616 52621
NODE_NUM = 99
FILE div_sub_527.aig

# Subcircuit 528
SUB_ID 528
LO (38):  49077 49133 49142 49151 49160 49165 49174 49183 49192 49201 49210 49219 49228 49237 49246 49259 49328 49383 49388 49393 49398 49869 49878 49887 49896 50003 50086 50770 50868 51565 51676 52351 52476 53160 53300 53985 53986 54139
LI (60):  71 72 73 74 75 76 77 82 83 84 85 48325 48622 48814 48815 48816 49128 49131 49134 49136 49140 49146 49149 49155 49158 49164 49173 49182 49191 49200 49209 49218 49227 49236 49245 49254 49257 49381 49386 49391 49571 50001 50336 50337 50766 50779 50863 51120 51121 51122 51919 52349 52726 52727 53156 53169 53295 53552 53553 53554
NODE_NUM = 99
FILE div_sub_528.aig

# Subcircuit 529
SUB_ID 529
LO (60):  49264 49273 49282 49570 49578 49587 49596 49605 49614 49623 49632 49641 49652 49661 49668 49677 49686 49695 49704 49713 49722 49731 49740 49776 49785 49796 49803 49812 49823 49929 49938 49947 49956 49965 49974 49983 49992 50001 50010 50019 50028 50037 50050 50186 50201 50276 50281 50291 50419 50428 50561 50590 50967 51057 51062 51212 51221 51383 51864 51869
LI (65):  92 93 95 110 111 112 113 21887 48816 48835 49263 49272 49281 49569 49577 49586 49595 49604 49613 49622 49626 49631 49634 49640 49644 49649 49653 49658 49667 49676 49685 49694 49703 49712 49721 49730 49739 49775 49784 49788 49793 49802 49811 49815 49820 49928 49937 49946 49955 49964 49973 49982 49991 50000 50009 50018 50027 50036 50336 50337 50415 50424 50586 51120 51121
NODE_NUM = 97
FILE div_sub_529.aig

# Subcircuit 530
SUB_ID 530
LO (48):  49577 49586 49595 49604 49613 49622 49631 49634 49640 49644 49649 49653 49658 49667 49676 49685 49694 49703 49712 49721 49730 49739 49743 49775 49784 49788 49793 49802 49811 49815 49820 49832 50181 50401 50599 50962 51072 51195 51393 51771 51777 51881 51892 51893 51960 51969 52167 52175
LI (66):  91 92 93 113 114 115 21537 48907 48916 49006 49051 49078 49087 49519 49544 49549 49554 49559 49571 49573 49575 49582 49584 49591 49593 49600 49602 49612 49621 49630 49633 49639 49645 49647 49657 49666 49675 49684 49693 49702 49711 49720 49729 49738 49774 49783 49792 49801 49810 49819 49830 50336 50337 50397 50595 51120 51121 51178 51187 51192 51390 51768 51776 51882 51886 51891
NODE_NUM = 96
FILE div_sub_530.aig

# Subcircuit 531
SUB_ID 531
LO (54):  49928 49937 49946 49955 49964 49973 49982 49991 50000 50009 50018 50027 50036 50331 50333 50335 50337 50344 50355 50356 50364 50365 50373 50374 50382 50383 50391 50392 50607 50608 50615 50688 50689 50696 50822 50837 50843 50848 50849 50912 50957 51077 51082 51087 51092 51097 51108 51113 51143 51152 51161 51595 51605 51613
LI (52):  67 82 91 115 116 117 118 119 120 337 21537 48834 49571 49579 49588 49597 49606 49615 49624 49840 49849 49921 49927 49930 49936 49945 49954 49963 49972 49981 49990 49999 50008 50017 50026 50035 50051 50329 50336 50352 50361 50370 50379 50388 50604 50685 50806 50815 50819 50834 50842 50847
NODE_NUM = 100
FILE div_sub_531.aig

# Subcircuit 532
SUB_ID 532
LO (52):  50329 51120 51126 51129 51136 51139 51149 51158 51167 51176 51186 51187 51231 51232 51239 51293 51302 51311 51321 51322 51329 51402 51403 51411 51412 51419 51438 51439 51447 51448 51456 51457 51465 51466 51474 51475 51483 51484 51491 51721 51726 51731 51736 51741 51746 51761 51766 51811 51861 51886 52218 52227
LI (58):  83 84 85 86 87 88 91 92 101 111 116 120 49564 49571 50325 50327 50346 50356 51098 51101 51115 51117 51119 51128 51138 51148 51157 51166 51175 51183 51184 51228 51229 51238 51292 51301 51310 51318 51319 51328 51399 51400 51408 51409 51418 51435 51436 51444 51445 51453 51454 51462 51463 51471 51472 51480 51481 51490
NODE_NUM = 100
FILE div_sub_532.aig

# Subcircuit 533
SUB_ID 533
LO (35):  50352 50361 50370 50379 50577 50586 50595 50604 50644 50671 50680 50685 50703 50712 50721 50730 50739 50748 50757 50766 50779 50863 50917 50922 50938 51435 51436 51444 51445 51453 51454 51463 51472 51570 51571
LI (56):  72 83 84 85 86 87 50297 50302 50307 50312 50336 50338 50348 50350 50357 50359 50366 50368 50375 50377 50576 50585 50594 50603 50639 50641 50648 50650 50653 50657 50659 50662 50666 50668 50671 50675 50677 50684 50702 50711 50720 50729 50738 50747 50756 50765 50774 50777 50788 50858 50923 50924 50928 50933 51121 51122
NODE_NUM = 99
FILE div_sub_533.aig

# Subcircuit 534
SUB_ID 534
LO (26):  50777 50788 50858 51583 51666 52369 52466 53295 54129 54141 54394 54399 54402 54816 54817 54825 54826 54831 54833 54834 54838 54842 54981 54993 54998 55663
LI (41):  71 72 73 74 75 76 78 79 50336 50338 50776 50783 50786 50797 50853 51120 51121 51122 51919 52367 52726 52727 53174 53187 53285 53294 53552 53553 53554 53986 53993 54126 54139 54392 54393 54398 54401 54809 54811 54815 54824
NODE_NUM = 100
FILE div_sub_534.aig

# Subcircuit 535
SUB_ID 535
LO (29):  50786 50793 50802 50811 50819 50834 51619 51627 51635 51637 51641 51646 52405 52414 52422 52436 52441 52446 53213 53214 53222 53223 53231 53232 53259 53264 53269 54032 54041
LI (35):  8 9 65 66 67 68 69 70 22689 23611 23895 50336 50338 50785 50792 50801 50810 50818 50826 50837 51120 51121 51122 51613 51617 51636 51918 51919 52403 52412 52726 52727 53210 53219 53228
NODE_NUM = 90
FILE div_sub_535.aig

# Subcircuit 536
SUB_ID 536
LO (22):  50826 50853 51592 51661 52378 52461 53187 53285 54126 54843 54852 54978 54994 55009 55010 55648 55657 55665 55675 55684 55693 55701
LI (43):  71 72 73 74 75 76 21894 50338 50849 50852 51122 51585 51590 51919 52376 52726 52727 53183 53196 53280 53552 53553 53554 54022 54120 54129 54392 54393 54394 54799 54808 54817 54826 54835 54838 54842 54975 54981 54988 54993 54998 55003 55008
NODE_NUM = 96
FILE div_sub_536.aig

# Subcircuit 537
SUB_ID 537
LO (46):  51098 51101 51115 51117 51119 51121 51128 51138 51146 51148 51155 51157 51164 51166 51175 51184 51229 51238 51292 51301 51310 51319 51328 51400 51409 51418 51481 51490 51500 51590 51601 51610 51617 51651 51656 52387 52396 52451 52456 53195 53196 53204 53274 53280 54017 54025
LI (60):  69 70 71 72 120 121 337 411 49580 50322 50331 50333 50338 50343 50345 50346 50355 50364 50365 50373 50374 50382 50391 50436 50445 50499 50508 50517 50526 50535 50607 50616 50625 50688 50697 50706 50796 50805 50814 50822 51084 51087 51092 51097 51109 51113 51120 51143 51152 51162 51597 51606 51919 52385 52394 52726 52727 53192 53201 53271
NODE_NUM = 100
FILE div_sub_537.aig

# Subcircuit 538
SUB_ID 538
LO (27):  51109 51162 51178 51183 51192 51201 51214 51871 51891 51953 52673 52799 52808 53494 53535 53536 53552 53558 53561 53567 53576 53585 53594 53603 53612 53621 53629
LI (50):  113 114 115 116 117 23895 50323 51083 51108 51122 51161 51177 51182 51191 51200 51209 51212 51869 51890 51892 51896 51918 51919 51950 51998 52009 52667 52676 52726 52727 52728 52737 52746 52755 52764 52773 52782 52791 52794 52798 53491 53504 53509 53514 53519 53524 53529 53534 53551 53560
NODE_NUM = 100
FILE div_sub_538.aig

# Subcircuit 539
SUB_ID 539
LO (19):  51223 51866 52009 52667 53491 53634 53643 54329 54370 54371 54407 54416 54425 54434 54443 54452 54461 54470 54478
LI (39):  112 113 114 115 116 51122 51218 51221 51864 51919 52007 52018 52662 52726 52727 52728 52827 53485 53494 53552 53553 53554 53572 53581 53590 53599 53608 53617 53626 53629 53633 54326 54339 54344 54349 54354 54359 54364 54369
NODE_NUM = 100
FILE div_sub_539.aig

# Subcircuit 540
SUB_ID 540
LO (31):  51228 51250 51313 51372 51385 51776 51816 51851 52091 52578 52616 52662 52826 52827 52835 52836 52844 52845 52970 52971 52979 53399 53405 53406 53474 53479 53484 53645 53654 53792 53800
LI (41):  94 95 96 97 102 109 110 111 112 113 51122 51227 51249 51312 51371 51380 51383 51815 51850 51919 52027 52034 52045 52099 52169 52180 52572 52581 52614 52647 52648 52656 52661 52726 52727 52728 52825 52834 52965 52969 53396
NODE_NUM = 99
FILE div_sub_540.aig

# Subcircuit 541
SUB_ID 541
LO (27):  51390 51399 51408 51462 51471 51480 51493 51716 52279 52516 53088 53339 53904 53913 54179 54225 54226 54668 54677 54686 54695 54704 54713 54722 54731 54740 54748
LI (44):  82 83 84 85 86 51122 51389 51398 51407 51461 51470 51479 51488 51491 51919 52277 52726 52727 53084 53340 53344 53552 53553 53554 53833 53842 53851 53860 53869 53878 53887 53896 53899 53903 53910 54176 54189 54194 54199 54204 54209 54214 54219 54224
NODE_NUM = 98
FILE div_sub_541.aig

# Subcircuit 542
SUB_ID 542
LO (25):  51574 51585 51597 51606 51671 51748 52360 52471 52541 52567 52568 52993 53002 53011 53020 53023 53029 53032 53037 53041 53169 53294 53362 53367 53993
LI (44):  73 74 75 88 89 90 23895 50843 50848 51120 51122 51439 51448 51570 51571 51584 51593 51595 51605 51738 51741 51746 51918 51919 52189 52198 52207 52208 52209 52211 52217 52218 52226 52228 52358 52538 52556 52561 52566 52726 52727 53165 53552 53553
NODE_NUM = 99
FILE div_sub_542.aig

# Subcircuit 543
SUB_ID 543
LO (47):  51768 51815 51850 51890 51912 51918 51926 51935 51944 51950 51962 51972 51973 51981 51982 51989 51998 52007 52017 52018 52026 52027 52034 52116 52117 52169 52179 52180 52188 52189 52197 52198 52206 52207 52241 52242 52556 52561 52566 52571 52606 52656 52661 52681 52686 52717 52981
LI (60):  91 92 93 94 101 102 109 111 112 116 117 23895 51141 51142 51151 51160 51169 51174 51176 51246 51248 51309 51311 51403 51767 51893 51896 51901 51906 51911 51916 51921 51930 51939 51961 51965 51970 51974 51979 51988 51997 52006 52010 52015 52019 52024 52033 52109 52114 52168 52172 52177 52181 52186 52190 52195 52199 52204 52235 52240
NODE_NUM = 97
FILE div_sub_543.aig

# Subcircuit 544
SUB_ID 544
LO (27):  51961 51965 51970 51974 51979 51988 51997 52006 52010 52015 52019 52024 52033 52045 52646 53485 53652 53661 53670 53679 54309 54326 54479 54488 54497 54506 54514
LI (44):  109 110 111 112 113 114 23895 51186 51195 51231 51240 51258 51919 51960 51969 51978 51987 51996 52005 52014 52023 52032 52043 52726 52727 52836 52845 52850 52863 53465 53474 53479 53484 53552 53553 53554 53645 53651 53654 53660 53669 54306 54329 54478
NODE_NUM = 98
FILE div_sub_544.aig

# Subcircuit 545
SUB_ID 545
LO (30):  52073 52082 52099 52108 52611 53434 53465 53688 53689 53697 53698 53706 53707 53715 53716 53724 53725 53730 53731 53737 53740 54284 54289 54294 54299 54304 54521 54530 54539 54548
LI (35):  102 103 104 106 107 108 109 110 51294 51303 51321 51919 52098 52106 52726 52727 52872 52881 52890 52899 52904 52913 53431 53444 53449 53454 53459 53464 53553 53554 53687 53696 53705 53714 53723
NODE_NUM = 98
FILE div_sub_545.aig

# Subcircuit 546
SUB_ID 546
LO (25):  52109 52114 52126 52601 53431 53742 53751 53760 54264 54285 54290 54295 54300 54306 54516 54519 54523 54532 54541 54550 54561 54570 54579 54588 54595
LI (44):  100 101 102 103 104 23895 51330 51339 51802 51919 52110 52112 52124 52726 52727 52926 52931 52944 53420 53429 53552 53553 53554 53689 53698 53707 53716 53725 53734 53735 53737 53741 53750 54261 54279 54284 54289 54294 54299 54304 54394 54512 54514 54518
NODE_NUM = 99
FILE div_sub_546.aig

# Subcircuit 547
SUB_ID 547
LO (31):  52127 52168 52172 52177 52181 52186 52190 52195 52199 52204 52208 52209 52217 52226 52228 52235 52538 53042 53051 53359 53396 53802 53805 53811 53820 53829 53838 53847 53856 53865 53872
LI (52):  88 89 23895 51348 51393 51402 51403 51411 51420 51429 51438 51439 51447 51456 51737 51751 51767 51771 51919 52167 52175 52185 52194 52203 52227 52243 52252 52532 52534 52728 52989 52998 53007 53016 53025 53034 53035 53037 53041 53050 53356 53362 53369 53374 53379 53384 53389 53394 53554 53798 53800 53804
NODE_NUM = 97
FILE div_sub_547.aig

# Subcircuit 548
SUB_ID 548
LO (22):  52240 52243 52252 52532 53035 53050 53356 53878 53887 54194 54199 54717 54726 55048 55074 55075 55531 55540 55549 55558 55567 55575
LI (38):  86 87 88 89 90 23895 51465 51919 52239 52242 52250 52261 52527 52541 52726 52727 52728 53070 53350 53359 53552 53553 53554 53872 53876 54392 54393 54682 54691 54700 54709 54714 54723 55045 55058 55063 55068 55073
NODE_NUM = 96
FILE div_sub_548.aig

# Subcircuit 549
SUB_ID 549
LO (40):  52250 52261 52526 53070 53350 53896 54189 55045 55248 55256 55257 55265 55266 55274 55275 55283 55284 55292 55293 55301 55302 55307 55310 55580 55581 55586 55588 55589 55916 56071 56076 56081 56086 56091 56096 56128 56137 56146 56155 56164
LI (49):  85 86 87 88 90 121 122 123 124 125 126 23895 51474 51918 51919 52248 52259 52726 52727 53066 53079 53345 53552 53553 53554 54392 54393 54732 54745 55039 55048 55246 55247 55252 55255 55261 55264 55270 55273 55279 55282 55288 55291 55297 55300 55306 55309 55575 55579
NODE_NUM = 100
FILE div_sub_549.aig

# Subcircuit 550
SUB_ID 550
LO (26):  52259 52270 52277 52288 52511 52521 53079 53097 53334 53344 53345 53899 53903 54176 55039 55598 55599 55607 55608 55609 55611 55615 55894 55901 55906 56470
LI (41):  82 83 84 85 86 87 88 23895 51483 51501 51918 51919 52257 52266 52268 52275 52286 52726 52727 53075 53093 53341 53552 53553 53919 53932 54170 54171 54179 54392 54393 54394 54748 54752 54772 55025 55038 55246 55247 55248 55597
NODE_NUM = 99
FILE div_sub_550.aig

# Subcircuit 551
SUB_ID 551
LO (36):  52286 52289 52304 52313 52322 52331 52340 52349 52358 52367 52376 52385 52394 52403 52412 52425 52534 52572 52989 53394 53798 53814 54234 54261 54600 54601 54609 54610 54615 54624 54633 54642 54649 55113 55118 55447
LI (50):  87 95 96 102 103 23895 24307 51510 51918 51919 52241 52284 52302 52311 52320 52329 52338 52347 52356 52365 52374 52383 52392 52401 52410 52568 52571 52728 52982 52987 53399 53552 53553 53770 53779 53788 53797 53806 53811 54231 54239 54244 54249 54254 54259 54394 54593 54595 54599 54608
NODE_NUM = 100
FILE div_sub_551.aig

# Subcircuit 552
SUB_ID 552
LO (42):  52614 52627 52721 52723 52725 52727 52734 52743 52755 52764 52773 52782 52791 52798 52825 52834 52863 52870 52890 52897 52898 53449 53464 53504 53509 53514 53519 53524 53540 53545 53579 53588 53597 53606 53615 53687 53714 53723 54342 54347 54352 54357
LI (44):  103 106 109 117 118 119 120 121 123 23895 24711 51140 51919 51927 51936 51945 51954 51963 51972 51981 51990 52017 52026 52053 52062 52080 52089 52097 52623 52626 52719 52726 52728 52751 52760 52769 52778 52787 52859 52883 52888 52895 53552 53553
NODE_NUM = 98
FILE div_sub_552.aig

# Subcircuit 553
SUB_ID 553
LO (39):  52719 52746 52751 52760 52769 52778 52787 52850 52859 52881 52883 52895 52899 52904 52913 52926 52931 52944 53420 53429 53444 53454 53529 53570 53705 53735 53750 53770 53779 54254 54259 54593 54608 54618 54619 55108 55109 55110 55467
LI (58):  99 100 101 102 105 107 122 51912 51919 52116 52134 52592 52622 52692 52715 52717 52726 52727 52728 52745 52750 52756 52758 52768 52777 52786 52849 52858 52880 52882 52894 52898 52903 52912 52921 52924 52930 52936 52938 52942 52948 52951 52953 52962 53410 53415 53434 53442 53453 53528 53552 53553 53554 54264 54392 54393 54615 55105
NODE_NUM = 96
FILE div_sub_553.aig

# Subcircuit 554
SUB_ID 554
LO (19):  52951 52962 53410 53788 54249 55105 55472 55481 55971 56007 56008 56293 56302 56311 56320 56329 56338 56347 56355
LI (41):  98 99 100 101 102 52143 52726 52727 52728 52957 52960 52971 53405 53406 53552 53553 53554 54392 54393 54624 54637 55099 55108 55246 55247 55248 55419 55428 55437 55446 55455 55464 55467 55471 55968 55981 55986 55991 55996 56001 56006
NODE_NUM = 97
FILE div_sub_554.aig

# Subcircuit 555
SUB_ID 555
LO (23):  52960 52969 52982 52987 52998 53389 54231 55099 55490 55491 55499 55500 55508 55509 55517 55518 55951 55956 55961 55966 56362 56371 56380
LI (39):  94 95 96 97 98 99 100 52152 52161 52179 52567 52726 52727 52728 52981 52993 52996 53552 53553 53820 53833 54225 54226 54234 54392 54393 54394 54646 54649 54653 54673 55079 55093 55098 55246 55247 55248 55489 55498
NODE_NUM = 98
FILE div_sub_555.aig

# Subcircuit 556
SUB_ID 556
LO (29):  52996 53007 53384 53833 54224 54673 55079 55526 55968 56360 56361 56369 56370 56378 56379 56387 56388 56396 56397 56402 56844 56849 56854 56859 56864 57264 57272 57280 57288
LI (48):  93 94 95 96 98 99 100 101 102 52188 52726 52727 52728 53002 53005 53552 53553 53829 54392 54393 54669 54682 55074 55075 55246 55247 55248 55491 55500 55509 55518 55536 55942 55951 55956 55961 55966 56116 56353 56355 56359 56362 56368 56371 56377 56380 56386 56395
NODE_NUM = 100
FILE div_sub_556.aig

# Subcircuit 557
SUB_ID 557
LO (44):  53005 53016 53379 53842 54219 54682 55073 55536 55942 56116 56127 56136 56145 56154 56163 56172 56181 56186 56189 56411 56413 56414 56964 56969 56974 56979 56984 56989 56994 57245 57445 57453 57456 57461 57464 57469 57472 57477 57480 57485 57488 57493 57496 57501
LI (46):  92 93 94 95 122 123 124 125 126 127 128 52197 52726 52727 52728 53011 53014 53552 53553 53838 54392 54393 54678 55246 55247 55532 55545 55937 56114 56115 56122 56125 56131 56134 56140 56143 56149 56152 56158 56161 56167 56170 56176 56179 56185 56188
NODE_NUM = 99
FILE div_sub_557.aig

# Subcircuit 558
SUB_ID 558
LO (29):  53014 53025 53374 53851 54214 54691 55068 55545 55937 56423 56829 56845 56850 56855 56860 56885 56886 57234 57243 57251 57259 57266 57274 57282 57290 57299 57307 57315 57323
LI (48):  91 92 93 94 95 52206 52726 52727 52728 53020 53023 53552 53553 53847 54392 54393 54687 55246 55247 55541 55554 55932 56114 56115 56116 56325 56334 56343 56352 56361 56370 56379 56388 56397 56406 56415 56826 56834 56839 56844 56849 56854 56859 56864 56869 56874 56879 56884
NODE_NUM = 100
FILE div_sub_558.aig

# Subcircuit 559
SUB_ID 559
LO (30):  53034 53260 53265 53271 53369 53860 54027 54034 54043 54054 54063 54071 54073 54074 54076 54078 54081 54209 54700 54914 55063 55554 55932 56433 56676 56825 56826 56996 56997 57231
LI (43):  6 65 66 90 91 92 93 94 25152 52728 53029 53032 53214 53223 53232 53240 53243 53254 53259 53264 53269 53367 53552 53553 53554 53856 54023 54025 54392 54393 54696 55246 55247 55550 55563 55927 56114 56115 56116 56127 56442 56820 56995
NODE_NUM = 99
FILE div_sub_559.aig

# Subcircuit 560
SUB_ID 560
LO (26):  53066 53075 53084 53093 53106 53329 53932 54169 54772 55025 55616 55625 55891 55902 55927 56441 56442 56447 56450 56456 56465 56472 56483 56492 56499 56819
LI (43):  82 83 84 85 86 93 52728 53065 53074 53083 53092 53101 53104 53552 53553 53928 54392 54393 54768 54781 55019 55246 55247 55248 55572 55581 55590 55599 55608 55609 55611 55615 55888 55894 55901 55906 55911 55916 55921 55926 56116 56440 56449
NODE_NUM = 99
FILE div_sub_560.aig

# Subcircuit 561
SUB_ID 561
LO (40):  53104 53113 53120 53129 53138 53147 53156 53165 53174 53183 53192 53201 53210 53219 53228 53240 53254 54066 54120 54861 54862 54870 54871 54879 54880 54888 54889 54897 54898 54899 54901 54953 54958 54963 54968 54973 55708 55717 55726 55735
LI (47):  67 68 70 71 72 73 74 52296 52305 52726 52727 52728 53119 53128 53137 53146 53155 53164 53173 53182 53191 53200 53209 53218 53227 53235 53238 53552 53553 54031 54040 54049 54058 54063 54075 54091 54099 54104 54109 54114 54119 54394 54860 54869 54878 54887 54896
NODE_NUM = 97
FILE div_sub_561.aig

# Subcircuit 562
SUB_ID 562
LO (46):  53238 53243 53442 53453 53528 53547 53549 53551 53553 53560 53625 53626 53633 53651 53660 53669 53696 53796 53797 53804 53868 53869 53876 53940 53941 53948 54021 54022 54030 54031 54039 54040 54048 54049 54056 54057 54104 54109 54114 54119 54164 54204 54244 54339 54380 54385
LI (58):  70 71 72 73 82 90 98 105 107 117 122 124 280 24314 24711 51928 52426 52712 52721 52723 52726 52727 52728 52736 52742 52744 52799 52808 52826 52835 52844 52871 52877 52879 52897 52970 52979 53042 53051 53114 53123 53195 53204 53213 53222 53231 53541 53545 53552 53622 53793 53865 53937 54018 54027 54036 54045 54054
NODE_NUM = 99
FILE div_sub_562.aig

# Subcircuit 563
SUB_ID 563
LO (44):  53541 53581 53590 54359 54364 55229 55230 55246 55252 55255 55261 55264 55270 55273 55279 55282 55291 55300 55309 55319 55320 55328 55329 55337 55338 55346 55347 55355 55356 55364 55365 55372 55373 56036 56041 56046 56051 56056 56061 56191 56200 56209 56218 56227
LI (48):  114 115 116 117 118 119 121 122 123 52713 53540 53554 53580 53585 53588 54357 54363 54392 54393 54403 54412 54417 54426 54439 55209 55223 55228 55245 55247 55254 55263 55290 55299 55308 55316 55317 55325 55326 55334 55335 55343 55344 55352 55353 55361 55362 55370 55371
NODE_NUM = 100
FILE div_sub_563.aig

# Subcircuit 564
SUB_ID 564
LO (26):  53599 53608 53617 53622 53734 54279 54344 54349 54354 54439 55133 55154 55155 55209 55288 55290 55297 55299 55306 55308 55387 55396 55405 55414 55422 55425
LI (42):  105 106 118 119 120 121 53552 53554 53594 53597 53603 53606 53612 53615 53621 53730 53731 54342 54347 54352 54392 54393 54435 54444 54448 54453 54457 54466 54538 54547 54556 54565 54570 55130 55138 55143 55148 55153 55194 55199 55204 55247
NODE_NUM = 99
FILE div_sub_564.aig

# Subcircuit 565
SUB_ID 565
LO (38):  53741 53793 53806 53910 53919 53928 53937 53959 54018 54023 54036 54045 54058 54075 54091 54099 54154 54239 54906 54915 54943 54954 54975 55706 55707 55715 55716 55724 55725 55730 55733 55737 55748 55757 55764 55836 55841 55846
LI (61):  67 68 69 74 75 76 80 97 53214 53260 53265 53274 53552 53554 53740 53792 53805 53909 53918 53927 53936 53958 54017 54032 54034 54041 54043 54057 54074 54084 54085 54088 54098 54153 54238 54394 54862 54871 54880 54889 54898 54899 54901 54905 54914 54940 54953 54958 54963 54968 54973 55248 55699 55701 55705 55708 55714 55717 55723 55726 55732
NODE_NUM = 100
FILE div_sub_565.aig

# Subcircuit 566
SUB_ID 566
LO (25):  54084 54085 54940 55770 55779 55787 55795 55797 55801 55806 55811 56648 56649 56657 56658 56666 56667 56670 56673 56687 56694 56699 56704 57024 57032
LI (29):  5 66 67 68 69 70 26006 26874 27756 54076 54078 54081 54392 54393 54394 54926 54943 55246 55247 55248 55764 55768 55789 55796 56114 56115 56645 56654 56663
NODE_NUM = 97
FILE div_sub_566.aig

# Subcircuit 567
SUB_ID 567
LO (55):  54088 54098 54153 54238 54363 54375 54376 54392 54398 54401 54411 54412 54465 54466 54474 54475 54483 54484 54492 54493 54501 54502 54510 54511 54518 54528 54529 54537 54538 54546 54547 54555 54556 54564 54565 54581 54582 55138 55143 55148 55153 55158 55168 55173 55178 55183 55188 55193 55223 55312 55321 55330 55339 55348 55375
LI (60):  67 69 80 97 107 108 109 110 111 113 114 115 116 117 118 122 124 53563 53577 53579 53802 53804 53955 53957 54054 54056 54071 54073 54371 54374 54391 54396 54400 54408 54409 54462 54463 54471 54472 54480 54481 54489 54490 54498 54499 54507 54508 54517 54525 54526 54534 54535 54543 54544 54552 54553 54561 54562 54579 54580
NODE_NUM = 97
FILE div_sub_567.aig

# Subcircuit 568
SUB_ID 568
LO (52):  54387 54389 54391 54393 54400 54409 54463 54472 54481 54490 54499 54508 54517 54526 54535 54544 54553 54562 54580 54591 54592 54599 54636 54637 54645 54646 54653 54708 54709 54744 54745 54752 54780 54781 54789 54790 54798 54799 54806 54807 55008 55013 55018 55038 55058 55093 55098 55123 55234 55239 55627 55636
LI (55):  81 82 83 87 91 98 99 104 125 280 407 52737 53535 53547 53549 53554 53562 53571 53625 53634 53643 53652 53661 53670 53679 53688 53697 53706 53715 53724 53742 53751 53760 53796 53805 53814 53868 53904 53913 53940 53949 53958 53967 54381 54385 54392 54588 54633 54642 54705 54741 54777 54786 54795 54804
NODE_NUM = 97
FILE div_sub_568.aig

# Subcircuit 569
SUB_ID 569
LO (31):  54381 54396 54403 55228 55245 56114 56115 56122 56125 56131 56134 56140 56143 56149 56152 56158 56161 56167 56170 56176 56179 56185 56188 56198 56199 56207 56208 56215 56949 56954 57432
LI (51):  119 120 125 127 128 279 53536 54370 54380 54395 54402 55227 55229 55230 55241 55243 55248 55256 55257 55265 55266 55274 55275 55283 55284 55292 55293 55301 55302 55310 55319 55320 55328 55337 56062 56065 56071 56076 56081 56086 56091 56096 56097 56107 56128 56137 56146 56155 56164 56195 56204
NODE_NUM = 100
FILE div_sub_569.aig

# Subcircuit 570
SUB_ID 570
LO (34):  54408 54417 54426 54435 54444 54453 54462 54471 54480 54489 54498 54507 54512 55194 55316 55325 55334 55343 55352 55361 55370 56031 56037 56042 56062 56195 56204 56216 56217 56220 56229 56240 56247 56944
LI (57):  112 118 53689 54309 54394 54407 54416 54425 54434 54443 54452 54461 54470 54475 54479 54484 54488 54493 54497 54502 54506 54511 54519 54529 55159 55162 55168 55173 55178 55183 55188 55193 55248 55312 55321 55329 55330 55338 55339 55347 55348 55356 55365 55374 56028 56029 56036 56041 56046 56051 56056 56061 56116 56191 56200 56209 56215
NODE_NUM = 99
FILE div_sub_570.aig

# Subcircuit 571
SUB_ID 571
LO (22):  54525 54534 54543 54552 55130 55428 55437 55996 56001 56306 56315 56889 56930 57330 57339 57347 57355 57363 57371 57379 57387 57395
LI (44):  105 106 107 108 54285 54290 54295 54300 54394 54521 54523 54530 54532 54539 54541 54548 54550 54582 54592 55124 55127 55133 55248 55422 55426 55435 56114 56115 56253 56262 56271 56280 56289 56298 56303 56312 56886 56899 56904 56909 56914 56919 56924 56929
NODE_NUM = 100
FILE div_sub_571.aig

# Subcircuit 572
SUB_ID 572
LO (42):  54669 54678 54687 54696 54705 54714 54723 54732 54741 54768 54777 54786 54795 54804 54808 54809 54815 54824 54835 54860 54869 54878 54887 54896 54905 54926 54988 55003 55019 55789 55888 56504 56505 56513 56514 56515 56517 56521 56772 56779 56784 57160
LI (59):  3 4 65 77 80 83 84 85 86 53976 53985 53986 54021 54030 54039 54048 54057 54066 54144 54392 54393 54394 54668 54677 54686 54695 54704 54713 54722 54731 54740 54767 54776 54785 54790 54794 54803 54806 54807 54831 54833 54834 54987 55010 55013 55018 55248 55627 55633 55637 55642 55653 55878 55891 56114 56115 56116 56499 56503
NODE_NUM = 94
FILE div_sub_572.aig

# Subcircuit 573
SUB_ID 573
LO (26):  55124 55127 55159 55446 55455 55464 55981 55986 55991 56028 56253 56254 56256 56260 56325 56334 56343 56874 56879 56884 56924 57311 57319 57327 57335 57390
LI (45):  103 104 105 106 112 114 54579 54581 54601 54610 55110 55113 55118 55123 55155 55158 55248 55376 55381 55392 55444 55447 55453 55457 55462 56023 56031 56114 56115 56116 56127 56247 56251 56321 56330 56339 56885 56889 56995 56996 57308 57316 57324 57330 57334
NODE_NUM = 95
FILE div_sub_573.aig

# Subcircuit 574
SUB_ID 574
LO (50):  55162 55227 55241 55243 55247 55254 55263 55317 55326 55335 55344 55353 55362 55371 55381 55391 55392 55400 55401 55409 55410 55418 55419 55435 55444 55453 55462 55471 55489 55498 55562 55563 55571 55572 55579 55597 55633 55642 55651 55652 55921 55926 56006 56011 56016 56021 56107 56263 56272 56281
LI (57):  91 92 108 109 110 111 112 125 126 407 53563 54375 54387 54389 54394 54399 54401 54402 54411 54465 54474 54483 54492 54501 54510 54516 54518 54519 54528 54537 54546 54555 54564 54582 54591 54600 54609 54618 54636 54645 54708 54717 54726 54744 54780 54789 54798 55235 55239 55246 55388 55397 55406 55415 55559 55568 55649
NODE_NUM = 97
FILE div_sub_574.aig

# Subcircuit 575
SUB_ID 575
LO (35):  55235 55374 55376 55388 55397 55406 55415 55426 55457 55532 55541 55550 55559 55568 55590 55637 55649 55878 55911 56522 56531 56769 56780 56820 57138 57147 57155 57162 57171 57179 57187 57195 57203 57211 57219
LI (57):  83 84 89 113 54376 54619 55009 55109 55113 55154 55234 55246 55248 55373 55375 55387 55396 55405 55414 55425 55531 55540 55549 55558 55567 55589 55636 55648 55653 55662 55872 55874 55910 56116 56451 56460 56469 56478 56487 56496 56505 56514 56515 56517 56521 56530 56766 56772 56779 56784 56789 56794 56799 56804 56809 56814 56819
NODE_NUM = 100
FILE div_sub_575.aig

# Subcircuit 576
SUB_ID 576
LO (11):  55653 55662 55872 56530 56766 57112 57114 57118 57127 57135 57143
LI (39):  79 80 81 82 54807 54816 54994 55246 55247 55248 55652 55657 55660 55663 55665 55669 55671 55675 55678 55680 55689 55857 55862 55867 56114 56115 56116 56127 56550 56559 56568 56751 56755 56760 56769 56995 56996 57138 57142
NODE_NUM = 100
FILE div_sub_576.aig

# Subcircuit 577
SUB_ID 577
LO (21):  55678 55689 55699 55705 55714 55723 55732 55734 55831 55857 56568 56613 56724 56725 56726 56751 57066 57070 57103 57111 57119
LI (42):  73 74 77 78 79 54825 54834 54843 54852 54861 54862 54870 54879 54978 55246 55247 55248 55684 55687 55693 55696 55698 55707 55730 55733 55847 55852 56114 56115 56116 56127 56577 56586 56609 56721 56740 56745 56995 56996 57112 57114 57118
NODE_NUM = 96
FILE div_sub_577.aig

# Subcircuit 578
SUB_ID 578
LO (21):  55743 55752 55761 55768 55816 55821 55826 55874 55910 56012 56017 56023 56258 56265 56274 56283 56721 57047 57055 57063 57071
LI (49):  70 71 72 73 82 89 54888 54897 54906 54915 54954 55246 55247 55248 55392 55401 55410 55586 55588 55651 55735 55737 55741 55748 55757 56008 56011 56016 56021 56114 56115 56116 56127 56254 56256 56618 56627 56631 56636 56640 56649 56705 56710 56715 56724 56995 56996 57066 57070
NODE_NUM = 98
FILE div_sub_578.aig

# Subcircuit 579
SUB_ID 579
LO (54):  56029 56065 56959 56965 56970 56975 56980 56985 56990 56995 57007 57015 57023 57031 57039 57079 57087 57095 57142 57151 57159 57167 57175 57183 57191 57199 57207 57215 57223 57239 57247 57255 57263 57271 57279 57287 57295 57303 57334 57343 57351 57359 57367 57375 57383 57398 57442 57451 57458 57466 57474 57482 57490 57498
LI (91):  113 120 121 55307 55309 55372 56136 56145 56154 56163 56172 56181 56189 56956 56958 56964 56969 56974 56979 56984 56989 56994 57004 57005 57012 57013 57020 57021 57028 57029 57036 57037 57076 57077 57084 57085 57092 57093 57141 57148 57149 57156 57157 57164 57165 57172 57173 57180 57181 57188 57189 57196 57197 57204 57205 57212 57213 57220 57221 57236 57237 57244 57245 57252 57253 57260 57261 57268 57269 57276 57277 57284 57285 57292 57293 57300 57301 57333 57340 57341 57348 57349 57356 57357 57364 57365 57372 57373 57380 57381 57397
NODE_NUM = 100
FILE div_sub_579.aig

# Subcircuit 580
SUB_ID 580
LO (19):  56251 56262 56271 56276 56279 56914 56919 56929 56956 57365 57373 57381 57397 57407 57415 57423 57431 57439 57447
LI (52):  112 113 115 116 117 55346 55355 55364 55373 55391 56012 56017 56037 56042 56114 56115 56116 56127 56199 56208 56217 56218 56220 56224 56227 56229 56233 56235 56240 56244 56258 56260 56263 56265 56269 56272 56274 56278 56930 56935 56944 56949 56954 56995 56996 57422 57430 57432 57438 57440 57442 57446
NODE_NUM = 100
FILE div_sub_580.aig

# Subcircuit 581
SUB_ID 581
LO (43):  56278 56280 56289 56298 56303 56312 56321 56330 56339 56352 56353 56359 56368 56377 56386 56395 56406 56415 56440 56449 56451 56460 56469 56478 56485 56799 56804 56809 56814 56834 56839 56869 56899 56904 56909 57189 57197 57205 57213 57253 57301 57349 57357
LI (58):  89 90 91 92 96 97 103 109 110 111 55400 55409 55418 55472 55481 55490 55491 55499 55508 55517 55526 55562 55571 55580 55589 55598 55607 55902 55971 56007 56114 56115 56116 56127 56276 56279 56281 56283 56287 56293 56296 56302 56311 56320 56329 56338 56347 56350 56402 56414 56447 56450 56456 56465 56470 56472 56476 56833
NODE_NUM = 99
FILE div_sub_581.aig

# Subcircuit 582
SUB_ID 582
LO (31):  56487 56496 56503 56586 56609 56618 56627 56636 56645 56654 56663 56677 56679 56689 56705 56740 56789 56794 57005 57013 57020 57028 57036 57076 57077 57084 57085 57092 57093 57173 57181
LI (53):  2 67 75 76 77 87 88 55616 55625 55706 55715 55724 56114 56115 56116 56127 56483 56485 56492 56581 56584 56590 56593 56595 56599 56602 56604 56608 56613 56617 56626 56635 56644 56653 56658 56662 56667 56670 56673 56676 56678 56687 56690 56694 56699 56704 56725 56726 56730 56735 56996 57024 57032
NODE_NUM = 98
FILE div_sub_582.aig

# Subcircuit 583
SUB_ID 583
LO (52):  56678 56683 56685 56833 56958 57000 57004 57012 57021 57029 57037 57141 57148 57149 57156 57157 57164 57165 57172 57180 57188 57196 57204 57212 57220 57221 57236 57237 57244 57252 57260 57261 57268 57269 57276 57277 57284 57285 57292 57293 57300 57308 57316 57324 57333 57340 57341 57348 57356 57364 57372 57380
LI (75):  1 66 96 121 27756 28345 56116 56127 56186 56188 56306 56315 56360 56369 56378 56387 56396 56411 56413 56423 56433 56441 56504 56513 56522 56531 56648 56657 56666 56677 56679 56684 56780 56825 56829 56845 56850 56855 56860 56996 56997 57011 57147 57155 57160 57162 57171 57179 57187 57195 57203 57211 57219 57234 57243 57251 57259 57264 57266 57272 57274 57280 57282 57288 57290 57299 57307 57315 57323 57339 57347 57355 57363 57371 57379
NODE_NUM = 75
FILE div_sub_583.aig

# Subcircuit 584
SUB_ID 584
LO (14):  57391 57399 57422 57430 57438 57440 57446 57455 57463 57471 57479 57487 57495 57503
LI (39):  56127 56198 56199 56207 56216 56959 56965 56970 56975 56980 56985 56990 56995 56996 57387 57390 57395 57398 57445 57451 57453 57456 57458 57461 57464 57466 57469 57472 57474 57477 57480 57482 57485 57488 57490 57493 57496 57498 57501
NODE_NUM = 45
FILE div_sub_584.aig

