# Subcircuit 0
SUB_ID 0
LO (167):  2436 2437 2438 2439 2440 2441 2442 2443 2444 2445 2446 2447 2448 2449 2450 2451 2452 2453 2454 2455 2456 2457 2458 2459 2460 2461 2462 2463 2464 2465 2466 2467 2468 2469 2470 2471 2472 2473 2474 2475 2476 2477 2478 2479 2480 2481 2482 2483 2484 2485 2486 2487 2488 2489 2490 2491 2492 2493 2494 2495 2496 2497 2498 2499 2500 2501 2502 2503 2504 2505 2506 2507 2508 2509 2510 2511 2512 2513 2514 2515 2516 2517 2518 2519 2520 2521 2522 2523 2524 2525 2526 2527 2528 2529 2530 2531 2532 2533 2534 2535 2536 2537 2538 2539 2540 2541 2542 2543 2544 2545 2546 2547 2548 2549 2550 2551 2552 2553 2554 2555 2556 2557 2558 2559 2560 2561 2562 2563 2564 2565 2566 2567 2568 2569 2570 2571 2572 2573 2574 2575 2576 2577 2578 2579 2580 2581 2582 2583 2584 2585 2586 2587 2588 2589 2594 3191 3193 3235 3481 3625 5918 5939 6272 6371 13188 14587 48938
LI (178):  1 2 3 4 5 6 7 8 9 10 11 12 13 14 15 16 17 18 19 20 21 22 26 27 28 29 30 32 79 81 113 121 128 217 218 222 227 228 230 303 311 333 466 467 468 470 471 472 473 474 475 476 478 664 665 667 668 669 671 672 673 674 675 676 677 678 679 680 683 686 690 693 708 709 712 713 714 715 717 718 719 720 721 723 734 809 819 823 834 835 838 839 840 843 844 845 846 848 849 851 852 853 854 855 856 857 858 859 860 861 866 867 868 869 871 872 873 874 875 877 881 882 894 930 994 995 996 997 998 999 1001 1003 1004 1006 1007 1009 1010 1011 1012 1013 1014 1016 1017 1018 1019 1020 1021 1022 1023 1024 1025 1026 1027 1028 1029 1031 1032 1033 1034 1035 1097 1145 3190 8620 9030 12688 13044 13178 13179 13187 14245 14319 14324 14335 14528 14529 14582 48937
NODE_NUM = 199
FILE mem_ctrl_sub_0.aig

# Subcircuit 1
SUB_ID 1
LO (89):  2596 3190 3227 3257 3277 3286 3288 3295 3355 3363 3364 3378 3379 3387 3393 3394 3395 3397 3398 3399 3402 3405 3406 3433 3434 3465 3548 3565 3641 3642 3823 5940 5943 6391 6407 6439 6443 6630 6637 6710 6761 7493 7549 7660 7661 7664 7727 7761 7762 8239 8247 9048 9121 9122 9123 9141 9190 9242 9628 9813 9814 10282 11142 11256 11286 11287 11559 11584 12313 13292 13295 13452 13835 14111 14132 14875 15265 15841 15853 19052 34759 37184 38310 44728 45324 45328 45390 47216 49451
LI (32):  39 40 55 76 88 93 101 216 217 222 223 224 225 266 300 333 2594 3188 3192 3194 3196 3226 3232 3236 3255 3256 3272 3285 3290 3331 3351 3371
NODE_NUM = 183
FILE mem_ctrl_sub_1.aig

# Subcircuit 2
SUB_ID 2
LO (61):  3188 3272 3283 3285 3290 3331 3371 3450 3452 3460 3478 3479 3480 3495 3502 3503 3509 3550 3580 3582 3587 3629 3653 3758 3822 4791 4793 6274 6406 6457 6460 6467 6722 7486 7487 7522 7524 7528 7530 7539 7541 7544 7547 7556 7559 10301 11467 11475 13287 15865 15874 16035 21728 34746 34772 34776 38295 38302 38304 38347 38419
LI (57):  39 40 56 57 58 63 76 88 93 101 106 154 155 216 217 222 229 300 333 2594 2596 2992 3126 3183 3250 3255 3261 3266 3267 3288 3315 3321 3322 3327 3364 3387 3410 3412 3422 3425 3426 3429 3437 3442 3448 3453 3455 3459 3471 3472 3476 3482 3524 3525 3547 3549 3565
NODE_NUM = 181
FILE mem_ctrl_sub_2.aig

# Subcircuit 3
SUB_ID 3
LO (36):  2599 2876 2880 2901 2928 2939 2942 2944 2963 2976 2981 2986 2992 3095 3126 3145 3177 3183 3244 3245 3246 3247 3255 3264 3266 3309 3312 3318 3872 11674 11707 12185 12186 38228 38230 38273
LI (45):  33 96 106 138 147 154 211 235 333 480 2647 2694 2869 2873 2875 2879 2883 2893 2895 2898 2905 2921 2936 2938 2951 2953 2956 2960 2970 2980 3000 3003 3030 3046 3067 3073 3081 3084 3093 3108 3111 3142 3158 3168 3176
NODE_NUM = 193
FILE mem_ctrl_sub_3.aig

# Subcircuit 4
SUB_ID 4
LO (144):  2600 2601 2602 2603 2630 2631 2633 2635 2636 2639 2640 2643 2644 2646 2647 2650 2651 2653 2654 2655 2657 2658 2660 2663 2664 2665 2666 2667 2669 2670 2671 2673 2677 2679 2680 2681 2682 2683 2684 2685 2686 2687 2688 2689 2690 2692 2693 2694 2697 2698 2699 2703 2705 2708 2710 2791 2795 2799 2802 2806 2811 2812 2826 2834 2837 2840 2841 2843 2848 2849 2851 2855 2856 2857 2858 2865 2995 2996 2997 3000 3023 3026 3065 3070 3511 3519 6281 6292 6294 6303 6507 6527 6558 7672 7676 7680 7681 9057 9058 9059 9060 9062 9088 9198 9199 9271 9411 10254 10307 10425 10443 11162 11166 11228 11424 11435 11576 11577 11596 11620 11824 11828 11829 12347 13275 13600 14157 14395 14630 14640 14647 15822 17243 17245 17256 34785 34791 34812 34840 34844 38221 38391 38394 38406
LI (31):  33 36 47 48 51 52 54 59 61 71 78 87 89 92 94 96 97 99 103 226 2628 2634 2637 2638 2641 2642 2645 2648 2649 2676 2701
NODE_NUM = 195
FILE mem_ctrl_sub_4.aig

# Subcircuit 5
SUB_ID 5
LO (81):  2604 2625 2627 2628 2676 2701 2776 2790 2800 2824 2859 2864 2866 2867 2868 2869 2873 2874 2875 2886 2891 2893 2898 2908 2909 2917 2921 2932 2934 2936 2938 2951 2953 2956 2960 2979 2980 3010 3013 3091 3518 6287 6313 6314 6315 6316 6479 6480 6511 6539 9073 9074 9094 9191 9203 9264 9306 9320 9326 9363 9365 9408 9409 9410 9448 9452 9489 10251 10310 10333 10337 11519 11521 13343 13541 14649 15791 15799 34815 38277 38516
LI (60):  33 36 41 52 54 64 65 66 72 73 82 87 96 97 108 109 111 138 226 2600 2623 2631 2633 2664 2665 2677 2679 2685 2692 2693 2699 2703 2704 2711 2768 2787 2791 2799 2802 2806 2813 2817 2823 2827 2830 2838 2841 2846 2849 2851 2858 2862 2865 2867 2869 2885 2889 2907 2912 2950
NODE_NUM = 172
FILE mem_ctrl_sub_5.aig

# Subcircuit 6
SUB_ID 6
LO (43):  2605 2623 2637 2762 2768 2845 2846 3019 3024 3030 3046 3067 3081 3084 3108 3142 3158 3168 3176 3523 3524 3614 3617 3694 3865 3892 3940 3941 3983 4003 4035 4838 6509 6521 6532 7519 9311 10436 11550 12353 14591 16023 16042
LI (116):  39 40 52 56 71 72 73 76 82 84 87 88 91 93 94 96 101 104 147 152 155 216 217 229 300 2622 2631 2633 2663 2692 2703 2758 2760 2767 2802 2806 2827 2843 2844 2849 2851 2857 2858 2861 2862 2869 2874 2876 2891 2939 3018 3023 3026 3039 3065 3078 3131 3355 3364 3387 3422 3511 3520 3598 3608 3616 3627 3629 3651 3655 3661 3664 3669 3672 3677 3683 3689 3692 3698 3701 3704 3709 3723 3743 3756 3772 3779 3782 3788 3791 3797 3803 3810 3864 3869 3875 3878 3880 3887 3891 3910 3917 3930 3932 3934 3958 3967 6480 6481 6493 6500 6508 6511 6513 6524 6527
NODE_NUM = 199
FILE mem_ctrl_sub_6.aig

# Subcircuit 7
SUB_ID 7
LO (70):  2606 2622 2648 2749 2758 2759 2760 2766 2767 6481 6491 6493 7577 7671 7694 7698 7732 7733 7757 7769 7771 7775 7778 7797 7801 7805 7807 7839 7849 7851 7854 7975 7977 7995 7997 8103 8104 8107 8145 8149 8227 8301 8502 8535 8836 9055 9077 9079 9086 9091 9092 9133 9274 9276 9282 9286 9292 9294 9356 9378 9736 10313 11236 11247 11652 12113 12594 12703 15035 49280
LI (88):  25 33 37 40 59 68 69 70 72 76 88 91 97 101 123 352 356 453 456 459 568 593 1092 1197 1199 1200 2600 2615 2621 2625 2634 2643 2650 2651 2746 2748 2751 2754 2757 2765 2856 3387 6312 6480 6489 6490 7602 7618 7623 7625 7630 7637 7645 7650 7652 7668 7670 7692 7707 7719 7728 7731 7734 7756 7765 7790 7793 7797 7798 9049 9057 9060 9064 9076 9078 9084 9088 9097 9104 9109 9111 9127 9132 9195 9268 9272 9273 9279
NODE_NUM = 200
FILE mem_ctrl_sub_7.aig

# Subcircuit 8
SUB_ID 8
LO (88):  2616 2617 2618 2620 2621 2740 2742 2746 2748 2754 2883 2946 2947 2949 2950 6337 6338 6351 6363 6366 6367 6368 6369 6375 6426 6427 6489 6616 6624 7645 7652 7711 7713 7716 7725 7759 7760 9050 9051 9067 9076 9279 10228 10308 10317 10318 10320 10328 10348 10359 10398 10407 10439 10440 11147 11165 11182 11185 11188 11191 11195 11198 11205 11262 11263 11445 11503 11599 12354 13201 13207 13333 13334 14284 14292 14293 14438 15033 15188 36023 38389 38390 38398 38423 38433 38438 38464 38552
LI (86):  36 37 39 65 67 69 74 83 84 85 89 90 112 216 333 830 842 1092 1094 2615 2618 2620 2637 2667 2681 2730 2834 2882 2947 2948 3250 6324 6332 6333 6334 6346 6350 6358 6361 6372 6482 7644 9065 9068 9073 9075 9079 9088 9276 10307 10316 10319 10322 10326 10327 10332 10333 10336 10339 10340 10342 10352 10357 10393 10394 10395 10397 10399 10401 10410 10415 10420 10422 10426 10433 10436 11146 11150 11152 11155 11163 11166 11167 11168 11177 11192
NODE_NUM = 197
FILE mem_ctrl_sub_8.aig

# Subcircuit 9
SUB_ID 9
LO (61):  2614 2615 2730 3422 3424 3425 3426 3429 3435 3436 3437 3442 3448 3453 3588 3589 3598 3651 3655 3661 3664 3669 3672 3677 3683 3689 3692 3743 3756 3772 3779 3782 3788 3791 3797 3803 3810 3814 3854 3857 6482 9084 9130 10339 10401 11146 11150 11152 11155 11167 11227 11229 11235 11443 11444 11450 11542 14892 15061 15861 38323
LI (79):  39 40 46 49 50 55 56 57 60 62 63 75 76 77 83 86 88 90 93 101 105 240 300 2609 2715 3194 3277 3295 3355 3363 3364 3387 3394 3397 3433 3434 3503 3565 3580 3582 3587 3593 3639 3644 3645 3646 3653 3668 3733 3740 3751 3752 3754 3767 3769 3776 3787 3809 3813 3816 3817 3818 3830 3835 3839 7672 9080 10337 11149 11217 11219 11221 11222 11228 11230 11233 11435 11440 11448
NODE_NUM = 200
FILE mem_ctrl_sub_9.aig

# Subcircuit 10
SUB_ID 10
LO (53):  2609 2634 2641 2649 2715 2816 2817 2830 3018 3039 3131 6456 7459 9078 10409 10410 10463 10470 10522 10535 10536 10542 10560 10561 10578 10580 10589 10605 10608 10643 11073 11075 11078 11086 11102 11121 11139 13393 13424 13460 13461 13466 13483 13488 13491 13499 13525 13538 13620 13639 13823 14368 15048
LI (90):  36 39 40 42 45 48 52 57 58 63 73 75 76 86 87 88 94 95 96 98 102 104 107 109 111 229 2644 2688 2711 2811 2823 2838 2841 2844 2857 2862 2869 2876 2883 3015 3036 3078 3128 3363 3364 3398 6277 6280 6282 6287 6289 6292 6295 6300 6303 6319 6399 6404 6407 6435 6440 6446 6453 7731 8262 8620 10408 10461 10462 10469 10492 10521 10532 10539 10547 10551 10554 10555 10558 10563 10567 10571 10577 10582 10598 10601 10604 10607 10621 10639
NODE_NUM = 195
FILE mem_ctrl_sub_10.aig

# Subcircuit 11
SUB_ID 11
LO (74):  2638 2704 2838 2904 2905 3015 3036 3128 6289 7658 7659 7663 7668 7670 8229 8287 8288 8289 8310 8356 8371 8375 8418 8422 8576 8759 8829 8895 10554 10566 10567 10575 10577 12338 12339 12340 12341 12342 12345 12346 12351 12363 12364 12421 12468 12479 12483 12503 12545 12575 12576 12634 14218 14287 42513 45802 45803 47220 47227 47231 47264 47266 47551 47625 47816 47817 47826 47868 48188 48265 48367 49084 49109 49157
LI (78):  39 40 52 99 110 111 352 357 358 453 456 462 568 591 592 593 1092 1093 1094 1197 1199 1200 2680 2681 2682 2837 2903 3014 3035 3127 6358 6361 6367 6369 6384 6390 7577 7602 7656 7661 7664 7669 7674 7681 7732 7734 7771 7797 7798 7801 7805 7851 7880 7891 7915 7917 7920 7973 7975 8211 8221 8228 8232 8236 8239 8243 8247 8251 8258 8270 8280 8286 8301 10322 10576 12348 12356 12360
NODE_NUM = 195
FILE mem_ctrl_sub_11.aig

# Subcircuit 12
SUB_ID 12
LO (72):  2711 2823 2911 2912 3035 7610 7611 7613 7615 7616 7618 7625 7627 7630 7635 7637 7650 7669 7685 7688 7692 7700 7703 7704 7707 7712 7719 8134 8207 8208 8214 8217 8223 8260 8272 8441 8603 8606 10395 10414 10415 10500 10509 10517 10543 11649 11660 12961 12963 12981 13074 14187 14194 14199 14205 14207 14211 14212 14253 14255 14264 14265 14363 14542 14577 15804 43064 47222 47428 47461 47707 47784
LI (74):  47 48 52 76 88 92 97 98 101 109 110 123 229 334 335 392 393 394 568 591 592 830 1092 1094 1197 1198 1200 2639 2640 2648 2671 2710 2856 2909 2948 3033 3250 6426 6558 6613 7608 7609 7612 7619 7622 7623 7626 7631 7644 7671 7678 7682 7689 7698 7705 7711 7717 7757 7890 8044 8045 8071 8095 8098 8101 8104 8107 8133 8145 8149 8153 8188 8205 15801
NODE_NUM = 194
FILE mem_ctrl_sub_12.aig

# Subcircuit 13
SUB_ID 13
LO (46):  2757 2765 6390 6399 6404 6446 6553 6727 6772 6842 6897 7421 7462 7511 7514 9080 9194 9195 9196 9197 9200 9201 9202 9204 9205 9206 9209 9210 9211 9215 9217 9218 9219 9221 9232 9237 9436 9653 9654 9673 11173 12149 13944 34756 44705 49424
LI (82):  39 40 55 56 59 61 70 75 76 84 88 93 96 101 104 224 229 300 955 2602 2604 2623 3250 3355 3379 3394 3398 3593 6276 6324 6367 6370 6377 6388 6389 6392 6403 6445 6468 6472 6547 6549 6552 6577 6601 6606 6634 6639 6648 6651 6672 6681 6710 6717 6720 6725 6733 6741 6752 6758 6764 6771 6784 6785 6793 6806 6841 7461 7481 7488 7496 7500 7508 7513 7680 9191 9192 9193 9199 9203 9208 9213
NODE_NUM = 200
FILE mem_ctrl_sub_13.aig

# Subcircuit 14
SUB_ID 14
LO (69):  2787 2813 6472 6508 6513 6524 6576 6577 6601 6606 6648 6717 6752 6758 6771 6841 6850 6856 6859 6864 6869 6880 6914 6946 6949 6953 6970 6972 7467 7469 7606 8620 9177 9184 9775 9801 10638 10822 10827 10831 11466 11549 11575 11826 11832 13198 13222 13226 13542 14145 14156 14700 14881 15081 16641 17242 34766 34932 34976 35059 36283 38431 38658 39585 40328 42574 43690 43850 45363
LI (100):  39 40 56 58 71 73 76 82 88 91 92 93 94 95 98 101 103 220 229 233 300 315 968 2603 2627 2683 2812 2844 2944 2997 3095 3355 3379 3398 3425 3450 6324 6461 6466 6471 6478 6480 6507 6527 6534 6540 6549 6556 6559 6562 6583 6585 6590 6591 6594 6596 6599 6729 6730 6745 6747 6750 6754 6849 6852 6853 6854 6855 6861 6865 6867 6875 6878 6886 6894 6895 6897 6902 6909 6927 6932 9129 11263 11455 11459 11460 11533 11535 11545 11565 11573 11824 11831 13195 13225 13541 14139 14143 14148 14154
NODE_NUM = 200
FILE mem_ctrl_sub_14.aig

# Subcircuit 15
SUB_ID 15
LO (63):  2827 2844 2861 2862 6384 6388 6389 6453 6540 6549 6556 6585 6594 6599 6681 6720 6741 6745 6750 6754 6764 6806 6849 6860 6861 6867 6874 6875 6877 6878 6886 7020 7036 7037 7053 7472 7480 9129 9131 9395 10297 10600 12112 12204 12276 12284 12291 12295 13274 13550 14592 14666 14667 14668 14742 14857 15090 15091 15097 15271 15272 15872 38575
LI (117):  39 40 41 52 55 57 60 63 71 73 88 91 96 101 110 128 224 229 233 300 315 962 968 2680 2684 2689 2698 2704 2826 2830 2838 2841 2857 2862 2874 2876 2995 3019 3078 3095 3355 3394 3397 3450 3519 3520 3593 6276 6280 6324 6351 6363 6380 6381 6404 6427 6437 6452 6466 6468 6478 6538 6539 6547 6552 6583 6591 6679 6729 6733 6761 6763 6804 6842 6848 6852 6854 6864 6897 6902 6982 6989 6994 6998 7008 7009 7018 7031 7496 7500 7621 9130 11262 13272 13545 15780 15782 15800 15804 15811 15814 15822 15834 15837 15844 15848 15851 15855 15859 15862 15865 15871 15891 38529 38545 38557 38561
NODE_NUM = 197
FILE mem_ctrl_sub_15.aig

# Subcircuit 16
SUB_ID 16
LO (63):  2882 3267 3322 3327 3351 3538 3540 3541 3546 3547 3830 3920 3930 3951 3958 3967 3995 3999 5963 5980 6312 6411 6435 6665 7488 7566 7612 7656 8262 9043 9049 9120 9127 10231 10232 10258 10265 10306 11080 11261 11719 11735 11736 11750 13446 13474 14213 14282 14319 14350 14355 14476 15779 15837 16638 16640 16646 33692 38211 38212 38297 38561 45514
LI (114):  39 40 55 57 60 63 76 88 93 96 101 138 147 153 199 211 216 217 229 253 300 834 958 2684 2903 2946 2976 2986 3145 3224 3245 3250 3266 3309 3342 3364 3387 3425 3437 3542 3589 3814 3822 3823 3826 3829 3869 3874 3887 3891 3917 3918 3950 3983 3986 3992 3998 6408 6412 6413 6423 6430 6611 6658 6660 7487 7607 9041 9048 9062 9118 9119 9123 9132 10230 10236 10280 10282 10284 10287 10298 10305 10322 11237 11239 11241 11248 11256 11716 11718 11726 11728 11734 14198 14201 14206 14207 14211 14212 14241 14247 14248 14252 14259 14274 14280 14300 14309 14315 14317 14340 14346 14349 14352
NODE_NUM = 200
FILE mem_ctrl_sub_16.aig

# Subcircuit 17
SUB_ID 17
LO (80):  2885 6300 6333 6334 6534 6538 6612 6613 6617 6618 6620 6621 6625 6634 6639 6763 6891 6893 6895 7009 7172 7228 7619 7622 7623 9212 10280 10325 10326 10327 10352 10454 11192 11203 11210 11216 11230 11487 11507 11518 11554 11617 11822 11831 13220 13239 13269 13272 13277 13305 13323 13350 13568 13579 13581 13601 13612 13618 14189 14245 14247 14276 14277 14290 14297 14308 14333 14334 14352 14417 14428 14455 14529 16816 17306 34787 34814 38440 41230 41276
LI (137):  33 36 39 40 52 71 73 88 93 94 97 101 121 217 225 229 300 315 825 830 842 1000 1092 1094 2603 2622 2657 2669 2683 2685 2856 2868 2944 2948 2997 3249 3363 6312 6324 6427 6466 6468 6532 6539 6611 6616 6624 6630 6637 6729 6894 6902 7008 7083 7101 7103 7104 7119 7131 7134 7140 7146 7152 7158 7162 7165 7170 7197 7199 7200 7215 7227 7621 7625 7652 7731 10247 10251 10256 10258 10261 10271 10273 10275 10321 10322 10324 10335 10407 10450 10452 11198 11202 11207 11485 11506 11514 11516 11517 11535 11551 11616 11821 11830 13215 13218 13236 13260 13266 13271 13300 13301 13320 13321 13349 13567 13578 13600 13611 13616 14304 14332 14351 14361 14365 14368 14372 14391 14393 14400 14407 14409 14411 14414 14421 14426 14452
NODE_NUM = 200
FILE mem_ctrl_sub_17.aig

# Subcircuit 18
SUB_ID 18
LO (80):  2903 2907 2948 3216 3224 3226 3256 3261 3342 6330 6331 6332 6370 6372 6392 6409 6412 6413 6609 6610 6611 6672 6784 6785 6902 6925 6927 7031 7103 7116 7119 7131 7134 7138 7140 7146 7521 7603 9213 10234 10393 10485 10486 10489 10492 10594 10598 10702 10703 11429 11432 11502 11532 11593 11709 11716 11734 11821 11981 12052 12270 13352 13471 14346 14362 14419 14821 14959 14971 16650 16795 16884 16885 16893 18917 38555 42519 42522 44892 45389
LI (108):  39 40 55 76 88 93 98 101 106 138 143 145 175 190 199 211 216 224 229 233 253 288 300 594 830 836 951 962 968 978 985 1093 1094 2636 2670 2944 3205 3214 3223 3250 3252 3255 3341 3355 3363 3379 3509 3538 6324 6326 6327 6337 6358 6361 6367 6371 6384 6391 6411 6423 6618 6661 6663 6667 6671 6783 6852 6897 6901 6920 7030 7104 7114 7126 7137 8205 9055 9212 10377 10390 10439 10466 10490 10491 10638 11426 11427 11494 11500 11587 11671 11700 11708 11710 11728 11731 11735 11739 11740 11741 11752 11820 14342 16638 16639 16640 16641 16647
NODE_NUM = 200
FILE mem_ctrl_sub_18.aig

# Subcircuit 19
SUB_ID 19
LO (18):  2969 2970 3542 3918 3950 5525 5592 5620 5636 5643 5660 5666 5672 5734 5764 5765 5824 7604
LI (47):  39 40 56 57 63 76 88 93 101 153 162 167 216 217 222 229 246 253 285 300 876 3250 3355 3364 3387 3422 3425 3437 3523 3538 3540 3589 3593 3620 5449 5450 5454 5465 5470 5471 5493 5494 5499 5500 5501 5599 5608
NODE_NUM = 154
FILE mem_ctrl_sub_19.aig

# Subcircuit 20
SUB_ID 20
LO (26):  3003 3014 3033 3073 3078 6438 6440 7508 7731 8153 8286 8616 8937 8974 12547 34939 34947 34955 35064 35071 35079 36275 36303 38334 38387 39523
LI (135):  33 40 55 56 57 63 73 75 76 88 96 98 101 109 110 138 199 202 203 204 205 206 207 211 219 221 226 229 300 333 334 392 393 568 591 592 842 1198 1200 2690 2692 2697 2859 2862 2869 2876 2891 2939 3000 3010 3013 3070 3145 3177 3593 6319 6409 6437 6439 7507 7515 7516 7732 8070 8205 8285 8408 8442 8498 8499 8502 8532 8533 8535 8573 8576 8581 8585 8606 11577 34745 34746 34759 34762 34770 34773 34779 34928 34938 34940 34942 34946 34948 34950 34954 34973 34980 34985 35054 35063 35066 35070 35072 35074 35078 36270 36274 36298 36302 38212 38224 38230 38257 38265 38273 38279 38295 38298 38304 38308 38312 38316 38320 38324 38329 38333 38335 38339 38347 38354 38362 38365 38373 38380 38561
NODE_NUM = 200
FILE mem_ctrl_sub_20.aig

# Subcircuit 21
SUB_ID 21
LO (55):  3093 3111 3127 3192 3194 3205 3214 3223 3229 3230 3231 3232 3236 3471 3472 3608 3644 3709 3723 3733 3740 3751 3752 3767 3813 3816 3818 3826 3829 3864 3891 3910 3917 4095 4122 4123 4142 4150 4151 4169 4192 4200 4217 4223 4229 4276 9111 13349 38632 38893 38895 38962 39722 39725 40397
LI (93):  39 40 56 57 63 76 88 93 96 101 110 143 199 216 223 224 225 235 300 333 834 928 933 940 945 1143 1144 1146 1147 2697 2824 2880 2901 2928 2942 2963 2976 2981 2986 3000 3070 3091 3191 3193 3208 3213 3222 3235 3355 3364 3387 3422 3425 3433 3437 3467 3479 3549 3589 3604 3643 3698 3717 3732 3735 3746 3750 3765 3814 3860 3862 3896 3903 3913 4002 4018 4022 4028 4035 4044 4074 4080 4086 4088 4093 4121 4135 4138 4146 4163 13340 13341 13346
NODE_NUM = 194
FILE mem_ctrl_sub_21.aig

# Subcircuit 22
SUB_ID 22
LO (66):  3248 3249 3250 3252 3315 3412 3599 3600 3604 3616 3619 3620 3621 3623 3627 3633 3634 3639 3646 3701 3717 3732 3745 3746 3750 3759 3760 3765 3809 3860 3862 3874 3875 3878 3880 3896 3903 3913 3932 3934 4002 4011 4018 4028 4044 4088 4093 4121 4135 4138 4146 4163 4175 4176 4178 4181 4193 4235 4250 4258 4259 4264 4275 4319 4779 7563
LI (66):  39 101 106 147 152 155 173 216 217 225 229 235 236 239 263 285 300 333 2599 2676 2697 2855 2876 2996 3246 3247 3283 3286 3312 3478 3480 3495 3502 3523 3593 3603 3614 3626 3698 3703 3704 3716 3758 3854 3857 3869 3873 3874 3886 3887 3892 3895 3920 3940 3951 3995 3999 4003 4099 4118 4122 4134 4151 4169 4182 4192
NODE_NUM = 199
FILE mem_ctrl_sub_22.aig

# Subcircuit 23
SUB_ID 23
LO (29):  3321 3410 3459 3593 4322 4545 4768 4999 5222 5445 5681 5916 6271 6273 6276 6277 7564 9850 9882 10226 11474 12337 13842 13998 14007 14008 14010 44713 49422
LI (120):  34 35 56 58 60 75 80 241 242 243 245 246 247 248 249 253 955 1135 3145 3264 3295 3318 3393 3402 3405 3406 3408 3450 3452 4228 4232 4236 4312 4316 4320 4397 4449 4453 4533 4537 4541 4620 4672 4676 4756 4760 4764 4831 4832 4907 4911 4989 4993 5074 5126 5130 5210 5214 5218 5297 5349 5353 5433 5437 5441 5592 5621 5671 5675 5755 5814 5818 5856 5906 5910 5984 5985 6035 6039 6120 6124 6146 6147 6192 6196 6259 6263 6274 7561 7563 9140 9153 9156 9642 9668 9676 9683 9824 9837 9872 9879 9881 10103 10214 10221 11469 11472 11845 11847 12145 12168 12179 12312 12322 12332 13833 13841 14001 14003 14004
NODE_NUM = 199
FILE mem_ctrl_sub_23.aig

# Subcircuit 24
SUB_ID 24
LO (58):  3467 3476 3482 3520 3549 3603 3626 34745 34928 34937 34938 34940 34942 34945 34946 34948 34950 34953 34954 35054 35062 35063 35066 35069 35070 35072 35074 35077 35078 36001 36270 36273 36274 36298 36301 36302 37038 37620 38209 38987 39321 39794 40644 41386 41633 41907 42137 44117 44558 44561 44733 44737 44745 44788 44793 45335 45341 49516
LI (131):  202 203 204 205 206 207 210 214 216 219 221 222 223 224 225 229 231 234 238 244 274 277 940 1147 1148 1149 1150 2589 3227 3465 3475 3481 3518 3519 3548 3625 8620 16641 34927 34936 35053 35061 35987 36000 37036 37618 38207 38986 39066 39093 39095 39307 39317 39320 39792 40303 40333 40364 40492 40506 40553 40558 40559 40562 40598 40639 40643 40812 41334 41335 41347 41351 41364 41383 41445 41542 41556 41567 41579 41583 41590 41599 41603 41608 41612 41618 41620 41623 41632 41780 41790 41793 41796 41816 41829 41835 41836 41846 41848 41851 41854 41859 41861 41867 41883 41888 41892 41902 41906 42035 42130 42136 43983 44048 44072 44077 44078 44090 44105 44110 44557 44724 44727 44729 44732 44740 44767 44771 44772 44776 44786
NODE_NUM = 200
FILE mem_ctrl_sub_24.aig

# Subcircuit 25
SUB_ID 25
LO (13):  3643 4449 4533 4672 4756 4989 5126 5210 5349 5379 5383 5397 5405
LI (80):  39 40 56 76 88 93 101 2599 3355 3364 3387 3422 3642 4376 4402 4412 4416 4424 4427 4433 4436 4442 4448 4471 4478 4486 4496 4526 4532 4599 4625 4635 4639 4647 4650 4656 4659 4665 4671 4694 4701 4709 4719 4749 4755 4820 4924 4928 4947 4950 4982 4988 5053 5079 5089 5093 5101 5104 5110 5113 5119 5125 5148 5155 5163 5173 5203 5209 5276 5302 5312 5316 5324 5327 5333 5336 5342 5348 5371 5378
NODE_NUM = 196
FILE mem_ctrl_sub_25.aig

# Subcircuit 26
SUB_ID 26
LO (29):  3698 3703 3704 3716 3735 3869 3873 3886 3887 3895 3986 3992 3998 4022 4074 4080 4086 4099 4118 4134 4182 4228 4232 4236 4268 6035 6120 6192 6259
LI (90):  39 40 56 57 63 76 88 93 101 217 222 223 225 229 250 263 265 275 278 300 928 933 945 1143 1144 1146 2589 2599 3231 3257 3355 3364 3387 3422 3425 3437 3465 3547 3589 3697 3868 3872 3940 3941 4098 4123 4142 4176 4178 4181 4193 4200 4217 4221 4223 4227 4229 4235 4250 4262 4267 5953 5959 5975 5986 5998 6028 6034 6078 6083 6087 6095 6098 6104 6107 6113 6119 6135 6140 6148 6155 6185 6191 6205 6206 6210 6215 6222 6252 6258
NODE_NUM = 200
FILE mem_ctrl_sub_26.aig

# Subcircuit 27
SUB_ID 27
LO (48):  4262 4267 4312 4316 4320 4397 4402 4412 4416 4424 4427 4433 4436 4442 4448 4453 4471 4478 4486 4496 4526 4532 4537 5026 5027 5074 5075 5117 5123 5129 9142 9143 9154 9163 9613 9636 9650 9677 9678 9809 16033 16170 16356 16357 16358 16359 16361 16377
LI (78):  39 40 56 57 63 76 88 93 101 165 170 172 216 222 229 250 300 862 936 1142 2589 3355 3364 3387 3422 3425 3437 3523 3589 3621 4150 4175 4258 4259 4264 4268 4275 4276 4282 4283 4290 4294 4299 4303 4305 4311 4319 4325 4329 4341 4344 4345 4368 4369 4376 4381 4383 4394 4408 4458 4465 4467 4474 4484 4492 5003 5021 5024 5025 5058 7606 9141 9159 14734 16022 16025 16030 16337
NODE_NUM = 200
FILE mem_ctrl_sub_27.aig

# Subcircuit 28
SUB_ID 28
LO (93):  4329 4341 4344 4368 4369 4376 4381 4383 4408 4458 4465 4474 4484 4492 4541 12145 12312 14589 14590 14596 14612 14615 14616 14618 14619 14620 14621 14624 14626 14628 14629 14663 14664 14665 14669 14670 14672 14676 14680 14681 14682 14683 14684 14695 14706 14707 14718 14732 14733 14734 14735 14755 14831 14840 14843 14877 14887 14888 14913 14915 14925 14930 14932 14937 14964 15114 15275 15304 15305 15306 15329 15330 15338 15367 15418 15428 15437 15439 15462 15463 15579 15769 15771 16244 16298 16323 16325 16364 16395 26043 26711 32885 44810
LI (83):  39 40 52 55 75 88 101 106 143 145 172 175 180 181 194 217 222 223 224 225 229 233 242 271 300 862 936 1142 2599 2625 2867 3229 3250 3394 3600 3614 3619 3633 3745 4011 4344 4356 4358 4360 4362 4366 4380 4406 6324 7606 8620 9190 9628 11866 12110 12111 12112 12116 12117 12122 12124 12129 12133 12144 12299 12300 14588 14595 14599 14611 14617 14636 14644 14650 14661 14668 14675 14705 14857 15417 15424 15427 15434
NODE_NUM = 200
FILE mem_ctrl_sub_28.aig

# Subcircuit 29
SUB_ID 29
LO (33):  4406 4599 4620 4625 4635 4639 4647 4650 4656 4659 4665 4671 4676 4694 4701 4709 4719 4749 4755 4760 4764 14811 14812 14819 14823 14834 14869 15426 15438 15956 16437 16438 16525
LI (90):  39 40 56 57 63 76 88 93 101 106 143 147 171 172 216 217 222 223 224 225 229 249 283 300 862 870 922 1141 2589 2599 3229 3250 3355 3364 3387 3422 3425 3437 3523 3547 3589 3600 3614 3619 3621 3633 3745 4011 4405 4548 4564 4567 4568 4579 4581 4583 4585 4589 4591 4592 4599 4603 4604 4606 4617 4631 4681 4688 4690 4695 4697 4707 4715 6324 6630 9190 9242 14753 14807 14808 14810 14816 14822 14827 14833 14837 14840 14848 14863 14866
NODE_NUM = 200
FILE mem_ctrl_sub_29.aig

# Subcircuit 30
SUB_ID 30
LO (26):  4831 4832 4907 4911 4924 4928 4947 4950 4982 4988 4993 10073 10075 10103 10214 10323 10324 13298 13365 14184 16011 16022 16551 16559 16564 16598
LI (87):  39 40 56 57 63 75 76 88 93 101 149 216 217 222 233 282 300 834 863 921 1140 3355 3364 3387 3422 3425 3437 3565 3589 3617 3634 3759 3760 4775 4777 4778 4779 4781 4788 4791 4796 4821 4824 4827 4829 4843 4847 4851 4860 4864 4934 4938 7541 7606 8620 9141 9904 10071 10072 10102 10201 10213 13297 13362 13363 14130 14171 14178 14588 14711 15940 15953 16003 16005 16009 16016 16019 16326 16460 16466 16474 16493 16500 16506 16545 16550 16555
NODE_NUM = 200
FILE mem_ctrl_sub_30.aig

# Subcircuit 31
SUB_ID 31
LO (38):  4796 4820 4821 4827 4843 4860 4934 4938 5003 5021 5024 5025 5053 5058 5079 5089 5093 5101 5104 5110 5113 5119 5125 5130 5148 5155 5163 5173 5203 5209 5214 5218 5226 5250 5256 5262 5263 49502
LI (90):  39 40 56 57 63 76 88 93 101 106 149 170 216 217 222 223 224 225 229 247 270 282 300 863 878 921 934 941 1139 1140 2589 2599 3229 3250 3283 3355 3364 3387 3422 3425 3437 3523 3547 3589 3600 3614 3619 3621 3623 3633 3745 4011 4793 4807 4810 4815 4838 4842 4937 5002 5021 5022 5026 5027 5032 5037 5038 5049 5057 5060 5074 5075 5083 5085 5117 5123 5129 5135 5144 5151 5169 5201 5207 5213 5225 5245 5249 5252 5255 5261
NODE_NUM = 198
FILE mem_ctrl_sub_31.aig

# Subcircuit 32
SUB_ID 32
LO (28):  5225 5245 5249 5252 5255 5261 5276 5297 5302 5312 5316 5324 5327 5333 5336 5342 5348 5353 5371 5378 5433 5437 5441 5449 5488 5489 5497 49510
LI (76):  39 40 56 57 63 76 88 93 101 106 169 216 217 222 223 224 225 229 241 281 300 879 929 1138 2589 2599 3229 3250 3355 3364 3387 3422 3425 3437 3523 3547 3589 3600 3614 3619 3621 3633 3745 4011 5226 5241 5244 5250 5256 5258 5260 5262 5263 5266 5268 5270 5276 5280 5281 5285 5306 5310 5358 5365 5376 5379 5383 5384 5394 5397 5405 5448 5479 5480 5483 5486
NODE_NUM = 195
FILE mem_ctrl_sub_32.aig

# Subcircuit 33
SUB_ID 33
LO (27):  5448 5450 5454 5465 5471 5479 5480 5483 5486 5493 5494 5499 5500 5501 5599 5608 5621 5671 5675 5685 5708 5803 5809 5814 5815 5906 49518
LI (87):  39 40 56 57 63 76 88 93 101 106 167 216 217 222 223 224 225 229 267 300 876 939 1137 2589 2599 3227 3229 3257 3355 3364 3387 3422 3425 3437 3589 3600 3614 3620 3621 3633 3634 5453 5479 5488 5489 5497 5499 5525 5597 5620 5622 5636 5643 5660 5664 5666 5670 5672 5684 5704 5707 5709 5712 5713 5719 5720 5723 5728 5740 5744 5747 5756 5759 5777 5782 5789 5792 5798 5801 5807 5813 5837 5851 5857 5869 5899 5905
NODE_NUM = 184
FILE mem_ctrl_sub_33.aig

# Subcircuit 34
SUB_ID 34
LO (59):  5684 5704 5707 5712 5719 5723 5728 5740 5755 5756 5777 5807 5813 5818 5837 5851 5856 5857 5869 5899 5905 5910 5919 5938 5949 5953 5959 5973 5975 5984 5985 5986 5998 6028 6034 6039 6057 6058 6061 6075 6111 6117 6123 6140 6146 6147 6148 6155 6185 6191 6196 6206 6215 6250 6256 6262 45316 49438 49460
LI (71):  40 56 57 63 106 162 216 217 222 223 224 225 229 280 300 834 880 931 1136 2589 2599 3229 3231 3250 3257 3425 3437 3478 3523 3540 3589 3614 3620 3621 3633 3634 5685 5689 5692 5701 5702 5708 5734 5736 5738 5750 5764 5765 5767 5769 5771 5803 5809 5815 5824 5828 5832 5845 5863 5918 5937 5941 5943 5948 5950 5956 5971 5972 5983 5996 6056
NODE_NUM = 198
FILE mem_ctrl_sub_34.aig

# Subcircuit 35
SUB_ID 35
LO (79):  5937 5941 5948 5956 5971 5972 5983 5996 6056 6078 6083 6095 6104 6113 6119 6124 6205 6210 6222 6252 6258 6263 10818 10819 11008 11010 13221 13224 13225 14171 16041 35959 35978 36020 38581 38583 38590 38591 38642 38646 38675 38832 38881 38892 38953 39228 39431 39432 39449 39452 39564 40041 40068 40115 40244 40247 40257 40259 40281 40291 40334 40339 40470 40475 40807 40851 41678 41840 43779 43920 44726 44727 44767 44771 44772 44786 45337 49445 49459
LI (92):  39 40 57 63 76 88 93 101 106 153 212 213 215 216 217 222 223 225 229 279 300 847 1148 1149 1158 3364 3387 3422 3425 3437 3523 3589 3600 3614 3621 3625 3633 3641 5919 5922 5925 5933 5936 5939 5940 5947 5955 5959 5964 5965 5973 5980 5993 6047 6051 6054 6058 6059 6061 6064 6077 6091 6102 6111 6117 6123 6134 6202 6250 6256 6262 7492 7663 8620 10975 13222 14130 14133 14161 14170 16035 16040 16641 35946 35956 38643 38810 39329 39444 44724 44770 44785
NODE_NUM = 185
FILE mem_ctrl_sub_35.aig

# Subcircuit 36
SUB_ID 36
LO (45):  5950 5955 5964 5965 5993 6059 6077 6087 6091 6098 6102 6107 6134 6135 6202 6280 6402 6403 6437 6445 6452 7507 9642 9668 9824 9837 10071 10201 12110 12299 13824 14001 14129 15891 16346 16354 16726 19842 29362 29837 30312 38318 44724 44776 44785
LI (111):  39 40 55 56 57 63 75 76 88 93 101 106 119 144 148 165 166 168 187 188 189 225 229 847 2599 3230 3244 3250 3355 3364 3387 3394 3397 3422 3435 3436 3541 3546 3588 3599 3641 5938 5940 5949 5963 6057 6075 6134 6443 8620 9163 9172 9173 9176 9177 9180 9182 9184 9191 9205 9607 9614 9618 9628 9630 9638 9641 9643 9644 9651 9657 9660 9665 9805 9809 9815 9829 9834 9902 9906 10009 10039 10054 10067 10155 10176 10184 10197 12108 12292 12297 13818 13823 13842 13860 13954 13969 13982 13988 14000 14007 14009 14010 14093 14095 14103 14117 14124 14125 44775 44784
NODE_NUM = 196
FILE mem_ctrl_sub_36.aig

# Subcircuit 37
SUB_ID 37
LO (34):  6282 6295 6478 9437 9607 9730 9732 9733 9734 9739 9742 9749 9750 9751 9753 9754 9760 9763 9780 9783 9805 9929 9939 9946 9947 10125 10246 13894 14083 14088 15085 15288 16307 16308
LI (56):  39 91 96 141 143 145 150 153 173 175 181 182 184 194 199 233 300 2698 2800 6281 6294 6324 6477 6583 9263 9330 9352 9368 9373 9388 9392 9398 9433 9436 9462 9471 9480 9484 9491 9503 9598 9604 9718 9719 9727 9729 9736 9738 9741 9747 9769 9777 9798 9801 9912 9943
NODE_NUM = 195
FILE mem_ctrl_sub_37.aig

# Subcircuit 38
SUB_ID 38
LO (76):  6319 6324 6346 6349 6350 6352 6357 6358 6360 6361 6381 6461 6466 6468 6471 6547 6651 6661 6663 6667 6671 6679 6725 6729 6730 6733 6783 6793 6804 6848 6852 6853 6854 6855 6894 6901 6907 6909 6920 6931 6932 6980 6982 6989 6994 7008 7018 7030 7076 7083 7086 7095 7104 7113 7126 7162 7165 7170 9109 14167 19295 19297 21061 21077 21251 34751 34797 34798 34800 34868 34878 34912 34958 34959 34968 34991
LI (61):  31 40 55 56 58 60 75 76 93 143 229 253 300 333 469 588 603 908 948 961 962 968 971 973 3145 3244 3355 3394 3398 3425 3450 3478 3519 6312 6316 6342 6345 6353 6355 6357 6460 6467 6470 6590 6660 6666 6722 6781 6859 6860 6864 6869 6974 6975 7039 7040 7048 7053 7060 7094 9107
NODE_NUM = 200
FILE mem_ctrl_sub_38.aig

# Subcircuit 39
SUB_ID 39
LO (104):  6326 6327 6340 6341 6342 6781 16837 16839 16843 16845 16854 16855 16856 16860 16865 16866 16869 16875 16878 16906 16908 16910 16913 16914 16916 16917 16918 16919 16930 16936 16939 16948 16952 16972 16973 16978 16984 16989 16991 16992 16996 17002 17003 17020 17021 17027 17029 17035 17053 17068 17079 17437 17440 17441 17444 17447 17449 17450 17451 17459 17468 17470 17471 17486 17497 17571 17581 33555 33649 36038 36039 36040 36051 36075 36076 36077 36088 36098 36104 36173 36199 36333 36349 36424 36713 36755 36773 36891 37065 37100 37134 37166 37371 37372 37381 37399 37437 37445 37447 37665 37667 37918 37946 38006
LI (39):  141 216 224 253 300 604 615 617 643 681 980 1002 3227 3625 6358 6384 6665 16794 16799 16826 16835 16842 16844 16849 16858 16863 16867 16872 16900 16903 16928 16933 16946 16977 16983 16988 17000 17012 17015
NODE_NUM = 195
FILE mem_ctrl_sub_39.aig

# Subcircuit 40
SUB_ID 40
LO (80):  6343 6344 6345 6666 16835 16841 16842 16857 16858 16867 16928 16946 16999 17000 17023 17042 17044 17045 17050 17062 17090 17093 17102 17103 17104 17107 17109 17125 17142 17144 17147 17149 17150 17169 17170 17179 17192 17201 17211 17212 17213 17226 17230 17466 17482 17483 17529 17530 17547 17561 17563 17566 17579 17589 17619 17626 17628 17641 36036 36037 36045 36046 36059 36060 36582 36599 36605 36727 37049 37069 37080 37084 37106 37236 37256 37278 37422 37458 37793 37913
LI (68):  141 216 224 300 643 662 663 681 682 762 3227 3625 6341 6358 6384 6665 16793 16824 16825 16826 16828 16832 16843 16849 16869 16900 16902 16927 16936 16942 16944 16973 16976 16988 17003 17011 17012 17021 17029 17033 17034 17036 17040 17046 17049 17055 17058 17068 17082 17100 17115 17117 17121 17129 17132 17133 17136 17140 17146 17161 17177 17186 17188 17189 17200 17203 17206 17208
NODE_NUM = 186
FILE mem_ctrl_sub_40.aig

# Subcircuit 41
SUB_ID 41
LO (18):  6353 6355 6377 7197 7200 7215 7227 7268 7364 7371 7375 7420 7428 7433 7440 7444 7449 7452
LI (66):  39 40 55 56 58 60 75 76 88 93 101 233 300 961 964 976 979 3355 3379 3394 3398 3450 6366 6375 6590 6710 6852 6864 6893 6902 6907 7175 7176 7177 7180 7184 7190 7193 7198 7207 7219 7220 7228 7263 7271 7272 7273 7276 7280 7286 7289 7294 7295 7303 7315 7316 7359 7369 7372 7381 7385 7391 7394 7399 7408 7409
NODE_NUM = 199
FILE mem_ctrl_sub_41.aig

# Subcircuit 42
SUB_ID 42
LO (88):  6380 6408 6415 6418 6419 6420 6421 6423 6430 6660 10264 10271 10459 10460 10461 10462 10521 10547 10604 10607 10621 10652 10655 10658 10662 10669 10672 10677 10688 10692 10700 10713 10714 10716 10717 10719 10720 10728 10731 10741 10747 10748 10749 10750 10757 10762 10763 10894 10895 10899 10900 10904 10923 10941 10955 11313 13366 13367 13373 13388 13402 13411 13423 13463 13489 13492 13623 13626 13631 13634 13635 13652 13656 13676 13677 13680 13691 13695 13707 13723 13727 13735 13749 13771 13772 13781 15898 42496
LI (55):  40 42 43 45 57 63 73 76 88 100 102 114 115 116 117 229 684 970 972 975 978 2883 3363 3593 6276 6280 6406 6407 6417 6421 6429 6438 6452 6658 7609 7700 8262 9130 10266 10270 10458 10520 10545 10580 10647 10664 10683 10711 15875 15886 15888 15891 42489 42492 42495
NODE_NUM = 200
FILE mem_ctrl_sub_42.aig

# Subcircuit 43
SUB_ID 43
LO (5):  6417 11066 11420 13702 13716
LI (64):  39 40 43 44 53 76 88 101 115 229 3363 3398 6407 6419 7700 7731 8620 10717 10722 10766 10781 10798 10826 10839 10917 10918 10921 10923 10926 10930 10936 10951 10954 10955 10963 10970 10980 10982 10987 10988 10993 10997 11004 11011 11017 11022 11026 11033 11037 11039 11044 11049 11056 11064 11065 11270 11271 11276 11287 11298 11304 11305 11313 11367
NODE_NUM = 199
FILE mem_ctrl_sub_43.aig

# Subcircuit 44
SUB_ID 44
LO (72):  6429 6458 6459 6477 6583 6658 7626 7631 7643 7644 9017 9037 9041 9102 9104 10319 10330 10331 10332 10394 10432 10433 10458 10465 10468 10469 10510 10520 10532 10539 10764 10765 10766 10888 10906 10910 10917 10918 10926 10933 10935 10947 10953 10954 10963 10970 11064 11141 11246 11248 11484 11485 11493 11618 11619 11659 11667 12360 13259 13283 13301 13356 13369 13522 13613 13673 14160 15833 15844 15855 17297 34783
LI (127):  23 25 33 36 39 40 44 45 58 59 60 73 75 76 94 96 97 102 114 115 117 130 211 218 229 251 842 1091 1094 2658 2670 2689 2690 2795 2840 2866 2874 2883 2932 3248 3250 3363 3397 3398 3425 6312 6415 6427 6539 7609 7688 7700 7731 8205 8262 8285 8620 8835 8977 9016 9025 9030 9036 10467 10500 10509 10511 10518 10525 10527 10655 10728 10731 10738 10761 10763 10772 10781 10783 10799 10809 10815 10820 10840 10850 10863 10872 10880 10887 10894 10895 10905 10915 10923 10930 11069 11071 11075 11078 11081 11089 11095 11102 11107 11110 11115 11118 11121 11125 11127 11134 11140 11247 11470 11477 11483 11488 11492 11620 11645 11656 12359 13250 13251 13280 15841 15853
NODE_NUM = 200
FILE mem_ctrl_sub_44.aig

# Subcircuit 45
SUB_ID 45
LO (39):  6500 6552 6559 6562 6590 6591 6974 6975 6998 7481 9543 9560 9598 9604 9980 10002 10009 10155 10176 11616 12108 12124 14594 14595 14753 14827 14833 14902 14984 14995 15069 15364 15444 15719 16289 21060 27191 27662 38529
LI (144):  39 40 55 56 60 73 75 87 91 103 109 111 146 150 157 159 160 161 162 181 182 183 198 233 300 833 962 2600 2601 2631 2633 2687 2711 2790 2799 2802 2806 2813 2817 2823 2826 2845 3355 3394 6460 6509 6521 6539 6558 6576 6710 6856 6880 6914 6946 6949 6953 6960 6964 6966 6970 6972 7467 7470 7472 7474 7480 8620 9242 9521 9542 9552 9559 9580 9594 9603 9706 9801 9851 9957 9979 9991 10001 10027 10128 10136 10137 10150 10160 10174 11596 11611 11615 12040 12081 12093 12104 13609 14591 14593 14629 14664 14669 14726 14752 14761 14762 14775 14779 14780 14783 14784 14793 14819 14826 14832 14834 14853 14869 14879 14882 14890 14901 14940 14947 14950 14970 14971 14976 14980 15025 15030 15041 15046 15049 15056 15061 20863 21059 26902 27187 27379 27658 38516
NODE_NUM = 200
FILE mem_ctrl_sub_45.aig

# Subcircuit 46
SUB_ID 46
LO (72):  7039 7040 7048 7060 7094 7101 7114 7137 7152 7158 7175 7176 7177 7180 7184 7190 7193 7198 7199 7207 7219 7220 7263 7271 7272 7273 7276 7280 7286 7289 7294 7295 7303 7315 7316 7359 7369 7372 7381 7385 7391 7394 7399 7408 7409 7456 7457 7458 7461 7470 7492 7496 7500 7513 7515 7516 7561 10298 13818 15848 15851 15859 15862 15888 16040 38308 38557 39532 42548 44819 45388 48848
LI (113):  24 25 39 40 55 56 57 58 63 75 76 88 93 130 229 233 253 300 955 964 970 972 975 976 978 979 1090 3283 3379 3394 3398 3425 3433 3450 3478 3509 3588 3822 3823 6280 6349 6369 6406 6438 6446 6460 6461 6609 6710 6860 6869 6874 6877 6880 6891 6897 6907 6925 6931 7020 7036 7037 7086 7095 7113 7116 7138 7156 7371 7375 7420 7421 7428 7433 7440 7443 7444 7449 7452 7462 7469 7493 7495 7519 7521 7522 7524 7530 7533 7539 7544 7547 7554 7559 9131 10297 13814 13823 14612 15861 38211 38553 38555 39523 42536 42539 42543 42546 44816 44818 45362 45385 48847
NODE_NUM = 199
FILE mem_ctrl_sub_46.aig

# Subcircuit 47
SUB_ID 47
LO (26):  7554 7569 7571 7573 7575 7576 7602 7880 7890 8045 8070 8071 8581 8858 8862 8866 8977 9016 12546 12602 12607 12611 13087 13130 38373 47825
LI (68):  38 56 57 75 120 334 352 355 357 358 359 392 393 394 451 462 469 589 591 592 593 1042 1057 1074 1078 1198 1199 1200 3283 3478 7549 7566 7568 7577 7586 7598 7805 7807 7851 7868 7877 7880 7884 7889 8069 8285 8288 8603 8747 8759 8853 8857 8861 8903 8922 8932 8937 8974 8988 9001 12385 12471 12504 12505 12545 12577 12599 38335
NODE_NUM = 200
FILE mem_ctrl_sub_47.aig

# Subcircuit 48
SUB_ID 48
LO (53):  7586 7598 7607 7608 7705 8221 8232 8236 8243 8251 8258 8270 8285 8429 8431 8437 8498 8499 8532 8533 8573 8853 8903 8932 10236 11089 11118 11127 11134 13459 13567 14198 14237 14241 14267 14274 14309 14324 14335 14361 14372 14381 14388 14468 14483 14485 14493 14497 14504 14516 14523 14580 15227
LI (104):  39 40 73 76 88 101 300 324 328 344 345 346 347 363 568 593 1197 1199 1200 3250 3355 3379 3398 6358 6361 6367 6384 7595 7603 7604 7606 7731 7732 7784 8134 8205 8215 8218 8239 8247 8262 8263 8266 8410 8414 8426 8436 8438 8448 8449 8451 8476 8488 8490 8496 8505 8506 8507 8513 8520 8523 8528 8530 8549 8556 8559 8561 8565 8567 8569 8620 8836 8848 8895 8900 9132 10228 10235 11086 13444 13449 13452 13456 13553 13557 13558 13559 14191 14193 14196 14221 14225 14228 14231 14235 14238 14263 14266 14306 14308 14334 14355 14461 14480
NODE_NUM = 200
FILE mem_ctrl_sub_48.aig

# Subcircuit 49
SUB_ID 49
LO (75):  7609 7620 7621 9313 9330 9352 9368 9373 9386 9388 9392 9398 9427 9429 9432 9433 9457 9462 9471 9480 9484 9502 9503 9515 9521 9542 9546 9549 9552 9555 9556 9559 9575 9580 9594 9603 9719 9738 9740 9741 9767 9768 9769 9912 9941 9943 9957 9958 9959 9962 9963 9982 9983 9986 9987 9992 9993 9996 9997 10130 11880 11905 11906 11952 11955 11969 11970 11994 13672 13757 13871 13950 16656 16660 16667
LI (69):  25 33 41 91 96 141 143 145 147 153 173 175 182 184 199 211 233 300 842 2684 3247 3379 6312 6324 6665 9132 9191 9295 9310 9312 9320 9325 9329 9344 9349 9351 9367 9384 9395 9396 9409 9421 9425 9436 9437 9450 9455 9470 9479 9491 9495 9501 9536 9736 9929 9939 9946 9947 13644 13659 13663 13667 13671 13718 13721 13725 13729 13753 13756
NODE_NUM = 188
FILE mem_ctrl_sub_49.aig

# Subcircuit 50
SUB_ID 50
LO (38):  7674 7678 7682 7717 7728 7734 7756 7765 7784 7790 7798 7868 7877 7884 7889 7891 7892 7914 7917 7918 7919 8101 8280 8488 8505 8565 8857 9025 12471 12504 13044 13178 13179 13250 13557 13558 13559 13599
LI (108):  52 76 88 95 98 109 111 315 316 317 321 322 323 343 348 349 350 351 353 354 355 357 358 360 361 362 378 442 461 462 463 589 591 592 593 1094 1197 1199 2644 2682 2705 3364 6423 7577 7602 7672 7676 7681 7716 7725 7727 7733 7750 7753 7759 7760 7762 7769 7787 7797 7849 7851 7854 7874 7877 8205 8218 8275 8480 8482 8484 8485 9024 10395 10554 11188 12341 12348 12490 12494 12497 12498 12503 12545 12710 12789 12805 12809 12812 12813 12818 12825 12829 13041 13091 13113 13117 13120 13121 13177 13241 13244 13247 13555 13588 13591 13595 13598
NODE_NUM = 196
FILE mem_ctrl_sub_50.aig

# Subcircuit 51
SUB_ID 51
LO (18):  7915 7920 7946 7947 7973 7986 7987 8044 8408 8900 8922 12655 12688 12885 13041 47408 47513 47659
LI (53):  318 364 370 371 372 373 374 375 376 377 378 379 380 382 383 386 387 440 589 591 592 593 1197 1199 1200 7892 7907 7910 7914 7918 7919 7943 7972 7973 7977 7978 7984 7991 7995 7997 8032 8205 8395 8405 12341 12470 12546 12633 12636 12656 12861 12886 13039
NODE_NUM = 197
FILE mem_ctrl_sub_51.aig

# Subcircuit 52
SUB_ID 52
LO (37):  7943 7972 7984 7991 8032 8069 8074 8092 8094 8095 8211 8215 8263 8410 8414 8426 8436 8448 8449 8476 8480 8482 8484 8485 8496 8506 8513 8520 8530 8549 8556 8561 8569 12551 12552 12656 12886
LI (84):  40 88 101 229 233 329 330 337 338 339 340 365 366 367 368 369 381 384 385 388 389 390 391 395 396 397 399 400 401 409 411 412 441 443 448 1092 1197 1198 1200 3355 3364 6358 6384 7694 7704 7707 7733 7759 7940 7946 7947 7953 7959 7962 7965 7968 7986 7987 8051 8066 8089 8133 8210 8214 8228 8239 8247 8260 8262 8418 8422 8429 8431 8446 8458 8461 12341 12549 12550 12636 12655 12862 12866 12885
NODE_NUM = 198
FILE mem_ctrl_sub_52.aig

# Subcircuit 53
SUB_ID 53
LO (28):  8089 8768 8833 8984 8985 9001 9023 12365 12366 12367 12373 12374 12385 12386 12388 12392 12426 12430 12635 12935 12937 12938 12939 12954 12964 13129 48275 48470
LI (54):  76 123 320 325 427 428 429 431 437 444 445 446 449 457 568 589 593 1197 1200 3379 7711 7733 7762 7769 8086 8205 8287 8289 8310 8671 8672 8699 8712 8716 8720 8747 8750 8759 8785 8789 8830 12338 12342 12343 12344 12345 12364 12372 12375 12381 12924 12927 12930 12931
NODE_NUM = 199
FILE mem_ctrl_sub_53.aig

# Subcircuit 54
SUB_ID 54
LO (32):  8086 8133 8228 8275 8442 8446 8507 8699 12372 12549 12550 12555 12564 12577 12586 12587 12599 12710 12789 12795 12798 12799 12806 12824 12860 12924 12927 12930 12931 12945 12948 12976
LI (77):  76 123 319 356 398 405 410 412 413 427 428 429 430 431 436 437 444 445 446 449 453 456 568 593 1094 1197 1200 7619 7694 7711 7759 7775 8074 8130 8209 8223 8227 8272 8441 8671 8696 8747 8759 8768 12338 12342 12344 12345 12363 12366 12367 12371 12373 12374 12375 12381 12387 12391 12422 12469 12475 12479 12551 12552 12554 12567 12573 12576 12591 12594 12598 12693 12694 12697 12704 12707 12935
NODE_NUM = 195
FILE mem_ctrl_sub_54.aig

# Subcircuit 55
SUB_ID 55
LO (52):  8130 8188 8205 8830 9064 9097 10266 10270 10287 11820 13177 13553 13609 13611 14280 14317 14528 14582 15015 15056 44635 44653 44656 44662 44677 44821 44824 44827 44828 44831 44842 44845 44848 44851 44863 44877 44906 44909 44912 44915 44956 44986 44995 45007 45013 45016 45025 45224 45227 45242 45296 45302
LI (81):  138 286 287 289 290 316 317 318 321 322 323 324 326 327 328 331 336 337 338 339 340 402 403 404 406 407 408 414 464 794 1041 1045 1048 1049 1052 1059 1066 1071 1073 1079 1081 1087 6540 8118 8127 8185 8217 8620 8829 9043 9052 9063 9096 10229 10265 10268 10567 10575 11814 11818 13176 13608 14276 14277 14278 14455 14526 14539 14578 14580 15008 15009 15011 44618 44620 44632 44636 44642 44820 44872 44875
NODE_NUM = 176
FILE mem_ctrl_sub_55.aig

# Subcircuit 56
SUB_ID 56
LO (27):  8209 8210 8218 8395 8405 8438 8458 8461 8585 8671 8672 8696 8712 8716 8720 8747 8835 8845 8846 8988 12422 12470 13176 48036 48118 48187 48366
LI (104):  40 99 362 370 371 372 375 415 416 417 418 419 420 421 422 423 424 425 426 427 428 429 431 432 433 434 435 438 439 442 446 447 449 450 452 454 455 459 460 465 589 1197 1198 1199 1200 6324 7603 7604 7619 7703 7778 7807 7839 8207 8208 8217 8289 8356 8371 8375 8437 8616 8620 8629 8638 8641 8651 8660 8663 8670 8693 8747 8759 8833 8987 9030 12386 12408 12412 12415 12416 12420 12421 12426 12430 12469 13160 13164 13167 13168 13174 48009 48016 48017 48035 48092 48099 48117 48161 48168 48186 48340 48344 48365
NODE_NUM = 199
FILE mem_ctrl_sub_56.aig

# Subcircuit 57
SUB_ID 57
LO (102):  8848 8987 9024 9030 9034 9036 13187 14426 16804 16805 16826 16828 16829 16832 16848 16849 16863 16870 16922 16923 16943 16944 16974 17010 17112 17113 17132 17146 17183 17189 17285 17286 17289 17291 17293 17294 17311 17312 17314 17316 17317 17318 17319 17320 17323 17349 17350 17364 17367 17370 17385 17386 33542 33553 33591 33602 33744 34171 36709 36712 36720 36800 42536 42546 44870 44871 44875 47263 47305 47345 47382 47418 47455 47487 47523 47559 47597 47633 47669 47701 47733 47770 47810 47855 47901 47944 48035 48076 48117 48153 48186 48222 48262 48296 48332 48365 48401 48492 48581 48937 48947 49063
LI (123):  199 593 604 622 952 1093 1162 1163 1164 2882 2883 2904 2946 2948 6324 7711 8502 8620 8845 8846 8984 8985 9023 9035 13186 14333 16791 16799 16823 16825 16827 16831 16862 16920 17264 17284 17290 17292 17303 17310 17313 42533 42534 42545 47236 47247 47261 47282 47293 47301 47326 47343 47361 47372 47379 47399 47416 47439 47453 47472 47485 47504 47521 47540 47557 47576 47587 47594 47614 47631 47650 47667 47686 47699 47718 47731 47750 47768 47795 47808 47834 47853 47884 47899 47926 47934 47941 48034 48047 48054 48057 48068 48073 48116 48131 48144 48150 48185 48203 48220 48235 48242 48244 48254 48259 48278 48294 48305 48312 48314 48324 48329 48364 48382 48399 48473 48490 48554 48561 48563 48573 48578 48944
NODE_NUM = 200
FILE mem_ctrl_sub_57.aig

# Subcircuit 58
SUB_ID 58
LO (52):  9035 9052 9063 9065 9068 9075 9096 9107 9118 9119 10256 10268 10305 10397 11217 11241 11440 11448 11469 11512 11656 11700 11708 11718 11726 11731 11740 11741 11752 11814 11818 13260 13320 13321 13341 13346 13360 13456 14635 14636 14711 14712 14713 14714 14903 16004 44719 44723 44797 44800 45394 49358
LI (104):  25 32 33 50 52 56 58 60 67 71 75 77 85 90 103 123 138 143 199 211 233 253 300 301 302 312 313 469 480 1094 1163 2617 2685 2699 2883 2886 2944 2949 3248 6312 6314 6324 6423 6427 7620 7672 7680 8208 9043 9051 9055 9062 9074 9077 9094 9117 9118 9120 9273 10254 10264 10301 10439 11147 11229 11437 11445 11447 11467 11509 11646 11647 11651 11653 11671 11674 11679 11680 11681 11686 11687 11688 11693 11702 11707 11728 11736 11739 11751 11778 13306 13314 13315 13344 13353 13356 13454 14634 14665 14666 14701 44713 45389 45391
NODE_NUM = 199
FILE mem_ctrl_sub_58.aig

# Subcircuit 59
SUB_ID 59
LO (64):  9132 9140 9153 9156 9172 9173 9614 9618 9630 9643 9657 9660 9665 9683 9829 9834 9859 9872 9879 9902 9904 9906 10067 10102 10184 10197 10213 10221 11669 11838 11842 11843 11844 11845 11847 11866 12111 12122 12144 12146 12147 12159 12332 13598 13671 13715 13756 13792 13808 13825 13826 13973 14009 14124 14125 14599 14896 16696 16735 16789 33406 33475 42495 49086
LI (84):  34 35 40 55 56 75 76 80 88 93 101 119 139 140 150 158 164 196 197 198 233 300 3394 3450 6324 6438 6439 9131 9141 9143 9154 9168 9613 9616 9626 9628 9656 9662 9674 9678 9828 9851 9857 9866 9870 9874 9882 9889 9900 10064 10091 10182 10192 10208 10439 11665 11667 11836 11857 11865 12129 12133 12149 12156 13635 13680 13712 13727 13781 13805 14008 16708 16724 16726 16728 16766 16780 16782 33365 33367 33403 33442 33466 42494
NODE_NUM = 197
FILE mem_ctrl_sub_59.aig

# Subcircuit 60
SUB_ID 60
LO (39):  9159 9168 9180 9192 9208 9263 9674 9676 9881 9900 10039 10091 11857 12040 13841 13860 13954 13969 13982 13988 14000 14084 14095 14103 14117 14901 15007 15778 16070 16100 16708 16766 25755 28133 28604 29081 31460 33403 33442
LI (106):  39 40 56 75 76 88 93 101 145 175 179 184 185 186 187 191 233 300 833 3250 3422 3450 6324 6406 7606 8620 9121 9141 9190 9191 9210 9211 9218 9222 9247 9250 9252 9254 9255 9624 9628 9673 9882 9891 9893 9896 10013 10017 10037 10085 10088 11968 11972 11975 11992 12011 12015 12018 12031 12039 13833 13836 13838 13844 13859 13924 13931 13936 13948 13951 13967 13973 13978 13990 13993 13998 14066 14071 14080 14083 14114 14611 14615 14894 14896 14902 15000 15001 15757 15758 15759 15765 15774 15777 16698 16761 25472 25751 27850 28129 28321 28600 28792 29077 33399 33437
NODE_NUM = 199
FILE mem_ctrl_sub_60.aig

# Subcircuit 61
SUB_ID 61
LO (65):  9193 9851 10088 10136 10311 10316 11573 14593 14617 14644 14650 14661 14738 14752 14775 14793 14804 14805 14807 14808 14814 14816 14822 14826 14837 14850 14853 14858 14863 14866 14879 14911 14928 14940 14947 14950 14970 15000 15092 15177 15187 15198 15199 15200 15201 15210 15217 15276 15289 15325 15335 15417 15421 15422 15424 15430 15431 15432 15434 15442 15445 15453 15918 16277 16339
LI (107):  39 40 52 70 87 101 103 143 145 146 147 162 163 175 180 181 182 194 288 300 2605 2623 2708 3248 6324 6349 6637 8247 9073 9190 9543 9624 9673 9754 9801 10013 10017 10027 10132 10310 10315 11236 11571 13207 14588 14589 14592 14618 14620 14626 14630 14640 14642 14647 14649 14654 14659 14672 14683 14695 14719 14731 14733 14736 14744 14767 14768 14789 14821 14845 14852 14857 14859 14875 14877 14905 14915 14919 14925 14932 14937 14942 14945 14958 14959 14964 14969 14984 14985 14988 14993 14995 14999 15075 15089 15091 15093 15097 15105 15115 15136 15142 15146 15153 15172 15176 15188
NODE_NUM = 196
FILE mem_ctrl_sub_61.aig

# Subcircuit 62
SUB_ID 62
LO (38):  9222 9228 9245 9246 9247 9254 9491 9718 9979 10037 10160 12104 12292 13884 13924 13931 13948 14071 14093 15475 15759 16044 16045 16055 16076 16159 16161 16162 16219 16224 16451 16670 16672 16676 16678 16686 23195 33407
LI (104):  39 40 88 147 151 152 153 158 162 169 174 179 186 191 233 300 6324 6358 6361 6384 8620 9190 9191 9206 9209 9221 9234 9235 9242 9243 9246 9255 9386 9480 9484 9490 9556 9575 9703 9704 9709 9710 9712 9741 9754 9767 9801 9967 9971 9972 9976 10027 10032 10033 10158 12086 12100 12149 12268 12269 12272 12276 12280 12284 12286 12291 13290 13292 13867 13868 13871 13894 13909 13926 13928 13941 13942 13944 14011 14014 14020 14029 14039 14045 14051 14053 14060 14084 14090 14091 14590 14592 15084 15295 15343 15366 15378 15385 15465 15467 15471 16042 16050 16054
NODE_NUM = 200
FILE mem_ctrl_sub_62.aig

# Subcircuit 63
SUB_ID 63
LO (53):  9234 9235 9243 9250 9252 9616 9623 9626 9703 9712 9815 10032 10481 10490 10491 10639 10738 10761 10783 10829 10839 10840 10845 10850 10872 10879 10886 10915 10980 10982 10985 10987 10988 11934 12073 12087 13379 13439 14675 15105 15142 15500 15510 15629 16258 16271 16318 16651 16698 16761 24797 33399 33437
LI (104):  39 40 73 76 88 93 101 146 149 153 154 155 162 167 173 177 182 190 233 300 3363 6324 6358 6368 6407 7603 7731 8620 9217 9232 9237 9242 9245 9246 9615 9620 9624 9692 9701 9814 10030 10489 10594 10638 10700 10713 10734 10737 10741 10758 10781 10823 10828 10832 10838 10846 10849 10856 10857 10867 10871 10910 10911 10912 10974 10977 10984 14674 15097 15104 15141 15479 15482 15499 15504 15507 16259 16284 16287 16311 16317 16658 16660 16668 16669 16670 16672 16678 16682 16688 16696 16745 16746 16747 16751 33383 33384 33385 33389 33407 33408 33417 33420 33431
NODE_NUM = 189
FILE mem_ctrl_sub_63.aig

# Subcircuit 64
SUB_ID 64
LO (26):  9255 9310 9329 9344 9349 9396 9421 9425 9450 9455 9479 9495 9501 9536 11968 11975 11992 12011 12015 12031 12268 15613 15635 15693 15745 16575
LI (93):  33 40 41 52 71 96 154 161 164 183 185 199 211 217 233 300 2625 6324 6384 6630 9202 9232 9264 9302 9306 9320 9325 9326 9338 9409 9410 9415 9427 9432 9444 9448 9452 9980 10002 10481 10485 11891 11892 11895 11898 11904 11908 11927 11930 11934 11941 11953 11955 11967 11974 11980 11982 11991 11995 11998 12002 12014 12018 12023 12203 12204 12207 12210 12213 12218 12219 12226 12241 12248 12249 12250 12257 12259 14683 15268 15557 15560 15575 15583 15604 15611 15623 15625 15632 15677 15678 15682 15690
NODE_NUM = 200
FILE mem_ctrl_sub_64.aig

# Subcircuit 65
SUB_ID 65
LO (90):  9268 9272 9273 9295 9302 9312 9325 9338 9367 9384 9415 9444 9470 9490 9727 9747 10321 10322 10335 10336 10466 10467 11426 11460 11500 11506 11535 11611 11615 11644 11679 11680 11681 11687 11702 11891 11892 11895 11898 11908 11927 11930 11967 11972 11974 12002 12014 12023 12039 13266 13312 13314 13362 13578 14411 16791 16794 16920 17015 17031 17032 17033 17034 17036 17056 17058 17072 17073 17074 17075 17076 17196 17279 17281 17284 17290 17292 17685 21655 22027 22463 30817 33915 33920 36429 36437 36478 36886 37992 45816
LI (119):  25 33 40 41 54 59 71 91 93 94 96 112 154 161 167 190 199 211 233 253 300 480 617 666 681 842 1092 1094 2599 2605 2625 2630 2635 2637 2644 2655 2687 2698 2866 2882 2904 2949 6313 6324 6539 7619 7680 7700 9086 9088 9191 9197 9198 9200 9201 9204 9271 9282 9286 9292 9294 9298 9301 9311 9320 9324 9334 9356 9363 9365 9378 9411 9429 9457 9489 9736 10439 10481 10485 11424 11435 11503 11534 11600 11603 11609 11613 11638 11639 11640 11675 11676 11880 11883 11888 11890 11893 11906 11970 11981 13263 13287 13311 13570 13572 13577 14395 16793 16863 16899 17011 17014 17020 17035 17055 17266 17268 17275 17280
NODE_NUM = 195
FILE mem_ctrl_sub_65.aig

# Subcircuit 66
SUB_ID 66
LO (58):  9615 9620 9624 9638 9644 9651 9656 9662 9692 9701 9704 9706 9709 10054 10064 10174 11145 11494 11562 11638 12168 12179 13235 14014 14029 14039 14890 14999 15295 15467 15940 15953 16003 16009 16016 16019 16287 16311 16317 16462 16463 16487 16637 16724 16780 21413 21650 21783 21910 31939 33356 33365 33417 33420 33444 33466 42533 42534
LI (125):  39 40 55 75 76 88 101 145 150 153 155 158 171 175 179 191 192 195 233 300 833 980 3363 3378 3397 3435 3450 3550 6368 6389 6609 6621 6625 7462 7606 7658 8620 9142 9190 9191 9205 9628 9636 9650 9654 9696 10013 10017 10052 10061 10072 10166 10357 10439 11142 11561 11633 11636 11710 11842 11847 12146 12159 12161 13234 14011 14025 14037 14062 14612 14711 14734 14887 14888 14892 14893 15283 15284 15294 15579 15916 15919 15924 15931 15943 15951 15963 15967 15987 15990 15993 16002 16005 16286 16302 16310 16316 16559 16605 16607 16627 16633 16713 16715 16716 16723 16769 21361 21409 21640 21649 21738 21779 21860 21906 31650 31935 33161 33355 33363 33449 33456 33462 42527 42531
NODE_NUM = 199
FILE mem_ctrl_sub_66.aig

# Subcircuit 67
SUB_ID 67
LO (83):  9710 9729 9777 9798 9828 9857 9866 9870 9874 9889 9891 9893 9896 10052 10085 10137 10182 10192 10208 10357 13286 15943 16030 17720 17721 17752 17753 17765 17775 17777 17778 17780 17783 17792 17991 19350 19374 20382 20383 20385 20573 20590 20594 20600 20636 20652 20655 20659 21957 22222 22506 26426 26443 26447 26453 26489 26511 26514 26518 30032 30075 30077 30087 30103 30114 30126 30131 33533 35087 35091 35099 35128 35133 35137 35227 35234 35686 38660 38664 38810 38822 39206 44894
LI (58):  39 40 75 76 88 101 141 146 149 159 163 168 181 189 198 300 333 609 610 626 661 739 779 786 1154 1156 2997 3248 3363 3424 6324 7606 7658 7668 7761 8620 9141 9142 9653 9677 9775 10189 10206 13284 17403 17414 17601 17605 17608 17646 17696 17702 17708 17713 38513 44883 44886 44892
NODE_NUM = 199
FILE mem_ctrl_sub_67.aig

# Subcircuit 68
SUB_ID 68
LO (70):  9967 9971 9972 9976 9991 10001 10013 10017 10027 10033 10061 10072 10128 10132 10150 10189 10206 10229 10230 10235 10247 10261 10273 10275 10315 10340 10342 10377 10390 10399 10408 10420 10422 10426 10450 10452 10511 10518 10525 10527 10545 10551 10555 10563 10571 10576 10582 11095 11140 12348 13206 13449 13588 13591 15025 15136 15343 15880 15882 16605 16627 17264 17266 17280 17303 17310 17313 18752 25284 38514
LI (167):  33 37 39 40 41 45 46 48 49 66 70 73 74 93 94 102 104 110 111 142 147 156 160 162 163 178 182 233 251 253 300 315 481 666 684 787 825 833 842 902 950 960 987 1083 1094 2628 2637 2650 2655 2759 2882 2883 3095 3244 3247 3355 3363 3518 3641 5940 6292 6313 6349 6369 6390 6423 6426 6427 6507 6539 6616 7604 7606 7611 7619 7681 7685 7711 8620 9043 9092 9515 9521 9546 9549 9730 9742 9749 9775 9780 9783 9801 9813 9958 9959 9962 9963 9965 9970 9982 9983 9986 9987 9990 9992 9993 9996 9997 10000 10125 10130 10148 10149 10228 10234 10246 10251 10313 10388 10425 10443 10517 10543 11136 11139 12347 13203 13205 13446 13447 15019 15119 15134 15310 15321 15332 15339 16002 16564 16565 16566 16569 16570 16591 16601 16604 16618 16620 16623 17249 17262 17265 17281 17299 17301 17306 18540 18751 25089 25283 38432 38433 38438 38440 38454 38511 38513
NODE_NUM = 200
FILE mem_ctrl_sub_68.aig

# Subcircuit 69
SUB_ID 69
LO (64):  10601 10647 10664 10683 10708 10711 10722 10734 10737 10758 10787 10788 10797 10798 10799 10804 10809 10815 10823 10856 10867 10871 10911 10921 10951 10972 10974 10975 10977 10984 10997 11015 11026 11035 11049 11110 11271 11276 11533 11543 11604 11605 13540 13644 13659 13712 13753 13805 34598 38696 38697 38698 38708 38713 38720 38769 38770 38780 38802 39100 39133 39814 40262 41222
LI (102):  39 40 43 44 45 53 73 76 88 100 101 114 115 116 200 201 229 233 300 3363 3364 3379 3433 6407 6415 6418 6420 6421 7700 7731 10459 10463 10485 10535 10542 10589 10600 10604 10655 10700 10703 10714 10717 10719 10720 10728 10731 10741 10747 10750 10757 10781 10794 10798 10799 10804 10822 10863 10866 10930 10939 10941 10945 10948 10988 11047 11274 11313 13411 13460 13463 13466 13480 13487 13508 13519 13526 13529 13534 13539 13633 13634 13636 13639 13652 13656 13683 13691 13695 13699 13710 13718 13735 13739 13743 13752 13771 13772 13782 13793 13798 13803
NODE_NUM = 200
FILE mem_ctrl_sub_69.aig

# Subcircuit 70
SUB_ID 70
LO (66):  10772 10781 11004 11007 11011 11033 11056 11270 11606 11607 11608 11609 11613 35571 35646 38593 38608 38613 38631 38669 38733 38735 38798 38799 38800 38815 38872 38873 38986 39001 39012 39014 39017 39018 39019 39020 39021 39033 39084 39224 39333 39393 39396 39397 39438 39479 39601 40047 40139 40144 40149 40153 40155 40158 40159 40248 40997 41005 41009 41308 42398 42762 42788 43796 43797 43982
LI (77):  208 209 210 212 213 214 215 220 231 300 315 1158 3398 8620 10714 10818 11003 11008 11010 11032 11055 11173 11605 35569 35644 38589 38591 38595 38602 38605 38607 38612 38625 38633 38659 38668 38671 38675 38687 38702 38719 38730 38735 38747 38789 38790 38797 38810 38811 38814 38825 38827 38830 38832 38834 38840 38842 38846 38869 38870 38871 38882 38892 38914 38916 38920 38943 38944 38947 38953 38960 38972 38973 38975 38991 38996 39003
NODE_NUM = 197
FILE mem_ctrl_sub_70.aig

# Subcircuit 71
SUB_ID 71
LO (50):  10820 10880 10887 38589 38975 40014 40015 40132 40303 40305 40333 40364 40553 40558 40598 40684 40725 40735 40909 40912 40917 40933 41404 41418 41419 41429 41445 41567 41634 41648 41656 41766 41771 41774 41815 41851 41861 41902 41911 41924 41978 41980 42023 42034 42175 42176 42202 44036 44168 44174
LI (88):  40 210 214 220 231 1143 1147 1148 1149 1150 1151 1152 1153 10819 10826 10879 10886 38588 38593 38959 39988 40008 40012 40013 40024 40040 40041 40042 40055 40074 40089 40110 40121 40131 40241 40255 40301 40324 40330 40332 40363 40551 40556 40580 40584 40587 40594 40662 40683 40707 40710 40717 40724 40732 40734 40763 40777 40784 40790 40798 40811 40813 40823 40830 40833 40846 40860 40874 40884 40891 40892 40896 40908 40911 40924 40932 41401 41416 41427 41437 41444 41486 41517 41551 41562 41643 41645 41655
NODE_NUM = 198
FILE mem_ctrl_sub_71.aig

# Subcircuit 72
SUB_ID 72
LO (78):  10826 10828 10832 10838 10857 10863 10866 10905 10912 10930 10936 10939 10945 10948 10993 11003 11017 11022 11032 11037 11039 11044 11047 11055 11069 11071 11081 11107 11115 11125 11136 11149 11163 11168 11177 11202 11207 11219 11221 11222 11233 11237 11239 11269 11459 11516 11534 11551 11565 11571 11600 11603 11675 13195 13205 13215 13218 13231 13236 13442 13480 13487 13508 13519 13534 13539 13545 13608 13616 14634 14642 14674 17249 44804 44807 45362 45385 45519
LI (149):  25 39 40 41 44 45 52 68 70 72 73 76 82 85 88 95 99 103 104 105 110 112 167 233 288 300 315 830 955 1092 1094 2602 2605 2614 2625 2653 2683 2740 2742 2748 2749 2762 2766 2970 3363 3364 3398 3433 6407 6426 6427 6491 6511 6540 7549 7606 7613 7619 7672 7713 7731 8620 9058 9060 9067 9080 9194 9313 10308 10320 10325 10326 10398 10468 10522 10560 10567 10600 10638 10708 10716 10787 10788 10797 10798 10804 10827 10831 10839 10840 10845 10904 10906 10910 10933 10935 10941 10947 10985 10987 10988 11015 11035 11073 11080 11121 11162 11173 11185 11195 11203 11205 11206 11236 11263 11457 11550 11599 11601 11608 13192 13210 13216 13392 13405 13406 13421 13431 13436 13441 13469 13471 13475 13478 13483 13500 13538 13600 13605 13613 14630 17246 38552 42508 44806 45367 45508 45512 45514
NODE_NUM = 200
FILE mem_ctrl_sub_72.aig

# Subcircuit 73
SUB_ID 73
LO (60):  11274 11298 11304 11305 11367 11427 11437 11447 11452 11455 11457 11470 11472 11477 11483 11488 11492 11509 11514 11528 11545 11561 11632 11636 11645 12300 13234 16769 33363 34927 35053 38418 39267 39307 39865 39988 40458 40492 40662 40860 40874 41722 41780 41917 41919 42005 42011 42200 42267 42360 42374 42376 42384 44712 45318 45340 45343 45344 45347 45349
LI (158):  40 46 53 55 56 57 58 60 61 75 86 107 210 214 233 244 288 300 842 925 944 980 1149 1150 1151 1152 1153 2603 2617 2625 2686 2776 3247 3378 3395 3399 3437 3481 5940 6315 6369 6460 6625 7663 7664 8620 9088 9131 9196 9242 10331 10333 10439 10652 10658 10662 10669 10672 10677 10688 10692 10716 10829 10831 11263 11292 11296 11297 11429 11450 11467 11475 11519 11521 11527 11533 11542 11543 11559 11560 11626 11627 13233 16768 33357 33361 34808 34839 34903 34904 34914 34920 34923 34998 35014 35036 35037 35040 35046 35049 38417 39060 39063 39236 39266 39301 39798 39835 39842 39847 39858 39864 39901 39906 39931 39933 39985 40224 40386 40389 40431 40453 40457 40467 40486 40651 40655 40859 40873 41418 41429 41636 41668 41672 41675 41683 41703 41713 41715 41721 41755 41779 41918 42315 42316 42320 42332 42359 42371 42372 44708 45317 45320 45326 45330 45339 45341 45345
NODE_NUM = 199
FILE mem_ctrl_sub_73.aig

# Subcircuit 74
SUB_ID 74
LO (56):  11560 11587 11595 11601 11626 11627 11633 11639 11646 11647 11665 13297 13339 13363 14025 33361 34903 34914 34936 35036 35040 35061 38430 45533 45563 45569 45572 45584 45593 45596 45602 45647 45664 45697 45706 45709 45729 45741 45770 45919 45997 46016 46025 46028 46030 46032 46033 46034 46037 46039 46041 46043 46269 46270 46481 46482
LI (120):  40 65 75 76 97 179 199 205 206 207 211 219 234 235 238 240 249 250 300 315 333 505 506 535 538 539 545 558 588 590 1051 2673 2795 2947 3379 3565 3642 6324 6342 6345 6369 6390 6539 6547 6617 6620 6621 6625 6733 7549 7635 7645 7661 9080 9190 9313 10330 10439 11559 11577 11584 11586 11593 11619 11620 11660 13287 13296 13329 13338 15853 16340 16641 33360 34797 34862 34866 34869 34878 34887 34893 34900 34907 34909 34912 34931 34932 34958 35015 35032 35059 35062 35069 35077 38419 38426 38427 45531 45561 45567 45570 45582 45592 45600 45643 45645 45661 45662 45727 45739 45768 45916 45917 45977 45981 45987 45991 46012 46015 46020
NODE_NUM = 197
FILE mem_ctrl_sub_74.aig

# Subcircuit 75
SUB_ID 75
LO (55):  11651 11653 11671 11676 11688 11710 11728 11739 11751 11778 11830 11834 11836 11865 11888 11893 11941 11953 11982 11991 11995 12018 12081 12086 12093 12100 12116 12117 12129 12133 12156 12161 12203 12210 12213 12218 12219 12226 12241 12248 12249 12250 12257 12259 12269 12272 12280 12297 12322 14060 15499 15557 15604 15757 42489
LI (145):  39 40 41 55 75 76 95 101 120 148 154 157 176 180 183 185 188 190 211 233 300 315 469 480 1094 2599 2625 2867 2883 2969 3216 3247 3248 3363 3433 3565 6324 6358 6361 6367 6370 6384 6426 7606 7731 9051 9091 9141 9190 9205 9206 9215 9217 9219 9242 9395 9408 9409 9730 9732 9733 9734 9739 9740 9749 9750 9751 9753 9760 9763 9768 9780 9783 9813 10481 10485 10561 11649 11652 11709 11719 11750 11829 11843 11844 11905 11934 11952 11969 11981 11994 12049 12050 12052 12053 12061 12062 12064 12070 12073 12074 12080 12085 12087 12090 12092 12096 12098 12111 12112 12113 12146 12186 12233 12236 12240 12245 12270 12279 12295 12314 12316 15271 15459 15462 15498 15500 15518 15535 15545 15550 15596 15602 15611 15613 15635 15647 15655 15665 15674 15693 15718 15725 15735 15756
NODE_NUM = 200
FILE mem_ctrl_sub_75.aig

# Subcircuit 76
SUB_ID 76
LO (41):  12279 12314 12343 12344 12356 12359 12371 12375 12381 12387 12391 12408 12412 12415 12416 12469 12475 12490 12494 12497 12498 12554 12573 12591 12598 12633 12636 12689 12690 12697 12707 13039 13091 14256 14278 17265 45976 46001 46005 46009 49450
LI (81):  76 99 123 124 167 334 356 392 393 394 430 436 437 444 445 453 456 459 589 591 592 593 825 951 1093 1200 2670 3249 3364 7731 7775 8070 8092 8094 8103 8217 8502 8535 8603 8768 9213 12147 12313 12338 12339 12340 12341 12342 12351 12353 12354 12385 12388 12392 12421 12468 12479 12483 12488 12492 12547 12575 12602 12607 12611 12634 12635 12696 12912 12940 12956 12969 12970 12989 12999 13009 13049 13062 13074 13090 44870
NODE_NUM = 200
FILE mem_ctrl_sub_76.aig

# Subcircuit 77
SUB_ID 77
LO (56):  12693 12694 12696 12704 12805 12809 12812 12813 12825 12829 12861 12862 12866 12912 12940 12956 12969 12970 12989 12999 13009 13049 13062 13090 13113 13117 13120 13121 13160 13164 13167 13168 13174 13186 13192 13203 13210 13216 13233 13241 13244 13247 13251 13263 13271 13280 13284 13290 13296 13338 14037 15459 15465 16257 38417 44886
LI (151):  25 40 69 71 76 81 82 84 85 88 91 123 218 233 352 355 356 357 358 368 427 428 429 431 446 449 453 459 462 568 591 592 1051 1094 1200 2603 2605 2606 2618 2620 2671 2688 2944 3364 3425 5940 6369 6371 6540 6621 6624 7577 7619 7659 7663 7680 7711 7727 7851 8070 8092 8620 8759 8858 8862 8866 9073 9088 9274 9736 10228 10318 10348 10439 11162 11191 11203 11559 12338 12340 12341 12345 12346 12365 12483 12547 12552 12555 12564 12586 12587 12634 12689 12690 12703 12710 12795 12798 12799 12806 12824 12860 12935 12937 12938 12939 12945 12948 12954 12961 12963 12964 12966 12973 12976 12977 12981 12988 12998 13087 13094 13097 13129 13130 13133 13137 13201 13207 13275 13277 13283 13293 13295 13332 13334 15392 15452 15458 15463 16055 16173 16182 16183 16203 16208 16246 16249 16253 38399 38410 38414
NODE_NUM = 200
FILE mem_ctrl_sub_77.aig

# Subcircuit 78
SUB_ID 78
LO (71):  13293 13300 13311 13332 13340 13344 13353 13392 13405 13406 13421 13431 13436 13441 13444 13447 13454 13469 13475 13500 13526 13555 13569 13570 13572 13577 13595 13605 13619 13633 13636 13663 13667 13683 13699 13710 13718 13721 13725 13729 13739 13743 13752 13782 13793 13798 13803 13833 13836 13838 13844 13859 13867 13909 13926 13951 13967 13978 13990 13993 14003 14004 14011 14045 14051 14053 14062 14066 14080 14114 44708
LI (172):  25 39 40 48 54 55 73 75 76 83 88 93 100 101 110 112 116 118 125 130 144 151 152 166 169 174 175 191 229 233 300 469 1051 2635 2653 2669 2676 2816 3250 3363 3364 3379 3398 3433 6324 6367 6407 6421 6539 6621 7606 7627 7659 7731 7761 8620 9102 9123 9141 9191 9219 9502 9546 9549 9730 9739 9749 9753 9760 9767 9780 9783 9859 9941 10232 10409 10460 10465 10470 10486 10535 10536 10542 10589 10605 10608 10638 10717 10748 10749 10762 10764 10765 10899 10900 10953 10955 11203 11227 11287 11313 11424 11443 11444 11618 11838 12185 12346 13292 13343 13352 13366 13367 13369 13373 13379 13386 13388 13391 13393 13402 13411 13416 13423 13424 13427 13439 13460 13461 13463 13466 13474 13488 13489 13491 13492 13499 13522 13525 13620 13623 13626 13631 13634 13635 13639 13673 13676 13677 13680 13682 13702 13707 13716 13723 13727 13749 13772 13781 13792 13826 13829 13835 13866 13908 13950 14044 14079 14109 14111 44705 44706
NODE_NUM = 200
FILE mem_ctrl_sub_78.aig

# Subcircuit 79
SUB_ID 79
LO (50):  14079 14090 14130 14133 14139 14143 14148 14154 14161 14170 14178 14191 14196 14201 14206 14221 14225 14238 14248 14252 14259 14263 14266 14300 14304 14306 14315 14332 14340 14342 14349 14351 14365 14391 14393 14400 14406 14409 14421 14452 14461 14480 14526 14539 14578 15009 15011 38354 38362 38365
LI (139):  39 40 47 73 76 88 93 94 98 101 110 121 123 129 174 186 191 229 300 951 952 983 1092 1093 2648 2708 2848 2864 2908 2909 2911 2944 2946 3379 6312 6358 6361 6367 6384 6511 6553 6558 7528 7541 7606 7610 7615 7616 7618 7631 7645 7658 7659 7668 7703 7707 7719 7731 8217 8239 8247 8262 8418 8422 9121 9732 9751 9763 10317 10509 11824 12961 14088 14132 14145 14156 14157 14160 14167 14187 14189 14194 14199 14205 14218 14219 14237 14245 14247 14255 14256 14258 14265 14267 14282 14284 14287 14290 14292 14293 14297 14299 14333 14334 14350 14362 14363 14378 14381 14385 14388 14395 14419 14439 14441 14442 14447 14450 14457 14459 14468 14475 14476 14478 14483 14485 14493 14497 14504 14513 14516 14523 14525 14542 14543 14545 14549 14577 38335
NODE_NUM = 200
FILE mem_ctrl_sub_79.aig

# Subcircuit 80
SUB_ID 80
LO (44):  14407 14414 14439 14441 14447 14450 14475 14543 14545 14549 14588 14611 15084 15294 15471 15583 15611 15718 15756 15765 15774 15916 15951 16025 16050 16173 16249 16253 16286 16432 16460 16493 16506 16545 16550 16555 16591 16601 16604 16607 16618 16633 44816 44818
LI (131):  39 40 52 88 101 121 122 126 127 131 133 134 135 136 137 149 164 233 300 825 951 2616 3363 3364 3435 6324 6361 6367 6630 7627 7712 7716 8229 8239 8620 9242 10313 10481 10510 11286 14199 14213 14253 14264 14334 14362 14406 14417 14428 14438 14473 14589 14610 14612 14734 15072 15078 15083 15287 15292 15469 15513 15579 15610 15715 15752 15759 15769 15770 15771 15905 15906 15911 15930 15950 16002 16024 16048 16158 16166 16168 16169 16170 16251 16321 16323 16326 16327 16332 16342 16346 16350 16354 16361 16367 16377 16384 16386 16387 16426 16427 16431 16436 16437 16441 16446 16447 16451 16479 16484 16487 16492 16504 16505 16519 16530 16532 16537 16540 16541 16542 16554 16574 16576 16587 16599 16603 16608 16614 44813 44815
NODE_NUM = 200
FILE mem_ctrl_sub_80.aig

# Subcircuit 81
SUB_ID 81
LO (33):  14654 14701 14705 14719 14726 14731 14783 14784 14919 15093 15104 15119 15134 15172 15283 15310 15321 15366 15479 15498 15504 15535 15545 15550 15623 15647 15655 15665 15674 15677 16158 16246 16259
LI (113):  25 40 52 73 143 145 146 147 152 153 154 158 161 167 169 173 174 175 179 182 183 190 194 198 217 233 300 315 2688 3363 6324 6540 6630 9560 9980 11826 11828 11829 13884 14618 14635 14665 14667 14668 14672 14682 14700 14707 14712 14714 14718 14903 15097 15102 15112 15118 15124 15131 15167 15187 15233 15234 15237 15255 15258 15268 15272 15281 15304 15309 15320 15346 15350 15362 15364 15476 15488 15496 15497 15503 15521 15525 15533 15536 15537 15544 15548 15616 15620 15636 15640 15643 15646 15650 15652 15660 15664 15668 15673 16070 16074 16078 16083 16089 16096 16100 16156 16221 16231 16233 16240 16244 16258
NODE_NUM = 193
FILE mem_ctrl_sub_81.aig

# Subcircuit 82
SUB_ID 82
LO (77):  14736 14744 14761 14767 14768 14779 14780 14789 14809 14810 14848 14852 14893 14894 14958 15001 15075 15078 15089 15112 15118 15124 15131 15146 15167 15176 15192 15196 15215 15233 15234 15255 15258 15281 15284 15287 15332 15339 15362 15385 15392 15452 15469 15476 15488 15496 15497 15503 15513 15518 15521 15525 15533 15536 15537 15548 15575 15596 15602 15652 15690 15715 15752 15758 15974 15981 15982 15983 15989 16083 16089 16114 16166 16169 16231 16251 16272
LI (105):  39 52 101 143 146 147 152 153 154 158 161 162 167 169 170 173 175 179 181 182 190 194 198 217 225 233 300 2855 3363 6630 6637 7626 8239 9242 9543 10002 14589 14592 14624 14628 14635 14663 14665 14670 14676 14682 14683 14684 14706 14713 14732 14735 14742 14755 14760 14766 14821 14823 14826 14844 14845 14892 15086 15090 15097 15110 15115 15175 15190 15207 15214 15220 15232 15247 15251 15278 15304 15324 15326 15330 15335 15338 15359 15405 15450 15491 15510 15511 15514 15530 15532 15566 15572 15590 15594 15600 15708 15712 15745 15748 15906 15971 15978 16165 16225
NODE_NUM = 200
FILE mem_ctrl_sub_82.aig

# Subcircuit 83
SUB_ID 83
LO (60):  14832 14844 14845 14859 14882 14905 14942 14945 14969 14976 14980 14985 14988 14993 15008 15019 15030 15041 15046 15049 15083 15086 15102 15110 15115 15141 15153 15190 15207 15214 15220 15232 15237 15251 15324 15326 15405 15491 15507 15530 15544 15560 15566 15590 15594 15600 15708 15905 15911 15954 15962 15963 15978 15987 16074 16156 16203 16233 16316 16426
LI (139):  40 72 82 84 91 111 141 145 146 147 150 152 153 154 158 159 160 161 162 163 167 169 170 172 173 174 175 179 181 182 183 184 190 194 217 225 233 300 2606 2762 3363 6369 6390 6480 6630 6637 7660 8217 8239 8247 8620 9017 9213 9242 9311 9560 10566 10638 14590 14591 14592 14594 14596 14616 14619 14621 14636 14664 14666 14711 14811 14831 14843 14857 14881 14903 14913 14930 15033 15035 15048 15081 15085 15091 15097 15114 15177 15188 15200 15201 15210 15213 15218 15227 15229 15235 15268 15325 15398 15399 15541 15558 15589 15699 15706 15901 15902 15907 15908 15958 15961 15976 15981 15983 16002 16042 16045 16070 16100 16109 16114 16122 16125 16130 16132 16143 16153 16191 16195 16198 16337 16384 16394 16398 16402 16403 16405 16415 16418
NODE_NUM = 199
FILE mem_ctrl_sub_83.aig

# Subcircuit 84
SUB_ID 84
LO (75):  15213 15218 15235 15247 15268 15278 15292 15309 15320 15346 15350 15359 15378 15398 15399 15427 15450 15458 15482 15511 15541 15558 15572 15616 15620 15625 15632 15636 15640 15643 15650 15660 15664 15668 15673 15678 15682 15699 15706 15725 15735 15748 15780 15782 15800 15801 15811 15814 15834 15871 15873 15875 15886 15901 15902 15906 15907 15908 15924 15930 15931 16182 16284 16302 16332 16342 16350 16519 16530 16537 16608 16614 16623 42494 44813
LI (148):  39 40 52 88 98 128 130 132 146 149 153 154 158 161 167 170 171 172 173 175 176 179 182 183 186 190 194 198 225 233 251 300 2876 3248 3250 3363 3450 3593 6273 6324 6402 6404 6427 6439 6637 7606 7607 9123 9242 10231 10481 10485 10702 11142 11542 11981 14589 14592 14628 14680 14681 14682 14734 14738 14804 14805 14812 14814 14821 14822 14850 14853 14858 14911 14928 14971 15085 15092 15199 15217 15265 15275 15276 15288 15289 15306 15318 15329 15356 15367 15371 15375 15397 15418 15421 15422 15426 15428 15430 15432 15437 15438 15439 15442 15444 15445 15447 15453 15459 15629 15631 15662 15705 15719 15721 15723 15729 15733 15734 15779 15791 15799 15833 15874 15880 15882 15922 16100 16177 16179 16271 16272 16280 16290 16300 16331 16337 16341 16349 16451 16512 16515 16522 16529 16532 16584 16622 44810
NODE_NUM = 200
FILE mem_ctrl_sub_84.aig

# Subcircuit 85
SUB_ID 85
LO (87):  15919 15922 15958 15961 15967 15971 15990 15993 16002 16005 16024 16054 16078 16096 16109 16122 16132 16143 16165 16177 16179 16183 16191 16195 16198 16208 16221 16225 16240 16280 16290 16300 16310 16326 16327 16337 16340 16341 16349 16367 16384 16387 16394 16398 16402 16403 16405 16415 16418 16427 16436 16441 16446 16466 16474 16479 16484 16492 16500 16505 16512 16515 16529 16532 16540 16542 16565 16566 16569 16570 16574 16576 16584 16587 16599 16603 16620 16622 16639 16647 16652 32416 33360 33374 33427 33456 33462
LI (150):  39 40 52 88 101 141 150 152 165 169 170 171 172 174 183 184 185 186 187 191 193 195 217 225 233 288 300 833 3250 3363 3435 5918 6324 6630 6637 6761 7606 8239 8247 8620 9184 9242 9555 9623 10594 10822 10827 11142 13825 13884 14062 14589 14636 14644 14661 14663 14664 14680 14711 14734 14735 14805 14809 14810 14812 14814 14821 14822 14826 14850 14853 14858 14888 14892 14928 14971 15061 15081 15114 15192 15196 15198 15199 15215 15265 15305 15418 15421 15428 15431 15453 15579 15759 15918 15954 15956 15962 15974 15982 15989 16004 16011 16023 16042 16044 16070 16076 16120 16159 16161 16162 16176 16190 16194 16207 16219 16224 16272 16277 16289 16298 16308 16323 16325 16339 16346 16357 16359 16364 16393 16395 16414 16435 16437 16438 16445 16462 16463 16466 16487 16511 16515 16525 16575 16598 16646 16651 16713 32127 32412
NODE_NUM = 200
FILE mem_ctrl_sub_85.aig

# Subcircuit 86
SUB_ID 86
LO (113):  16658 16668 16669 16682 16688 16713 16715 16723 16745 16746 16747 16751 16768 16792 16793 16823 16824 16825 16827 16831 16862 16872 16903 16925 16927 16979 16983 16987 16988 17004 17011 17012 17014 17040 17055 17080 17081 17082 17096 17097 17100 17117 17129 17140 17186 17188 17203 17207 17208 17217 17236 17325 17326 17337 17338 17340 17403 17429 17433 17434 17456 17457 17488 17489 17500 17504 17505 17508 17509 17511 17512 17514 17517 17518 17540 17710 18234 18239 19037 19553 19570 21151 21160 21261 21262 21263 21267 21268 21320 22183 22427 22603 22604 22608 22615 22623 22627 31814 31819 32291 32296 33383 33384 33389 33449 36085 36458 36631 36856 36861 36867 36874 37041
LI (99):  39 40 141 142 149 170 192 193 216 224 233 300 604 622 662 666 681 762 1092 6324 6345 6352 6357 6358 6367 6384 6625 9190 9228 9555 9636 10073 10075 10439 13290 13292 13871 13894 14062 15906 16652 16656 16660 16662 16663 16667 16672 16676 16686 16739 16742 16791 16799 16804 16815 16822 16832 16843 16869 16870 16871 16899 16902 16923 16933 16943 16989 17010 17038 17053 17078 17079 17093 17095 17170 17185 17201 17212 17214 17229 17230 17241 17317 17323 17331 17335 17381 17400 17423 17424 17428 17432 17455 17487 17499 17503 33377 33380 33444
NODE_NUM = 200
FILE mem_ctrl_sub_86.aig

# Subcircuit 87
SUB_ID 87
LO (87):  16796 16797 16798 16799 16810 16815 16822 16871 16899 16900 16902 16932 16933 16941 16942 16976 16977 17037 17038 17049 17078 17095 17121 17133 17161 17177 17197 17200 17206 17229 17409 17414 17426 17428 17465 17475 17484 17485 17487 17493 17494 17499 17522 17533 17534 17553 17555 17567 17586 17588 17601 17605 17616 17620 17630 17636 17643 17645 17646 17662 17668 17672 17673 17674 17683 17689 17997 18022 18255 18288 19533 19535 19558 19573 19574 33556 36413 36607 36780 36889 37048 37181 37253 37639 37813 38485 38501
LI (94):  39 40 121 141 216 224 300 604 622 666 681 739 762 1092 2882 2904 3227 3250 3424 3625 6324 6342 6343 6345 6357 6358 6384 16795 16804 16805 16809 16813 16817 16818 16820 16842 16843 16848 16866 16869 16889 16895 16939 16952 16974 16979 16984 16991 17031 17032 17072 17073 17076 17103 17112 17132 17173 17196 17197 17207 17226 17425 17458 17462 17463 17473 17483 17486 17492 17498 17512 17513 17518 17526 17530 17540 17544 17547 17559 17566 17574 17585 17589 17598 17610 17614 17619 17629 17634 17642 17657 17660 17667 17670
NODE_NUM = 198
FILE mem_ctrl_sub_87.aig

# Subcircuit 88
SUB_ID 88
LO (55):  16809 16817 16889 16895 17115 17173 17185 17214 17246 17262 17268 17275 17299 17301 17330 17331 17379 17381 17393 17395 17396 17400 17559 17702 17814 17815 18286 18290 18351 18355 18364 18368 18370 18374 18375 19548 19565 20388 20389 20473 20483 24544 24548 35506 36418 38432 38454 38662 38841 39185 43454 45798 49354 49360 49402
LI (94):  33 36 39 40 41 48 89 96 121 141 142 211 253 300 315 604 609 610 619 626 628 661 681 707 750 762 779 786 825 830 1094 1154 1155 1156 2654 2868 2948 3424 3518 6331 6360 7652 9059 10414 10432 11166 11192 14438 16795 16816 16843 16869 16885 16893 16920 17073 17113 17183 17213 17242 17243 17245 17256 17279 17297 17299 17314 17329 17362 17377 17390 17392 17696 17713 17752 17780 18238 18239 18243 18257 18259 18263 18264 18268 18288 18295 18305 18315 18331 18342 18354 18359 18367 38452
NODE_NUM = 194
FILE mem_ctrl_sub_88.aig

# Subcircuit 89
SUB_ID 89
LO (33):  17329 17334 17335 17362 17377 17383 17388 17389 17390 17422 17423 17513 18243 18268 19056 19137 19141 19144 19148 19152 19158 19162 19178 19442 19571 19572 20392 20393 20394 20498 20508 35920 37042
LI (56):  39 40 141 142 143 211 300 604 609 610 619 620 626 628 661 736 744 779 782 786 1154 1155 1156 1160 15061 17293 17318 17333 17350 17352 17356 17359 17362 17371 17375 17387 17393 17752 17753 17765 17780 17817 18753 18766 18767 18783 18910 18919 18950 18956 19016 19019 19031 19036 19037 19053
NODE_NUM = 193
FILE mem_ctrl_sub_89.aig

# Subcircuit 90
SUB_ID 90
LO (53):  17333 17343 17346 17352 17355 17356 17371 17392 18012 18013 18018 18130 18131 18227 18727 18737 18750 18766 18783 19317 19321 19329 19333 19345 19360 19402 19408 19418 19424 19437 19438 19441 19443 19444 19446 19451 19455 19507 19517 33826 33827 33836 33854 33858 33861 33867 33868 34101 34107 34117 34123 39621 40133
LI (92):  39 40 143 199 211 300 619 620 626 627 629 645 648 666 681 744 779 782 788 789 790 791 793 833 1155 1159 1160 17311 17320 17345 17349 17350 17353 17370 17391 17780 17817 17853 17896 17993 18011 18017 18018 18065 18128 18129 18140 18147 18151 18156 18167 18179 18183 18189 18201 18210 18214 18220 18558 18600 18663 18664 18673 18678 18682 18686 18697 18704 18708 18714 18726 18754 18757 18760 19302 19313 19314 19318 19346 19352 19442 33581 33743 33824 33825 33828 33830 33834 33847 33853 33857 33863
NODE_NUM = 200
FILE mem_ctrl_sub_90.aig

# Subcircuit 91
SUB_ID 91
LO (30):  17345 17353 17357 17359 17962 17963 17964 17966 17967 17976 17988 19497 20521 20715 20717 21141 23831 23839 23851 23853 23862 30964 33830 34138 34147 34148 34157 35453 35458 35780
LI (89):  39 40 147 199 211 300 610 619 620 626 627 628 631 645 648 649 661 666 779 782 786 788 789 790 791 793 1154 1156 1158 17289 17291 17358 17752 17920 17924 17927 17939 17941 17949 17953 17961 17966 18130 18131 20522 20526 20718 20729 21079 21115 21119 21133 21136 21140 23812 33580 33581 33583 33588 33596 33683 33694 33698 33701 33705 33715 33719 33727 33731 33737 33828 33891 33897 33902 33906 33909 33927 33948 34057 34064 34071 34077 34085 34091 34101 34107 34117 34123 34146
NODE_NUM = 184
FILE mem_ctrl_sub_91.aig

# Subcircuit 92
SUB_ID 92
LO (23):  17358 17374 17375 17848 17849 17850 17851 17852 17853 17854 17871 33581 33588 33927 35932 36578 36693 36695 36706 36961 36962 36963 36967
LI (82):  39 40 199 211 223 300 604 609 610 617 619 620 626 627 628 629 649 661 779 782 786 789 790 793 1154 1155 1156 1160 3424 10357 17312 17364 17373 17752 17780 17813 17817 17820 17832 17834 17842 17846 17853 17896 18130 20729 33583 33585 33826 33828 33914 33917 33922 35813 35917 35921 35923 36422 36536 36539 36544 36548 36556 36560 36568 36572 36580 36673 36678 36682 36688 36691 36698 36702 36852 36853 36857 36861 36881 36887 36889 36894
NODE_NUM = 182
FILE mem_ctrl_sub_92.aig

# Subcircuit 93
SUB_ID 93
LO (36):  17373 17387 17391 17424 17425 17454 17455 17492 17495 17496 17498 17503 18754 18910 18950 19016 19053 21079 21094 21101 21104 21115 21180 21182 21183 21187 21188 21189 21316 22422 35814 36189 36365 36368 36481 37242
LI (79):  40 143 147 211 216 224 300 681 682 736 744 948 3227 3625 6343 6352 6357 6358 6384 16799 16855 16865 17316 17367 17386 17434 17453 17482 17497 18806 18811 18815 18825 18830 18856 18866 18871 18877 18879 18888 18893 18896 18900 18903 18906 18924 18926 18929 18930 18936 18939 18942 18943 18968 18972 18977 18979 18983 18989 18991 18995 19002 19005 19008 19009 19040 19045 19047 19050 19052 21061 21069 21075 21078 21079 21086 21091 21102 21105
NODE_NUM = 189
FILE mem_ctrl_sub_93.aig

# Subcircuit 94
SUB_ID 94
LO (10):  17432 17453 17458 35806 35987 36268 36673 37618 45971 46940
LI (113):  39 40 210 218 224 300 610 613 619 620 623 626 629 631 640 645 648 662 682 696 716 779 782 786 788 789 790 791 793 1155 1156 1160 1161 6358 6384 8620 16865 16918 17444 17451 17780 17817 17853 17896 18018 18131 19443 19473 20397 20522 20526 30964 35733 35758 35759 35767 35775 35794 35953 35984 36257 36261 36595 36596 36601 36611 36623 36641 36646 36652 36655 36664 36672 37048 37232 37233 37234 37249 37269 37272 37273 37280 37290 37291 37305 37311 37315 37323 37329 37333 37338 37344 37347 37351 37359 37360 37366 37520 37526 37530 37536 37542 37552 37558 37568 37574 37602 37612 45965 45967 46929 46931 46936
NODE_NUM = 199
FILE mem_ctrl_sub_94.aig

# Subcircuit 95
SUB_ID 95
LO (35):  17462 17463 17713 18015 18016 18017 18169 18170 18171 18753 19035 19036 19470 19471 19721 19747 19752 19755 19768 21170 21194 22330 22361 24545 35130 35134 35138 35365 35370 36142 36143 36145 36166 36167 38967
LI (64):  39 143 144 609 610 615 619 620 626 627 628 629 642 649 661 688 775 779 782 786 789 790 948 1154 1155 1156 1157 1160 3424 6345 16845 17459 17593 17706 17710 17711 17752 17780 17817 17853 17860 17875 19532 19534 19538 19582 19594 19606 19616 19632 19643 19655 19660 19668 19678 19688 19699 19709 19719 19731 19741 36141 36162 36165
NODE_NUM = 197
FILE mem_ctrl_sub_95.aig

# Subcircuit 96
SUB_ID 96
LO (44):  17473 17526 17544 17574 17585 17593 17598 17708 18028 18030 18037 18040 18048 18052 18055 18064 18065 18257 18259 18295 18544 18556 18558 18565 18567 18573 18575 18583 18587 18590 18599 18600 18621 18627 18632 18652 18658 23219 23222 36132 36139 36249 36412 37301
LI (92):  39 40 141 142 216 217 224 300 609 610 620 626 627 682 707 739 779 782 786 790 948 1154 1155 1156 1159 1160 2904 3227 3625 6384 6406 10357 16793 17014 17081 17142 17441 17465 17466 17468 17471 17571 17579 17581 17584 17596 17706 17895 17994 17995 17996 18020 18023 18025 18027 18035 18038 18047 18051 18058 18062 18252 18255 18545 18560 36103 36146 36160 36170 36172 36173 36176 36186 36193 36197 36211 36212 36213 36218 36221 36224 36244 36311 36348 36349 36354 36358 36363 36375 36393 36407 36411
NODE_NUM = 192
FILE mem_ctrl_sub_96.aig

# Subcircuit 97
SUB_ID 97
LO (43):  17595 17596 17920 17921 17922 17924 17925 17941 17953 18252 18560 20591 20595 20606 20658 20662 20670 20674 20682 20686 20699 20713 20724 20725 20726 20727 20728 20731 20732 20735 20736 20762 20774 20780 20791 20797 20807 20813 20823 20829 20849 20855 20859
LI (69):  610 619 620 626 627 629 630 645 648 699 716 750 762 768 779 782 786 788 789 790 793 1155 1156 1157 1158 1159 1160 1161 3424 6406 17072 17752 17780 17817 17853 17885 17889 17896 17904 17906 17914 17918 17924 17963 17964 17966 20573 20585 20590 20594 20600 20635 20636 20644 20646 20652 20655 20659 20669 20673 20681 20685 20693 20697 20710 20718 20722 20729 20733
NODE_NUM = 175
FILE mem_ctrl_sub_97.aig

# Subcircuit 98
SUB_ID 98
LO (19):  17610 17614 17629 17634 17642 17652 17667 18972 36596 36623 36641 36652 36664 37252 37269 37280 37290 37809 38207
LI (112):  39 40 143 216 223 224 225 300 609 610 619 620 626 629 631 645 648 662 663 682 716 736 779 782 786 788 789 790 791 793 1155 1156 1160 3625 5943 6342 6358 6384 8620 16842 16919 16922 16936 16999 17073 17079 17571 17581 17626 17628 17641 17649 17780 17817 17853 17896 18018 18131 18970 19473 20522 20526 36617 36621 36637 36648 36661 37251 37259 37261 37278 37284 37287 37623 37790 37791 37806 37808 37817 37819 37837 37843 37847 37848 37851 37859 37863 37871 37877 37881 37887 37890 37897 37901 38075 38081 38086 38092 38098 38108 38114 38124 38130 38140 38141 38147 38158 38160 38164 38169 38191 38201
NODE_NUM = 198
FILE mem_ctrl_sub_98.aig

# Subcircuit 99
SUB_ID 99
LO (34):  17649 17670 17679 17693 17696 17860 17875 17884 17885 17889 17893 17894 17895 17896 17897 17906 18995 34338 34349 34355 34359 34360 34376 36280 36626 38712 38716 38721 38736 39103 39152 39276 39596 43644
LI (77):  40 143 200 216 224 300 609 610 618 619 620 626 627 628 629 638 642 649 661 681 779 782 786 789 790 1154 1155 1156 1159 1160 3424 6342 6358 6384 16829 16832 16856 16857 17668 17674 17688 17689 17752 17780 17817 17848 17849 17853 17856 17859 17868 17871 17874 17879 17888 18994 34174 34182 34193 34198 34207 34209 34212 34218 34227 34237 34254 34258 34268 34277 34289 34299 34309 34320 34330 34340 34352
NODE_NUM = 192
FILE mem_ctrl_sub_99.aig

# Subcircuit 100
SUB_ID 100
LO (31):  17657 17660 17688 17705 17706 18968 18979 19002 19031 19313 19314 19318 19352 19527 20585 20646 20890 20894 20907 20909 20913 20915 20916 20917 20918 20932 20936 21039 21040 21049 21050
LI (97):  39 40 143 216 609 610 619 620 626 627 629 631 645 648 661 681 699 736 779 782 786 788 789 790 791 793 833 1156 1158 1159 1160 1161 3250 3424 6358 6384 6406 16798 16842 16919 16920 16922 17074 17567 17652 17683 17685 17687 17924 17966 18131 18882 18917 18962 18966 19299 19300 19302 19350 19360 19366 19368 19373 19374 19381 19402 19404 19408 19410 19418 19420 19424 19426 19439 19448 19452 19457 19464 19468 19475 19478 19482 19484 19487 19501 19508 19510 19514 19518 19520 20581 20582 20718 20867 20886 20887 20891
NODE_NUM = 189
FILE mem_ctrl_sub_100.aig

# Subcircuit 101
SUB_ID 101
LO (24):  17711 21173 21276 21290 21354 21361 21409 21469 21547 21640 21649 21731 21738 21779 21803 21808 21823 21836 21853 21860 21906 21966 22022 22081
LI (103):  39 58 148 149 150 151 152 153 154 155 156 157 158 159 160 161 687 689 697 701 702 703 705 707 710 724 725 726 727 735 742 743 758 771 833 2904 6352 6402 10357 17713 21145 21172 21175 21194 21195 21239 21275 21279 21314 21332 21335 21339 21350 21358 21364 21382 21407 21427 21430 21457 21465 21473 21519 21535 21537 21611 21632 21635 21646 21657 21702 21716 21719 21729 21735 21762 21769 21791 21800 21801 21807 21819 21827 21831 21835 21845 21857 21863 21881 21904 21924 21927 21954 21958 21962 21980 21983 22010 22018 22029 22032 22051 22075
NODE_NUM = 197
FILE mem_ctrl_sub_101.aig

# Subcircuit 102
SUB_ID 102
LO (42):  17813 17817 17820 17832 17834 17842 17846 17868 17879 17888 17939 17949 17961 17993 17995 18011 18035 18038 18128 18129 18147 18156 18179 18189 18201 18214 18367 18388 18391 18394 18398 18405 18408 18414 18430 18440 18491 18501 18522 18532 21013 21017
LI (69):  619 620 627 628 630 631 645 648 649 716 782 788 789 790 791 1155 1157 1158 1159 1160 1161 2904 17721 17775 17783 17785 17792 17795 17797 17801 17805 17807 17814 17815 17830 17840 17867 17878 17935 17945 17956 17962 17970 17976 17980 17989 17992 17994 18009 18099 18103 18105 18109 18113 18119 18125 18142 18143 18153 18173 18177 18187 18303 18355 18368 18370 18374 18375 18383
NODE_NUM = 182
FILE mem_ctrl_sub_102.aig

# Subcircuit 103
SUB_ID 103
LO (30):  17856 17904 17914 17918 17927 17935 17945 17956 17970 17980 17989 17992 17994 18142 18143 18153 18678 18686 18704 18714 18726 18751 20053 21059 23271 23341 23345 23346 23362 23375
LI (70):  629 630 631 645 648 716 788 789 791 793 833 1157 1158 2904 8620 17721 17853 17854 17884 17896 17897 17924 17925 17963 17966 17967 17988 17991 18018 18173 18558 18702 18712 18736 18737 18745 18750 19844 19858 19901 19967 19974 19983 19998 20003 20009 20013 20036 20046 20522 20526 20913 20926 20932 20936 20943 21009 21012 21013 21017 21019 21043 21053 23243 23256 23262 23266 23273 23339 23342
NODE_NUM = 198
FILE mem_ctrl_sub_103.aig

# Subcircuit 104
SUB_ID 104
LO (19):  17996 18009 19858 19967 20926 21009 23256 23339 24350 24417 24427 24463 24469 24479 24485 24497 24500 24516 24529
LI (78):  619 620 630 631 645 648 716 782 788 789 790 791 793 833 1155 1158 1160 2904 17780 17963 17994 17995 18008 18018 18131 18143 18173 19856 19935 19939 19941 19945 19949 19955 19961 20522 20526 20924 20977 20981 20983 20987 20991 20997 21003 21013 21017 23254 23307 23311 23313 23317 23321 23327 23333 23908 23919 23927 23931 23940 23945 23980 23984 23986 23990 23994 24000 24006 24015 24020 24044 24054 24349 24389 24400 24408 24412 24426
NODE_NUM = 199
FILE mem_ctrl_sub_104.aig

# Subcircuit 105
SUB_ID 105
LO (42):  18008 18020 18023 18047 18051 18058 18062 18099 18105 18113 18167 18177 18183 18187 18210 18220 19901 19935 19939 19941 19945 19949 19955 19961 19974 19983 19998 20009 20036 20046 20886 20887 20891 20977 20981 20983 20987 20991 23201 23204 23283 23295
LI (68):  609 610 619 620 626 627 628 629 645 648 649 661 716 739 779 782 786 789 790 1154 1155 1156 1157 1158 1159 1160 1161 2904 16793 17074 17752 17895 17924 17966 17997 18022 18028 18035 18038 18087 18093 18163 19862 19866 19883 19887 19894 19898 19905 19910 19913 19917 19921 19927 19995 20029 20034 20044 20868 20872 20947 20952 20955 20959 20963 20969 23199 23202
NODE_NUM = 198
FILE mem_ctrl_sub_105.aig

# Subcircuit 106
SUB_ID 106
LO (12):  18025 18027 18087 19866 20872 24389 24426 24800 25268 25272 25273 25282
LI (85):  619 620 627 628 630 645 649 661 782 786 788 789 790 791 793 833 1155 1156 1161 2904 17753 17924 17966 18022 18035 18038 18130 18131 18169 18170 19862 20522 20526 20718 20868 24353 24355 24359 24374 24378 24384 24387 24417 24420 24425 24427 24448 24454 24459 24463 24469 24479 24485 24497 24500 24516 24519 24523 24529 24533 24799 25095 25097 25101 25116 25120 25126 25129 25157 25162 25164 25167 25190 25196 25201 25205 25211 25221 25227 25239 25242 25258 25261 25265 25271
NODE_NUM = 198
FILE mem_ctrl_sub_106.aig

# Subcircuit 107
SUB_ID 107
LO (23):  18093 18103 18109 18119 18125 18140 18151 18163 18172 18173 25157 25258 25271 25472 26237 26714 26902 27379 27718 27719 27720 27819 35357
LI (68):  628 629 631 645 648 649 661 716 788 789 791 793 833 1157 1158 2904 17924 17963 18030 18037 18040 18048 18052 18055 18064 18171 25146 25150 25154 25320 25335 25339 25343 25438 25456 25466 26045 26084 26099 26103 26107 26202 26220 26230 26273 26288 26292 26296 26391 26409 26419 26713 26750 26765 26769 26773 26868 26886 26896 27227 27242 27246 27250 27345 27363 27373 27713 27717
NODE_NUM = 196
FILE mem_ctrl_sub_107.aig

# Subcircuit 108
SUB_ID 108
LO (27):  18238 19549 19550 19551 19555 19556 19568 19582 24710 24799 24801 24834 24847 24859 24871 34189 34194 34596 35209 35210 35215 35295 35297 35303 35468 35469 35474
LI (92):  39 40 142 144 177 178 610 619 620 626 627 628 645 649 661 687 688 705 743 750 779 782 786 788 789 790 791 793 1154 1156 1161 3424 8620 16972 17090 17169 17752 17924 17966 18130 18131 18231 18235 18237 19546 19548 19553 19558 19559 19563 19565 19578 20522 20526 20718 20729 24605 24614 24617 24620 24624 24634 24638 24646 24650 24656 24659 24662 24666 24671 24674 24684 24685 24693 24698 24700 24703 24708 24716 24727 24733 24741 24747 24757 24763 24773 24779 24798 24809 24816 24821 24827
NODE_NUM = 198
FILE mem_ctrl_sub_108.aig

# Subcircuit 109
SUB_ID 109
LO (41):  18235 18263 18264 18303 18305 18315 18331 18342 18354 18359 18540 35111 35115 35122 35127 35173 35184 35196 35198 35200 35276 35278 35283 35285 35423 35426 35434 35544 35546 35551 35557 35561 35653 35655 35657 35671 35678 35691 35706 35714 35728
LI (55):  40 142 208 626 627 629 630 631 642 645 648 711 716 750 788 789 791 793 1154 1157 1158 1161 8620 17509 17555 17586 17720 17752 17753 17765 17780 17853 17896 17924 17966 18234 18416 18417 18419 18432 18434 18442 18453 18466 18479 18491 18501 18522 18532 19473 35083 35104 35110 35171 35183
NODE_NUM = 199
FILE mem_ctrl_sub_109.aig

# Subcircuit 110
SUB_ID 110
LO (48):  18383 18416 18417 18419 18432 18434 18442 18453 18466 18479 18545 18663 18664 18673 18682 18697 18702 18708 18712 18736 18745 18760 18767 18806 18811 18825 18830 18856 18866 18871 18879 18882 18888 18900 18919 18924 18936 18956 18962 18966 18970 18989 19045 19300 19366 19368 19373 19381
LI (123):  40 143 619 620 627 628 629 645 648 649 661 707 716 736 744 779 782 786 789 790 1154 1155 1157 1158 1161 3250 3424 6358 6384 16796 16810 16823 16860 16878 16930 16948 17002 17023 17050 17062 17072 17074 17104 17107 17125 17142 17144 17149 17150 17179 17192 17211 17217 17326 17338 17409 17475 17517 17522 17529 17534 17563 17620 17662 17673 17752 17853 17860 17875 17924 17966 18351 18364 18388 18391 18394 18398 18405 18408 18414 18430 18440 18544 18556 18565 18567 18573 18575 18583 18587 18590 18599 18621 18627 18629 18632 18636 18642 18652 18658 18727 18733 18743 18799 18803 18804 18818 18822 18823 18839 18843 18844 18852 18854 18859 18863 18864 18884 18917 18988 19302 19361 19362
NODE_NUM = 199
FILE mem_ctrl_sub_110.aig

# Subcircuit 111
SUB_ID 111
LO (33):  18988 18994 19019 19299 19302 19346 19361 19362 19404 19410 19420 19426 19439 19448 19452 19457 19464 19473 19475 19484 19501 19514 20415 20416 20526 20529 20534 20538 20543 20550 20554 20560 20563
LI (95):  143 626 627 628 629 630 631 642 645 648 649 716 736 788 789 790 791 793 833 1157 1158 1159 1161 2904 6461 17075 17146 17147 17395 17853 17860 17875 17895 17896 17924 17966 18013 19056 19137 19141 19144 19148 19152 19158 19162 19164 19175 19178 19181 19185 19189 19191 19195 19203 19206 19213 19215 19219 19223 19225 19236 19244 19246 19250 19254 19256 19268 19277 19281 19287 19295 19297 19317 19321 19329 19333 19345 19437 19438 19444 19446 19451 19455 19470 19471 19497 19498 20367 20379 20400 20406 20409 20414 20519 20522
NODE_NUM = 200
FILE mem_ctrl_sub_111.aig

# Subcircuit 112
SUB_ID 112
LO (29):  19508 19518 19531 19532 24353 24355 24359 24374 24378 24384 24387 24400 24408 24412 24420 24425 24448 24454 24459 24608 24614 24708 24809 25030 25057 25094 35176 35471 35476
LI (82):  39 177 178 609 610 619 620 626 627 628 629 648 649 661 687 705 716 743 758 779 782 786 788 789 790 793 1154 1156 1157 1158 1159 1160 3424 6402 17072 17752 17893 17894 17924 18020 18028 18130 19507 19517 19533 24351 24392 24393 24395 24430 24607 24612 24801 24804 24834 24857 24859 24867 24871 24879 24881 24890 24892 24907 24909 24917 24923 24927 24940 24948 24954 24958 24972 24980 24986 24990 24999 25011 25021 25029 25042 25052
NODE_NUM = 195
FILE mem_ctrl_sub_112.aig

# Subcircuit 113
SUB_ID 113
LO (8):  19534 19537 19538 24607 24804 25953 25979 25990
LI (51):  39 144 177 178 609 610 619 620 626 627 628 629 630 642 649 661 725 758 779 782 786 789 790 793 1154 1155 1156 1157 1159 1160 3424 6406 17031 17752 17780 17817 17853 17896 18130 19533 19535 21808 21836 25756 25776 25778 25780 25795 25804 25834 25845
NODE_NUM = 200
FILE mem_ctrl_sub_113.aig

# Subcircuit 114
SUB_ID 114
LO (38):  19545 19546 20582 20863 22932 22936 22947 22955 22959 22965 22969 22976 22977 22999 23003 23011 23015 23023 23027 23031 23032 23033 23036 23037 23051 23067 23092 23106 23112 23122 23128 23138 23144 23154 23160 23180 23184 34583
LI (75):  39 146 174 610 619 620 626 627 629 645 648 699 716 724 779 782 786 788 789 790 791 793 1154 1155 1156 1157 1158 1160 3424 8620 16952 17593 17706 17752 17780 17817 17853 17896 18131 20522 20636 20713 20724 20735 20736 20758 20759 20766 20775 20777 20781 20783 20791 20793 20797 20799 20807 20809 20813 20815 20823 20825 20829 20831 20842 20849 20855 20860 22914 22922 22985 22986 22996 23000 23090
NODE_NUM = 195
FILE mem_ctrl_sub_114.aig

# Subcircuit 115
SUB_ID 115
LO (17):  19559 19563 19576 19578 24716 24827 25756 25776 25780 29268 29272 29278 29295 29307 35364 35367 35372
LI (78):  39 144 177 178 180 187 609 610 619 620 626 627 628 629 630 642 649 661 704 725 742 743 753 758 775 779 782 786 789 790 1154 1155 1156 1157 1159 1160 3424 6406 17076 17752 17780 17817 17853 17896 18130 19532 19538 19558 19570 19572 19574 24823 25770 25771 29084 29085 29092 29093 29097 29122 29127 29137 29153 29164 29176 29181 29189 29199 29209 29220 29230 29240 29252 29262 29271 29277 29281 29291
NODE_NUM = 196
FILE mem_ctrl_sub_115.aig

# Subcircuit 116
SUB_ID 116
LO (23):  19594 19606 19616 19632 19643 19655 19660 19668 19678 19688 19699 19709 19719 19731 19741 19844 35104 35170 35171 35293 35362 35420 35422
LI (68):  39 144 208 619 620 626 627 628 629 630 631 645 648 649 716 782 788 789 790 791 793 1154 1155 1157 1158 1159 1160 1161 8620 17720 17752 17753 17765 17780 17817 17853 17896 17924 17966 18130 18131 18286 18290 19593 19755 19756 19768 19777 19780 19843 20526 35101 35144 35145 35149 35204 35242 35249 35255 35276 35279 35283 35286 35361 35394 35399 35404 35421
NODE_NUM = 199
FILE mem_ctrl_sub_116.aig

# Subcircuit 117
SUB_ID 117
LO (31):  19756 19777 19780 19843 19856 19862 19883 19887 19894 19898 19905 19910 19913 19917 19921 19927 19995 20003 20013 20029 20034 20044 20328 20345 20355 20367 20374 20451 20460 20500 20510
LI (78):  144 145 609 610 619 620 626 627 628 629 645 648 649 661 688 716 775 779 782 786 788 789 790 793 833 1154 1156 1157 1158 1159 1160 1161 2904 3424 16793 17072 17074 17752 17860 17875 17896 17924 17966 19721 19747 19752 19842 20102 20105 20127 20137 20149 20151 20156 20162 20166 20179 20187 20193 20197 20210 20218 20224 20228 20242 20250 20256 20260 20282 20292 20300 20313 20323 20335 20337 20342 20348 20352
NODE_NUM = 198
FILE mem_ctrl_sub_117.aig

# Subcircuit 118
SUB_ID 118
LO (45):  20102 20105 20127 20137 20149 20156 20162 20166 20179 20187 20193 20197 20210 20218 20224 20228 20242 20250 20256 20260 20282 20292 20313 20323 20335 20342 20348 20352 21229 21230 21239 21257 21259 21272 21275 21519 21535 21762 21791 21801 21845 22176 22329 35947 35949
LI (87):  39 40 145 148 162 165 609 610 619 620 626 627 629 630 631 642 645 648 687 704 705 716 725 737 742 758 759 779 788 793 833 1154 1155 1156 1157 1158 1159 1160 3424 10357 17388 17422 17509 17553 17588 17780 17817 17853 17896 20061 20062 20073 20101 20110 20116 20119 21214 21227 21228 21236 21238 21255 21256 21271 21279 21479 21509 21518 21532 21739 21745 21750 21755 21759 22123 22127 22137 22138 22153 22157 22163 22175 22296 22303 22305 22311 22323
NODE_NUM = 198
FILE mem_ctrl_sub_118.aig

# Subcircuit 119
SUB_ID 119
LO (22):  20073 20101 20110 20116 20118 20119 20151 20300 20337 23568 23569 23572 23573 23579 23580 23581 23586 23587 23590 23591 23631 23668
LI (64):  39 40 145 609 610 619 620 626 627 628 649 661 697 737 759 779 782 786 789 790 1154 1155 1156 1160 3424 16793 16972 17073 17090 17169 17236 17340 17379 17389 17396 17593 17720 17752 17780 17817 17853 17924 17966 18286 18290 19558 20072 20078 20082 20084 20088 20092 20094 20096 20097 20115 20118 23389 23402 23404 23405 23431 23444 23450
NODE_NUM = 195
FILE mem_ctrl_sub_119.aig

# Subcircuit 120
SUB_ID 120
LO (14):  20379 20391 20397 20400 20406 20414 20519 20572 23792 23797 23803 23812 23814 23822
LI (100):  58 145 609 610 619 620 626 627 628 629 630 631 642 645 648 649 661 737 759 779 782 786 789 790 791 833 1154 1155 1156 1157 1158 1159 1160 1161 6461 17072 17074 17753 17765 17780 17817 17850 17851 17924 17966 18130 18131 19443 20328 20345 20355 20359 20362 20365 20367 20374 20385 20388 20389 20391 20396 20397 20416 20422 20429 20430 20435 20439 20444 20451 20453 20460 20462 20473 20474 20483 20484 20498 20500 20502 20508 20510 20512 20529 20534 20538 20543 20550 20554 20560 20563 20571 23754 23755 23757 23764 23766 23778 23781 23789
NODE_NUM = 189
FILE mem_ctrl_sub_120.aig

# Subcircuit 121
SUB_ID 121
LO (21):  20396 20422 20430 20522 23388 23872 24349 25438 25751 35183 35361 35569 35644 35758 35759 35767 35775 35794 35980 36022 36257
LI (115):  208 209 218 608 613 623 624 627 639 645 648 696 711 737 788 789 790 791 793 833 1157 1158 1159 1161 8620 17075 17752 17852 17924 17966 18012 18015 18016 18130 20394 20415 20521 20526 20718 23054 23060 23175 23180 23186 23191 23196 23271 23341 23351 23362 23371 23375 23381 23697 23827 23843 23849 23851 23856 23860 23865 24207 24211 24335 24342 24348 25426 25436 25614 25618 25740 25747 35178 35190 35336 35337 35345 35350 35358 35362 35440 35443 35447 35514 35519 35526 35535 35544 35553 35557 35563 35583 35588 35589 35593 35599 35603 35619 35621 35626 35632 35636 35740 35748 35757 35766 35781 35953 35970 35974 35978 36012 36016 36020 36253
NODE_NUM = 200
FILE mem_ctrl_sub_121.aig

# Subcircuit 122
SUB_ID 122
LO (29):  20581 20644 20718 23060 23243 23908 24342 25320 25747 26084 26273 26713 26750 27187 27227 27658 27850 28129 28321 28600 28792 29077 29556 30031 30506 31462 31618 31636 31649
LI (123):  39 146 645 768 788 791 833 3424 8620 17511 17555 17588 18286 18290 20715 20717 23045 23058 23242 23907 24188 24337 24338 25319 25595 25745 26083 26272 26554 26573 26577 26700 26704 26712 26749 27031 27050 27054 27177 27181 27226 27502 27521 27525 27648 27652 27697 27724 27816 27825 27834 27838 27844 27973 27992 27996 28119 28123 28168 28195 28287 28296 28305 28309 28315 28444 28463 28467 28590 28594 28639 28666 28758 28767 28776 28780 28786 28921 28940 28944 29067 29071 29364 29402 29429 29521 29530 29539 29543 29549 29839 29877 29904 29996 30005 30014 30018 30024 30314 30352 30379 30471 30480 30489 30493 30499 31020 31047 31139 31148 31157 31161 31167 31301 31320 31324 31448 31449 31450 31460 31497 31524 31616
NODE_NUM = 200
FILE mem_ctrl_sub_122.aig

# Subcircuit 123
SUB_ID 123
LO (53):  20729 20733 20758 20759 20766 20775 20777 20781 20783 20793 20799 20809 20815 20825 20831 20842 20860 20867 20868 20924 20943 20947 20952 20955 20959 20963 20969 20997 21003 21012 21019 21043 21053 23175 24335 25740 26700 27177 27648 28119 28590 29067 31448 31935 32412 32888 34744 35440 35603 35733 36261 37344 37790
LI (155):  39 40 146 208 209 210 609 610 626 628 640 645 649 661 696 716 768 779 789 791 793 1154 1156 1161 2904 6406 8620 16793 16972 17075 17090 17169 17197 17236 17340 17379 17389 17396 17895 18018 18169 18170 20522 20526 20591 20595 20606 20658 20662 20670 20674 20682 20686 20699 20726 20728 20731 20732 20739 20743 20745 20749 20753 20754 20757 20762 20774 20780 20859 20890 20894 20907 20909 20915 20916 20917 20918 20947 21039 21040 21049 21050 23042 23064 23174 24185 24215 24334 25592 25622 25739 26551 26581 26698 27028 27058 27175 27499 27529 27646 27970 28000 28117 28441 28471 28588 28918 28948 29065 31298 31328 31446 31775 31797 31801 31805 31923 31931 32252 32274 32278 32282 32400 32408 32604 32724 32746 32750 32754 32872 32880 32886 34519 34579 34686 34708 34717 34726 34730 34736 34743 35170 35201 35433 35434 35668 35675 35689 35695 35706 35714 35730 36260 37228 37789
NODE_NUM = 199
FILE mem_ctrl_sub_123.aig

# Subcircuit 124
SUB_ID 124
LO (61):  21069 21078 21102 21133 21136 21140 21145 21150 21155 21156 21157 21162 21164 21165 21167 21171 21172 21177 21192 21195 21211 21213 21214 21216 21222 21226 21227 21228 21236 21238 21279 21296 21314 21332 21335 21350 21358 21364 21382 21407 21423 21427 21430 21457 21465 21473 21478 21514 21520 21537 21799 28857 36141 36160 36170 36186 36193 36211 36213 36218 36354
LI (87):  39 40 147 148 149 150 151 216 217 224 300 702 707 726 736 746 750 752 771 833 908 948 2904 3227 3625 5918 6384 10357 16918 16936 17422 17475 17482 17489 17493 17509 17593 21061 21068 21077 21094 21095 21101 21129 21131 21143 21150 21152 21153 21161 21170 21191 21194 21210 21215 21219 21225 21256 21278 21294 21295 21305 21318 21322 21355 21367 21371 21375 21389 21390 21392 21399 21402 21416 21419 21435 21442 21471 36024 36140 36147 36149 36153 36157 36167 36189 36208
NODE_NUM = 200
FILE mem_ctrl_sub_124.aig

# Subcircuit 125
SUB_ID 125
LO (41):  21086 21095 21105 21119 21129 21131 21143 21152 21210 21295 21355 21392 21402 21435 21735 21739 21750 21755 21759 21769 21857 21863 21881 21904 21924 21927 21954 21962 21980 21983 22010 22018 22029 22032 22051 22075 22231 22238 22261 22275 22278
LI (91):  39 40 147 151 155 158 159 160 300 689 703 710 727 735 738 739 743 756 757 761 762 778 948 2904 6384 6406 10073 10357 15289 17350 17422 17475 17505 17509 17593 21077 21079 21104 21150 21151 21177 21207 21228 21236 21279 21399 21733 21754 21767 21871 21875 21878 21885 21893 21918 21920 21926 21934 21939 21942 21949 21974 21976 21982 21990 21995 21998 22005 22028 22045 22048 22058 22059 22060 22072 22177 22185 22186 22193 22203 22206 22216 22223 22229 22237 22239 22253 22256 22266 22267 22268
NODE_NUM = 196
FILE mem_ctrl_sub_125.aig

# Subcircuit 126
SUB_ID 126
LO (51):  21153 21161 21200 21206 21207 21215 21254 21255 21294 21389 21390 21442 21471 21479 21509 21518 21532 21589 21611 21632 21635 21646 21657 21702 21716 21719 21745 21885 21939 21995 22048 22058 22059 22072 22123 22127 22137 22153 22163 22175 22193 22203 22216 22229 22237 22256 22266 22267 22284 23395 36024
LI (102):  39 40 149 150 151 152 153 155 159 160 161 162 163 164 216 300 697 701 724 737 738 746 759 760 761 767 833 948 2904 6406 17027 17422 17423 17434 17500 17504 17593 21077 21160 21187 21188 21203 21228 21250 21251 21267 21293 21388 21399 21441 21478 21492 21496 21500 21506 21514 21522 21525 21529 21565 21567 21570 21571 21577 21586 21591 21605 21608 21617 21625 21629 21656 21662 21663 21672 21676 21682 21689 21699 21703 21705 21713 21715 21744 21938 21994 22057 22095 22097 22100 22101 22103 22114 22135 22144 22152 22159 22202 22261 22265 22275 22278
NODE_NUM = 199
FILE mem_ctrl_sub_126.aig

# Subcircuit 127
SUB_ID 127
LO (54):  21179 21191 21322 21371 21416 21529 21703 21767 21871 21918 21926 21942 21949 21974 21982 21998 22005 22045 22253 22590 22671 22751 22832 22913 26444 26448 26459 26517 26521 26527 26529 26531 26533 26539 26541 26543 26545 26548 26551 26554 26559 26567 26573 26577 26584 26621 26627 26638 26644 26653 26659 26669 26675 26967
LI (123):  39 40 151 155 159 160 300 610 619 620 626 645 703 746 750 752 754 755 756 757 761 778 779 782 786 790 791 948 1156 1161 3424 17488 17509 17752 17780 17817 17853 17924 17966 18130 21189 21211 21320 21339 21369 21399 21687 21764 21867 21868 21911 21967 22037 22038 22044 22245 22246 22252 22516 22546 22561 22568 22572 22574 22580 22585 22588 22597 22627 22642 22649 22653 22655 22661 22666 22669 22678 22694 22723 22724 22729 22737 22741 22746 22749 22758 22788 22803 22810 22814 22816 22822 22827 22830 22839 22869 22884 22891 22895 22897 22903 22908 22911 26426 26438 26443 26447 26453 26488 26489 26491 26501 26506 26511 26514 26518 26528 26532 26540 26544 26560 26565 26568
NODE_NUM = 198
FILE mem_ctrl_sub_127.aig

# Subcircuit 128
SUB_ID 128
LO (46):  21203 21217 21219 21270 21271 21293 21375 21388 21441 21492 21500 21565 21567 21570 21571 21586 21617 21625 21627 21629 21672 21682 21705 21744 21893 21938 21994 22044 22057 22095 22097 22100 22101 22114 22144 22148 22376 22382 22411 22424 22466 22561 22642 22723 22803 22884
LI (119):  39 40 149 150 151 153 155 158 159 160 161 162 167 216 224 300 691 692 700 730 750 752 754 755 756 757 760 761 833 908 948 3227 3625 10357 16799 17493 17495 17496 17509 21156 21157 21180 21182 21216 21262 21263 21268 21487 21488 21499 21551 21554 21563 21564 21570 21582 21585 21616 21667 21668 21669 21679 21889 22084 22094 22100 22110 22113 22143 22377 22380 22391 22395 22402 22408 22412 22413 22418 22432 22436 22442 22447 22453 22465 22521 22526 22537 22538 22543 22548 22559 22602 22607 22618 22619 22624 22629 22640 22681 22683 22690 22695 22699 22704 22722 22763 22768 22779 22780 22785 22790 22801 22844 22849 22860 22861 22866 22871 22882
NODE_NUM = 200
FILE mem_ctrl_sub_128.aig

# Subcircuit 129
SUB_ID 129
LO (60):  21225 21244 21250 21256 21278 21496 21506 21563 21564 21585 21676 21689 22094 22113 22152 22391 22402 22408 22432 22442 22447 22453 22465 22516 22537 22548 22559 22580 22597 22618 22629 22640 22661 22678 22695 22722 22758 22779 22790 22801 22822 22839 22844 22860 22871 22882 22897 22903 30523 30555 30558 30561 30563 30582 32607 33476 33485 33499 33525 33536
LI (103):  39 40 190 224 300 626 691 692 700 728 730 731 740 746 747 759 764 765 767 768 773 948 1154 2904 3250 3424 6352 6406 10357 17079 17422 17423 17456 17485 17488 17588 17593 21077 21228 21248 21399 21495 21504 21560 21605 21675 21687 22090 22150 22386 22387 22397 22404 22426 22428 22439 22449 22464 22515 22533 22534 22546 22558 22576 22596 22614 22615 22627 22639 22657 22674 22677 22694 22706 22707 22715 22720 22757 22775 22776 22788 22800 22818 22838 22842 22856 22857 22869 22881 22899 30510 30511 30522 30549 30550 33482 33491 33506 33507 33511 33515 33529 33534
NODE_NUM = 200
FILE mem_ctrl_sub_129.aig

# Subcircuit 130
SUB_ID 130
LO (56):  21318 21339 21367 21369 21399 21487 21504 21522 21525 22526 22533 22546 22568 22572 22585 22588 22607 22614 22649 22653 22666 22669 22681 22694 22715 22729 22746 22749 22768 22775 22788 22810 22814 22827 22830 22849 22856 22869 22891 22895 22908 22911 31288 31292 31295 31298 31301 31320 31324 31405 31406 31410 31414 31716 32193 42539
LI (98):  39 40 58 149 150 152 169 170 171 172 173 300 610 619 620 626 628 645 661 700 740 747 764 765 779 782 786 790 791 833 1154 1156 1161 3424 3625 6337 6352 6461 16307 16810 17488 17494 17495 17509 17752 17924 17966 18130 21157 21189 21316 21520 21523 22523 22528 22530 22566 22604 22609 22611 22647 22688 22709 22711 22728 22765 22770 22772 22808 22846 22851 22853 22889 31176 31238 31240 31248 31253 31258 31261 31265 31275 31279 31287 31291 31297 31300 31303 31307 31312 31315 31365 31372 31378 31386 31392 31402 42537
NODE_NUM = 197
FILE mem_ctrl_sub_130.aig

# Subcircuit 131
SUB_ID 131
LO (32):  21488 21495 21523 21551 21554 21560 21582 21605 21656 21662 21668 21669 21675 21699 21713 21715 22084 22110 22150 22386 22426 22439 24182 24185 24188 24207 24211 24309 24310 24314 24318 36138
LI (105):  39 40 152 153 154 216 224 300 610 619 620 626 628 645 649 661 701 767 779 782 786 790 791 833 948 1154 1156 1161 3227 3424 6352 10357 16799 16810 16918 17027 17350 17359 17422 17456 17484 17509 17593 17752 17924 17966 18130 18268 21077 21177 21183 21228 21261 21550 21553 21581 21655 21660 22082 22148 22382 22383 22420 22424 22425 24063 24125 24127 24131 24133 24140 24145 24148 24152 24162 24166 24174 24178 24184 24187 24190 24194 24199 24202 24253 24260 24266 24274 24280 24290 24296 24306 36023 36024 36025 36031 36049 36051 36052 36066 36081 36093 36109 36112 36132
NODE_NUM = 199
FILE mem_ctrl_sub_131.aig

# Subcircuit 132
SUB_ID 132
LO (52):  21663 21667 21687 21729 21733 21754 21764 21800 21807 21819 21827 21831 21835 21867 21868 21889 21911 21920 21934 21958 21967 21976 21990 26501 26921 26925 26936 26954 26958 26994 26998 27006 27010 27018 27022 27025 27028 27031 27050 27054 27058 27100 27106 27111 27115 27121 27131 27137 27147 27153 35935 35939
LI (89):  39 40 154 155 158 159 160 610 619 620 626 629 630 645 648 687 705 710 716 725 742 754 755 758 761 779 782 786 788 790 791 793 833 948 1154 1155 1156 1157 1158 1160 1161 2904 3424 3625 13973 17422 17488 17494 17495 17500 17752 17780 17817 17853 17896 17924 17966 18130 21077 21162 21165 21171 21189 21226 21728 21799 21957 26495 26496 26497 26903 26915 26965 26966 26970 26972 26973 26974 26983 26991 26995 27005 27009 27017 27021 27037 27042 27045 27094
NODE_NUM = 197
FILE mem_ctrl_sub_132.aig

# Subcircuit 133
SUB_ID 133
LO (49):  22028 22037 22038 22060 22082 22090 22159 22177 22185 22186 22202 22206 22223 22239 22245 22246 22252 22265 22268 22289 22296 22303 22305 22311 22323 22369 22377 22380 22383 22387 22395 22397 22404 22412 22413 22418 22425 22428 22436 22449 22464 22509 30057 30094 30099 30315 30360 30510 35953
LI (99):  39 40 161 162 163 164 165 166 167 168 189 216 300 609 626 688 704 706 753 762 769 773 775 778 779 833 948 1154 2904 3424 10357 14896 15289 17422 17456 17484 17488 17500 17509 17593 17706 17711 17713 21077 21160 21161 21162 21164 21170 21171 21188 21189 21194 21195 21200 21213 21230 21236 21259 21270 21272 21276 21279 21296 21316 21589 22027 22036 22183 22222 22238 22284 22295 22321 22322 22330 22335 22339 22340 22347 22361 22368 22376 22411 22422 22424 22427 22463 22472 22495 22507 30032 30033 30038 30052 30064 30077 30087 30508
NODE_NUM = 200
FILE mem_ctrl_sub_133.aig

# Subcircuit 134
SUB_ID 134
LO (46):  22495 22507 22515 22521 22523 22528 22530 22534 22538 22543 22558 22566 22574 22576 22596 22602 22609 22611 22619 22624 22639 22647 22655 22657 22674 22677 22683 22688 22690 22699 22704 22706 22707 22709 22711 22720 22724 22728 22737 22740 31248 31775 31797 31801 31923 31931
LI (107):  39 168 169 170 171 216 300 610 619 620 626 627 628 645 649 661 730 747 749 764 779 782 786 788 789 790 791 833 948 1154 1156 1161 2904 3424 16799 17422 17500 17593 17711 17713 17752 17924 17966 18130 18131 18268 20526 20718 21160 21161 21167 21177 21183 21187 21192 21194 21217 21219 21228 21229 21236 21257 21261 21267 21279 22494 22506 22519 22600 22603 22608 22623 31244 31246 31653 31715 31719 31721 31723 31730 31735 31738 31742 31752 31756 31764 31768 31774 31777 31780 31784 31789 31792 31842 31849 31855 31863 31869 31879 31885 31895 31901 31912 31914 31917 31926 31927
NODE_NUM = 200
FILE mem_ctrl_sub_134.aig

# Subcircuit 135
SUB_ID 135
LO (50):  22741 22757 22763 22765 22770 22772 22776 22780 22785 22800 22808 22816 22818 22838 22842 22846 22851 22853 22857 22861 22866 22881 22889 22899 22914 22996 23000 23045 23054 23186 23191 23198 23199 23202 23209 23210 23211 23230 23234 23241 23250 23301 23365 23368 23378 32252 32274 32278 32400 32408
LI (101):  39 40 172 173 174 216 300 610 619 620 626 627 628 645 649 661 692 731 765 779 782 786 788 789 790 791 833 1154 1156 1161 2904 3424 16799 17422 17500 17593 17711 17720 17752 17753 17765 17924 17966 18035 18130 18131 18268 20526 20718 21160 21161 21177 21183 21187 21217 21219 21228 21261 21267 22740 22761 22976 23043 23051 23093 23184 23201 23204 32130 32192 32196 32198 32200 32207 32212 32215 32219 32229 32233 32241 32245 32251 32254 32257 32261 32266 32269 32319 32326 32332 32340 32346 32356 32362 32372 32378 32389 32391 32394 32403 32404
NODE_NUM = 200
FILE mem_ctrl_sub_135.aig

# Subcircuit 136
SUB_ID 136
LO (25):  22922 22985 22986 23042 23043 23058 23064 23090 23093 23174 23196 23242 23254 23273 23296 23300 23305 23311 23317 23327 23333 23342 23351 23371 23381
LI (120):  39 40 174 609 610 619 620 626 627 628 630 645 649 661 724 746 779 782 786 789 790 793 833 1154 1155 1156 1159 1160 1161 3424 6406 16793 16972 17072 17074 17075 17090 17169 17197 17236 17340 17379 17389 17396 17511 17555 17588 17595 17895 17924 17963 17964 17966 18018 18038 18131 18169 18170 18286 18290 20526 22932 22936 22947 22955 22959 22965 22969 22977 22999 23003 23011 23015 23023 23027 23031 23032 23033 23036 23037 23039 23067 23070 23074 23076 23080 23084 23085 23088 23092 23099 23106 23112 23122 23128 23138 23144 23154 23160 23168 23195 23198 23199 23209 23210 23211 23214 23219 23222 23230 23234 23241 23250 23283 23295 23345 23346 23365 23369 23379
NODE_NUM = 197
FILE mem_ctrl_sub_136.aig

# Subcircuit 137
SUB_ID 137
LO (18):  23262 23266 23307 23313 23321 23369 23379 23389 23402 23404 23405 23431 23444 23450 23697 23754 23764 23778
LI (99):  39 40 58 175 610 619 626 629 630 631 642 645 648 697 716 760 779 782 786 788 789 791 793 833 1154 1157 1158 1159 1161 3424 6461 16793 16972 17075 17090 17169 17236 17340 17379 17388 17389 17396 17553 17588 17593 17720 17896 17924 17966 18130 18286 18290 21627 23198 23296 23300 23301 23305 23368 23378 23395 23396 23412 23416 23418 23422 23426 23428 23430 23449 23568 23569 23572 23573 23579 23580 23581 23584 23586 23587 23590 23591 23594 23595 23599 23615 23627 23631 23668 23701 23710 23717 23729 23734 23738 23743 23753 23763 23777
NODE_NUM = 195
FILE mem_ctrl_sub_137.aig

# Subcircuit 138
SUB_ID 138
LO (27):  23701 23710 23717 23729 23734 23738 23743 23753 23755 23757 23763 23766 23776 23777 23781 23789 23827 23843 23849 23856 23860 23865 30957 30963 30967 30974 30976
LI (86):  175 609 610 619 626 628 629 630 631 642 645 648 649 661 697 716 760 779 782 786 788 789 790 793 1154 1155 1156 1157 1158 1159 1161 2904 17072 17074 17753 17765 17780 17852 17853 18012 18013 18131 19442 19443 19473 19497 20385 20392 20522 20526 23707 23731 23740 23774 23775 23792 23797 23803 23814 23822 23831 23839 23853 23862 30817 30823 30825 30831 30834 30836 30839 30842 30849 30858 30874 30883 30889 30890 30893 30900 30913 30919 30927 30935 30944 30952
NODE_NUM = 198
FILE mem_ctrl_sub_138.aig

# Subcircuit 139
SUB_ID 139
LO (34):  23774 23907 23919 23927 23931 23940 23945 23980 23984 23986 23990 23994 24000 24006 24015 24020 24044 24054 24063 24125 24131 24199 24215 24253 24260 24266 24274 24280 24290 24296 24306 24334 24337 24338
LI (84):  39 176 609 610 619 620 626 627 628 629 645 648 649 661 701 716 767 779 782 786 788 789 790 793 1154 1155 1156 1157 1158 1160 1161 2904 3424 6406 16793 17072 17074 17075 17555 17713 17765 17780 17817 17853 17893 17894 17896 17921 17922 17924 17963 17964 17966 18018 18020 18035 18038 18130 18169 18170 20393 20526 23219 23222 23878 24062 24071 24080 24084 24090 24093 24098 24101 24105 24113 24117 24240 24245 24309 24310 24314 24319 24324 24329
NODE_NUM = 197
FILE mem_ctrl_sub_139.aig

# Subcircuit 140
SUB_ID 140
LO (65):  24062 24071 24080 24084 24090 24093 24098 24101 24105 24113 24117 24127 24133 24140 24145 24148 24152 24162 24166 24174 24178 24184 24187 24190 24194 24202 24240 24241 24245 24324 24329 31176 31194 31198 31201 31209 31215 31219 31224 31227 31231 31240 31243 31246 31253 31258 31261 31265 31275 31279 31287 31291 31297 31300 31303 31307 31315 31353 31357 31402 31408 31418 31424 31435 31440
LI (66):  39 40 176 191 619 620 626 627 629 645 648 700 701 716 764 767 779 793 1154 1155 1157 1160 3424 16794 16810 16972 17090 17169 17197 17236 17340 17379 17389 17396 17559 17586 17593 17595 17706 17713 17720 17752 17753 17765 17780 17817 17853 17893 17894 17896 17924 17966 18130 18286 18290 24066 24070 24221 24225 24227 24231 24235 24237 24239 24321 24326
NODE_NUM = 198
FILE mem_ctrl_sub_140.aig

# Subcircuit 141
SUB_ID 141
LO (81):  24319 24321 24326 24348 24351 24392 24393 24395 24430 24519 24523 24533 24546 24605 24617 24620 24624 24634 24638 24646 24650 24656 24659 24662 24666 24671 24674 24684 24685 24693 24698 24700 24703 24727 24733 24741 24747 24757 24763 24773 24779 32917 32927 32937 32953 32964 32976 32981 32989 32999 33009 33020 33030 33040 33051 33061 33071 33077 33081 33091 33101 33112 33122 33138 33143 33153 33165 33188 33192 33198 33201 33210 33222 33226 33234 33239 33333 33337 33347 35300 35306
LI (56):  176 177 195 609 610 619 620 626 627 629 645 648 705 716 779 788 793 833 1154 1155 1156 1157 1158 1160 2904 8620 16793 17074 17720 17752 17753 17765 17780 17817 17853 17893 17894 17896 17921 17922 17924 17963 17964 17966 18018 18130 18131 24182 24318 24393 24544 24545 24555 24557 24558 24562
NODE_NUM = 180
FILE mem_ctrl_sub_141.aig

# Subcircuit 142
SUB_ID 142
LO (6):  24555 33070 33161 35086 35088 35092
LI (84):  177 195 609 610 619 620 626 627 628 629 630 631 642 645 648 649 661 705 716 731 779 782 786 788 789 790 791 793 1154 1155 1156 1159 1160 3424 8620 17752 17780 17817 17853 17896 18130 20118 24548 24554 32909 32912 32916 32917 32921 32927 32934 32937 32943 32953 32958 32964 32968 32976 32981 32989 32991 32999 33001 33009 33020 33022 33030 33032 33040 33052 33054 33062 33064 33074 33077 33081 33087 33091 33104 33112 33118 33122 33145 33155
NODE_NUM = 199
FILE mem_ctrl_sub_142.aig

# Subcircuit 143
SUB_ID 143
LO (52):  24554 24612 24798 24816 24821 24857 24867 24879 24890 24907 24923 24940 24954 24972 24986 25011 25021 25042 25052 25089 34485 34489 34497 34501 34509 34513 34519 34565 34579 34608 34609 34612 34614 34615 34618 34622 34626 34632 34642 34648 34658 34664 34673 34678 34693 34697 34711 35954 38691 38695 38727 42805
LI (92):  39 177 178 201 607 609 610 619 620 626 627 629 630 631 642 644 645 648 687 705 716 743 758 779 782 786 788 790 791 793 833 1155 1156 1160 3424 17593 17706 17713 17752 17780 17817 17853 17896 18130 18255 19570 19571 20118 24797 24801 24843 24849 24855 24865 24904 24937 24968 25005 25009 25019 25040 25050 25058 25073 25075 25083 25088 34465 34473 34479 34484 34488 34496 34500 34508 34512 34518 34521 34522 34523 34541 34550 34554 34562 34567 34571 34576 34583 34588 34594 34597 34599
NODE_NUM = 191
FILE mem_ctrl_sub_143.aig

# Subcircuit 144
SUB_ID 144
LO (93):  24823 24843 24849 24855 24865 24881 24892 24904 24909 24917 24927 24937 24948 24958 24968 24980 24990 24999 25005 25009 25019 25029 25040 25050 25058 25073 25075 25083 25088 25095 25097 25101 25116 25120 25126 25129 25146 25150 25154 25162 25164 25167 25190 25196 25201 25205 25211 25221 25227 25239 25242 25261 25265 25283 25285 25293 25315 25318 25327 25339 25343 25351 25356 25450 25454 25464 25473 25474 25481 25490 25494 25500 25503 25508 25513 25517 25523 25527 25536 25552 25555 25559 25569 25573 25581 25585 25591 25594 25597 25601 25609 25728 25733
LI (65):  39 178 179 609 610 619 620 626 627 629 642 645 648 687 716 779 786 791 1154 1155 1156 1157 1158 1160 1161 2904 3424 8620 16793 17074 17713 17720 17752 17753 17765 17780 17817 17853 17893 17894 17896 17924 17966 17994 17995 17996 18018 18020 18028 18130 18143 18286 18290 19573 21013 21017 24842 24847 25030 25057 25094 25268 25272 25273 25282
NODE_NUM = 198
FILE mem_ctrl_sub_144.aig

# Subcircuit 145
SUB_ID 145
LO (28):  25319 25426 25436 25456 25466 25491 25495 25502 25592 25595 25614 25618 25625 25652 25663 25669 25679 25681 25685 25687 25695 25697 25701 25703 25713 25719 25726 25731
LI (90):  39 179 610 619 620 626 627 628 630 645 649 661 689 761 779 782 786 789 790 791 793 1154 1155 1156 1160 1161 3424 17072 17075 17511 17752 17765 17780 17817 17924 17966 18020 18035 18038 18130 18131 18169 18170 20526 23219 23222 25285 25293 25315 25318 25327 25351 25353 25356 25361 25366 25370 25378 25384 25394 25400 25410 25416 25428 25431 25450 25454 25464 25473 25485 25490 25494 25500 25535 25536 25539 25543 25552 25555 25559 25569 25573 25581 25585 25591 25594 25597 25601 25606 25609
NODE_NUM = 197
FILE mem_ctrl_sub_145.aig

# Subcircuit 146
SUB_ID 146
LO (25):  25335 25353 25361 25366 25370 25378 25384 25394 25400 25410 25416 25428 25431 25485 25535 25539 25543 25606 25622 25739 25745 25770 25804 26085 26088
LI (109):  39 40 179 180 609 610 619 620 626 629 630 645 648 689 716 725 742 761 779 782 786 788 789 790 793 1154 1155 1156 1158 1160 3424 6406 16793 16972 17074 17090 17169 17197 17236 17340 17379 17389 17396 17555 17588 17593 17595 17706 17853 17896 17963 17964 17994 17995 17996 18018 18131 18143 18255 19545 20526 21013 21017 25285 25327 25474 25481 25491 25495 25502 25503 25508 25513 25517 25523 25527 25536 25542 25625 25628 25632 25634 25638 25642 25643 25646 25652 25654 25656 25663 25669 25679 25681 25685 25687 25695 25697 25701 25703 25709 25713 25715 25719 25724 25726 25728 25731 25733 25801
NODE_NUM = 183
FILE mem_ctrl_sub_146.aig

# Subcircuit 147
SUB_ID 147
LO (24):  25771 25778 25795 25801 25834 25845 26045 26060 26062 26070 26074 26080 26083 26099 26103 26107 26124 26159 26165 26170 26174 26180 26220 26230
LI (62):  39 180 609 610 619 620 626 627 631 645 648 661 716 742 779 782 786 788 789 790 791 833 1154 1155 1156 1158 1160 1161 2904 3424 8620 16793 17720 17753 17765 17893 17894 17924 17966 17994 17995 17996 18018 18020 18025 18028 18035 18038 18130 18143 18286 18290 19568 24608 25800 25953 25979 25990 26043 26047 26085 26088
NODE_NUM = 194
FILE mem_ctrl_sub_147.aig

# Subcircuit 148
SUB_ID 148
LO (12):  26047 26202 26272 26288 26292 26296 26391 26409 26419 26495 26496 26616
LI (78):  39 181 609 610 619 620 626 627 628 630 645 648 649 661 703 716 742 754 779 782 786 789 790 793 1154 1155 1156 1158 1160 1161 2904 6406 16793 17072 17075 17555 17765 17893 17894 17924 17966 17994 17995 17996 18018 18020 18035 18038 18130 18131 18143 18169 18170 20522 20526 21013 21017 23219 23222 26060 26062 26070 26074 26080 26099 26124 26159 26165 26167 26170 26174 26180 26198 26201 26243 26274 26606 26609
NODE_NUM = 200
FILE mem_ctrl_sub_148.aig

# Subcircuit 149
SUB_ID 149
LO (45):  26274 26438 26488 26491 26497 26506 26528 26532 26540 26544 26560 26565 26568 26581 26606 26609 26698 26704 26712 26715 26717 26719 26721 26757 26769 26773 26781 26786 26798 26884 26894 26911 26913 26966 26968 26974 26982 27062 27063 27066 27067 27072 27073 27076 27077
LI (104):  39 40 181 182 609 610 619 620 626 627 628 629 630 645 648 649 661 703 716 754 779 782 786 788 789 790 793 833 1154 1155 1157 1158 1160 2904 3424 16972 17074 17090 17169 17197 17236 17340 17377 17379 17389 17396 17586 17593 17595 17706 17893 17894 17896 17963 17964 18018 18020 18131 18286 18290 19545 20526 26426 26437 26444 26448 26459 26466 26470 26489 26517 26521 26527 26529 26531 26533 26539 26541 26543 26545 26548 26559 26567 26584 26587 26591 26593 26597 26601 26602 26605 26616 26621 26627 26638 26644 26653 26659 26669 26675 26697 26711 26716 26720
NODE_NUM = 193
FILE mem_ctrl_sub_149.aig

# Subcircuit 150
SUB_ID 150
LO (20):  26716 26720 26749 26765 26868 26886 26896 26903 26915 26970 26972 26973 26983 26991 26995 27094 27118 27122 27127 27175
LI (110):  39 40 182 609 610 619 620 626 627 628 630 645 649 661 710 755 779 782 786 789 790 793 1154 1155 1156 1160 1161 3424 6406 16793 17072 17074 17075 17197 17555 17595 17720 17753 17765 17893 17894 17924 17966 17994 17995 17996 18018 18035 18038 18130 18131 18143 18169 18170 19545 20522 20526 21013 21017 23219 23222 26715 26717 26719 26721 26757 26781 26783 26786 26798 26809 26815 26820 26824 26830 26840 26846 26858 26861 26884 26894 26911 26913 26921 26967 26968 26982 27062 27063 27066 27067 27070 27072 27073 27076 27077 27079 27082 27083 27086 27100 27108 27111 27115 27117 27121 27161 27162 27166 27167
NODE_NUM = 197
FILE mem_ctrl_sub_150.aig

# Subcircuit 151
SUB_ID 151
LO (16):  27108 27117 27161 27162 27166 27167 27181 27193 27226 27242 27246 27250 27345 27363 27373 27455
LI (80):  39 183 609 610 619 620 626 627 628 630 645 648 649 661 716 757 779 782 786 789 790 793 1154 1155 1156 1158 1160 1161 2904 16793 17072 17511 17765 17893 17894 17924 17963 17964 17966 17994 17995 17996 18018 18020 18035 18038 18130 18131 18143 18169 18170 20522 20526 21013 21017 23219 23222 26925 26936 26954 26958 26994 26998 27006 27010 27018 27022 27025 27106 27118 27122 27127 27131 27137 27147 27153 27197 27228 27446 27450
NODE_NUM = 199
FILE mem_ctrl_sub_151.aig

# Subcircuit 152
SUB_ID 152
LO (9):  27228 27443 27499 27502 27521 27525 27529 27646 27652
LI (56):  183 609 610 619 620 626 627 628 629 630 645 648 649 661 716 735 779 782 786 788 789 790 791 793 1154 1155 1156 1157 1158 1160 1161 3424 17074 17720 17752 17753 17765 17780 17817 17853 17893 17894 17896 17924 17963 17964 17966 18018 18130 18131 20526 27392 27458 27571 27577 27582
NODE_NUM = 199
FILE mem_ctrl_sub_152.aig

# Subcircuit 153
SUB_ID 153
LO (35):  27392 27446 27450 27458 27571 27577 27582 27663 27686 27688 27694 27697 27711 27713 27717 27724 27738 27785 27800 27820 27859 27860 27861 27914 27918 27919 28004 28005 28008 28009 28014 28015 28018 28019 28032
LI (82):  39 40 183 184 609 610 619 626 627 628 648 661 735 757 779 782 786 789 790 1154 1155 1156 1158 1160 2904 3424 6406 16793 16972 17075 17090 17169 17197 17236 17340 17379 17389 17396 17555 17588 17593 17595 17706 17752 17893 17894 17924 17963 17994 17995 17996 18018 18020 18035 18038 18130 18143 18286 18290 19545 23219 23222 27193 27391 27443 27449 27455 27535 27539 27541 27545 27549 27550 27553 27561 27563 27565 27664 27668 27699 27719 27720
NODE_NUM = 200
FILE mem_ctrl_sub_153.aig

# Subcircuit 154
SUB_ID 154
LO (37):  27664 27668 27699 27816 27825 27834 27838 27844 27851 27869 27873 27884 27902 27906 27913 27936 27940 27948 27952 27967 27970 27975 27979 27984 27987 28000 28003 28041 28047 28057 28063 28073 28079 28089 28091 28095 28097
LI (71):  39 184 610 619 620 626 629 630 645 648 649 716 726 756 779 782 786 788 790 793 1154 1155 1156 1157 1158 1160 1161 3424 17072 17074 17511 17720 17752 17753 17765 17780 17817 17853 17896 17966 18130 18131 18169 18170 20522 20526 21013 21017 27663 27686 27688 27694 27697 27711 27713 27718 27738 27785 27788 27794 27800 27812 27815 27819 27820 27832 27842 27863 27914 27917 27921
NODE_NUM = 185
FILE mem_ctrl_sub_154.aig

# Subcircuit 155
SUB_ID 155
LO (37):  27863 27917 27921 27973 27992 27996 28117 28123 28134 28136 28157 28159 28165 28168 28171 28176 28184 28185 28209 28215 28217 28219 28227 28229 28233 28235 28243 28245 28249 28251 28259 28265 28301 28302 28311 28312 28385
LI (102):  39 40 184 185 609 610 619 620 626 627 628 645 661 726 756 779 782 786 789 790 791 1154 1155 1156 1160 1161 2904 3424 17197 17595 17893 17894 17924 17963 17964 17966 17994 17995 17996 18018 18020 18035 18038 18130 18131 18143 18173 19545 20526 23219 23222 27851 27859 27860 27861 27869 27873 27884 27902 27906 27913 27914 27918 27919 27936 27940 27948 27952 27967 27970 27975 27979 27984 27987 28003 28004 28005 28008 28009 28012 28014 28015 28018 28019 28021 28024 28032 28034 28041 28047 28057 28063 28073 28079 28089 28091 28095 28097 28116 28135 28139 28170
NODE_NUM = 200
FILE mem_ctrl_sub_155.aig

# Subcircuit 156
SUB_ID 156
LO (16):  28135 28139 28355 28373 28377 28431 28435 28438 28441 28444 28463 28467 28471 28561 28567 28572
LI (60):  39 185 609 610 619 620 626 628 629 630 645 648 661 716 738 778 779 782 786 788 790 791 793 1154 1155 1156 1157 1158 1160 1161 3424 6406 17072 17075 17511 17752 17765 17780 17817 17853 17896 17924 17966 18130 28322 28334 28384 28385 28388 28392 28404 28418 28422 28430 28434 28450 28455 28458 28496 28499
NODE_NUM = 200
FILE mem_ctrl_sub_156.aig

# Subcircuit 157
SUB_ID 157
LO (49):  28170 28195 28287 28296 28305 28309 28315 28322 28334 28388 28392 28404 28496 28499 28588 28594 28605 28659 28663 28671 28676 28774 28784 28793 28801 28803 28809 28813 28843 28847 28856 28872 28881 28894 28898 28906 28910 28927 28935 28952 28953 28956 28957 28962 28963 28966 28967 29054 29059
LI (111):  39 40 185 186 610 619 620 626 627 630 631 645 648 649 716 738 778 779 782 786 788 789 790 793 1158 1161 2904 3424 16793 16972 17074 17090 17169 17197 17236 17340 17379 17389 17396 17555 17588 17593 17595 17706 17720 17753 17893 17894 17963 17964 18018 18131 18169 18170 18286 18290 19545 20522 20526 21013 21017 28134 28136 28157 28159 28165 28171 28176 28184 28185 28188 28209 28215 28217 28219 28227 28229 28233 28235 28243 28245 28249 28251 28259 28265 28283 28286 28301 28302 28311 28312 28333 28355 28373 28377 28391 28431 28435 28438 28477 28481 28483 28487 28491 28492 28495 28561 28567 28570 28572 28574
NODE_NUM = 200
FILE mem_ctrl_sub_157.aig

# Subcircuit 158
SUB_ID 158
LO (18):  28639 28666 28758 28767 28776 28780 28786 28874 28876 28904 28908 28909 28978 29007 29013 29023 29029 29045
LI (80):  39 186 609 610 619 620 627 628 630 631 645 648 649 661 716 752 779 782 786 788 789 790 793 1154 1155 1156 1158 1160 1161 3424 17072 17075 17555 17752 17765 17924 17963 17966 17994 17995 17996 18018 18020 18035 18038 18130 18131 18143 18169 18170 18173 20522 20526 21013 21017 23219 23222 28605 28643 28644 28646 28659 28663 28671 28673 28676 28681 28682 28774 28784 28856 28860 28866 28873 28878 28881 28885 28895 28899 28907
NODE_NUM = 194
FILE mem_ctrl_sub_158.aig

# Subcircuit 159
SUB_ID 159
LO (20):  28643 28644 28646 28681 28682 28860 28866 28873 28878 28885 28895 28899 28907 28918 28921 28940 28944 28948 29065 29071
LI (112):  39 40 186 609 610 619 620 626 627 629 630 645 648 649 702 716 752 779 782 786 788 789 790 791 793 1154 1155 1156 1157 1158 1160 1161 3424 6406 16793 17074 17197 17377 17586 17595 17752 17765 17780 17817 17853 17896 17924 17963 17964 17966 18018 18130 18131 19545 20526 21423 28605 28793 28801 28803 28805 28809 28813 28825 28843 28847 28856 28857 28872 28874 28894 28898 28904 28906 28908 28909 28910 28927 28929 28935 28937 28952 28953 28956 28957 28960 28962 28963 28966 28967 28969 28972 28978 28980 28982 28984 28989 28990 28995 28996 29001 29007 29013 29023 29029 29039 29045 29051 29054 29055 29059 29060
NODE_NUM = 200
FILE mem_ctrl_sub_159.aig

# Subcircuit 160
SUB_ID 160
LO (56):  28989 28995 29084 29085 29092 29093 29097 29122 29127 29137 29153 29164 29176 29181 29189 29199 29209 29220 29230 29240 29252 29262 29271 29277 29281 29291 29364 29367 29371 29373 29379 29381 29389 29393 29399 29402 29405 29409 29410 29411 29414 29417 29418 29422 29426 29432 29433 29437 29438 29451 29477 29483 29493 29499 29539 29549
LI (79):  39 187 619 620 626 627 629 631 642 645 648 704 716 753 779 782 786 788 790 791 793 833 1154 1155 1156 1157 1158 1160 1161 2904 3424 8620 17593 17706 17713 17720 17752 17753 17765 17780 17817 17853 17896 17924 17966 17994 17995 17996 18020 18025 18028 18035 18038 18130 18143 18286 18290 19533 19551 19556 19568 28876 29114 29118 29119 29268 29272 29278 29295 29299 29307 29310 29316 29320 29328 29331 29362 29366 29404
NODE_NUM = 197
FILE mem_ctrl_sub_160.aig

# Subcircuit 161
SUB_ID 161
LO (13):  29366 29404 29429 29521 29530 29543 29685 29696 29698 29702 29703 29711 29721
LI (93):  188 609 610 619 620 626 628 630 631 645 648 649 661 704 716 753 779 782 786 788 789 790 793 1154 1155 1156 1158 1160 3424 16793 17072 17074 17752 17780 17817 17893 17894 17963 18018 18131 18169 18170 18173 20522 20526 21013 21017 29367 29371 29373 29379 29381 29389 29393 29399 29405 29409 29410 29411 29414 29417 29418 29422 29426 29432 29433 29437 29438 29440 29441 29451 29461 29467 29477 29483 29493 29499 29507 29517 29520 29578 29581 29597 29602 29612 29628 29639 29651 29656 29664 29674 29684 29695
NODE_NUM = 195
FILE mem_ctrl_sub_161.aig

# Subcircuit 162
SUB_ID 162
LO (14):  29578 29581 29597 29602 29612 29628 29639 29651 29656 29664 29674 29684 29695 29839
LI (72):  39 188 619 620 626 627 629 630 631 642 645 648 649 716 727 771 788 789 790 791 793 833 1154 1155 1157 1158 1159 1160 1161 3424 8620 17593 17706 17713 17720 17752 17753 17765 17780 17817 17853 17896 17924 17966 18130 18286 18290 19532 19538 19551 19556 19558 19568 19576 21173 24608 29563 29569 29573 29575 29577 29588 29592 29593 29685 29696 29698 29702 29703 29711 29721 29837
NODE_NUM = 183
FILE mem_ctrl_sub_162.aig

# Subcircuit 163
SUB_ID 163
LO (9):  29877 29904 29996 30005 30014 30018 30024 30033 30316
LI (60):  188 609 610 619 620 626 627 628 630 631 645 648 649 661 716 727 769 771 779 782 786 788 789 790 793 1154 1155 1156 1158 1160 1161 2904 16793 17072 17074 17893 17894 17924 17963 17966 17994 17995 17996 18018 18020 18025 18028 18035 18038 18130 18131 18143 18169 18170 18173 19538 20522 20526 21013 21017
NODE_NUM = 178
FILE mem_ctrl_sub_163.aig

# Subcircuit 164
SUB_ID 164
LO (4):  30038 30052 30064 30314
LI (109):  39 189 610 619 620 627 628 629 630 631 642 645 648 649 661 706 716 769 782 786 788 789 790 791 793 1155 1156 1157 1158 1159 1160 1161 3424 8620 17752 17780 17817 17853 17896 17924 17966 18130 18286 18290 19532 19551 19556 19558 19568 19576 24608 30044 30048 30050 30057 30063 30094 30099 30101 30103 30108 30112 30114 30118 30126 30129 30131 30139 30141 30145 30149 30151 30159 30162 30170 30172 30176 30180 30182 30190 30194 30202 30204 30208 30212 30214 30221 30224 30227 30231 30233 30237 30241 30243 30251 30254 30262 30264 30268 30272 30274 30286 30288 30293 30295 30299 30303 30305 30313
NODE_NUM = 199
FILE mem_ctrl_sub_164.aig

# Subcircuit 165
SUB_ID 165
LO (29):  30139 30149 30159 30170 30180 30190 30202 30212 30221 30227 30231 30241 30251 30262 30272 30288 30293 30303 30313 30352 30368 30369 30379 30448 30471 30480 30489 30493 30499
LI (79):  609 610 619 620 626 627 628 629 630 631 642 645 648 649 661 706 716 779 782 786 788 789 790 793 833 1154 1155 1156 1157 1158 1160 1161 16793 17074 17817 17853 17893 17894 17896 17924 17963 17966 17994 17995 17996 18018 18020 18025 18028 18035 18038 18130 18131 18143 18169 18170 18173 20522 20526 30075 30312 30315 30316 30360 30370 30375 30386 30394 30399 30403 30411 30417 30427 30433 30443 30449 30461 30464 30474
NODE_NUM = 200
FILE mem_ctrl_sub_165.aig

# Subcircuit 166
SUB_ID 166
LO (15):  30449 30461 30464 30474 30508 30511 30522 30549 30550 30562 30716 30720 30726 30743 30755
LI (67):  39 40 190 609 610 619 620 626 627 628 629 630 642 649 661 728 773 779 782 786 788 789 790 1154 1155 1156 1157 1159 1160 16793 16972 17090 17169 17236 17340 17379 17388 17389 17396 17553 17593 17720 17752 17780 17817 17853 17896 18130 19558 21013 21017 30368 30369 30448 30530 30534 30536 30540 30544 30546 30548 30561 30563 30571 30582 30591 30602
NODE_NUM = 200
FILE mem_ctrl_sub_166.aig

# Subcircuit 167
SUB_ID 167
LO (42):  30571 30591 30602 30823 30825 30831 30834 30839 30842 30849 30858 30874 30883 30900 30913 30919 30927 30935 30944 30952 30985 30986 30988 30993 30995 31001 31003 31009 31011 31017 31020 31028 31040 31044 31050 31051 31055 31056 31069 31157 31167 31359
LI (95):  39 58 190 191 626 627 629 630 631 642 645 648 716 728 773 779 782 786 788 790 791 793 833 1154 1155 1156 1157 1158 1159 1160 1161 2904 6461 17072 17074 17075 17752 17753 17765 17850 17851 17924 17966 18020 18035 18038 18130 18286 18290 20118 20385 20391 20397 20473 20483 20498 20508 23219 23222 30523 30555 30558 30562 30563 30567 30570 30716 30720 30726 30743 30752 30755 30758 30762 30766 30768 30772 30779 30784 30791 30793 30797 30801 30803 30817 30819 30957 30963 30964 30967 30974 30976 30983 30984 30987
NODE_NUM = 200
FILE mem_ctrl_sub_167.aig

# Subcircuit 168
SUB_ID 168
LO (31):  30987 31047 31139 31148 31161 31238 31244 31312 31328 31365 31372 31378 31386 31392 31446 31449 31450 31463 31465 31466 31467 31471 31505 31517 31521 31529 31534 31546 31632 31642 31653
LI (103):  39 192 609 610 619 620 626 627 628 630 631 645 648 649 661 700 716 764 779 782 786 788 789 790 793 1154 1155 1156 1158 1160 2904 3424 6406 16793 17072 17074 17555 17893 17894 17921 17922 17963 17964 17994 17995 17996 18018 18020 18131 18143 18169 18170 18173 20522 20526 21013 21017 30986 30988 30993 30995 31001 31003 31009 31011 31017 31028 31040 31044 31050 31051 31053 31055 31056 31058 31069 31194 31198 31201 31209 31215 31219 31224 31227 31231 31243 31288 31292 31295 31353 31357 31359 31405 31406 31408 31410 31414 31418 31424 31435 31440 31445 31464
NODE_NUM = 192
FILE mem_ctrl_sub_168.aig

# Subcircuit 169
SUB_ID 169
LO (35):  31464 31497 31500 31512 31513 31518 31519 31520 31544 31548 31556 31562 31571 31577 31587 31593 31616 31619 31650 31715 31721 31789 31805 31842 31849 31855 31863 31869 31879 31885 31895 31901 31914 31926 31927
LI (105):  39 192 609 610 619 620 626 627 628 629 630 631 645 648 649 661 716 730 747 779 782 786 788 789 790 791 793 1154 1155 1156 1157 1158 1160 1161 3424 6406 17072 17074 17075 17555 17713 17765 17780 17817 17853 17896 17921 17922 17924 17963 17964 17966 17994 17995 17996 18018 18035 18038 18130 18131 18143 18169 18170 18173 20522 20526 23219 23222 31463 31466 31467 31471 31505 31517 31529 31531 31534 31557 31563 31568 31572 31578 31588 31594 31606 31609 31626 31632 31639 31642 31649 31652 31653 31661 31670 31674 31680 31683 31688 31691 31695 31703 31707 31830 31834
NODE_NUM = 200
FILE mem_ctrl_sub_169.aig

# Subcircuit 170
SUB_ID 170
LO (97):  31524 31531 31557 31563 31568 31572 31578 31588 31594 31606 31609 31626 31639 31652 31661 31670 31674 31680 31683 31688 31691 31695 31703 31707 31719 31723 31730 31735 31738 31742 31752 31756 31764 31768 31774 31777 31780 31784 31792 31830 31834 31912 31917 31940 31942 31947 31949 31955 31957 31960 31961 31963 31970 31973 31982 31994 31998 32006 32011 32023 32105 32109 32119 32129 32134 32136 32147 32151 32157 32160 32165 32168 32172 32180 32184 32194 32206 32212 32215 32219 32229 32233 32241 32245 32251 32254 32257 32261 32269 32286 32287 32290 32297 32300 32301 32389 32394
LI (95):  39 40 192 193 610 619 620 626 627 629 645 648 716 730 747 779 782 786 788 790 1154 1155 1156 1158 1160 2904 16793 16972 17090 17169 17197 17379 17389 17396 17559 17586 17593 17595 17706 17720 17752 17753 17765 17780 17817 17853 17893 17894 17896 17924 17963 17966 18018 18020 18035 18038 18130 18286 18290 21013 21017 23219 24241 31465 31500 31505 31512 31513 31518 31519 31520 31521 31544 31546 31548 31556 31562 31571 31577 31587 31593 31618 31619 31636 31656 31660 31716 31811 31814 31817 31819 31825 31827 31829 31941
NODE_NUM = 200
FILE mem_ctrl_sub_170.aig

# Subcircuit 171
SUB_ID 171
LO (28):  31941 31990 32030 32043 32049 32055 32065 32071 32101 32114 32127 32130 32192 32198 32266 32282 32319 32326 32332 32340 32346 32356 32362 32372 32378 32391 32403 32404
LI (102):  39 193 609 610 619 620 626 627 629 630 631 645 648 649 692 716 765 779 788 789 790 791 793 833 1154 1155 1156 1157 1158 1160 1161 3424 6406 16793 17072 17074 17075 17555 17713 17780 17817 17853 17896 17921 17922 17924 17963 17964 17966 17994 17995 17996 18018 18130 18143 18169 18170 18173 20522 20526 20718 23222 31940 31942 31960 31961 31963 31970 31973 31982 31994 31998 32001 32006 32008 32011 32023 32035 32041 32066 32072 32078 32083 32086 32102 32105 32109 32115 32119 32129 32138 32147 32151 32157 32160 32165 32168 32172 32180 32184 32307 32311
NODE_NUM = 198
FILE mem_ctrl_sub_171.aig

# Subcircuit 172
SUB_ID 172
LO (23):  32035 32041 32066 32072 32078 32083 32086 32102 32115 32138 32196 32200 32207 32307 32311 32417 32448 32451 32480 32558 32560 32563 32577
LI (88):  39 40 193 194 609 610 619 620 626 627 628 631 648 649 661 692 716 765 779 782 786 788 789 790 1154 1155 1156 1158 1160 2904 16793 17197 17559 17595 17893 17894 17924 17963 17994 17995 17996 18018 18020 18035 18038 18130 18131 18143 18173 20526 20718 21013 21017 23219 23222 24241 31947 31949 31955 31957 31990 32030 32043 32049 32055 32065 32071 32101 32114 32134 32136 32193 32194 32206 32286 32287 32290 32291 32294 32296 32297 32300 32301 32304 32306 32418 32422 32453
NODE_NUM = 199
FILE mem_ctrl_sub_172.aig

# Subcircuit 173
SUB_ID 173
LO (24):  32418 32422 32453 32604 32605 32606 32623 32627 32630 32700 32704 32712 32716 32724 32732 32740 32746 32750 32811 32817 32860 32865 32872 32880
LI (93):  39 194 610 619 620 626 627 628 630 645 649 661 691 716 740 779 782 786 788 789 790 791 793 833 1154 1156 1161 3424 6406 17072 17074 17075 17511 17720 17752 17765 17853 17924 17966 18130 18131 18169 18170 20522 20526 20718 32417 32448 32451 32480 32558 32560 32563 32566 32577 32579 32586 32588 32592 32596 32598 32607 32617 32667 32671 32675 32684 32687 32691 32701 32705 32713 32717 32723 32726 32729 32733 32738 32741 32779 32783 32798 32804 32812 32818 32828 32834 32844 32850 32861 32863 32866 32878
NODE_NUM = 198
FILE mem_ctrl_sub_173.aig

# Subcircuit 174
SUB_ID 174
LO (55):  32617 32667 32671 32675 32684 32687 32691 32701 32705 32713 32717 32723 32726 32729 32733 32738 32741 32754 32779 32783 32798 32804 32812 32818 32828 32834 32844 32850 32861 32863 32866 32878 32886 32909 32912 32921 33052 33062 33074 33087 33104 33118 33145 33155 33167 33171 33173 33179 33181 33189 33193 33199 33231 33242 33332
LI (126):  39 40 194 195 609 619 620 627 629 630 642 645 648 691 716 731 740 749 782 786 788 790 793 833 1155 1156 1157 1158 1160 1161 3424 16972 17072 17090 17169 17197 17236 17340 17379 17389 17396 17555 17588 17593 17595 17706 17713 17752 17753 17765 17780 17817 17853 17893 17894 17896 17924 17963 17964 17966 18018 18020 18025 18028 18035 18038 18130 18286 18290 19538 19551 19568 19576 20718 24241 24608 24710 32605 32606 32616 32623 32627 32630 32645 32649 32674 32700 32704 32712 32716 32732 32740 32760 32764 32766 32770 32774 32775 32778 32811 32817 32860 32865 32885 32892 32896 32898 32905 32908 33051 33061 33070 33071 33101 33138 33143 33153 33165 33188 33192 33198 33201 33229 33234 33236 33239
NODE_NUM = 200
FILE mem_ctrl_sub_174.aig

# Subcircuit 175
SUB_ID 175
LO (18):  33229 33236 33355 33357 33367 33377 33385 33408 33431 33482 33491 33506 33507 33511 33515 33529 33534 33539
LI (113):  39 40 171 172 198 199 233 300 609 610 619 620 626 628 630 631 645 648 649 661 699 716 731 768 779 782 786 788 789 790 791 793 833 1154 1155 1156 1158 1160 1161 2904 3355 6367 9228 13871 14062 16356 16358 16793 17074 17422 17488 17509 17593 17711 17963 17994 17995 17996 18018 18131 18143 18169 18170 18173 19035 20522 20526 21013 21017 21077 21162 21179 21206 21222 21228 21254 21270 21316 33165 33167 33171 33173 33179 33181 33189 33193 33199 33210 33222 33226 33231 33242 33332 33333 33337 33339 33347 33349 33374 33427 33476 33481 33485 33489 33493 33497 33499 33503 33504 33510 33514 33525 33533
NODE_NUM = 186
FILE mem_ctrl_sub_175.aig

# Subcircuit 176
SUB_ID 176
LO (77):  33580 33698 33701 33705 33715 33719 33727 33731 33737 33743 33853 33857 33863 33891 33897 33902 33906 33909 34146 34172 38643 38647 38652 38653 38659 38678 38680 38681 38687 38743 38747 38789 38790 38865 38867 38869 38871 38960 39042 39043 39044 39059 39255 39287 39291 39310 39312 39313 39314 39315 39437 39506 39510 39511 39580 39796 39811 39812 39893 40009 40215 40779 41300 41307 42302 42308 42349 42350 42351 42795 42796 43262 43268 43295 43605 43620 43655
LI (87):  199 208 209 212 213 214 215 216 220 224 300 619 620 626 627 629 630 631 645 648 716 788 791 793 1154 1155 1157 1158 1160 1161 3227 3625 6346 6358 6384 8620 11008 17103 17752 17753 17765 17780 17817 17853 17893 17894 17921 17924 17963 17966 18018 18130 19441 33539 33542 33545 33548 33551 33553 33559 33562 33566 33569 33571 33574 33576 33867 33868 34138 34147 34148 34157 34171 38646 38648 38651 38658 38675 38677 38733 38735 38742 38787 38862 38864 38959 39039
NODE_NUM = 197
FILE mem_ctrl_sub_176.aig

# Subcircuit 177
SUB_ID 177
LO (28):  33545 33559 33571 33576 33583 33585 33596 33598 33603 33606 33621 33683 33824 33948 33954 33977 33980 33986 33987 34012 34015 34017 34018 34025 34033 34043 34057 35873
LI (87):  40 199 216 224 300 604 634 643 681 3227 3424 3625 6324 6341 6342 6345 6346 6358 6384 11142 16792 16799 16822 16842 16843 16869 16902 17319 17334 17349 17385 17533 33542 33553 33555 33556 33591 33602 33617 33618 33623 33627 33631 33633 33641 33647 33649 33655 33659 33662 33665 33669 33672 33675 33678 33747 33760 33761 33766 33767 33768 33771 33781 33784 33789 33792 33801 33802 33808 33812 33815 33821 33935 33937 33944 33947 33952 33956 33961 33972 33978 34000 34023 34031 34035 34049 34050
NODE_NUM = 197
FILE mem_ctrl_sub_177.aig

# Subcircuit 178
SUB_ID 178
LO (43):  33618 33631 33647 33655 33659 33694 33747 33760 33761 33766 33767 33768 33781 33784 33812 33815 33825 33828 33834 33847 33914 33917 33922 33935 33937 33944 33952 33956 33961 33972 33978 34000 34023 34026 34029 34049 34050 34064 35813 35917 35921 35923 37249
LI (108):  40 199 216 224 300 604 634 635 666 681 908 948 3227 3424 3625 6324 6342 6345 6358 6361 6367 6384 16793 16799 16810 16822 16842 16843 16869 16900 16939 16941 16952 16974 16976 16978 16987 17004 17037 17073 17140 17294 17330 17334 17343 17349 17350 17357 17367 17593 33542 33603 33692 33744 33747 33761 33766 33827 33836 33843 33915 33920 33933 33954 33977 33980 33986 33987 33999 34003 34007 34012 34015 34017 34018 34043 34048 34060 35807 35812 35814 35819 35820 35827 35830 35833 35839 35845 35848 35850 35853 35862 35866 35867 35869 35878 35880 35884 35888 35893 35898 35900 35904 35909 35914 35920 37240 37248
NODE_NUM = 200
FILE mem_ctrl_sub_178.aig

# Subcircuit 179
SUB_ID 179
LO (32):  34003 34007 34031 34035 34060 34071 34077 34085 34091 34174 34182 34193 34198 34207 34209 34212 34218 34227 34237 34254 34258 34268 34277 34289 34299 34309 34320 34330 34340 34352 34463 36296
LI (85):  39 40 200 220 609 610 618 619 620 626 627 629 630 631 635 638 642 645 648 716 788 789 791 793 1154 1155 1156 1157 1158 1159 1160 1161 3424 6345 8620 16792 16843 17362 17395 17409 17555 17588 17593 17645 17720 17752 17780 17817 17853 17896 17924 17966 18130 19531 19537 19546 19550 19576 20118 33606 33621 33854 33858 33861 33915 34025 34026 34029 34033 34179 34180 34189 34192 34194 34197 34216 34338 34349 34355 34359 34360 34376 36284 36288 36289
NODE_NUM = 175
FILE mem_ctrl_sub_179.aig

# Subcircuit 180
SUB_ID 180
LO (79):  34465 34479 34484 34488 34496 34500 34508 34512 34518 34521 34522 34523 34550 34554 34562 34567 34571 34576 34686 34708 34717 34726 34730 34736 34743 35583 35588 35593 35619 35621 35626 35632 35636 35946 35970 38648 38651 38842 38958 38959 39060 39061 39063 39066 39109 39111 39112 39113 39162 39164 39166 39176 39178 39182 39184 39219 39270 39273 39557 39606 39662 39737 39743 39823 39877 39878 39880 39884 39889 41010 41265 41326 41710 42423 42432 42462 42474 43555 43565
LI (80):  200 201 208 209 212 213 214 215 220 300 607 608 610 619 620 626 627 629 631 639 644 645 648 716 788 789 1153 1154 1155 1156 1157 1158 1160 1161 8620 17720 17752 17780 17817 17853 17893 17894 17896 17924 17963 17966 18130 20526 20718 34672 34673 34677 34678 34693 34697 34702 34711 35575 35938 35940 35963 35964 38590 38591 38681 38769 38841 39049 39050 39058 39059 39108 39118 39139 39149 39160 39161 39168 39175 39179
NODE_NUM = 196
FILE mem_ctrl_sub_180.aig

# Subcircuit 181
SUB_ID 181
LO (35):  34473 34541 34588 34594 34597 34599 34672 34677 34702 34762 34770 34773 34779 34788 34802 34808 34819 34828 34839 34847 34852 34862 34900 34904 34920 34923 34973 34985 34998 35014 35015 35032 35037 35046 35049
LI (116):  39 40 56 58 60 75 201 211 300 333 469 610 619 620 628 649 661 779 782 786 790 908 948 1154 2646 3250 3424 3425 3450 6324 6342 6345 6460 7549 11246 15853 17362 17395 17555 17588 17630 17643 17679 17693 17924 18018 18131 19531 19537 19549 19555 19565 19573 34470 34471 34485 34489 34497 34501 34509 34513 34519 34528 34532 34533 34538 34539 34565 34587 34596 34598 34608 34609 34612 34614 34615 34618 34619 34622 34626 34632 34642 34648 34658 34664 34751 34756 34759 34760 34766 34772 34776 34783 34785 34787 34792 34793 34798 34800 34803 34813 34818 34822 34829 34845 34846 34850 34853 34963 34968 34983 34991 34993 35000 35005 35025
NODE_NUM = 199
FILE mem_ctrl_sub_181.aig

# Subcircuit 182
SUB_ID 182
LO (47):  34792 34813 34818 34845 34846 34866 34869 34887 34893 34907 34931 34963 34980 34983 34993 35000 35005 35025 35083 35101 35110 35242 35249 35255 35336 35337 35345 35350 35358 35394 35399 35404 35443 35447 35514 35519 35526 35575 35668 35672 35675 35740 35748 35757 35766 35781 46936
LI (114):  56 199 208 209 211 333 469 609 610 619 627 631 639 642 645 648 681 716 779 782 786 789 790 1154 1155 1156 1157 1158 1159 1160 2658 2686 3250 3450 6345 6460 6648 15853 16641 16842 17720 17777 17778 17780 17814 17815 17817 17853 18172 19350 19442 19443 19473 19497 20526 20725 20727 23776 23777 24546 34783 34788 34791 34802 34812 34814 34815 34819 34828 34840 34844 34847 34852 34865 34868 34886 34959 34976 35086 35087 35088 35091 35092 35094 35099 35209 35212 35217 35227 35234 35311 35315 35321 35357 35364 35368 35373 35381 35386 35454 35459 35466 35482 35483 35487 35489 35493 35502 35507 35573 35663 35664 35671 35780
NODE_NUM = 200
FILE mem_ctrl_sub_182.aig

# Subcircuit 183
SUB_ID 183
LO (65):  35144 35145 35149 35178 35190 35201 35204 35212 35217 35279 35286 35311 35315 35321 35368 35373 35381 35386 35421 35433 35454 35459 35466 35482 35483 35487 35489 35493 35502 35507 35535 35553 35563 35573 35589 35599 35663 35664 35689 35695 35730 35807 35812 35819 35820 35833 35839 35848 35853 35866 35867 35878 35882 35884 35888 35898 35909 36253 36260 38463 38477 38480 38486 45908 49413
LI (153):  39 209 211 218 231 610 619 623 624 628 635 640 645 648 661 696 711 779 782 786 788 789 791 793 908 948 1154 1156 1159 1160 1161 2904 3227 6324 6346 6357 6361 6367 6384 8620 16798 16822 16849 16900 16902 17103 17593 17895 17922 17964 17966 18012 18013 18017 19497 20382 20383 20385 20388 20389 20391 20522 20526 20718 21077 33598 35087 35091 35111 35115 35122 35127 35128 35130 35133 35134 35137 35138 35140 35142 35173 35176 35184 35196 35198 35200 35210 35215 35278 35285 35293 35295 35297 35300 35303 35306 35308 35365 35367 35370 35372 35420 35422 35423 35426 35428 35453 35458 35468 35469 35471 35474 35476 35479 35506 35546 35551 35561 35653 35655 35657 35661 35672 35675 35678 35686 35688 35691 35728 35814 35873 35875 35883 35887 35895 35908 36252 38476 38479 38485 45814 45822 45831 45853 45860 45866 45870 45875 45886 45891 45896 45901 45907
NODE_NUM = 198
FILE mem_ctrl_sub_183.aig

# Subcircuit 184
SUB_ID 184
LO (39):  35938 35940 35956 35963 35964 35974 35984 36000 36012 36016 36025 36031 36049 36052 36066 36081 36093 36103 36109 36112 36140 36146 36147 36149 36153 36172 36176 36224 36244 36284 36288 36289 36311 36348 36358 36363 36375 36393 36407
LI (107):  39 40 214 215 216 217 222 224 300 607 608 615 617 618 623 624 638 639 640 643 644 663 682 711 908 948 3227 3424 3625 6345 6384 8620 16799 16841 16855 16863 16865 16936 17102 17103 17350 17359 17426 17441 17466 17593 17720 21155 21244 21803 35935 35937 35939 35947 35949 35951 35953 35954 35962 35992 35996 35998 36004 36008 36010 36024 36029 36037 36038 36040 36045 36046 36051 36060 36062 36075 36076 36077 36085 36088 36090 36098 36103 36104 36107 36139 36142 36145 36189 36236 36238 36242 36281 36283 36287 36306 36313 36316 36322 36334 36342 36345 36365 36371 36382 36387 36391
NODE_NUM = 193
FILE mem_ctrl_sub_184.aig

# Subcircuit 185
SUB_ID 185
LO (38):  36157 36162 36165 36197 36208 36221 36236 36238 36281 36306 36313 36316 36342 36382 36426 36434 36452 36455 36536 36601 36726 37672 37789 37808 38075 38081 38086 38092 38098 38108 38114 38124 38130 38140 38147 38158 38191 38201
LI (131):  39 40 216 224 225 300 610 615 617 619 620 626 627 628 645 649 661 662 663 681 779 782 786 790 908 948 1154 1161 3227 3625 6324 6343 6345 6358 6384 16799 16822 16841 16842 16916 16918 16932 16942 17027 17035 17350 17359 17437 17449 17752 17924 17966 18130 20718 21155 21244 33555 33556 35953 36051 36059 36143 36166 36199 36206 36280 36341 36381 36424 36433 36447 36450 36451 36462 36466 36494 36499 36503 36510 36519 36529 36535 36599 36725 37622 37623 37635 37636 37639 37640 37651 37695 37707 37708 37713 37714 37715 37727 37738 37740 37746 37750 37755 37759 37767 37771 37779 37783 37793 37807 37913 37958 37961 37966 37970 37980 37983 38014 38029 38033 38036 38051 38058 38064 38069 38139 38146 38156 38184 38189 38199
NODE_NUM = 198
FILE mem_ctrl_sub_185.aig

# Subcircuit 186
SUB_ID 186
LO (55):  36334 36341 36371 36381 36387 36411 36422 36433 36447 36494 36499 36519 36539 36544 36548 36556 36560 36568 36572 36580 36678 36682 36688 36691 36698 36702 36822 36835 36841 37036 37622 37750 37755 37759 37767 37771 37779 37783 37791 37877 37881 37887 37890 37897 37901 38139 38141 38146 38156 38160 38164 38169 38184 38189 38199
LI (95):  40 216 222 223 225 300 610 619 620 626 627 629 631 645 648 716 788 789 791 948 1154 1155 1156 1158 1160 1161 3625 6343 6345 6358 6384 8620 10357 16841 16849 16902 16941 16979 17444 17447 17450 17451 17457 17466 17508 17752 17780 17817 17853 17893 17894 17921 17922 17924 17966 18018 18130 18131 18172 19035 19441 20522 20526 20718 36098 36333 36368 36413 36418 36429 36439 36440 36471 36472 36487 36493 36512 36515 36693 36706 36731 36737 36738 36769 36777 36789 36793 36794 36819 36961 36962 36963 36967 36984 36988
NODE_NUM = 200
FILE mem_ctrl_sub_186.aig

# Subcircuit 187
SUB_ID 187
LO (50):  36439 36440 36450 36451 36462 36466 36471 36472 36503 36510 36535 36621 36655 36672 36737 36738 36769 36777 36793 36794 36819 36852 36894 37188 37195 37199 37207 37211 37219 37223 37228 37231 37232 37359 37366 37509 37623 37624 37627 37629 37630 37653 37655 37681 37682 37695 37707 37744 37958 38029
LI (113):  39 40 216 223 224 225 300 610 615 617 619 620 627 662 663 681 682 782 786 790 3424 3465 3625 5943 6342 6343 6344 6345 6358 6384 16793 16799 16822 16841 16854 16917 16933 17449 17561 17593 17752 17924 18130 20718 36429 36437 36455 36458 36508 36531 36582 36619 36670 36727 36734 36746 36756 36760 36768 36774 36790 36807 36808 36817 36822 36827 36830 36836 36842 36845 36849 36891 37046 37047 37048 37050 37051 37103 37122 37130 37142 37154 37157 37178 37186 37194 37198 37206 37210 37218 37222 37230 37236 37358 37365 37435 37440 37454 37474 37484 37487 37508 37680 37687 37693 37701 37702 37929 37945 37951 38021 38022 38027
NODE_NUM = 200
FILE mem_ctrl_sub_187.aig

# Subcircuit 188
SUB_ID 188
LO (44):  36487 36493 36512 36515 36529 36531 36595 36611 36617 36619 36637 36646 36648 36661 36670 36725 36731 36734 36789 36790 36817 36836 36842 36845 37240 37248 37385 37388 37390 37435 37651 37714 37746 37806 37837 37859 37871 37929 37935 38014 38021 38033 38036 38069
LI (109):  39 40 216 223 224 225 300 615 617 643 662 663 681 3424 3625 6341 6358 6384 16794 16828 16839 16841 16863 16865 16869 16910 16925 17035 17096 17183 17316 17330 17346 17355 17377 17388 17426 17429 17454 17571 17581 17595 17616 17636 17672 17705 36039 36426 36434 36458 36478 36481 36484 36527 36582 36585 36586 36591 36594 36605 36607 36626 36631 36633 36636 36660 36709 36712 36713 36717 36720 36722 36726 36727 36784 36814 36835 36841 37071 37237 37242 37243 37371 37380 37384 37395 37408 37409 37413 37414 37434 37665 37670 37744 37794 37797 37800 37803 37805 37828 37831 37856 37915 37928 37995 38009 38018 38030 38067
NODE_NUM = 195
FILE mem_ctrl_sub_188.aig

# Subcircuit 189
SUB_ID 189
LO (56):  36746 36756 36760 36774 36784 36807 36808 36814 36853 36857 36881 36887 36984 36988 37046 37047 37050 37051 37103 37122 37178 37194 37198 37206 37210 37218 37222 37230 37233 37234 37311 37315 37323 37329 37333 37338 37347 37351 37358 37360 37365 37384 37395 37408 37454 37474 37484 37487 37508 37602 37612 37738 37951 37995 38051 38058
LI (131):  39 40 216 223 224 225 300 604 610 617 619 620 626 627 629 643 645 648 662 663 681 682 716 948 1154 1155 1156 1158 1160 1161 3227 6341 6344 6358 6384 16870 16875 16913 16992 16996 17014 17042 17045 17056 17097 17109 17113 17325 17337 17346 17355 17370 17386 17514 17752 17780 17817 17853 17893 17894 17921 17922 17924 17966 18130 18172 19035 19441 19473 21061 36036 36039 36452 36578 36582 36695 36755 36773 36780 36800 36806 36856 36867 36874 36875 36886 37041 37042 37049 37053 37059 37073 37081 37097 37102 37113 37116 37118 37138 37164 37168 37176 37236 37370 37372 37380 37381 37388 37394 37406 37444 37445 37447 37458 37461 37478 37483 37494 37498 37504 37506 37596 37726 37732 37734 37793 37946 37949 37993 38048 38052
NODE_NUM = 199
FILE mem_ctrl_sub_189.aig

# Subcircuit 190
SUB_ID 190
LO (69):  37071 37073 37081 37097 37102 37113 37116 37118 37130 37138 37142 37154 37157 37168 37176 37186 37237 37243 37251 37259 37261 37272 37273 37284 37287 37291 37305 37370 37380 37394 37406 37409 37434 37440 37444 37461 37478 37483 37494 37498 37504 37520 37526 37530 37536 37542 37552 37558 37568 37574 37596 37635 37636 37654 37715 37726 37727 37732 37734 37794 37800 37819 37848 37945 37966 37980 38018 38030 38052
LI (125):  39 40 216 224 225 300 609 615 617 626 628 643 649 661 663 681 682 779 948 1154 3227 3424 3625 6340 6341 6344 6358 6384 16796 16799 16810 16822 16823 16842 16849 16863 16906 16933 17031 17032 17033 17112 17316 17326 17330 17338 17370 17374 17375 17383 17433 17440 17616 17636 17672 17705 17966 21061 36607 36626 36889 37048 37049 37065 37069 37071 37080 37084 37092 37100 37106 37112 37134 37137 37139 37150 37153 37166 37174 37181 37184 37188 37195 37199 37207 37211 37219 37223 37231 37236 37252 37253 37256 37258 37278 37301 37371 37385 37390 37399 37405 37422 37425 37427 37428 37437 37439 37509 37518 37524 37627 37629 37630 37633 37653 37655 37725 37793 37930 37937 37943 37965 37972 37976 37977
NODE_NUM = 200
FILE mem_ctrl_sub_190.aig

# Subcircuit 191
SUB_ID 191
LO (50):  37670 37680 37687 37693 37701 37702 37708 37725 37807 37817 37828 37847 37915 37928 37930 37937 37943 37949 37961 37965 37972 37977 37983 37993 38009 38022 38027 38067 38224 38257 38265 38279 38298 38312 38316 38320 38324 38329 38333 38335 38339 38380 38399 38410 38414 38426 38452 38476 38479 38511
LI (148):  33 39 40 52 55 56 57 63 71 73 75 121 138 216 223 224 225 229 232 300 333 615 617 663 681 1092 1094 2660 2666 2676 2677 2857 2917 2934 2949 2956 2979 3024 3434 3588 3593 6273 6313 6324 6338 6341 6358 6361 6367 6384 6404 6540 6612 7556 7619 7643 9050 10228 10436 11182 11576 11674 11707 16793 16795 16797 16798 16810 16837 16842 16870 16875 16884 16900 16908 16914 16932 16952 16974 17015 17034 17044 17080 17097 17256 17334 17434 17466 17470 17475 17482 17593 24241 35882 36755 36780 36800 37624 37627 37630 37653 37654 37655 37667 37672 37674 37679 37681 37682 37700 37793 37809 37813 37816 37846 37913 37918 37923 37935 37992 38003 38006 38008 38221 38228 38236 38241 38250 38277 38297 38302 38310 38318 38323 38389 38390 38391 38394 38398 38406 38408 38423 38463 38464 38467 38472 38486 38502
NODE_NUM = 200
FILE mem_ctrl_sub_191.aig

# Subcircuit 192
SUB_ID 192
LO (31):  38502 38513 38515 38545 38553 38588 38595 38625 39792 40551 40556 40580 40587 40594 40639 41022 41335 41347 41351 41364 41383 41444 41603 41623 43343 43384 43904 44149 44151 44285 44286
LI (102):  33 210 212 213 214 215 220 231 237 300 1083 1144 1148 1149 1150 2868 3625 6358 6403 6610 8620 10357 11008 16641 38477 38480 38499 38501 38552 38579 38583 38590 38593 38622 38631 38658 38925 39534 39536 39556 39557 39593 39721 39722 39786 40247 40384 40386 40413 40475 40517 40520 40532 40537 40541 40543 40547 40549 40568 40572 40574 40579 40582 40584 40592 40607 40609 40610 40615 40623 40627 40636 40934 40941 40956 40987 40994 40995 40997 40999 41005 41009 41010 41338 41346 41350 41380 43314 43320 43324 43325 43335 43336 43357 43363 43367 43376 43377 43889 43897 43899 44150
NODE_NUM = 200
FILE mem_ctrl_sub_192.aig

# Subcircuit 193
SUB_ID 193
LO (54):  38579 38633 38677 38730 38776 38787 38825 38834 38840 38864 38882 38925 38927 38943 38944 38947 38972 38991 39003 39050 39058 39069 39093 39095 39161 39266 39301 39329 39370 39379 39410 39443 39444 39455 39487 39534 39536 39571 39612 39661 39668 39674 39676 39677 39706 39756 39757 40197 40208 40383 40941 41574 44242 44252
LI (88):  208 209 212 213 215 220 300 1145 1155 1156 1157 1158 8620 11008 38591 38632 38660 38675 38719 38723 38726 38729 38761 38775 38783 38800 38816 38818 38820 38824 38838 38865 38867 38870 38873 38881 38897 38906 38915 38917 38953 38964 38969 38988 39012 39014 39017 39018 39019 39021 39024 39029 39033 39049 39071 39081 39084 39088 39094 39159 39164 39237 39243 39249 39257 39265 39272 39273 39279 39295 39298 39322 39325 39331 39333 39339 39347 39351 39364 39368 39372 39386 39428 39442 39533 40373 40936 40940
NODE_NUM = 200
FILE mem_ctrl_sub_193.aig

# Subcircuit 194
SUB_ID 194
LO (94):  38596 38602 39556 39593 39819 39835 39836 39841 39842 39925 39927 39931 39932 39933 40073 40074 40097 40102 40104 40106 40109 40110 40295 40298 40301 40336 40337 40340 40349 40353 40356 40359 40361 40362 40363 40398 40399 40400 40406 40420 40498 40503 40506 40517 40520 40537 40541 40547 40562 40568 40574 40579 40584 40600 40607 40609 40610 40612 40615 40623 40627 40664 40665 40712 40722 40729 40816 40822 40946 40948 40956 40957 40960 40976 40977 40978 40984 40990 40995 40999 41389 41400 41409 41425 41453 41636 41645 41730 41736 41927 42323 43940 44101 44106
LI (64):  200 201 208 209 210 212 213 215 220 300 1145 1148 1150 8620 10781 10818 38590 38591 38598 38601 38608 38613 39021 39546 39548 39550 39569 39576 39591 39813 39817 39834 39840 39847 39863 39912 39917 39921 39924 40063 40068 40092 40095 40248 40290 40294 40296 40339 40342 40347 40357 40397 40441 40494 40496 40505 40509 40511 40515 40519 40535 40561 40613 40625
NODE_NUM = 200
FILE mem_ctrl_sub_194.aig

# Subcircuit 195
SUB_ID 195
LO (95):  38598 38601 38605 38607 38622 39548 41023 41048 41049 41051 41052 41056 41060 41061 41063 41064 41074 41075 41090 41091 41099 41102 41109 41110 41117 41123 41124 41126 41152 41155 41157 41159 41168 41173 41177 41182 41183 41186 41187 41210 41226 41240 41242 41243 41255 41256 41292 41293 41333 42586 42618 42620 42625 42627 42645 42692 42724 42725 42732 42733 42736 42752 42770 42774 42776 42830 42902 42906 42933 43099 43132 43137 43165 43303 43325 43335 43376 43377 43439 43514 43583 43669 43678 43681 43689 43735 43737 43783 43784 43788 43805 43814 43852 44277 45325
LI (70):  200 201 212 220 231 244 254 300 1092 1143 1156 1157 1158 8620 16641 38600 38642 38680 39224 39564 40328 40946 41033 41034 41047 41050 41051 41052 41055 41059 41062 41067 41072 41076 41081 41082 41086 41100 41106 41108 41116 41118 41130 41139 41142 41147 41154 41219 41221 41229 41232 41235 41238 41241 41249 41254 41263 41266 41276 41280 41318 41322 41332 42619 42622 43333 43778 43782 43787 43803
NODE_NUM = 194
FILE mem_ctrl_sub_195.aig

# Subcircuit 196
SUB_ID 196
LO (43):  38600 38668 38702 38783 38811 38846 38870 38915 38916 38920 38973 38988 39123 39139 39168 39236 39237 39265 39325 39364 39372 39386 39478 39519 39546 39576 39626 39657 39698 39703 39721 39767 39902 39903 40080 40135 40192 41348 42447 42483 43333 44158 44304
LI (100):  200 201 208 209 210 212 213 214 215 220 231 300 1144 1155 1157 1158 8620 10818 11008 16641 38581 38583 38590 38591 38632 38660 38662 38664 38666 38667 38669 38691 38699 38782 38802 38810 38815 38832 38872 38892 38893 38895 38917 38953 39063 39129 39137 39184 39188 39195 39202 39211 39232 39261 39263 39354 39362 39379 39416 39422 39425 39443 39449 39452 39455 39464 39481 39494 39495 39514 39518 39570 39571 39591 39600 39601 39614 39620 39625 39627 39636 39644 39654 39673 39680 39682 39687 39693 39699 39702 39706 40496 40948 43332 44146 44149 44151 44291 44292 44302
NODE_NUM = 198
FILE mem_ctrl_sub_196.aig

# Subcircuit 197
SUB_ID 197
LO (55):  38699 38719 38752 38761 38771 38775 38781 38782 38797 38814 38818 38820 38862 38914 38917 38964 38996 39024 39157 39159 39160 39243 39249 39347 39368 39408 39409 39416 39422 39425 39428 39494 39625 39627 39638 39644 39682 39702 39781 39782 39801 39802 39803 39961 39985 40008 40024 40040 40055 42559 42861 43190 43218 43578 43791
LI (94):  208 209 210 212 213 215 220 300 1153 1154 1155 1156 1157 1158 8620 10781 11008 11533 38583 38590 38591 38691 38695 38698 38705 38706 38710 38717 38720 38738 38749 38751 38759 38770 38776 38780 38791 38795 38799 38841 38865 38872 38893 38895 38897 38901 38909 38911 38953 38963 38995 39020 39023 39152 39155 39178 39200 39240 39248 39333 39339 39388 39401 39410 39414 39420 39492 39620 39621 39632 39639 39657 39674 39722 39727 39733 39738 39745 39747 39762 39765 39769 39774 39972 39974 39977 39991 39993 39994 39996 39997 40002 40047 40053
NODE_NUM = 200
FILE mem_ctrl_sub_197.aig

# Subcircuit 198
SUB_ID 198
LO (66):  38705 38709 38710 39039 39108 39118 39148 39149 39175 39179 39272 39295 39298 39570 39834 39858 39906 39921 39924 39972 39974 39977 39991 39994 40002 40121 40264 40266 40271 40282 40285 40286 40287 40288 40289 40290 40341 40342 40346 40347 40371 40431 40441 40453 40582 40655 40781 40784 40792 40796 40797 40798 40823 40830 40833 40846 40876 40879 41371 41913 41942 42040 42045 42436 42463 43976
LI (94):  208 209 212 213 215 220 300 1148 1149 1150 1153 1154 1155 8620 10781 10818 11008 13221 38581 38583 38591 38662 38697 38708 38832 38865 38881 38958 39101 39104 39115 39146 39270 39289 39291 39393 39396 39408 39409 39478 39479 39487 39488 39817 39821 39828 39849 39852 39856 39873 39874 39880 39890 39894 39895 39905 39918 39940 39947 39950 39961 40047 40053 40117 40120 40247 40260 40263 40281 40334 40340 40345 40394 40396 40401 40402 40406 40413 40418 40420 40422 40434 40436 40440 40447 40452 40650 40653 40779 40793 40816 40820 40822 40832
NODE_NUM = 198
FILE mem_ctrl_sub_198.aig

# Subcircuit 199
SUB_ID 199
LO (65):  38717 38722 38723 38726 38838 38901 38963 38969 39155 39232 39257 39261 39263 39322 39354 39362 39388 39488 39492 39495 39654 39727 39747 39800 39813 39821 40387 40389 40394 40396 40434 40452 40486 40613 41217 41218 41219 41221 41318 41322 41380 41675 42488 42784 42817 42886 42908 42968 42980 42985 42990 43001 43006 43192 43197 43234 43241 43249 43270 43622 43623 43780 44081 45400 45460
LI (115):  208 209 212 213 214 215 220 231 254 255 264 268 300 1092 1149 1151 1153 1155 1157 1158 8620 10781 10818 11606 38583 38590 38669 38712 38713 38716 38720 38721 38725 38743 38802 38832 38836 38895 38962 38967 39021 39103 39154 39178 39202 39221 39226 39228 39255 39267 39353 39359 39487 39601 39650 39725 39799 39803 39807 39812 40248 40295 40327 40386 40392 40413 40433 40483 40735 41152 41216 41305 41311 41317 41378 41909 41918 42202 42395 42403 42406 42440 42443 42447 42477 42483 42487 42555 42556 42561 42564 42583 42710 42715 42721 42730 42739 42750 42753 42754 42765 42778 42780 42787 42790 42797 42815 42860 42875 42881 42902 42903 42906 42972 42978
NODE_NUM = 200
FILE mem_ctrl_sub_199.aig

# Subcircuit 200
SUB_ID 200
LO (53):  38725 38728 38729 38751 38906 38909 39115 39137 39192 39195 39200 39202 39211 39225 39226 39339 39353 39401 39569 39591 39614 39632 39636 39650 39673 39687 39699 39733 39762 39765 39774 39828 39837 39839 39840 39888 39890 39894 39895 40221 40308 40313 40321 40673 40675 40676 41660 41947 42396 42397 42815 42875 43298
LI (108):  200 201 208 209 210 212 213 214 215 220 231 255 264 300 1154 1155 1157 1158 1159 8620 10781 10818 10975 11533 38581 38583 38608 38648 38658 38660 38721 38722 38727 38799 38823 38865 38872 38881 38895 38904 38927 39132 39134 39154 39191 39198 39210 39224 39239 39255 39277 39393 39397 39435 39564 39588 39589 39606 39612 39634 39644 39666 39668 39685 39703 39725 39730 39752 39760 39826 39838 39884 39887 39889 39893 40139 40161 40163 40192 40197 40213 40218 41218 41317 42620 42622 42774 42803 42810 42814 42870 43183 43201 43207 43209 43225 43226 43235 43241 43248 43255 43259 43264 43273 43279 43284 43291 43296
NODE_NUM = 200
FILE mem_ctrl_sub_200.aig

# Subcircuit 201
SUB_ID 201
LO (90):  38738 38742 38749 38759 38816 38836 38897 38904 39129 39132 39188 39191 39198 39331 39359 39481 39730 39873 41050 41065 41066 41067 41070 41072 41081 41082 41136 41144 41206 41223 41229 41254 41263 41291 41299 42583 42587 42608 42616 42622 42632 42635 42637 42664 42665 42682 42721 42730 42739 42742 42750 42753 42765 42778 42787 42803 42810 42826 42827 42839 42870 42881 42894 42899 42911 42937 42940 42971 42972 42978 42989 42991 43000 43089 43094 43121 43122 43144 43166 43186 43221 43248 43291 43459 43472 43512 43603 43671 43719 45440
LI (83):  208 209 212 220 244 254 255 300 1092 1152 1153 1154 1155 1156 1157 8620 11543 11605 11606 13224 38652 38695 38708 38709 38713 38736 38757 38780 38791 38795 38893 39123 39186 39479 39722 39865 40068 41023 41032 41041 41056 41061 41062 41079 41222 41227 41240 42551 42571 42574 42582 42619 42634 42662 42724 42725 42732 42733 42736 42744 42745 42749 42752 42754 42762 42770 42777 42802 42806 42865 42878 42886 42888 42890 42895 42908 42946 42949 42952 42962 42973 42977 42985
NODE_NUM = 199
FILE mem_ctrl_sub_201.aig

# Subcircuit 202
SUB_ID 202
LO (75):  38757 38791 38795 38823 38824 38995 39023 39049 39094 39101 39143 39146 39817 39838 40063 40250 40251 40252 40255 40310 40317 40319 40323 40324 40433 40447 40473 40474 40482 40592 40680 40771 40786 40787 40804 40806 40812 40813 41232 41234 41266 41317 41332 41652 41657 41744 41759 41933 41982 42359 42395 42571 42710 42712 42749 42973 43010 43207 43209 43225 43279 43558 43569 43570 43636 43638 43658 43778 43815 44232 45358 45434 45485 45496 45507
LI (129):  200 210 212 213 214 215 220 231 254 268 269 273 276 284 300 926 1092 1148 1150 1151 1153 1154 1155 1156 1157 8620 10781 10972 10975 11008 11543 16641 38581 38590 38593 38691 38695 38696 38698 38708 38712 38751 38802 38822 39001 39020 39042 39044 39100 39816 39839 40060 40246 40249 40308 40313 40321 40445 40470 41110 41217 41230 41265 41326 41331 42301 42348 42356 42360 42374 42376 42385 42386 42568 42569 42709 42747 42817 42911 42997 43008 43196 43202 43204 43222 43278 43538 43539 43542 43550 43562 43575 43578 43587 43600 43607 43626 43627 43631 43632 43643 43649 43656 43776 43809 43814 44177 44188 44208 44226 44231 45324 45328 45347 45350 45351 45353 45416 45419 45433 45478 45480 45481 45489 45491 45492 45500 45502 45503
NODE_NUM = 198
FILE mem_ctrl_sub_202.aig

# Subcircuit 203
SUB_ID 203
LO (34):  39104 39134 39153 39912 39917 40092 40095 40386 40413 40559 40561 40650 40651 40683 40717 40763 41378 41486 41556 41562 41579 41583 41608 41790 41816 41829 41835 41888 42035 42130 42300 42440 42790 42952
LI (108):  201 208 209 212 213 214 215 220 231 1092 1148 1149 1150 1151 1152 1153 1155 8620 11606 16641 38583 38590 38698 38822 38841 38881 39103 39112 39133 39152 39178 39910 39927 40091 40102 40104 40106 40109 40385 40391 40410 40483 40665 40681 40712 40748 40762 40781 41374 41376 41462 41463 41465 41468 41470 41485 41555 41569 41570 41578 41581 41607 41782 41785 41800 41813 41815 41820 41823 41833 41885 41926 41977 41981 41982 42001 42013 42029 42034 42037 42040 42046 42048 42053 42078 42106 42109 42110 42116 42117 42120 42123 42174 42191 42205 42227 42234 42237 42248 42257 42261 42274 42290 42295 42299 42433 42437 42788
NODE_NUM = 198
FILE mem_ctrl_sub_203.aig

# Subcircuit 204
SUB_ID 204
LO (73):  39154 39186 39210 39221 39239 39240 39248 39277 39279 39289 39317 39320 39435 39442 39464 39514 39518 39533 39798 39826 39947 39950 40224 40236 40241 40373 40385 40391 40392 40402 40422 40436 40440 40445 40457 40467 40856 40859 40873 40936 40940 41376 41482 41483 41485 41507 41514 41517 41539 41542 41548 41549 41551 41569 41594 41616 41655 41668 41709 41715 41721 41806 41839 41845 41848 41858 41867 41908 42066 42348 42381 42802 42878
LI (99):  201 208 209 212 213 214 215 220 231 235 236 300 1146 1149 1151 1152 1155 8620 10818 10975 11533 36283 38590 38591 38593 38653 38708 38780 38798 38802 38822 38841 38842 38953 39113 39153 39157 39178 39185 39206 39219 39276 39287 39310 39313 39315 39370 39431 39432 39437 39438 39440 39506 39511 39556 39557 39599 39797 39806 39823 39837 39900 40085 40228 40317 40323 40372 40377 40380 40384 40397 40456 40464 40675 40852 41419 41462 41481 41498 41506 41508 41514 41522 41526 41527 41529 41530 41537 41546 41550 41648 41649 41653 41656 41657 41660 42302 42339 42345
NODE_NUM = 200
FILE mem_ctrl_sub_204.aig

# Subcircuit 205
SUB_ID 205
LO (83):  39550 39588 39589 39599 39600 39620 39639 39666 39680 39685 39738 39745 39752 39760 39769 39786 39797 39799 39806 39807 39816 39847 39849 39856 39863 39864 39918 40060 40079 40085 40089 40496 40509 40689 40690 40692 40696 40697 40751 40809 40810 40811 40890 40892 41235 41462 41463 41465 41468 41470 41481 41555 41570 41578 41581 41607 41612 41672 41677 41755 41782 41785 41800 41833 41836 41854 41883 41885 41998 41999 42001 42018 42080 42086 42713 43201 43202 43539 43562 43587 43600 43953 44146
LI (125):  200 201 208 209 212 213 215 220 231 300 1092 1146 1148 1149 1150 1151 1153 1154 1155 1156 1157 1158 1159 8620 10781 13221 16641 38581 38591 38593 38608 38613 38643 38647 38662 38697 38698 38713 38730 38769 38776 38825 38832 38925 38958 38959 39020 39100 39133 39224 39291 39580 39585 39588 39596 39619 39626 39661 39662 39676 39677 39698 39737 39743 39756 39757 39767 39781 39782 39796 39814 39846 39855 39861 40053 40081 40359 40483 40688 40691 40725 40806 40807 41234 41256 41276 41409 41418 41419 41452 41453 41455 41457 41483 41574 41636 41669 41740 41751 41872 41873 41875 41878 41997 42712 43186 43190 43192 43199 43200 43556 43561 43569 43585 43589 43594 43911 43923 43924 43927 43933 43952 44131 44135 44139
NODE_NUM = 200
FILE mem_ctrl_sub_205.aig

# Subcircuit 206
SUB_ID 206
LO (63):  39846 39852 39855 39861 39874 39887 39900 39901 39905 39910 39940 40012 40013 40042 40053 40081 40091 40117 40120 40131 40161 40163 40213 40218 40223 40228 40245 40246 40327 40330 40464 40688 40691 40707 40732 40747 40748 40762 40793 40884 40896 40924 41703 41713 41935 41946 41950 41951 41977 42029 42116 42123 42139 42140 42174 42191 42205 42227 42290 42301 42552 43088 44617
LI (138):  208 209 210 212 213 214 215 220 231 239 240 300 1148 1149 1150 1151 1152 1153 1154 8620 10781 10819 10972 11008 11533 13221 16641 38581 38583 38590 38613 38662 38698 38799 38872 38892 38953 38958 38991 39021 39043 39069 39100 39109 39111 39162 39185 39255 39312 39585 39662 39811 39880 39900 39903 40009 40012 40014 40041 40079 40080 40115 40133 40135 40144 40149 40153 40155 40158 40159 40160 40206 40208 40215 40221 40244 40252 40282 40329 40362 40397 40398 40698 40700 40705 40729 40746 40750 40751 40758 40760 40882 40895 40909 40920 41418 41692 41695 41696 41709 41710 41923 41932 41934 41940 41943 41949 41952 41954 41958 41970 41974 42006 42015 42019 42020 42022 42023 42155 42163 42165 42167 42182 42184 42200 42204 42212 42224 42282 42283 42286 43063 43066 43068 43069 43081 44614 44615
NODE_NUM = 200
FILE mem_ctrl_sub_206.aig

# Subcircuit 207
SUB_ID 207
LO (67):  40249 40260 40263 40294 40296 40329 40345 40372 40377 40380 40418 40494 40705 40760 40831 40832 40908 41452 41454 41455 41457 41498 41506 41526 41527 41530 41537 41546 41590 41599 41618 41620 41643 41669 41695 41696 41751 41793 41796 41813 41823 41892 41909 41918 41923 41970 41974 42013 42015 42037 42053 42078 42106 42109 42119 42120 42141 42155 42163 42234 42237 42248 42257 42261 42282 42286 44105
LI (107):  200 201 208 209 212 213 215 220 300 1147 1148 1149 1150 1151 1152 1153 8620 10781 13221 38581 38583 38590 38591 38593 38613 38708 38769 38770 38927 38953 39021 39192 39585 39814 39877 40041 40247 40248 40257 40259 40262 40266 40285 40288 40291 40293 40295 40328 40347 40397 40475 40503 40760 40792 40813 40832 40891 41404 41429 41453 41514 41539 41548 41574 41594 41616 41636 41693 41747 41806 41908 41911 41914 41917 41919 41922 41927 41935 41951 41962 41966 41969 41972 42011 42012 42047 42048 42064 42069 42082 42094 42101 42107 42146 42147 42152 42202 42230 42233 42236 42251 42253 42278 42279 43779 44095 44104
NODE_NUM = 200
FILE mem_ctrl_sub_207.aig

# Subcircuit 208
SUB_ID 208
LO (57):  40357 40384 40401 40410 40483 40625 40643 40653 40681 40698 40700 40724 40734 40746 40750 40758 40777 40790 40820 40852 40882 40891 40920 40932 40934 40987 41280 41374 41388 41391 41401 41408 41740 41747 41779 41926 41932 41966 42048 42101 42165 42167 42224 42278 42295 42339 42371 42551 42555 42977 43803 43952 44054 44177 44188 44231 44613
LI (141):  210 212 213 214 215 220 231 241 242 243 273 276 284 300 1092 1148 1149 1150 1151 1152 1153 1154 1155 8620 11008 11010 11543 13221 38658 38770 38799 38810 38953 38958 39585 39725 39819 39836 39837 39838 39841 39880 39888 40041 40068 40073 40085 40097 40250 40264 40298 40308 40310 40323 40336 40341 40353 40356 40383 40399 40400 40406 40473 40474 40475 40482 40664 40673 40676 40680 40684 40689 40690 40692 40696 40697 40722 40729 40745 40771 40786 40787 40822 40851 40876 40879 40890 40912 40917 40956 40957 40960 40968 40978 40986 41240 41371 41389 41400 41419 41634 41730 41736 41744 41759 41766 41776 41924 41927 41931 42099 42164 42219 42276 42363 42366 42370 42552 42745 43794 43799 43940 43943 43951 43975 43989 43997 44024 44032 44042 44050 44052 44164 44167 44168 44175 44180 44185 44558 44561 44612
NODE_NUM = 194
FILE mem_ctrl_sub_208.aig

# Subcircuit 209
SUB_ID 209
LO (81):  40968 40986 40994 41025 41032 41033 41034 41036 41041 41043 41047 41053 41055 41059 41062 41078 41079 41092 41096 41106 41118 41120 41121 41130 41139 41142 41147 41153 41154 41165 41193 41194 41195 41216 41305 42590 42591 42596 42607 42609 42611 42615 42626 42644 42649 42655 42671 42678 42696 42698 42699 42703 42818 42843 42892 42914 42915 42931 43091 43135 43136 43143 43151 43477 43491 43497 43660 43664 43684 43708 43752 43759 43764 43907 43911 43924 44059 44061 44070 44234 44241
LI (65):  82 84 86 200 201 212 220 244 254 272 274 277 300 315 803 1092 1154 1156 1157 1158 8620 38591 38642 38927 38962 39564 40956 40957 40984 40990 41023 41049 41051 41052 41060 41061 41065 41070 41091 41100 41102 41117 41124 41126 41137 41145 41157 41159 41168 41173 41177 41183 41187 41199 41206 41210 41291 41292 41293 41303 42588 42593 42598 42605 42608
NODE_NUM = 199
FILE mem_ctrl_sub_209.aig

# Subcircuit 210
SUB_ID 210
LO (33):  41076 41100 41108 41137 41145 41199 42593 42605 42651 42709 42860 42946 43183 43538 43666 43667 43672 43686 43694 43704 43706 43711 43712 43717 43721 43724 43730 43732 43747 43768 43770 44191 44194
LI (106):  212 220 244 254 255 264 268 269 1152 1153 1154 1155 1156 1157 8620 38651 38652 38678 41032 41033 41048 41049 41051 41056 41061 41063 41064 41065 41074 41075 41099 41136 41144 41217 42611 42626 42638 42639 42648 42649 42655 42668 42671 42686 42692 42703 42705 42826 42827 42835 42837 42839 42846 42847 42852 42914 42919 42922 42925 42930 42931 42932 42933 42940 43090 43091 43094 43096 43099 43104 43118 43119 43122 43125 43130 43182 43453 43455 43459 43466 43481 43483 43494 43497 43498 43500 43504 43524 43526 43659 43660 43664 43669 43671 43679 43680 43681 43684 43693 43700 43701 43702 43708 43709 43719 43723
NODE_NUM = 190
FILE mem_ctrl_sub_210.aig

# Subcircuit 211
SUB_ID 211
LO (74):  41227 41241 41249 41303 41311 41331 41334 41350 41416 41427 41437 41522 41550 41632 41649 41653 41683 41692 41693 41776 41846 41859 41872 41873 41875 41878 41906 41914 41934 41943 41949 41952 41954 41958 41981 41997 42006 42012 42019 42020 42046 42047 42064 42069 42082 42094 42099 42107 42110 42136 42146 42164 42182 42184 42204 42212 42219 42230 42233 42253 42274 42276 42279 42370 42386 43923 43927 44032 44072 44077 44078 44090 44175 44261
LI (155):  58 200 201 212 213 215 220 231 245 246 247 248 300 1092 1147 1148 1149 1150 1151 1152 1153 1157 1158 6461 8620 11008 11604 13221 16641 38583 38713 38881 38958 38959 40015 40248 40251 40264 40286 40287 40289 40305 40319 40323 40337 40349 40361 40362 40371 40433 40458 40470 40600 40612 40676 40684 40692 40725 40735 40747 40786 40797 40809 40831 40976 40977 40978 41110 41226 41230 41234 41240 41243 41299 41300 41307 41308 41348 41388 41391 41400 41408 41409 41411 41425 41429 41482 41498 41507 41549 41636 41652 41677 41678 41692 41722 41771 41774 41839 41840 41845 41858 41867 41871 41911 41913 41924 41933 41942 41946 41947 41950 41951 41978 41980 41998 41999 42005 42018 42045 42059 42066 42080 42085 42086 42089 42139 42140 42141 42175 42176 42178 42202 42267 42270 42272 43850 43907 43911 43917 43922 43924 44026 44027 44056 44059 44061 44070 44075 44081 44089 44174 44234 44250 44260
NODE_NUM = 200
FILE mem_ctrl_sub_211.aig

# Subcircuit 212
SUB_ID 212
LO (59):  42236 42251 42299 42315 42316 42320 42332 42345 42356 42363 42366 42372 42385 42403 42406 42433 42437 42443 42477 42487 42492 42506 42508 42527 42531 42537 42543 42545 42556 42561 42564 42568 42569 42582 43016 43022 43028 43034 43040 43047 43054 44695 47236 47439 47472 47557 47576 47686 47718 47750 47795 47884 47926 48203 48242 48278 48344 48473 48836
LI (163):  58 200 201 209 212 213 215 220 231 249 250 252 253 256 257 258 259 260 261 262 300 477 898 980 985 1002 1040 1054 1093 1152 1153 6330 6333 6358 6361 6367 6384 6461 6609 6620 6621 7486 8620 9122 10972 11007 11142 11604 11606 11607 11709 38669 38752 38841 38953 39061 39148 39166 39176 39182 39225 39228 39510 39511 39902 39925 39932 39961 40047 40068 40097 40236 40247 40266 40271 40346 40347 40359 40482 40684 40692 40747 40796 40804 40810 40816 40856 41652 41978 42119 42139 42302 42308 42310 42323 42327 42349 42350 42351 42355 42379 42381 42384 42396 42397 42398 42423 42432 42436 42462 42463 42467 42474 42476 42502 42503 42513 42519 42522 42559 43013 43019 43025 43031 43037 43044 43051 44693 46912 46957 47215 47216 47235 47423 47438 47456 47471 47544 47556 47560 47575 47670 47685 47702 47717 47734 47749 47794 47879 47882 47921 47924 48199 48201 48236 48241 48270 48273 48276 48343 48465 48468 48471
NODE_NUM = 200
FILE mem_ctrl_sub_212.aig

# Subcircuit 213
SUB_ID 213
LO (55):  42588 42598 42619 42634 42638 42639 42648 42662 42668 42686 42705 42715 42744 42745 42747 42754 42777 42797 42806 42814 42835 42837 42846 42847 42852 42865 42888 42895 42903 42919 42949 42962 42997 43182 43255 43259 43453 43466 43481 43494 43542 43626 43659 43679 43680 43700 43701 43709 43723 43776 43975 44024 44075 44226 44612
LI (140):  212 220 231 254 255 264 268 269 276 284 1092 1148 1149 1150 1151 1152 1153 1154 1155 1156 8620 11543 11606 38652 38669 38697 39043 39314 39961 40215 41032 41049 41055 41059 41090 41109 41121 41123 41155 41182 41186 41193 41195 41217 41218 41230 41243 42586 42587 42590 42591 42596 42607 42615 42616 42618 42622 42625 42626 42627 42632 42637 42644 42645 42664 42665 42667 42678 42682 42696 42712 42713 42742 42776 42795 42796 42805 42818 42820 42827 42830 42832 42833 42843 42861 42892 42894 42899 42915 42918 42961 42989 42990 42991 43164 43169 43172 43175 43253 43452 43475 43477 43486 43491 43493 43613 43614 43624 43676 43678 43679 43731 43732 43741 43748 43755 43757 43759 43765 43770 43772 43963 43964 43972 44012 44014 44017 44020 44209 44214 44223 44570 44573 44587 44589 44595 44597 44602 44605 44609
NODE_NUM = 200
FILE mem_ctrl_sub_213.aig

# Subcircuit 214
SUB_ID 214
LO (65):  42918 42922 42961 43008 43013 43019 43025 43031 43037 43044 43051 43063 43066 43068 43069 43081 43090 43096 43104 43118 43119 43125 43320 43363 43367 43498 43860 43889 43897 43899 44135 44139 44515 44554 44614 44615 47215 47282 47343 47361 47416 47423 47456 47521 47560 47631 47667 47670 47702 47734 47834 48016 48054 48099 48168 48312 48382 48561 49101 49155 49347 49375 49380 49406 49412
LI (128):  124 200 201 209 212 220 229 231 263 285 300 847 863 1037 1038 1041 1045 1049 1050 1060 1063 1066 1068 1070 1071 1073 1085 1092 1094 1135 1140 1143 1144 1154 1155 1156 1157 16641 38608 38643 38647 38678 39801 39878 40328 41066 41074 41078 41120 41126 41165 41194 43000 43001 43006 43043 43050 43062 43064 43079 43089 43094 43115 43310 43314 43347 43352 43362 43366 43497 43823 43824 43828 43859 43864 43866 43874 43888 43891 43894 44121 44126 44134 44138 44478 44480 44487 44514 44519 44522 44533 44538 44551 47277 47280 47330 47342 47356 47359 47403 47415 47508 47520 47618 47630 47654 47666 47830 47832 48010 48015 48048 48053 48093 48098 48162 48167 48306 48311 48378 48380 48555 48560 49346 49373 49379 49404 49411
NODE_NUM = 200
FILE mem_ctrl_sub_214.aig

# Subcircuit 215
SUB_ID 215
LO (42):  43115 43164 43169 43172 43175 43196 43199 43204 43222 43226 43235 43253 43264 43273 43278 43284 43296 43310 43314 43324 43332 43336 43347 43352 43357 43362 43366 43451 43823 43828 43859 43888 43894 44126 44138 44250 44291 44302 44434 44453 44468 44522
LI (107):  200 201 212 220 231 265 266 300 797 820 1092 1135 1137 1142 1145 1155 1157 8620 11007 16641 38643 38647 38648 38713 38723 38727 38728 38769 39276 39638 40068 40328 41025 41036 41041 41053 41055 41064 41082 41092 41096 41218 41234 42587 42725 42774 42937 42980 43132 43135 43136 43137 43140 43143 43144 43147 43151 43153 43158 43165 43166 43170 43197 43218 43221 43234 43248 43249 43262 43268 43270 43295 43301 43303 43325 43346 43356 43360 43387 43394 43406 43411 43417 43423 43424 43439 43783 43817 43820 43826 43834 43843 43850 43857 43880 43882 44121 44241 44244 44245 44265 44270 44279 44283 44285 44288 44296
NODE_NUM = 198
FILE mem_ctrl_sub_215.aig

# Subcircuit 216
SUB_ID 216
LO (51):  43387 43394 43406 43411 43417 43423 43424 43455 43475 43486 43524 43526 43550 43556 43561 43575 43585 43589 43594 43607 43614 43624 43631 43643 43649 43656 43693 43702 43731 43741 43748 43755 43765 43782 43787 43964 43972 43986 43989 44037 44052 44159 44166 44184 44209 44214 44373 44432 44476 44570 44587
LI (132):  200 201 212 220 231 267 268 284 300 949 1092 1135 1136 1148 1149 1150 1151 1152 1153 1155 1156 8620 13222 16641 38652 38660 38713 38771 38781 38818 39111 39143 39225 39800 39802 39803 41025 41036 41043 41051 41059 41064 41079 41082 41092 41123 41153 41155 41223 42587 42609 42622 42635 42651 42698 42699 42725 42971 42980 43121 43144 43404 43406 43454 43472 43474 43477 43512 43514 43516 43517 43525 43539 43547 43555 43558 43565 43570 43571 43583 43603 43605 43620 43622 43623 43636 43638 43644 43655 43689 43690 43704 43721 43730 43735 43737 43747 43752 43764 43779 43780 43968 43981 43984 44036 44339 44341 44342 44346 44350 44355 44356 44358 44370 44400 44409 44413 44417 44423 44429 44434 44440 44444 44450 44453 44461 44468 44469 44569 44577 44580 44581
NODE_NUM = 192
FILE mem_ctrl_sub_216.aig

# Subcircuit 217
SUB_ID 217
LO (59):  43794 43799 43809 43817 43820 43997 44026 44048 44050 44164 44180 44469 44478 44480 44519 44557 47247 47248 47251 47254 47261 47298 47301 47326 47379 47399 47447 47453 47485 47504 47540 47594 47614 47650 47699 47731 47768 47808 47851 47853 47899 47934 47941 48034 48062 48068 48073 48116 48131 48185 48220 48254 48259 48294 48324 48329 48350 48487 48799
LI (114):  200 201 269 624 740 742 743 746 747 750 752 753 754 755 756 757 758 759 760 761 762 765 767 768 769 775 790 799 801 802 814 817 845 860 861 868 872 873 877 1092 1135 1136 1137 1138 1139 1150 1151 1152 1153 16641 42762 43788 43791 43797 43805 43980 44161 44179 44517 44555 47246 47258 47297 47318 47323 47376 47391 47396 47444 47451 47477 47483 47496 47501 47532 47537 47591 47602 47606 47608 47642 47647 47691 47697 47723 47729 47760 47765 47800 47806 47840 47846 47890 47896 47931 47938 48026 48031 48066 48072 48108 48113 48123 48129 48177 48182 48209 48215 48252 48258 48284 48291 48322 48328
NODE_NUM = 200
FILE mem_ctrl_sub_217.aig

# Subcircuit 218
SUB_ID 218
LO (64):  43824 43826 43834 43843 43857 43864 43866 43874 43880 43891 43917 43922 43933 43943 43951 43963 43980 43981 43983 43984 44012 44014 44027 44042 44056 44089 44095 44104 44110 44121 44131 44134 44150 44161 44167 44185 44208 44244 44245 44258 44260 44270 44283 44292 44296 44370 44444 44450 44461 44487 44514 44517 44538 44551 44555 44569 44573 44577 44581 44589 44595 44602 44605 45520
LI (111):  72 200 201 212 220 231 270 271 275 276 284 660 806 818 1092 1138 1139 1140 1141 1146 1147 1148 1149 1150 1151 1152 8620 10972 11007 11607 13225 16641 38596 38598 38658 38669 39533 40244 40328 40387 40398 40498 41025 41036 41195 41242 41255 41454 41669 42620 42774 42968 43325 43666 43667 43672 43686 43694 43706 43711 43712 43717 43724 43768 43779 43783 43784 43842 43850 43852 43855 43856 43863 43879 43920 43956 43961 43976 43982 43986 44005 44009 44010 44037 44101 44106 44120 44130 44131 44159 44166 44184 44191 44194 44197 44198 44205 44242 44252 44259 44265 44338 44368 44449 44495 44500 44506 44508 44512 44544 44601
NODE_NUM = 200
FILE mem_ctrl_sub_218.aig

# Subcircuit 219
SUB_ID 219
LO (60):  44259 44265 44279 44288 44338 44339 44341 44342 44346 44350 44355 44356 44358 44368 44400 44409 44413 44417 44423 44429 44440 44449 44495 44506 44533 44544 44618 44820 44833 44836 44839 44854 44857 44860 44866 44869 44882 44897 44900 44903 44921 45069 45141 45149 45233 45239 45245 45248 45254 45260 45263 45299 45314 48052 48200 48240 48272 48342 48882 49065
LI (90):  200 201 212 220 231 265 278 279 280 281 282 283 300 319 320 325 326 327 329 330 332 334 335 336 341 342 391 821 831 837 915 959 977 1041 1044 1058 1059 1064 1066 1070 1073 1075 1087 1092 1133 1134 1136 3425 8620 10578 10972 13222 16641 38658 38669 39585 40245 40328 41025 41036 41242 41255 42725 42774 42788 43852 44258 44264 44277 44286 44307 44330 44376 44384 44386 44389 44390 44395 44397 44428 44448 44494 44505 44532 44543 44875 44878 44916 47196 48874
NODE_NUM = 200
FILE mem_ctrl_sub_219.aig

# Subcircuit 220
SUB_ID 220
LO (84):  44655 44680 44683 44686 44689 44692 44693 44698 44701 44704 44706 44729 44740 44748 44751 44754 44757 44760 44763 44766 44770 44775 44784 44806 44815 44872 44878 44883 44916 44924 44927 44930 44933 44936 44939 44942 44945 44948 44951 44954 44957 44960 44963 44966 44969 44972 44975 44978 44981 44984 44985 44990 44993 44999 45002 45005 45011 45020 45023 45029 45035 45038 45041 45044 45047 45050 45053 45056 45059 45062 45065 45222 45258 45267 45339 45350 45414 45433 45454 45474 45480 45491 45502 49420
LI (144):  55 223 272 288 291 292 293 294 295 296 297 298 299 304 305 306 307 308 309 310 314 331 332 333 341 342 343 344 345 346 347 348 349 350 351 352 353 354 355 356 357 358 359 360 361 362 363 458 477 479 834 924 926 927 935 938 942 943 955 1036 1038 1040 1043 1044 1045 1046 1049 1050 1054 1056 1060 1063 1064 1068 1069 1070 1072 1073 1077 1080 1082 1085 1088 1148 3257 3286 3434 3465 3481 8239 10323 11162 13312 13333 16641 44656 44728 44733 44821 44828 44870 44871 44956 44988 44991 44997 45000 45003 45009 45018 45021 45027 45033 45036 45039 45042 45045 45048 45051 45054 45057 45060 45063 45220 45256 45265 45335 45337 45349 45407 45409 45410 45429 45430 45447 45449 45450 45467 45469 45470 45479 45490 45501 49419
NODE_NUM = 200
FILE mem_ctrl_sub_220.aig

# Subcircuit 221
SUB_ID 221
LO (86):  44987 44988 44991 44996 44997 45000 45003 45008 45009 45014 45017 45018 45021 45026 45027 45032 45033 45036 45039 45042 45045 45048 45051 45054 45057 45060 45063 45068 45071 45074 45077 45080 45083 45086 45089 45092 45095 45098 45101 45104 45107 45110 45113 45116 45119 45122 45125 45128 45131 45134 45137 45140 45144 45147 45150 45153 45156 45159 45162 45165 45168 45171 45174 45177 45180 45183 45186 45189 45192 45195 45198 45201 45204 45207 45210 45213 45216 45219 45220 45225 45228 45237 45252 45306 45309 45312
LI (126):  364 365 366 367 368 369 370 371 372 373 374 375 376 377 378 379 380 381 382 383 384 385 386 387 388 389 390 392 393 394 395 396 397 398 399 400 401 402 403 404 405 406 407 408 409 410 411 412 413 414 415 416 417 418 419 420 421 422 423 424 425 426 427 428 429 430 431 432 433 434 435 436 437 438 439 440 441 442 443 1036 1037 1038 1040 1043 1046 1048 1049 1050 1052 1054 1056 1058 1060 1063 1068 1069 1071 1072 1075 1077 1079 1080 1081 1082 1085 1088 44821 44828 44833 44985 44986 44995 45007 45013 45016 45025 45069 45141 45149 45224 45227 45235 45250 45304 45307 45310
NODE_NUM = 200
FILE mem_ctrl_sub_221.aig

# Subcircuit 222
SUB_ID 222
LO (70):  45231 45234 45235 45240 45243 45246 45249 45250 45255 45256 45261 45264 45265 45270 45294 45297 45300 45303 45304 45307 45310 45315 45317 45320 45326 45330 45345 45351 45353 45367 45391 45407 45409 45410 45416 45419 45429 45430 45447 45449 45450 45467 45469 45470 45478 45479 45481 45489 45490 45492 45500 45501 45503 45508 45512 45521 45524 45776 46079 46081 46895 46901 46907 46911 46921 46924 46928 46964 49457 49458
LI (125):  72 249 254 255 264 268 333 444 445 446 447 448 449 450 451 452 453 454 455 456 457 459 460 461 462 463 464 465 482 560 584 595 596 597 598 600 601 602 606 805 807 811 816 822 923 924 926 927 932 937 942 943 944 991 1045 1150 1151 1153 1154 1155 1156 1157 1158 3286 5972 8620 9060 10307 10311 10322 10357 11608 17243 17245 34937 43796 44726 44737 44788 44821 44828 44833 45141 45233 45239 45242 45245 45248 45254 45260 45263 45277 45281 45286 45292 45296 45299 45302 45314 45316 45318 45324 45325 45328 45343 45344 45363 45390 45398 45400 45404 45405 45418 45438 45440 45444 45445 45458 45460 45464 45465 45775 46077 46894 46927
NODE_NUM = 197
FILE mem_ctrl_sub_222.aig

# Subcircuit 223
SUB_ID 223
LO (22):  45527 45530 45531 45554 45557 45560 45561 45566 45575 45688 45691 45732 45738 45765 45779 45797 45911 46495 46496 46498 46500 46888
LI (57):  234 236 238 239 241 243 245 246 248 250 483 484 485 487 490 495 499 532 533 550 553 557 567 569 578 581 34953 35077 45552 45555 45558 45564 45730 45736 45777 46471 46477 46480 46481 46482 46485 46488 46691 46694 46722 46743 46746 46749 46751 46752 46753 46754 46757 46759 46774 46778 46789
NODE_NUM = 199
FILE mem_ctrl_sub_223.aig

# Subcircuit 224
SUB_ID 224
LO (27):  45536 45539 45542 45545 45548 45617 45626 45629 45632 45635 45638 45744 45747 45750 45753 45759 45788 45946 45949 46012 46062 46077 46201 46205 46211 46225 46235
LI (60):  235 236 240 241 243 245 246 247 248 249 482 486 487 488 489 505 507 509 510 511 513 514 516 534 535 536 538 559 560 580 34937 36273 45546 45630 45636 45742 45745 45748 45751 45757 45786 45945 45947 46025 46028 46030 46032 46037 46039 46042 46044 46068 46070 46074 46080 46082 46106 46112 46119 46127
NODE_NUM = 196
FILE mem_ctrl_sub_224.aig

# Subcircuit 225
SUB_ID 225
LO (31):  45546 45551 45552 45555 45558 45564 45567 45570 45578 45581 45587 45590 45712 45715 45718 45721 45735 45756 46305 46422 46430 46434 46435 46441 46444 46451 46474 46475 46476 46477 46480
LI (48):  236 240 241 242 243 245 246 247 248 490 491 492 493 494 496 497 498 500 501 503 520 540 541 542 543 582 583 585 586 587 35069 35077 36273 45588 45733 45754 46256 46259 46262 46265 46268 46269 46270 46280 46308 46311 46314 46333
NODE_NUM = 194
FILE mem_ctrl_sub_225.aig

# Subcircuit 226
SUB_ID 226
LO (66):  45582 45588 45592 45600 45605 45608 45611 45614 45623 45641 45643 45645 45650 45659 45661 45667 45670 45676 45682 45685 45694 45700 45724 45773 45775 45782 45785 45914 45916 45922 45925 45928 45931 45934 45952 45955 45958 45961 45964 45977 45981 45987 45991 46015 46070 46074 46259 46333 46509 46511 46515 46517 46518 46559 46599 46605 46610 46616 46623 46628 46631 46637 46639 46645 46753 46754
LI (79):  202 203 204 221 235 236 239 240 241 242 243 245 246 248 484 491 495 496 502 504 506 507 508 509 510 512 519 524 525 531 546 571 572 573 6772 8620 34932 34937 34940 34945 34953 35062 35069 36301 45639 45648 45657 45668 45674 45680 45692 45698 45722 45771 45780 45783 45912 45926 45929 45932 45950 45953 45956 45959 45962 46331 46474 46475 46476 46499 46501 46523 46526 46529 46542 46561 46565 46572 46578
NODE_NUM = 196
FILE mem_ctrl_sub_226.aig

# Subcircuit 227
SUB_ID 227
LO (70):  45630 45636 45639 45648 45653 45656 45657 45662 45668 45673 45674 45679 45680 45692 45698 45703 45722 45727 45730 45733 45736 45739 45742 45745 45748 45751 45754 45757 45762 45768 45771 45777 45780 45783 45786 45791 45794 45814 45822 45831 45853 45860 45866 45870 45875 45886 45891 45896 45901 45907 45912 45917 45926 45929 45932 45937 45943 45945 46020 46331 46485 46488 46542 46722 46751 46752 46759 46774 46778 46789
LI (114):  231 240 247 249 250 515 517 518 520 521 522 523 524 526 527 528 529 530 534 536 537 544 545 546 547 548 549 550 551 552 553 554 555 556 558 559 561 562 563 564 565 566 570 571 574 575 576 620 629 630 631 642 645 648 716 790 793 1157 1158 1160 1161 17031 17852 17853 17924 17966 18012 18013 18130 18131 18169 18170 19350 19442 19443 19473 19497 20385 20391 34745 34937 34945 34948 34953 35062 35069 35072 35077 36273 36301 45798 45802 45803 45816 45819 45844 45850 45863 45872 45935 45941 46319 46323 46326 46537 46541 46695 46696 46702 46706 46712 46714 46768 46772
NODE_NUM = 200
FILE mem_ctrl_sub_227.aig

# Subcircuit 228
SUB_ID 228
LO (37):  45935 45940 45941 45947 45950 45953 45956 45959 45962 45965 45967 46042 46044 46068 46080 46082 46106 46112 46119 46127 46256 46280 46319 46326 46471 46499 46501 46523 46526 46537 46561 46565 46572 46578 46641 46643 46691
LI (106):  231 234 236 238 239 240 241 242 243 246 248 249 250 492 493 494 496 497 502 503 504 508 509 515 516 517 518 523 528 530 531 544 546 548 560 562 573 574 575 576 577 578 579 580 581 582 583 585 586 587 588 16793 20385 34945 36273 36301 46033 46034 46041 46043 46062 46079 46081 46201 46205 46211 46220 46225 46228 46235 46244 46252 46279 46305 46422 46430 46434 46435 46438 46441 46444 46446 46451 46470 46495 46496 46498 46500 46509 46511 46515 46518 46559 46599 46606 46610 46616 46623 46628 46631 46639 46650 46654 46657 46662 46665
NODE_NUM = 200
FILE mem_ctrl_sub_228.aig

# Subcircuit 229
SUB_ID 229
LO (50):  46606 46650 46654 46662 46695 46696 46706 46712 46757 46768 46912 46917 46927 46929 46931 46942 46945 46954 46970 46974 46978 46982 46986 46990 46994 46998 47003 47008 47013 47019 47023 47027 47031 47035 47039 47043 47062 47074 47078 47090 47102 47118 47126 47131 48830 48831 48998 49026 49054 49448
LI (100):  231 241 242 246 333 486 526 548 552 554 561 563 574 599 603 604 607 608 609 610 611 612 613 614 615 616 617 618 619 620 621 622 623 624 627 630 631 634 637 641 643 741 780 781 807 833 883 908 948 967 981 990 1039 1061 1102 1103 1104 1105 1106 1107 1108 1109 1110 1111 1112 1113 1114 1115 1116 1117 1118 1119 1120 1121 1122 1123 1124 1128 1129 6342 8620 17073 18172 45596 46016 46517 46605 46637 46641 46643 46645 46648 46916 46943 46947 46951 46952 46969 47007 47018
NODE_NUM = 199
FILE mem_ctrl_sub_229.aig

# Subcircuit 230
SUB_ID 230
LO (46):  46943 46947 46951 46952 46957 46961 46969 47007 47018 47049 47053 48604 48608 48612 48616 48620 48624 48628 48632 48649 48653 48657 48661 48665 48669 48673 48677 48681 48685 48689 48693 48697 48701 48705 48709 48713 48741 48745 48749 48770 48784 48796 48817 48821 48976 49452
LI (94):  300 605 625 740 742 743 744 745 746 747 749 750 751 752 753 754 755 756 757 758 759 760 761 762 763 764 765 767 768 769 771 773 775 777 778 780 781 798 824 832 833 838 851 872 873 908 948 953 967 974 984 1062 1101 1102 1103 1104 1105 1106 1107 1108 1109 1110 1111 1112 1113 1114 1115 1116 1117 1118 1119 1120 1121 1122 1123 1124 1125 1126 1127 1128 1129 1130 1131 1132 6345 16842 16869 46942 46959 47045 47052 48954 48955 48973
NODE_NUM = 174
FILE mem_ctrl_sub_230.aig

# Subcircuit 231
SUB_ID 231
LO (64):  47052 47054 47058 47066 47070 47082 47086 47094 47098 47106 47110 47114 47122 47130 47142 47146 47150 47154 47158 47174 47178 47186 47206 47210 47214 47309 47422 47774 47778 47811 47815 47859 47863 47867 47905 47909 47948 47952 47956 47960 47964 47968 47972 47976 47977 47983 47985 47991 47993 47997 48079 48495 48499 48503 48505 48509 48515 48517 48544 48584 48586 48590 48596 48600
LI (78):  626 628 629 632 633 635 636 638 639 640 642 644 647 648 649 650 651 655 656 658 661 662 663 666 670 681 682 685 687 688 689 691 692 694 695 696 697 698 699 700 701 702 954 963 1055 1067 1089 1101 1102 1103 1104 1105 1106 1108 1109 1110 1111 1112 1113 1114 1115 1116 1117 1118 1119 1120 1121 1122 1123 1125 1126 1127 1128 1129 1130 1131 1132 47053
NODE_NUM = 199
FILE mem_ctrl_sub_231.aig

# Subcircuit 232
SUB_ID 232
LO (54):  47134 47138 47162 47166 47170 47182 47190 47196 47200 47202 47235 47246 47258 47277 47280 47293 47297 47314 47318 47342 47356 47415 47520 47556 47630 47666 47846 47890 47931 48009 48017 48047 48092 48129 48161 48215 48235 48270 48276 48291 48305 48340 48399 48465 48471 48554 48874 48904 48936 48940 48942 49073 49330 49417
LI (143):  200 265 266 267 270 271 275 278 281 282 283 293 324 356 366 370 376 381 405 430 441 443 465 589 591 592 593 608 615 634 635 639 645 646 652 653 654 657 659 663 701 728 773 785 786 800 812 816 856 967 993 1125 1126 1127 1130 1131 1132 1135 1136 1137 46945 47131 47137 47161 47165 47169 47181 47189 47196 47216 47220 47222 47227 47229 47231 47234 47240 47244 47245 47264 47266 47270 47276 47286 47290 47291 47296 47312 47317 47332 47335 47337 47341 47346 47349 47351 47355 47405 47408 47410 47414 47510 47513 47515 47519 47546 47549 47551 47555 47620 47623 47625 47629 47656 47659 47661 47665 47843 47851 47887 47928 48007 48040 48045 48091 48128 48160 48212 48228 48233 48269 48275 48288 48298 48303 48339 48390 48391 48396 48464 48470 48547 48552
NODE_NUM = 200
FILE mem_ctrl_sub_232.aig

# Subcircuit 233
SUB_ID 233
LO (56):  47317 47323 47330 47332 47335 47337 47341 47346 47349 47351 47355 47359 47372 47376 47391 47396 47403 47405 47410 47414 47438 47444 47451 47471 47477 47483 47496 47501 47508 47510 47515 47519 47532 47537 47544 47546 47549 47555 47575 47587 47591 47602 47606 47608 47618 47620 47623 47629 47642 47647 47654 47656 47661 47665 47679 47685
LI (143):  200 291 292 294 295 296 297 298 320 321 328 336 337 338 339 343 344 345 362 363 365 367 388 389 391 398 411 412 413 415 416 423 435 436 437 438 442 444 445 448 454 457 459 464 589 591 592 593 604 607 612 613 617 618 623 638 640 643 644 647 662 681 682 692 696 697 700 707 711 724 725 730 731 736 737 744 749 764 779 782 784 788 789 791 793 804 805 809 810 813 815 838 851 853 866 867 874 882 982 1135 1136 1137 47216 47220 47227 47231 47264 47314 47365 47369 47370 47375 47385 47389 47390 47428 47433 47437 47450 47461 47466 47470 47482 47490 47494 47495 47526 47530 47531 47566 47570 47574 47580 47584 47585 47590 47601 47636 47640 47641 47676 47680 47684
NODE_NUM = 200
FILE mem_ctrl_sub_233.aig

# Subcircuit 234
SUB_ID 234
LO (55):  47680 47684 47691 47697 47717 47723 47729 47749 47760 47765 47794 47800 47806 47830 47832 47840 47843 47879 47882 47887 47896 47921 47924 47928 47938 47980 47984 47988 47992 47996 48000 48007 48010 48015 48026 48031 48040 48045 48048 48053 48057 48066 48072 48080 48084 48086 48091 48226 48244 48284 48314 48508 48516 48524 48563
LI (145):  200 201 305 306 318 322 329 346 347 348 353 368 369 371 374 377 383 390 396 399 402 403 407 414 417 418 419 427 428 431 439 451 460 589 591 592 593 610 611 614 619 621 622 628 632 633 636 650 656 658 661 666 687 689 691 703 704 705 706 707 710 711 727 729 745 771 792 811 844 848 849 857 858 871 875 963 1056 1077 1079 1080 1107 1124 1135 1136 1137 47054 47216 47220 47227 47231 47264 47266 47679 47696 47707 47712 47716 47728 47740 47744 47748 47754 47758 47759 47784 47789 47793 47805 47811 47816 47817 47822 47825 47826 47828 47839 47868 47873 47877 47915 47919 47937 47977 47983 47985 47991 47993 47997 48003 48025 48052 48065 48071 48079 48083 48087 48090 48225 48243 48281 48313 48505 48515 48523 48562
NODE_NUM = 200
FILE mem_ctrl_sub_234.aig

# Subcircuit 235
SUB_ID 235
LO (61):  48087 48090 48093 48098 48108 48113 48123 48128 48144 48150 48160 48162 48167 48177 48182 48199 48201 48209 48212 48225 48228 48233 48236 48241 48243 48252 48258 48269 48273 48281 48288 48298 48303 48306 48311 48313 48322 48328 48339 48343 48364 48378 48380 48390 48391 48396 48450 48452 48457 48490 48525 48526 48528 48530 48531 48532 48538 48638 48714 48717 48773
LI (147):  200 201 299 304 307 308 310 316 319 323 326 327 330 349 350 351 354 372 375 379 382 395 397 401 406 420 426 440 446 450 455 463 589 591 592 593 609 626 627 629 630 631 637 642 648 651 655 670 685 688 694 698 699 702 716 722 726 732 735 739 751 763 795 796 808 814 817 840 843 846 854 855 859 869 881 963 1036 1045 1052 1081 1082 1088 1135 1136 1137 10972 11604 47054 47216 47220 47227 47247 47248 47254 47264 47266 47298 47825 47826 48062 48086 48107 48122 48135 48143 48148 48149 48156 48176 48188 48193 48197 48200 48208 48240 48251 48257 48265 48272 48321 48327 48335 48342 48350 48353 48360 48361 48363 48367 48372 48376 48387 48388 48422 48424 48426 48431 48436 48439 48442 48443 48447 48452 48475 48482 48489 48534
NODE_NUM = 199
FILE mem_ctrl_sub_235.aig

# Subcircuit 236
SUB_ID 236
LO (44):  48422 48424 48426 48431 48436 48439 48442 48447 48464 48468 48475 48482 48489 48496 48500 48504 48512 48520 48523 48534 48541 48545 48547 48552 48555 48560 48562 48573 48578 48585 48589 48593 48597 48601 48645 48737 48766 48775 48780 48792 48813 48825 49455 49456
LI (115):  200 201 309 317 355 380 400 404 425 591 592 593 620 641 649 695 722 724 725 726 728 730 731 732 733 735 736 737 738 739 748 766 770 772 774 776 777 778 795 796 799 801 802 808 817 833 839 852 946 957 963 988 989 1046 1048 1135 1136 1137 47054 47216 47220 47227 47251 47447 47811 47825 48062 48408 48411 48415 48418 48419 48421 48450 48452 48460 48481 48487 48488 48495 48499 48503 48509 48517 48525 48526 48528 48530 48531 48532 48538 48544 48570 48572 48576 48584 48586 48590 48596 48600 48638 48640 48644 48714 48716 48717 48718 48720 48761 48764 48773 48779 48799 48801 48824
NODE_NUM = 192
FILE mem_ctrl_sub_236.aig

# Subcircuit 237
SUB_ID 237
LO (82):  48824 48829 48834 48839 48842 48845 48847 48851 48854 48857 48860 48863 48866 48870 48873 48885 48888 48891 48894 48897 48900 48907 48910 48913 48916 48919 48922 48925 48928 48931 48934 48943 48944 48948 48950 48951 48954 48955 48973 48978 48979 49004 49032 49034 49035 49060 49244 49247 49250 49253 49255 49258 49261 49264 49267 49270 49273 49274 49281 49286 49299 49315 49321 49326 49331 49339 49342 49462 49463 49465 49468 49475 49478 49479 49481 49485 49487 49493 49494 49495 49497 49498
LI (86):  124 779 782 784 785 786 787 788 789 790 791 792 793 795 796 799 800 801 802 804 805 808 809 810 811 812 813 814 815 816 817 826 827 828 829 884 885 886 887 888 889 890 891 892 893 894 895 955 969 983 1047 1084 1086 1101 1102 1103 1104 1105 1106 1107 1108 1109 1110 1111 1114 1115 1116 1117 1120 1121 1123 1124 1125 1126 1127 1128 1129 1130 1131 1132 3257 10228 48825 48998 49026 49054
NODE_NUM = 199
FILE mem_ctrl_sub_237.aig

# Subcircuit 238
SUB_ID 238
LO (69):  49068 49070 49071 49076 49079 49082 49085 49089 49092 49095 49098 49104 49107 49110 49113 49116 49119 49122 49125 49128 49131 49134 49137 49140 49143 49152 49158 49161 49164 49167 49170 49173 49182 49185 49188 49191 49194 49197 49206 49209 49218 49227 49236 49239 49242 49276 49279 49283 49285 49288 49291 49294 49349 49369 49382 49387 49395 49400 49471 49476 49477 49483 49486 49489 49491 49505 49520 49534 49537
LI (118):  124 229 833 834 838 839 840 841 843 844 845 846 848 849 850 851 852 853 854 855 856 857 858 859 860 861 862 864 865 866 867 868 869 870 871 872 873 874 875 876 877 878 879 880 881 882 896 897 899 900 901 903 904 947 956 1036 1037 1038 1040 1041 1044 1045 1046 1048 1049 1050 1052 1054 1056 1058 1059 1060 1063 1064 1066 1068 1070 1071 1073 1075 1077 1079 1080 1081 1082 1085 1088 1092 1094 1112 1119 1122 1136 1137 1138 1139 1141 1142 1163 1198 2904 9034 17285 48948 49034 49084 49109 49151 49157 49274 49281 49286 49348 49368 49381 49386 49394 49399
NODE_NUM = 199
FILE mem_ctrl_sub_238.aig

# Subcircuit 239
SUB_ID 239
LO (121):  49296 49298 49301 49312 49314 49317 49320 49323 49325 49328 49333 49335 49338 49341 49344 49346 49348 49352 49355 49361 49364 49367 49368 49372 49373 49378 49379 49381 49385 49386 49390 49393 49394 49398 49399 49403 49404 49409 49411 49415 49419 49421 49423 49425 49427 49428 49429 49430 49431 49432 49433 49434 49435 49436 49437 49439 49440 49441 49442 49443 49444 49446 49447 49449 49453 49454 49461 49464 49466 49467 49469 49470 49472 49473 49474 49480 49482 49484 49488 49490 49492 49496 49499 49500 49501 49503 49504 49506 49507 49508 49509 49511 49512 49513 49514 49515 49517 49519 49521 49522 49523 49524 49525 49526 49527 49528 49529 49530 49531 49532 49533 49535 49536 49538 49539 49540 49541 49542 49543 49544 49545
LI (150):  32 231 599 605 616 625 783 905 906 907 908 909 910 911 912 913 914 916 917 918 919 920 921 922 923 924 926 927 928 929 930 931 932 933 934 935 936 937 938 939 940 941 942 943 944 945 948 950 955 958 961 962 964 965 966 968 970 971 972 973 975 976 978 979 980 986 992 1005 1008 1015 1030 1053 1065 1076 1093 1094 1095 1096 1098 1099 1100 1113 1118 1145 1146 1147 1148 1149 1150 1151 1152 1153 1158 1165 1166 1167 1168 1169 1170 1171 1172 1173 1174 1175 1176 1177 1178 1179 1180 1181 1182 1183 1184 1185 1186 1187 1188 1189 1190 1191 1192 1193 1194 1195 1196 1201 1202 1203 1204 7711 14419 48948 48950 48951 48978 48979 49035 49299 49309 49310 49311 49315 49321 49326 49331 49339 49342 49354 49360 49402
NODE_NUM = 172
FILE mem_ctrl_sub_239.aig

