# Subcircuit 0
SUB_ID 0
LO (30):  5708 5713 5796 6184 6190 7201 7261 7286 7298 7308 7315 7319 7322 7327 7328 7331 7334 7336 7341 7350 7352 7366 7368 7371 7373 7377 7382 7384 7422 7462
LI (28):  1 6 8 9 10 299 300 374 386 688 690 695 696 699 5693 5700 5701 6185 7207 7219 7230 7244 7256 7267 7268 7282 7295 7307
NODE_NUM = 86
FILE aes_secworks_sub_0.aig

# Subcircuit 1
SUB_ID 1
LO (45):  5693 5700 5701 5714 5715 5730 5768 6087 6090 28224 28226 28230 28232 28235 28236 28241 28242 28244 28245 28248 28249 28251 28252 28256 28286 28289 28317 28318 28319 28322 28323 28326 28375 28382 28388 28434 35837 35838 35839 35843 35852 35880 35946 46465 46466
LI (86):  1 2 3 4 5 6 7 11 12 15 16 17 21 236 238 1116 1117 1118 1244 1245 1246 1372 1373 1374 1500 1501 1502 1628 1629 1630 1756 1757 1758 1884 1885 1886 2012 2013 2014 2140 2141 2142 2268 2269 2270 2396 2397 2398 2524 2525 2526 2652 2653 2654 2780 2781 2782 2814 2815 2816 2817 2818 5700 5718 5720 5729 5760 5762 5764 6085 6088 7207 28207 28209 28216 28219 28221 28228 28234 28240 28294 28309 28320 28327 28345 35840
NODE_NUM = 198
FILE aes_secworks_sub_1.aig

# Subcircuit 2
SUB_ID 2
LO (37):  5717 5718 5762 35840 35851 35870 35875 35876 35877 35883 35962 35998 36017 36026 36032 36040 36043 36048 36052 36054 36060 36069 36070 36073 36075 36081 36087 36092 36096 36099 36101 36110 36214 36693 43165 44387 45444
LI (46):  13 14 15 43 45 47 49 51 53 55 57 107 109 111 113 115 117 119 121 171 173 175 177 179 181 183 185 235 237 239 241 245 247 249 5714 5715 5720 35838 35839 35846 35850 35863 35864 35869 35880 35967
NODE_NUM = 126
FILE aes_secworks_sub_2.aig

# Subcircuit 3
SUB_ID 3
LO (50):  5720 5755 5759 5760 7207 7219 7244 7256 7282 7295 7307 8030 8055 8067 8077 8084 8088 8091 8096 8097 8100 8103 8105 8110 8119 8121 8135 8137 8140 8142 8146 8151 8153 8191 8231 28167 28172 28180 28188 28195 28203 28209 28211 28214 28218 28221 28293 28294 46467 46468
LI (42):  4 5 8 16 27 29 30 31 32 2812 2813 5737 5739 5742 5747 5752 5758 7201 7203 7218 7243 7255 7281 7294 7306 7987 7990 8000 8002 8012 8015 8024 8027 8039 8041 8050 8053 8063 8066 8075 28162 28176
NODE_NUM = 126
FILE aes_secworks_sub_3.aig

# Subcircuit 4
SUB_ID 4
LO (141):  5729 5764 35846 35850 35861 35863 35864 35869 35954 35956 35967 36036 36037 36038 36044 36045 36046 36049 36050 36051 36053 36055 36056 36057 36058 36059 36061 36062 36063 36064 36065 36066 36071 36093 36106 36107 36108 36109 36112 36115 36116 36117 36118 36119 36120 36123 36131 36173 36180 36193 36211 36213 36216 36220 36224 36225 36231 36232 36233 36238 36245 36246 36256 36270 36271 36273 36287 36291 36293 36302 36303 36307 36322 36345 36346 36353 36354 36355 36360 36361 36363 36364 36365 36367 36397 36398 36406 36420 36433 36434 36441 36442 36529 36531 36550 36551 36552 36554 36575 36576 36577 36579 36582 36583 36584 36586 36594 36595 36600 36609 36610 36612 36614 36635 36636 36637 36647 36656 36657 36658 36676 36679 36689 36691 36692 36770 36803 36810 36841 36958 37113 37140 37162 37290 37462 37536 37540 37593 37598 37714 37720
LI (27):  11 12 17 18 20 21 3086 3087 5726 35838 35852 35857 35860 35944 35945 35947 35998 36017 36026 36034 36040 36043 36048 36052 36054 36060 36070
NODE_NUM = 178
FILE aes_secworks_sub_4.aig

# Subcircuit 5
SUB_ID 5
LO (54):  5726 5737 5738 5739 5742 5747 5752 5758 7203 7208 7211 7213 7218 7230 7243 7255 7267 7268 7281 7294 7306 7987 8000 8012 8022 28200 28201 28205 30182 30247 30305 30366 30369 30430 30433 30491 30549 30607 32066 32131 32189 32250 32253 32314 32317 32375 32433 32491 32665 33950 34134 34317 34375 34549
LI (60):  18 19 22 23 24 25 26 28 29 30 31 32 92 96 102 104 106 108 110 112 114 156 158 160 162 164 166 168 170 172 174 176 178 220 222 224 226 228 230 232 234 284 288 294 686 687 689 691 693 694 697 698 708 709 710 711 712 714 715 7201
NODE_NUM = 199
FILE aes_secworks_sub_5.aig

# Subcircuit 6
SUB_ID 6
LO (47):  5769 5784 5792 6196 6204 6208 6213 6221 6229 6237 6245 6253 6261 6269 6277 6285 6293 6301 6309 6317 6325 6333 6341 6349 6357 6365 6373 6381 6389 6397 6402 6405 6412 6419 6426 6433 6440 6447 6454 6462 6470 6476 8736 8959 16166 16183 46469
LI (112):  7 9 28 33 34 37 38 39 40 41 42 304 307 310 313 316 319 322 325 328 331 334 337 340 343 346 349 352 355 358 361 364 367 370 373 376 379 382 385 388 391 394 397 400 403 5772 5776 5779 5788 6202 6206 6207 6215 6216 6223 6224 6231 6232 6239 6240 6247 6248 6255 6256 6263 6264 6271 6272 6279 6280 6287 6288 6295 6296 6303 6304 6311 6312 6319 6320 6327 6328 6335 6336 6343 6344 6351 6352 6359 6360 6367 6368 6375 6376 6383 6384 6391 6392 6401 6409 6416 6423 6430 6437 6444 6451 6456 6457 6464 6465 6472 6473
NODE_NUM = 199
FILE aes_secworks_sub_6.aig

# Subcircuit 7
SUB_ID 7
LO (120):  5776 6198 6199 6200 6201 6202 6206 6207 6215 6216 6223 6224 6231 6232 6239 6240 6247 6248 6255 6256 6263 6264 6271 6272 6279 6280 6287 6288 6295 6296 6303 6304 6311 6312 6319 6320 6327 6328 6335 6336 6343 6344 6351 6352 6359 6360 6367 6368 6375 6376 6383 6384 6391 6392 6400 6401 6408 6409 6415 6416 6422 6423 6429 6430 6436 6437 6443 6444 6450 6451 6456 6457 6464 6465 6472 6473 6486 6494 6502 6510 6518 7965 7976 8861 9077 9294 9487 9498 9689 9881 10071 10187 10979 11109 11235 11366 11479 11597 11711 11827 12619 12749 12875 13006 13119 13237 13351 13800 13831 13862 13893 13924 13955 13986 14017 16172 16178 16192 18163 18932
LI (90):  35 36 302 303 305 306 308 309 311 312 314 315 317 318 320 321 323 324 326 327 329 330 332 333 335 336 338 339 341 342 344 345 347 348 350 351 353 354 356 357 359 360 362 363 365 366 368 369 371 372 374 375 377 378 380 381 383 384 386 387 389 390 392 393 395 396 398 399 401 402 404 405 407 408 410 411 413 414 416 417 419 420 6197 6204 6208 6485 6493 6501 6509 6517
NODE_NUM = 198
FILE aes_secworks_sub_7.aig

# Subcircuit 8
SUB_ID 8
LO (23):  5799 5802 5805 5808 5811 5814 5817 5820 28345 28447 28512 28577 28636 28695 28754 28810 28872 28931 28950 28997 29114 29173 29177
LI (86):  5 43 44 45 46 47 48 49 50 51 52 53 54 55 56 57 58 28293 28294 28323 28339 28343 28389 28402 28434 28442 28446 28448 28463 28467 28499 28507 28511 28513 28528 28532 28564 28572 28576 28578 28591 28623 28631 28635 28637 28650 28682 28690 28694 28696 28709 28741 28749 28753 28755 28761 28766 28797 28805 28809 28811 28823 28828 28859 28867 28871 28873 28882 28887 28918 28926 28930 28944 28949 29056 29065 29070 29101 29109 29113 29115 29124 29129 29160 29168 29172
NODE_NUM = 198
FILE aes_secworks_sub_8.aig

# Subcircuit 9
SUB_ID 9
LO (24):  5823 5826 5829 5832 5835 5838 5841 5844 30717 30723 30778 30836 30897 30958 31016 31074 31128 31190 31306 31309 31370 31486 31544 31547
LI (85):  5 59 60 61 62 63 64 65 66 67 68 69 70 71 72 73 74 703 705 713 28293 28294 28755 28811 28873 28932 28994 29056 29115 29351 29534 29593 30238 30672 30704 30712 30716 30720 30726 30733 30765 30773 30777 30791 30823 30831 30835 30839 30845 30852 30884 30892 30896 30900 30906 30913 30945 30953 30957 30971 31003 31011 31015 31029 31061 31069 31073 31087 31119 31127 31254 31262 31293 31301 31305 31434 31442 31473 31481 31485 31492 31500 31531 31539 31543
NODE_NUM = 200
FILE aes_secworks_sub_9.aig

# Subcircuit 10
SUB_ID 10
LO (24):  5847 5850 5853 5856 5859 5862 5970 5979 6117 6126 32662 32720 32842 32900 33071 33132 33190 33251 33312 33370 33599 33657 33773 33788
LI (96):  5 75 76 77 78 79 80 81 82 83 84 85 86 158 164 256 262 2957 2984 5968 5977 6115 6124 28293 28294 28811 28873 28994 29056 29233 29289 29351 29410 29472 29534 29767 29826 29944 32122 32604 32607 32618 32649 32657 32661 32675 32707 32715 32719 32784 32787 32798 32829 32837 32841 32855 32887 32895 32899 33026 33058 33066 33070 33087 33119 33127 33131 33145 33177 33185 33189 33206 33238 33246 33250 33267 33299 33307 33311 33325 33357 33365 33369 33554 33586 33594 33598 33613 33644 33652 33656 33728 33760 33768 33772 33787
NODE_NUM = 200
FILE aes_secworks_sub_10.aig

# Subcircuit 11
SUB_ID 11
LO (28):  5865 5868 5871 5985 6132 32958 33016 33428 33486 33889 33947 35425 39605 39611 40363 40405 40562 40720 40848 41180 41183 43453 43489 43528 44368 44402 44570 46215
LI (69):  5 87 88 89 90 91 92 168 262 266 2942 5983 6130 28293 28294 29115 29174 29593 29652 29711 30062 30121 32122 32903 32914 32945 32953 32957 32971 33003 33011 33015 33383 33415 33423 33427 33441 33473 33481 33485 33844 33876 33884 33888 33903 33934 33942 33946 34006 35380 35412 35420 35424 35954 36696 39587 39602 39608 39632 40359 40362 40402 40559 40693 40711 40714 40747 40844 40847
NODE_NUM = 184
FILE aes_secworks_sub_11.aig

# Subcircuit 12
SUB_ID 12
LO (22):  5874 5877 6018 6021 6141 34128 34546 34604 35074 35483 35541 40399 40532 40556 40678 40890 40893 41025 43723 44438 44600 46443
LI (68):  5 93 94 95 96 190 192 272 3019 3056 6016 6019 6139 28293 28294 28389 28811 28873 29351 29767 29826 34006 34084 34115 34123 34127 34501 34533 34541 34545 34549 34591 34599 34603 35022 35061 35069 35073 35438 35470 35478 35482 35496 35528 35536 35540 35954 36696 39608 40381 40396 40402 40405 40429 40528 40531 40544 40553 40562 40580 40674 40677 40866 40884 40887 40920 41021 41024
NODE_NUM = 179
FILE aes_secworks_sub_12.aig

# Subcircuit 13
SUB_ID 13
LO (21):  5880 5883 5886 6027 6030 6150 34314 34726 34784 35254 35599 35657 35715 39608 40714 40887 41165 41404 43594 43633 44537
LI (80):  5 97 98 99 100 101 102 196 198 278 3026 3029 6025 6028 6148 28293 28294 28578 28994 29056 29534 29885 29944 30003 34006 34270 34301 34309 34313 34681 34713 34721 34725 34729 34771 34779 34783 35202 35241 35249 35253 35554 35586 35594 35598 35612 35644 35652 35656 35670 35702 35710 35714 35954 36696 40559 41034 41043 41049 41067 41161 41164 41291 41297 41312 41400 41403 43168 43561 43564 43567 43582 43590 43593 43600 43603 43606 43621 43629 43632
NODE_NUM = 196
FILE aes_secworks_sub_13.aig

# Subcircuit 14
SUB_ID 14
LO (33):  5889 5892 5895 5898 5901 5904 5907 5910 5913 34009 34070 34084 34192 34256 34270 34372 34729 34842 35773 35831 40402 40559 41046 41049 43606 43645 43672 43711 43750 44471 44501 46344 46410
LI (88):  5 103 104 105 106 107 108 109 110 111 112 113 114 115 116 117 118 119 120 28207 28293 28294 28327 28448 28513 28637 29115 30062 30121 33960 33992 34000 34006 34008 34025 34057 34065 34069 34147 34179 34187 34191 34211 34243 34251 34255 34327 34359 34367 34371 34793 34798 34829 34837 34841 35728 35760 35768 35772 35786 35818 35826 35830 35954 39608 40556 40714 40720 40893 41180 43168 43639 43642 43660 43668 43671 43678 43681 43684 43699 43707 43710 43717 43720 43723 43738 43746 43749
NODE_NUM = 199
FILE aes_secworks_sub_14.aig

# Subcircuit 15
SUB_ID 15
LO (29):  5916 5919 5922 5925 5928 5931 5934 5937 5940 28309 28766 28823 28828 28887 28944 28949 29055 29070 29129 29232 29288 29350 29409 29462 29475 29592 29651 29655 34430
LI (82):  5 121 122 123 124 125 126 127 128 129 130 131 132 133 134 135 136 137 138 702 704 708 710 712 714 28293 28294 28307 28323 28696 28820 28941 28994 28997 29003 29010 29042 29050 29054 29174 29187 29219 29227 29231 29233 29236 29244 29275 29283 29287 29289 29298 29306 29337 29345 29349 29351 29357 29365 29396 29404 29408 29419 29427 29458 29534 29540 29548 29579 29587 29591 29593 29599 29607 29638 29646 29650 34006 34385 34417 34425 34429
NODE_NUM = 200
FILE aes_secworks_sub_15.aig

# Subcircuit 16
SUB_ID 16
LO (27):  5943 5946 5949 5952 5955 5958 5961 5964 6066 6075 6078 30726 30906 30971 31187 31248 31262 31367 31428 31434 31442 31500 31715 31773 31889 31947 32005
LI (78):  5 64 68 70 72 139 140 141 142 143 144 145 146 147 148 149 150 151 152 153 222 228 230 703 705 713 5963 6064 6073 6076 28293 28294 29233 29289 29410 29472 29767 29826 29944 30003 30062 30238 30961 31142 31174 31182 31186 31203 31235 31243 31247 31322 31354 31362 31366 31383 31415 31423 31427 31670 31702 31710 31714 31729 31760 31768 31772 31844 31876 31884 31888 31934 31942 31946 31961 31992 32000 32004
NODE_NUM = 178
FILE aes_secworks_sub_16.aig

# Subcircuit 17
SUB_ID 17
LO (33):  5963 5967 5968 5973 5976 5977 5982 5983 5988 5991 5994 5997 6000 6003 6006 31602 32125 32186 32244 32308 32372 32430 32855 33541 33613 33715 33787 33903 37767 38531 38727 38846 38879
LI (92):  5 154 155 156 157 159 160 161 162 163 165 166 167 169 170 171 172 173 174 175 176 177 178 179 180 181 182 28207 28293 28294 28327 28389 28448 28513 28578 29652 29711 29885 30238 31557 31589 31597 31601 32076 32108 32116 32122 32124 32141 32173 32181 32185 32199 32231 32239 32243 32263 32295 32303 32307 32327 32359 32367 32371 32385 32417 32425 32429 32851 33496 33528 33536 33540 33670 33702 33710 33714 35954 36696 37755 37764 37770 37776 37800 38527 38530 38709 38721 38724 38748 38842 38845
NODE_NUM = 178
FILE aes_secworks_sub_17.aig

# Subcircuit 18
SUB_ID 18
LO (33):  6009 6012 6015 6016 6019 6024 6025 6028 6033 6036 6039 6042 6045 6162 28820 29244 29306 29365 29782 29832 32488 32546 32971 34485 34501 34665 34681 34798 34900 34955 35016 35196 35370
LI (90):  5 183 184 185 186 187 188 189 190 191 193 194 195 196 197 199 200 201 202 203 204 205 206 207 208 286 3014 3019 3026 3051 6160 28293 28294 28637 28696 28755 28932 29174 29233 29289 29472 29652 29780 32122 32443 32475 32483 32487 32501 32533 32541 32545 32967 34006 34440 34472 34480 34484 34488 34494 34620 34652 34660 34664 34668 34674 34855 34887 34895 34899 34903 34911 34942 34950 34954 34964 34972 35003 35011 35015 35144 35152 35183 35191 35195 35318 35326 35357 35365 35369
NODE_NUM = 198
FILE aes_secworks_sub_18.aig

# Subcircuit 19
SUB_ID 19
LO (25):  6048 6051 6054 6057 6060 6171 6174 6177 28528 28591 28650 29003 29065 29124 29427 29533 29540 29548 29599 29607 29710 30002 30061 30120 30170
LI (56):  5 132 134 136 138 209 210 211 212 213 214 215 216 217 218 292 294 296 687 700 702 704 706 6169 6172 6175 28293 28294 28323 28519 29472 29475 29488 29520 29528 29532 29652 29665 29697 29705 29709 29944 29957 29989 29997 30001 30003 30048 30056 30060 30062 30107 30115 30119 30135 30166
NODE_NUM = 200
FILE aes_secworks_sub_19.aig

# Subcircuit 20
SUB_ID 20
LO (44):  6063 6064 6069 6072 6073 6076 6081 6084 6085 6088 6093 6096 6099 6102 6105 30360 30424 30488 30546 30604 30961 31029 31657 31729 31831 31961 32063 35910 35913 35944 35945 36732 36865 37047 37053 37220 37516 44065 44101 44900 44933 44999 45690 45720
LI (81):  5 219 220 221 223 224 225 226 227 229 231 232 233 234 235 237 239 240 241 242 243 244 245 246 247 248 28293 28294 28389 28448 28513 28578 28637 29711 29885 30121 30238 30315 30347 30355 30359 30379 30411 30419 30423 30443 30475 30483 30487 30501 30533 30541 30545 30559 30591 30599 30603 31025 31612 31644 31652 31656 31786 31818 31826 31830 32018 32050 32058 32062 35892 35907 35916 35943 35954 36711 36726 36729 36738 36765 36864
NODE_NUM = 200
FILE aes_secworks_sub_20.aig

# Subcircuit 21
SUB_ID 21
LO (40):  6108 6111 6114 6115 6120 6123 6124 6129 6130 6135 6138 6139 6144 6147 6148 6153 6156 6159 30662 32601 32618 32781 32798 32914 33960 34793 34855 34911 34964 34972 35135 35144 35152 35312 35318 35326 35380 35438 35612 35786
LI (82):  5 104 106 188 190 196 198 200 202 249 250 251 252 253 254 255 257 258 259 260 261 263 264 265 267 268 269 270 271 273 274 275 276 277 279 280 281 282 283 686 693 760 3014 3019 3026 3032 3051 6158 28293 28294 28696 28755 28932 29410 29593 30238 30617 30649 30657 30661 32122 32556 32588 32596 32600 32736 32768 32776 32780 33950 34006 34198 34845 35090 35122 35130 35134 35260 35267 35299 35307 35311
NODE_NUM = 200
FILE aes_secworks_sub_21.aig

# Subcircuit 22
SUB_ID 22
LO (39):  6158 6160 6165 6168 6169 6172 6175 6180 28307 28339 28402 28463 28519 28761 28882 28941 29357 29766 29780 29884 29943 30135 42433 42441 42471 42594 42602 42635 42638 42644 42647 42788 43011 43127 43831 43834 43990 44732 45558
LI (61):  5 58 124 126 128 130 138 204 206 208 210 284 285 286 287 288 289 290 291 293 295 297 298 710 714 28293 28294 28323 29711 29721 29753 29761 29765 29770 29826 29839 29871 29879 29883 29885 29888 29930 29938 29942 35954 36679 36696 41419 41422 42347 42430 42435 42440 42456 42468 42483 42501 42591 42596 42601 42641
NODE_NUM = 199
FILE aes_secworks_sub_22.aig

# Subcircuit 23
SUB_ID 23
LO (80):  6185 6197 19701 19702 19707 19713 19719 19725 19731 19737 19743 19749 19755 19761 19767 19773 19779 19785 19791 19797 19803 19809 19815 19821 19827 19833 19839 19845 22778 22779 22780 22786 22792 22798 22804 22810 22816 22822 22828 22834 22840 22846 22852 22858 22864 22870 22876 22882 22888 22894 22900 22906 22912 22918 25855 25856 25857 25863 25869 25875 25881 25887 25893 25899 25905 25911 25917 25923 25929 25935 25941 25947 25953 25959 25965 25971 25977 25983 25989 25995
LI (54):  2 10 37 39 301 1404 1405 1406 1407 1408 1409 1410 1411 1412 1413 1414 1415 1416 1417 1418 1419 1420 1421 1422 1423 1424 1425 1426 1427 6198 16246 16255 16264 16273 16282 16291 16300 16309 16318 16327 16336 16345 16354 16363 16372 16381 16390 16399 16408 16417 16426 16435 16444 16453
NODE_NUM = 200
FILE aes_secworks_sub_23.aig

# Subcircuit 24
SUB_ID 24
LO (61):  6478 6485 6493 6501 6509 6517 6526 6718 6774 6966 7022 8753 8754 8757 8856 8977 9189 9411 9597 9793 9981 10173 10189 10965 11095 11221 11352 11465 11583 11697 11813 12605 12735 12861 12992 13105 13223 13337 13453 13495 13537 13579 13621 13663 13705 13747 13789 13820 13826 13851 14046 14048 14050 14067 14801 14822 14980 14997 15602 15721 15735
LI (101):  28 41 303 315 327 339 351 363 374 377 380 383 386 389 392 395 399 402 406 409 412 415 418 421 422 423 498 519 594 615 716 717 719 721 725 732 740 741 743 745 748 753 761 762 764 766 769 774 6199 6201 6204 6208 6476 6523 6525 6715 6717 6771 6773 6963 6965 7019 7021 8731 8751 8974 9186 9408 9594 9790 9978 10170 10187 10961 10962 11092 11218 11349 11462 11580 11694 11810 12602 12732 12858 12989 13102 13220 13334 13450 13492 13534 13576 13618 13660 13702 13744 13786 13817 13848 14047
NODE_NUM = 197
FILE aes_secworks_sub_24.aig

# Subcircuit 25
SUB_ID 25
LO (52):  6525 6534 6542 6550 14099 14130 14161 16619 16628 16637 17645 17651 17657 18414 18420 18426 19183 19189 19194 19953 19959 19961 20722 20728 20730 21491 21497 21499 22260 22266 22268 23030 23036 23038 23799 23805 23807 24568 24574 24576 25337 25343 25345 26107 26113 26115 26876 26882 26884 27645 27651 27653
LI (109):  28 39 424 425 426 427 428 429 430 431 432 6199 6201 6204 6208 6531 6539 6547 6549 8754 14078 14094 14098 14109 14125 14129 14140 14156 14160 16611 16612 16620 16621 16629 16630 17640 17641 17646 17647 17652 17653 18163 18409 18411 18415 18417 18421 18423 18932 19178 19180 19184 19186 19192 19702 19948 19950 19954 19956 20471 20717 20719 20723 20725 21240 21486 21488 21492 21494 22009 22255 22257 22261 22263 22779 23025 23027 23031 23033 23548 23794 23796 23800 23802 24317 24563 24565 24569 24571 25086 25332 25334 25338 25340 25856 26102 26104 26108 26110 26625 26871 26873 26877 26879 27394 27640 27642 27646 27648
NODE_NUM = 200
FILE aes_secworks_sub_25.aig

# Subcircuit 26
SUB_ID 26
LO (52):  6549 6558 6566 6574 14192 14223 14254 16646 16655 16664 17663 17669 17675 18432 18438 18444 19201 19207 19212 19971 19977 19979 20740 20746 20748 21509 21515 21517 22278 22284 22286 23048 23054 23056 23817 23823 23825 24586 24592 24594 25355 25361 25363 26125 26131 26133 26894 26900 26902 27663 27669 27671
LI (109):  28 39 433 434 435 436 437 438 439 440 441 6199 6201 6204 6208 6555 6563 6571 6573 8754 14171 14187 14191 14202 14218 14222 14233 14249 14253 16638 16639 16647 16648 16656 16657 17658 17659 17664 17665 17670 17671 18163 18427 18429 18433 18435 18439 18441 18932 19196 19198 19202 19204 19210 19702 19966 19968 19972 19974 20471 20735 20737 20741 20743 21240 21504 21506 21510 21512 22009 22273 22275 22279 22281 22779 23043 23045 23049 23051 23548 23812 23814 23818 23820 24317 24581 24583 24587 24589 25086 25350 25352 25356 25358 25856 26120 26122 26126 26128 26625 26889 26891 26895 26897 27394 27658 27660 27664 27666
NODE_NUM = 200
FILE aes_secworks_sub_26.aig

# Subcircuit 27
SUB_ID 27
LO (52):  6573 6582 6590 6598 14285 14316 14347 16673 16682 16691 17681 17687 17693 18450 18456 18462 19219 19225 19230 19989 19995 19997 20758 20764 20766 21527 21533 21535 22296 22302 22304 23066 23072 23074 23835 23841 23843 24604 24610 24612 25373 25379 25381 26143 26149 26151 26912 26918 26920 27681 27687 27689
LI (109):  28 39 442 443 444 445 446 447 448 449 450 6199 6201 6204 6208 6579 6587 6595 6597 8754 14264 14280 14284 14295 14311 14315 14326 14342 14346 16665 16666 16674 16675 16683 16684 17676 17677 17682 17683 17688 17689 18163 18445 18447 18451 18453 18457 18459 18932 19214 19216 19220 19222 19228 19702 19984 19986 19990 19992 20471 20753 20755 20759 20761 21240 21522 21524 21528 21530 22009 22291 22293 22297 22299 22779 23061 23063 23067 23069 23548 23830 23832 23836 23838 24317 24599 24601 24605 24607 25086 25368 25370 25374 25376 25856 26138 26140 26144 26146 26625 26907 26909 26913 26915 27394 27676 27678 27682 27684
NODE_NUM = 200
FILE aes_secworks_sub_27.aig

# Subcircuit 28
SUB_ID 28
LO (52):  6597 6606 6614 6622 14378 14409 14440 16700 16709 16718 17699 17705 17711 18468 18474 18480 19237 19243 19248 20007 20013 20015 20776 20782 20784 21545 21551 21553 22314 22320 22322 23084 23090 23092 23853 23859 23861 24622 24628 24630 25391 25397 25399 26161 26167 26169 26930 26936 26938 27699 27705 27707
LI (109):  28 39 451 452 453 454 455 456 457 458 459 6199 6201 6204 6208 6603 6611 6619 6621 8754 14357 14373 14377 14388 14404 14408 14419 14435 14439 16692 16693 16701 16702 16710 16711 17694 17695 17700 17701 17706 17707 18163 18463 18465 18469 18471 18475 18477 18932 19232 19234 19238 19240 19246 19702 20002 20004 20008 20010 20471 20771 20773 20777 20779 21240 21540 21542 21546 21548 22009 22309 22311 22315 22317 22779 23079 23081 23085 23087 23548 23848 23850 23854 23856 24317 24617 24619 24623 24625 25086 25386 25388 25392 25394 25856 26156 26158 26162 26164 26625 26925 26927 26931 26933 27394 27694 27696 27700 27702
NODE_NUM = 200
FILE aes_secworks_sub_28.aig

# Subcircuit 29
SUB_ID 29
LO (52):  6621 6630 6638 6646 14471 14502 14533 16727 16736 16745 17717 17723 17729 18486 18492 18498 19255 19261 19266 20025 20031 20033 20794 20800 20802 21563 21569 21571 22332 22338 22340 23102 23108 23110 23871 23877 23879 24640 24646 24648 25409 25415 25417 26179 26185 26187 26948 26954 26956 27717 27723 27725
LI (109):  28 39 460 461 462 463 464 465 466 467 468 6199 6201 6204 6208 6627 6635 6643 6645 8754 14450 14466 14470 14481 14497 14501 14512 14528 14532 16719 16720 16728 16729 16737 16738 17712 17713 17718 17719 17724 17725 18163 18481 18483 18487 18489 18493 18495 18932 19250 19252 19256 19258 19264 19702 20020 20022 20026 20028 20471 20789 20791 20795 20797 21240 21558 21560 21564 21566 22009 22327 22329 22333 22335 22779 23097 23099 23103 23105 23548 23866 23868 23872 23874 24317 24635 24637 24641 24643 25086 25404 25406 25410 25412 25856 26174 26176 26180 26182 26625 26943 26945 26949 26951 27394 27712 27714 27718 27720
NODE_NUM = 200
FILE aes_secworks_sub_29.aig

# Subcircuit 30
SUB_ID 30
LO (52):  6645 6653 6660 6667 14563 14593 14623 16754 16763 16772 17735 17741 17747 18504 18510 18516 19273 19279 19285 20043 20049 20055 20812 20818 20823 21581 21587 21589 22350 22356 22358 23120 23126 23128 23889 23895 23897 24658 24664 24666 25427 25433 25435 26197 26203 26205 26966 26972 26974 27735 27741 27743
LI (110):  28 39 469 470 471 472 473 474 475 476 477 6199 6201 6204 6402 6666 8754 14543 14558 14562 14573 14588 14592 14603 14618 14622 16746 16747 16755 16756 16764 16765 17730 17731 17736 17737 17742 17743 18163 18499 18501 18505 18507 18511 18513 18932 19268 19270 19274 19276 19280 19282 19702 20038 20040 20044 20046 20050 20052 20471 20807 20809 20813 20815 20821 21240 21576 21578 21582 21584 22009 22345 22347 22351 22353 22779 23115 23117 23121 23123 23548 23884 23886 23890 23892 24317 24653 24655 24659 24661 25086 25422 25424 25428 25430 25856 26192 26194 26198 26200 26625 26961 26963 26967 26969 27394 27730 27732 27736 27738
NODE_NUM = 200
FILE aes_secworks_sub_30.aig

# Subcircuit 31
SUB_ID 31
LO (52):  6666 6674 6681 6688 14653 14683 14713 16781 16790 16799 17753 17759 17765 18522 18528 18534 19291 19297 19303 20061 20067 20073 20830 20836 20841 21599 21605 21607 22368 22374 22376 23138 23144 23146 23907 23913 23915 24676 24682 24684 25445 25451 25453 26215 26221 26223 26984 26990 26992 27753 27759 27761
LI (110):  28 39 478 479 480 481 482 483 484 485 486 6199 6201 6204 6402 6687 8754 14633 14648 14652 14663 14678 14682 14693 14708 14712 16773 16774 16782 16783 16791 16792 17748 17749 17754 17755 17760 17761 18163 18517 18519 18523 18525 18529 18531 18932 19286 19288 19292 19294 19298 19300 19702 20056 20058 20062 20064 20068 20070 20471 20825 20827 20831 20833 20839 21240 21594 21596 21600 21602 22009 22363 22365 22369 22371 22779 23133 23135 23139 23141 23548 23902 23904 23908 23910 24317 24671 24673 24677 24679 25086 25440 25442 25446 25448 25856 26210 26212 26216 26218 26625 26979 26981 26985 26987 27394 27748 27750 27754 27756
NODE_NUM = 200
FILE aes_secworks_sub_31.aig

# Subcircuit 32
SUB_ID 32
LO (52):  6687 6695 6702 6710 14743 14773 14798 16808 16817 16826 17771 17777 17783 18540 18546 18552 19309 19315 19321 20079 20085 20091 20848 20854 20856 21617 21623 21625 22386 22392 22394 23156 23162 23164 23925 23931 23933 24694 24700 24702 25463 25469 25471 26233 26239 26241 27002 27008 27010 27771 27777 27779
LI (111):  28 39 487 488 489 490 491 492 493 494 495 6199 6201 6204 6208 6402 6707 6709 8754 14723 14738 14742 14753 14768 14772 14780 14793 14797 16800 16801 16809 16810 16818 16819 17766 17767 17772 17773 17778 17779 18163 18535 18537 18541 18543 18547 18549 18932 19304 19306 19310 19312 19316 19318 19702 20074 20076 20080 20082 20086 20088 20471 20843 20845 20849 20851 21240 21612 21614 21618 21620 22009 22381 22383 22387 22389 22779 23151 23153 23157 23159 23548 23920 23922 23926 23928 24317 24689 24691 24695 24697 25086 25458 25460 25464 25466 25856 26228 26230 26234 26236 26625 26997 26999 27003 27005 27394 27766 27768 27772 27774
NODE_NUM = 200
FILE aes_secworks_sub_32.aig

# Subcircuit 33
SUB_ID 33
LO (53):  6709 6715 6717 6726 6734 14823 14848 14873 16835 16844 16853 17789 17795 17801 18558 18564 18570 19327 19333 19339 20097 20103 20109 20866 20872 20874 21635 21641 21643 22404 22410 22412 23174 23180 23182 23943 23949 23951 24712 24718 24720 25481 25487 25489 26251 26257 26259 27020 27026 27028 27789 27795 27797
LI (110):  28 39 496 497 499 500 501 502 503 504 6199 6201 6204 6208 6723 6731 6733 8754 14805 14818 14822 14830 14843 14847 14855 14868 14872 16827 16828 16836 16837 16845 16846 17784 17785 17790 17791 17796 17797 18163 18553 18555 18559 18561 18565 18567 18932 19322 19324 19328 19330 19334 19336 19702 20092 20094 20098 20100 20104 20106 20471 20861 20863 20867 20869 21240 21630 21632 21636 21638 22009 22399 22401 22405 22407 22779 23169 23171 23175 23177 23548 23938 23940 23944 23946 24317 24707 24709 24713 24715 25086 25476 25478 25482 25484 25856 26246 26248 26252 26254 26625 27015 27017 27021 27023 27394 27784 27786 27790 27792
NODE_NUM = 200
FILE aes_secworks_sub_33.aig

# Subcircuit 34
SUB_ID 34
LO (52):  6733 6742 6750 6758 14898 14923 14948 16862 16871 16880 17807 17813 17819 18576 18582 18588 19345 19351 19356 20115 20121 20123 20884 20890 20892 21653 21659 21661 22422 22428 22430 23192 23198 23200 23961 23967 23969 24730 24736 24738 25499 25505 25507 26269 26275 26277 27038 27044 27046 27807 27813 27815
LI (109):  28 39 505 506 507 508 509 510 511 512 513 6199 6201 6204 6208 6739 6747 6755 6757 8754 14880 14893 14897 14905 14918 14922 14930 14943 14947 16854 16855 16863 16864 16872 16873 17802 17803 17808 17809 17814 17815 18163 18571 18573 18577 18579 18583 18585 18932 19340 19342 19346 19348 19354 19702 20110 20112 20116 20118 20471 20879 20881 20885 20887 21240 21648 21650 21654 21656 22009 22417 22419 22423 22425 22779 23187 23189 23193 23195 23548 23956 23958 23962 23964 24317 24725 24727 24731 24733 25086 25494 25496 25500 25502 25856 26264 26266 26270 26272 26625 27033 27035 27039 27041 27394 27802 27804 27808 27810
NODE_NUM = 200
FILE aes_secworks_sub_34.aig

# Subcircuit 35
SUB_ID 35
LO (53):  6757 6766 6771 6773 6782 14973 14998 15023 16889 16898 16907 17825 17831 17837 18594 18600 18606 19363 19369 19375 20133 20139 20145 20902 20908 20910 21671 21677 21679 22440 22446 22448 23210 23216 23218 23979 23985 23987 24748 24754 24756 25517 25523 25525 26287 26293 26295 27056 27062 27064 27825 27831 27833
LI (110):  28 39 514 515 516 517 518 520 521 522 6199 6201 6204 6208 6763 6779 6781 8754 14955 14968 14972 14980 14993 14997 15005 15018 15022 16881 16882 16890 16891 16899 16900 17820 17821 17826 17827 17832 17833 18163 18589 18591 18595 18597 18601 18603 18932 19358 19360 19364 19366 19370 19372 19702 20128 20130 20134 20136 20140 20142 20471 20897 20899 20903 20905 21240 21666 21668 21672 21674 22009 22435 22437 22441 22443 22779 23205 23207 23211 23213 23548 23974 23976 23980 23982 24317 24743 24745 24749 24751 25086 25512 25514 25518 25520 25856 26282 26284 26288 26290 26625 27051 27053 27057 27059 27394 27820 27822 27826 27828
NODE_NUM = 200
FILE aes_secworks_sub_35.aig

# Subcircuit 36
SUB_ID 36
LO (52):  6781 6790 6798 6806 15048 15073 15098 16916 16925 16934 17843 17849 17855 18612 18618 18624 19381 19387 19392 20151 20157 20159 20920 20926 20928 21689 21695 21697 22458 22464 22466 23228 23234 23236 23997 24003 24005 24766 24772 24774 25535 25541 25543 26305 26311 26313 27074 27080 27082 27843 27849 27851
LI (109):  28 39 523 524 525 526 527 528 529 530 531 6199 6201 6204 6208 6787 6795 6803 6805 8754 15030 15043 15047 15055 15068 15072 15080 15093 15097 16908 16909 16917 16918 16926 16927 17838 17839 17844 17845 17850 17851 18163 18607 18609 18613 18615 18619 18621 18932 19376 19378 19382 19384 19390 19702 20146 20148 20152 20154 20471 20915 20917 20921 20923 21240 21684 21686 21690 21692 22009 22453 22455 22459 22461 22779 23223 23225 23229 23231 23548 23992 23994 23998 24000 24317 24761 24763 24767 24769 25086 25530 25532 25536 25538 25856 26300 26302 26306 26308 26625 27069 27071 27075 27077 27394 27838 27840 27844 27846
NODE_NUM = 200
FILE aes_secworks_sub_36.aig

# Subcircuit 37
SUB_ID 37
LO (52):  6805 6814 6822 6830 15123 15148 15173 16943 16952 16961 17861 17867 17873 18630 18636 18642 19399 19405 19410 20169 20175 20177 20938 20944 20946 21707 21713 21715 22476 22482 22484 23246 23252 23254 24015 24021 24023 24784 24790 24792 25553 25559 25561 26323 26329 26331 27092 27098 27100 27861 27867 27869
LI (109):  28 39 532 533 534 535 536 537 538 539 540 6199 6201 6204 6208 6811 6819 6827 6829 8754 15105 15118 15122 15130 15143 15147 15155 15168 15172 16935 16936 16944 16945 16953 16954 17856 17857 17862 17863 17868 17869 18163 18625 18627 18631 18633 18637 18639 18932 19394 19396 19400 19402 19408 19702 20164 20166 20170 20172 20471 20933 20935 20939 20941 21240 21702 21704 21708 21710 22009 22471 22473 22477 22479 22779 23241 23243 23247 23249 23548 24010 24012 24016 24018 24317 24779 24781 24785 24787 25086 25548 25550 25554 25556 25856 26318 26320 26324 26326 26625 27087 27089 27093 27095 27394 27856 27858 27862 27864
NODE_NUM = 200
FILE aes_secworks_sub_37.aig

# Subcircuit 38
SUB_ID 38
LO (52):  6829 6838 6846 6854 15198 15223 15248 16970 16979 16988 17879 17885 17891 18648 18654 18660 19417 19423 19428 20187 20193 20195 20956 20962 20964 21725 21731 21733 22494 22500 22502 23264 23270 23272 24033 24039 24041 24802 24808 24810 25571 25577 25579 26341 26347 26349 27110 27116 27118 27879 27885 27887
LI (109):  28 39 541 542 543 544 545 546 547 548 549 6199 6201 6204 6208 6835 6843 6851 6853 8754 15180 15193 15197 15205 15218 15222 15230 15243 15247 16962 16963 16971 16972 16980 16981 17874 17875 17880 17881 17886 17887 18163 18643 18645 18649 18651 18655 18657 18932 19412 19414 19418 19420 19426 19702 20182 20184 20188 20190 20471 20951 20953 20957 20959 21240 21720 21722 21726 21728 22009 22489 22491 22495 22497 22779 23259 23261 23265 23267 23548 24028 24030 24034 24036 24317 24797 24799 24803 24805 25086 25566 25568 25572 25574 25856 26336 26338 26342 26344 26625 27105 27107 27111 27113 27394 27874 27876 27880 27882
NODE_NUM = 200
FILE aes_secworks_sub_38.aig

# Subcircuit 39
SUB_ID 39
LO (52):  6853 6862 6870 6878 15273 15298 15323 16997 17006 17015 17897 17903 17909 18666 18672 18678 19435 19441 19446 20205 20211 20213 20974 20980 20982 21743 21749 21751 22512 22518 22520 23282 23288 23290 24051 24057 24059 24820 24826 24828 25589 25595 25597 26359 26365 26367 27128 27134 27136 27897 27903 27905
LI (109):  28 39 550 551 552 553 554 555 556 557 558 6199 6201 6204 6208 6859 6867 6875 6877 8754 15255 15268 15272 15280 15293 15297 15305 15318 15322 16989 16990 16998 16999 17007 17008 17892 17893 17898 17899 17904 17905 18163 18661 18663 18667 18669 18673 18675 18932 19430 19432 19436 19438 19444 19702 20200 20202 20206 20208 20471 20969 20971 20975 20977 21240 21738 21740 21744 21746 22009 22507 22509 22513 22515 22779 23277 23279 23283 23285 23548 24046 24048 24052 24054 24317 24815 24817 24821 24823 25086 25584 25586 25590 25592 25856 26354 26356 26360 26362 26625 27123 27125 27129 27131 27394 27892 27894 27898 27900
NODE_NUM = 200
FILE aes_secworks_sub_39.aig

# Subcircuit 40
SUB_ID 40
LO (52):  6877 6886 6894 6901 15348 15373 15397 17024 17033 17042 17915 17921 17927 18684 18690 18696 19453 19459 19465 20223 20229 20231 20992 20998 21000 21761 21767 21769 22530 22536 22538 23300 23306 23308 24069 24075 24077 24838 24844 24846 25607 25613 25615 26377 26383 26385 27146 27152 27154 27915 27921 27923
LI (110):  28 39 559 560 561 562 563 564 565 566 567 6199 6201 6204 6208 6402 6883 6891 6900 8754 15330 15343 15347 15355 15368 15372 15380 15392 15396 17016 17017 17025 17026 17034 17035 17910 17911 17916 17917 17922 17923 18163 18679 18681 18685 18687 18691 18693 18932 19448 19450 19454 19456 19460 19462 19702 20218 20220 20224 20226 20471 20987 20989 20993 20995 21240 21756 21758 21762 21764 22009 22525 22527 22531 22533 22779 23295 23297 23301 23303 23548 24064 24066 24070 24072 24317 24833 24835 24839 24841 25086 25602 25604 25608 25610 25856 26372 26374 26378 26380 26625 27141 27143 27147 27149 27394 27910 27912 27916 27918
NODE_NUM = 199
FILE aes_secworks_sub_40.aig

# Subcircuit 41
SUB_ID 41
LO (52):  6900 6908 6915 6922 15421 15445 15469 17051 17060 17069 17933 17939 17945 18702 18708 18714 19471 19477 19483 20241 20247 20253 21010 21016 21021 21779 21785 21787 22548 22554 22556 23318 23324 23326 24087 24093 24095 24856 24862 24864 25625 25631 25633 26395 26401 26403 27164 27170 27172 27933 27939 27941
LI (110):  28 39 568 569 570 571 572 573 574 575 576 6199 6201 6204 6402 6921 8754 15404 15416 15420 15428 15440 15444 15452 15464 15468 17043 17044 17052 17053 17061 17062 17928 17929 17934 17935 17940 17941 18163 18697 18699 18703 18705 18709 18711 18932 19466 19468 19472 19474 19478 19480 19702 20236 20238 20242 20244 20248 20250 20471 21005 21007 21011 21013 21019 21240 21774 21776 21780 21782 22009 22543 22545 22549 22551 22779 23313 23315 23319 23321 23548 24082 24084 24088 24090 24317 24851 24853 24857 24859 25086 25620 25622 25626 25628 25856 26390 26392 26396 26398 26625 27159 27161 27165 27167 27394 27928 27930 27934 27936
NODE_NUM = 200
FILE aes_secworks_sub_41.aig

# Subcircuit 42
SUB_ID 42
LO (52):  6921 6929 6936 6943 15493 15517 15541 17078 17087 17096 17951 17957 17963 18720 18726 18732 19489 19495 19501 20259 20265 20271 21028 21034 21039 21797 21803 21805 22566 22572 22574 23336 23342 23344 24105 24111 24113 24874 24880 24882 25643 25649 25651 26413 26419 26421 27182 27188 27190 27951 27957 27959
LI (110):  28 39 577 578 579 580 581 582 583 584 585 6199 6201 6204 6402 6942 8754 15476 15488 15492 15500 15512 15516 15524 15536 15540 17070 17071 17079 17080 17088 17089 17946 17947 17952 17953 17958 17959 18163 18715 18717 18721 18723 18727 18729 18932 19484 19486 19490 19492 19496 19498 19702 20254 20256 20260 20262 20266 20268 20471 21023 21025 21029 21031 21037 21240 21792 21794 21798 21800 22009 22561 22563 22567 22569 22779 23331 23333 23337 23339 23548 24100 24102 24106 24108 24317 24869 24871 24875 24877 25086 25638 25640 25644 25646 25856 26408 26410 26414 26416 26625 27177 27179 27183 27185 27394 27946 27948 27952 27954
NODE_NUM = 200
FILE aes_secworks_sub_42.aig

# Subcircuit 43
SUB_ID 43
LO (52):  6942 6950 6958 6963 15565 15584 15603 17105 17114 17123 17969 17975 17981 18738 18744 18750 19507 19513 19519 20277 20283 20289 21046 21052 21057 21815 21821 21823 22584 22590 22592 23354 23360 23362 24123 24129 24131 24892 24898 24900 25661 25667 25669 26431 26437 26439 27200 27206 27208 27969 27975 27977
LI (110):  28 39 586 587 588 589 590 591 592 593 6199 6201 6204 6208 6402 6955 8754 15548 15560 15564 15569 15579 15583 15588 15598 15602 17097 17098 17106 17107 17115 17116 17964 17965 17970 17971 17976 17977 18163 18733 18735 18739 18741 18745 18747 18932 19502 19504 19508 19510 19514 19516 19702 20272 20274 20278 20280 20284 20286 20471 21041 21043 21047 21049 21055 21240 21810 21812 21816 21818 22009 22579 22581 22585 22587 22779 23349 23351 23355 23357 23548 24118 24120 24124 24126 24317 24887 24889 24893 24895 25086 25656 25658 25662 25664 25856 26426 26428 26432 26434 26625 27195 27197 27201 27203 27394 27964 27966 27970 27972
NODE_NUM = 200
FILE aes_secworks_sub_43.aig

# Subcircuit 44
SUB_ID 44
LO (52):  6965 6974 6982 6990 15622 15641 15660 17132 17141 17150 17987 17993 17999 18756 18762 18768 19525 19531 19536 20295 20301 20303 21064 21070 21072 21833 21839 21841 22602 22608 22610 23372 23378 23380 24141 24147 24149 24910 24916 24918 25679 25685 25687 26449 26455 26457 27218 27224 27226 27987 27993 27995
LI (109):  28 39 595 596 597 598 599 600 601 602 603 6199 6201 6204 6208 6971 6979 6987 6989 8754 15607 15617 15621 15626 15636 15640 15645 15655 15659 17124 17125 17133 17134 17142 17143 17982 17983 17988 17989 17994 17995 18163 18751 18753 18757 18759 18763 18765 18932 19520 19522 19526 19528 19534 19702 20290 20292 20296 20298 20471 21059 21061 21065 21067 21240 21828 21830 21834 21836 22009 22597 22599 22603 22605 22779 23367 23369 23373 23375 23548 24136 24138 24142 24144 24317 24905 24907 24911 24913 25086 25674 25676 25680 25682 25856 26444 26446 26450 26452 26625 27213 27215 27219 27221 27394 27982 27984 27988 27990
NODE_NUM = 200
FILE aes_secworks_sub_44.aig

# Subcircuit 45
SUB_ID 45
LO (52):  6989 6998 7006 7014 15679 15698 15717 17159 17168 17177 18005 18011 18017 18774 18780 18786 19543 19549 19554 20313 20319 20321 21082 21088 21090 21851 21857 21859 22620 22626 22628 23390 23396 23398 24159 24165 24167 24928 24934 24936 25697 25703 25705 26467 26473 26475 27236 27242 27244 28005 28011 28013
LI (109):  28 39 604 605 606 607 608 609 610 611 612 6199 6201 6204 6208 6995 7003 7011 7013 8754 15664 15674 15678 15683 15693 15697 15702 15712 15716 17151 17152 17160 17161 17169 17170 18000 18001 18006 18007 18012 18013 18163 18769 18771 18775 18777 18781 18783 18932 19538 19540 19544 19546 19552 19702 20308 20310 20314 20316 20471 21077 21079 21083 21085 21240 21846 21848 21852 21854 22009 22615 22617 22621 22623 22779 23385 23387 23391 23393 23548 24154 24156 24160 24162 24317 24923 24925 24929 24931 25086 25692 25694 25698 25700 25856 26462 26464 26468 26470 26625 27231 27233 27237 27239 27394 28000 28002 28006 28008
NODE_NUM = 200
FILE aes_secworks_sub_45.aig

# Subcircuit 46
SUB_ID 46
LO (53):  7013 7019 7021 7030 7038 15736 15755 15774 17186 17195 17204 18023 18029 18035 18792 18798 18804 19561 19567 19573 20331 20337 20343 21100 21106 21108 21869 21875 21877 22638 22644 22646 23408 23414 23416 24177 24183 24185 24946 24952 24954 25715 25721 25723 26485 26491 26493 27254 27260 27262 28023 28029 28031
LI (110):  28 39 613 614 616 617 618 619 620 621 6199 6201 6204 6208 7027 7035 7037 8754 15721 15731 15735 15740 15750 15754 15759 15769 15773 17178 17179 17187 17188 17196 17197 18018 18019 18024 18025 18030 18031 18163 18787 18789 18793 18795 18799 18801 18932 19556 19558 19562 19564 19568 19570 19702 20326 20328 20332 20334 20338 20340 20471 21095 21097 21101 21103 21240 21864 21866 21870 21872 22009 22633 22635 22639 22641 22779 23403 23405 23409 23411 23548 24172 24174 24178 24180 24317 24941 24943 24947 24949 25086 25710 25712 25716 25718 25856 26480 26482 26486 26488 26625 27249 27251 27255 27257 27394 28018 28020 28024 28026
NODE_NUM = 200
FILE aes_secworks_sub_46.aig

# Subcircuit 47
SUB_ID 47
LO (52):  7037 7046 7054 7062 15793 15812 15831 17213 17222 17231 18041 18047 18053 18810 18816 18822 19579 19585 19590 20349 20355 20357 21118 21124 21126 21887 21893 21895 22656 22662 22664 23426 23432 23434 24195 24201 24203 24964 24970 24972 25733 25739 25741 26503 26509 26511 27272 27278 27280 28041 28047 28049
LI (109):  28 39 622 623 624 625 626 627 628 629 630 6199 6201 6204 6208 7043 7051 7059 7061 8754 15778 15788 15792 15797 15807 15811 15816 15826 15830 17205 17206 17214 17215 17223 17224 18036 18037 18042 18043 18048 18049 18163 18805 18807 18811 18813 18817 18819 18932 19574 19576 19580 19582 19588 19702 20344 20346 20350 20352 20471 21113 21115 21119 21121 21240 21882 21884 21888 21890 22009 22651 22653 22657 22659 22779 23421 23423 23427 23429 23548 24190 24192 24196 24198 24317 24959 24961 24965 24967 25086 25728 25730 25734 25736 25856 26498 26500 26504 26506 26625 27267 27269 27273 27275 27394 28036 28038 28042 28044
NODE_NUM = 200
FILE aes_secworks_sub_47.aig

# Subcircuit 48
SUB_ID 48
LO (52):  7061 7070 7078 7086 15850 15869 15888 17240 17249 17258 18059 18065 18071 18828 18834 18840 19597 19603 19608 20367 20373 20375 21136 21142 21144 21905 21911 21913 22674 22680 22682 23444 23450 23452 24213 24219 24221 24982 24988 24990 25751 25757 25759 26521 26527 26529 27290 27296 27298 28059 28065 28067
LI (109):  28 39 631 632 633 634 635 636 637 638 639 6199 6201 6204 6208 7067 7075 7083 7085 8754 15835 15845 15849 15854 15864 15868 15873 15883 15887 17232 17233 17241 17242 17250 17251 18054 18055 18060 18061 18066 18067 18163 18823 18825 18829 18831 18835 18837 18932 19592 19594 19598 19600 19606 19702 20362 20364 20368 20370 20471 21131 21133 21137 21139 21240 21900 21902 21906 21908 22009 22669 22671 22675 22677 22779 23439 23441 23445 23447 23548 24208 24210 24214 24216 24317 24977 24979 24983 24985 25086 25746 25748 25752 25754 25856 26516 26518 26522 26524 26625 27285 27287 27291 27293 27394 28054 28056 28060 28062
NODE_NUM = 200
FILE aes_secworks_sub_48.aig

# Subcircuit 49
SUB_ID 49
LO (52):  7085 7094 7102 7110 15907 15926 15945 17267 17276 17285 18077 18083 18089 18846 18852 18858 19615 19621 19626 20385 20391 20393 21154 21160 21162 21923 21929 21931 22692 22698 22700 23462 23468 23470 24231 24237 24239 25000 25006 25008 25769 25775 25777 26539 26545 26547 27308 27314 27316 28077 28083 28085
LI (109):  28 39 640 641 642 643 644 645 646 647 648 6199 6201 6204 6208 7091 7099 7107 7109 8754 15892 15902 15906 15911 15921 15925 15930 15940 15944 17259 17260 17268 17269 17277 17278 18072 18073 18078 18079 18084 18085 18163 18841 18843 18847 18849 18853 18855 18932 19610 19612 19616 19618 19624 19702 20380 20382 20386 20388 20471 21149 21151 21155 21157 21240 21918 21920 21924 21926 22009 22687 22689 22693 22695 22779 23457 23459 23463 23465 23548 24226 24228 24232 24234 24317 24995 24997 25001 25003 25086 25764 25766 25770 25772 25856 26534 26536 26540 26542 26625 27303 27305 27309 27311 27394 28072 28074 28078 28080
NODE_NUM = 200
FILE aes_secworks_sub_49.aig

# Subcircuit 50
SUB_ID 50
LO (52):  7109 7118 7126 7134 15964 15983 16002 17294 17303 17312 18095 18101 18107 18864 18870 18876 19633 19639 19644 20403 20409 20411 21172 21178 21180 21941 21947 21949 22710 22716 22718 23480 23486 23488 24249 24255 24257 25018 25024 25026 25787 25793 25795 26557 26563 26565 27326 27332 27334 28095 28101 28103
LI (109):  28 39 649 650 651 652 653 654 655 656 657 6199 6201 6204 6208 7115 7123 7131 7133 8754 15949 15959 15963 15968 15978 15982 15987 15997 16001 17286 17287 17295 17296 17304 17305 18090 18091 18096 18097 18102 18103 18163 18859 18861 18865 18867 18871 18873 18932 19628 19630 19634 19636 19642 19702 20398 20400 20404 20406 20471 21167 21169 21173 21175 21240 21936 21938 21942 21944 22009 22705 22707 22711 22713 22779 23475 23477 23481 23483 23548 24244 24246 24250 24252 24317 25013 25015 25019 25021 25086 25782 25784 25788 25790 25856 26552 26554 26558 26560 26625 27321 27323 27327 27329 27394 28090 28092 28096 28098
NODE_NUM = 200
FILE aes_secworks_sub_50.aig

# Subcircuit 51
SUB_ID 51
LO (52):  7133 7142 7149 7156 16021 16039 16057 17321 17330 17339 18113 18119 18125 18882 18888 18894 19651 19657 19663 20421 20427 20433 21190 21196 21198 21959 21965 21967 22728 22734 22736 23498 23504 23506 24267 24273 24275 25036 25042 25044 25805 25811 25813 26575 26581 26583 27344 27350 27352 28113 28119 28121
LI (111):  28 39 658 659 660 661 662 663 664 665 666 6199 6201 6204 6208 6402 7139 7155 8754 16006 16016 16020 16025 16034 16038 16043 16052 16056 17313 17314 17322 17323 17331 17332 18108 18109 18114 18115 18120 18121 18163 18877 18879 18883 18885 18889 18891 18932 19646 19648 19652 19654 19658 19660 19702 20416 20418 20422 20424 20428 20430 20471 21185 21187 21191 21193 21240 21954 21956 21960 21962 22009 22723 22725 22729 22731 22779 23493 23495 23499 23501 23548 24262 24264 24268 24270 24317 25031 25033 25037 25039 25086 25800 25802 25806 25808 25856 26570 26572 26576 26578 26625 27339 27341 27345 27347 27394 28108 28110 28114 28116
NODE_NUM = 200
FILE aes_secworks_sub_51.aig

# Subcircuit 52
SUB_ID 52
LO (52):  7155 7163 7170 7177 16075 16093 16111 17348 17357 17366 18131 18137 18143 18900 18906 18912 19669 19675 19681 20439 20445 20451 21208 21214 21219 21977 21983 21985 22746 22752 22754 23516 23522 23524 24285 24291 24293 25054 25060 25062 25823 25829 25831 26593 26599 26601 27362 27368 27370 28131 28137 28139
LI (110):  28 39 667 668 669 670 671 672 673 674 675 6199 6201 6204 6402 7176 8754 16061 16070 16074 16079 16088 16092 16097 16106 16110 17340 17341 17349 17350 17358 17359 18126 18127 18132 18133 18138 18139 18163 18895 18897 18901 18903 18907 18909 18932 19664 19666 19670 19672 19676 19678 19702 20434 20436 20440 20442 20446 20448 20471 21203 21205 21209 21211 21217 21240 21972 21974 21978 21980 22009 22741 22743 22747 22749 22779 23511 23513 23517 23519 23548 24280 24282 24286 24288 24317 25049 25051 25055 25057 25086 25818 25820 25824 25826 25856 26588 26590 26594 26596 26625 27357 27359 27363 27365 27394 28126 28128 28132 28134
NODE_NUM = 200
FILE aes_secworks_sub_52.aig

# Subcircuit 53
SUB_ID 53
LO (52):  7176 7184 7191 7198 16129 16147 16165 17375 17384 17393 18149 18155 18161 18918 18924 18930 19687 19693 19699 20457 20463 20469 21226 21232 21237 21995 22001 22003 22764 22770 22772 23534 23540 23542 24303 24309 24311 25072 25078 25080 25841 25847 25849 26611 26617 26619 27380 27386 27388 28149 28155 28157
LI (110):  28 39 676 677 678 679 680 681 682 683 684 6199 6201 6204 6402 7197 8754 16115 16124 16128 16133 16142 16146 16151 16160 16164 17367 17368 17376 17377 17385 17386 18144 18145 18150 18151 18156 18157 18163 18913 18915 18919 18921 18925 18927 18932 19682 19684 19688 19690 19694 19696 19702 20452 20454 20458 20460 20464 20466 20471 21221 21223 21227 21229 21235 21240 21990 21992 21996 21998 22009 22759 22761 22765 22767 22779 23529 23531 23535 23537 23548 24298 24300 24304 24306 24317 25067 25069 25073 25075 25086 25836 25838 25842 25844 25856 26606 26608 26612 26614 26625 27375 27377 27381 27383 27394 28144 28146 28150 28152
NODE_NUM = 200
FILE aes_secworks_sub_53.aig

# Subcircuit 54
SUB_ID 54
LO (61):  7197 7310 7311 7317 7333 7358 7381 7385 7399 7478 7620 7623 7625 7627 7628 7629 7631 7633 7636 7639 7640 7641 7712 7716 7717 7718 7719 7720 7870 7892 7906 7949 8782 8785 8841 8978 8980 8981 9026 9036 9040 9202 9229 9243 9247 9259 9427 9465 9470 9617 9644 9646 9654 9827 9830 9837 9857 9859 9989 10024 10035
LI (27):  685 692 6204 7201 7261 7286 7298 7308 7315 7319 7322 7327 7328 7331 7334 7336 7350 7352 7355 7366 7368 7371 7373 7377 7382 7384 7477
NODE_NUM = 169
FILE aes_secworks_sub_54.aig

# Subcircuit 55
SUB_ID 55
LO (124):  7344 7345 7346 7348 7351 7354 7355 7406 7411 7412 7415 7416 7417 7418 7425 7426 7430 7431 7435 7436 7439 7442 7443 7445 7446 7447 7448 7450 7451 7455 7456 7459 7513 7517 7518 7519 7520 7521 7613 7614 7615 7643 7646 7649 7656 7657 7658 7659 7660 7666 7667 7748 7764 7765 7767 7774 7777 7779 7780 7785 7787 7789 7805 7806 7811 7813 7814 7815 7816 7817 7820 7824 7827 7828 7829 7835 7838 7839 7840 7875 7883 7885 7886 7900 7911 7918 7922 7933 8759 8787 8793 8801 8828 8983 9014 9016 9032 9048 9054 9220 9228 9232 9234 9249 9265 9273 9412 9435 9445 9449 9455 9599 9611 9628 9631 9658 9660 9664 9807 9822 9829 9850 10016 10045
LI (21):  395 7201 7261 7286 7298 7315 7327 7328 7331 7334 7336 7341 7350 7352 7366 7371 7373 7377 7382 7384 7424
NODE_NUM = 193
FILE aes_secworks_sub_55.aig

# Subcircuit 56
SUB_ID 56
LO (71):  7424 7480 7488 7490 7493 7496 7499 7543 7544 7552 7553 7555 7558 7577 7584 7587 7588 7599 7600 7605 7675 7676 7678 7681 7683 7684 7685 7695 7696 7698 7699 7700 7759 7848 7871 7872 7873 7876 7881 7939 7950 8770 8778 8784 8826 8982 8991 8998 9005 9008 9010 9193 9212 9216 9217 9218 9223 9413 9461 9474 9476 9610 9650 9800 9808 9813 9842 9844 9999 10008 10020
LI (26):  392 7201 7261 7286 7310 7315 7319 7322 7327 7328 7331 7334 7336 7350 7352 7366 7368 7371 7373 7377 7382 7422 7462 7542 7568 7571
NODE_NUM = 192
FILE aes_secworks_sub_56.aig

# Subcircuit 57
SUB_ID 57
LO (43):  7477 9063 9168 9186 9280 9390 9408 9484 9576 9594 9675 9772 9790 13558 13574 13576 13600 13616 13618 13642 13658 13660 13684 13700 13702 13882 13895 13905 16264 16265 16273 16274 16282 16283 16291 16292 16552 16553 17408 17414 17420 17426 17600
LI (87):  28 35 6199 6201 7368 7442 7443 7447 7450 7451 7456 7475 7539 7659 7661 7869 7918 8754 9002 9012 9029 9034 9042 9058 9072 9077 9167 9177 9182 9215 9227 9245 9260 9267 9268 9273 9289 9294 9389 9399 9404 9422 9425 9427 9433 9481 9493 9498 9575 9585 9590 9614 9624 9641 9656 9662 9664 9668 9684 9689 9771 9781 9786 13555 13556 13567 13572 13597 13598 13609 13614 13639 13640 13651 13656 13681 13682 13693 13698 13857 13862 13870 13875 13881 13888 13893 13901
NODE_NUM = 195
FILE aes_secworks_sub_57.aig

# Subcircuit 58
SUB_ID 58
LO (46):  7475 7962 8733 8751 8847 8956 8974 9624 9867 9960 9978 10057 10152 10170 13474 13490 13492 13516 13532 13534 13726 13742 13744 13768 13784 13786 13817 13848 16246 16247 16255 16256 16300 16301 16309 16310 16534 16535 16543 16544 17396 17402 17432 17438 17588 17594
LI (84):  28 35 6199 6201 7368 7406 7417 7418 7459 7466 7474 7643 7869 7891 7898 7900 7908 7959 7971 7976 8732 8742 8747 8776 8791 8797 8800 8801 8811 8843 8856 8861 8955 8965 8970 9623 9805 9816 9833 9847 9850 9851 9861 9876 9881 9959 9969 9974 10002 10012 10026 10028 10030 10039 10052 10066 10071 10151 10161 10166 13471 13472 13483 13488 13513 13514 13525 13530 13723 13724 13735 13740 13765 13766 13777 13782 13795 13800 13808 13813 13826 13831 13839 13844
NODE_NUM = 200
FILE aes_secworks_sub_58.aig

# Subcircuit 59
SUB_ID 59
LO (31):  7466 7474 7539 7542 7869 7891 7898 7959 8776 8800 8811 8843 9012 9029 9058 9227 9245 9268 9422 9481 9614 9641 9668 9805 9816 9833 10002 10028 10030 10039 10052
LI (124):  7261 7315 7319 7322 7327 7331 7334 7336 7344 7348 7350 7352 7366 7368 7371 7373 7382 7384 7415 7446 7459 7462 7513 7518 7519 7520 7521 7526 7611 7643 7656 7658 7662 7670 7703 7738 7740 7741 7752 7768 7787 7789 7802 7821 7834 7835 7838 7839 7840 7848 7856 7859 7862 7864 7866 7874 7875 7882 7885 7886 7894 7895 7911 7916 7920 7922 7927 7930 7933 7935 7958 8762 8765 8767 8771 8773 8806 8810 8827 8830 8832 8841 9011 9015 9018 9028 9050 9054 9217 9218 9220 9225 9230 9232 9235 9244 9412 9413 9421 9441 9443 9445 9449 9457 9480 9599 9613 9632 9640 9795 9797 9801 9809 9813 9815 9817 9825 9832 9984 10000 10035 10037 10043 10051
NODE_NUM = 168
FILE aes_secworks_sub_59.aig

# Subcircuit 60
SUB_ID 60
LO (40):  7568 7571 7611 7661 7662 7670 7686 7738 7768 7908 7951 7958 8762 8791 8827 8832 9002 9011 9028 9034 9042 9215 9244 9260 9421 9425 9433 9443 9480 9613 9623 9640 9656 9797 9847 9861 9984 10000 10026 10037
LI (141):  7261 7311 7315 7319 7322 7327 7331 7333 7334 7336 7345 7350 7351 7352 7366 7368 7371 7373 7381 7382 7384 7385 7399 7443 7445 7448 7455 7462 7478 7490 7496 7543 7544 7552 7553 7558 7577 7584 7587 7588 7599 7600 7605 7607 7613 7614 7615 7623 7625 7633 7636 7639 7641 7657 7660 7664 7666 7667 7674 7675 7676 7678 7681 7683 7684 7687 7699 7704 7705 7716 7717 7720 7759 7764 7767 7871 7902 7906 7939 7940 7949 7952 8759 8760 8761 8778 8782 8784 8790 8826 8985 8986 8988 8991 8999 9005 9010 9027 9032 9036 9040 9041 9192 9198 9202 9212 9239 9243 9247 9249 9259 9412 9417 9419 9431 9442 9464 9465 9470 9474 9476 9601 9612 9619 9620 9636 9637 9648 9650 9654 9837 9842 9844 9857 9859 9982 9989 9999 10018 10020 10024
NODE_NUM = 200
FILE aes_secworks_sub_60.aig

# Subcircuit 61
SUB_ID 61
LO (68):  7687 7703 7704 7740 7741 7752 7802 7821 7834 7856 7859 7862 7874 7882 7894 7895 7902 7916 7920 7927 7930 7952 7971 7990 8002 8015 8024 8027 8037 8039 8765 8767 8771 8773 8790 8797 8806 8810 8999 9015 9018 9050 9192 9198 9225 9235 9239 9267 9417 9441 9457 9464 9601 9619 9620 9632 9662 9795 9801 9817 9825 9851 10012 10018 10043 10051 14780 15569
LI (150):  116 180 303 306 309 312 495 591 700 701 713 5738 6199 7201 7208 7211 7213 7261 7315 7319 7322 7327 7331 7334 7336 7350 7352 7366 7368 7371 7373 7382 7384 7406 7411 7412 7415 7416 7425 7426 7430 7431 7435 7436 7439 7462 7480 7488 7493 7499 7517 7555 7620 7640 7646 7649 7685 7686 7695 7696 7698 7699 7700 7718 7719 7748 7765 7774 7777 7779 7780 7785 7789 7805 7806 7811 7813 7814 7815 7816 7817 7818 7820 7824 7825 7827 7828 7829 7839 7870 7873 7875 7876 7881 7892 7914 7918 7950 7951 7962 7965 8022 8035 8038 8765 8770 8784 8785 8786 8787 8793 8978 8980 8998 9014 9016 9045 9048 9049 9191 9193 9197 9216 9223 9234 9261 9265 9266 9413 9435 9438 9440 9455 9462 9615 9617 9628 9631 9658 9660 9800 9822 10004 10006 10007 10008 10014 10016 10045 10050
NODE_NUM = 200
FILE aes_secworks_sub_61.aig

# Subcircuit 62
SUB_ID 62
LO (79):  8038 8041 8050 8053 8063 8066 8075 8079 8080 8081 8082 8086 8098 8102 8127 8130 8133 8136 8145 8147 8150 8152 8161 8164 8166 8167 8168 8389 8392 8394 8396 8400 8401 8405 8408 8409 8476 8481 8483 8485 8486 8487 8488 8489 8661 8675 8712 8717 8889 8892 8942 8947 9081 9082 9129 9139 9143 9310 9351 9355 9361 9366 9517 9555 9560 9712 9738 9741 9749 9918 9921 9928 9947 9950 10082 10117 10128 32903 34845
LI (46):  118 120 122 182 184 186 315 318 321 324 702 703 704 705 706 707 5738 7201 7208 7211 7213 8030 8037 8047 8055 8060 8067 8072 8077 8084 8088 8091 8096 8097 8100 8103 8105 8119 8121 8124 8135 8137 8140 8142 8146 8151
NODE_NUM = 170
FILE aes_secworks_sub_62.aig

# Subcircuit 63
SUB_ID 63
LO (124):  8113 8114 8115 8117 8120 8123 8124 8175 8180 8181 8184 8185 8186 8187 8194 8195 8199 8200 8204 8205 8208 8211 8212 8214 8215 8216 8217 8219 8220 8224 8225 8228 8282 8286 8287 8288 8289 8290 8382 8383 8384 8412 8415 8418 8425 8426 8427 8428 8429 8435 8436 8517 8533 8534 8536 8543 8546 8548 8549 8554 8556 8558 8574 8575 8580 8582 8583 8584 8585 8586 8589 8593 8596 8597 8598 8604 8607 8608 8609 8644 8652 8654 8655 8669 8680 8687 8691 8702 8866 8894 8900 8908 8935 9086 9117 9119 9135 9151 9157 9328 9336 9340 9342 9357 9373 9381 9502 9525 9535 9539 9545 9694 9706 9723 9726 9753 9755 9759 9898 9913 9920 9941 10109 10138
LI (21):  717 7201 8030 8055 8067 8084 8096 8097 8100 8103 8105 8110 8119 8121 8135 8140 8142 8146 8151 8153 8193
NODE_NUM = 193
FILE aes_secworks_sub_63.aig

# Subcircuit 64
SUB_ID 64
LO (51):  8731 8732 8954 8955 9166 9167 9388 9389 9574 9575 9770 9771 9958 9959 10150 10151 10944 10960 10961 11074 11092 11200 11218 11331 11349 11444 11462 11562 11580 11676 11694 11713 11714 16327 16328 16336 16337 16345 16346 16354 16355 16363 16364 16372 16373 17450 17456 17462 17468 17474 17480
LI (85):  28 35 6199 6201 8133 8145 8147 8150 8152 8153 8172 8246 8379 8476 8483 8491 8637 8650 8660 8679 8705 8711 8712 8717 8725 8872 8883 8898 8919 8934 8941 8942 8947 9081 9082 9087 9104 9164 9300 9306 9309 9310 9320 9386 9505 9510 9572 9769 9957 10149 10943 10953 10958 10974 10979 11073 11083 11088 11104 11109 11199 11209 11214 11230 11235 11330 11340 11345 11361 11366 11443 11453 11458 11474 11479 11561 11571 11576 11592 11597 11675 11685 11690 11706 11711
NODE_NUM = 200
FILE aes_secworks_sub_64.aig

# Subcircuit 65
SUB_ID 65
LO (81):  8172 8193 8249 8250 8251 8255 8257 8259 8262 8265 8267 8268 8271 8312 8313 8318 8321 8322 8324 8327 8346 8349 8353 8354 8358 8364 8365 8370 8372 8374 8444 8445 8447 8450 8451 8455 8461 8464 8465 8466 8470 8526 8528 8614 8617 8640 8645 8647 8660 8708 8719 8877 8891 8929 8931 9085 9093 9100 9108 9111 9303 9315 9319 9325 9331 9386 9503 9564 9566 9705 9769 9891 9899 9903 9932 9935 9957 10087 10091 10101 10149
LI (59):  716 7201 8030 8055 8079 8082 8084 8088 8091 8096 8097 8098 8100 8103 8105 8119 8135 8136 8137 8140 8142 8146 8153 8161 8164 8166 8167 8168 8191 8231 8311 8337 8340 8641 8642 8659 9335 9353 9360 9361 9366 9383 9709 9719 9736 9738 9742 9750 9765 9896 9907 9924 9938 9945 9947 9951 10076 10094 10148
NODE_NUM = 189
FILE aes_secworks_sub_65.aig

# Subcircuit 66
SUB_ID 66
LO (27):  8246 8291 8292 8293 8311 8605 8637 8659 8679 8705 8711 8883 8919 8941 9164 9306 9335 9383 9572 9719 9736 9765 9896 9907 9924 9945 10148
LI (144):  8030 8084 8088 8091 8096 8100 8103 8105 8113 8117 8119 8121 8135 8137 8140 8142 8151 8153 8175 8180 8184 8185 8186 8187 8211 8212 8214 8215 8216 8219 8220 8224 8225 8228 8231 8235 8243 8244 8282 8295 8308 8411 8412 8415 8426 8427 8428 8429 8439 8440 8458 8465 8472 8505 8506 8521 8537 8571 8590 8631 8635 8644 8651 8654 8655 8663 8664 8667 8669 8677 8680 8685 8687 8689 8691 8704 8708 8710 8869 8871 8872 8881 8904 8907 8908 8913 8917 8918 8937 9115 9132 9135 9137 9145 9153 9157 9161 9304 9325 9326 9328 9333 9375 9376 9381 9515 9517 9523 9525 9530 9532 9535 9539 9547 9570 9571 9718 9727 9735 9757 9759 9763 9886 9888 9892 9900 9904 9906 9908 9916 9923 9941 9942 10105 10119 10121 10123 10128 10130 10132 10137 10138 10143 10145
NODE_NUM = 198
FILE aes_secworks_sub_66.aig

# Subcircuit 67
SUB_ID 67
LO (48):  8295 8337 8340 8379 8411 8438 8439 8440 8458 8491 8505 8537 8650 8651 8674 8677 8710 8725 8867 8869 8898 8934 9104 9115 9132 9145 9309 9320 9326 9353 9356 9358 9508 9515 9523 9570 9709 9718 9735 9750 9888 9904 9906 9938 9949 10094 10105 10119
LI (138):  8030 8080 8084 8088 8091 8096 8100 8102 8103 8105 8114 8119 8120 8121 8135 8137 8140 8142 8150 8151 8153 8168 8231 8265 8267 8268 8271 8287 8290 8293 8312 8321 8322 8327 8346 8349 8353 8354 8358 8364 8365 8370 8372 8374 8376 8382 8383 8384 8392 8394 8402 8405 8408 8410 8435 8436 8444 8445 8447 8450 8452 8453 8456 8461 8468 8485 8486 8489 8528 8533 8536 8614 8640 8646 8647 8671 8675 8721 8866 8867 8868 8885 8889 8891 8897 8933 9089 9091 9093 9094 9102 9107 9108 9110 9111 9124 9130 9139 9143 9144 9315 9319 9325 9328 9345 9347 9351 9355 9554 9555 9560 9564 9566 9695 9696 9707 9711 9713 9717 9731 9732 9745 9749 9903 9928 9933 9935 10079 10082 10087 10091 10092 10097 10098 10103 10111 10113 10117
NODE_NUM = 199
FILE aes_secworks_sub_67.aig

# Subcircuit 68
SUB_ID 68
LO (64):  8402 8410 8452 8453 8456 8468 8472 8521 8571 8590 8631 8635 8641 8642 8646 8663 8664 8671 8685 8688 8704 8721 8872 8881 8897 8904 8913 8917 8933 8937 9102 9107 9124 9130 9153 9300 9333 9345 9347 9375 9505 9530 9547 9554 9695 9696 9711 9713 9717 9727 9740 9745 9757 9886 9892 9908 9916 9933 10079 10098 10103 10111 10137 10143
LI (144):  8030 8081 8084 8088 8091 8096 8100 8103 8105 8119 8121 8123 8130 8135 8137 8140 8142 8151 8153 8181 8194 8195 8199 8200 8204 8205 8208 8231 8249 8250 8251 8255 8257 8262 8268 8286 8287 8293 8313 8318 8324 8389 8396 8401 8409 8418 8425 8451 8455 8464 8466 8470 8487 8517 8526 8533 8534 8543 8546 8548 8549 8554 8556 8558 8574 8575 8579 8580 8582 8583 8584 8585 8586 8587 8589 8593 8594 8596 8597 8598 8604 8605 8607 8608 8609 8610 8617 8618 8640 8644 8645 8654 8661 8683 8702 8719 8870 8877 8880 8891 8892 8893 8894 8900 8929 8931 8935 9081 9100 9117 9119 9129 9148 9151 9152 9299 9331 9336 9341 9342 9344 9369 9373 9374 9502 9503 9528 9545 9553 9694 9712 9716 9723 9726 9753 9755 9891 9913 9932 10101 10107 10109 10134 10135
NODE_NUM = 200
FILE aes_secworks_sub_68.aig

# Subcircuit 69
SUB_ID 69
LO (50):  8689 8742 8747 8830 8870 8871 8880 8965 8970 8985 8986 9027 9072 9087 9089 9177 9182 9191 9230 9289 9299 9304 9341 9360 9399 9404 9419 9431 9442 9462 9493 9510 9532 9582 13857 13870 13888 13901 13929 14793 14818 14830 14843 14855 14868 14880 15579 15598 15617 15636
LI (97):  310 313 316 405 406 408 409 412 496 499 501 502 504 505 507 508 592 595 598 601 718 720 721 722 723 724 725 726 727 728 729 6199 6201 7346 7354 7518 7625 7628 7629 7631 7681 7712 7764 7883 7906 8115 8289 8290 8291 8394 8400 8418 8450 8465 8481 8488 8652 8655 8687 8688 8733 8736 8759 8828 8866 8956 8959 8981 8982 8983 9026 9063 9085 9086 9168 9220 9228 9229 9280 9303 9340 9356 9357 9358 9390 9461 9484 9487 9508 14791 14816 14841 14866 15577 15596 15615 15634
NODE_NUM = 200
FILE aes_secworks_sub_69.aig

# Subcircuit 70
SUB_ID 70
LO (40):  9585 9590 9612 9615 9637 9648 9684 9707 9716 9732 9742 9781 9786 9809 9832 9876 13975 13988 14006 14905 14918 14930 15664 15674 15683 16583 17621 18390 19159 19929 20698 21467 22236 23006 23775 24544 25313 26083 26852 27621
LI (101):  28 39 319 414 415 417 510 511 513 606 607 609 716 730 731 732 733 6199 6201 7317 7354 7627 7765 8086 8123 8259 8674 8754 9008 9216 9220 9582 9610 9611 9644 9646 9675 9705 9706 9740 9741 9772 9807 9808 9827 9829 9830 9867 13955 13968 13971 13974 13986 14002 14005 14916 15672 16575 16576 16578 17616 17617 18163 18385 18387 18932 19154 19156 19702 19924 19926 20471 20693 20695 21240 21462 21464 22009 22231 22233 22779 23001 23003 23548 23770 23772 24317 24539 24541 25086 25308 25310 25856 26078 26080 26625 26847 26849 27394 27616 27618
NODE_NUM = 189
FILE aes_secworks_sub_70.aig

# Subcircuit 71
SUB_ID 71
LO (44):  9900 9923 9951 9969 9974 9982 10004 10014 10066 14002 14037 14943 14955 15693 16592 16601 17627 17633 18396 18402 19165 19171 19935 19941 20704 20710 21473 21479 22242 22248 23012 23018 23781 23787 24550 24556 25319 25325 26089 26095 26858 26864 27627 27629
LI (112):  28 39 322 418 420 514 516 610 717 734 735 6199 6201 7358 7667 7870 7872 8754 9026 9111 9617 9807 9808 9898 9899 9918 9920 9921 9949 9950 9960 10057 13986 13988 13999 14017 14033 14036 14941 15691 16584 16585 16593 16594 16596 17622 17623 17628 17629 18163 18391 18393 18397 18399 18932 19160 19162 19166 19168 19702 19930 19932 19936 19938 20471 20699 20701 20705 20707 21240 21468 21470 21474 21476 22009 22237 22239 22243 22245 22779 23007 23009 23013 23015 23548 23776 23778 23782 23784 24317 24545 24547 24551 24553 25086 25314 25316 25320 25322 25856 26084 26086 26090 26092 26625 26853 26855 26859 26861 27394 27622 27624
NODE_NUM = 200
FILE aes_secworks_sub_71.aig

# Subcircuit 72
SUB_ID 72
LO (77):  10076 10097 10107 10130 10134 10161 10166 10215 10241 10294 10295 10297 10298 10299 10301 10302 10307 10311 10313 10314 10316 10327 10328 10330 10332 10336 10344 10362 10364 10374 10378 10379 10380 10383 10610 10611 10613 10649 10650 10651 10742 10744 10745 10747 10850 10872 10883 10928 11012 11055 11063 11162 11171 11278 11290 11300 11302 11307 11370 11385 11400 11428 11522 11527 11532 11637 11656 11662 11665 11747 11768 14033 14968 15712 16596 28320 32119
LI (41):  28 126 325 421 517 613 736 737 6199 6201 7201 7207 7208 7211 8127 8217 8288 8292 8436 8438 8867 9129 9502 9712 9898 9899 10152 10194 10197 10201 10214 10240 10292 10306 10309 10325 10329 14017 14030 14966 15710
NODE_NUM = 183
FILE aes_secworks_sub_72.aig

# Subcircuit 73
SUB_ID 73
LO (102):  10194 10197 10201 10214 10240 10306 10329 10346 10347 10348 10351 10352 10353 10355 10398 10399 10431 10432 10433 10434 10435 10436 10439 10440 10441 10468 10469 10470 10471 10473 10478 10479 10482 10507 10510 10511 10513 10521 10527 10529 10545 10546 10547 10549 10551 10591 10596 10598 10599 10600 10601 10603 10605 10654 10672 10675 10676 10858 10886 10887 10934 10985 10995 11010 11027 11038 11113 11125 11132 11158 11174 11187 11258 11371 11492 11502 11506 11727 11730 11762 30237 30238 30241 30302 30359 30423 30487 30545 30603 30661 30716 30777 30835 32128 32247 32311 32604 32723 32784 34005 34006 34545
LI (69):  62 124 172 174 176 178 180 182 184 186 188 190 192 254 330 5738 7201 7207 7208 7211 7213 10205 10206 10209 10213 10215 10227 10228 10230 10234 10238 10292 10294 10298 10301 10309 10325 10344 10367 10383 10386 10393 10396 10421 10423 10430 10443 10446 10454 10460 10467 10476 10490 10506 10520 10524 10532 10539 10541 10544 10554 10588 10621 10653 28317 28318 28319 30234 30299
NODE_NUM = 200
FILE aes_secworks_sub_73.aig

# Subcircuit 74
SUB_ID 74
LO (110):  10205 10209 10213 10227 10228 10230 10234 10238 10266 10292 10308 10309 10325 10357 10358 10359 10360 10361 10363 10365 10366 10367 10386 10388 10389 10390 10391 10392 10393 10394 10395 10396 10423 10425 10427 10428 10430 10442 10443 10444 10446 10449 10450 10514 10515 10516 10517 10518 10519 10520 10541 10614 10615 10616 10620 10623 10625 10626 10627 10629 10634 10636 10637 10638 10639 10640 10689 10690 10691 10702 10705 10707 10708 10709 10710 10711 10712 10713 10714 10715 10723 10724 10734 10736 10855 10867 10879 10892 10902 10923 10933 10984 11026 11032 11042 11060 11157 11167 11186 11189 11191 11253 11269 11381 11403 11603 11636 11645 11722 11763
LI (36):  60 64 66 128 130 132 194 252 256 258 327 333 336 5738 7201 7207 7208 7211 7213 10219 10241 10245 10248 10252 10265 10291 10295 10307 10311 10314 10316 10324 10330 10332 10362 10364
NODE_NUM = 153
FILE aes_secworks_sub_74.aig

# Subcircuit 75
SUB_ID 75
LO (88):  10245 10248 10252 10265 10291 10324 10405 10406 10411 10412 10414 10415 10416 10418 10421 10459 10460 10467 10476 10486 10490 10558 10560 10566 10567 10568 10572 10583 10584 10585 10677 10679 10681 10682 10683 10730 10731 10754 10757 10759 10760 10764 10765 10787 10790 10791 10793 10794 10797 10798 10826 10827 10851 10852 10853 10863 10865 10866 10894 10983 10990 10994 11011 11047 11118 11124 11131 11140 11179 11242 11256 11266 11272 11311 11314 11397 11418 11432 11489 11520 11542 11607 11614 11624 11726 11742 11748 33325
LI (40):  68 70 72 134 196 198 260 262 339 342 2957 5738 7201 7207 7208 7211 7213 10241 10257 10266 10271 10273 10277 10290 10295 10299 10302 10307 10308 10311 10314 10316 10323 10330 10332 10362 10364 10403 28293 33318
NODE_NUM = 170
FILE aes_secworks_sub_75.aig

# Subcircuit 76
SUB_ID 76
LO (49):  10271 10273 10277 10290 10323 10403 10454 10942 10943 11442 11443 11560 11561 11790 11792 11808 11810 12584 12602 13084 13102 13202 13220 13432 13450 14280 14295 14311 14419 14435 14450 14466 14512 16390 16391 16426 16427 16435 16436 16453 16454 17492 17516 17522 17534 28755 28994 29056 29174
LI (92):  28 35 74 136 138 200 202 345 348 738 739 740 741 5738 6199 6201 7201 7207 7208 7211 7213 10283 10299 10328 10443 10446 10450 10452 10514 10515 10849 10871 10874 10875 10889 10939 11186 11380 11392 11406 11407 11415 11438 11499 11509 11526 11541 11547 11550 11551 11713 11714 11735 11745 11759 11764 11772 11785 11801 11806 11822 11827 12583 12593 12598 13001 13006 13083 13093 13098 13114 13119 13201 13211 13216 13346 13351 13431 13441 13446 14273 14278 14291 14304 14309 14415 14428 14433 14446 14459 14464 14508
NODE_NUM = 198
FILE aes_secworks_sub_76.aig

# Subcircuit 77
SUB_ID 77
LO (38):  10452 11072 11073 11329 11330 11674 11675 12732 12989 13334 14326 14342 14388 14404 14481 14497 15205 15218 15255 15268 15330 15343 15892 15902 15930 15940 15987 15997 16171 16399 16403 16417 16421 16444 16448 17501 17512 17528
LI (82):  28 35 39 642 643 648 649 657 658 891 6199 6201 10302 10443 10444 10449 10521 10849 11001 11016 11022 11024 11028 11036 11068 11264 11266 11267 11269 11274 11326 11612 11616 11620 11622 11671 12614 12619 12713 12723 12728 12870 12875 12970 12980 12985 13232 13237 13315 13325 13330 14322 14335 14340 14384 14397 14402 14477 14490 14495 15201 15211 15216 15251 15261 15266 15326 15336 15341 15900 15938 15995 16166 16395 16396 16413 16414 16440 16441 17496 17497 17509
NODE_NUM = 200
FILE aes_secworks_sub_77.aig

# Subcircuit 78
SUB_ID 78
LO (33):  10506 10849 10939 11001 11022 11036 11198 11199 11326 11380 11415 11438 11499 11526 11622 11785 12858 14357 14373 15230 15243 15911 15921 16408 16412 17507 18276 19045 20584 21353 22122 23661 24426
LI (117):  28 35 39 645 646 6199 6201 10241 10295 10299 10302 10307 10314 10316 10330 10332 10346 10348 10351 10353 10357 10362 10364 10405 10591 10718 10725 10731 10748 10766 10772 10774 10777 10780 10797 10814 10828 10832 10839 10844 10866 10905 10907 10910 10938 10987 10990 10992 10996 10998 11019 11020 11033 11034 11137 11146 11150 11152 11163 11194 11279 11293 11309 11312 11314 11323 11370 11371 11379 11412 11419 11421 11437 11484 11488 11495 11512 11514 11525 11776 11780 11782 12744 12749 12839 12849 12854 14353 14366 14371 15226 15236 15241 15919 16404 16405 17502 17503 18163 18271 18273 18932 19040 19042 20471 20579 20581 21240 21348 21350 22009 22117 22119 23548 23656 23658 24317
NODE_NUM = 200
FILE aes_secworks_sub_78.aig

# Subcircuit 79
SUB_ID 79
LO (37):  10524 10532 10539 10544 10554 10588 10621 10641 10642 10653 10718 10748 10828 10871 10938 11016 11057 11068 11137 11146 11178 11264 11267 11293 11392 11437 11484 11495 11509 11525 11541 11616 11620 11671 11735 11745 11759
LI (138):  10241 10295 10299 10302 10307 10311 10314 10316 10330 10332 10357 10362 10364 10423 10425 10435 10442 10459 10479 10527 10529 10535 10538 10541 10544 10547 10549 10558 10560 10567 10572 10582 10583 10584 10585 10613 10620 10637 10640 10644 10651 10654 10672 10684 10692 10705 10709 10711 10712 10716 10734 10736 10747 10827 10851 10854 10855 10861 10869 10881 10918 10921 10922 10929 10935 10984 11007 11008 11014 11038 11043 11047 11049 11055 11056 11066 11067 11116 11118 11126 11127 11134 11135 11142 11166 11167 11177 11239 11247 11248 11253 11257 11258 11261 11266 11269 11287 11292 11387 11389 11423 11428 11429 11432 11491 11492 11501 11503 11507 11520 11524 11533 11534 11539 11614 11619 11633 11634 11638 11640 11642 11646 11647 11648 11669 11717 11719 11724 11728 11730 11732 11736 11738 11743 11744 11751 11753 11757
NODE_NUM = 200
FILE aes_secworks_sub_79.aig

# Subcircuit 80
SUB_ID 80
LO (67):  10684 10692 10716 10725 10766 10772 10774 10777 10780 10814 10832 10839 10844 10854 10861 10869 10874 10875 10881 10889 10898 10905 10907 10910 10929 10992 10998 11007 11019 11020 11033 11034 11043 11066 11116 11150 11152 11194 11239 11247 11274 11312 11323 11379 11406 11407 11412 11421 11423 11488 11501 11503 11512 11514 11539 11547 11551 11612 11633 11646 11669 11719 11724 11757 11776 11780 11782
LI (144):  10241 10295 10299 10302 10307 10311 10313 10314 10316 10330 10332 10346 10348 10351 10353 10358 10359 10360 10361 10362 10363 10364 10365 10366 10378 10386 10390 10391 10392 10394 10395 10396 10398 10405 10406 10411 10412 10415 10416 10418 10435 10441 10442 10450 10473 10478 10482 10516 10566 10615 10620 10626 10629 10636 10675 10676 10683 10689 10691 10698 10699 10702 10705 10715 10723 10724 10730 10742 10754 10757 10759 10760 10765 10787 10791 10793 10794 10798 10804 10812 10850 10853 10858 10861 10865 10866 10867 10872 10879 10881 10883 10887 10892 10893 10894 10904 10923 10928 10990 11005 11018 11032 11042 11060 11065 11113 11149 11178 11179 11181 11183 11192 11244 11246 11272 11311 11319 11321 11371 11378 11393 11397 11398 11405 11487 11502 11511 11543 11545 11605 11607 11609 11624 11626 11629 11645 11657 11659 11661 11662 11667 11722 11756 11778
NODE_NUM = 200
FILE aes_secworks_sub_80.aig

# Subcircuit 81
SUB_ID 81
LO (44):  10904 10918 10921 10935 10953 10958 10974 10987 10996 11005 11014 11024 11028 11056 11065 11083 11088 11098 11605 11738 14068 14078 14094 14993 15005 15018 15731 15740 15750 16610 17639 18408 19177 19947 20716 21485 22254 23024 23793 24562 25331 26101 26870 27639
LI (108):  28 39 328 331 424 426 427 429 520 522 523 616 618 619 742 743 744 745 6199 6201 8754 8954 10297 10379 10469 10507 10511 10517 10518 10600 10601 10613 10614 10638 10714 10745 10826 10898 10902 10903 10933 10934 10944 10983 10984 10985 10994 10995 11010 11011 11012 11026 11027 11063 11074 11603 14048 14050 14061 14067 14092 14991 15016 15729 15748 16602 16603 17634 17635 18163 18403 18405 18932 19172 19174 19702 19942 19944 20471 20711 20713 21240 21480 21482 22009 22249 22251 22779 23019 23021 23548 23788 23790 24317 24557 24559 25086 25326 25328 25856 26096 26098 26625 26865 26867 27394 27634 27636
NODE_NUM = 196
FILE aes_secworks_sub_81.aig

# Subcircuit 82
SUB_ID 82
LO (42):  11104 11126 11127 11134 11142 11149 11163 11166 11177 11192 11209 11214 11230 11244 11257 11279 11287 11292 11309 11319 11321 11340 11345 11361 11378 11387 11389 11393 11405 11419 11447 14125 14140 14156 14171 15030 15043 15055 15068 15080 15769 15788
LI (114):  334 337 339 340 430 432 433 435 436 525 526 528 529 531 622 625 746 747 748 749 750 751 6199 6201 9166 9388 9574 10336 10347 10355 10361 10379 10380 10388 10389 10398 10399 10414 10427 10432 10433 10436 10439 10449 10468 10478 10510 10519 10545 10551 10568 10596 10598 10599 10600 10605 10611 10616 10627 10639 10651 10679 10681 10702 10709 10713 10723 10744 10764 10790 10863 10883 10886 10898 11057 11098 11124 11125 11131 11132 11140 11157 11158 11162 11171 11174 11176 11186 11187 11191 11200 11242 11256 11269 11278 11290 11300 11302 11307 11308 11331 11381 11385 11386 11400 11403 11404 11418 14123 14154 15041 15066 15767 15786
NODE_NUM = 196
FILE aes_secworks_sub_82.aig

# Subcircuit 83
SUB_ID 83
LO (41):  11453 11458 11474 11487 11491 11507 11511 11524 11533 11543 11550 11571 11576 11592 11609 11619 11634 11638 11642 11657 11659 11667 11685 11690 11706 14202 14218 14233 14249 14260 15093 15105 15118 15130 15143 15151 15807 15816 15826 15835 15845
LI (82):  343 346 438 439 441 442 444 532 534 535 537 538 540 628 630 631 633 634 740 741 752 753 754 755 756 6199 6201 9770 9958 10313 10327 10352 10361 10374 10431 10432 10434 10440 10470 10471 10479 10486 10513 10519 10546 10603 10610 10623 10634 10641 10650 10677 10682 10683 10690 10707 10708 10710 10851 11189 11444 11447 11489 11506 11522 11527 11532 11542 11562 11636 11637 11656 11665 11676 14216 14247 15091 15116 15141 15805 15824 15843
NODE_NUM = 199
FILE aes_secworks_sub_83.aig

# Subcircuit 84
SUB_ID 84
LO (66):  11717 11728 11736 11743 11751 11764 11772 11801 11806 11822 11855 11881 11933 11934 11935 11937 11938 11939 11941 11942 11947 11951 11953 11954 11956 11958 11960 11966 11967 11968 11976 11979 11980 11981 11982 12012 12014 12015 12285 12288 12289 12290 12291 12382 12383 12512 12523 12568 12652 12703 12801 12938 12942 12947 13068 13171 13277 13296 13387 13407 14273 14291 15168 15180 15864 15873
LI (51):  78 349 351 445 447 541 543 637 639 757 5738 6199 6201 7201 7207 7208 10428 10436 10482 10486 10511 10625 10642 10649 10850 10852 10942 10985 11370 11502 11614 11726 11727 11742 11747 11748 11762 11763 11768 11792 11835 11837 11841 11852 11880 11932 11946 11949 11965 15166 15862
NODE_NUM = 157
FILE aes_secworks_sub_84.aig

# Subcircuit 85
SUB_ID 85
LO (107):  11835 11837 11841 11852 11880 11946 11970 11971 11972 11973 11974 11986 11988 11991 11992 11993 11995 11999 12000 12001 12002 12004 12005 12016 12018 12019 12020 12039 12054 12055 12058 12059 12065 12066 12068 12071 12072 12073 12074 12075 12076 12079 12098 12109 12110 12111 12113 12115 12236 12238 12263 12266 12269 12317 12319 12320 12322 12323 12336 12337 12338 12339 12384 12385 12386 12448 12449 12451 12452 12490 12495 12521 12527 12531 12564 12625 12636 12646 12650 12658 12667 12671 12753 12755 12756 12772 12805 12820 12883 12909 12935 12943 12961 13010 13029 13059 13130 13146 13178 13267 13284 13299 13356 13389 13396 13402 13418
LI (41):  76 140 142 146 204 206 268 354 760 5738 7201 7207 7208 7211 7213 11846 11855 11859 11862 11866 11879 11934 11938 11941 11949 11960 11965 11968 11982 11998 12015 12026 12033 12036 12046 12053 12063 12086 12094 12100 12107
NODE_NUM = 194
FILE aes_secworks_sub_85.aig

# Subcircuit 86
SUB_ID 86
LO (119):  11859 11862 11866 11879 11906 11932 11948 11949 11965 11997 11998 12026 12028 12029 12030 12031 12032 12033 12034 12035 12036 12046 12047 12050 12051 12052 12053 12063 12082 12083 12084 12086 12089 12090 12091 12133 12137 12138 12139 12140 12141 12142 12181 12182 12254 12255 12256 12258 12260 12274 12276 12278 12279 12280 12281 12326 12330 12331 12342 12345 12347 12359 12363 12364 12370 12374 12376 12390 12394 12397 12399 12400 12404 12405 12412 12414 12415 12416 12426 12428 12470 12472 12474 12503 12507 12508 12534 12542 12550 12573 12624 12630 12631 12633 12661 12666 12682 12700 12758 12793 12797 12807 12829 12879 12891 12920 12924 12954 13021 13034 13043 13065 13125 13254 13276 13281 13285 13362 13403
LI (31):  80 82 144 148 208 210 272 274 357 360 5738 7201 7207 7208 7211 7213 11871 11881 11885 11888 11892 11905 11931 11935 11939 11947 11951 11954 11956 11964 12045
NODE_NUM = 183
FILE aes_secworks_sub_86.aig

# Subcircuit 87
SUB_ID 87
LO (79):  11885 11888 11892 11905 11931 11964 12045 12100 12101 12104 12107 12116 12117 12118 12119 12126 12163 12164 12169 12172 12173 12175 12178 12197 12204 12207 12217 12219 12223 12225 12295 12296 12298 12301 12303 12304 12315 12316 12379 12465 12466 12468 12491 12492 12493 12496 12501 12557 12570 12643 12649 12687 12689 12757 12765 12780 12783 12785 12896 12900 12906 12912 13011 13072 13074 13129 13134 13175 13247 13255 13258 13288 13291 13371 13381 13393 33834 34674 35670
LI (49):  84 86 88 100 150 198 212 214 276 278 363 366 3029 5738 7201 7207 7208 7211 7213 11881 11897 11906 11911 11913 11917 11930 11935 11939 11942 11947 11948 11951 11954 11956 11963 11970 11972 11986 11988 11991 11993 11997 12043 12082 12115 12162 12188 12191 28293
NODE_NUM = 194
FILE aes_secworks_sub_87.aig

# Subcircuit 88
SUB_ID 88
LO (44):  11911 11913 11917 11930 11963 12043 12094 12583 12713 12970 13083 13315 13471 13472 13513 13514 13597 13598 13639 13640 13708 13723 13724 14543 14573 14633 14663 14723 15380 15404 15452 15476 15524 16025 16043 16079 16097 29233 29289 29410 29472 29593 31025 32018
LI (94):  28 35 70 74 90 152 154 216 218 232 369 372 662 665 671 674 707 758 759 761 762 779 781 785 787 791 5738 6199 6400 6408 6422 6429 6443 7201 7207 7208 7211 7213 11923 11942 11968 12083 12084 12086 12089 12090 12091 12161 12489 12511 12514 12515 12529 12579 12641 12656 12662 12664 12668 12676 12708 12904 12906 12907 12909 12914 12966 13020 13032 13046 13047 13055 13078 13252 13256 13260 13262 13311 13465 13507 13591 13633 13717 14539 14569 14629 14659 14719 15376 15400 15448 15472 15520 28293
NODE_NUM = 198
FILE aes_secworks_sub_88.aig

# Subcircuit 89
SUB_ID 89
LO (51):  12162 12579 12838 12839 13262 13430 13431 13555 13556 13765 13766 14603 14753 15428 15548 16061 16151 16201 16213 16221 16241 16480 16484 16525 16529 17555 17585 18324 18354 19093 19123 19863 19893 20632 20662 21401 21431 22170 22200 22940 22970 23709 23739 24478 24508 25247 25277 26017 26047 26786 26812
LI (120):  28 35 39 668 683 783 793 6199 6201 6415 6450 11942 12133 12138 12139 12141 12142 12161 12409 12457 12479 12489 12545 12547 12554 12578 12777 12779 12787 12790 12793 12803 12834 13375 13385 13399 13413 13416 13424 13549 13759 14599 14749 15424 15544 16194 16196 16198 16200 16211 16220 16239 16476 16477 16479 16521 16522 16524 17550 17551 17580 17581 18163 18319 18321 18349 18351 18932 19088 19090 19118 19120 19702 19858 19860 19888 19890 20471 20627 20629 20657 20659 21240 21396 21398 21426 21428 22009 22165 22167 22195 22197 22779 22935 22937 22965 22967 23548 23704 23706 23734 23736 24317 24473 24475 24503 24505 25086 25242 25244 25272 25274 25856 26012 26014 26042 26044 26625 26781 26783
NODE_NUM = 200
FILE aes_secworks_sub_89.aig

# Subcircuit 90
SUB_ID 90
LO (51):  12161 12183 12187 12188 12189 12191 12349 12350 12351 12352 12489 12545 12578 12656 12664 12676 12680 12708 12767 12798 12834 13022 13032 13046 13174 13201 13252 13282 13311 13413 13681 13682 14693 15500 16115 16511 17573 18342 19111 19881 20650 21419 22188 22958 23727 24496 25265 26035 26804 27573 29534
LI (139):  28 35 39 677 789 6199 6201 6436 7207 11942 11970 11972 11986 11988 11991 11993 12002 12004 12035 12066 12073 12083 12089 12091 12152 12156 12160 12178 12181 12182 12231 12253 12278 12282 12290 12294 12303 12323 12325 12340 12347 12441 12487 12489 12531 12536 12537 12540 12542 12560 12569 12572 12573 12643 12647 12655 12671 12675 12692 12695 12697 12706 12818 12825 12831 13023 13025 13031 13039 13041 13043 13139 13149 13150 13157 13165 13181 13187 13190 13191 13196 13242 13245 13248 13264 13272 13279 13310 13404 13408 13410 13412 13675 14689 15496 16503 16504 16506 17568 17569 18163 18337 18339 18932 19106 19108 19702 19876 19878 20471 20645 20647 21240 21414 21416 22009 22183 22185 22779 22953 22955 23548 23722 23724 24317 24491 24493 25086 25260 25262 25856 26030 26032 26625 26799 26801 27394 27568 27570
NODE_NUM = 200
FILE aes_secworks_sub_90.aig

# Subcircuit 91
SUB_ID 91
LO (36):  12231 12253 12282 12294 12325 12340 12487 12540 12560 12572 12641 12647 12692 12695 12706 12777 12803 12818 12904 12907 12966 13020 13031 13041 13149 13165 13181 13191 13245 13256 13310 13375 13385 13399 13408 13424
LI (160):  11932 11937 11942 11953 11966 11970 11972 11974 11976 11979 11981 11986 11988 11991 11993 11998 12002 12004 12005 12026 12031 12063 12065 12098 12116 12118 12163 12164 12169 12172 12175 12178 12197 12204 12207 12217 12219 12223 12225 12227 12236 12238 12244 12255 12260 12269 12276 12280 12281 12291 12292 12293 12301 12303 12304 12307 12316 12323 12326 12331 12339 12351 12359 12363 12364 12372 12384 12385 12388 12422 12465 12486 12491 12503 12521 12538 12559 12570 12625 12626 12633 12637 12640 12646 12649 12684 12687 12689 12693 12697 12700 12705 12760 12761 12763 12765 12767 12769 12774 12799 12801 12806 12807 12810 12813 12814 12881 12887 12894 12896 12900 12906 12909 12917 12925 12927 12932 12933 12935 12940 12948 12964 12965 13013 13015 13029 13141 13143 13147 13159 13163 13164 13169 13171 13180 13243 13254 13255 13287 13288 13292 13294 13301 13302 13304 13305 13357 13359 13365 13367 13371 13377 13378 13383 13391 13394 13396 13407 13418 13423
NODE_NUM = 182
FILE aes_secworks_sub_91.aig

# Subcircuit 92
SUB_ID 92
LO (53):  12372 12388 12409 12422 12441 12457 12479 12486 12511 12514 12515 12529 12536 12538 12547 12554 12559 12569 12593 12637 12655 12662 12675 12774 12779 12787 12790 12806 12825 12914 12925 12964 13013 13039 13055 13078 13139 13141 13150 13157 13187 13248 13264 13272 13359 13378 13383 13391 13416 13423 14304 15190 15880
LI (127):  352 448 544 640 6201 11942 11970 11972 11986 11988 11991 11993 12000 12002 12004 12032 12046 12050 12051 12059 12075 12090 12109 12113 12133 12137 12138 12139 12140 12258 12269 12276 12315 12322 12338 12370 12371 12376 12379 12382 12383 12386 12390 12394 12397 12399 12400 12405 12409 12412 12414 12415 12416 12421 12426 12428 12429 12430 12451 12452 12453 12454 12466 12468 12470 12472 12474 12482 12490 12493 12495 12496 12501 12502 12503 12505 12508 12512 12521 12523 12527 12534 12550 12551 12557 12564 12568 12584 12636 12649 12650 12652 12658 12661 12773 12786 12789 12805 12821 12823 12912 12920 12924 12950 12954 12955 12963 13010 13011 13035 13036 13052 13060 13077 13125 13128 13135 13154 13156 13183 13185 13247 13269 13381 13387 13389 13422
NODE_NUM = 200
FILE aes_secworks_sub_92.aig

# Subcircuit 93
SUB_ID 93
LO (56):  12598 12614 12626 12668 12684 12693 12697 12705 12723 12728 12744 12760 12773 12786 12789 12799 12813 12821 12831 12849 12854 12870 12881 12887 12894 12917 12927 12932 12940 12948 12963 12980 12985 13001 13015 13023 13025 13035 13047 13060 13190 13279 14322 14335 14353 14366 14384 14397 14415 15201 15211 15226 15236 15251 15261 15280
LI (123):  355 358 361 363 450 451 453 454 456 457 459 546 547 549 550 552 553 555 642 643 646 649 763 764 765 766 767 768 769 770 771 772 6199 6201 11442 11958 11971 11973 11980 11995 12001 12005 12014 12016 12018 12019 12028 12029 12030 12039 12052 12054 12055 12072 12075 12076 12079 12101 12104 12138 12183 12191 12254 12256 12263 12279 12281 12285 12288 12295 12316 12317 12319 12320 12336 12339 12342 12352 12363 12370 12374 12404 12448 12449 12501 12523 12624 12625 12630 12631 12666 12667 12680 12682 12703 12755 12756 12757 12758 12772 12780 12783 12785 12797 12798 12820 12829 12879 12883 12891 12893 12938 12942 12943 12947 12961 12962 13021 13022 13034 13059 13189 13278
NODE_NUM = 200
FILE aes_secworks_sub_93.aig

# Subcircuit 94
SUB_ID 94
LO (47):  13077 13093 13098 13114 13128 13135 13147 13163 13169 13180 13183 13189 13211 13216 13232 13242 13243 13260 13269 13278 13287 13292 13301 13302 13305 13325 13330 13346 13357 13365 13367 13394 14428 14446 14459 14477 14490 14508 15293 15305 15318 15326 15336 15355 15959 15968 15978
LI (115):  364 367 370 460 462 463 465 466 468 556 558 559 561 562 564 652 654 655 657 658 761 762 773 774 775 776 777 6199 6201 11560 11790 11933 11953 11967 11992 11999 12012 12020 12034 12047 12058 12071 12074 12110 12111 12117 12119 12126 12173 12187 12189 12260 12266 12274 12289 12296 12298 12304 12322 12326 12330 12337 12345 12347 12349 12350 12351 12359 12384 12449 12452 12490 12491 12492 12495 12507 12753 12829 12879 13011 13065 13068 13072 13074 13076 13084 13129 13130 13134 13146 13174 13175 13178 13179 13202 13258 13267 13276 13277 13281 13282 13284 13285 13291 13296 13299 13300 13356 13362 13364 13393 15291 15316 15957 15976
NODE_NUM = 200
FILE aes_secworks_sub_94.aig

# Subcircuit 95
SUB_ID 95
LO (30):  13404 13410 13441 13446 13465 13483 13488 13507 13525 13530 13549 13567 14528 14539 14558 14569 14588 14599 14618 15368 15376 15392 15400 15416 15424 15437 16016 16034 16052 16067
LI (51):  373 374 376 377 379 380 382 469 470 472 473 475 476 478 565 566 568 569 571 572 574 661 662 664 665 667 668 670 778 780 782 6199 6201 12068 12289 13402 13403 13432 13474 13516 13558 14526 14556 14586 14616 15366 15390 15414 16014 16032 16050
NODE_NUM = 199
FILE aes_secworks_sub_95.aig

# Subcircuit 96
SUB_ID 96
LO (30):  13572 13591 13609 13614 13633 13651 13656 13675 13693 13698 13717 13732 14629 14648 14659 14678 14689 14708 14719 14728 15448 15464 15472 15488 15496 15512 15520 16088 16106 16124
LI (49):  383 385 386 388 389 391 392 394 479 481 482 484 485 487 488 490 575 577 578 580 581 583 584 586 671 673 674 676 677 679 680 784 786 788 790 6199 6201 13600 13642 13684 14646 14676 14706 15462 15486 15510 16086 16104 16122
NODE_NUM = 193
FILE aes_secworks_sub_96.aig

# Subcircuit 97
SUB_ID 97
LO (56):  13735 13740 13759 13777 13782 13795 13808 13813 13839 13844 13875 13881 13913 13944 14749 14768 14772 14797 14897 15544 15560 15564 15583 15659 16160 16164 16565 16574 17609 17615 18378 18384 19147 19149 19917 19919 20686 20688 21455 21457 22224 22226 22994 22996 23763 23765 24532 24534 25301 25303 26071 26073 26840 26842 27609 27611
LI (96):  28 39 395 397 399 400 403 405 408 411 491 493 495 496 499 507 587 589 591 592 595 682 683 685 729 792 794 795 796 797 798 6199 6201 8753 8754 9484 13732 13768 13893 13895 13905 13924 13940 14766 15558 16158 16557 16558 16566 16567 16569 17604 17605 17610 17611 18163 18373 18375 18379 18381 18932 19142 19144 19702 19912 19914 20471 20681 20683 21240 21450 21452 22009 22219 22221 22779 22989 22991 23548 23758 23760 24317 24527 24529 25086 25296 25298 25856 26066 26068 26625 26835 26837 27394 27604 27606
NODE_NUM = 200
FILE aes_secworks_sub_97.aig

# Subcircuit 98
SUB_ID 98
LO (121):  13940 13968 13974 13999 14005 14030 14036 14047 14061 14092 14098 14109 14123 14129 14154 14160 14187 14191 14216 14222 14247 14253 14264 14278 14284 14309 14315 14340 14346 14371 14377 14402 14408 14433 14439 14464 14470 14495 14501 14526 14532 14556 14562 14586 14592 14616 14622 14646 14652 14676 14682 14706 14712 14738 14742 14766 14791 14805 14816 14841 14847 14866 14872 14893 14916 14922 14941 14947 14966 14972 14991 15016 15022 15041 15047 15066 15072 15091 15097 15116 15122 15141 15147 15155 15166 15172 15193 15197 15216 15222 15241 15247 15266 15272 15291 15297 15316 15322 15341 15347 15366 15372 15390 15396 15414 15420 15440 15444 15462 15468 15486 15492 15510 15516 15536 15540 15558 15577 15773 16142 16569
LI (141):  28 414 417 420 426 429 432 435 436 438 441 444 447 450 453 456 459 462 465 468 470 473 476 479 482 485 488 501 504 508 510 513 516 522 525 528 531 532 534 537 540 543 546 549 552 555 558 561 564 566 569 572 575 578 581 584 586 604 628 682 746 799 800 801 802 803 804 805 806 807 808 809 810 811 812 813 814 815 816 817 818 819 820 821 822 823 824 825 826 827 828 829 830 831 832 833 834 835 836 837 838 839 840 841 842 843 844 845 846 847 848 849 850 851 852 853 854 855 856 857 858 859 6199 6201 8753 8847 9166 9576 10150 11444 13726 13924 13929 14046 14260 14728 14801 15151 15190 15437 16140
NODE_NUM = 198
FILE aes_secworks_sub_98.aig

# Subcircuit 99
SUB_ID 99
LO (90):  15588 15596 15607 15615 15621 15626 15634 15640 15645 15655 15672 15678 15691 15697 15702 15710 15716 15729 15748 15754 15759 15767 15778 15786 15792 15797 15805 15811 15824 15830 15843 15849 15854 15862 15868 15883 15887 15900 15906 15919 15925 15938 15944 15949 15957 15963 15976 15982 15995 16001 16006 16014 16020 16032 16038 16050 16056 16070 16074 16086 16092 16104 16110 16122 16128 16133 16140 16146 16158 16177 16184 16190 16194 16196 16198 16200 16208 16211 16220 16228 16232 16236 16239 16250 16259 16268 16277 16286 16295 16304
LI (125):  28 36 37 38 39 41 301 594 597 600 603 606 609 612 618 621 624 627 630 633 636 639 642 651 654 657 660 662 665 668 671 674 677 680 722 726 730 735 749 751 756 767 770 772 777 779 781 785 787 789 791 793 860 861 862 863 864 865 866 867 868 869 870 871 872 873 874 875 876 877 878 879 880 881 882 883 884 885 886 887 888 889 890 891 892 893 894 895 896 897 898 6199 6201 8753 8847 9063 9166 9280 9388 9484 9574 9576 10057 10150 11442 11790 13708 15880 16067 16166 16172 16178 16183 16185 16186 16192 16204 16224 16247 16256 16265 16274 16283 16292 16301
NODE_NUM = 200
FILE aes_secworks_sub_99.aig

# Subcircuit 100
SUB_ID 100
LO (59):  16313 16318 16322 16331 16340 16349 16358 16367 16376 16381 16385 16394 16395 16396 16404 16405 16413 16414 16430 16439 16440 16441 16457 16462 16466 17447 17489 17543 18216 18258 18312 18985 19027 19081 19847 20524 20566 20616 21293 21335 21385 22062 22104 22154 23601 23643 23693 24370 24412 24462 25139 25181 25231 26678 26720 26770 27447 27489 27539
LI (107):  28 39 899 900 901 902 903 904 905 906 907 908 909 910 911 912 913 914 915 916 6199 6201 6400 10187 10189 10960 11711 11713 11808 13471 13490 16310 16312 16319 16328 16337 16346 16355 16364 16373 16382 16391 16427 16436 16454 16463 17442 17443 17484 17485 17538 17539 18163 18211 18213 18253 18255 18307 18309 18932 18980 18982 19022 19024 19076 19078 19702 20471 20519 20521 20561 20563 21240 21288 21290 21330 21332 22009 22057 22059 22099 22101 23548 23596 23598 23638 23640 24317 24365 24367 24407 24409 25086 25134 25136 25176 25178 26625 26673 26675 26715 26717 27394 27442 27444 27484 27486
NODE_NUM = 199
FILE aes_secworks_sub_100.aig

# Subcircuit 101
SUB_ID 101
LO (48):  16475 16476 16477 16479 16493 16502 17549 17561 17567 18318 18330 18336 19087 19099 19105 19857 19869 19875 20626 20638 20644 21395 21407 21413 22164 22176 22182 22934 22946 22952 23703 23715 23721 24472 24484 24490 25241 25253 25259 26011 26023 26029 26780 26792 26798 27549 27561 27567
LI (120):  28 39 917 918 919 920 6199 6201 6408 6415 6422 6429 13513 13532 13574 13597 13616 13639 13658 16472 16474 16490 16499 17544 17545 17556 17557 17562 17563 18163 18313 18315 18325 18327 18331 18333 18932 19082 19084 19094 19096 19100 19102 19702 19852 19854 19864 19866 19870 19872 20471 20621 20623 20633 20635 20639 20641 21240 21390 21392 21402 21404 21408 21410 22009 22159 22161 22171 22173 22177 22179 22779 22929 22931 22941 22943 22947 22949 23548 23698 23700 23710 23712 23716 23718 24317 24467 24469 24479 24481 24485 24487 25086 25236 25238 25248 25250 25254 25256 25856 26006 26008 26018 26020 26024 26026 26625 26775 26777 26787 26789 26793 26795 27394 27544 27546 27556 27558 27562 27564
NODE_NUM = 199
FILE aes_secworks_sub_101.aig

# Subcircuit 102
SUB_ID 102
LO (136):  16503 16504 16506 16520 16521 16522 16524 16538 16547 16556 16557 16558 16566 16567 16575 16576 16584 16585 16593 16594 16602 16603 16611 16612 16620 16621 16629 16630 16638 16639 16647 16648 16656 16657 16665 16666 16674 16675 16683 16684 16692 16693 16701 16702 16710 16711 16719 16720 16728 16729 16737 16738 16746 16747 16755 16756 16764 16765 16773 16774 16782 16783 16791 16792 16800 16801 16809 16810 16818 16819 16827 16828 16836 16837 16845 16846 16854 16855 16863 16864 16872 16873 16881 16882 16890 16891 16899 16900 16908 16909 16917 16918 16926 16927 16935 16936 16944 16945 16953 16954 16962 16963 16971 16972 16980 16981 16989 16990 16998 16999 17007 17008 17016 17017 17025 17026 17034 17035 17043 17044 17052 17053 17579 18348 19117 19887 20656 21425 22194 22964 23733 24502 25271 26041 26810 27579
LI (118):  28 39 921 922 923 924 925 926 927 928 929 930 931 932 933 934 935 936 937 938 939 940 941 942 943 944 945 946 947 948 949 950 951 952 953 954 955 956 957 958 959 960 961 962 963 964 965 966 967 968 969 970 971 972 973 974 975 976 977 978 979 980 981 982 6199 6201 6436 6443 6450 13700 13723 13742 13784 16517 16535 16544 16553 17574 17575 18163 18343 18345 18932 19112 19114 19702 19882 19884 20471 20651 20653 21240 21420 21422 22009 22189 22191 22779 22959 22961 23548 23728 23730 24317 24497 24499 25086 25266 25268 25856 26036 26038 26625 26805 26807 27394 27574 27576
NODE_NUM = 200
FILE aes_secworks_sub_102.aig

# Subcircuit 103
SUB_ID 103
LO (121):  17061 17062 17070 17071 17079 17080 17088 17089 17097 17098 17106 17107 17115 17116 17124 17125 17133 17134 17142 17143 17151 17152 17160 17161 17169 17170 17178 17179 17187 17188 17196 17197 17205 17206 17214 17215 17223 17224 17232 17233 17241 17242 17250 17251 17259 17260 17268 17269 17277 17278 17286 17287 17295 17296 17304 17305 17313 17314 17322 17323 17331 17332 17340 17341 17349 17350 17358 17359 17367 17368 17376 17377 17385 17386 17399 17405 17411 17417 17423 17429 17435 17441 17442 17443 17453 17459 17465 17471 17477 17483 17484 17485 17495 17496 17497 17502 17503 17509 17513 17519 17525 17531 17537 17538 17539 17544 17545 17550 17551 17556 17557 17562 17563 17568 17569 17574 17575 17580 17581 17586 17587
LI (94):  39 983 984 985 986 987 988 989 990 991 992 993 994 995 996 997 998 999 1000 1001 1002 1003 1004 1005 1006 1007 1008 1009 1010 1011 1012 1013 1014 1015 1016 1017 1018 1019 1020 1021 1022 1023 1024 1025 1026 1027 1028 1029 1030 1031 1032 1033 1034 1035 1036 1037 1038 1039 1040 1041 1042 1043 1044 1045 1046 1047 1048 1049 1050 1051 1052 6199 6201 17396 17398 17402 17408 17414 17420 17426 17432 17438 17450 17456 17462 17468 17474 17480 17492 17512 17516 17522 17528 17534
NODE_NUM = 198
FILE aes_secworks_sub_103.aig

# Subcircuit 104
SUB_ID 104
LO (190):  17591 17597 17603 17604 17605 17610 17611 17616 17617 17622 17623 17628 17629 17634 17635 17640 17641 17646 17647 17652 17653 17658 17659 17664 17665 17670 17671 17676 17677 17682 17683 17688 17689 17694 17695 17700 17701 17706 17707 17712 17713 17718 17719 17724 17725 17730 17731 17736 17737 17742 17743 17748 17749 17754 17755 17760 17761 17766 17767 17772 17773 17778 17779 17784 17785 17790 17791 17796 17797 17802 17803 17808 17809 17814 17815 17820 17821 17826 17827 17832 17833 17838 17839 17844 17845 17850 17851 17856 17857 17862 17863 17868 17869 17874 17875 17880 17881 17886 17887 17892 17893 17898 17899 17904 17905 17910 17911 17916 17917 17922 17923 17928 17929 17934 17935 17940 17941 17946 17947 17952 17953 17958 17959 17964 17965 17970 17971 17976 17977 17982 17983 17988 17989 17994 17995 18000 18001 18006 18007 18012 18013 18018 18019 18024 18025 18030 18031 18036 18037 18042 18043 18048 18049 18054 18055 18060 18061 18066 18067 18072 18073 18078 18079 18084 18085 18090 18091 18096 18097 18102 18103 18108 18109 18114 18115 18120 18121 18126 18127 18132 18133 18138 18139 18144 18145 18150 18151 18156 18157 18162
LI (104):  39 1053 1054 1055 1056 1057 1058 1059 1060 1061 1062 1063 1064 1065 1066 1067 1068 1069 1070 1071 1072 1073 1074 1075 1076 1077 1078 1079 1080 1081 1082 1083 1084 1085 1086 1087 1088 1089 1090 1091 1092 1093 1094 1095 1096 1097 1098 1099 1100 1101 1102 1103 1104 1105 1106 1107 1108 1109 1110 1111 1112 1113 1114 1115 1116 1117 1118 1119 1120 1121 1122 1123 1124 1125 1126 1127 1128 1129 1130 1131 1132 1133 1134 1135 1136 1137 1138 1139 1140 1141 1142 1143 1144 1145 1146 1147 1148 6201 17586 17587 17588 17594 17596 17600
NODE_NUM = 200
FILE aes_secworks_sub_104.aig

# Subcircuit 105
SUB_ID 105
LO (80):  18168 18174 18180 18186 18192 18198 18204 18210 18211 18213 18222 18228 18234 18240 18246 18252 18253 18255 18264 18270 18271 18273 18282 18288 18294 18300 18306 18307 18309 18313 18315 18319 18321 18325 18327 18331 18333 18337 18339 18343 18345 18349 18351 18360 18366 18372 18373 18375 18379 18381 18385 18387 18391 18393 18397 18399 18403 18405 18409 18411 18415 18417 18421 18423 18427 18429 18433 18435 18439 18441 18445 18447 18451 18453 18457 18459 18463 18465 18469 18471
LI (79):  39 1148 1149 1150 1151 1152 1153 1154 1155 1156 1157 1158 1159 1160 1161 1162 1163 1164 1165 1166 1167 1168 1169 1170 1171 1172 1173 1174 1175 1176 1177 1178 1179 1180 1181 1182 1183 1184 1185 1186 1187 1188 1189 1190 1191 1192 1193 1194 1195 1196 1197 1198 1199 16246 16255 16264 16273 16282 16291 16300 16309 16327 16336 16345 16354 16363 16372 16390 16399 16417 16426 16435 16444 16453 16534 16543 16552 18162 18163
NODE_NUM = 199
FILE aes_secworks_sub_105.aig

# Subcircuit 106
SUB_ID 106
LO (160):  18475 18477 18481 18483 18487 18489 18493 18495 18499 18501 18505 18507 18511 18513 18517 18519 18523 18525 18529 18531 18535 18537 18541 18543 18547 18549 18553 18555 18559 18561 18565 18567 18571 18573 18577 18579 18583 18585 18589 18591 18595 18597 18601 18603 18607 18609 18613 18615 18619 18621 18625 18627 18631 18633 18637 18639 18643 18645 18649 18651 18655 18657 18661 18663 18667 18669 18673 18675 18679 18681 18685 18687 18691 18693 18697 18699 18703 18705 18709 18711 18715 18717 18721 18723 18727 18729 18733 18735 18739 18741 18745 18747 18751 18753 18757 18759 18763 18765 18769 18771 18775 18777 18781 18783 18787 18789 18793 18795 18799 18801 18805 18807 18811 18813 18817 18819 18823 18825 18829 18831 18835 18837 18841 18843 18847 18849 18853 18855 18859 18861 18865 18867 18871 18873 18877 18879 18883 18885 18889 18891 18895 18897 18901 18903 18907 18909 18913 18915 18919 18921 18925 18927 18937 18943 18949 18955 18961 18967 18973 18979
LI (96):  39 1200 1201 1202 1203 1204 1205 1206 1207 1208 1209 1210 1211 1212 1213 1214 1215 1216 1217 1218 1219 1220 1221 1222 1223 1224 1225 1226 1227 1228 1229 1230 1231 1232 1233 1234 1235 1236 1237 1238 1239 1240 1241 1242 1243 1244 1245 1246 1247 1248 1249 1250 1251 1252 1253 1254 1255 1256 1257 1258 1259 1260 1261 1262 1263 1264 1265 1266 1267 1268 1269 1270 1271 1272 1273 1274 1275 1276 1277 1278 1279 1280 1281 1282 1283 16246 16255 16264 16273 16282 16291 16300 16309 18163 18932 18936
NODE_NUM = 200
FILE aes_secworks_sub_106.aig

# Subcircuit 107
SUB_ID 107
LO (109):  18980 18982 18991 18997 19003 19009 19015 19021 19022 19024 19033 19039 19040 19042 19051 19057 19063 19069 19075 19076 19078 19082 19084 19088 19090 19094 19096 19100 19102 19106 19108 19112 19114 19118 19120 19129 19135 19141 19142 19144 19153 19154 19156 19160 19162 19166 19168 19172 19174 19178 19180 19184 19186 19192 19195 19196 19198 19202 19204 19210 19213 19214 19216 19220 19222 19228 19231 19232 19234 19238 19240 19246 19249 19250 19252 19256 19258 19264 19267 19268 19270 19274 19276 19280 19282 19286 19288 19292 19294 19298 19300 19304 19306 19310 19312 19316 19318 19322 19324 19328 19330 19334 19336 19340 19342 19346 19348 19354 19357
LI (88):  39 1284 1285 1286 1287 1288 1289 1290 1291 1292 1293 1294 1295 1296 1297 1298 1299 1300 1301 1302 1303 1304 1305 1306 1307 1308 1309 1310 1311 1312 1313 1314 1315 1316 1317 1318 1319 1320 1321 1322 1323 1324 1325 1326 1327 1328 1329 1330 1331 1332 1333 1334 1335 1336 1337 1338 1339 1340 1341 1342 1343 1344 1345 1346 16327 16336 16345 16354 16363 16372 16390 16399 16417 16426 16435 16444 16453 16534 16543 16552 18932 19149 19194 19212 19230 19248 19266 19356
NODE_NUM = 199
FILE aes_secworks_sub_107.aig

# Subcircuit 108
SUB_ID 108
LO (159):  19358 19360 19364 19366 19370 19372 19376 19378 19382 19384 19390 19393 19394 19396 19400 19402 19408 19411 19412 19414 19418 19420 19426 19429 19430 19432 19436 19438 19444 19447 19448 19450 19454 19456 19460 19462 19466 19468 19472 19474 19478 19480 19484 19486 19490 19492 19496 19498 19502 19504 19508 19510 19514 19516 19520 19522 19526 19528 19534 19537 19538 19540 19544 19546 19552 19555 19556 19558 19562 19564 19568 19570 19574 19576 19580 19582 19588 19591 19592 19594 19598 19600 19606 19609 19610 19612 19616 19618 19624 19627 19628 19630 19634 19636 19642 19645 19646 19648 19652 19654 19658 19660 19664 19666 19670 19672 19676 19678 19682 19684 19688 19690 19694 19696 19851 19852 19854 19858 19860 19864 19866 19870 19872 19876 19878 19882 19884 19888 19890 19899 19905 19911 19912 19914 19923 19924 19926 19930 19932 19936 19938 19942 19944 19948 19950 19954 19956 19965 19966 19968 19972 19974 19983 19984 19986 19990 19992 19996 19998
LI (104):  39 1347 1348 1349 1350 1351 1352 1353 1354 1355 1356 1357 1358 1359 1360 1361 1362 1363 1364 1365 1366 1367 1368 1369 1370 1371 1372 1373 1374 1375 1376 1377 1378 1379 1380 1381 1382 1383 1384 1385 1386 1387 1388 1389 1390 1391 1392 1393 1394 1395 1396 1397 1398 1399 1400 1401 1402 1403 1428 1429 1430 1431 1432 1433 1434 1435 1436 1437 1438 1439 1440 1441 1442 1443 1444 1445 1446 1447 1448 1449 1450 1451 1452 1453 16534 16543 16552 18932 19392 19410 19428 19446 19536 19554 19590 19608 19626 19644 19702 19847 19850 19919 19961 19979
NODE_NUM = 200
FILE aes_secworks_sub_108.aig

# Subcircuit 109
SUB_ID 109
LO (141):  20001 20002 20004 20008 20010 20019 20020 20022 20026 20028 20037 20038 20040 20044 20046 20050 20052 20056 20058 20062 20064 20068 20070 20074 20076 20080 20082 20086 20088 20092 20094 20098 20100 20104 20106 20110 20112 20116 20118 20127 20128 20130 20134 20136 20140 20142 20146 20148 20152 20154 20163 20164 20166 20170 20172 20181 20182 20184 20188 20190 20199 20200 20202 20206 20208 20217 20218 20220 20224 20226 20235 20236 20238 20242 20244 20248 20250 20254 20256 20260 20262 20266 20268 20272 20274 20278 20280 20284 20286 20290 20292 20296 20298 20307 20308 20310 20314 20316 20325 20326 20328 20332 20334 20338 20340 20344 20346 20350 20352 20361 20362 20364 20368 20370 20379 20380 20382 20386 20388 20397 20398 20400 20404 20406 20415 20416 20418 20422 20424 20428 20430 20434 20436 20440 20442 20446 20448 20452 20454 20458 20460
LI (96):  39 1454 1455 1456 1457 1458 1459 1460 1461 1462 1463 1464 1465 1466 1467 1468 1469 1470 1471 1472 1473 1474 1475 1476 1477 1478 1479 1480 1481 1482 1483 1484 1485 1486 1487 1488 1489 1490 1491 1492 1493 1494 1495 1496 1497 1498 1499 1500 1501 1502 1503 1504 1505 1506 1507 1508 1509 1510 1511 1512 1513 1514 1515 1516 1517 1518 1519 1520 1521 1522 1523 1524 1525 1526 1527 1528 1529 1530 19702 19996 19997 19998 20015 20033 20123 20159 20177 20195 20213 20231 20303 20321 20357 20375 20393 20411
NODE_NUM = 199
FILE aes_secworks_sub_109.aig

# Subcircuit 110
SUB_ID 110
LO (68):  20464 20466 20471 20476 20482 20488 20494 20500 20506 20512 20518 20519 20521 20530 20536 20542 20548 20554 20560 20561 20563 20572 20578 20579 20581 20590 20596 20602 20608 20614 20620 20621 20623 20627 20629 20633 20635 20639 20641 20645 20647 20651 20653 20657 20659 20668 20674 20680 20681 20683 20692 20693 20695 20699 20701 20705 20707 20711 20713 20717 20719 20723 20725 20734 20735 20737 20741 20743
LI (79):  39 1531 1532 1533 1534 1535 1536 1537 1538 1539 1540 1541 1542 1543 1544 1545 1546 1547 1548 1549 1550 1551 1552 1553 1554 1555 1556 1557 1558 1559 1560 1561 1562 1563 1564 1565 1566 1567 1568 1569 1570 1571 1572 1573 1574 1575 1576 1577 6200 16246 16255 16264 16273 16282 16291 16300 16309 16327 16336 16345 16354 16363 16372 16390 16399 16417 16426 16435 16444 16453 16534 16543 16552 19701 19702 20475 20616 20688 20730
NODE_NUM = 200
FILE aes_secworks_sub_110.aig

# Subcircuit 111
SUB_ID 111
LO (122):  20752 20753 20755 20759 20761 20770 20771 20773 20777 20779 20788 20789 20791 20795 20797 20806 20807 20809 20813 20815 20821 20824 20825 20827 20831 20833 20839 20842 20843 20845 20849 20851 20860 20861 20863 20867 20869 20878 20879 20881 20885 20887 20896 20897 20899 20903 20905 20914 20915 20917 20921 20923 20932 20933 20935 20939 20941 20950 20951 20953 20957 20959 20968 20969 20971 20975 20977 20986 20987 20989 20993 20995 21004 21005 21007 21011 21013 21019 21022 21023 21025 21029 21031 21037 21040 21041 21043 21047 21049 21055 21058 21059 21061 21065 21067 21076 21077 21079 21083 21085 21094 21095 21097 21101 21103 21112 21113 21115 21119 21121 21130 21131 21133 21137 21139 21148 21149 21151 21155 21157 21161 21163
LI (96):  39 1578 1579 1580 1581 1582 1583 1584 1585 1586 1587 1588 1589 1590 1591 1592 1593 1594 1595 1596 1597 1598 1599 1600 1601 1602 1603 1604 1605 1606 1607 1608 1609 1610 1611 1612 1613 1614 1615 1616 1617 1618 1619 1620 1621 1622 1623 1624 1625 1626 1627 1628 1629 1630 1631 1632 1633 1634 1635 1636 1637 1638 1639 1640 1641 1642 1643 1644 1645 1646 1647 20471 20748 20751 20766 20784 20802 20823 20841 20856 20874 20892 20910 20928 20946 20964 20982 21000 21021 21039 21057 21072 21090 21108 21126 21144
NODE_NUM = 199
FILE aes_secworks_sub_111.aig

# Subcircuit 112
SUB_ID 112
LO (69):  21166 21167 21169 21173 21175 21184 21185 21187 21191 21193 21202 21203 21205 21209 21211 21217 21220 21221 21223 21227 21229 21235 21238 21240 21245 21251 21257 21263 21269 21275 21281 21287 21288 21290 21299 21305 21311 21317 21323 21329 21330 21332 21341 21347 21348 21350 21359 21365 21371 21377 21383 21389 21390 21392 21396 21398 21402 21404 21408 21410 21414 21416 21420 21422 21426 21428 21437 21443 21445
LI (83):  39 1648 1649 1650 1651 1652 1653 1654 1655 1656 1657 1658 1659 1660 1661 1662 1663 1664 1665 1666 1667 1668 1669 1670 1671 1672 1673 1674 1675 1676 1677 1678 1679 1680 1681 1682 1683 1684 1685 1686 1687 1688 1689 1690 1691 1692 1693 5776 16246 16255 16264 16273 16282 16291 16300 16309 16327 16336 16345 16354 16363 16372 16390 16399 16417 16426 16435 16444 16453 16534 16543 16552 19701 20471 21161 21162 21163 21180 21198 21219 21237 21244 21385
NODE_NUM = 200
FILE aes_secworks_sub_112.aig

# Subcircuit 113
SUB_ID 113
LO (112):  21449 21450 21452 21461 21462 21464 21468 21470 21474 21476 21480 21482 21486 21488 21492 21494 21503 21504 21506 21510 21512 21521 21522 21524 21528 21530 21539 21540 21542 21546 21548 21557 21558 21560 21564 21566 21575 21576 21578 21582 21584 21593 21594 21596 21600 21602 21611 21612 21614 21618 21620 21629 21630 21632 21636 21638 21647 21648 21650 21654 21656 21665 21666 21668 21672 21674 21683 21684 21686 21690 21692 21701 21702 21704 21708 21710 21719 21720 21722 21726 21728 21737 21738 21740 21744 21746 21755 21756 21758 21762 21764 21773 21774 21776 21780 21782 21791 21792 21794 21798 21800 21809 21810 21812 21816 21818 21827 21828 21830 21834 21836 21845
LI (92):  39 1694 1695 1696 1697 1698 1699 1700 1701 1702 1703 1704 1705 1706 1707 1708 1709 1710 1711 1712 1713 1714 1715 1716 1717 1718 1719 1720 1721 1722 1723 1724 1725 1726 1727 1728 1729 1730 1731 1732 1733 1734 1735 1736 1737 1738 1739 1740 1741 1742 1743 1744 1745 1746 1747 1748 1749 1750 1751 1752 1753 1754 1755 1756 1757 1758 1759 1760 21240 21445 21448 21457 21499 21517 21535 21553 21571 21589 21607 21625 21643 21661 21679 21697 21715 21733 21751 21769 21787 21805 21823 21841
NODE_NUM = 200
FILE aes_secworks_sub_113.aig

# Subcircuit 114
SUB_ID 114
LO (71):  21846 21848 21852 21854 21863 21864 21866 21870 21872 21881 21882 21884 21888 21890 21899 21900 21902 21906 21908 21917 21918 21920 21924 21926 21935 21936 21938 21942 21944 21953 21954 21956 21960 21962 21971 21972 21974 21978 21980 21989 21990 21992 21996 21998 22007 22009 22014 22020 22026 22032 22038 22044 22050 22056 22057 22059 22068 22074 22080 22086 22092 22098 22099 22101 22110 22116 22117 22119 22128 22134 22136
LI (81):  39 1761 1762 1763 1764 1765 1766 1767 1768 1769 1770 1771 1772 1773 1774 1775 1776 1777 1778 1779 1780 1781 1782 1783 1784 1785 1786 1787 1788 1789 1790 1791 1792 1793 1794 1795 1796 1797 1798 1799 1800 1801 1802 1803 1804 1805 1806 1807 1808 16178 16246 16255 16264 16273 16282 16291 16300 16309 16327 16336 16345 16354 16363 16372 16390 16399 16417 16426 16435 19701 21240 21859 21877 21895 21913 21931 21949 21967 21985 22003 22013
NODE_NUM = 197
FILE aes_secworks_sub_114.aig

# Subcircuit 115
SUB_ID 115
LO (106):  22140 22146 22152 22158 22159 22161 22165 22167 22171 22173 22177 22179 22183 22185 22189 22191 22195 22197 22206 22212 22218 22219 22221 22230 22231 22233 22237 22239 22243 22245 22249 22251 22255 22257 22261 22263 22272 22273 22275 22279 22281 22290 22291 22293 22297 22299 22308 22309 22311 22315 22317 22326 22327 22329 22333 22335 22344 22345 22347 22351 22353 22362 22363 22365 22369 22371 22380 22381 22383 22387 22389 22398 22399 22401 22405 22407 22416 22417 22419 22423 22425 22434 22435 22437 22441 22443 22452 22453 22455 22459 22461 22470 22471 22473 22477 22479 22488 22489 22491 22495 22497 22506 22507 22509 22513 22515
LI (89):  39 1809 1810 1811 1812 1813 1814 1815 1816 1817 1818 1819 1820 1821 1822 1823 1824 1825 1826 1827 1828 1829 1830 1831 1832 1833 1834 1835 1836 1837 1838 1839 1840 1841 1842 1843 1844 1845 1846 1847 1848 1849 1850 1851 1852 1853 1854 1855 1856 1857 1858 1859 1860 1861 1862 1863 1864 1865 1866 1867 1868 1869 1870 1871 1872 16444 16453 16534 16543 16552 22009 22136 22139 22154 22226 22268 22286 22304 22322 22340 22358 22376 22394 22412 22430 22448 22466 22484 22502
NODE_NUM = 199
FILE aes_secworks_sub_115.aig

# Subcircuit 116
SUB_ID 116
LO (86):  22524 22525 22527 22531 22533 22542 22543 22545 22549 22551 22560 22561 22563 22567 22569 22578 22579 22581 22585 22587 22596 22597 22599 22603 22605 22614 22615 22617 22621 22623 22632 22633 22635 22639 22641 22650 22651 22653 22657 22659 22668 22669 22671 22675 22677 22686 22687 22689 22693 22695 22704 22705 22707 22711 22713 22722 22723 22725 22729 22731 22740 22741 22743 22747 22749 22758 22759 22761 22765 22767 22776 22784 22790 22796 22802 22808 22814 22820 22826 22832 22838 22844 22850 22856 22857 22859
LI (90):  39 1873 1874 1875 1876 1877 1878 1879 1880 1881 1882 1883 1884 1885 1886 1887 1888 1889 1890 1891 1892 1893 1894 1895 1896 1897 1898 1899 1900 1901 1902 1903 1904 1905 1906 1907 1908 1909 1910 1911 1912 1913 1914 1915 1916 1917 1918 1919 1920 1921 1922 1923 1924 1925 1926 1927 1928 1929 22009 22520 22523 22538 22556 22574 22592 22610 22628 22646 22664 22682 22700 22718 22736 22754 22772 22779 22780 22783 22786 22792 22798 22804 22810 22816 22822 22828 22834 22840 22846 22852
NODE_NUM = 198
FILE aes_secworks_sub_116.aig

# Subcircuit 117
SUB_ID 117
LO (94):  22862 22868 22874 22880 22886 22892 22898 22904 22910 22916 22922 22928 22929 22931 22935 22937 22941 22943 22947 22949 22953 22955 22959 22961 22965 22967 22976 22982 22988 22989 22991 23000 23001 23003 23007 23009 23013 23015 23019 23021 23025 23027 23031 23033 23042 23043 23045 23049 23051 23060 23061 23063 23067 23069 23078 23079 23081 23085 23087 23096 23097 23099 23103 23105 23114 23115 23117 23121 23123 23132 23133 23135 23139 23141 23150 23151 23153 23157 23159 23168 23169 23171 23175 23177 23186 23187 23189 23193 23195 23204 23205 23207 23211 23213
LI (90):  39 1930 1931 1932 1933 1934 1935 1936 1937 1938 1939 1940 1941 1942 1943 1944 1945 1946 1947 1948 1949 1950 1951 1952 1953 1954 1955 1956 1957 1958 1959 1960 1961 1962 1963 1964 1965 1966 1967 1968 1969 1970 1971 1972 1973 1974 1975 1976 1977 1978 1979 1980 1981 1982 1983 1984 1985 1986 1987 1988 16462 16534 16543 16552 22779 22857 22858 22859 22864 22867 22870 22876 22882 22888 22894 22900 22906 22912 22918 22996 23038 23056 23074 23092 23110 23128 23146 23164 23182 23200
NODE_NUM = 200
FILE aes_secworks_sub_117.aig

# Subcircuit 118
SUB_ID 118
LO (98):  23222 23223 23225 23229 23231 23240 23241 23243 23247 23249 23258 23259 23261 23265 23267 23276 23277 23279 23283 23285 23294 23295 23297 23301 23303 23312 23313 23315 23319 23321 23330 23331 23333 23337 23339 23348 23349 23351 23355 23357 23366 23367 23369 23373 23375 23384 23385 23387 23391 23393 23402 23403 23405 23409 23411 23420 23421 23423 23427 23429 23438 23439 23441 23445 23447 23456 23457 23459 23463 23465 23474 23475 23477 23481 23483 23492 23493 23495 23499 23501 23510 23511 23513 23517 23519 23528 23529 23531 23535 23537 23546 23548 23553 23559 23565 23571 23577 23579
LI (91):  39 1989 1990 1991 1992 1993 1994 1995 1996 1997 1998 1999 2000 2001 2002 2003 2004 2005 2006 2007 2008 2009 2010 2011 2012 2013 2014 2015 2016 2017 2018 2019 2020 2021 2022 2023 2024 2025 2026 2027 2028 2029 2030 2031 2032 2033 2034 2035 2036 2037 2038 2039 2040 2041 2042 2043 2044 2045 2046 2047 2048 6200 16246 16255 16264 16273 16282 16291 22778 22779 23218 23221 23236 23254 23272 23290 23308 23326 23344 23362 23380 23398 23416 23434 23452 23470 23488 23506 23524 23542 23552
NODE_NUM = 199
FILE aes_secworks_sub_118.aig

# Subcircuit 119
SUB_ID 119
LO (78):  23583 23589 23595 23596 23598 23607 23613 23619 23625 23631 23637 23638 23640 23649 23655 23656 23658 23667 23673 23679 23685 23691 23697 23698 23700 23704 23706 23710 23712 23716 23718 23722 23724 23728 23730 23734 23736 23745 23751 23757 23758 23760 23769 23770 23772 23776 23778 23782 23784 23788 23790 23794 23796 23800 23802 23811 23812 23814 23818 23820 23829 23830 23832 23836 23838 23847 23848 23850 23854 23856 23865 23866 23868 23872 23874 23883 23884 23886
LI (81):  39 2049 2050 2051 2052 2053 2054 2055 2056 2057 2058 2059 2060 2061 2062 2063 2064 2065 2066 2067 2068 2069 2070 2071 2072 2073 2074 2075 2076 2077 2078 2079 2080 2081 2082 2083 2084 2085 2086 2087 2088 2089 2090 2091 2092 2093 2094 2095 2096 2097 2098 2099 2100 16300 16309 16327 16336 16345 16354 16363 16372 16390 16399 16417 16426 16435 16444 16453 16534 16543 16552 23548 23579 23582 23693 23765 23807 23825 23843 23861 23879
NODE_NUM = 200
FILE aes_secworks_sub_119.aig

# Subcircuit 120
SUB_ID 120
LO (112):  23890 23892 23901 23902 23904 23908 23910 23919 23920 23922 23926 23928 23937 23938 23940 23944 23946 23955 23956 23958 23962 23964 23973 23974 23976 23980 23982 23991 23992 23994 23998 24000 24009 24010 24012 24016 24018 24027 24028 24030 24034 24036 24045 24046 24048 24052 24054 24063 24064 24066 24070 24072 24081 24082 24084 24088 24090 24099 24100 24102 24106 24108 24117 24118 24120 24124 24126 24135 24136 24138 24142 24144 24153 24154 24156 24160 24162 24171 24172 24174 24178 24180 24189 24190 24192 24196 24198 24207 24208 24210 24214 24216 24225 24226 24228 24232 24234 24243 24244 24246 24250 24252 24261 24262 24264 24268 24270 24279 24280 24282 24286 24288
LI (91):  39 2101 2102 2103 2104 2105 2106 2107 2108 2109 2110 2111 2112 2113 2114 2115 2116 2117 2118 2119 2120 2121 2122 2123 2124 2125 2126 2127 2128 2129 2130 2131 2132 2133 2134 2135 2136 2137 2138 2139 2140 2141 2142 2143 2144 2145 2146 2147 2148 2149 2150 2151 2152 2153 2154 2155 2156 2157 2158 2159 2160 2161 2162 2163 2164 2165 2166 2167 23548 23897 23915 23933 23951 23969 23987 24005 24023 24041 24059 24077 24095 24113 24131 24149 24167 24185 24203 24221 24239 24257 24275
NODE_NUM = 200
FILE aes_secworks_sub_120.aig

# Subcircuit 121
SUB_ID 121
LO (60):  24297 24298 24300 24304 24306 24315 24317 24322 24328 24334 24340 24346 24352 24358 24364 24365 24367 24376 24382 24388 24394 24400 24406 24407 24409 24418 24424 24430 24436 24442 24448 24454 24460 24466 24467 24469 24473 24475 24479 24481 24485 24487 24491 24493 24497 24499 24503 24505 24514 24520 24526 24527 24529 24538 24539 24541 24545 24547 24551 24553
LI (79):  39 2168 2169 2170 2171 2172 2173 2174 2175 2176 2177 2178 2179 2180 2181 2182 2183 2184 2185 2186 2187 2188 2189 2190 2191 2192 2193 2194 2195 2196 2197 2198 2199 2200 2201 2202 2203 2204 2205 2206 2207 2208 2209 2210 2211 5776 16246 16255 16264 16273 16282 16291 16300 16309 16327 16336 16345 16354 16363 16372 16390 16399 16417 16426 16435 16444 16453 16534 16543 16552 22778 23548 24293 24296 24311 24321 24426 24462 24534
NODE_NUM = 200
FILE aes_secworks_sub_121.aig

# Subcircuit 122
SUB_ID 122
LO (112):  24557 24559 24563 24565 24569 24571 24580 24581 24583 24587 24589 24598 24599 24601 24605 24607 24616 24617 24619 24623 24625 24634 24635 24637 24641 24643 24652 24653 24655 24659 24661 24670 24671 24673 24677 24679 24688 24689 24691 24695 24697 24706 24707 24709 24713 24715 24724 24725 24727 24731 24733 24742 24743 24745 24749 24751 24760 24761 24763 24767 24769 24778 24779 24781 24785 24787 24796 24797 24799 24803 24805 24814 24815 24817 24821 24823 24832 24833 24835 24839 24841 24850 24851 24853 24857 24859 24868 24869 24871 24875 24877 24886 24887 24889 24893 24895 24904 24905 24907 24911 24913 24922 24923 24925 24929 24931 24940 24941 24943 24947 24949 24958
LI (91):  39 2212 2213 2214 2215 2216 2217 2218 2219 2220 2221 2222 2223 2224 2225 2226 2227 2228 2229 2230 2231 2232 2233 2234 2235 2236 2237 2238 2239 2240 2241 2242 2243 2244 2245 2246 2247 2248 2249 2250 2251 2252 2253 2254 2255 2256 2257 2258 2259 2260 2261 2262 2263 2264 2265 2266 2267 2268 2269 2270 2271 2272 2273 2274 2275 2276 2277 2278 24317 24576 24594 24612 24630 24648 24666 24684 24702 24720 24738 24756 24774 24792 24810 24828 24846 24864 24882 24900 24918 24936 24954
NODE_NUM = 200
FILE aes_secworks_sub_122.aig

# Subcircuit 123
SUB_ID 123
LO (62):  24959 24961 24965 24967 24976 24977 24979 24983 24985 24994 24995 24997 25001 25003 25012 25013 25015 25019 25021 25030 25031 25033 25037 25039 25048 25049 25051 25055 25057 25066 25067 25069 25073 25075 25084 25086 25091 25097 25103 25109 25115 25121 25127 25133 25134 25136 25145 25151 25157 25163 25169 25175 25176 25178 25187 25193 25199 25205 25211 25217 25223 25229
LI (79):  39 2279 2280 2281 2282 2283 2284 2285 2286 2287 2288 2289 2290 2291 2292 2293 2294 2295 2296 2297 2298 2299 2300 2301 2302 2303 2304 2305 2306 2307 2308 2309 2310 2311 2312 2313 2314 2315 2316 2317 2318 2319 2320 2321 2322 2323 16178 16246 16255 16264 16273 16282 16291 16300 16309 16327 16336 16345 16354 16363 16372 16390 16399 16408 16417 16426 16435 16444 16453 22778 24317 24972 24990 25008 25026 25044 25062 25080 25090
NODE_NUM = 200
FILE aes_secworks_sub_123.aig

# Subcircuit 124
SUB_ID 124
LO (113):  25235 25236 25238 25242 25244 25248 25250 25254 25256 25260 25262 25266 25268 25272 25274 25283 25289 25295 25296 25298 25307 25308 25310 25314 25316 25320 25322 25326 25328 25332 25334 25338 25340 25349 25350 25352 25356 25358 25367 25368 25370 25374 25376 25385 25386 25388 25392 25394 25403 25404 25406 25410 25412 25421 25422 25424 25428 25430 25439 25440 25442 25446 25448 25457 25458 25460 25464 25466 25475 25476 25478 25482 25484 25493 25494 25496 25500 25502 25511 25512 25514 25518 25520 25529 25530 25532 25536 25538 25547 25548 25550 25554 25556 25565 25566 25568 25572 25574 25583 25584 25586 25590 25592 25601 25602 25604 25608 25610 25619 25620 25622 25626 25628
LI (91):  39 2324 2325 2326 2327 2328 2329 2330 2331 2332 2333 2334 2335 2336 2337 2338 2339 2340 2341 2342 2343 2344 2345 2346 2347 2348 2349 2350 2351 2352 2353 2354 2355 2356 2357 2358 2359 2360 2361 2362 2363 2364 2365 2366 2367 2368 2369 2370 2371 2372 2373 2374 2375 2376 2377 2378 2379 2380 2381 2382 2383 2384 2385 2386 2387 2388 2389 2390 16534 16543 16552 25086 25231 25234 25303 25345 25363 25381 25399 25417 25435 25453 25471 25489 25507 25525 25543 25561 25579 25597 25615
NODE_NUM = 200
FILE aes_secworks_sub_124.aig

# Subcircuit 125
SUB_ID 125
LO (80):  25637 25638 25640 25644 25646 25655 25656 25658 25662 25664 25673 25674 25676 25680 25682 25691 25692 25694 25698 25700 25709 25710 25712 25716 25718 25727 25728 25730 25734 25736 25745 25746 25748 25752 25754 25763 25764 25766 25770 25772 25781 25782 25784 25788 25790 25799 25800 25802 25806 25808 25817 25818 25820 25824 25826 25835 25836 25838 25842 25844 25853 25861 25867 25873 25879 25885 25891 25897 25903 25909 25915 25921 25927 25933 25939 25945 25951 25957 25958 25960
LI (90):  39 2391 2392 2393 2394 2395 2396 2397 2398 2399 2400 2401 2402 2403 2404 2405 2406 2407 2408 2409 2410 2411 2412 2413 2414 2415 2416 2417 2418 2419 2420 2421 2422 2423 2424 2425 2426 2427 2428 2429 2430 2431 2432 2433 2434 2435 2436 2437 2438 2439 2440 2441 2442 2443 2444 2445 25086 25633 25636 25651 25669 25687 25705 25723 25741 25759 25777 25795 25813 25831 25849 25856 25857 25860 25863 25869 25875 25881 25887 25893 25899 25905 25911 25917 25923 25929 25935 25941 25947 25953
NODE_NUM = 200
FILE aes_secworks_sub_125.aig

# Subcircuit 126
SUB_ID 126
LO (102):  25963 25969 25975 25981 25987 25993 25999 26005 26006 26008 26012 26014 26018 26020 26024 26026 26030 26032 26036 26038 26042 26044 26053 26059 26065 26066 26068 26077 26078 26080 26084 26086 26090 26092 26096 26098 26102 26104 26108 26110 26119 26120 26122 26126 26128 26137 26138 26140 26144 26146 26155 26156 26158 26162 26164 26173 26174 26176 26180 26182 26191 26192 26194 26198 26200 26209 26210 26212 26216 26218 26227 26228 26230 26234 26236 26245 26246 26248 26252 26254 26263 26264 26266 26270 26272 26281 26282 26284 26288 26290 26299 26300 26302 26306 26308 26317 26318 26320 26324 26326 26330 26332
LI (91):  39 2446 2447 2448 2449 2450 2451 2452 2453 2454 2455 2456 2457 2458 2459 2460 2461 2462 2463 2464 2465 2466 2467 2468 2469 2470 2471 2472 2473 2474 2475 2476 2477 2478 2479 2480 2481 2482 2483 2484 2485 2486 2487 2488 2489 2490 2491 2492 2493 2494 2495 2496 2497 2498 2499 2500 2501 2502 2503 2504 2505 2506 2507 16462 16534 16543 16552 25856 25958 25959 25960 25965 25968 25971 25977 25983 25989 25995 26073 26115 26133 26151 26169 26187 26205 26223 26241 26259 26277 26295 26313
NODE_NUM = 200
FILE aes_secworks_sub_126.aig

# Subcircuit 127
SUB_ID 127
LO (93):  26335 26336 26338 26342 26344 26353 26354 26356 26360 26362 26371 26372 26374 26378 26380 26389 26390 26392 26396 26398 26407 26408 26410 26414 26416 26425 26426 26428 26432 26434 26443 26444 26446 26450 26452 26461 26462 26464 26468 26470 26479 26480 26482 26486 26488 26497 26498 26500 26504 26506 26515 26516 26518 26522 26524 26533 26534 26536 26540 26542 26551 26552 26554 26558 26560 26569 26570 26572 26576 26578 26587 26588 26590 26594 26596 26605 26606 26608 26612 26614 26623 26625 26630 26636 26642 26648 26654 26660 26666 26672 26673 26675 26680
LI (90):  39 2508 2509 2510 2511 2512 2513 2514 2515 2516 2517 2518 2519 2520 2521 2522 2523 2524 2525 2526 2527 2528 2529 2530 2531 2532 2533 2534 2535 2536 2537 2538 2539 2540 2541 2542 2543 2544 2545 2546 2547 2548 2549 2550 2551 2552 2553 2554 2555 2556 2557 2558 2559 2560 2561 2562 2563 2564 6200 16246 16255 16264 16273 16282 16291 16300 16309 16327 25855 25856 26330 26331 26332 26349 26367 26385 26403 26421 26439 26457 26475 26493 26511 26529 26547 26565 26583 26601 26619 26629
NODE_NUM = 199
FILE aes_secworks_sub_127.aig

# Subcircuit 128
SUB_ID 128
LO (80):  26684 26690 26696 26702 26708 26714 26715 26717 26726 26732 26738 26744 26750 26756 26762 26768 26774 26775 26777 26781 26783 26787 26789 26793 26795 26799 26801 26805 26807 26816 26822 26828 26834 26835 26837 26846 26847 26849 26853 26855 26859 26861 26865 26867 26871 26873 26877 26879 26888 26889 26891 26895 26897 26906 26907 26909 26913 26915 26924 26925 26927 26931 26933 26942 26943 26945 26949 26951 26960 26961 26963 26967 26969 26978 26979 26981 26985 26987 26991 26993
LI (82):  39 2565 2566 2567 2568 2569 2570 2571 2572 2573 2574 2575 2576 2577 2578 2579 2580 2581 2582 2583 2584 2585 2586 2587 2588 2589 2590 2591 2592 2593 2594 2595 2596 2597 2598 2599 2600 2601 2602 2603 2604 2605 2606 2607 2608 2609 2610 2611 2612 2613 2614 2615 2616 2617 16336 16345 16354 16363 16372 16390 16399 16408 16417 16426 16435 16444 16453 16534 16543 16552 26625 26680 26683 26770 26812 26842 26884 26902 26920 26938 26956 26974
NODE_NUM = 200
FILE aes_secworks_sub_128.aig

# Subcircuit 129
SUB_ID 129
LO (112):  26996 26997 26999 27003 27005 27014 27015 27017 27021 27023 27032 27033 27035 27039 27041 27050 27051 27053 27057 27059 27068 27069 27071 27075 27077 27086 27087 27089 27093 27095 27104 27105 27107 27111 27113 27122 27123 27125 27129 27131 27140 27141 27143 27147 27149 27158 27159 27161 27165 27167 27176 27177 27179 27183 27185 27194 27195 27197 27201 27203 27212 27213 27215 27219 27221 27230 27231 27233 27237 27239 27248 27249 27251 27255 27257 27266 27267 27269 27273 27275 27284 27285 27287 27291 27293 27302 27303 27305 27309 27311 27320 27321 27323 27327 27329 27338 27339 27341 27345 27347 27356 27357 27359 27363 27365 27374 27375 27377 27381 27383 27387 27389
LI (92):  39 2618 2619 2620 2621 2622 2623 2624 2625 2626 2627 2628 2629 2630 2631 2632 2633 2634 2635 2636 2637 2638 2639 2640 2641 2642 2643 2644 2645 2646 2647 2648 2649 2650 2651 2652 2653 2654 2655 2656 2657 2658 2659 2660 2661 2662 2663 2664 2665 2666 2667 2668 2669 2670 2671 2672 2673 2674 2675 2676 2677 2678 2679 2680 2681 2682 2683 26625 26991 26992 26993 27010 27028 27046 27064 27082 27100 27118 27136 27154 27172 27190 27208 27226 27244 27262 27280 27298 27316 27334 27352 27370
NODE_NUM = 198
FILE aes_secworks_sub_129.aig

# Subcircuit 130
SUB_ID 130
LO (53):  27392 27394 27399 27405 27411 27417 27423 27429 27435 27441 27442 27444 27453 27459 27465 27471 27477 27483 27484 27486 27495 27501 27507 27513 27519 27525 27531 27537 27543 27544 27546 27555 27556 27558 27562 27564 27568 27570 27574 27576 27585 27591 27597 27603 27604 27606 27615 27616 27618 27622 27624 27628 27630
LI (76):  39 2684 2685 2686 2687 2688 2689 2690 2691 2692 2693 2694 2695 2696 2697 2698 2699 2700 2701 2702 2703 2704 2705 2706 2707 2708 2709 2710 2711 2712 2713 2714 2715 2716 2717 2718 2719 2720 2721 2722 2723 5776 16246 16255 16264 16273 16282 16291 16300 16309 16327 16336 16345 16354 16363 16372 16390 16399 16408 16417 16426 16435 16444 16453 16480 16525 16534 16543 16552 25855 27387 27388 27389 27398 27539 27611
NODE_NUM = 198
FILE aes_secworks_sub_130.aig

# Subcircuit 131
SUB_ID 131
LO (114):  27633 27634 27636 27640 27642 27646 27648 27657 27658 27660 27664 27666 27675 27676 27678 27682 27684 27693 27694 27696 27700 27702 27711 27712 27714 27718 27720 27729 27730 27732 27736 27738 27747 27748 27750 27754 27756 27765 27766 27768 27772 27774 27783 27784 27786 27790 27792 27801 27802 27804 27808 27810 27819 27820 27822 27826 27828 27837 27838 27840 27844 27846 27855 27856 27858 27862 27864 27873 27874 27876 27880 27882 27891 27892 27894 27898 27900 27909 27910 27912 27916 27918 27927 27928 27930 27934 27936 27945 27946 27948 27952 27954 27963 27964 27966 27970 27972 27981 27982 27984 27988 27990 27999 28000 28002 28006 28008 28017 28018 28020 28024 28026 28030 28032
LI (93):  39 2724 2725 2726 2727 2728 2729 2730 2731 2732 2733 2734 2735 2736 2737 2738 2739 2740 2741 2742 2743 2744 2745 2746 2747 2748 2749 2750 2751 2752 2753 2754 2755 2756 2757 2758 2759 2760 2761 2762 2763 2764 2765 2766 2767 2768 2769 2770 2771 2772 2773 2774 2775 2776 2777 2778 2779 2780 2781 2782 2783 2784 2785 2786 2787 2788 2789 2790 27394 27628 27629 27630 27653 27671 27689 27707 27725 27743 27761 27779 27797 27815 27833 27851 27869 27887 27905 27923 27941 27959 27977 27995 28013
NODE_NUM = 200
FILE aes_secworks_sub_131.aig

# Subcircuit 132
SUB_ID 132
LO (88):  28035 28036 28038 28042 28044 28053 28054 28056 28060 28062 28071 28072 28074 28078 28080 28089 28090 28092 28096 28098 28107 28108 28110 28114 28116 28125 28126 28128 28132 28134 28143 28144 28146 28150 28152 28161 28162 28206 28207 28216 28219 28228 28234 28240 28327 28389 28442 28446 28448 28499 28507 28980 28993 29042 29050 29101 29109 29160 29168 29219 29227 29275 29283 29335 29367 29429 29491 29550 29609 29668 29724 29783 29842 29901 29960 30019 30078 30137 30234 30299 43774 44750 44783 44816 44849 44882 45516 45543
LI (110):  5 18 19 20 24 27 39 240 2783 2791 2792 2793 2794 2795 2796 2797 2798 2799 2800 2801 2802 2803 2804 2805 2806 2807 2808 2809 2810 2811 2819 2821 2837 2839 2841 2843 2845 2847 7207 8731 8954 9166 9388 27394 28030 28031 28032 28049 28067 28085 28103 28121 28139 28157 28201 28203 28205 28209 28211 28214 28215 28218 28224 28256 28294 28322 28323 28434 28471 28479 28495 28498 28932 28950 28952 28960 28976 28979 28992 29014 29022 29038 29041 29073 29081 29097 29100 29132 29140 29156 29159 29191 29199 29215 29218 29247 29255 29271 29274 29309 29317 29333 30233 30298 36676 37003 45447 45508 45509 45515
NODE_NUM = 200
FILE aes_secworks_sub_132.aig

# Subcircuit 133
SUB_ID 133
LO (39):  28471 28479 28495 28498 28511 28513 28564 28571 28572 37014 37361 37501 37621 37740 42204 42340 42347 42767 42800 42806 42931 43134 43801 43919 43920 43936 43963 44002 44041 44639 44777 44810 44843 44876 45434 45570 45603 45636 45669
LI (86):  242 243 1119 1247 1375 1503 1631 1759 1887 2015 2143 2271 2399 2527 2655 2784 2820 2823 7207 9574 28209 28224 28226 28230 28232 28235 28236 28241 28242 28244 28245 28248 28249 28251 28252 28256 28322 28478 28486 28493 28494 28536 28544 28560 28563 35954 36679 36696 36920 37003 37006 37008 37013 37260 37350 37355 37360 37407 37490 37493 37495 37500 37535 37610 37613 37615 37620 37652 37729 37732 37734 37739 42337 42653 42659 42763 42766 42928 43042 43130 43133 43168 43918 43921 43932 43935
NODE_NUM = 189
FILE aes_secworks_sub_133.aig

# Subcircuit 134
SUB_ID 134
LO (26):  28536 28544 28560 28563 28576 28578 28623 28631 28635 28637 28682 28690 28694 37493 37613 42171 42501 42659 43858 43897 44756 45483 45508 45549 45615 45648
LI (127):  244 245 246 247 248 1120 1121 1122 1248 1249 1250 1376 1377 1378 1504 1505 1506 1632 1633 1634 1760 1761 1762 1888 1889 1890 2016 2017 2018 2144 2145 2146 2272 2273 2274 2400 2401 2402 2528 2529 2530 2656 2657 2658 2785 2786 2822 2824 2825 2826 2827 7207 9770 9958 28209 28224 28226 28230 28232 28235 28236 28241 28242 28244 28245 28248 28249 28251 28252 28256 28322 28543 28551 28558 28559 28602 28603 28610 28617 28618 28619 28661 28662 28669 28676 28677 28678 35954 36676 36682 36696 36860 37006 37176 37490 37610 41437 42167 42170 42495 42656 42800 43168 43840 43854 43857 43879 43893 43896 44390 44738 44752 44755 45447 45471 45479 45482 45501 45534 45545 45548 45607 45608 45614 45640 45641 45647
NODE_NUM = 200
FILE aes_secworks_sub_134.aig

# Subcircuit 135
SUB_ID 135
LO (37):  28696 28709 28741 28749 28753 28797 28805 29187 30119 30179 36699 36864 37184 37732 38523 38527 38842 39453 39572 41437 42174 42177 42310 42313 42337 42447 42495 42605 42608 42928 43780 43783 44627 44648 44690 45486 45681
LI (111):  136 138 218 249 250 251 296 298 704 1123 1251 1379 1507 1635 1763 1891 2019 2147 2275 2403 2531 2659 2787 2788 2828 2829 2831 7207 10150 28209 28224 28226 28230 28232 28235 28236 28241 28242 28244 28245 28248 28249 28251 28252 28256 28293 28322 28720 28721 28728 28735 28736 28737 28769 28777 28793 28796 29177 30177 35954 35956 36675 36676 36677 36679 36682 36696 36698 36857 36860 36862 37087 37173 37176 37178 37183 37729 38520 38525 38835 38838 38840 39367 39442 39445 39447 39452 39484 39561 39564 39566 39571 41407 41434 42201 42204 42306 42309 42334 43168 43765 43776 43779 44390 44672 44686 44689 45447 45673 45674 45680
NODE_NUM = 196
FILE aes_secworks_sub_135.aig

# Subcircuit 136
SUB_ID 136
LO (38):  28769 28777 28793 28796 28809 28811 28859 28866 28867 38692 38700 39016 39193 39333 41407 42201 42453 42456 42653 42901 43018 43042 43756 43903 43942 43981 44020 44657 44759 44792 44825 44858 45453 45519 45552 45585 45618 45651
LI (84):  252 253 1124 1252 1380 1508 1636 1764 1892 2020 2148 2276 2404 2532 2660 2789 2830 2833 7207 11072 28209 28224 28226 28230 28232 28235 28236 28241 28242 28244 28245 28248 28249 28251 28252 28256 28322 28776 28784 28791 28792 28831 28839 28855 28858 35954 36679 36696 38523 38601 38689 38694 38699 38919 39005 39008 39010 39015 39092 39182 39185 39187 39192 39239 39322 39325 39327 39332 39445 39564 42177 42198 42450 42608 42650 42794 42806 42897 42900 42922 42931 43014 43017 43039
NODE_NUM = 200
FILE aes_secworks_sub_136.aig

# Subcircuit 137
SUB_ID 137
LO (38):  28831 28839 28855 28858 28871 28873 28918 28926 28930 28932 28952 28960 28976 28979 28992 29014 29022 29038 29041 29054 29073 29081 29097 29100 29113 29115 29132 29140 29156 29159 29172 29191 29193 33145 33383 38838 43840 44723
LI (155):  254 255 256 258 260 262 264 1125 1126 1127 1128 1129 1130 1253 1254 1255 1256 1257 1258 1381 1382 1383 1384 1385 1386 1509 1510 1511 1512 1513 1514 1637 1638 1639 1640 1641 1642 1765 1766 1767 1768 1769 1770 1893 1894 1895 1896 1897 1898 2021 2022 2023 2024 2025 2026 2149 2150 2151 2152 2153 2154 2277 2278 2279 2280 2281 2282 2405 2406 2407 2408 2409 2410 2411 2533 2534 2535 2536 2537 2538 2661 2662 2663 2664 2665 2666 2667 2790 2832 2834 2835 2836 2838 2840 2842 2960 2984 7207 11198 11329 11674 28209 28224 28226 28230 28232 28235 28236 28241 28242 28244 28245 28248 28249 28251 28252 28256 28293 28322 28838 28846 28853 28854 28897 28898 28905 28912 28913 28914 28959 28967 28974 28975 29021 29029 29036 29037 29080 29088 29095 29096 29139 29147 29154 29155 33138 33376 36676 38835 43819 43837 44390 44715 44716 44722
NODE_NUM = 200
FILE aes_secworks_sub_137.aig

# Subcircuit 138
SUB_ID 138
LO (40):  29199 29215 29218 29231 29236 29247 29255 29271 29274 29287 29298 29309 29317 29333 29337 29344 29345 29721 29765 29770 40524 40528 40674 40844 41161 41285 42186 42198 42334 42468 42626 42779 43870 43906 44660 44696 44729 44795 45459 45522
LI (107):  124 204 206 218 266 268 269 284 298 694 708 1131 1132 1133 1259 1260 1261 1387 1388 1389 1515 1516 1517 1643 1644 1645 1771 1772 1773 1899 1900 1901 2027 2028 2029 2155 2156 2157 2283 2284 2285 2412 2413 2539 2540 2541 2668 2669 2844 2846 2848 2849 28209 28226 28230 28232 28235 28236 28241 28242 28244 28245 28248 28249 28251 28252 28256 28293 28322 29193 29198 29206 29213 29214 29254 29262 29269 29270 29316 29324 29331 29332 29335 36679 36696 40521 40526 40667 40670 40672 40837 40840 40842 41154 41157 41159 41199 41274 41277 41279 41284 42183 42189 42195 42319 42331 42459
NODE_NUM = 190
FILE aes_secworks_sub_138.aig

# Subcircuit 139
SUB_ID 139
LO (34):  29349 29351 29396 29404 29408 29419 29458 29471 29888 34494 35496 40670 40840 41434 42183 42319 42459 42620 42650 42922 43039 43789 43816 43837 43854 43893 43987 44026 44762 44828 44861 45501 45621 45654
LI (89):  94 192 208 210 218 270 271 272 273 698 1134 1262 1390 1518 1646 1774 1902 2030 2158 2286 2414 2542 2670 2671 2850 2851 2853 3056 7207 12838 28209 28226 28230 28232 28235 28236 28241 28242 28244 28245 28248 28249 28251 28252 28256 28293 28322 28323 29367 29375 29376 29383 29390 29391 29392 29410 29429 29438 29454 29457 29462 29470 35954 36676 40355 40524 40667 40837 41017 41157 41277 41396 41431 42626 42647 42919 43036 43168 43786 43792 43804 43812 43815 43825 43834 43851 43890 45486 45495
NODE_NUM = 196
FILE aes_secworks_sub_139.aig

# Subcircuit 140
SUB_ID 140
LO (23):  29438 29454 29457 29470 29520 29528 29532 29579 29587 29591 29630 29638 29646 41017 41021 41157 41277 42794 43932 43975 44014 45582 45607
LI (136):  274 275 276 277 278 279 1135 1136 1137 1138 1263 1264 1265 1391 1392 1393 1394 1519 1520 1521 1522 1647 1648 1649 1650 1775 1776 1777 1778 1903 1904 1905 1906 2031 2032 2033 2034 2159 2160 2161 2162 2287 2288 2289 2290 2415 2416 2417 2418 2543 2544 2545 2546 2672 2673 2674 2852 2854 2855 2856 2857 2859 28209 28226 28230 28232 28235 28236 28241 28242 28244 28245 28248 28249 28251 28252 28256 28322 29437 29445 29452 29453 29491 29499 29500 29507 29514 29515 29516 29550 29558 29559 29566 29573 29574 29575 29609 29617 29618 29625 29632 29633 29634 29637 35954 36676 36679 41014 41019 41154 41157 41274 42779 42791 43168 43906 43929 43942 43945 43951 43963 43968 43971 43974 44006 44007 44013 45447 45552 45561 45570 45578 45581 45585 45594 45603
NODE_NUM = 200
FILE aes_secworks_sub_140.aig

# Subcircuit 141
SUB_ID 141
LO (36):  29632 29637 29650 29652 29665 29697 29705 29709 29711 29753 29761 41396 41400 41428 41431 42167 42195 42306 42328 42331 42480 42483 42641 42763 42897 43036 43765 43792 43879 43918 44053 44636 44864 45425 45465 45660
LI (93):  216 280 281 282 283 298 706 1139 1266 1267 1395 1523 1651 1779 1907 2035 2163 2291 2419 2547 2675 2676 2858 2860 2861 2863 7207 7962 13430 28209 28226 28230 28232 28235 28236 28241 28242 28244 28245 28248 28249 28251 28252 28256 28293 28322 29630 29655 29668 29676 29677 29684 29691 29692 29693 29724 29733 29749 29752 35954 36676 36679 41393 41398 41419 41422 41425 42160 42186 42195 42299 42302 42304 42594 42756 42759 42761 42893 42895 43168 43756 43789 43864 43870 43903 43909 44020 44026 44041 44045 44046 44052 44627
NODE_NUM = 197
FILE aes_secworks_sub_141.aig

# Subcircuit 142
SUB_ID 142
LO (31):  29733 29749 29752 29767 29825 29826 29839 29871 29879 29883 29885 29930 29938 29942 29944 29989 29997 42302 42304 42435 42596 42759 42761 42791 42916 42919 44672 44768 44798 45495 45624
LI (134):  128 285 286 288 290 291 712 1140 1141 1142 1143 1268 1269 1270 1271 1396 1397 1398 1399 1524 1525 1526 1527 1652 1653 1654 1655 1780 1781 1782 1783 1908 1909 1910 1911 2036 2037 2038 2039 2164 2165 2166 2167 2292 2293 2294 2295 2420 2421 2422 2423 2548 2549 2550 2551 2677 2678 2679 2680 2862 2864 2865 2866 2867 2868 2869 2871 7207 8847 9063 9280 9484 28209 28226 28230 28232 28235 28236 28241 28242 28244 28245 28248 28249 28251 28252 28256 28293 28294 28322 28323 29732 29740 29747 29748 29782 29783 29791 29792 29799 29806 29807 29808 29821 29832 29842 29850 29851 29858 29865 29866 29867 29901 29909 29910 29917 29924 29925 29926 29960 29969 29985 29988 36676 41425 42433 42635 42644 42788 43831 44657 44660 44663 44762
NODE_NUM = 200
FILE aes_secworks_sub_142.aig

# Subcircuit 143
SUB_ID 143
LO (26):  29969 29985 29988 30001 30003 30048 30056 30060 30062 30107 30115 30121 30166 30177 30233 33831 41419 41422 41425 42895 43014 43130 43951 44855 45594 45640
LI (142):  60 140 292 293 294 295 297 707 1144 1145 1146 1147 1272 1273 1274 1275 1400 1401 1402 1403 1528 1529 1530 1531 1656 1657 1658 1659 1784 1785 1786 1787 1912 1913 1914 1915 2040 2041 2042 2043 2168 2169 2170 2171 2296 2297 2298 2299 2424 2425 2426 2427 2552 2553 2554 2555 2681 2682 2683 2870 2872 2873 2874 2875 2876 2877 7207 9675 9867 10057 28209 28226 28230 28232 28235 28236 28241 28242 28244 28245 28248 28249 28251 28252 28256 28293 28294 28322 28323 29968 29976 29983 29984 30019 30027 30028 30035 30042 30043 30044 30078 30086 30087 30094 30101 30102 30103 30137 30145 30146 30153 30160 30161 30162 30170 30175 30182 30193 30224 30232 32122 33827 33830 35954 36676 42638 42916 43010 43011 43126 43127 44390 44825 44828 44843 44851 44854 45591 45618 45621 45624 45636
NODE_NUM = 200
FILE aes_secworks_sub_143.aig

# Subcircuit 144
SUB_ID 144
LO (42):  30193 30224 30232 35943 36677 36759 36765 36913 36920 37077 37080 37087 37260 37407 37535 37652 43171 43210 43322 43359 43398 43437 44074 44110 44227 44266 44305 44344 44909 44942 45041 45074 45107 45140 45702 45732 45762 45795 45831 45864 45897 45930
LI (42):  171 236 2748 2879 28209 28224 28256 28293 30196 30204 30220 30223 35931 35934 35937 35954 36675 36676 36679 36759 36762 36857 36907 36910 37065 37071 37074 37238 37244 37247 37394 37397 37525 37642 43159 43161 43168 43170 43202 43204 43209 43321
NODE_NUM = 200
FILE aes_secworks_sub_144.aig

# Subcircuit 145
SUB_ID 145
LO (23):  30196 30204 30220 30223 30298 30315 30347 30355 30379 30427 30443 30672 30720 30791 30839 36862 36910 37008 37071 43249 44161 44987 45777
LI (124):  62 64 142 144 173 175 236 238 240 242 250 711 1084 1085 1086 1212 1213 1214 1340 1341 1342 1468 1469 1470 1596 1597 1598 1724 1725 1726 1852 1853 1854 1980 1981 1982 2108 2109 2110 2236 2237 2238 2364 2365 2366 2492 2493 2494 2620 2621 2622 2749 2750 2878 2880 2881 2882 2883 28209 28224 28226 28230 28232 28235 28236 28241 28242 28244 28245 28248 28249 28251 28252 28256 28293 28294 30203 30211 30218 30219 30247 30253 30268 30269 30276 30283 30284 30285 30289 30297 30305 30326 30327 30334 30341 30342 30343 30375 30439 30668 30787 35931 35954 36676 36679 36759 36913 37003 43168 43241 43243 43248 44146 44157 44160 44390 44972 44983 44986 45447 45759 45762 45773 45776
NODE_NUM = 200
FILE aes_secworks_sub_145.aig

# Subcircuit 146
SUB_ID 146
LO (24):  30375 30411 30419 30439 30475 30483 30501 30533 30541 30559 30591 30599 35934 35937 37178 37244 37355 37397 37495 37615 43288 44200 45020 45810
LI (130):  66 68 70 72 146 148 150 152 177 179 181 183 701 703 1087 1088 1089 1215 1216 1217 1343 1344 1345 1471 1472 1473 1599 1600 1601 1727 1728 1729 1855 1856 1857 1983 1984 1985 2111 2112 2113 2239 2240 2241 2367 2368 2369 2495 2496 2497 2623 2624 2625 2626 2751 2752 2753 2754 2884 2885 2886 2887 2888 2889 2891 28209 28224 28226 28230 28232 28235 28236 28241 28242 28244 28245 28248 28249 28251 28252 28256 28293 30369 30390 30391 30398 30405 30406 30407 30433 30454 30455 30462 30469 30470 30471 30491 30512 30513 30520 30527 30528 30529 30549 30571 30587 30590 35931 35954 36676 36679 37077 37080 37173 43168 43280 43282 43287 44185 44196 44199 44390 45005 45016 45019 45447 45792 45795 45806 45809
NODE_NUM = 200
FILE aes_secworks_sub_146.aig

# Subcircuit 147
SUB_ID 147
LO (25):  30571 30587 30590 30617 30649 30657 30668 30704 30712 31087 31142 31203 31612 31670 35886 35892 35931 37020 37023 37065 37504 37734 44894 45089 45708
LI (87):  60 62 72 74 140 142 154 185 187 220 222 234 705 709 711 1090 1091 1218 1219 1346 1347 1474 1475 1602 1603 1730 1731 1858 1859 1986 1987 2114 2115 2242 2243 2370 2371 2498 2499 2627 2755 2756 2890 2892 2893 2895 28209 28224 28226 28230 28232 28235 28236 28241 28242 28244 28245 28248 28249 28251 28252 28256 28293 30182 30570 30578 30585 30586 30607 30628 30629 30636 30643 30644 30645 30676 30684 30700 30703 30723 31077 31190 35889 36676 36874 37017 37062
NODE_NUM = 174
FILE aes_secworks_sub_147.aig

# Subcircuit 148
SUB_ID 148
LO (34):  30676 30684 30700 30703 30765 30772 30773 36702 36708 36711 36907 37193 37238 37394 43477 43516 43555 43590 43629 43668 43707 44086 44122 44146 44164 44185 44203 44239 44320 44960 45059 45122 45747 45912
LI (91):  189 1092 1220 1348 1476 1604 1732 1860 1988 2116 2244 2372 2500 2628 2757 2894 2897 28209 28224 28226 28230 28232 28235 28236 28241 28242 28244 28245 28248 28249 28251 28252 28256 30683 30691 30698 30699 30737 30745 30761 30764 35886 35889 35954 36679 36705 36708 36871 36877 36904 37017 37023 37187 37235 37367 37391 38520 38689 38835 39005 39182 39322 39442 43168 43469 43471 43476 43508 43510 43515 43547 43549 43554 43588 43627 43666 43705 44068 44074 44082 44085 44104 44110 44118 44121 44143 44182 44221 44227 44235 44238
NODE_NUM = 184
FILE aes_secworks_sub_148.aig

# Subcircuit 149
SUB_ID 149
LO (25):  30737 30745 30761 30764 30787 30823 30831 30845 30873 30884 30892 36871 36877 37017 37367 37525 37642 44278 44317 45005 45773 45792 45806 45876 45909
LI (117):  62 144 146 191 193 224 226 1093 1094 1221 1222 1349 1350 1351 1477 1478 1479 1605 1606 1607 1733 1734 1735 1861 1862 1863 1989 1990 1991 2117 2118 2119 2245 2246 2373 2374 2375 2501 2502 2503 2629 2630 2631 2758 2759 2896 2898 2899 2901 28209 28224 28226 28230 28232 28235 28236 28241 28242 28244 28245 28248 28249 28251 28252 28256 30744 30752 30759 30760 30802 30803 30810 30817 30818 30819 30863 30864 30871 30879 30880 30883 35889 35954 36676 36705 36874 37017 37023 37187 37504 37522 37639 38835 39005 43168 44164 44260 44266 44274 44277 44299 44305 44313 44316 45002 45447 45770 45789 45803 45855 45864 45872 45875 45888 45897 45905 45908
NODE_NUM = 200
FILE aes_secworks_sub_149.aig

# Subcircuit 150
SUB_ID 150
LO (29):  30879 30883 30896 30900 30945 30953 30957 31003 31011 31015 31061 31069 31073 31077 31119 31127 35889 36705 36874 37187 43746 44356 45053 45119 45125 45843 45872 45905 45936
LI (139):  194 195 196 197 198 199 200 201 244 248 250 1095 1096 1097 1098 1223 1224 1225 1226 1352 1353 1354 1480 1481 1482 1608 1609 1610 1736 1737 1738 1864 1865 1866 1992 1993 1994 2120 2121 2122 2247 2248 2249 2250 2376 2377 2378 2504 2505 2506 2632 2633 2634 2760 2761 2762 2763 2900 2902 2903 2904 2905 2906 2907 2909 28209 28224 28226 28230 28232 28235 28236 28241 28242 28244 28245 28248 28249 28251 28252 28256 30237 30427 30873 30878 30924 30925 30932 30939 30940 30941 30982 30983 30990 30997 30998 30999 31040 31041 31048 31055 31056 31057 31091 31099 31115 31118 35954 36676 36679 39182 39322 39442 39561 43168 43744 44320 44338 44344 44352 44355 44390 45023 45035 45041 45049 45052 45089 45101 45107 45115 45118 45122 45447 45835 45836 45842 45869 45902
NODE_NUM = 199
FILE aes_secworks_sub_150.aig

# Subcircuit 151
SUB_ID 151
LO (36):  31091 31099 31115 31118 31132 31174 31181 31182 35895 35907 36726 36904 37062 37205 37208 37211 37373 37376 37379 44062 44098 44134 44173 44209 44290 44897 44930 44963 44996 45029 45687 45717 45750 45783 45849 45882
LI (55):  202 203 1099 1227 1355 1483 1611 1739 1867 1995 2123 2251 2379 2507 2635 2764 2908 2911 28209 28224 28226 28230 28232 28235 28236 28241 28242 28244 28245 28248 28249 28251 28252 28256 29174 30237 30238 31098 31106 31113 31114 31128 31146 31154 31170 31173 35898 35901 35904 36714 36717 36883 36901 37029 37059
NODE_NUM = 170
FILE aes_secworks_sub_151.aig

# Subcircuit 152
SUB_ID 152
LO (31):  31146 31154 31170 31173 31186 31235 31243 31247 31254 31293 31301 31305 31322 31342 31354 31362 31383 31772 31786 31830 31844 31888 36714 36883 37029 43812 43851 43890 44954 44983 45016
LI (128):  66 68 142 144 146 148 154 204 205 206 207 208 209 224 226 228 701 715 1100 1101 1102 1228 1229 1230 1356 1357 1358 1359 1484 1485 1486 1612 1613 1614 1740 1741 1742 1868 1869 1870 1871 1996 1997 1998 1999 2124 2125 2126 2252 2253 2254 2380 2381 2382 2383 2508 2509 2510 2511 2636 2637 2638 2639 2765 2766 2767 2910 2912 2913 2914 2915 2917 28209 28224 28226 28230 28232 28235 28236 28241 28242 28244 28245 28248 28249 28251 28252 28256 28293 30237 30366 30430 31153 31161 31168 31169 31214 31215 31222 31229 31230 31231 31272 31273 31280 31287 31288 31289 31309 31333 31334 31337 31341 31350 31353 31370 36676 36679 40521 40667 40837 43810 44390 44946 44947 44953 44980 45013
NODE_NUM = 200
FILE aes_secworks_sub_152.aig

# Subcircuit 153
SUB_ID 153
LO (28):  31337 31341 31350 31353 31366 31415 31423 31427 31457 31473 31481 35901 37235 37522 37639 43929 43968 44007 44046 44221 44260 44338 45049 45086 45101 45152 45835 45942
LI (109):  210 211 212 213 1103 1104 1231 1232 1360 1361 1487 1488 1615 1616 1743 1744 1872 1873 2000 2001 2127 2128 2255 2256 2384 2385 2512 2513 2640 2641 2768 2769 2916 2918 2919 2921 28209 28224 28226 28230 28232 28235 28236 28241 28242 28244 28245 28248 28249 28251 28252 28256 30237 31342 31348 31394 31395 31402 31409 31410 31411 31452 31453 31456 31469 31472 35898 35901 35954 36676 36679 36717 37205 37208 37211 37232 37373 37376 37519 37636 41014 41154 44209 44218 44257 44335 44390 45046 45059 45065 45074 45079 45082 45085 45098 45125 45131 45140 45148 45151 45447 45813 45819 45831 45912 45918 45930 45938 45941
NODE_NUM = 200
FILE aes_secworks_sub_153.aig

# Subcircuit 154
SUB_ID 154
LO (33):  31456 31469 31472 31485 31492 31531 31539 31543 31557 31589 31597 31601 31644 31652 31656 31702 31710 32004 32062 35898 36717 36729 36738 36901 37223 37226 37229 44082 44116 44966 45098 45115 45148
LI (126):  150 152 214 215 216 217 218 220 221 232 234 707 1105 1106 1107 1108 1233 1234 1235 1236 1362 1363 1364 1489 1490 1491 1492 1617 1618 1619 1620 1745 1746 1747 1748 1874 1875 1876 2002 2003 2004 2129 2130 2131 2132 2257 2258 2259 2260 2386 2387 2388 2514 2515 2516 2642 2643 2644 2770 2771 2772 2773 2920 2922 2923 2924 2925 2926 2927 2929 28209 28224 28226 28230 28232 28235 28236 28241 28242 28244 28245 28248 28249 28251 28252 28256 28293 30237 31457 31467 31468 31510 31511 31518 31525 31526 31527 31547 31568 31569 31576 31583 31584 31585 31623 31624 31631 31638 31639 31640 31674 31682 31698 31701 35916 36676 36735 36892 36895 37220 41274 41393 42160 44079 45112 45145
NODE_NUM = 188
FILE aes_secworks_sub_154.aig

# Subcircuit 155
SUB_ID 155
LO (34):  31674 31682 31698 31701 31714 31760 31768 36892 36895 37059 37391 37636 44118 44143 44157 44182 44196 44218 44235 44257 44274 44299 44313 44335 44352 45035 45065 45131 45759 45789 45819 45855 45888 45918
LI (95):  222 223 1109 1110 1237 1238 1365 1366 1493 1494 1621 1622 1749 1750 1877 1878 2005 2006 2133 2134 2261 2262 2389 2390 2517 2518 2645 2646 2774 2928 2931 28209 28224 28226 28230 28232 28235 28236 28241 28242 28244 28245 28248 28249 28251 28252 28256 30237 31681 31689 31696 31697 31739 31740 31747 31754 31755 31756 31759 35913 35916 36676 36679 36729 36732 36735 37047 37053 37217 37220 37226 37379 42299 42430 42591 42756 42893 43010 43126 44116 44134 44173 44176 44194 44233 44272 44290 44311 44350 45029 45747 45750 45783 45849 45882
NODE_NUM = 200
FILE aes_secworks_sub_155.aig

# Subcircuit 156
SUB_ID 156
LO (23):  31759 31818 31826 31876 31884 31934 31942 31946 31992 32000 32050 32058 32072 35916 36735 37217 37232 37519 44194 44233 44272 44311 44350
LI (138):  76 227 229 230 231 252 1111 1112 1113 1114 1115 1239 1240 1241 1242 1243 1367 1368 1369 1370 1371 1495 1496 1497 1498 1499 1623 1624 1625 1626 1627 1751 1752 1753 1754 1755 1879 1880 1881 1882 1883 2007 2008 2009 2010 2011 2135 2136 2137 2138 2139 2263 2264 2265 2266 2267 2391 2392 2393 2394 2395 2519 2520 2521 2522 2523 2647 2648 2649 2650 2651 2775 2776 2777 2778 2779 2930 2932 2933 2934 2935 2936 2937 2938 2939 2940 2941 28209 28224 28226 28230 28232 28235 28236 28241 28242 28244 28245 28248 28249 28251 28252 28256 30237 31797 31798 31805 31812 31813 31814 31855 31856 31863 31870 31871 31872 31913 31914 31921 31928 31929 31930 31971 31972 31979 31986 31987 31988 32029 32030 32037 32044 32045 32046 32066 36676 37229 37516
NODE_NUM = 198
FILE aes_secworks_sub_156.aig

# Subcircuit 157
SUB_ID 157
LO (37):  32076 32108 32115 32116 37788 37800 38601 38748 38919 39092 39235 39363 39480 43155 43198 43237 43276 43315 43354 43393 43432 45173 45206 45239 45272 45305 45338 45371 45404 45963 45993 46026 46059 46092 46125 46158 46191
LI (28):  107 2716 2942 2944 28209 28224 28256 28293 32072 32080 32088 32104 32107 35954 37791 37794 37797 38579 38582 38588 38591 38739 38900 38903 38906 39070 39073 39082
NODE_NUM = 197
FILE aes_secworks_sub_157.aig

# Subcircuit 158
SUB_ID 158
LO (59):  32080 32088 32104 32107 32122 32124 32141 32173 32181 32185 32199 32208 32231 32239 32243 32307 32371 32429 32487 32545 32600 32661 32675 32719 32780 32841 32899 32957 33015 33070 33131 33138 33189 33250 33311 33369 33427 33485 33540 33598 33656 33714 33772 33830 33888 33946 34025 34147 34211 34440 34488 34620 34668 38582 38739 43204 43243 44426 44459
LI (130):  78 80 108 109 110 111 112 114 116 118 120 122 124 126 128 130 132 134 136 138 140 142 144 146 148 150 152 154 156 158 160 162 164 166 168 170 254 256 1052 1053 1180 1181 1308 1309 1436 1437 1564 1565 1692 1693 1820 1821 1822 1948 1949 2076 2077 2204 2205 2332 2333 2334 2460 2461 2462 2588 2589 2590 2717 2718 2943 2945 2946 2947 2949 28209 28224 28226 28230 28232 28235 28236 28241 28242 28244 28245 28248 28249 28251 28252 28256 28293 28317 28318 28319 32087 32095 32102 32103 32119 32128 32131 32152 32153 32160 32167 32168 32169 32189 32210 32211 32227 32230 32665 34021 34143 34207 34436 34616 36676 36679 36857 37003 44390 44418 44420 44425 44451 44453 44458
NODE_NUM = 200
FILE aes_secworks_sub_158.aig

# Subcircuit 159
SUB_ID 159
LO (23):  32210 32227 32230 32263 32295 32303 32327 32359 32367 32385 32417 32425 32443 32473 37794 38903 39073 43282 43321 43366 44492 44525 44558
LI (139):  82 84 86 88 113 115 117 258 260 262 264 1054 1055 1056 1057 1182 1183 1184 1185 1310 1311 1312 1313 1438 1439 1440 1441 1566 1567 1568 1569 1694 1695 1696 1697 1823 1824 1825 1950 1951 1952 1953 2078 2079 2080 2081 2206 2207 2208 2209 2335 2336 2337 2463 2464 2465 2591 2592 2593 2719 2720 2721 2722 2948 2950 2951 2952 2953 2954 2955 2956 2957 28209 28224 28226 28230 28232 28235 28236 28241 28242 28244 28245 28248 28249 28251 28252 28256 28293 32208 32218 32225 32226 32247 32253 32274 32275 32282 32289 32290 32291 32311 32317 32338 32339 32346 32353 32354 32355 32375 32396 32397 32404 32411 32412 32413 32433 32447 32455 32471 36676 36679 37173 37350 37490 43168 43358 43359 43365 44390 44484 44486 44491 44517 44519 44524 44550 44552 44557
NODE_NUM = 200
FILE aes_secworks_sub_159.aig

# Subcircuit 160
SUB_ID 160
LO (29):  32447 32455 32471 32475 32483 32501 32533 32541 32556 32588 32596 32607 32967 33026 33087 33441 33496 33554 37791 38525 38534 38537 38588 43405 43444 44591 44624 44647 44881
LI (107):  76 78 90 119 121 123 156 158 170 252 254 264 266 1058 1059 1186 1187 1314 1315 1442 1443 1570 1571 1698 1699 1826 1827 1954 1955 2082 2083 2210 2211 2338 2339 2466 2467 2594 2595 2723 2724 2942 2947 2958 2959 2960 2961 2962 2964 2979 28209 28224 28226 28230 28232 28235 28236 28241 28242 28244 28245 28248 28249 28251 28252 28256 28293 32066 32128 32454 32462 32469 32470 32473 32491 32512 32513 32520 32527 32528 32529 32560 32568 32584 32587 32607 33074 33434 36676 36679 37610 37729 37743 43168 43397 43398 43404 43436 43437 43443 44390 44583 44585 44590 44616 44618 44623
NODE_NUM = 200
FILE aes_secworks_sub_160.aig

# Subcircuit 161
SUB_ID 161
LO (39):  32560 32568 32584 32587 32649 32657 37752 37755 38540 38579 38694 38703 38706 38709 38858 38861 38900 39070 39239 39367 39484 43174 43291 43330 43369 43408 45188 45287 45320 45353 45386 45945 45981 46008 46041 46077 46110 46143 46176
LI (61):  125 1060 1188 1316 1444 1572 1700 1828 1956 2084 2212 2340 2468 2596 2725 2963 2966 28209 28224 28226 28230 28232 28235 28236 28241 28242 28244 28245 28248 28249 28251 28252 28256 32567 32575 32582 32583 32621 32629 32645 32648 35954 36676 37743 37746 37749 38537 38576 38706 38852 38858 38897 39022 39067 39196 39223 39235 39354 39363 39471 39480
NODE_NUM = 200
FILE aes_secworks_sub_161.aig

# Subcircuit 162
SUB_ID 162
LO (25):  32621 32629 32645 32648 32707 32715 32736 32745 32768 32776 32787 33206 33267 38840 38852 39010 39022 43241 43280 44716 44752 45251 45284 46038 46071
LI (115):  82 127 129 162 256 258 260 266 1061 1062 1189 1190 1317 1318 1445 1446 1573 1574 1701 1702 1829 1830 1831 1957 1958 2085 2086 2213 2214 2341 2342 2343 2469 2470 2471 2597 2598 2599 2726 2727 2954 2965 2967 2968 2970 2987 28209 28224 28226 28230 28232 28235 28236 28241 28242 28244 28245 28248 28249 28251 28252 28256 28293 32628 32636 32643 32644 32686 32687 32694 32701 32702 32703 32723 32729 32747 32748 32764 32767 33199 33260 35954 36676 36679 37743 38540 38706 38858 38861 39005 43228 43237 43267 43276 44390 44750 45233 45239 45247 45250 45266 45272 45280 45283 45447 46008 46020 46026 46034 46037 46041 46053 46059 46067 46070
NODE_NUM = 200
FILE aes_secworks_sub_162.aig

# Subcircuit 163
SUB_ID 163
LO (24):  32747 32764 32767 32829 32837 32851 32887 32895 32945 32953 33003 33011 37743 37746 37749 39187 39196 39327 39447 39566 43159 44789 44822 44851
LI (142):  86 131 133 135 137 166 260 1063 1064 1065 1066 1067 1191 1192 1193 1194 1195 1319 1320 1321 1322 1323 1447 1448 1449 1450 1451 1575 1576 1577 1578 1579 1703 1704 1705 1706 1707 1832 1833 1834 1835 1959 1960 1961 1962 1963 2087 2088 2089 2090 2091 2215 2216 2217 2218 2219 2344 2345 2346 2347 2472 2473 2474 2475 2600 2601 2602 2603 2728 2729 2730 2731 2969 2971 2972 2973 2974 2975 2976 2978 28209 28224 28226 28230 28232 28235 28236 28241 28242 28244 28245 28248 28249 28251 28252 28256 32745 32755 32762 32763 32808 32809 32816 32823 32824 32825 32866 32867 32874 32881 32882 32883 32924 32925 32932 32939 32940 32941 32982 32983 32990 32997 32998 32999 33002 35954 36676 36679 38534 39182 39322 39442 43149 43155 44390 44781 44783 44788 44814 44816 44821 44849
NODE_NUM = 200
FILE aes_secworks_sub_163.aig

# Subcircuit 164
SUB_ID 164
LO (36):  33002 33058 33065 33066 37758 37764 38576 38721 38897 39067 39223 39354 39471 43149 43180 43219 43258 43297 43336 43375 43414 45161 45194 45227 45260 45293 45326 45359 45392 45951 46014 46047 46080 46113 46146 46179
LI (25):  139 2732 2977 2981 28209 28224 28256 33030 33038 33054 33057 37761 38549 38552 38573 38712 38715 38867 38894 39037 39064 39220 39351 39468 43146
NODE_NUM = 200
FILE aes_secworks_sub_164.aig

# Subcircuit 165
SUB_ID 165
LO (26):  33030 33038 33054 33057 33119 33127 33177 33185 33199 33238 33246 33260 33299 33307 33670 33728 38549 38712 38867 44947 44980 45013 46005 46034 46067 46098
LI (133):  80 82 84 90 141 143 145 162 164 258 260 1068 1069 1070 1071 1196 1197 1198 1199 1324 1325 1326 1327 1452 1453 1454 1455 1580 1581 1582 1583 1708 1709 1710 1711 1836 1837 1838 1839 1964 1965 1966 1967 2092 2093 2094 2095 2220 2221 2222 2223 2348 2349 2350 2351 2476 2477 2478 2479 2604 2605 2606 2607 2733 2734 2735 2736 2954 2980 2982 2983 2985 2986 2987 2988 2989 2991 28209 28224 28226 28230 28232 28235 28236 28241 28242 28244 28245 28248 28249 28251 28252 28256 28293 32250 32314 33037 33045 33052 33053 33098 33099 33106 33113 33114 33115 33156 33157 33164 33171 33172 33173 33217 33218 33225 33232 33233 33234 33271 33279 33295 33298 36676 36679 40521 40667 40837 45447 45997 45998 46004 46031 46064
NODE_NUM = 199
FILE aes_secworks_sub_165.aig

# Subcircuit 166
SUB_ID 166
LO (25):  33271 33279 33295 33298 33318 33357 33365 33376 33415 33423 33434 33473 33481 33528 33536 37761 38552 38715 45079 45112 45145 45185 46137 46170 46203
LI (149):  84 86 88 149 151 153 166 168 170 1072 1073 1074 1075 1200 1201 1202 1203 1328 1329 1330 1331 1332 1456 1457 1458 1459 1460 1584 1585 1586 1587 1588 1712 1713 1714 1715 1716 1840 1841 1842 1843 1844 1968 1969 1970 1971 1972 2096 2097 2098 2099 2100 2224 2225 2226 2227 2352 2353 2354 2355 2356 2480 2481 2482 2483 2484 2608 2609 2610 2611 2612 2737 2738 2739 2740 2990 2992 2993 2994 2995 2996 2997 2999 28209 28224 28226 28230 28232 28235 28236 28241 28242 28244 28245 28248 28249 28251 28252 28256 33278 33286 33293 33294 33336 33337 33344 33351 33352 33353 33394 33395 33402 33409 33410 33411 33452 33453 33460 33467 33468 33469 33507 33508 33515 33518 33522 33523 33524 33527 36676 36679 41154 41274 41393 42160 44390 45177 45178 45184 45447 46129 46130 46136 46162 46163 46169 46195 46196 46202
NODE_NUM = 200
FILE aes_secworks_sub_166.aig

# Subcircuit 167
SUB_ID 167
LO (37):  33518 33522 33527 33586 33593 33594 37776 38561 38573 38894 39064 39220 39351 39468 43146 43202 43228 43267 43319 43342 43381 43420 45164 45197 45263 45296 45329 45362 45395 45954 45984 46017 46050 46083 46116 46149 46182
LI (37):  157 1076 1204 2228 2741 2998 3001 28209 28224 28249 28251 28252 28256 33558 33566 33582 33585 35954 37767 37770 37773 38564 38567 38570 38724 38879 38888 39049 39055 43174 43180 43198 43219 43258 43291 43297 43315
NODE_NUM = 200
FILE aes_secworks_sub_167.aig

# Subcircuit 168
SUB_ID 168
LO (19):  33558 33566 33582 33585 33644 33652 33702 33710 33760 33768 33827 33837 37773 38724 39049 45247 45280 45317 45350
LI (141):  159 163 165 166 1077 1078 1079 1080 1081 1205 1206 1207 1208 1209 1333 1334 1335 1336 1337 1461 1462 1463 1464 1465 1589 1590 1591 1592 1593 1717 1718 1719 1720 1721 1845 1846 1847 1848 1849 1973 1974 1975 1976 1977 2101 2102 2103 2104 2105 2229 2230 2231 2232 2233 2357 2358 2359 2360 2361 2485 2486 2487 2488 2489 2613 2614 2615 2616 2617 2742 2743 2744 2745 3000 3002 3003 3004 3005 3006 3007 3008 3009 28209 28224 28226 28230 28232 28235 28236 28241 28242 28244 28245 28248 28249 28251 28252 28256 28294 33565 33573 33580 33581 33623 33624 33631 33638 33639 33640 33681 33682 33689 33696 33697 33698 33739 33740 33747 33754 33755 33756 33788 33797 33798 33805 33812 33813 33814 33834 36676 36679 42430 42591 42756 42893 44390 45277 45309 45316 45342 45349
NODE_NUM = 198
FILE aes_secworks_sub_168.aig

# Subcircuit 169
SUB_ID 169
LO (32):  33844 33876 33884 33934 33942 33992 34000 37770 38564 39620 39632 40429 40580 40735 40738 40908 40911 43504 43543 44377 44383 44414 44447 45383 45416 45439 45476 45509 45641 45674 46254 46287
LI (87):  43 167 169 264 1082 1083 1210 1211 1338 1339 1466 1467 1594 1595 1722 1723 1850 1851 1978 1979 2106 2107 2234 2235 2362 2363 2490 2491 2618 2619 2684 2746 2747 2960 3010 3011 3012 3013 3016 28209 28224 28226 28230 28232 28235 28236 28241 28242 28244 28245 28248 28249 28251 28252 28256 28293 33837 33855 33856 33863 33870 33871 33872 33913 33914 33921 33928 33929 33930 33964 33972 33988 33991 36676 36679 39623 39629 40417 40420 40574 43010 43126 44390 45375 45382 45408 45415
NODE_NUM = 171
FILE aes_secworks_sub_169.aig

# Subcircuit 170
SUB_ID 170
LO (38):  33964 33972 33988 33991 34008 34021 34057 34065 34069 34115 34123 34127 34143 34179 34187 34616 35090 35482 35598 40417 40574 40732 40747 41061 41067 41192 41309 41312 43462 43660 43696 44420 44453 44486 44546 44579 46386 46452
LI (109):  44 45 46 47 48 49 94 98 190 194 270 274 1020 1021 1022 1148 1149 1150 1276 1277 1278 1404 1405 1406 1532 1533 1534 1660 1661 1662 1788 1789 1790 1916 1917 1918 2044 2045 2046 2172 2173 2174 2300 2301 2302 2428 2429 2430 2556 2557 2558 2685 2686 2687 3015 3017 3018 3020 3021 3023 3059 28209 28224 28226 28230 28232 28235 28236 28241 28242 28244 28245 28248 28249 28251 28252 28256 28293 33950 33971 33979 33986 33987 34005 34036 34037 34044 34051 34052 34053 34094 34095 34102 34109 34110 34111 34134 34151 34159 34175 34178 34610 35083 36676 39626 40420 40744 40905 40911
NODE_NUM = 198
FILE aes_secworks_sub_170.aig

# Subcircuit 171
SUB_ID 171
LO (34):  34151 34159 34175 34178 34191 34198 34207 34243 34251 34255 34289 34301 34309 35656 35830 39626 39629 40744 40905 40920 43582 43621 43738 44484 44517 44519 44552 45545 45578 45608 46236 46332 46365 46431
LI (114):  50 51 52 53 98 100 106 196 276 1023 1024 1151 1152 1279 1280 1281 1407 1408 1535 1536 1663 1664 1791 1792 1793 1919 1920 1921 2047 2048 2175 2176 2303 2304 2305 2431 2432 2433 2559 2560 2561 2688 2689 3022 3024 3025 3028 28209 28224 28226 28230 28232 28235 28236 28241 28242 28244 28245 28248 28249 28251 28252 28256 34005 34158 34166 34173 34174 34222 34223 34230 34237 34238 34239 34280 34281 34284 34288 34297 34300 35954 36676 36679 37173 37350 39620 39623 40420 40732 40735 40738 40908 40911 40914 40917 41061 43618 44477 44510 45447 45543 45576 46221 46232 46235 46317 46328 46331 46350 46361 46364 46416 46427 46430
NODE_NUM = 200
FILE aes_secworks_sub_171.aig

# Subcircuit 172
SUB_ID 172
LO (38):  34284 34288 34297 34300 34313 34327 34359 34367 34371 34385 34417 34425 34429 34436 34472 34480 34903 35424 39575 39587 39623 40369 40381 40420 40687 40690 41199 43447 43471 43483 43699 44359 44396 44585 44616 44618 46206 46239
LI (107):  54 55 56 57 58 59 92 200 202 268 280 282 1025 1026 1027 1153 1154 1155 1282 1283 1409 1410 1411 1537 1538 1539 1665 1666 1667 1794 1795 1922 1923 2049 2050 2051 2177 2178 2179 2306 2307 2434 2435 2562 2563 2690 2691 2692 3027 3029 3030 3031 3032 3033 3034 3036 28209 28224 28226 28230 28232 28235 28236 28241 28242 28244 28245 28248 28249 28251 28252 28256 28293 34005 34289 34295 34317 34338 34339 34346 34353 34354 34355 34375 34396 34397 34404 34411 34412 34413 34444 34452 34468 34471 35954 36676 39578 39581 39584 40366 40375 40684 41189 41192 41309 43696 44609
NODE_NUM = 195
FILE aes_secworks_sub_172.aig

# Subcircuit 173
SUB_ID 173
LO (39):  34444 34452 34468 34471 34484 34533 34541 40366 40375 40544 40684 40866 41034 41189 41291 43510 43547 43558 43561 43600 43639 43678 43717 44451 44510 44550 44583 44609 45742 45770 45836 45869 45902 45935 46269 46335 46368 46401 46434
LI (70):  60 61 1028 1156 1284 1412 1540 1668 1796 1924 2052 2180 2308 2436 2564 2693 3035 3038 28209 28224 28226 28230 28232 28235 28236 28241 28242 28244 28245 28248 28249 28251 28252 28256 34005 34451 34459 34466 34467 34505 34513 34529 34532 35954 36676 36679 38689 39578 39581 40369 40372 40535 40538 40687 40851 40854 41186 43534 43543 44441 44447 44507 44540 44546 44573 44579 44606 45447 45736 45738
NODE_NUM = 200
FILE aes_secworks_sub_173.aig

# Subcircuit 174
SUB_ID 174
LO (28):  34505 34513 34529 34532 34591 34599 34603 34610 34652 34660 34664 34713 34721 34725 34771 34779 39581 40535 40693 40851 40854 43549 43588 43627 43666 44477 45803 46317
LI (140):  63 64 65 66 67 68 69 192 202 1029 1030 1031 1032 1033 1157 1158 1159 1160 1161 1285 1286 1287 1288 1289 1413 1414 1415 1416 1417 1541 1542 1543 1544 1545 1669 1670 1671 1672 1673 1797 1798 1799 1800 1801 1925 1926 1927 1928 1929 2053 2054 2055 2056 2057 2181 2182 2183 2184 2185 2309 2310 2311 2312 2313 2437 2438 2439 2440 2441 2565 2566 2567 2568 2569 2694 2695 2696 2697 3037 3039 3040 3041 3042 3043 3044 3046 28209 28224 28226 28230 28232 28235 28236 28241 28242 28244 28245 28248 28249 28251 28252 28256 34005 34512 34520 34527 34528 34570 34571 34578 34585 34586 34587 34631 34632 34639 34646 34647 34648 34692 34693 34700 34707 34708 34709 34750 34751 34758 34765 34766 34767 34770 36676 36679 39578 40687 40690 43558 44474 46314
NODE_NUM = 200
FILE aes_secworks_sub_174.aig

# Subcircuit 175
SUB_ID 175
LO (42):  34770 34783 34829 34837 34841 34887 34895 34899 34942 34950 39578 40359 40372 40384 40387 40396 40550 40553 40705 40708 40711 40884 41043 41174 41186 41294 43450 43603 43642 43705 43720 43744 44399 44498 44531 44597 46212 46272 46305 46341 46374 46404
LI (88):  70 71 72 73 74 75 1034 1035 1162 1163 1290 1291 1418 1419 1546 1547 1674 1675 1802 1803 1930 1931 2058 2059 2186 2187 2314 2315 2442 2443 2570 2571 2698 2699 2700 3045 3047 3048 3049 3050 3053 28209 28224 28226 28230 28232 28235 28236 28241 28242 28244 28245 28248 28249 28251 28252 28256 34005 34808 34809 34816 34823 34824 34825 34866 34867 34874 34881 34882 34883 34914 34922 34938 34941 36676 39590 39596 40352 40356 40390 40393 40547 40699 40702 40872 40875 41037 41183
NODE_NUM = 195
FILE aes_secworks_sub_175.aig

# Subcircuit 176
SUB_ID 176
LO (33):  34914 34922 34938 34941 34954 35003 35011 35015 35022 35061 35069 35073 35083 35540 35547 39602 40390 40393 40526 40547 40672 40699 40702 40875 43508 43534 44441 45998 46031 46163 46196 46266 46299
LI (116):  76 77 78 79 80 96 270 272 274 282 697 1036 1037 1038 1164 1165 1166 1292 1293 1294 1420 1421 1422 1548 1549 1550 1676 1677 1678 1804 1805 1806 1932 1933 1934 2060 2061 2062 2188 2189 2190 2316 2317 2318 2444 2445 2446 2572 2573 2574 2701 2702 3052 3054 3055 3057 3058 28209 28224 28226 28230 28232 28235 28236 28241 28242 28244 28245 28248 28249 28251 28252 28256 34005 34134 34921 34929 34936 34937 34982 34983 34990 34997 34998 34999 35040 35041 35048 35055 35056 35057 35954 36676 36679 39590 39593 39599 39611 40550 43483 43492 43504 43531 44438 45447 46239 46242 46254 46262 46265 46269 46272 46278 46287 46295 46298
NODE_NUM = 198
FILE aes_secworks_sub_176.aig

# Subcircuit 177
SUB_ID 177
LO (29):  35122 35130 35134 35183 35191 35195 35202 35241 35249 35253 35714 39596 39599 40842 40872 41019 41037 41159 43564 43681 44393 44474 45975 46064 46104 46130 46242 46314 46464
LI (123):  81 82 83 84 85 86 102 276 1039 1040 1041 1167 1168 1169 1295 1296 1297 1423 1424 1425 1551 1552 1553 1679 1680 1681 1807 1808 1809 1935 1936 1937 2063 2064 2065 2191 2192 2193 2319 2320 2321 2447 2448 2449 2575 2576 2577 2703 2704 2705 3060 3061 3062 3063 3064 3065 28209 28224 28226 28230 28232 28235 28236 28241 28242 28244 28245 28248 28249 28251 28252 28256 34005 35101 35102 35109 35116 35117 35118 35162 35163 35170 35177 35178 35179 35220 35221 35228 35235 35236 35237 35954 36676 36679 39590 39593 40352 40384 40387 40705 40708 41014 44359 44368 44377 44385 44390 44392 44471 45447 45967 45969 45974 46096 46098 46103 46305 46311 46434 46443 46452 46460 46463
NODE_NUM = 197
FILE aes_secworks_sub_177.aig

# Subcircuit 178
SUB_ID 178
LO (24):  35260 35299 35307 35311 35357 35365 35369 35412 35420 35470 35478 35528 35536 35772 39590 39593 41279 41297 41398 44573 46232 46262 46295 46416
LI (139):  87 88 89 90 104 278 1042 1043 1044 1045 1170 1171 1172 1173 1298 1299 1300 1301 1302 1426 1427 1428 1429 1430 1554 1555 1556 1557 1682 1683 1684 1685 1810 1811 1812 1813 1814 1938 1939 1940 1941 1942 2066 2067 2068 2069 2194 2195 2196 2197 2322 2323 2324 2325 2326 2450 2451 2452 2453 2454 2578 2579 2580 2581 2582 2706 2707 2708 2709 2710 3066 3067 3068 3069 3070 3071 3072 3073 3075 28209 28224 28226 28230 28232 28235 28236 28241 28242 28244 28245 28248 28249 28251 28252 28256 34005 35278 35279 35286 35293 35294 35295 35336 35337 35344 35351 35352 35353 35391 35392 35399 35406 35407 35408 35449 35450 35457 35464 35465 35466 35507 35508 35515 35523 35524 35527 36676 41174 41294 42160 42299 42430 44570 46229 46259 46292 46401 46404 46410
NODE_NUM = 200
FILE aes_secworks_sub_178.aig

# Subcircuit 179
SUB_ID 179
LO (20):  35515 35523 35527 35554 35586 35594 35644 35652 35702 35710 35728 35760 35768 35818 35826 46328 46361 46398 46427 46460
LI (144):  102 194 200 278 280 1046 1047 1048 1049 1050 1174 1175 1176 1177 1178 1303 1304 1305 1306 1431 1432 1433 1434 1558 1559 1560 1561 1562 1686 1687 1688 1689 1690 1815 1816 1817 1818 1943 1944 1945 1946 2070 2071 2072 2073 2074 2198 2199 2200 2201 2202 2327 2328 2329 2330 2331 2455 2456 2457 2458 2459 2583 2584 2585 2586 2587 2711 2712 2713 2714 2715 3032 3059 3074 3076 3077 3078 3079 3080 3081 3082 3083 3085 28209 28224 28226 28230 28232 28235 28236 28241 28242 28244 28245 28248 28249 28251 28252 28256 28293 35522 35547 35565 35566 35573 35580 35581 35582 35623 35624 35631 35638 35639 35640 35681 35682 35689 35696 35697 35698 35739 35740 35747 35754 35755 35756 35797 35798 35814 35817 36676 42591 42756 42893 43010 43126 45447 46325 46358 46390 46391 46397 46424 46457
NODE_NUM = 200
FILE aes_secworks_sub_179.aig

# Subcircuit 180
SUB_ID 180
LO (54):  35797 35814 35817 35857 35860 35947 36034 36083 36084 36085 36086 36090 36197 36198 36247 36249 36272 36385 36444 36446 36458 36459 36461 36511 36512 36513 36553 36556 36557 36675 36794 36825 36833 36845 36857 36931 36959 37003 37114 37147 37173 37278 37326 37350 37490 37571 37610 37671 37717 37729 43327 44385 45450 45479
LI (154):  19 28 243 1051 1179 1307 1435 1563 1691 1819 1947 2075 2203 3084 3087 5720 28235 28236 28241 28242 28244 28245 28248 28249 28251 28252 28256 35805 35812 35813 35838 35946 35962 35967 35998 36032 36040 36043 36048 36049 36052 36054 36058 36066 36069 36071 36073 36075 36077 36081 36087 36092 36096 36099 36101 36104 36110 36120 36121 36154 36156 36157 36162 36169 36184 36192 36196 36199 36203 36214 36236 36243 36246 36266 36270 36271 36274 36283 36297 36314 36315 36328 36333 36372 36383 36384 36387 36390 36410 36415 36430 36437 36440 36442 36455 36468 36482 36505 36508 36519 36527 36548 36549 36552 36554 36556 36566 36590 36671 36855 36946 36957 36964 36966 36970 36999 37002 37090 37093 37109 37171 37262 37267 37268 37273 37281 37284 37289 37292 37293 37346 37408 37430 37432 37488 37549 37551 37555 37606 37608 37654 37655 37663 37727 43168 43319 43322 43326 44384 45438 45441 45447 45449 45478
NODE_NUM = 200
FILE aes_secworks_sub_180.aig

# Subcircuit 181
SUB_ID 181
LO (35):  36104 36121 36169 36184 36283 36285 36297 36384 36387 36437 36455 36505 36566 36590 36671 36855 36946 36951 36957 37090 37093 37171 37267 37273 37281 37289 37346 37430 37488 37542 37555 37606 37653 37660 37727
LI (124):  35998 36040 36043 36048 36052 36054 36069 36073 36075 36081 36084 36087 36092 36093 36096 36099 36101 36106 36108 36109 36110 36112 36120 36161 36164 36175 36183 36190 36191 36214 36279 36287 36288 36296 36386 36415 36417 36423 36430 36436 36446 36448 36453 36467 36499 36543 36573 36578 36587 36589 36597 36603 36608 36609 36610 36619 36625 36631 36670 36770 36774 36775 36776 36782 36785 36786 36791 36795 36796 36798 36821 36827 36835 36851 36923 36924 36929 36936 36937 36942 36947 36948 36951 37088 37091 37115 37116 37117 37170 37266 37272 37275 37280 37285 37287 37306 37307 37312 37345 37414 37415 37416 37420 37424 37426 37432 37433 37435 37436 37449 37450 37455 37486 37553 37576 37582 37586 37588 37604 37674 37695 37700 37708 37724
NODE_NUM = 200
FILE aes_secworks_sub_181.aig

# Subcircuit 182
SUB_ID 182
LO (35):  36141 36143 36145 36156 36175 36236 36314 36372 36410 36525 36527 36548 36597 36608 36631 36670 36821 36851 36929 36999 37170 37306 37307 37312 37318 37345 37414 37433 37449 37455 37486 37576 37604 37695 37724
LI (142):  36061 36063 36064 36069 36073 36075 36087 36092 36096 36099 36101 36123 36129 36131 36138 36154 36155 36173 36174 36210 36213 36215 36216 36227 36229 36233 36235 36253 36261 36305 36309 36310 36349 36350 36351 36357 36359 36362 36364 36365 36368 36398 36400 36401 36402 36409 36471 36533 36539 36547 36588 36594 36595 36597 36607 36621 36622 36628 36630 36635 36639 36647 36649 36650 36659 36661 36666 36667 36803 36812 36815 36816 36817 36820 36838 36842 36846 36848 36850 36926 36979 36983 36987 36990 36992 36996 37127 37129 37134 37136 37139 37142 37144 37153 37154 37156 37159 37162 37166 37167 37299 37303 37310 37329 37332 37334 37337 37342 37343 37442 37446 37454 37460 37462 37470 37471 37474 37476 37479 37483 37484 37561 37563 37565 37567 37572 37573 37575 37596 37599 37600 37676 37680 37684 37686 37689 37692 37693 37694 37710 37715 37723
NODE_NUM = 200
FILE aes_secworks_sub_182.aig

# Subcircuit 183
SUB_ID 183
LO (87):  36154 36162 36164 36174 36183 36187 36188 36190 36191 36192 36215 36229 36253 36266 36277 36279 36315 36328 36349 36368 36383 36390 36400 36401 36402 36466 36467 36468 36482 36499 36516 36519 36543 36547 36573 36603 36607 36639 36774 36775 36776 36786 36791 36795 36812 36815 36827 36838 36846 36936 36937 36942 36948 36964 36970 36979 36983 37088 37109 37129 37133 37153 37156 37262 37285 37292 37323 37329 37332 37337 37408 37416 37436 37446 37470 37474 37476 37549 37553 37563 37572 37582 37600 37655 37684 37700 37723
LI (103):  35998 36036 36037 36038 36040 36043 36044 36045 36048 36052 36054 36059 36069 36073 36075 36081 36083 36086 36087 36090 36092 36096 36099 36101 36110 36123 36131 36180 36182 36214 36220 36231 36232 36249 36255 36257 36259 36265 36324 36341 36347 36350 36353 36363 36367 36382 36385 36422 36423 36458 36473 36476 36512 36513 36531 36532 36535 36538 36540 36552 36600 36605 36606 36623 36636 36637 36662 36770 36772 36789 36794 36808 36810 36825 36845 36922 36931 36960 36962 36969 36975 36977 37098 37108 37114 37149 37290 37315 37320 37324 37326 37331 37444 37473 37536 37537 37541 37545 37548 37571 37580 37719 37720
NODE_NUM = 200
FILE aes_secworks_sub_183.aig

# Subcircuit 184
SUB_ID 184
LO (88):  36196 36210 36227 36243 36255 36257 36259 36261 36265 36274 36288 36296 36310 36341 36347 36362 36382 36386 36409 36415 36417 36422 36423 36430 36436 36448 36578 36589 36605 36606 36619 36621 36623 36625 36661 36662 36666 36667 36782 36789 36808 36817 36835 36842 36926 36962 36966 36969 36975 36977 36990 36996 37091 37098 37108 37127 37159 37166 37268 37275 37280 37287 37293 37299 37303 37310 37331 37342 37424 37426 37432 37442 37444 37473 37479 37483 37545 37551 37561 37586 37596 37663 37674 37680 37692 37708 37710 37715
LI (102):  36045 36050 36053 36055 36056 36073 36075 36087 36092 36096 36099 36101 36115 36117 36118 36119 36193 36197 36209 36211 36213 36214 36220 36224 36225 36238 36256 36273 36287 36290 36291 36293 36335 36338 36339 36345 36346 36360 36361 36380 36381 36398 36406 36407 36408 36420 36425 36427 36431 36434 36533 36550 36551 36575 36576 36577 36579 36580 36583 36584 36586 36588 36594 36612 36614 36616 36617 36622 36624 36649 36652 36654 36656 36657 36659 36806 36831 36833 36840 36841 36973 36989 36995 37096 37103 37107 37158 37278 37341 37423 37544 37584 37593 37660 37662 37669 37670 37671 37703 37704 37705 37714
NODE_NUM = 199
FILE aes_secworks_sub_184.aig

# Subcircuit 185
SUB_ID 185
LO (130):  36290 36305 36309 36324 36335 36338 36339 36350 36351 36357 36359 36380 36381 36425 36471 36473 36476 36532 36533 36535 36538 36539 36540 36587 36588 36616 36622 36649 36652 36659 36682 36696 36698 36772 36848 36860 36868 36922 36923 36947 36960 36973 37006 37013 37103 37107 37115 37134 37142 37149 37176 37183 37266 37272 37315 37320 37324 37360 37420 37435 37450 37454 37460 37500 37541 37544 37565 37573 37580 37584 37588 37599 37620 37654 37669 37689 37703 37719 37739 37813 37820 37830 37839 37850 37859 37869 37878 38530 38699 38845 39015 39192 39332 39452 39571 39643 39652 39662 39671 39682 39691 39701 39710 40362 40531 40677 40847 41024 41164 41284 41403 41451 41460 41470 41479 41490 41499 41509 41518 42170 42309 42440 42601 42766 42900 43017 43133 43804 44654 44715
LI (144):  123 235 237 239 241 243 245 247 249 251 253 255 257 259 261 263 265 267 269 271 273 275 277 279 281 283 285 287 289 291 293 295 297 28286 28375 28434 28499 35876 35954 35962 35967 36046 36050 36051 36057 36061 36062 36065 36069 36073 36075 36085 36087 36092 36096 36099 36101 36107 36109 36110 36115 36116 36141 36143 36145 36187 36188 36193 36198 36214 36224 36245 36246 36247 36272 36273 36277 36285 36302 36303 36307 36322 36353 36354 36355 36397 36433 36441 36444 36459 36461 36466 36473 36511 36516 36519 36525 36529 36531 36550 36553 36556 36557 36573 36582 36584 36586 36610 36647 36658 36689 36691 36692 36693 36794 36865 36951 36958 36959 37006 37113 37114 37133 37140 37147 37318 37323 37326 37433 37536 37540 37542 37598 37653 37717 37808 42340 43801 44390 44636 44639 44650 44653 44705
NODE_NUM = 197
FILE aes_secworks_sub_185.aig

# Subcircuit 186
SUB_ID 186
LO (119):  37808 37823 37843 37883 37884 37885 37887 37888 37890 37891 37893 37897 37898 37899 37900 37902 37908 37911 37912 37914 37918 37920 37922 37923 37925 37928 37929 37930 37931 37932 37934 37935 37955 37987 37990 37991 38059 38065 38067 38074 38077 38078 38089 38090 38091 38098 38099 38100 38103 38106 38115 38116 38161 38163 38165 38183 38184 38186 38191 38192 38195 38196 38197 38219 38236 38245 38246 38247 38286 38287 38290 38303 38304 38306 38308 38310 38395 38396 38397 38401 38402 38403 38404 38405 38448 38494 38495 38604 38622 38626 38638 38642 38677 38763 38791 38809 38812 38816 38937 38946 38957 38961 38976 38979 38988 39101 39150 39158 39274 39290 39294 39305 39308 39395 39403 39429 39514 39547 39552
LI (19):  59 125 187 5717 35876 35877 35962 35967 37813 37817 37820 37842 37882 37892 37895 37906 37913 37916 37927
NODE_NUM = 175
FILE aes_secworks_sub_186.aig

# Subcircuit 187
SUB_ID 187
LO (113):  37817 37842 37892 37913 37942 37943 37945 37969 37970 37971 37972 37973 37975 37993 37994 38003 38016 38022 38023 38024 38039 38041 38042 38043 38048 38049 38051 38068 38092 38094 38107 38108 38113 38117 38123 38130 38131 38143 38144 38155 38156 38159 38168 38188 38221 38224 38266 38267 38273 38275 38285 38293 38297 38298 38299 38354 38356 38357 38358 38367 38368 38369 38370 38372 38380 38381 38382 38383 38385 38414 38416 38418 38419 38449 38450 38451 38485 38486 38488 38489 38507 38509 38512 38513 38603 38607 38625 38639 38650 38657 38662 38779 38782 38793 38806 38932 38980 39119 39123 39139 39254 39265 39276 39293 39297 39304 39378 39394 39419 39487 39515 39529 39542
LI (58):  61 129 189 5717 35876 35877 35962 35967 37823 37827 37830 37841 37882 37884 37887 37895 37906 37912 37916 37925 37927 37935 37939 37951 37960 37966 37968 37976 37983 37991 37992 38014 38020 38027 38030 38037 38038 38053 38063 38067 38069 38070 38079 38088 38091 38103 38106 38116 38118 38119 38122 38127 38132 38137 38138 38147 38150 38154
NODE_NUM = 200
FILE aes_secworks_sub_187.aig

# Subcircuit 188
SUB_ID 188
LO (142):  37827 37841 37882 37895 37906 37916 37927 37939 37951 37952 37953 37954 37956 37957 37959 37960 37961 37964 37965 37966 37968 37976 37977 37978 37979 37980 37992 38004 38005 38006 38007 38009 38012 38014 38018 38019 38020 38026 38027 38030 38031 38034 38035 38036 38038 38053 38069 38073 38085 38087 38118 38126 38135 38136 38137 38138 38147 38149 38154 38160 38167 38225 38226 38229 38231 38232 38234 38259 38260 38265 38270 38311 38312 38313 38316 38318 38325 38331 38332 38334 38337 38338 38341 38343 38376 38377 38378 38387 38388 38406 38407 38427 38428 38429 38431 38432 38433 38439 38441 38442 38458 38461 38466 38467 38471 38473 38484 38497 38501 38502 38504 38505 38602 38608 38647 38658 38669 38766 38770 38780 38783 38794 38805 38824 38944 38949 38990 38994 39104 39107 39111 39140 39147 39311 39368 39386 39410 39412 39494 39508 39511 39538
LI (27):  63 65 127 137 191 193 5717 35876 35877 35962 35967 37836 37839 37847 37850 37861 37881 37893 37894 37897 37899 37904 37914 37918 37920 37938 37955
NODE_NUM = 190
FILE aes_secworks_sub_188.aig

# Subcircuit 189
SUB_ID 189
LO (23):  37847 37861 37881 37894 37904 37938 37983 38037 38063 38520 38689 38835 39005 39182 39322 39442 39526 39561 44650 44686 44888 45714 45938
LI (171):  67 69 71 73 131 133 135 195 197 199 201 5717 35876 35877 35962 35967 37856 37859 37866 37869 37875 37878 37880 37885 37890 37891 37932 37960 37976 37979 37980 38030 38031 38035 38036 38053 38057 38060 38062 38091 38122 38144 38179 38194 38204 38207 38209 38211 38212 38240 38248 38249 38252 38257 38302 38304 38311 38328 38340 38343 38348 38354 38356 38358 38361 38363 38393 38436 38453 38464 38466 38467 38476 38515 38517 38518 38606 38610 38612 38614 38633 38634 38636 38644 38652 38668 38671 38672 38682 38687 38756 38758 38760 38768 38771 38772 38776 38789 38791 38795 38803 38819 38820 38825 38826 38833 38922 38927 38930 38932 38940 39003 39004 39094 39097 39114 39116 39129 39132 39133 39136 39145 39146 39153 39155 39159 39161 39168 39169 39174 39263 39264 39272 39275 39276 39279 39281 39283 39286 39287 39303 39310 39311 39315 39318 39321 39381 39384 39386 39438 39440 39497 39507 39521 39525 39527 39541 39542 39547 39555 44390 44649 44685 44880 44883 44887 45447 45706 45709 45713 45937
NODE_NUM = 200
FILE aes_secworks_sub_189.aig

# Subcircuit 190
SUB_ID 190
LO (53):  38057 38060 38062 38070 38079 38088 38119 38122 38127 38132 38148 38150 38199 38201 38202 38207 38248 38252 38302 38340 38348 38361 38363 38464 38633 38634 38644 38652 38668 38756 38789 38820 38825 38922 38940 39003 39114 39129 39132 39133 39168 39174 39263 39272 39279 39283 39381 39438 39497 39507 39527 39541 39555
LI (161):  37843 37883 37888 37939 37951 37960 37961 37968 37970 38004 38006 38030 38036 38041 38043 38053 38059 38069 38073 38074 38078 38087 38107 38118 38126 38130 38135 38136 38147 38149 38184 38205 38224 38225 38229 38241 38247 38259 38260 38262 38268 38269 38276 38277 38287 38291 38293 38299 38301 38306 38312 38331 38332 38336 38339 38345 38406 38431 38439 38451 38455 38456 38457 38458 38461 38466 38467 38471 38473 38476 38500 38501 38602 38619 38623 38628 38629 38632 38640 38642 38648 38650 38660 38662 38666 38755 38781 38782 38783 38787 38824 38920 38939 38944 38946 38951 38953 38955 38959 38961 38970 39001 39002 39106 39107 39112 39121 39123 39127 39130 39164 39166 39173 39242 39246 39247 39248 39252 39253 39254 39259 39264 39265 39268 39270 39370 39373 39375 39378 39392 39393 39396 39398 39407 39410 39414 39415 39417 39421 39423 39424 39427 39435 39437 39486 39489 39491 39494 39499 39501 39505 39510 39511 39518 39526 39529 39532 39533 39539 39549 39554
NODE_NUM = 198
FILE aes_secworks_sub_190.aig

# Subcircuit 191
SUB_ID 191
LO (66):  38179 38194 38204 38205 38209 38211 38212 38240 38241 38249 38262 38268 38276 38277 38291 38328 38336 38339 38345 38393 38436 38453 38455 38456 38476 38500 38515 38606 38610 38623 38629 38660 38666 38672 38682 38755 38760 38768 38803 38819 38927 38930 38959 39001 39094 39106 39121 39127 39136 39153 39159 39242 39264 39286 39303 39315 39370 39384 39407 39435 39486 39499 39525 39539 39549 39554
LI (175):  37843 37885 37888 37902 37928 37932 37939 37945 37951 37959 37964 37968 37975 37976 37978 37992 37994 38003 38005 38007 38026 38035 38038 38041 38048 38051 38059 38069 38073 38085 38087 38089 38091 38099 38113 38118 38126 38135 38138 38143 38147 38149 38159 38160 38161 38163 38165 38167 38168 38172 38173 38186 38188 38192 38197 38199 38201 38202 38219 38221 38224 38226 38228 38229 38231 38232 38233 38234 38236 38265 38266 38267 38270 38275 38285 38290 38308 38310 38313 38315 38318 38321 38325 38334 38338 38372 38376 38377 38378 38380 38383 38385 38387 38388 38405 38407 38412 38419 38433 38439 38442 38448 38450 38451 38458 38466 38473 38484 38489 38495 38496 38497 38505 38507 38509 38513 38602 38603 38604 38607 38608 38622 38650 38655 38659 38665 38677 38681 38764 38766 38779 38799 38800 38811 38814 38816 38926 38929 38957 38973 38977 38978 38981 38983 38992 38994 38995 38996 39000 39102 39104 39117 39119 39126 39147 39152 39158 39241 39265 39290 39295 39296 39297 39298 39300 39314 39368 39369 39382 39403 39406 39431 39433 39538 39552
NODE_NUM = 200
FILE aes_secworks_sub_191.aig

# Subcircuit 192
SUB_ID 192
LO (97):  38612 38614 38628 38636 38640 38648 38655 38659 38665 38671 38681 38758 38764 38771 38781 38795 38799 38800 38811 38814 38826 38920 38926 38929 38939 38951 38953 38970 38973 38977 38981 38992 38996 39008 39037 39097 39102 39112 39117 39126 39130 39145 39152 39155 39164 39166 39173 39185 39241 39246 39248 39252 39259 39268 39275 39295 39310 39314 39325 39369 39373 39375 39382 39392 39396 39414 39417 39421 39424 39427 39431 39433 39445 39489 39491 39501 39505 39510 39518 39521 39532 39564 39655 39675 39713 39716 39717 39719 39720 39726 39736 39744 39770 39891 42450 43864 45046
LI (210):  139 147 257 259 261 263 265 28980 29042 29101 29160 29219 33299 35876 35962 35967 36679 37898 37900 37908 37911 37922 37923 37929 37930 37931 37934 37942 37943 37952 37953 37954 37956 37957 37965 37969 37971 37972 37973 37977 37987 37990 37993 38004 38009 38012 38016 38018 38019 38022 38023 38024 38026 38034 38039 38041 38042 38049 38065 38068 38077 38089 38090 38092 38094 38098 38100 38106 38108 38115 38117 38123 38130 38131 38138 38148 38149 38155 38156 38183 38188 38191 38195 38196 38199 38202 38224 38225 38229 38234 38245 38246 38260 38265 38270 38273 38275 38285 38286 38293 38297 38298 38303 38311 38313 38316 38318 38337 38341 38343 38357 38367 38368 38369 38370 38372 38381 38382 38395 38396 38397 38401 38402 38403 38404 38414 38416 38418 38427 38428 38429 38432 38441 38448 38449 38461 38473 38484 38485 38486 38488 38494 38497 38502 38504 38505 38509 38512 38625 38626 38638 38639 38647 38657 38658 38669 38763 38770 38779 38780 38793 38794 38805 38806 38809 38810 38812 38937 38946 38949 38969 38976 38979 38980 38988 38990 39101 39111 39139 39140 39144 39150 39158 39274 39293 39294 39304 39305 39308 39309 39368 39394 39395 39412 39419 39429 39487 39508 39514 39515 39640 39643 39654 39674 39703 39707 39710 42447 42605 43861
NODE_NUM = 183
FILE aes_secworks_sub_192.aig

# Subcircuit 193
SUB_ID 193
LO (118):  39640 39654 39674 39725 39729 39731 39733 39734 39746 39750 39751 39752 39754 39755 39757 39760 39762 39763 39764 39766 39767 39769 39773 39775 39776 39777 39778 39781 39782 39786 39787 39791 39836 39837 39838 39843 39844 39849 39874 39875 39876 39898 39900 39924 39926 39936 39937 39938 39939 39942 39948 39949 39958 39962 39996 40012 40016 40018 40061 40119 40123 40130 40131 40138 40139 40142 40163 40164 40167 40168 40170 40171 40188 40189 40190 40234 40235 40236 40238 40239 40242 40243 40281 40282 40283 40436 40444 40471 40487 40489 40497 40509 40595 40602 40614 40615 40616 40623 40641 40770 40782 40789 40811 40828 40928 40942 40950 40990 41089 41146 41207 41242 41251 41256 41320 41323 41361 41378
LI (27):  75 77 141 145 203 205 5717 35876 35877 35962 35967 39649 39652 39655 39659 39662 39673 39716 39719 39723 39727 39743 39744 39748 39759 39771 39783
NODE_NUM = 182
FILE aes_secworks_sub_193.aig

# Subcircuit 194
SUB_ID 194
LO (153):  39659 39673 39714 39715 39721 39722 39723 39727 39738 39739 39740 39741 39742 39743 39748 39759 39771 39783 39792 39793 39794 39795 39796 39797 39799 39800 39801 39808 39824 39828 39839 39850 39854 39857 39862 39867 39870 39871 39881 39888 39890 39893 39897 39901 39902 39908 39909 39910 39915 39922 39923 39933 39950 39954 39964 39968 39970 39979 39980 39984 39993 39999 40002 40003 40004 40022 40023 40030 40031 40032 40037 40038 40040 40041 40042 40044 40066 40070 40074 40075 40083 40097 40098 40110 40111 40135 40136 40156 40161 40173 40175 40178 40179 40191 40192 40194 40201 40206 40208 40212 40227 40229 40231 40245 40252 40253 40254 40256 40259 40260 40261 40263 40271 40272 40277 40286 40287 40289 40291 40312 40313 40314 40317 40324 40333 40334 40335 40339 40434 40450 40451 40452 40458 40467 40474 40505 40511 40597 40612 40622 40777 40804 40826 40932 40980 41126 41131 41200 41204 41217 41257 41262 41386
LI (29):  79 81 143 153 207 209 5717 35876 35877 35962 35967 39668 39671 39675 39679 39682 39693 39713 39717 39720 39725 39726 39729 39731 39736 39769 39770 39782 39791
NODE_NUM = 191
FILE aes_secworks_sub_194.aig

# Subcircuit 195
SUB_ID 195
LO (16):  39679 39693 39703 39707 39811 39976 40352 40521 40667 40837 41014 41154 41274 41393 43776 44921
LI (171):  83 85 87 89 149 151 211 213 215 217 5717 35876 35877 35962 35967 39688 39691 39698 39701 39750 39757 39773 39776 39778 39799 39800 39801 39806 39808 39810 39812 39814 39815 39832 39850 39880 39887 39890 39892 39893 39912 39930 39944 39945 39975 39977 39982 39986 39987 40006 40010 40028 40045 40049 40072 40075 40077 40079 40086 40184 40185 40265 40269 40274 40284 40296 40299 40302 40304 40305 40307 40310 40312 40316 40317 40327 40336 40338 40343 40344 40347 40449 40465 40467 40476 40480 40481 40484 40500 40502 40506 40514 40516 40588 40590 40608 40621 40636 40651 40654 40656 40660 40666 40775 40788 40791 40793 40798 40800 40803 40818 40820 40823 40831 40836 40948 40961 40970 40973 40974 40978 40993 40996 40998 41001 41006 41007 41074 41076 41093 41095 41104 41113 41116 41118 41121 41124 41126 41134 41135 41138 41140 41148 41153 41213 41221 41225 41227 41231 41236 41237 41239 41255 41260 41263 41264 41269 41329 41339 41341 41344 41345 41348 41358 41389 41392 43775 44390 44913 44916 44920
NODE_NUM = 200
FILE aes_secworks_sub_195.aig

# Subcircuit 196
SUB_ID 196
LO (47):  39810 39812 39814 39832 39880 39912 39977 40006 40184 40269 40274 40304 40307 40316 40327 40449 40465 40480 40502 40514 40608 40651 40656 40775 40800 40818 40831 40948 40961 40970 40973 40993 41074 41104 41113 41124 41134 41148 41213 41231 41263 41329 41339 41341 41355 41358 41389
LI (151):  39738 39740 39741 39746 39750 39752 39760 39764 39767 39773 39776 39778 39787 39800 39801 39808 39824 39828 39830 39831 39838 39839 39844 39849 39850 39853 39856 39857 39878 39893 39904 39906 39910 39922 39923 39938 39976 39993 39997 40005 40027 40034 40041 40043 40062 40078 40099 40100 40130 40134 40135 40147 40148 40150 40153 40154 40155 40156 40170 40182 40190 40197 40201 40203 40210 40216 40217 40229 40236 40242 40268 40271 40272 40298 40313 40314 40324 40326 40337 40434 40436 40438 40439 40442 40445 40456 40459 40463 40479 40509 40513 40586 40595 40597 40607 40643 40645 40647 40754 40756 40757 40773 40806 40807 40813 40814 40817 40826 40830 40947 40953 40954 40959 40963 40967 40981 40983 40988 40990 40992 41073 41096 41098 41101 41102 41106 41112 41123 41133 41143 41147 41200 41201 41205 41209 41212 41229 41262 41318 41320 41325 41330 41338 41352 41357 41373 41374 41379 41382 41386 41387
NODE_NUM = 200
FILE aes_secworks_sub_196.aig

# Subcircuit 197
SUB_ID 197
LO (60):  39856 39878 39885 39887 39906 39930 39944 40049 40072 40086 40134 40144 40145 40147 40182 40265 40268 40284 40290 40295 40299 40302 40439 40445 40456 40459 40463 40500 40607 40621 40636 40654 40660 40754 40773 40788 40793 40823 40947 40953 40959 40967 40988 40996 41093 41096 41112 41116 41138 41140 41201 41205 41221 41225 41227 41229 41235 41338 41348 41373
LI (140):  39714 39721 39722 39746 39752 39754 39764 39767 39773 39775 39778 39781 39787 39792 39793 39796 39854 39862 39867 39870 39871 39874 39876 39877 39881 39888 39892 39897 39908 39909 39928 39931 39934 39942 39955 40018 40019 40024 40048 40050 40051 40055 40059 40063 40071 40074 40083 40084 40085 40097 40101 40105 40111 40123 40133 40136 40140 40142 40143 40170 40172 40173 40175 40179 40180 40188 40233 40235 40244 40245 40247 40254 40257 40259 40261 40263 40266 40271 40277 40282 40283 40291 40294 40298 40444 40452 40453 40458 40462 40488 40489 40499 40602 40604 40606 40617 40618 40624 40626 40631 40632 40635 40753 40760 40762 40763 40772 40780 40783 40784 40822 40928 40930 40934 40935 40945 40946 40949 40950 40986 40995 41081 41084 41087 41091 41092 41111 41115 41137 41200 41204 41215 41217 41224 41334 41335 41362 41368 41369 41372
NODE_NUM = 200
FILE aes_secworks_sub_197.aig

# Subcircuit 198
SUB_ID 198
LO (86):  39892 39904 39928 39934 39955 39975 39982 39986 39987 39995 39997 40005 40024 40034 40048 40062 40071 40099 40100 40101 40133 40143 40148 40150 40153 40172 40197 40210 40216 40217 40294 40336 40337 40338 40343 40344 40462 40476 40479 40481 40499 40506 40513 40586 40588 40604 40617 40626 40631 40643 40756 40772 40783 40791 40798 40806 40830 40930 40945 40963 40974 40981 40995 41006 41084 41087 41106 41115 41118 41123 41133 41143 41147 41209 41224 41236 41237 41255 41260 41330 41334 41357 41362 41368 41374 41382
LI (147):  39715 39723 39727 39733 39734 39746 39750 39752 39754 39759 39762 39771 39773 39776 39778 39787 39800 39837 39854 39862 39891 39897 39898 39900 39901 39902 39915 39919 39923 39924 39926 39933 39939 39948 39949 39950 39954 39958 39959 39960 39962 39964 39966 39968 39970 39972 39974 39979 39980 39984 39996 39999 40004 40012 40016 40023 40029 40030 40031 40032 40036 40037 40038 40046 40061 40064 40070 40093 40094 40097 40098 40100 40110 40111 40123 40127 40131 40138 40145 40151 40154 40155 40161 40164 40168 40171 40190 40191 40192 40194 40206 40208 40212 40239 40263 40281 40282 40287 40330 40331 40333 40334 40335 40336 40339 40341 40471 40472 40474 40494 40498 40505 40511 40585 40612 40616 40630 40637 40639 40641 40767 40771 40782 40789 40797 40804 40828 40940 40942 40950 40980 40990 41005 41131 41146 41208 41235 41243 41245 41247 41248 41253 41258 41333 41355 41361 41367
NODE_NUM = 200
FILE aes_secworks_sub_198.aig

# Subcircuit 199
SUB_ID 199
LO (133):  40019 40027 40028 40029 40043 40045 40046 40050 40055 40063 40064 40077 40078 40079 40084 40085 40093 40105 40127 40140 40151 40154 40155 40233 40244 40257 40296 40298 40330 40355 40356 40488 40498 40585 40590 40618 40624 40632 40753 40760 40767 40771 40780 40784 40797 40807 40813 40814 40820 40822 40934 40935 40940 40949 40954 41001 41073 41076 41081 41091 41098 41101 41111 41137 41208 41243 41245 41253 41258 41264 41325 41333 41335 41344 41352 41369 41379 41463 41483 41523 41524 41525 41527 41528 41529 41530 41531 41533 41537 41538 41539 41540 41542 41543 41548 41549 41551 41552 41595 41699 41705 41716 41717 41718 41729 41730 41731 41740 41741 41742 41823 41824 41825 41830 41831 41832 41835 41836 41837 41885 41886 41887 42088 42131 42132 42134 42252 42547 42845 42865 43111 43117 45438
LI (135):  155 267 29275 35876 35954 35962 35967 36679 39714 39715 39722 39738 39739 39742 39748 39750 39751 39755 39763 39764 39766 39776 39777 39783 39786 39792 39794 39795 39797 39808 39811 39824 39836 39838 39843 39867 39870 39875 39885 39890 39891 39901 39926 39933 39936 39937 39950 39954 39962 39964 39970 39979 39995 40002 40003 40022 40040 40042 40044 40066 40075 40083 40110 40111 40119 40135 40136 40139 40144 40145 40161 40163 40164 40167 40175 40178 40179 40188 40189 40227 40229 40231 40234 40236 40238 40243 40252 40253 40256 40259 40260 40283 40286 40287 40289 40290 40295 40317 40339 40434 40450 40451 40458 40487 40497 40612 40614 40615 40622 40623 40770 40777 40779 40811 40932 41089 41207 41242 41251 41256 41257 41323 41378 41448 41451 41462 41482 41522 41532 41535 41546 42186 44657 45425 45434
NODE_NUM = 187
FILE aes_secworks_sub_199.aig

# Subcircuit 200
SUB_ID 200
LO (134):  41448 41462 41482 41532 41554 41558 41559 41560 41562 41563 41569 41570 41571 41572 41574 41575 41577 41581 41582 41583 41584 41585 41586 41589 41609 41610 41612 41613 41615 41617 41618 41619 41620 41623 41625 41626 41627 41628 41629 41630 41631 41633 41643 41644 41645 41646 41654 41656 41661 41662 41663 41664 41682 41683 41684 41713 41715 41732 41734 41737 41738 41739 41757 41766 41770 41786 41796 41800 41828 41829 41858 41862 41925 41937 41938 41939 41971 41972 41974 41975 41976 41994 41996 41997 41998 42007 42008 42009 42010 42012 42027 42028 42031 42042 42043 42044 42046 42047 42050 42111 42113 42115 42116 42125 42126 42128 42129 42213 42232 42235 42246 42267 42275 42361 42377 42512 42569 42669 42692 42731 42740 42744 42836 42864 42868 42875 42962 42987 43001 43054 43080 43094 43108 43114
LI (34):  91 93 157 161 219 221 5717 35876 35877 35962 35967 41457 41460 41463 41467 41470 41481 41522 41524 41527 41543 41546 41551 41552 41556 41567 41579 41591 41606 41608 41616 41632 41653 41660
NODE_NUM = 199
FILE aes_secworks_sub_200.aig

# Subcircuit 201
SUB_ID 201
LO (138):  41467 41481 41522 41535 41546 41556 41567 41579 41591 41592 41593 41594 41596 41597 41599 41600 41601 41602 41603 41604 41605 41606 41608 41616 41632 41647 41649 41651 41652 41653 41658 41659 41660 41666 41667 41669 41670 41672 41673 41674 41675 41676 41677 41678 41679 41689 41706 41709 41747 41755 41756 41758 41775 41776 41777 41778 41787 41789 41794 41804 41807 41820 41821 41865 41866 41869 41874 41902 41905 41906 41910 41911 41912 41926 41927 41930 41945 41946 41947 41949 41950 41960 41965 41977 41978 41981 41983 41984 42016 42017 42018 42020 42053 42067 42068 42069 42071 42072 42073 42079 42080 42081 42082 42101 42107 42108 42109 42120 42124 42137 42138 42139 42141 42142 42144 42145 42147 42212 42214 42218 42268 42287 42375 42378 42400 42421 42509 42515 42517 42530 42580 42678 42681 42870 42936 42954 42980 43059
LI (29):  95 97 159 169 223 225 5717 35876 35877 35962 35967 41476 41479 41487 41490 41501 41521 41533 41534 41537 41539 41544 41554 41572 41577 41578 41595 41661 41664
NODE_NUM = 181
FILE aes_secworks_sub_201.aig

# Subcircuit 202
SUB_ID 202
LO (21):  41487 41501 41521 41534 41544 41578 41696 41698 42060 42062 42076 42160 42299 42430 42531 42591 42756 42893 43010 43126 45218
LI (171):  99 101 103 105 163 165 167 227 229 231 233 5717 35876 35877 35962 35967 41496 41499 41506 41509 41515 41518 41520 41525 41560 41562 41581 41586 41600 41604 41643 41654 41669 41677 41678 41679 41682 41684 41689 41694 41697 41702 41703 41720 41752 41816 41817 41857 41862 41863 41866 41879 41880 41883 41887 41888 41891 41892 41893 41897 41905 41909 41912 41913 41916 41919 41941 41978 41991 42043 42052 42059 42061 42065 42066 42069 42073 42077 42079 42093 42097 42099 42102 42105 42109 42115 42116 42155 42157 42216 42220 42222 42224 42227 42234 42238 42240 42295 42297 42373 42384 42391 42394 42395 42414 42416 42420 42421 42424 42426 42508 42513 42515 42519 42526 42529 42542 42557 42572 42575 42576 42585 42590 42690 42691 42692 42698 42699 42702 42706 42709 42719 42751 42752 42754 42813 42818 42824 42826 42830 42835 42842 42843 42846 42848 42850 42859 42889 42891 42949 42951 42955 42960 42968 42975 43005 43006 43062 43064 43067 43068 43084 43087 43089 43122 43123 43125 44390 45210 45213 45217
NODE_NUM = 200
FILE aes_secworks_sub_202.aig

# Subcircuit 203
SUB_ID 203
LO (50):  41697 41702 41720 41752 41759 41816 41857 41883 41891 41892 41899 41900 41907 41908 41909 41918 41919 41941 42093 42099 42105 42155 42240 42272 42295 42391 42393 42414 42420 42557 42575 42576 42585 42706 42709 42719 42751 42818 42826 42848 42889 42949 42968 42975 43005 43062 43065 43084 43089 43122
LI (154):  41483 41523 41528 41535 41538 41540 41558 41560 41581 41586 41600 41601 41602 41603 41608 41610 41623 41698 41699 41705 41706 41709 41711 41713 41715 41718 41727 41731 41734 41739 41741 41742 41747 41749 41751 41756 41757 41758 41768 41771 41774 41777 41778 41783 41791 41794 41796 41814 41821 41823 41824 41825 41828 41830 41833 41834 41844 41845 41854 41858 41865 41881 41902 41905 41906 41917 41931 41935 41939 42081 42083 42088 42089 42107 42108 42111 42113 42124 42128 42136 42137 42139 42141 42142 42144 42145 42147 42149 42150 42246 42247 42248 42250 42252 42258 42262 42282 42294 42387 42389 42400 42402 42403 42413 42419 42545 42547 42552 42554 42556 42573 42581 42582 42704 42708 42715 42717 42735 42738 42740 42745 42749 42816 42874 42875 42880 42881 42883 42884 42938 42941 42944 42946 42964 42966 42972 42973 42991 42992 42994 43003 43051 43054 43057 43059 43074 43075 43076 43083 43106 43108 43111 43112 43120
NODE_NUM = 200
FILE aes_secworks_sub_203.aig

# Subcircuit 204
SUB_ID 204
LO (47):  41768 41771 41774 41791 41814 41844 41879 41935 41991 42059 42077 42097 42220 42234 42238 42258 42294 42373 42384 42508 42519 42542 42552 42554 42572 42690 42691 42715 42735 42816 42824 42842 42859 42874 42941 42944 42946 42955 42972 42973 42991 43003 43057 43064 43067 43106 43120
LI (156):  41483 41528 41531 41542 41567 41570 41575 41579 41581 41584 41589 41591 41594 41627 41644 41646 41647 41664 41670 41673 41674 41676 41699 41729 41758 41766 41767 41770 41786 41787 41789 41800 41804 41807 41812 41813 41837 41838 41869 41872 41875 41931 41943 41946 41947 41950 41952 41954 41958 41967 41968 41971 41972 41976 41979 41981 41983 41984 41985 41994 41996 41998 41999 42003 42008 42019 42020 42021 42023 42031 42033 42041 42046 42053 42055 42056 42076 42095 42096 42101 42116 42212 42219 42229 42233 42235 42257 42278 42285 42288 42289 42350 42351 42356 42363 42365 42368 42369 42375 42377 42379 42380 42506 42517 42530 42531 42534 42537 42539 42551 42563 42564 42565 42570 42667 42668 42671 42680 42681 42686 42688 42692 42714 42727 42728 42733 42819 42823 42836 42838 42839 42853 42858 42861 42866 42868 42872 42873 42940 42943 42954 42970 42978 42982 42983 42984 42989 42997 43002 43056 43065 43094 43095 43105 43114 43119
NODE_NUM = 200
FILE aes_secworks_sub_204.aig

# Subcircuit 205
SUB_ID 205
LO (92):  41812 41833 41838 41845 41854 41863 41872 41875 41881 41913 41917 41931 41943 41952 41954 41958 41967 41979 41985 41999 42019 42023 42041 42052 42056 42061 42065 42083 42089 42095 42096 42102 42136 42150 42216 42219 42222 42224 42233 42248 42257 42278 42282 42285 42288 42289 42356 42363 42365 42368 42379 42387 42394 42395 42403 42413 42416 42419 42506 42513 42526 42537 42539 42551 42563 42565 42570 42573 42581 42667 42671 42680 42684 42727 42738 42745 42823 42830 42839 42858 42872 42883 42938 42970 42982 42984 43002 43068 43083 43087 43105 43119
LI (177):  41483 41525 41528 41530 41535 41548 41556 41558 41559 41560 41562 41567 41569 41571 41574 41579 41582 41583 41584 41585 41586 41591 41593 41596 41597 41599 41600 41608 41612 41615 41616 41617 41618 41619 41620 41623 41625 41628 41629 41630 41631 41632 41633 41645 41649 41651 41652 41656 41662 41666 41670 41672 41675 41678 41679 41683 41699 41709 41713 41717 41731 41732 41734 41740 41755 41757 41758 41759 41775 41776 41778 41787 41789 41820 41828 41829 41832 41835 41869 41874 41885 41900 41910 41911 41918 41925 41926 41930 41938 41946 41947 41949 41950 41953 41960 41961 41965 41974 41975 41976 41977 41978 41983 41997 42007 42009 42012 42016 42017 42018 42020 42027 42044 42047 42050 42060 42068 42072 42073 42080 42082 42088 42101 42109 42120 42124 42125 42129 42132 42134 42138 42145 42147 42212 42213 42214 42218 42232 42267 42268 42270 42272 42273 42275 42281 42283 42287 42359 42361 42377 42378 42393 42409 42509 42512 42522 42569 42580 42669 42676 42678 42721 42726 42732 42736 42744 42870 42936 42937 42963 42980 43001 43081 43086 43099 43101 43117
NODE_NUM = 200
FILE aes_secworks_sub_205.aig

# Subcircuit 206
SUB_ID 206
LO (107):  42686 42698 42699 42708 42714 42717 42726 42728 42732 42733 42736 42813 42838 42846 42861 42866 42880 42940 42943 42960 42963 42964 42978 42989 42997 43051 43056 43074 43081 43099 43161 43168 43170 43209 43248 43287 43326 43358 43365 43397 43404 43436 43443 43469 43476 43492 43515 43531 43554 43567 43593 43632 43671 43684 43710 43749 43775 43779 43786 43810 43815 43819 43857 43896 43909 43921 43935 43945 43974 44006 44013 44052 44068 44079 44085 44104 44121 44160 44176 44199 44238 44277 44316 44355 44384 44389 44390 44392 44425 44458 44491 44524 44557 44590 44623 44653 44689 44722 44755 44788 44821 44854 46259 46278 46292 46311 46358
LI (175):  107 109 111 113 115 117 119 121 123 125 127 129 131 133 135 171 173 175 177 179 181 183 185 187 189 191 193 195 197 199 201 203 205 207 209 211 213 215 217 219 221 223 225 227 229 231 233 29344 32115 35895 35910 35954 36676 36679 36689 36691 36692 37053 37223 37788 38692 39620 40399 40556 40720 40887 40890 41046 41180 41529 41549 41551 41563 41571 41592 41596 41605 41609 41613 41625 41626 41628 41651 41658 41659 41663 41667 41672 41696 41705 41716 41730 41737 41738 41759 41766 41770 41775 41831 41836 41858 41886 41899 41907 41908 41912 41919 41927 41937 41945 41978 41996 42010 42028 42031 42042 42062 42067 42071 42081 42107 42126 42131 42144 42174 42218 42378 42531 42620 42684 42731 42779 42836 42845 42864 42865 42936 42962 42987 43080 43165 43330 43336 43342 43354 43369 43375 43381 43393 43408 43414 43420 43432 43447 43450 43453 43462 43465 43489 43528 43774 43783 43906 43919 43920 43981 43987 43990 44002 44062 44065 44098 44101 44383 44387
NODE_NUM = 200
FILE aes_secworks_sub_206.aig

# Subcircuit 207
SUB_ID 207
LO (44):  44418 44507 44540 44606 44649 44663 44685 44705 44738 44781 44814 44880 44883 44887 44913 44916 44920 44946 44953 44972 44986 45002 45019 45023 45052 45085 45118 45151 45177 45178 45184 45210 45213 45217 45233 45250 45266 45277 45283 45309 45316 45342 45349 46457
LI (108):  137 139 141 143 145 147 149 151 153 155 157 159 161 163 165 28866 31181 33593 35954 36676 36679 36702 36708 37020 37193 37504 37752 37758 37767 38534 38561 38692 38703 38727 38879 40399 40559 40887 41428 42313 42328 42433 42453 42605 43831 44389 44396 44399 44402 44414 44498 44501 44531 44537 44597 44600 44647 44648 44696 44702 44729 44732 44735 44759 44768 44777 44792 44795 44798 44810 44858 44861 44864 44876 44881 44882 44894 44897 44900 44909 44930 44933 44936 44942 44960 44963 44966 44996 44999 45161 45164 45167 45173 45188 45194 45197 45206 45227 45260 45263 45287 45293 45296 45305 45320 45326 45329 45338
NODE_NUM = 198
FILE aes_secworks_sub_207.aig

# Subcircuit 208
SUB_ID 208
LO (54):  45375 45382 45408 45415 45441 45447 45449 45471 45478 45482 45515 45534 45548 45561 45576 45581 45591 45614 45647 45673 45680 45706 45709 45713 45736 45738 45744 45776 45809 45813 45842 45875 45908 45937 45941 45967 45969 45974 45990 46004 46037 46070 46103 46136 46169 46202 46235 46265 46298 46331 46364 46397 46430 46463
LI (98):  43 45 47 49 51 53 55 57 59 61 63 65 67 69 71 73 75 77 79 81 83 85 87 89 91 93 95 97 99 101 103 105 167 169 28289 28382 28571 30772 33065 35892 35954 36676 36679 36689 36691 36692 36708 36874 37504 37764 38534 39575 42471 42480 42594 42638 42759 44203 44389 45353 45359 45362 45371 45386 45392 45395 45404 45439 45444 45453 45459 45465 45476 45519 45522 45558 45651 45654 45660 45669 45687 45690 45693 45702 45708 45717 45720 45732 45742 45935 45936 45945 45951 45954 45957 45963 45981 45984
NODE_NUM = 147
FILE aes_secworks_sub_208.aig

# Subcircuit 209
SUB_ID 209
LO (14):  45997 46020 46053 46096 46129 46162 46195 46221 46229 46325 46350 46390 46391 46424
LI (40):  35954 36679 39605 39608 40402 40714 40887 43645 45990 45993 45996 46014 46017 46047 46050 46077 46080 46083 46092 46110 46113 46116 46125 46143 46146 46149 46158 46176 46179 46182 46191 46206 46212 46215 46335 46341 46344 46368 46374 46386
NODE_NUM = 79
FILE aes_secworks_sub_209.aig

