# Subcircuit 0
SUB_ID 0
LO (50):  2436 2437 2438 2439 2440 2441 2442 2443 2444 2445 2446 2447 2448 2449 2450 2451 2452 2453 2454 2455 2456 2457 2458 2459 2460 2461 2462 2463 2464 2465 2466 2467 2468 2469 2470 2471 2472 2473 2474 2475 2476 2477 2478 2479 2480 2481 2482 2483 2484 6272
LI (49):  664 665 667 668 669 671 672 673 674 675 676 677 678 679 680 683 686 690 693 708 709 712 713 714 715 717 718 719 720 721 723 734 838 849 851 853 854 856 857 860 866 867 871 872 873 874 875 877 882
NODE_NUM = 50
FILE mem_ctrl_sub_0.aig

# Subcircuit 1
SUB_ID 1
LO (50):  2485 2486 2487 2488 2489 2490 2491 2492 2493 2494 2495 2496 2497 2498 2499 2500 2501 2502 2503 2504 2505 2506 2507 2508 2509 2510 2511 2512 2513 2514 2515 2516 2517 2518 2519 2520 2521 2522 2523 2524 2525 2526 2527 2528 2529 2530 2531 2532 2533 14320
LI (49):  32 81 839 840 843 844 845 846 848 852 855 858 859 861 868 869 881 994 997 998 999 1001 1003 1004 1006 1007 1009 1010 1011 1012 1013 1014 1016 1017 1018 1019 1020 1021 1022 1023 1024 1025 1026 1027 1028 1031 1032 1033 1035
NODE_NUM = 50
FILE mem_ctrl_sub_1.aig

# Subcircuit 2
SUB_ID 2
LO (50):  2534 2535 2536 2537 2538 2539 2540 2541 2542 2543 2544 2545 2546 2547 2548 2549 2550 2551 2552 2553 2554 2555 2556 2557 2558 2559 2560 2561 2562 2563 2564 2565 2566 2567 2568 2569 2570 2571 2572 2573 2574 2575 2576 2577 2578 2579 2580 2581 2582 2583
LI (50):  1 2 3 4 5 6 7 8 9 10 11 12 13 14 15 16 21 22 26 27 28 29 30 79 113 128 227 228 230 303 311 466 467 468 470 471 472 473 474 475 476 478 809 823 835 894 995 996 1029 1034
NODE_NUM = 50
FILE mem_ctrl_sub_2.aig

# Subcircuit 3
SUB_ID 3
LO (36):  2584 2585 2586 2587 2588 2589 2594 3194 3196 3232 3237 3286 3481 3625 3626 5918 5940 5941 5972 6371 6630 6761 7664 8239 9242 11556 11583 11584 13290 14134 15264 38925 38927 44737 44739 49451
LI (17):  17 18 19 20 216 217 222 300 333 834 930 1097 1145 3190 3229 3231 3234
NODE_NUM = 47
FILE mem_ctrl_sub_3.aig

# Subcircuit 4
SUB_ID 4
LO (33):  2596 3190 3227 3234 3240 3257 3260 3277 3279 3282 3355 3465 3548 3641 3642 5943 6391 6637 7660 7661 8247 9190 11142 11559 13292 14132 15263 19052 37184 44728 45323 45390 47216
LI (19):  39 40 216 217 222 223 224 225 266 300 333 2594 3188 3194 3196 3226 3239 3256 3272
NODE_NUM = 50
FILE mem_ctrl_sub_4.aig

# Subcircuit 5
SUB_ID 5
LO (17):  2597 3188 3272 3283 3285 3288 3295 3299 3303 3306 3316 3414 3483 3526 6457 38295 38419
LI (23):  39 40 106 154 216 217 222 229 300 333 2594 2596 2992 3126 3183 3194 3255 3256 3260 3266 3267 3286 3302
NODE_NUM = 46
FILE mem_ctrl_sub_5.aig

# Subcircuit 6
SUB_ID 6
LO (26):  2599 2880 2881 2901 2906 2923 2928 2930 2931 2939 2941 2944 2973 3068 3109 3148 3163 3177 3181 3254 3311 3318 11674 11707 38228 38271
LI (16):  96 138 211 235 480 2694 2873 2876 2879 2883 2893 2895 2898 2905 2921 2938
NODE_NUM = 49
FILE mem_ctrl_sub_6.aig

# Subcircuit 7
SUB_ID 7
LO (36):  2600 2601 2602 2603 2629 2630 2631 2632 2633 2635 2636 2646 2647 2650 2705 2708 2709 2710 2791 2795 2799 2801 2802 2806 2811 6281 7672 7675 9057 9271 11166 11422 11823 14395 14639 17243
LI (11):  36 51 54 61 78 89 99 103 2628 2634 2645
NODE_NUM = 45
FILE mem_ctrl_sub_7.aig

# Subcircuit 8
SUB_ID 8
LO (20):  2604 2625 2627 2628 2776 2790 2800 2803 6479 6480 9073 9074 10310 10333 10337 11519 11521 13541 15786 38516
LI (13):  64 65 66 72 82 108 2600 2623 2768 2787 2791 2799 2802
NODE_NUM = 50
FILE mem_ctrl_sub_8.aig

# Subcircuit 9
SUB_ID 9
LO (20):  2605 2623 2637 2645 2688 2689 2690 2691 2762 2768 2844 2845 3064 6509 6521 6532 9722 11550 12353 38394
LI (30):  72 82 84 87 91 94 104 226 2622 2631 2633 2644 2676 2684 2687 2758 2760 2767 2802 2806 2827 6480 6481 6493 6500 6508 6511 6513 6524 6527
NODE_NUM = 50
FILE mem_ctrl_sub_9.aig

# Subcircuit 10
SUB_ID 10
LO (25):  2606 2622 2749 2758 2759 2760 2766 2767 6481 6491 6493 9058 9062 9077 9079 9086 9091 9092 9114 9274 9275 10313 11236 15035 49280
LI (35):  25 33 37 68 69 70 72 2600 2621 2651 2746 2748 2751 2754 2757 2765 3387 6312 6480 6489 6490 9049 9054 9056 9057 9060 9061 9076 9078 9084 9088 9097 9104 9108 9111
NODE_NUM = 50
FILE mem_ctrl_sub_10.aig

# Subcircuit 11
SUB_ID 11
LO (23):  2616 2617 2618 2620 2621 2738 2740 2742 2746 2748 2753 2754 6489 9066 9067 9277 9279 10343 10402 11599 13201 13207 15033
LI (13):  37 67 69 74 83 85 112 2615 2618 2620 2730 6482 9065
NODE_NUM = 50
FILE mem_ctrl_sub_11.aig

# Subcircuit 12
SUB_ID 12
LO (21):  2612 2614 2615 2730 6482 9081 9084 9198 9199 9200 9267 9269 9282 9286 9289 9290 9333 10338 10401 11146 11223
LI (19):  46 49 50 54 62 77 86 90 105 2609 2625 2634 2643 2650 2715 9080 9197 9272 9281
NODE_NUM = 47
FILE mem_ctrl_sub_12.aig

# Subcircuit 13
SUB_ID 13
LO (40):  2609 2634 2641 2643 2644 2653 2654 2655 2657 2658 2659 2660 2662 2669 2671 2680 2698 2699 2715 2813 2816 2817 2820 2843 2848 2849 2851 2855 2908 2995 3023 3511 6294 6303 9059 9078 9411 10413 10560 15822
LI (21):  36 59 71 86 87 94 95 98 104 107 109 226 2629 2638 2639 2640 2648 2652 2711 2810 2811
NODE_NUM = 50
FILE mem_ctrl_sub_13.aig

# Subcircuit 14
SUB_ID 14
LO (29):  2638 2639 2676 2677 2679 2683 2684 2694 2700 2702 2703 2704 2833 2838 2859 2870 2871 2872 2874 2910 2937 3078 3092 6289 6511 10566 10567 12346 13547
LI (25):  33 41 47 52 73 110 111 2666 2675 2680 2682 2692 2693 2697 2699 2828 2830 2837 2841 2846 2849 2851 2858 2862 2869
NODE_NUM = 44
FILE mem_ctrl_sub_14.aig

# Subcircuit 15
SUB_ID 15
LO (28):  2640 2673 2675 2697 2840 2841 2911 2917 2921 2956 2958 2963 2965 2971 2976 2978 2979 2980 2981 2984 2986 3247 6526 12185 14157 34783 34784 34790
LI (31):  33 36 48 92 96 97 138 211 235 333 2648 2664 2668 2670 2671 2677 2891 2907 2909 2910 2931 2934 2943 2945 2950 2953 2962 2970 2972 2975 2983
NODE_NUM = 49
FILE mem_ctrl_sub_15.aig

# Subcircuit 16
SUB_ID 16
LO (38):  2648 2666 2857 2858 2864 2866 2867 2868 2869 2875 2876 2932 2934 2936 2942 2943 2953 2983 3027 3030 3031 3044 3047 3048 3062 3171 3244 3518 6539 7642 9094 9203 11576 11577 13343 14649 34815 38277
LI (27):  33 41 59 73 91 96 97 138 147 211 2664 2665 2693 2699 2854 2856 2862 2865 2874 2941 2944 2995 3025 3043 7623 7625 7637
NODE_NUM = 49
FILE mem_ctrl_sub_16.aig

# Subcircuit 17
SUB_ID 17
LO (15):  2651 2652 2711 2821 2822 2823 2828 3024 3025 3043 3133 3135 7635 7678 13583
LI (25):  47 52 87 94 98 109 110 2650 2663 2704 2710 2820 2827 2830 2838 2841 2846 2849 2851 3010 3019 3023 6558 7674 7675
NODE_NUM = 50
FILE mem_ctrl_sub_17.aig

# Subcircuit 18
SUB_ID 18
LO (22):  2663 2664 2665 2667 2668 2682 2686 2687 2834 2837 3450 3451 3452 3455 6292 6450 10425 10436 11467 11475 15865 38391
LI (39):  36 39 40 48 52 57 58 63 75 92 94 96 2629 2647 2654 2659 2662 2681 2685 2844 2857 2862 2869 2876 3078 3288 3437 3453 6280 6291 6295 6300 6303 6319 6399 6404 6435 6440 6446
NODE_NUM = 50
FILE mem_ctrl_sub_18.aig

# Subcircuit 19
SUB_ID 19
LO (27):  2670 6312 6319 6474 6475 6477 6478 6545 6549 6553 6577 6582 6649 6673 6874 6875 6876 6877 7471 7477 9108 10258 10394 14592 14742 14857 17297
LI (18):  33 52 96 199 229 300 2669 2932 3519 6311 6316 6324 6468 6473 6542 6547 6552 6574
NODE_NUM = 46
FILE mem_ctrl_sub_19.aig

# Subcircuit 20
SUB_ID 20
LO (34):  2681 10455 10456 10463 10464 10470 10472 10477 10480 10495 10522 10535 10536 10554 10573 10578 10579 10580 10581 10608 10609 10640 11073 11075 11078 11086 13393 13460 13461 13466 13483 13488 13639 14368
LI (19):  40 42 45 59 73 92 102 2833 2883 8262 10461 10462 10469 10532 10553 10557 10564 10572 10577
NODE_NUM = 50
FILE mem_ctrl_sub_20.aig

# Subcircuit 21
SUB_ID 21
LO (22):  2685 2891 2893 2898 2949 2950 2962 3183 7610 7611 7614 7615 7626 7627 7628 7629 7648 8223 9116 12961 17298 34785
LI (31):  33 71 96 97 123 138 211 235 830 2679 2856 2870 2871 2876 2886 2888 2939 2947 2948 3139 3140 3153 3165 3172 3182 3248 7609 7613 7619 7625 7646
NODE_NUM = 45
FILE mem_ctrl_sub_21.aig

# Subcircuit 22
SUB_ID 22
LO (21):  2692 2693 3172 3182 6311 6749 6750 6759 6773 6774 6775 10822 10827 16641 16650 34931 34932 38281 38283 38431 45619
LI (32):  33 96 138 211 233 300 2691 2939 3139 3140 3171 3177 3181 6468 6651 6729 6742 6748 6754 6755 6772 8620 10638 11728 16638 16639 16642 16643 34783 38216 38273 38279
NODE_NUM = 49
FILE mem_ctrl_sub_22.aig

# Subcircuit 23
SUB_ID 23
LO (29):  2757 2765 2883 3146 3149 6616 6623 6624 9080 9194 9196 9197 9281 10317 10318 10320 10328 11173 11182 11185 11188 11191 11195 11198 11620 38389 38390 38433 38438
LI (34):  37 61 70 84 89 104 830 1092 2602 2604 2623 2667 2681 2754 2882 2906 2948 3145 3148 7713 9193 9280 10307 10308 10312 10313 10319 10322 10327 10336 11166 11172 11176 11192
NODE_NUM = 50
FILE mem_ctrl_sub_23.aig

# Subcircuit 24
SUB_ID 24
LO (15):  2787 2810 3010 11549 13226 36001 36283 36296 39321 39585 39588 39794 40052 43690 49516
LI (40):  54 82 87 103 210 214 220 231 2627 2631 2633 2803 2806 2813 2817 3425 8620 11533 11535 11545 13225 35987 36000 36282 36295 39066 39093 39095 39307 39317 39320 39563 39568 39579 39584 39587 39720 39789 39793 40042
NODE_NUM = 50
FILE mem_ctrl_sub_24.aig

# Subcircuit 25
SUB_ID 25
LO (17):  2826 2827 2830 6291 6508 6574 6587 6588 6656 7606 9311 9775 9801 10551 10638 10830 14881
LI (37):  40 47 48 71 73 91 94 110 111 233 2641 2710 2813 2844 2997 3095 6286 6289 6324 6466 6509 6513 6521 6524 6527 6534 6540 6558 6582 6583 6585 6592 6596 6599 6606 6646 6655
NODE_NUM = 48
FILE mem_ctrl_sub_25.aig

# Subcircuit 26
SUB_ID 26
LO (17):  2846 2854 2856 2865 2996 2997 3077 3118 3121 3122 7685 7686 7687 7688 14591 14809 14810
LI (30):  33 52 71 97 138 147 211 2662 2676 2843 2845 2855 2976 2986 2995 3004 3053 3060 3062 3069 3070 3090 3092 3095 3104 3110 6426 7610 7626 7683
NODE_NUM = 50
FILE mem_ctrl_sub_26.aig

# Subcircuit 27
SUB_ID 27
LO (13):  2861 2862 3004 3070 3090 3104 3110 3139 3140 3523 3525 3598 16638
LI (37):  40 41 73 76 96 138 155 2689 2703 2869 2874 2876 2944 3003 3047 3065 3079 3083 3109 3137 3471 3489 3508 3509 3515 3520 3527 3532 3535 3557 3562 3569 3572 3578 3586 3594 3597
NODE_NUM = 48
FILE mem_ctrl_sub_27.aig

# Subcircuit 28
SUB_ID 28
LO (29):  2873 2882 2905 2946 2947 3363 3364 3367 3823 6407 7612 7613 7652 7656 7658 7659 7663 7668 7671 7694 7698 7699 7711 7713 8227 8229 10228 10282 49069
LI (22):  39 40 96 101 834 958 1092 1094 2872 2903 2904 3279 3303 6369 6390 6423 6611 7651 7661 7664 7669 7692
NODE_NUM = 44
FILE mem_ctrl_sub_28.aig

# Subcircuit 29
SUB_ID 29
LO (24):  2884 2886 6300 6315 6316 6534 6542 6584 6585 6592 6596 6606 6748 6755 6860 6869 6873 6887 7467 10250 10254 11211 34787 34814
LI (29):  33 36 71 73 94 229 233 842 2657 2700 2997 3095 6314 6324 6466 6532 6540 6549 6583 6590 6591 6599 6729 6744 6853 6854 6862 6864 6866
NODE_NUM = 50
FILE mem_ctrl_sub_29.aig

# Subcircuit 30
SUB_ID 30
LO (18):  2888 2903 3256 3267 3317 3328 3346 3347 3413 6411 11719 11735 11736 11742 11750 12276 12284 14362
LI (33):  36 41 96 106 138 199 211 226 300 333 830 951 2597 2976 3145 3245 3250 3252 3255 3266 3311 3316 3321 3325 6423 11671 11700 11708 11710 11718 11726 11728 11731
NODE_NUM = 50
FILE mem_ctrl_sub_30.aig

# Subcircuit 31
SUB_ID 31
LO (31):  2904 7807 7810 7976 8672 8673 8674 8678 8679 9034 9037 12340 12341 12342 12343 12381 12385 12386 12387 12389 12391 12393 12634 12636 12659 12703 13129 42513 45802 45803 49109
LI (17):  444 568 593 1093 1094 1199 7731 7733 7797 7804 7805 8671 9032 9033 9035 12339 12380
NODE_NUM = 41
FILE mem_ctrl_sub_31.aig

# Subcircuit 32
SUB_ID 32
LO (22):  2907 2909 6415 6422 6423 6431 6433 6659 7625 7683 9038 10509 10519 10520 10532 10643 10646 10657 11091 11648 11660 13446
LI (38):  42 45 52 73 97 98 102 111 684 1094 2636 2648 2856 2908 6412 6413 6414 6421 6429 7622 7623 7631 7682 7731 10499 10500 10501 10512 10518 10528 10536 10549 10592 10598 10619 10631 10636 10642
NODE_NUM = 49
FILE mem_ctrl_sub_32.aig

# Subcircuit 33
SUB_ID 33
LO (28):  2938 2945 2948 6426 6427 6429 6598 6599 6613 6617 6618 6620 6621 6625 6631 6639 6641 6646 6648 6652 6653 6655 6891 9212 14217 41230 41276 43064
LI (28):  39 40 96 217 225 229 251 300 951 1092 1093 1094 2647 2937 2944 6333 6425 6466 6468 6547 6611 6612 6616 6624 6630 6637 6649 6651
NODE_NUM = 50
FILE mem_ctrl_sub_33.aig

# Subcircuit 34
SUB_ID 34
LO (29):  2969 2970 2992 3126 3145 3165 3321 3325 3397 3539 3540 3541 3546 3547 3557 3653 3872 3947 5462 5533 5534 5698 5764 5765 5930 7761 10133 13474 15629
LI (26):  88 101 106 147 153 154 162 167 253 2958 2971 2978 2980 2988 3077 3118 3121 3122 3163 3264 3319 3537 3538 3540 3553 3555
NODE_NUM = 48
FILE mem_ctrl_sub_34.aig

# Subcircuit 35
SUB_ID 35
LO (24):  2972 2975 2988 3003 3053 3060 3378 3379 3384 3387 3389 3519 3520 3614 3617 3657 3876 3933 4003 7421 7493 10351 11121 13451
LI (34):  33 40 76 88 96 138 147 155 226 229 842 2690 2881 2930 2939 2965 2973 2984 2986 3030 3031 3048 3303 3354 3363 3377 3518 3608 3611 3616 3627 3629 3651 3655
NODE_NUM = 50
FILE mem_ctrl_sub_35.aig

# Subcircuit 36
SUB_ID 36
LO (6):  3019 3398 3399 3401 15872 38559
LI (40):  39 40 52 57 71 96 2698 2843 2844 2857 2861 2862 2874 2876 2995 3078 3299 3394 3396 3397 3519 3520 3593 15780 15782 15819 15822 15834 15837 15844 15848 15851 15855 15859 15862 15865 15871 38534 38545 38557
NODE_NUM = 48
FILE mem_ctrl_sub_36.aig

# Subcircuit 37
SUB_ID 37
LO (22):  3065 3069 3079 3083 3095 3433 3437 3449 3453 3588 3589 6684 6704 6710 6711 9048 9111 9980 10002 10069 10148 38323
LI (34):  33 55 57 60 63 96 101 160 233 300 2599 2875 3027 3030 3044 3064 3068 3078 3277 3295 3355 3394 3432 3436 6653 9603 9902 9957 9979 9991 10001 10049 10054 10067
NODE_NUM = 50
FILE mem_ctrl_sub_37.aig

# Subcircuit 38
SUB_ID 38
LO (9):  3137 3153 3226 3354 3432 9121 9123 9133 11259
LI (44):  56 73 88 93 138 143 199 235 300 2858 2876 2880 2923 2976 3135 3146 3149 3198 3201 3217 3218 3222 3224 3227 3239 3252 3255 3308 3337 3350 3355 3359 3369 3384 3392 3403 3408 3431 6431 9114 9119 9120 9122 9132
NODE_NUM = 50
FILE mem_ctrl_sub_38.aig

# Subcircuit 39
SUB_ID 39
LO (19):  3198 3201 3216 3217 3218 3222 3224 3350 6409 6412 6413 6668 6727 6785 6794 7566 7603 10234 13470
LI (43):  88 143 145 175 190 199 224 229 235 253 300 333 2901 2928 2942 2963 2981 2986 3208 3213 3217 3346 3348 3538 6411 6472 6657 6661 6667 6671 6673 6681 6684 6689 6695 6701 6707 6714 6717 6720 6725 6734 6783
NODE_NUM = 50
FILE mem_ctrl_sub_39.aig

# Subcircuit 40
SUB_ID 40
LO (33):  3229 3230 3231 3394 3395 3396 3423 3424 3469 3471 3500 3505 3508 3532 3535 3550 3553 3555 3562 3571 3605 9122 9141 9628 9813 9814 14110 14892 15061 36423 37048 37623 40397
LI (25):  39 40 76 88 93 101 155 223 224 225 300 834 940 1147 3303 3364 3379 3397 3422 3467 3477 3490 3496 3504 3549
NODE_NUM = 50
FILE mem_ctrl_sub_40.aig

# Subcircuit 41
SUB_ID 41
LO (26):  3239 3245 3248 3249 3250 3252 3431 3478 3479 3480 3490 3509 3537 3538 3578 3586 3594 3599 3600 3601 3608 6402 6406 6467 6665 10329
LI (41):  40 57 63 147 216 217 222 224 225 229 235 253 300 2594 2596 2599 2676 2697 2855 2996 3232 3237 3244 3247 3251 3413 3414 3425 3426 3429 3469 3477 3489 3501 3576 3581 3584 3590 3593 3603 3605
NODE_NUM = 48
FILE mem_ctrl_sub_41.aig

# Subcircuit 42
SUB_ID 42
LO (28):  3255 3264 3266 3302 3308 3319 3422 3434 3435 3436 3569 3670 6280 6439 6440 6443 6445 6446 7506 7507 7731 9049 9130 10294 15891 34764 38310 38318
LI (32):  55 56 57 75 93 101 138 154 253 333 3240 3244 3254 3257 3282 3306 3318 3387 3568 3665 3668 6278 6438 9040 9041 9044 9048 10227 10238 10241 10284 10291
NODE_NUM = 49
FILE mem_ctrl_sub_42.aig

# Subcircuit 43
SUB_ID 43
LO (19):  3337 3348 3359 3369 3377 3392 3403 3408 3425 3426 3429 3504 3576 3581 3648 3678 3679 3686 11261
LI (37):  55 56 57 75 76 88 93 101 216 217 222 229 300 2594 2596 2986 3194 3285 3295 3303 3317 3328 3347 3355 3367 3387 3389 3401 3424 3503 3646 3647 3673 3675 9132 11255 11259
NODE_NUM = 50
FILE mem_ctrl_sub_43.aig

# Subcircuit 44
SUB_ID 44
LO (11):  3460 3593 3597 3694 3865 4095 4322 4455 4538 6273 44713
LI (36):  58 60 236 239 240 242 250 3295 3449 3452 3455 3459 3503 3598 3639 3684 3688 3751 3804 3808 3854 3857 3861 3940 3995 3999 4083 4087 4091 4175 4176 4228 4232 4312 4316 4453
NODE_NUM = 50
FILE mem_ctrl_sub_44.aig

# Subcircuit 45
SUB_ID 45
LO (21):  3467 3477 3489 3496 3501 3503 3527 3584 3590 3629 3639 3646 3647 3651 3655 3665 3668 3673 3675 3684 3685
LI (33):  40 56 57 63 76 88 93 155 216 224 277 300 1147 3363 3422 3437 3465 3476 3480 3487 3494 3526 3589 3634 3644 3648 3653 3657 3658 3666 3670 3678 3679
NODE_NUM = 49
FILE mem_ctrl_sub_45.aig

# Subcircuit 46
SUB_ID 46
LO (14):  3476 3487 3494 3515 3549 3565 3568 3611 3666 3854 7515 7516 7541 7727
LI (45):  52 56 71 73 76 93 216 222 229 277 940 1147 2589 2857 2861 2874 3078 3133 3387 3422 3433 3475 3478 3481 3483 3485 3500 3505 3511 3548 3567 3588 3648 3812 3814 3818 3821 3825 3829 3834 3836 3840 3843 3848 3853
NODE_NUM = 49
FILE mem_ctrl_sub_46.aig

# Subcircuit 47
SUB_ID 47
LO (7):  3572 3603 3616 4011 4083 4545 4694
LI (49):  56 88 216 217 223 225 277 3283 3571 3600 3869 3874 3887 3892 4010 4020 4033 4038 4051 4058 4061 4067 4070 4076 4082 4326 4344 4349 4368 4381 4456 4464 4482 4489 4501 4508 4511 4517 4520 4526 4532 4539 4543 4549 4567 4572 4591 4604 4687
NODE_NUM = 50
FILE mem_ctrl_sub_47.aig

# Subcircuit 48
SUB_ID 48
LO (8):  3619 3620 3623 3627 3804 3995 4144 4246
LI (45):  88 106 152 155 216 217 229 3600 3622 3626 3698 3699 3704 3709 3723 3743 3756 3772 3779 3782 3788 3791 3797 3803 3869 3874 3883 3887 3892 3910 3930 3945 3963 3970 3973 3979 3982 3988 3994 4099 4107 4113 4118 4123 4143
NODE_NUM = 50
FILE mem_ctrl_sub_48.aig

# Subcircuit 49
SUB_ID 49
LO (12):  3621 3622 3883 3910 4010 4020 4107 4135 4138 4153 4245 4838
LI (18):  40 147 173 224 225 229 263 285 2876 3523 3600 3614 3876 3895 3900 3908 4003 4134
NODE_NUM = 49
FILE mem_ctrl_sub_49.aig

# Subcircuit 50
SUB_ID 50
LO (19):  3633 3634 3709 3733 3743 3745 3746 3751 3752 3754 3756 3759 3760 3772 3777 3778 3812 3814 4791
LI (21):  39 40 88 101 152 216 217 300 2599 3283 3286 3355 3364 3626 3698 3703 3704 3708 3727 3740 3758
NODE_NUM = 48
FILE mem_ctrl_sub_50.aig

# Subcircuit 51
SUB_ID 51
LO (15):  3643 3644 3740 3829 4456 4482 4489 4501 4508 4511 4517 4520 4648 4702 4720
LI (34):  39 40 56 76 88 93 101 2599 3355 3364 3387 3422 3471 3642 3739 4376 4402 4412 4416 4424 4427 4433 4436 4442 4448 4455 4478 4486 4496 4599 4625 4635 4639 4647
NODE_NUM = 50
FILE mem_ctrl_sub_51.aig

# Subcircuit 52
SUB_ID 52
LO (24):  3658 3688 3698 3699 3703 3704 3708 3723 3739 3818 3821 3836 38618 38662 38672 38820 38841 39572 39722 39724 39725 40475 42788 43190
LI (35):  40 63 88 152 215 216 217 222 223 224 275 300 928 1146 1155 2589 3229 3364 3387 3433 3617 3648 3685 3686 3697 3717 3735 3814 3815 38616 38659 38661 38666 38669 38819
NODE_NUM = 50
FILE mem_ctrl_sub_52.aig

# Subcircuit 53
SUB_ID 53
LO (10):  3717 3727 3735 3758 4123 4155 4164 4184 4222 7522
LI (38):  39 40 57 76 88 152 216 217 223 225 229 275 300 3364 3387 3422 3425 3465 3478 3547 3601 4099 4118 4122 4144 4151 4152 4153 4158 4180 4182 4192 4195 4199 4206 4210 4215 4219
NODE_NUM = 50
FILE mem_ctrl_sub_53.aig

# Subcircuit 54
SUB_ID 54
LO (14):  3779 3782 3788 3791 3797 3803 3808 3815 3825 3848 3853 3857 13820 15874
LI (29):  39 56 57 63 76 88 93 101 3387 3422 3425 3437 3479 3525 3589 3733 3751 3752 3754 3777 3778 3795 3812 3814 3824 6438 7506 13809 13816
NODE_NUM = 49
FILE mem_ctrl_sub_54.aig

# Subcircuit 55
SUB_ID 55
LO (17):  3824 3861 3869 3892 3926 3930 3940 3941 3945 3963 3970 3973 3979 3982 3987 4035 4074
LI (27):  39 40 56 76 88 93 101 216 236 300 945 2589 3355 3364 3387 3422 3425 3547 3746 3823 3868 3891 3917 3923 3932 3937 3954
NODE_NUM = 50
FILE mem_ctrl_sub_55.aig

# Subcircuit 56
SUB_ID 56
LO (17):  3868 3874 3891 3908 3917 3923 3937 3954 4023 4029 4031 4033 4036 4038 4046 38893 38895
LI (25):  39 40 101 106 216 217 222 224 225 285 300 1144 2589 2599 3633 3869 3873 3887 3895 3900 3920 3933 3951 4022 4035
NODE_NUM = 47
FILE mem_ctrl_sub_56.aig

# Subcircuit 57
SUB_ID 57
LO (22):  3873 3887 3895 3900 3920 3932 3951 3988 3994 3999 4022 4091 4151 4180 4192 4195 4199 4206 4210 4215 4288 13287
LI (44):  39 56 57 63 76 88 93 101 217 222 223 225 229 239 265 285 945 1144 2599 3229 3250 3257 3355 3364 3387 3422 3437 3537 3539 3589 3745 3872 3899 3926 3941 3947 3987 3992 4150 4177 4268 4275 4279 4287
NODE_NUM = 50
FILE mem_ctrl_sub_57.aig

# Subcircuit 58
SUB_ID 58
LO (17):  4051 4058 4061 4067 4070 4076 4082 4087 4099 4175 4176 4219 4225 4231 4303 4309 4315
LI (30):  56 57 63 76 88 93 101 216 933 2589 3355 3364 3387 3422 3425 3437 3589 3634 3940 4023 4029 4031 4036 4046 4050 4074 4080 4098 4122 4172
NODE_NUM = 49
FILE mem_ctrl_sub_58.aig

# Subcircuit 59
SUB_ID 59
LO (14):  4098 4113 4122 4143 4150 4157 4158 4172 4258 4260 4265 4268 38632 38962
LI (28):  39 40 101 106 216 217 222 224 225 229 263 300 1143 2589 2599 3599 3633 4099 4111 4118 4130 4134 4136 4140 4153 4155 4251 4264
NODE_NUM = 44
FILE mem_ctrl_sub_59.aig

# Subcircuit 60
SUB_ID 60
LO (18):  4111 4118 4130 4134 4136 4140 4152 4177 4182 4228 4232 4251 4264 4275 4279 4287 4297 4298
LI (47):  63 76 88 93 101 106 173 216 217 222 223 224 225 263 278 300 933 1143 3229 3250 3355 3364 3387 3422 3437 3547 3589 4099 4122 4123 4129 4135 4138 4157 4164 4175 4176 4184 4222 4225 4231 4245 4246 4265 4270 4284 4288
NODE_NUM = 50
FILE mem_ctrl_sub_60.aig

# Subcircuit 61
SUB_ID 61
LO (10):  4284 4312 4316 4326 4349 4391 4421 4438 4444 4450
LI (28):  39 40 56 57 63 216 300 936 2589 3364 3425 3437 3589 4258 4260 4297 4298 4303 4305 4309 4311 4315 4325 4345 4348 4369 4376 4383
NODE_NUM = 32
FILE mem_ctrl_sub_61.aig

# Subcircuit 62
SUB_ID 62
LO (14):  4325 4345 4348 4397 4402 4412 4416 4424 4427 4433 4436 4442 4462 16356
LI (32):  39 56 57 76 88 93 101 172 216 222 229 300 862 1142 2589 3355 3364 3387 3422 3425 3523 3621 4326 4329 4341 4344 4376 4381 4391 4410 4421 4438
NODE_NUM = 49
FILE mem_ctrl_sub_62.aig

# Subcircuit 63
SUB_ID 63
LO (14):  4329 4341 4368 4369 4376 4381 4383 4410 4464 4478 4496 4526 4532 4534
LI (32):  40 57 63 106 172 216 217 224 225 229 300 862 2599 3425 3437 3589 3614 3619 3633 4326 4344 4348 4351 4356 4360 4362 4366 4380 4406 4462 4524 4530
NODE_NUM = 50
FILE mem_ctrl_sub_63.aig

# Subcircuit 64
SUB_ID 64
LO (20):  4344 4351 4356 4360 4362 4366 4380 4448 4453 4486 4524 4530 4539 4543 15188 15189 15196 15227 16323 16364
LI (36):  56 57 63 172 217 222 223 224 225 229 242 271 300 862 936 1142 3229 3250 3425 3437 3589 3593 3600 3745 4361 4364 4397 4444 4450 4534 4538 6324 8247 14592 14811 15194
NODE_NUM = 49
FILE mem_ctrl_sub_64.aig

# Subcircuit 65
SUB_ID 65
LO (10):  4406 4549 4572 4609 4620 4625 4635 4639 4647 4660
LI (29):  39 40 56 76 88 93 101 172 216 229 300 862 922 2589 3355 3364 3387 3422 3547 4405 4548 4568 4571 4592 4599 4606 4617 4631 4648
NODE_NUM = 50
FILE mem_ctrl_sub_65.aig

# Subcircuit 66
SUB_ID 66
LO (10):  4548 4568 4591 4592 4599 4604 4606 4617 4631 4687
LI (27):  40 106 171 217 222 224 225 229 300 870 1141 2589 2599 3523 3614 3619 3621 4564 4567 4579 4583 4585 4589 4603 4604 4629 4681
NODE_NUM = 47
FILE mem_ctrl_sub_66.aig

# Subcircuit 67
SUB_ID 67
LO (5):  4567 4700 4707 4708 4744
LI (25):  39 40 56 76 88 93 101 216 217 222 283 300 3355 3364 3387 3422 3745 4549 4571 4620 4694 4696 4702 4714 4720
NODE_NUM = 47
FILE mem_ctrl_sub_67.aig

# Subcircuit 68
SUB_ID 68
LO (20):  4571 4579 4583 4585 4589 4603 4696 14811 14812 14819 14823 14834 14869 14959 15426 15438 15956 16437 16438 16525
LI (37):  143 147 171 216 217 223 224 225 229 283 300 870 922 1141 3229 3250 3600 4583 4584 4695 6324 6630 9190 9242 14753 14807 14808 14810 14816 14822 14827 14833 14837 14840 14848 14863 14866
NODE_NUM = 50
FILE mem_ctrl_sub_68.aig

# Subcircuit 69
SUB_ID 69
LO (5):  4629 4695 4714 4768 4769
LI (34):  56 57 63 171 217 229 249 282 870 3425 3437 3547 3589 3593 3633 4604 4609 4620 4628 4660 4663 4671 4678 4700 4707 4708 4744 4747 4753 4756 4759 4760 4766 4767
NODE_NUM = 50
FILE mem_ctrl_sub_69.aig

# Subcircuit 70
SUB_ID 70
LO (15):  4770 4783 4831 4832 4834 4837 4861 4867 4869 4870 4917 4928 4943 4949 4950
LI (23):  40 101 222 300 3355 3634 3760 4769 4778 4781 4788 4790 4791 4796 4800 4821 4824 4829 4843 4847 4851 4860 4864
NODE_NUM = 50
FILE mem_ctrl_sub_70.aig

# Subcircuit 71
SUB_ID 71
LO (10):  4778 4781 4788 4790 4824 4829 4847 4851 4864 4999
LI (37):  40 88 216 217 222 300 834 863 921 1140 3478 3617 3759 3760 4775 4777 4787 4791 4827 4916 4917 4920 4926 4931 4934 4939 4943 4953 4956 4964 4967 4973 4976 4982 4988 4994 4997
NODE_NUM = 49
FILE mem_ctrl_sub_71.aig

# Subcircuit 72
SUB_ID 72
LO (22):  4787 4796 4800 4821 4827 4860 4920 4926 4929 4931 4934 4953 4956 4962 4964 4966 7524 7528 7530 7538 10073 14167
LI (29):  39 40 76 88 101 149 216 217 224 300 863 921 2599 3229 3283 3355 3364 3478 3600 3633 3643 4783 4795 4807 4809 4810 4815 4928 4950
NODE_NUM = 49
FILE mem_ctrl_sub_72.aig

# Subcircuit 73
SUB_ID 73
LO (10):  4807 4809 4810 4815 4843 4880 4881 4916 4939 7564
LI (42):  39 88 101 217 223 224 225 282 863 1140 3229 3283 3364 3593 3623 4770 4834 4837 4838 4842 4861 4870 4874 4879 4882 4885 4891 4894 4900 4906 4912 4915 4937 7518 7526 7530 7536 7539 7544 7547 7554 7559
NODE_NUM = 49
FILE mem_ctrl_sub_73.aig

# Subcircuit 74
SUB_ID 74
LO (19):  4879 4882 4885 4891 4894 4900 4906 4912 4915 4967 4973 4976 4979 4982 4985 4988 4991 4994 4997
LI (29):  56 57 63 76 93 248 3364 3387 3422 3425 3437 3589 3593 4831 4832 4834 4867 4869 4880 4881 4898 4929 4949 4962 4966 4971 4980 4986 4992
NODE_NUM = 50
FILE mem_ctrl_sub_74.aig

# Subcircuit 75
SUB_ID 75
LO (10):  4980 4986 4992 5003 5026 5063 5074 5076 5105 5109
LI (27):  39 40 56 57 63 76 88 93 101 216 300 941 2589 3355 3364 3387 4979 4985 4991 5002 5022 5025 5046 5053 5060 5071 5085
NODE_NUM = 50
FILE mem_ctrl_sub_75.aig

# Subcircuit 76
SUB_ID 76
LO (9):  5002 5022 5025 5071 5154 5189 5193 9636 49502
LI (34):  39 40 76 88 170 216 222 229 300 878 1139 2589 3364 3387 3523 3621 5003 5006 5018 5021 5026 5045 5058 5135 5142 5153 5156 5166 5171 5174 5177 5181 5188 5192
NODE_NUM = 50
FILE mem_ctrl_sub_76.aig

# Subcircuit 77
SUB_ID 77
LO (20):  5006 5018 5045 5046 5053 5058 5060 5085 5135 5142 5153 5156 5166 5171 5174 5177 5181 5188 5192 5197
LI (35):  39 40 56 76 93 101 106 170 216 217 224 225 229 300 878 2599 3355 3364 3387 3422 3614 3619 3633 3643 4011 5003 5021 5028 5033 5037 5039 5043 5057 5083 5163
NODE_NUM = 50
FILE mem_ctrl_sub_77.aig

# Subcircuit 78
SUB_ID 78
LO (7):  5021 5028 5033 5039 5043 5163 5222
LI (31):  56 57 63 217 222 223 224 247 270 300 941 1139 3229 3425 3437 3589 3593 3745 5038 5041 5074 5114 5115 5121 5125 5127 5132 5198 5199 5205 5211
NODE_NUM = 50
FILE mem_ctrl_sub_78.aig

# Subcircuit 79
SUB_ID 79
LO (20):  5037 5038 5041 5057 5083 5114 5115 5121 5127 5198 5199 5205 5211 5226 5249 5288 5291 5338 5344 5350
LI (36):  39 40 56 170 216 223 225 229 270 300 878 934 2589 3250 3422 3425 3437 3547 3589 3600 5037 5063 5076 5105 5109 5113 5154 5189 5193 5197 5225 5245 5248 5269 5276 5283
NODE_NUM = 46
FILE mem_ctrl_sub_79.aig

# Subcircuit 80
SUB_ID 80
LO (9):  5225 5245 5248 5297 5299 5328 5332 5362 49510
LI (27):  39 76 88 93 101 169 216 222 229 300 879 1138 2589 3355 3364 3387 3523 3621 5226 5229 5241 5244 5276 5281 5291 5310 5321
NODE_NUM = 49
FILE mem_ctrl_sub_80.aig

# Subcircuit 81
SUB_ID 81
LO (11):  5229 5241 5269 5276 5281 5283 5310 5371 5377 5378 5396
LI (27):  40 106 169 216 217 224 225 229 300 879 2599 3614 3619 3633 4011 5226 5244 5248 5249 5251 5256 5260 5262 5266 5280 5306 5362
NODE_NUM = 50
FILE mem_ctrl_sub_81.aig

# Subcircuit 82
SUB_ID 82
LO (7):  5244 5347 5356 5384 5385 5427 5430
LI (29):  39 56 57 76 88 93 101 217 222 281 300 3355 3364 3387 3422 3425 3437 3745 5297 5337 5338 5344 5348 5355 5379 5383 5396 5405 5422
NODE_NUM = 50
FILE mem_ctrl_sub_82.aig

# Subcircuit 83
SUB_ID 83
LO (17):  5251 5256 5260 5262 5266 5280 5306 5321 5337 5348 5355 5379 5383 5405 5422 5428 5445
LI (44):  39 40 56 63 169 223 224 225 229 241 281 879 934 1138 3229 3250 3364 3422 3425 3437 3547 3589 3593 3600 3643 5260 5261 5276 5288 5297 5299 5328 5332 5336 5347 5350 5356 5371 5377 5378 5433 5436 5437 5443
NODE_NUM = 49
FILE mem_ctrl_sub_83.aig

# Subcircuit 84
SUB_ID 84
LO (12):  5433 5436 5443 5449 5472 5512 5514 5525 5527 5553 5588 5590
LI (27):  39 40 63 88 101 216 241 300 929 2589 3355 3589 3593 5297 5384 5385 5427 5428 5430 5448 5468 5471 5494 5500 5509 5522 5542
NODE_NUM = 48
FILE mem_ctrl_sub_84.aig

# Subcircuit 85
SUB_ID 85
LO (9):  5448 5468 5471 5509 5522 5542 5615 5656 49518
LI (31):  39 40 76 88 216 217 222 267 300 1137 2589 3364 3387 3422 5449 5466 5472 5493 5499 5507 5520 5540 5601 5610 5625 5628 5635 5638 5642 5649 5653
NODE_NUM = 50
FILE mem_ctrl_sub_85.aig

# Subcircuit 86
SUB_ID 86
LO (12):  5466 5474 5493 5494 5498 5500 5507 5520 5540 5601 5610 5628
LI (31):  40 106 167 217 224 229 876 2599 3227 3257 3523 3600 3614 3620 3621 3633 5453 5456 5462 5465 5479 5485 5486 5487 5489 5499 5501 5505 5538 5594 5597
NODE_NUM = 49
FILE mem_ctrl_sub_86.aig

# Subcircuit 87
SUB_ID 87
LO (19):  5479 5485 5486 5487 5489 5499 5505 5538 5554 5561 5565 5570 5625 5635 5638 5642 5649 5653 5681
LI (40):  39 56 76 93 101 167 223 224 225 229 267 300 876 929 1137 2599 3229 3250 3355 3364 3387 3422 3540 5478 5483 5484 5486 5498 5504 5527 5533 5534 5536 5592 5622 5656 5664 5670 5676 5679
NODE_NUM = 50
FILE mem_ctrl_sub_87.aig

# Subcircuit 88
SUB_ID 88
LO (8):  5592 5622 5664 5670 5676 5679 5685 5709
LI (35):  56 57 63 76 88 216 246 300 939 2589 3364 3387 3422 3425 3437 3589 3593 3634 5512 5514 5525 5553 5554 5561 5565 5570 5574 5576 5582 5588 5590 5615 5684 5704 5708
NODE_NUM = 50
FILE mem_ctrl_sub_88.aig

# Subcircuit 89
SUB_ID 89
LO (13):  5684 5686 5704 5707 5708 5743 5755 5757 5787 5790 5791 49438 49460
LI (21):  39 40 76 88 101 216 217 222 280 300 1136 2589 3355 3364 5685 5702 5727 5731 5738 5750 5771
NODE_NUM = 49
FILE mem_ctrl_sub_89.aig

# Subcircuit 90
SUB_ID 90
LO (5):  5702 5738 5750 5850 5894
LI (36):  39 40 76 88 162 216 217 222 229 300 3364 3387 3422 3478 3614 3620 5685 5686 5689 5692 5701 5707 5708 5730 5732 5733 5825 5828 5841 5843 5860 5874 5877 5884 5888 5893
NODE_NUM = 50
FILE mem_ctrl_sub_90.aig

# Subcircuit 91
SUB_ID 91
LO (16):  5689 5692 5701 5727 5730 5731 5732 5771 5825 5828 5841 5843 5858 5860 5872 5874
LI (35):  39 40 101 106 162 216 217 222 224 229 300 880 939 2599 3229 3257 3355 3523 3620 3621 3633 5474 5685 5686 5698 5707 5709 5712 5719 5723 5730 5769 5857 5870 5873
NODE_NUM = 50
FILE mem_ctrl_sub_91.aig

# Subcircuit 92
SUB_ID 92
LO (6):  5712 5719 5723 5733 5769 5916
LI (42):  56 57 63 93 162 223 224 225 229 245 280 880 1136 2599 3229 3250 3387 3422 3425 3437 3540 3589 3593 5718 5743 5755 5757 5764 5765 5767 5787 5790 5791 5796 5798 5801 5805 5807 5813 5819 5822 5915
NODE_NUM = 48
FILE mem_ctrl_sub_92.aig

# Subcircuit 93
SUB_ID 93
LO (17):  5857 5873 5877 5884 5888 5893 5915 5919 5938 5949 5953 5959 5960 5973 6061 6137 45316
LI (34):  40 56 57 63 76 93 101 245 300 834 931 3231 3364 3387 3422 3425 3437 3589 3593 3634 4022 5755 5850 5858 5872 5894 5918 5937 5941 5943 5948 5950 5956 5972
NODE_NUM = 49
FILE mem_ctrl_sub_93.aig

# Subcircuit 94
SUB_ID 94
LO (8):  5937 5983 5984 5985 6029 6045 6074 6111
LI (29):  39 56 57 76 88 93 101 153 217 229 300 3355 3364 3387 3422 3425 3614 3634 5922 5925 5933 5936 5960 5967 5973 5979 5998 6007 6024
NODE_NUM = 50
FILE mem_ctrl_sub_94.aig

# Subcircuit 95
SUB_ID 95
LO (6):  5922 5925 5928 5929 6271 49422
LI (41):  88 106 153 229 847 1135 3523 3600 3621 5919 5936 5940 5941 6044 6045 6054 6063 6072 6077 6088 6095 6098 6104 6107 6113 6119 6125 6128 6201 6204 6213 6218 6227 6234 6237 6243 6246 6252 6258 6264 6267
NODE_NUM = 50
FILE mem_ctrl_sub_95.aig

# Subcircuit 96
SUB_ID 96
LO (21):  5933 5936 5971 5979 5996 5998 6007 6024 6044 6054 6067 6072 6081 6088 6095 6103 6109 6115 6121 49445 49459
LI (35):  39 40 63 76 88 217 222 229 279 300 3364 3387 3425 3437 3589 3593 3600 5929 5930 5953 5959 5960 5970 5973 5995 6029 6032 6038 6043 6066 6080 6084 6087 6091 6102
NODE_NUM = 50
FILE mem_ctrl_sub_96.aig

# Subcircuit 97
SUB_ID 97
LO (12):  5948 5956 6063 6201 6204 6213 6218 6227 6234 6237 6243 6246
LI (37):  39 40 56 76 88 93 101 223 224 225 279 3355 3364 3387 3422 3641 5928 5947 5955 6059 6061 6134 6137 6152 6155 6159 6167 6170 6176 6179 6185 6191 6197 6200 6210 6215 6222
NODE_NUM = 50
FILE mem_ctrl_sub_97.aig

# Subcircuit 98
SUB_ID 98
LO (14):  5950 39793 40507 40644 41386 41585 41600 41601 42132 44724 44726 44745 44767 44787
LI (36):  210 214 231 238 1148 1149 1150 3227 3230 3641 8620 40303 40333 40364 40492 40506 40553 40558 40559 40562 40598 40639 40643 41334 41335 41347 41351 41364 41383 41579 41583 41599 44725 44731 44733 44742
NODE_NUM = 50
FILE mem_ctrl_sub_98.aig

# Subcircuit 99
SUB_ID 99
LO (22):  5955 5967 5970 5995 6032 6038 6043 6059 6066 6077 6080 6084 6087 6091 6098 6102 6104 6107 6113 6117 6123 6128
LI (38):  39 56 57 63 76 93 101 106 153 217 225 229 243 847 2599 3250 3355 3364 3387 3422 3437 3541 3546 3589 3593 3599 3633 5930 5959 5963 5964 5984 5985 5993 6074 6103 6109 6111
NODE_NUM = 50
FILE mem_ctrl_sub_99.aig

# Subcircuit 100
SUB_ID 100
LO (15):  6119 6125 6134 6146 6152 6167 6176 6185 6191 6197 6215 6249 6256 6262 6266
LI (35):  39 40 57 63 76 88 216 300 3364 3387 3422 3425 3437 3589 3593 3641 5919 5938 5940 5949 5971 5983 6115 6117 6121 6123 6134 6137 6143 6151 6163 6174 6183 6189 6195
NODE_NUM = 41
FILE mem_ctrl_sub_100.aig

# Subcircuit 101
SUB_ID 101
LO (21):  6151 6155 6159 6163 6170 6174 6179 6183 6189 6195 6200 6210 6222 6252 6258 6264 6267 6276 6456 7459 7511
LI (35):  39 56 57 58 63 76 93 101 216 243 300 3250 3355 3364 3387 3422 3425 3437 3451 3589 3593 3634 5919 5996 6067 6081 6137 6146 6249 6256 6262 6266 6273 6455 7510
NODE_NUM = 49
FILE mem_ctrl_sub_101.aig

# Subcircuit 102
SUB_ID 102
LO (10):  6278 6283 6438 6455 13599 13816 13824 15898 38575 39532
LI (35):  55 57 58 60 63 75 76 88 93 2800 2817 3244 3364 3394 3588 3593 6276 6280 6281 6446 6450 7492 7496 7500 9130 9132 13597 13815 13822 15878 15886 15888 15891 38562 39521
NODE_NUM = 50
FILE mem_ctrl_sub_102.aig

# Subcircuit 103
SUB_ID 103
LO (28):  6286 6295 9331 9353 9354 9376 9437 9730 9731 9732 9733 9734 9739 9742 9749 9750 9751 9753 9754 9758 9760 9762 9763 9766 9770 10246 13894 14082
LI (22):  91 109 175 184 199 2698 2711 2823 6283 6294 6324 6477 6478 9330 9352 9719 9727 9729 9736 9738 9741 9747
NODE_NUM = 47
FILE mem_ctrl_sub_103.aig

# Subcircuit 104
SUB_ID 104
LO (36):  6313 6314 6389 6390 6399 7462 9056 9191 9192 9209 9210 9211 9217 9218 9222 9226 9228 9229 9360 9361 9362 9395 9408 9436 9697 10016 12041 12042 12056 12058 12099 12132 12204 12273 13939 13944
LI (23):  36 40 41 175 224 300 2625 2866 3250 6324 6367 6377 6384 6388 6392 9055 9190 9207 9216 9220 9227 9358 9359
NODE_NUM = 48
FILE mem_ctrl_sub_104.aig

# Subcircuit 105
SUB_ID 105
LO (26):  6324 6346 6349 6360 6361 6367 6368 6369 6377 6388 6464 6465 6466 6471 6472 6789 7460 14286 14293 34747 34797 34800 34868 34957 34964 34991
LI (16):  216 224 300 333 469 908 3244 3250 6338 6342 6345 6358 6372 6384 6463 6470
NODE_NUM = 45
FILE mem_ctrl_sub_105.aig

# Subcircuit 106
SUB_ID 106
LO (36):  6325 6329 6331 6338 6370 6372 6392 6610 6611 9206 9207 9213 9215 9216 9219 9220 9227 9232 9233 9234 9238 9245 9246 9248 9254 9712 10031 10365 12149 12281 13929 14821 14971 15085 15244 16795
LI (27):  153 155 288 300 836 985 1093 2944 6324 6327 6330 6337 6358 6361 6367 6368 6371 6389 6391 6609 9191 9205 9212 9217 9226 9230 9242
NODE_NUM = 50
FILE mem_ctrl_sub_106.aig

# Subcircuit 107
SUB_ID 107
LO (11):  6327 8418 8422 10440 11502 11529 11532 14289 14292 16884 45389
LI (24):  40 216 224 253 300 980 1002 1094 6325 6337 6358 6361 6367 6384 6609 7658 10361 10365 10377 10391 10437 10439 11500 14287
NODE_NUM = 47
FILE mem_ctrl_sub_107.aig

# Subcircuit 108
SUB_ID 108
LO (16):  6330 9129 9131 9132 10300 13835 13836 13839 13842 14005 14105 14109 42509 42520 42521 42523
LI (40):  39 55 60 191 233 253 836 951 3394 3450 3593 6333 6361 6367 6384 6439 6609 6620 6621 9130 9141 10294 10296 13290 13292 13833 13834 13838 13963 14018 14022 14025 14026 14039 14091 14095 14103 42508 42513 42519
NODE_NUM = 50
FILE mem_ctrl_sub_108.aig

# Subcircuit 109
SUB_ID 109
LO (25):  6333 6337 6612 7619 7710 7712 7719 9050 9051 11192 14189 14245 14247 14252 14276 14277 14308 14438 14440 14444 14455 16797 16816 17306 38552
LI (30):  39 76 88 101 121 825 830 1094 2882 2948 3250 6336 7607 7711 7717 7731 14304 14340 14349 14350 14351 14357 14360 14362 14365 14368 14372 14435 14447 14450
NODE_NUM = 50
FILE mem_ctrl_sub_109.aig

# Subcircuit 110
SUB_ID 110
LO (15):  6336 6340 6342 6783 6850 16847 16851 16882 18878 18916 34912 36039 36040 37371 38418
LI (39):  40 88 143 229 300 604 643 825 830 1092 1094 2883 3355 6341 6663 6665 6731 6732 6750 6779 6785 6792 6794 6799 6801 6809 6814 6820 6826 6832 6838 6841 6844 6848 11631 16799 16849 38397 38415
NODE_NUM = 47
FILE mem_ctrl_sub_110.aig

# Subcircuit 111
SUB_ID 111
LO (27):  6341 9142 9153 9155 9156 9162 9163 9178 9179 9184 9185 9187 9649 15291 16026 17035 17044 17045 17050 17090 17091 17437 17441 17446 17467 37665 38001
LI (23):  75 141 165 170 187 300 615 617 6358 6384 6402 7606 9141 9151 15289 16842 17030 17033 17043 17049 17064 17083 17086
NODE_NUM = 49
FILE mem_ctrl_sub_111.aig

# Subcircuit 112
SUB_ID 112
LO (27):  6343 6344 6345 6463 6667 6681 6731 6854 6856 6859 6862 6905 6907 6909 6910 6913 6931 6934 8620 16841 16842 16843 36582 36727 37236 37793 37913
LI (27):  39 58 229 300 662 663 681 682 968 971 3145 3355 3425 6349 6461 6599 6663 6665 6678 6730 6853 6890 6893 6897 6901 6902 6928
NODE_NUM = 49
FILE mem_ctrl_sub_112.aig

# Subcircuit 113
SUB_ID 113
LO (16):  6352 6358 7775 7778 8287 8288 8289 8290 8294 8298 8304 8305 8357 21061 21077 21169
LI (23):  39 356 453 456 568 593 908 948 6357 7602 7732 7805 8221 8228 8233 8237 8239 8243 8253 8258 8270 8280 8286
NODE_NUM = 40
FILE mem_ctrl_sub_113.aig

# Subcircuit 114
SUB_ID 114
LO (25):  6357 6864 7004 7077 7083 7085 7086 7091 7109 7116 7173 7181 7200 7201 17493 17494 17495 17496 17500 17504 17505 17508 21160 21267 21268
LI (28):  39 58 216 300 961 964 3625 6352 6356 6590 6852 6893 6902 6990 6994 6998 7003 7081 7084 7088 7101 7102 7103 17434 17454 17475 17482 17497
NODE_NUM = 49
FILE mem_ctrl_sub_114.aig

# Subcircuit 115
SUB_ID 115
LO (6):  6356 6384 8253 8543 8545 12594
LI (40):  39 40 76 88 568 970 971 972 973 976 979 1200 6379 6383 7732 8233 8237 8247 8251 8416 8417 8420 8423 8438 8449 8455 8456 8476 8488 8497 8503 8505 8506 8507 8508 8510 8520 8531 8536 8544
NODE_NUM = 50
FILE mem_ctrl_sub_115.aig

# Subcircuit 116
SUB_ID 116
LO (17):  6379 6383 6404 7510 10439 11432 11595 11631 11632 11644 13339 13360 15878 16723 38334 38347 38513
LI (48):  39 55 56 63 75 88 101 588 603 962 968 975 978 3394 3509 3593 6402 6445 7483 7488 7496 7500 7507 10357 11426 11429 11594 11626 11630 11638 11642 13330 13337 13359 15874 15877 16722 38212 38296 38297 38304 38308 38312 38316 38320 38324 38329 38333
NODE_NUM = 50
FILE mem_ctrl_sub_116.aig

# Subcircuit 117
SUB_ID 117
LO (23):  6414 6418 6420 6421 6435 7488 10462 10549 10614 10668 10672 10899 13492 13621 13623 13759 13765 15877 16041 38212 38562 39521 42496
LI (34):  40 42 76 88 93 100 114 117 229 2883 6406 6407 6417 6419 6429 6433 7487 7492 10456 10477 10542 10545 10605 10610 10645 10646 16034 16040 38211 38560 39520 42489 42492 42495
NODE_NUM = 50
FILE mem_ctrl_sub_117.aig

# Subcircuit 118
SUB_ID 118
LO (19):  6417 6419 10700 10719 10734 10761 10762 10773 10895 10896 10920 10955 10956 11277 11290 11299 11304 13718 13719
LI (27):  40 43 44 53 115 116 3363 6407 7609 10652 10660 10662 10681 10688 10694 10697 10711 10714 10717 10726 10728 10731 10738 10744 10760 10768 10772
NODE_NUM = 49
FILE mem_ctrl_sub_118.aig

# Subcircuit 119
SUB_ID 119
LO (15):  6425 6458 6459 6460 6461 6717 6725 6841 6848 6980 7076 7081 7172 7177 7263
LI (23):  23 56 58 60 130 229 251 1091 3450 6471 6730 6856 6859 6974 6976 6981 6984 7063 7080 7083 7166 7168 7176
NODE_NUM = 45
FILE mem_ctrl_sub_119.aig

# Subcircuit 120
SUB_ID 120
LO (27):  6468 6470 6473 6651 6730 6734 6742 10437 16791 16794 16800 16823 16829 16974 17014 17015 17263 17264 17266 17279 17281 17288 17289 17290 17291 17293 17344
LI (36):  31 36 40 41 229 253 666 842 1092 1094 2658 2866 2874 2882 2883 3247 3478 6467 6552 6577 6729 6733 6741 10394 10430 10436 16793 16799 17251 17258 17261 17265 17273 17278 17280 17286
NODE_NUM = 47
FILE mem_ctrl_sub_120.aig

# Subcircuit 121
SUB_ID 121
LO (7):  6500 6513 6524 11617 13618 15069 38534
LI (44):  40 73 87 91 92 103 109 111 315 2600 2601 2631 2633 2687 2704 2711 2790 2799 2802 2806 2813 2817 2823 2827 2830 2838 2841 2845 6539 8620 10325 11596 11611 11615 13609 13616 15025 15030 15041 15046 15049 15056 15061 38516
NODE_NUM = 50
FILE mem_ctrl_sub_121.aig

# Subcircuit 122
SUB_ID 122
LO (18):  6527 6540 12126 12183 12184 14674 14675 14676 14704 14705 14706 14722 14723 14724 14752 16056 16062 16259
LI (39):  40 55 59 75 80 143 145 180 300 2625 2861 6324 6526 6539 7606 9628 11849 11866 12111 12117 12121 12122 12124 12129 12133 12144 12171 12181 14671 14672 14673 14687 14694 14703 14715 14718 14721 14730 14747
NODE_NUM = 50
FILE mem_ctrl_sub_122.aig

# Subcircuit 123
SUB_ID 123
LO (15):  6547 6671 6732 6733 6741 6754 6772 6779 34781 34782 34903 34908 34956 34966 35016
LI (37):  39 40 75 101 229 300 333 469 588 603 6324 6342 6360 6464 6545 6552 6641 6760 6764 6777 7549 21251 34745 34746 34747 34752 34760 34764 34770 34773 34779 34878 34883 34888 34893 34900 34907
NODE_NUM = 49
FILE mem_ctrl_sub_123.aig

# Subcircuit 124
SUB_ID 124
LO (10):  6552 6558 6583 9780 9783 9842 9844 14184 16034 49424
LI (49):  39 48 55 75 92 101 146 153 181 182 183 211 229 955 2638 2848 3394 6477 9140 9158 9172 9176 9641 9684 9718 9731 9762 9778 9779 9785 9787 9799 9801 9806 9809 9819 9839 14130 14131 14137 14147 14151 14152 14157 14160 14170 14173 14178 14182
NODE_NUM = 50
FILE mem_ctrl_sub_124.aig

# Subcircuit 125
SUB_ID 125
LO (5):  6590 6994 7268 7364 7431
LI (47):  40 101 159 160 6993 7179 7183 7185 7190 7195 7204 7215 7227 7230 7236 7242 7248 7254 7258 7261 7266 7275 7279 7281 7286 7291 7300 7311 7323 7326 7332 7338 7344 7350 7354 7357 7362 7380 7384 7386 7391 7396 7403 7416 7419 7424 7430
NODE_NUM = 50
FILE mem_ctrl_sub_125.aig

# Subcircuit 126
SUB_ID 126
LO (17):  6591 6609 6866 10485 10499 10594 10598 10619 10631 10636 10701 10702 10704 11899 11981 13382 44892
LI (28):  39 40 73 76 88 145 161 175 190 198 233 288 300 3250 3363 3398 6324 6407 6587 7731 8620 10480 10484 10490 10491 10495 10614 10626
NODE_NUM = 45
FILE mem_ctrl_sub_126.aig

# Subcircuit 127
SUB_ID 127
LO (15):  6657 6658 6660 6661 6678 6792 6799 6902 6925 6928 6974 7020 7025 7031 7037
LI (39):  39 40 88 101 143 300 962 968 3145 3250 6324 6360 6409 6429 6464 6656 6659 6677 6791 6798 6852 6897 6901 6919 6923 6934 6937 6942 6948 6954 6960 6966 6970 6973 7005 7008 7009 7018 7030
NODE_NUM = 46
FILE mem_ctrl_sub_127.aig

# Subcircuit 128
SUB_ID 128
LO (20):  6663 6677 6689 6695 6701 6707 6714 6720 6729 6744 6764 6798 6923 10302 10306 11235 11474 11512 34767 44705
LI (39):  55 56 58 60 75 76 88 93 229 253 948 3145 3250 3379 3394 3398 3425 3450 6324 6349 6360 6409 6465 6588 6592 6598 6631 6652 6653 6697 6704 6711 6762 9118 10300 11234 11467 11473 11509
NODE_NUM = 50
FILE mem_ctrl_sub_128.aig

# Subcircuit 129
SUB_ID 129
LO (21):  6760 6762 6777 6791 6801 6809 6814 6820 6826 6832 6838 6844 6852 6853 6880 6884 6901 6968 6973 6976 21251
LI (39):  31 39 40 55 56 60 75 76 88 93 101 229 233 300 588 948 968 971 3145 3355 3379 3394 3398 3450 6324 6710 6749 6750 6759 6761 6774 6775 6789 6822 6836 6873 6875 6876 6877
NODE_NUM = 50
FILE mem_ctrl_sub_129.aig

# Subcircuit 130
SUB_ID 130
LO (16):  6890 6893 6897 7009 7103 7204 7300 7308 7311 7323 7326 7332 7338 7344 7346 7403
LI (34):  39 40 55 75 76 88 93 101 229 300 968 3355 3379 3394 6324 6639 6852 6874 6884 6887 6891 6902 7008 7102 7198 7201 7294 7295 7296 7306 7319 7329 7373 7399
NODE_NUM = 50
FILE mem_ctrl_sub_130.aig

# Subcircuit 131
SUB_ID 131
LO (16):  6919 6937 6942 6948 6954 6960 6966 6970 6981 6990 6993 7003 7008 7018 7030 7041
LI (36):  39 40 55 56 75 76 88 93 101 233 300 973 3355 3379 3394 3398 3450 6710 6852 6856 6905 6909 6910 6913 6916 6944 6952 6957 6964 6968 6983 6988 6992 7001 7015 7028
NODE_NUM = 47
FILE mem_ctrl_sub_131.aig

# Subcircuit 132
SUB_ID 132
LO (15):  6983 6984 6988 6992 6998 7001 7005 7015 7028 7063 7079 7080 7084 7088 7124
LI (38):  40 55 56 75 76 88 93 101 229 233 300 961 962 973 3355 3379 3394 3425 6349 6710 6860 6869 6874 6880 6907 6931 7004 7020 7025 7031 7037 7041 7044 7046 7050 7056 7060 7062
NODE_NUM = 50
FILE mem_ctrl_sub_132.aig

# Subcircuit 133
SUB_ID 133
LO (4):  7101 7102 7130 7166
LI (35):  39 40 55 56 75 76 93 101 233 300 978 3394 3398 6874 6880 6907 6925 7079 7085 7086 7091 7099 7109 7113 7116 7118 7126 7129 7131 7134 7136 7144 7156 7162 7165
NODE_NUM = 50
FILE mem_ctrl_sub_133.aig

# Subcircuit 134
SUB_ID 134
LO (21):  7126 7129 7131 7134 7136 7156 7162 7165 7168 7176 7183 7185 7195 7215 7236 7242 7248 7254 7258 7261 7264
LI (38):  40 55 56 60 75 76 88 93 101 229 233 964 3355 3379 3394 3398 3425 3450 6349 6710 6860 6864 6869 7077 7080 7085 7116 7124 7130 7173 7181 7193 7207 7214 7232 7240 7245 7252
NODE_NUM = 50
FILE mem_ctrl_sub_134.aig

# Subcircuit 135
SUB_ID 135
LO (21):  7179 7190 7193 7198 7207 7214 7227 7230 7232 7240 7245 7252 7266 7269 7275 7279 7281 7291 7296 7306 7318
LI (38):  39 40 58 75 76 88 93 101 233 300 964 970 976 3355 3379 3394 6710 6852 6864 6874 6880 6907 6925 6931 7173 7177 7181 7200 7222 7223 7263 7264 7271 7273 7276 7280 7289 7303
NODE_NUM = 50
FILE mem_ctrl_sub_135.aig

# Subcircuit 136
SUB_ID 136
LO (14):  7271 7273 7276 7280 7286 7289 7294 7303 7319 7329 7350 7354 7357 7362
LI (27):  56 58 60 75 229 233 300 972 976 3398 3425 3450 6349 6460 6461 6710 6860 6869 6874 6880 6907 6925 7269 7306 7308 7318 7346
NODE_NUM = 31
FILE mem_ctrl_sub_136.aig

# Subcircuit 137
SUB_ID 137
LO (13):  7365 7371 7373 7380 7384 7386 7396 7416 7419 7424 7430 7443 7445
LI (29):  39 40 55 56 58 75 76 88 93 101 233 300 979 3355 3394 6710 6852 6864 6907 7368 7369 7372 7381 7385 7394 7408 7409 7421 7431
NODE_NUM = 48
FILE mem_ctrl_sub_137.aig

# Subcircuit 138
SUB_ID 138
LO (18):  7368 7369 7372 7381 7385 7391 7394 7399 7408 7409 7456 7457 7458 7475 7478 7483 38557 42548
LI (47):  24 39 40 58 60 229 233 253 300 975 979 1090 3425 3450 3509 6349 6460 6461 6584 6590 6609 6639 6860 6869 6874 6880 6891 6897 6925 6931 7365 7371 7443 7445 7449 7450 7460 7462 7464 7471 7481 38553 38555 42536 42539 42543 42546
NODE_NUM = 50
FILE mem_ctrl_sub_138.aig

# Subcircuit 139
SUB_ID 139
LO (21):  7481 7487 7492 7496 7500 7514 7518 10296 13815 15834 15848 15851 15859 15862 15888 16040 38308 42492 44819 45388 48848
LI (38):  25 39 40 55 56 63 75 76 93 101 130 955 2876 3283 3379 3398 6406 6710 7467 7475 7477 7478 7480 7493 7495 7511 7516 9122 9131 13815 14612 15861 38211 44816 44818 45362 45385 48847
NODE_NUM = 47
FILE mem_ctrl_sub_139.aig

# Subcircuit 140
SUB_ID 140
LO (23):  7526 7536 7539 7544 7547 7549 7550 7554 7559 7732 7733 7759 7769 7771 7772 10323 10324 10325 10326 10327 11233 11650 13809
LI (38):  40 56 57 63 75 76 88 93 300 568 1092 3250 3283 3422 3433 3478 3565 3823 6427 6443 6668 7515 7522 7524 7538 7541 7556 7618 7723 7724 7727 7731 7734 7756 7758 7763 8620 10322
NODE_NUM = 49
FILE mem_ctrl_sub_140.aig

# Subcircuit 141
SUB_ID 141
LO (10):  7556 7569 7571 7573 7575 7576 7577 7851 7887 38387
LI (27):  38 57 63 120 352 357 358 462 469 592 1042 1057 1074 1078 1200 3437 3478 3593 7516 7566 7568 7845 7848 7853 7880 38335 38377
NODE_NUM = 50
FILE mem_ctrl_sub_141.aig

# Subcircuit 142
SUB_ID 142
LO (6):  7602 7845 8179 8192 8195 8196
LI (15):  334 335 359 392 393 394 451 1198 7586 7598 7807 7842 8156 8159 8162
NODE_NUM = 41
FILE mem_ctrl_sub_142.aig

# Subcircuit 143
SUB_ID 143
LO (13):  7586 7598 7604 7605 7607 7608 7618 7707 7723 7758 8152 11136 15081
LI (33):  76 88 101 300 324 328 344 345 346 347 363 568 1197 1200 2970 3355 3379 7595 7603 7606 7616 7698 7699 7704 7719 8097 8102 8103 8105 8138 8143 8144 8147
NODE_NUM = 50
FILE mem_ctrl_sub_143.aig

# Subcircuit 144
SUB_ID 144
LO (11):  7609 8156 8159 8162 8213 8221 8497 8531 8600 8610 12547
LI (27):  25 334 392 393 568 1092 1198 6665 7608 7701 7732 8070 8071 8152 8211 8220 8459 8492 8494 8529 8543 8567 8568 8574 8576 8581 8585
NODE_NUM = 48
FILE mem_ctrl_sub_144.aig

# Subcircuit 145
SUB_ID 145
LO (33):  7616 7620 7621 7622 9313 9316 9318 9320 9325 9326 9329 9330 9346 9350 9351 9352 9365 9396 9397 9427 9490 9491 9554 9719 9738 9941 9942 11969 11970 13861 13870 14340 16656
LI (19):  33 41 91 94 96 121 199 842 1094 2599 2684 6324 7615 9191 9295 9310 9312 9324 9344
NODE_NUM = 46
FILE mem_ctrl_sub_145.aig

# Subcircuit 146
SUB_ID 146
LO (6):  7623 14435 14587 15986 16023 16024
LI (43):  39 40 52 76 88 97 121 825 830 1092 2669 2856 3363 6300 7625 7652 14253 14280 14321 14332 14339 14351 14391 14393 14401 14407 14409 14411 14414 14421 14426 14456 14468 14470 14500 14504 14513 14525 14530 14584 15981 15982 15984
NODE_NUM = 50
FILE mem_ctrl_sub_146.aig

# Subcircuit 147
SUB_ID 147
LO (22):  7631 7637 7643 7644 7645 7646 7692 7700 7701 7703 7704 7724 8270 8469 8471 10319 10516 13252 13286 14199 14401 38415
LI (40):  25 59 88 92 97 229 1092 1094 2648 2840 2949 3248 3250 6474 6540 6624 7603 7611 7612 7622 7635 7642 7668 7687 7688 8211 8262 8265 8268 8462 8468 8470 10318 10357 13251 13277 13283 14398 38410 38414
NODE_NUM = 48
FILE mem_ctrl_sub_147.aig

# Subcircuit 148
SUB_ID 148
LO (29):  7651 7669 7673 7674 8208 8209 8210 8211 8217 8218 8220 8222 8228 8230 8233 12338 12339 12344 12345 12351 12363 12364 12689 12690 12964 14264 14544 14547 14576
LI (25):  52 76 95 99 123 1092 1093 1094 2705 6361 6426 6613 7608 7619 7628 7648 7672 7681 7694 8223 8227 8229 12349 12356 12360
NODE_NUM = 47
FILE mem_ctrl_sub_148.aig

# Subcircuit 149
SUB_ID 149
LO (19):  7680 7681 7682 9054 9097 9205 9264 9266 9306 9310 9324 9344 9413 9448 11894 11910 12113 12129 13597
LI (27):  33 36 41 52 71 88 96 138 315 2625 2637 2644 2864 7678 7681 9053 9094 9201 9203 9302 9322 9334 9338 13586 13588 13593 13595
NODE_NUM = 44
FILE mem_ctrl_sub_149.aig

# Subcircuit 150
SUB_ID 150
LO (14):  7717 7763 8102 8143 8144 8280 8488 8505 8567 14339 14447 14513 14578 14584
LI (39):  76 88 121 1092 1197 3250 3364 6426 7711 7712 7713 7762 8100 8141 8218 8275 8480 8482 8484 8485 8563 8620 14251 14252 14254 14257 14274 14279 14280 14318 14321 14338 14510 14512 14541 14571 14577 14580 14583
NODE_NUM = 49
FILE mem_ctrl_sub_150.aig

# Subcircuit 151
SUB_ID 151
LO (20):  7734 7804 7805 7839 7840 7947 7975 7992 7995 7999 8310 8311 8314 8315 8361 8502 8535 8576 8857 8895
LI (17):  351 593 1197 1199 1200 7733 7756 7769 7772 7797 7946 7972 7973 7974 7976 7984 8287
NODE_NUM = 50
FILE mem_ctrl_sub_151.aig

# Subcircuit 152
SUB_ID 152
LO (5):  7756 7762 12380 12577 12599
LI (30):  76 316 317 322 323 348 349 350 360 568 3355 7750 7753 7761 8133 12344 12365 12367 12372 12375 12381 12559 12565 12573 12576 12582 12587 12591 12594 12598
NODE_NUM = 49
FILE mem_ctrl_sub_152.aig

# Subcircuit 153
SUB_ID 153
LO (8):  7784 7790 7796 7797 7842 8329 8330 8337
LI (29):  321 343 356 459 461 462 1197 1199 7577 7602 7778 7787 7810 7826 7830 7833 7834 7840 7851 8289 8290 8294 8298 8304 8305 8311 8314 8316 8327
NODE_NUM = 47
FILE mem_ctrl_sub_153.aig

# Subcircuit 154
SUB_ID 154
LO (14):  7787 7826 7830 7833 7834 7847 8858 8862 8864 8865 8866 8867 8942 9010
LI (21):  356 362 442 453 456 459 593 1197 1199 1200 7602 7778 7807 7812 7816 7851 8285 8838 8849 8857 8860
NODE_NUM = 50
FILE mem_ctrl_sub_154.aig

# Subcircuit 155
SUB_ID 155
LO (13):  7812 7816 7848 7853 7877 7880 8759 8835 9017 9025 47226 47264 47825
LI (24):  352 355 361 456 463 589 591 592 7733 7847 7874 7887 8205 8206 8287 8346 8350 8355 8616 8620 8757 8758 8825 8826
NODE_NUM = 50
FILE mem_ctrl_sub_155.aig

# Subcircuit 156
SUB_ID 156
LO (8):  7874 7891 7974 8383 8387 8899 8900 8907
LI (15):  353 354 370 375 378 593 1199 7733 7769 7913 7973 8287 8362 8369 8374
NODE_NUM = 45
FILE mem_ctrl_sub_156.aig

# Subcircuit 157
SUB_ID 157
LO (5):  7913 7946 7950 7969 7970
LI (24):  318 338 339 340 364 369 373 377 379 380 381 382 383 386 387 388 389 390 440 7907 7910 7940 7943 7968
NODE_NUM = 50
FILE mem_ctrl_sub_157.aig

# Subcircuit 158
SUB_ID 158
LO (8):  7953 7968 12545 12546 12652 12683 12859 12865
LI (19):  366 368 370 375 448 591 592 1198 1199 1200 7947 7950 7962 12341 12543 12636 12640 12659 12674
NODE_NUM = 50
FILE mem_ctrl_sub_158.aig

# Subcircuit 159
SUB_ID 159
LO (6):  7962 7972 7973 8359 8374 13188
LI (32):  337 365 367 370 375 384 589 592 1198 1199 7947 7959 7969 7970 8205 8358 12652 12674 12688 12789 12858 12870 12874 12877 12878 12885 12892 12895 13039 13045 13183 13187
NODE_NUM = 50
FILE mem_ctrl_sub_159.aig

# Subcircuit 160
SUB_ID 160
LO (3):  8044 8401 12674
LI (11):  370 371 372 374 375 376 592 7992 8000 8003 8032
NODE_NUM = 50
FILE mem_ctrl_sub_160.aig

# Subcircuit 161
SUB_ID 161
LO (12):  8000 8003 8032 9032 13048 13067 13071 13077 13078 13090 47428 47461
LI (26):  218 334 375 385 392 441 443 589 591 592 7999 8070 8835 8858 8894 8904 8919 8925 8975 9018 9031 12341 12547 13059 13063 13086
NODE_NUM = 44
FILE mem_ctrl_sub_161.aig

# Subcircuit 162
SUB_ID 162
LO (7):  8070 8071 8581 8607 8611 8971 13074
LI (19):  392 393 394 395 397 1199 7805 7807 8051 8066 8288 8600 8603 8610 8938 8941 8943 8948 8949
NODE_NUM = 47
FILE mem_ctrl_sub_162.aig

# Subcircuit 163
SUB_ID 163
LO (20):  8051 8066 8074 8092 8094 8095 8097 8100 8134 8138 8141 8410 8412 8414 8416 8417 8419 8459 8529 8568
LI (22):  76 300 329 330 391 396 399 400 401 409 411 412 1092 1197 7671 7698 7710 7711 8089 8133 8210 8247
NODE_NUM = 48
FILE mem_ctrl_sub_163.aig

# Subcircuit 164
SUB_ID 164
LO (16):  8089 12365 12367 12372 12559 12582 12696 12705 12935 12937 12939 12940 12941 12953 12954 12976
LI (30):  76 88 123 320 325 457 568 3364 3379 7711 8086 12338 12340 12345 12363 12364 12371 12381 12558 12581 12691 12694 12696 12704 12924 12927 12930 12931 12942 12946
NODE_NUM = 50
FILE mem_ctrl_sub_164.aig

# Subcircuit 165
SUB_ID 165
LO (10):  8086 12558 12565 12924 12927 12930 12931 12942 12946 13003
LI (25):  76 123 398 405 412 413 1200 7619 8074 8092 8094 8502 12338 12345 12549 12555 12560 12562 12971 12973 12976 12978 12982 12988 13001
NODE_NUM = 50
FILE mem_ctrl_sub_165.aig

# Subcircuit 166
SUB_ID 166
LO (21):  8103 8133 8449 8485 8503 8507 8574 12581 12587 12598 12969 12971 12972 12973 12978 12982 12988 12992 12993 12998 13053
LI (34):  76 123 319 410 568 593 1094 1200 3364 7619 7629 7694 7727 7759 8130 8209 8227 8448 8500 8502 12338 12340 12341 12363 12365 12371 12381 12696 12703 12935 12937 12939 12962 12964
NODE_NUM = 48
FILE mem_ctrl_sub_166.aig

# Subcircuit 167
SUB_ID 167
LO (8):  8130 8206 8603 12687 47222 47565 48334 48459
LI (28):  326 327 335 402 403 404 406 407 408 464 589 591 592 8044 8118 8127 8179 8185 8192 8195 8196 8205 12546 12621 12625 12628 12629 12683
NODE_NUM = 50
FILE mem_ctrl_sub_167.aig

# Subcircuit 168
SUB_ID 168
LO (17):  8185 8205 8616 9053 10284 11822 13183 13259 13568 13609 13612 14279 14280 14317 44621 44643 44664
LI (38):  39 218 286 287 289 290 336 414 8615 8620 9043 9052 10229 10259 10262 10263 10264 10265 10268 10276 10283 10325 10326 10567 10575 11753 11814 11818 12341 13128 13176 13180 13249 13256 13565 13608 14277 14278
NODE_NUM = 50
FILE mem_ctrl_sub_168.aig

# Subcircuit 169
SUB_ID 169
LO (25):  8237 8243 8251 8258 8262 8265 8268 10714 10731 10741 10744 10757 10758 10760 10772 10776 10784 10804 10808 10812 10815 11080 11361 11411 14192
LI (25):  39 40 76 88 101 229 300 3355 3363 3398 6367 7607 7731 8218 8230 8239 8247 10655 10730 10738 10755 10761 10773 10781 10799
NODE_NUM = 50
FILE mem_ctrl_sub_169.aig

# Subcircuit 170
SUB_ID 170
LO (21):  8275 8285 8286 8838 8849 8904 8925 8938 8941 8943 8948 8949 8975 8989 9003 9006 9018 9031 13086 13130 14254
LI (35):  123 218 334 568 589 591 592 1094 1198 1199 1200 7710 7731 7759 7784 8218 8222 8502 8759 8836 8858 8866 8895 8900 8933 8934 8942 8972 8988 9001 9013 9017 9025 9030 14253
NODE_NUM = 47
FILE mem_ctrl_sub_170.aig

# Subcircuit 171
SUB_ID 171
LO (11):  8316 8327 8346 8350 8358 8362 8369 8420 8423 8438 8615
LI (30):  40 352 357 358 371 372 462 592 1200 6358 7771 7975 8239 8289 8315 8329 8330 8337 8357 8359 8361 8383 8387 8401 8418 8419 8422 8432 8435 8614
NODE_NUM = 49
FILE mem_ctrl_sub_171.aig

# Subcircuit 172
SUB_ID 172
LO (19):  8432 8448 8455 8456 8462 8468 8470 8476 8480 8482 8484 8492 8494 8499 8500 8520 8536 8563 8932
LI (37):  39 40 76 88 101 229 233 300 568 593 3355 3364 6324 7603 7604 7608 7694 7731 7759 8095 8134 8228 8239 8410 8414 8419 8431 8448 8455 8459 8469 8471 8518 8535 8550 8554 8561
NODE_NUM = 50
FILE mem_ctrl_sub_172.aig

# Subcircuit 173
SUB_ID 173
LO (17):  8506 8508 8510 8518 8544 8550 8554 8561 8585 8614 8671 8714 8717 8719 8781 8784 8788
LI (29):  418 419 429 438 591 592 1198 6358 6384 7707 7839 8239 8247 8289 8410 8412 8414 8418 8422 8517 8545 8607 8611 8629 8641 8670 8672 8711 8716
NODE_NUM = 45
FILE mem_ctrl_sub_173.aig

# Subcircuit 174
SUB_ID 174
LO (9):  8629 8641 8670 8675 8684 8703 8706 8707 8768
LI (27):  416 417 420 421 422 424 425 426 432 433 437 439 445 454 455 460 465 1199 7769 8638 8651 8660 8663 8673 8674 8682 8700
NODE_NUM = 50
FILE mem_ctrl_sub_174.aig

# Subcircuit 175
SUB_ID 175
LO (6):  8682 8700 8782 8812 8816 8998
LI (18):  427 429 431 445 446 7769 8310 8671 8678 8679 8765 8771 8777 8781 8785 8789 8795 8796
NODE_NUM = 44
FILE mem_ctrl_sub_175.aig

# Subcircuit 176
SUB_ID 176
LO (11):  8696 8711 8771 8777 8795 8796 8988 12424 12428 12429 12436
LI (27):  428 429 430 435 436 447 1197 8289 8502 8671 8675 8684 8693 8696 8703 8706 8707 8768 8774 8983 12386 12408 12412 12415 12416 12422 12426
NODE_NUM = 46
FILE mem_ctrl_sub_176.aig

# Subcircuit 177
SUB_ID 177
LO (6):  8693 8716 8747 8757 8825 9004
LI (21):  415 423 427 428 429 431 434 446 449 450 452 1200 7807 8717 8719 8750 8813 8817 8820 8821 9003
NODE_NUM = 50
FILE mem_ctrl_sub_177.aig

# Subcircuit 178
SUB_ID 178
LO (21):  8758 8765 8774 8785 8789 8813 8817 8820 8821 8826 8836 8894 47266 47267 47282 47816 47817 47868 48188 48275 48367
LI (29):  352 357 358 428 449 462 589 591 593 1200 7796 7880 8287 8673 8678 8714 8782 8784 8788 8812 8816 8865 8867 8871 47265 47270 47272 47276 47281
NODE_NUM = 50
FILE mem_ctrl_sub_178.aig

# Subcircuit 179
SUB_ID 179
LO (20):  8871 8919 8933 8934 8972 8983 9001 9013 9030 9033 13187 14338 14530 14583 42536 42546 47263 47283 47302 47303
LI (42):  121 371 372 374 376 437 444 445 449 591 1162 1163 1164 1200 7577 8499 8502 8747 8759 8864 8867 8907 8932 8971 8989 8998 9004 9006 9010 9012 13186 14329 14336 14529 42533 42534 42545 47236 47247 47261 47282 47301
NODE_NUM = 49
FILE mem_ctrl_sub_179.aig

# Subcircuit 180
SUB_ID 180
LO (22):  9035 9040 9041 9043 9044 9120 10227 10231 10232 10238 10241 10283 10291 11255 13323 13447 15780 15837 15844 15855 15871 38297
LI (39):  32 39 40 75 76 101 130 138 253 1163 3250 3397 3437 3450 3593 6273 6412 6423 6658 6660 7607 9038 9062 9118 9123 10230 10236 10282 10288 10322 10325 11237 11239 11241 11248 13306 13319 15841 15853
NODE_NUM = 49
FILE mem_ctrl_sub_180.aig

# Subcircuit 181
SUB_ID 181
LO (14):  9052 9055 9119 10265 10288 11241 11248 11659 13319 13350 13359 13459 14350 14524
LI (47):  25 91 96 121 138 253 480 2670 2684 2886 2903 2944 3092 3250 3379 6312 6427 6431 7612 7644 8620 9051 9118 9120 9132 10325 10466 11246 11645 11646 11647 11651 11653 13306 13315 13340 13344 13353 13356 13453 13454 14267 14342 14349 14457 14516 14523
NODE_NUM = 50
FILE mem_ctrl_sub_181.aig

# Subcircuit 182
SUB_ID 182
LO (17):  9060 9061 11452 11500 11507 11673 11686 11693 11697 11701 11702 11757 11762 11774 11781 13570 14341
LI (25):  25 55 94 123 138 253 1094 2630 2682 2949 7619 9059 9131 9199 10326 10560 11434 11443 11448 11498 11503 11671 11677 11683 11688
NODE_NUM = 48
FILE mem_ctrl_sub_182.aig

# Subcircuit 183
SUB_ID 183
LO (11):  9065 9071 9076 10359 10407 10421 10424 11172 13269 13337 44894
LI (49):  37 39 40 50 65 67 71 77 85 90 103 333 2834 7672 7680 9066 9067 9074 9075 9077 9273 9276 10332 10333 10336 10339 10340 10345 10352 10357 10395 10405 10410 10415 10420 10422 11162 11167 11169 13260 13262 13264 13267 13332 13334 38513 44883 44887 44892
NODE_NUM = 49
FILE mem_ctrl_sub_183.aig

# Subcircuit 184
SUB_ID 184
LO (14):  9088 9358 9377 9383 9386 9392 9393 9466 9469 9471 9472 9484 9485 9512
LI (29):  33 91 94 96 175 181 184 194 2653 2683 6324 9191 9282 9325 9331 9350 9357 9360 9363 9365 9372 9376 9400 9404 9441 9464 9465 9482 9508
NODE_NUM = 49
FILE mem_ctrl_sub_184.aig

# Subcircuit 185
SUB_ID 185
LO (21):  9104 9118 9140 9850 10226 12329 12331 12332 13260 13579 14010 14124 16726 16727 16730 16784 33368 33370 33470 45394 49086
LI (31):  25 33 34 35 52 71 80 119 139 140 196 197 469 842 2690 2699 9116 9687 9844 9848 10105 10216 10218 10219 10326 11424 12184 12328 13576 45389 45391
NODE_NUM = 50
FILE mem_ctrl_sub_185.aig

# Subcircuit 186
SUB_ID 186
LO (16):  9145 9146 9150 9151 9172 9173 9176 9614 9641 9642 9660 9670 9787 13973 16307 16696
LI (27):  55 56 75 76 88 93 101 150 158 233 300 3394 6324 9146 9163 9168 9609 9613 9616 9626 9628 9638 9643 9652 9656 9662 9669
NODE_NUM = 49
FILE mem_ctrl_sub_186.aig

# Subcircuit 187
SUB_ID 187
LO (16):  9158 9168 9669 9687 9839 9902 9903 9906 10067 10079 10105 10184 10186 11851 13925 16306
LI (32):  55 56 75 76 88 101 179 184 233 300 3394 3450 3593 6324 9153 9156 9628 9686 9837 9873 9883 9889 9890 9891 9893 9896 10064 10069 10076 10102 10179 10182
NODE_NUM = 44
FILE mem_ctrl_sub_187.aig

# Subcircuit 188
SUB_ID 188
LO (15):  9180 9609 9616 9806 10049 10179 11849 11874 12121 12146 12155 12159 12161 12163 12295
LI (34):  39 55 88 101 148 165 187 188 3394 3397 6406 7606 9141 9179 9185 9187 9607 9615 9628 10039 10041 10042 10043 10155 10176 11843 11844 11848 11867 12108 12112 12114 12119 12153
NODE_NUM = 46
FILE mem_ctrl_sub_188.aig

# Subcircuit 189
SUB_ID 189
LO (18):  9193 10311 10312 11575 14644 14650 14657 14661 14662 14663 14664 14680 14681 14737 14755 14804 14805 14906
LI (22):  70 87 103 2605 2623 2708 3248 9073 10310 11236 11263 11569 11571 13207 14588 14589 14640 14642 14647 14649 14654 14659
NODE_NUM = 33
FILE mem_ctrl_sub_189.aig

# Subcircuit 190
SUB_ID 190
LO (19):  9201 9230 9255 9260 9295 9302 9338 9357 9607 9623 9626 9718 9819 10010 10011 10012 10089 16264 16269
LI (41):  39 40 59 71 91 145 153 177 233 300 842 2625 2698 6324 6384 6402 9173 9192 9200 9210 9211 9218 9229 9232 9248 9254 9261 9262 9294 9336 9356 9605 9614 9615 9620 9624 9628 9692 9701 9717 9814
NODE_NUM = 49
FILE mem_ctrl_sub_190.aig

# Subcircuit 191
SUB_ID 191
LO (22):  9272 9273 9276 9280 9294 9336 9356 9455 9457 9458 9459 9463 9464 9479 9480 9481 9482 11880 11931 11950 11993 11994
LI (34):  33 52 59 71 91 96 112 184 199 2605 2625 6324 7680 9266 9267 9269 9271 9275 9279 9289 9290 9292 9306 9320 9325 9331 9334 9409 9410 9412 9427 9436 9448 9452
NODE_NUM = 44
FILE mem_ctrl_sub_191.aig

# Subcircuit 192
SUB_ID 192
LO (17):  9312 9322 9334 9359 9363 9372 9404 9575 9576 9582 9605 9799 9934 9948 10108 11878 12290
LI (42):  33 41 59 94 96 143 150 153 173 175 181 184 233 480 2625 2687 6324 9311 9325 9331 9333 9350 9354 9361 9362 9365 9513 9516 9521 9543 9544 9552 9559 9560 9571 9573 9586 9593 9604 9769 9792 9798
NODE_NUM = 50
FILE mem_ctrl_sub_192.aig

# Subcircuit 193
SUB_ID 193
LO (19):  9400 9409 9432 9441 9957 11895 11904 11907 11908 11914 11924 11926 11945 11955 11956 11984 12024 12035 14896
LI (32):  96 141 143 145 164 167 182 184 199 211 300 2599 9331 9395 9397 9408 9423 9429 9440 9917 9918 9925 9932 9937 9954 9956 11891 11892 11894 11900 11906 11912
NODE_NUM = 49
FILE mem_ctrl_sub_193.aig

# Subcircuit 194
SUB_ID 194
LO (5):  9410 9423 11891 12040 12147
LI (40):  33 96 154 161 164 185 199 211 233 9408 9409 9421 10481 10485 11882 11886 11895 11904 11908 11910 11914 11939 11941 11946 11961 11967 11972 11980 11982 11985 11987 11991 12005 12007 12019 12020 12023 12024 12029 12039
NODE_NUM = 50
FILE mem_ctrl_sub_194.aig

# Subcircuit 195
SUB_ID 195
LO (14):  9412 9421 9429 9440 9502 9508 9538 9544 9549 9552 9935 9940 14619 15238
LI (33):  33 41 52 71 96 143 153 173 175 181 184 199 211 2625 6324 9264 9266 9306 9316 9320 9325 9326 9411 9413 9427 9436 9437 9493 9521 9527 9532 9543 9547
NODE_NUM = 49
FILE mem_ctrl_sub_195.aig

# Subcircuit 196
SUB_ID 196
LO (28):  9452 9465 9493 9513 9515 9516 9517 9519 9521 9524 9527 9531 9532 9559 9566 9568 9571 9572 9573 9584 9586 9588 9590 9593 9915 9954 10116 13871
LI (32):  141 143 145 153 173 182 184 211 300 2637 2932 6313 6324 9191 9318 9329 9331 9386 9392 9396 9436 9437 9471 9484 9491 9512 9523 9530 9558 9911 9946 9950
NODE_NUM = 49
FILE mem_ctrl_sub_196.aig

# Subcircuit 197
SUB_ID 197
LO (7):  9523 9555 9558 9979 14129 16668 16702
LI (48):  40 55 75 88 93 119 147 153 162 173 211 233 300 3394 6324 9346 9351 9554 9967 9971 9972 9976 13843 13860 13861 13862 13867 13875 13890 13920 13923 13953 13963 13969 13982 13988 14000 14007 14122 14124 14127 16651 16653 16660 16663 16693 16696 16701
NODE_NUM = 50
FILE mem_ctrl_sub_197.aig

# Subcircuit 198
SUB_ID 198
LO (16):  9530 9547 9971 13862 13867 13875 13884 13890 13923 13990 14000 14091 14114 15759 15762 16451
LI (40):  40 151 152 153 162 169 211 233 300 3250 3450 6324 7606 9141 9436 9455 9459 9479 9490 9741 9767 9970 13836 13838 13866 13872 13882 13883 13991 13993 13998 14045 14051 14053 14060 14084 14090 14109 14111 15760
NODE_NUM = 50
FILE mem_ctrl_sub_198.aig

# Subcircuit 199
SUB_ID 199
LO (20):  9543 9560 12124 14594 14596 14612 14615 14616 14624 14626 14628 14629 14753 14803 14827 14833 14870 14887 14888 14992
LI (33):  39 88 101 157 159 162 300 6630 8620 9801 9980 10002 14589 14590 14591 14593 14599 14611 14614 14623 14628 14664 14669 14752 14761 14762 14775 14779 14780 14783 14784 14793 14826
NODE_NUM = 50
FILE mem_ctrl_sub_199.aig

# Subcircuit 200
SUB_ID 200
LO (19):  9603 9604 9613 9615 9656 9662 9673 9674 9675 9676 9686 9809 9882 9883 10054 10064 10097 13951 16257
LI (36):  39 40 76 88 101 233 3363 3422 3450 3593 6312 6439 8620 9141 9162 9191 9318 9329 9650 9672 9684 9876 9880 10051 10062 10084 10085 10086 10089 10095 16049 16055 16168 16169 16250 16251
NODE_NUM = 50
FILE mem_ctrl_sub_200.aig

# Subcircuit 201
SUB_ID 201
LO (13):  9620 9624 10062 10086 12328 12337 13982 13991 16318 16701 16705 16708 16729
LI (48):  55 56 75 80 93 139 233 3378 3422 3450 3550 8620 9205 9628 9673 9674 9675 9851 9882 10061 11844 11849 12112 12146 12147 12169 12180 12269 12312 12317 12329 12331 12332 12333 13965 13972 13975 13978 14674 16259 16266 16269 16283 16287 16311 16317 16703 16728
NODE_NUM = 50
FILE mem_ctrl_sub_201.aig

# Subcircuit 202
SUB_ID 202
LO (16):  9635 9637 9638 11286 11420 13298 13715 13757 13793 15920 15933 15934 15937 16027 16628 44815
LI (40):  76 88 101 192 233 300 3434 7606 9132 9142 9636 10323 11142 11270 11284 11285 11323 11330 11333 11363 11414 11419 13289 13294 13683 13701 13706 13707 13714 13730 13745 13748 13749 13756 13792 14734 15916 15919 15924 15931
NODE_NUM = 49
FILE mem_ctrl_sub_202.aig

# Subcircuit 203
SUB_ID 203
LO (11):  9643 9650 9652 9672 9684 9692 9694 9701 9837 10176 14026
LI (43):  39 40 55 75 76 93 145 150 175 179 233 300 3397 3450 3593 6389 6402 6621 6625 7606 7761 9141 9150 9151 9153 9155 9190 9191 9205 9642 9649 9651 9660 9670 9679 9700 9829 9834 9835 10013 10165 10168 10169
NODE_NUM = 50
FILE mem_ctrl_sub_203.aig

# Subcircuit 204
SUB_ID 204
LO (8):  9700 9717 10165 10168 14018 15475 33451 33459
LI (40):  40 145 153 155 158 162 171 175 300 6368 6621 6625 7658 8620 9242 9697 9708 9713 9801 10017 10027 10033 10156 13290 14013 14014 14015 15084 15295 15343 15353 15363 15378 15385 15465 15467 15471 16710 16712 33448
NODE_NUM = 50
FILE mem_ctrl_sub_204.aig

# Subcircuit 205
SUB_ID 205
LO (32):  9713 9727 9729 9747 10156 14013 14015 14022 14618 14621 14623 14635 14636 14665 14669 14670 14671 14672 14687 14694 14713 14715 14718 14726 14727 14728 14730 14919 14925 14937 14964 15114
LI (32):  71 143 145 158 162 169 180 181 233 300 2625 2635 2698 2997 3248 6324 6358 7658 9271 9286 9712 9722 14021 14617 14620 14634 14664 14668 14685 14689 14712 14720
NODE_NUM = 50
FILE mem_ctrl_sub_205.aig

# Subcircuit 206
SUB_ID 206
LO (15):  9736 9767 9769 9778 10155 10482 10484 10642 11640 11642 11900 12229 12238 14895 15289
LI (42):  40 147 153 161 162 163 185 190 194 233 300 2625 3247 3355 7603 9313 9377 9395 9759 9763 9766 9770 9777 10128 10129 10134 10151 10322 10481 10638 10641 11639 11884 11897 11899 12207 12216 12218 12220 12226 12230 12234
NODE_NUM = 47
FILE mem_ctrl_sub_206.aig

# Subcircuit 207
SUB_ID 207
LO (16):  9741 9759 9777 9779 9785 9792 9798 9848 9851 10137 10218 12216 12218 12269 12312 14090
LI (46):  34 40 41 55 75 153 154 159 163 173 181 194 233 300 955 2867 3247 3394 3397 6324 9730 9742 9749 9753 9754 9758 9775 9780 9783 9842 10481 11866 11874 11934 12144 12214 12215 12268 12274 12276 12282 12284 12291 12297 12307 14087
NODE_NUM = 50
FILE mem_ctrl_sub_207.aig

# Subcircuit 208
SUB_ID 208
LO (10):  9873 9876 9880 9890 10084 10095 10102 10216 11837 11838
LI (22):  55 56 75 76 93 101 164 198 233 300 3450 3593 9141 9145 9851 9859 9866 9870 9874 10097 10202 10208
NODE_NUM = 41
FILE mem_ctrl_sub_208.aig

# Subcircuit 209
SUB_ID 209
LO (16):  9859 11843 11844 11848 11866 12111 12119 12122 12144 12169 12171 12180 12181 12297 12307 13826
LI (28):  55 56 75 76 101 163 198 233 300 3450 3593 6324 9141 9146 9628 9676 11837 11838 11857 11865 12118 12146 12159 12163 12173 12296 12304 13825
NODE_NUM = 42
FILE mem_ctrl_sub_209.aig

# Subcircuit 210
SUB_ID 210
LO (14):  9866 9870 9874 9889 10043 10051 10085 10182 10202 10208 16021 16033 16637 30312
LI (36):  39 55 75 76 88 101 149 168 189 300 3363 7606 8620 9141 9142 9628 9902 9903 9906 10079 10184 10186 10189 10206 14588 14612 15942 15944 15951 16018 16022 16025 16028 16326 16555 16636
NODE_NUM = 50
FILE mem_ctrl_sub_210.aig

# Subcircuit 211
SUB_ID 211
LO (16):  9891 9893 9896 9911 9917 9918 9925 9932 9937 9946 9950 9967 9970 9972 9976 9991
LI (41):  141 143 146 147 162 163 182 6324 9330 9353 9393 9437 9463 9472 9481 9485 9515 9521 9549 9566 9568 9572 9576 9582 9584 9588 9590 9909 9915 9924 9934 9935 9940 9942 9948 9960 9964 9965 9984 9988 9990
NODE_NUM = 50
FILE mem_ctrl_sub_211.aig

# Subcircuit 212
SUB_ID 212
LO (11):  10001 10013 10017 10036 10039 10061 10189 15295 15343 15903 15909
LI (42):  39 40 147 162 163 178 233 300 3244 3355 7606 9229 9234 9242 9260 9519 9524 9531 9538 9801 9994 9998 10000 10010 10011 10012 10016 10028 10035 10037 10058 15138 15161 15172 15181 15282 15285 15294 15310 15321 15332 15339
NODE_NUM = 50
FILE mem_ctrl_sub_212.aig

# Subcircuit 213
SUB_ID 213
LO (16):  10027 10028 10033 10035 10037 10041 10042 10058 10072 10075 10076 15138 16018 16551 16564 16571
LI (39):  39 40 101 142 156 162 168 189 233 300 7606 9141 9178 9185 9238 9246 10031 10032 10036 10073 14711 15106 15119 15134 15940 16003 16005 16009 16016 16460 16465 16474 16482 16483 16492 16500 16506 16545 16550
NODE_NUM = 50
FILE mem_ctrl_sub_213.aig

# Subcircuit 214
SUB_ID 214
LO (12):  10128 10129 10134 10151 10206 10229 10230 15025 17415 17416 17991 27188
LI (44):  39 40 93 111 141 143 145 147 162 163 182 300 684 6349 6423 7619 8620 9730 9742 9749 9754 9760 9763 9775 9780 9783 9801 9813 9851 9980 10002 10108 10113 10116 10121 10124 10127 10133 10137 10140 10148 10228 11136 15019
NODE_NUM = 50
FILE mem_ctrl_sub_214.aig

# Subcircuit 215
SUB_ID 215
LO (14):  10236 10259 10262 10263 10264 10268 10276 11718 11766 11814 11818 13453 16642 38545
LI (43):  33 36 94 123 147 199 211 233 300 1083 2868 2883 3247 6300 6312 6423 6427 7604 7605 7620 7700 9056 9094 10234 10246 10250 10254 10256 10258 10273 10275 11681 11728 11739 11765 11791 11801 11804 11811 13445 13446 13447 13452
NODE_NUM = 48
FILE mem_ctrl_sub_215.aig

# Subcircuit 216
SUB_ID 216
LO (25):  10273 10307 10308 10322 10466 10469 10575 10577 10764 11069 11203 11210 11234 11426 11498 11569 11611 11677 13245 13249 13277 13312 13313 13573 45519
LI (48):  25 40 45 72 75 84 253 1094 2637 2644 2709 2753 2944 6313 6415 6539 7619 7700 8620 9092 10320 10325 10465 10567 10576 11198 11199 11202 11205 11212 11229 11233 11424 11563 11568 11603 11609 11676 12346 13216 13241 13243 13247 45508 45509 45510 45511 45514
NODE_NUM = 50
FILE mem_ctrl_sub_216.aig

# Subcircuit 217
SUB_ID 217
LO (31):  10331 10332 10465 10600 10601 10605 10626 10655 10656 10660 10678 10721 10722 10723 10724 10726 10751 11434 11466 11484 11493 11594 11618 11625 11645 13424 13613 13676 13692 13702 14666
LI (33):  25 39 43 45 55 56 58 60 73 75 115 229 2689 3399 6415 6418 6460 6539 10329 10464 10472 10604 10621 10625 10659 10675 10677 11465 11480 11490 11577 11593 11623
NODE_NUM = 50
FILE mem_ctrl_sub_217.aig

# Subcircuit 218
SUB_ID 218
LO (24):  10336 10339 10340 10345 10352 10357 10405 11143 11145 11216 11562 11681 11683 11791 11804 13235 21141 21290 21413 21459 33576 33581 34171 35931
LI (47):  46 49 66 74 90 147 148 150 199 211 253 833 980 2603 2655 2866 2883 2949 3424 6423 6539 6609 8620 9086 9411 10337 10338 10343 10351 10400 10403 11142 11215 11561 11779 11783 11785 13234 21127 21132 21140 21148 21199 21284 21361 21408 21458
NODE_NUM = 50
FILE mem_ctrl_sub_218.aig

# Subcircuit 219
SUB_ID 219
LO (19):  10361 10377 10391 10395 10400 11165 11229 11443 11459 11465 11503 13237 13239 13306 13315 13572 13574 13586 13593
LI (52):  52 54 56 315 787 836 842 985 1083 1094 2614 2635 2639 2683 2816 2822 2883 2948 2949 3641 5940 6369 6390 6427 6611 9073 9084 9088 9129 9277 10326 10388 10399 10409 11151 11157 11163 11167 11218 11220 11222 11225 11228 11440 11446 11457 11462 13236 13313 13573 13584 13591
NODE_NUM = 50
FILE mem_ctrl_sub_219.aig

# Subcircuit 220
SUB_ID 220
LO (21):  10399 10403 10409 10410 10415 10420 10422 10430 10446 10447 11446 11448 11534 12356 13206 13334 13588 13591 17258 17273 38454
LI (41):  36 41 48 66 70 94 98 103 253 315 842 987 2602 2628 2634 2637 2648 2650 2655 2670 2759 2821 6292 6313 6427 7681 9116 10401 10402 10413 10421 10424 10425 11447 12353 13203 13205 13333 17254 17256 17269
NODE_NUM = 49
FILE mem_ctrl_sub_220.aig

# Subcircuit 221
SUB_ID 221
LO (21):  10454 10457 10459 10460 10461 10610 10621 10716 10717 10747 10748 10749 10755 10888 11067 11068 13411 13423 17251 17280 38514
LI (43):  40 42 43 45 76 102 115 116 229 253 1083 1094 3247 3250 3518 6414 6418 6426 6539 7609 7619 7700 8620 10325 10446 10447 10453 10609 10754 10815 10821 10855 10868 10869 10875 10880 10887 17249 38450 38451 38454 38511 38513
NODE_NUM = 50
FILE mem_ctrl_sub_221.aig

# Subcircuit 222
SUB_ID 222
LO (7):  10481 10855 10868 11066 11383 11385 11934
LI (37):  40 88 167 3363 6324 10594 10700 10781 10823 10828 10831 10832 10846 10849 10853 10856 10857 10867 10910 10911 10912 10937 10951 10967 10970 10974 10977 10994 10997 11001 11004 11011 11060 11065 11311 11374 11382
NODE_NUM = 50
FILE mem_ctrl_sub_222.aig

# Subcircuit 223
SUB_ID 223
LO (11):  10500 10501 10510 10512 10518 10528 10542 10545 11141 13442 13508
LI (42):  45 102 229 1094 2883 2911 6539 7611 7643 7678 7685 7688 7731 10464 10511 10516 10522 10525 10527 10899 11090 11093 11094 11102 11107 11119 11129 11134 11140 13392 13394 13396 13404 13408 13421 13431 13436 13441 13490 13492 13499 13507
NODE_NUM = 50
FILE mem_ctrl_sub_223.aig

# Subcircuit 224
SUB_ID 224
LO (27):  10511 10525 10553 10557 10564 10572 10576 10589 10592 10645 10650 10652 10669 10675 10688 10893 11100 13366 13388 13496 13628 13634 13635 13767 13772 13781 15048
LI (32):  40 43 45 48 73 100 102 111 114 117 229 481 950 2688 2816 7611 7685 10464 10522 10551 10561 10563 10567 10570 10571 10573 10581 10582 10646 10649 10668 10674
NODE_NUM = 50
FILE mem_ctrl_sub_224.aig

# Subcircuit 225
SUB_ID 225
LO (25):  10561 10563 10570 10571 10582 10604 10625 10641 10649 10658 10659 11271 11272 11273 11284 11285 11303 11308 11340 11347 11418 11671 11688 15886 42489
LI (41):  39 40 43 53 73 100 101 114 130 229 251 253 902 960 2688 3248 3250 3364 3433 6418 6426 6427 6439 6539 7700 8620 9043 9123 10455 10535 10560 10640 10646 10657 10662 11276 11277 11279 11290 11297 11299
NODE_NUM = 47
FILE mem_ctrl_sub_225.aig

# Subcircuit 226
SUB_ID 226
LO (17):  10662 10677 10681 10697 10728 10730 10768 11297 11313 11323 11330 11333 11337 11363 11374 11400 11403
LI (34):  39 40 76 101 115 116 229 2883 3398 6407 7700 7731 8262 10655 10656 10678 10722 10766 10781 10839 10987 11271 11272 11294 11295 11299 11312 11322 11336 11343 11352 11359 11361 11371
NODE_NUM = 48
FILE mem_ctrl_sub_226.aig

# Subcircuit 227
SUB_ID 227
LO (14):  10674 10694 10898 10904 10910 11060 11295 11311 11312 11336 13404 13499 13633 13684
LI (37):  40 43 44 53 101 114 115 117 229 3363 6414 8620 10580 10656 10672 10897 10903 10907 11011 11015 11023 11026 11030 11033 11037 11045 11049 11053 11056 11277 11303 11304 11308 13401 13496 13627 13628
NODE_NUM = 50
FILE mem_ctrl_sub_227.aig

# Subcircuit 228
SUB_ID 228
LO (24):  10711 10821 10823 10856 10911 11015 11533 11543 11545 38608 38611 38694 38701 38703 38779 38794 38795 38798 38803 38865 38866 39287 39355 39458
LI (26):  40 200 208 233 300 1157 3363 3378 10700 10704 10709 10784 10785 10789 10805 10808 10812 10815 10820 10822 11542 38604 38605 38607 38691 38699
NODE_NUM = 46
FILE mem_ctrl_sub_228.aig

# Subcircuit 229
SUB_ID 229
LO (19):  10709 10738 10789 10798 10799 10805 10832 10846 10849 10853 10857 10867 10869 10875 10880 10912 10930 10932 11019
LI (24):  39 40 73 76 88 200 233 300 6407 7731 10734 10736 10741 10757 10758 10776 10787 10796 10798 10804 10820 10831 10839 10929
NODE_NUM = 44
FILE mem_ctrl_sub_229.aig

# Subcircuit 230
SUB_ID 230
LO (15):  10736 10754 10765 10766 10907 10929 10933 10937 10949 10951 10953 10964 10967 10970 13786
LI (29):  39 40 44 73 76 88 114 117 200 233 3363 3364 3398 6420 7731 8262 10655 10701 10751 10764 10781 10895 10923 10924 10930 10932 10941 10943 10956
NODE_NUM = 44
FILE mem_ctrl_sub_230.aig

# Subcircuit 231
SUB_ID 231
LO (26):  10781 11004 11033 11056 11382 11414 13222 13224 13225 35571 35646 35980 38604 38613 38616 38630 38631 38634 38658 39020 39021 39192 39631 40138 40261 42549
LI (33):  76 208 209 213 220 300 7731 8620 10975 10988 11003 11032 11055 11381 11383 11391 11395 11400 11403 11409 11413 13221 35569 35644 35970 35977 38595 38602 38612 38619 38621 38625 38633
NODE_NUM = 50
FILE mem_ctrl_sub_231.aig

# Subcircuit 232
SUB_ID 232
LO (41):  10785 10787 10796 10818 10819 10820 10884 11007 11008 11011 11062 11270 11606 38581 38583 38590 38591 38592 38669 38675 38832 38881 38892 38953 38958 38959 38975 39178 39228 39438 40011 40041 40047 40257 40259 40291 40293 40304 40410 41010 42762
LI (10):  73 201 212 213 215 220 233 10701 10704 10826
NODE_NUM = 47
FILE mem_ctrl_sub_232.aig

# Subcircuit 233
SUB_ID 233
LO (23):  10826 10828 10839 10988 10994 10997 11001 11003 11045 11049 11053 11055 11341 11343 11346 11348 11371 11377 11380 11388 11392 11394 11408
LI (19):  39 40 73 76 88 167 300 3363 3433 6407 7606 7731 10827 10929 10933 10949 10964 10987 11340
NODE_NUM = 45
FILE mem_ctrl_sub_233.aig

# Subcircuit 234
SUB_ID 234
LO (12):  10831 10887 10897 10903 10923 10924 10941 10943 13396 13627 13701 13745
LI (37):  40 44 114 115 116 229 300 2883 3363 6407 6418 8620 10652 10657 10669 10716 10723 10724 10741 10830 10884 10893 10895 10896 10899 10920 13395 13624 13639 13684 13689 13700 13718 13733 13739 13743 13744
NODE_NUM = 43
FILE mem_ctrl_sub_234.aig

# Subcircuit 235
SUB_ID 235
LO (35):  10972 10974 10975 10977 10987 11037 11604 11605 11608 11609 11615 38696 38697 38698 38699 38706 38708 38713 38720 38769 38770 38780 38802 39023 39100 39115 39133 39156 39277 41222 42559 42805 43203 43578 43645
LI (17):  40 73 200 201 233 300 315 1155 10701 10704 10822 11173 11535 11600 11607 38695 38704
NODE_NUM = 49
FILE mem_ctrl_sub_235.aig

# Subcircuit 236
SUB_ID 236
LO (15):  11023 11026 11030 11032 11065 11090 11093 11102 11104 11105 11107 11119 11129 11134 11140
LI (38):  39 40 73 76 88 288 2883 3363 3398 6407 7607 7613 7731 8620 10519 10522 10579 10600 10798 10933 10949 10964 11019 11062 11068 11069 11075 11078 11080 11086 11089 11091 11100 11111 11115 11118 11126 11138
NODE_NUM = 50
FILE mem_ctrl_sub_236.aig

# Subcircuit 237
SUB_ID 237
LO (12):  11111 11126 11138 11151 11157 11162 11163 11225 11440 11518 13540 44883
LI (51):  25 40 45 62 73 76 83 84 90 102 103 105 112 2683 2826 6407 7672 7700 7731 9067 9079 9081 10326 10337 10457 10459 10463 10600 11067 11073 11121 11136 11146 11150 11222 11223 11439 11515 13333 13460 13463 13466 13480 13487 13508 13519 13525 13527 13529 13534 13539
NODE_NUM = 50
FILE mem_ctrl_sub_237.aig

# Subcircuit 238
SUB_ID 238
LO (25):  11167 11169 11176 11199 11202 11205 11212 11215 11218 11220 11222 11266 11267 11269 11554 11563 11568 11600 11603 13198 13205 13211 13212 13215 13229
LI (48):  52 68 70 82 83 85 99 104 105 315 830 1094 2602 2603 2605 2612 2622 2625 2627 2653 2683 2685 2738 2740 2748 2749 2762 6480 6623 7619 7711 9067 9080 9194 10325 10407 11185 11195 11211 11263 11535 11550 11599 11601 13190 13192 13197 13210
NODE_NUM = 50
FILE mem_ctrl_sub_238.aig

# Subcircuit 239
SUB_ID 239
LO (22):  11228 11237 11239 11246 11487 13274 13283 13305 14160 34746 34752 34777 34792 34794 34795 34802 34807 34808 34835 34839 34840 34844
LI (39):  25 40 58 60 71 93 94 95 333 469 948 2646 2670 2686 2840 2844 2884 3425 6324 6342 6460 7621 7626 9058 9088 10324 10325 10560 11236 13271 13280 13300 34784 34789 34790 34798 34800 34834 34841
NODE_NUM = 49
FILE mem_ctrl_sub_239.aig

# Subcircuit 240
SUB_ID 240
LO (24):  11263 11276 11294 11322 11352 11359 11381 11391 11395 11409 11413 11419 11424 11429 11439 11447 11457 11462 11528 11535 13197 13231 13550 44712
LI (56):  40 46 53 61 76 86 88 107 288 980 2617 2625 2632 2644 2667 2681 2686 3395 3398 6325 6407 6539 8620 9071 9466 10326 10669 10716 10723 10826 10988 11270 11273 11337 11341 11346 11347 11348 11377 11380 11385 11388 11392 11394 11408 11411 11418 11422 11461 11524 11526 11534 13230 13545 13548 44711
NODE_NUM = 50
FILE mem_ctrl_sub_240.aig

# Subcircuit 241
SUB_ID 241
LO (19):  11461 11473 11480 11490 11509 11515 11524 11526 11542 11561 11630 11636 11638 13581 16283 16710 16728 16735 16769
LI (46):  40 57 58 60 139 233 300 842 925 1000 2603 2776 3247 3363 3423 3425 3437 3593 6315 6369 6475 6625 7664 9088 9196 9242 10072 10333 11467 11475 11477 11519 11521 11556 11560 11627 11634 13580 16282 16716 16723 16727 16729 16730 16731 16768
NODE_NUM = 50
FILE mem_ctrl_sub_241.aig

# Subcircuit 242
SUB_ID 242
LO (11):  11560 11571 11579 11587 11593 11627 11634 16789 33406 33475 33691
LI (42):  40 72 140 195 197 199 233 288 300 315 590 3250 6390 6625 7661 7672 9190 11559 11580 11586 11589 15920 16340 16710 16726 16767 16769 16771 16779 16784 16785 33358 33360 33368 33372 33405 33443 33451 33456 33465 33470 33471
NODE_NUM = 49
FILE mem_ctrl_sub_242.aig

# Subcircuit 243
SUB_ID 243
LO (13):  11580 11586 11589 13330 13351 14025 25755 38430 45340 45414 45434 45454 45474
LI (41):  40 179 211 590 594 833 3642 6369 6390 6610 6618 6620 6621 8620 10439 11584 13325 25472 25751 38419 38427 45322 45327 45329 45339 45399 45402 45403 45413 45419 45422 45423 45433 45439 45442 45443 45453 45459 45462 45463 45473
NODE_NUM = 50
FILE mem_ctrl_sub_243.aig

# Subcircuit 244
SUB_ID 244
LO (16):  11596 11601 11607 13601 14634 14673 39155 39159 39164 39165 41279 42784 42968 42970 42980 44056
LI (36):  51 65 73 208 231 300 1092 1152 1155 2801 9080 9088 11606 13237 14633 38757 38770 38799 39154 39157 39163 39865 41195 41317 42567 42568 42577 42582 42710 42741 42750 42752 42759 42763 42778 42783
NODE_NUM = 41
FILE mem_ctrl_sub_244.aig

# Subcircuit 245
SUB_ID 245
LO (18):  11623 11626 11639 11646 11647 11651 11653 11669 11676 11700 11726 11731 11753 13289 13365 34870 34871 38427
LI (49):  40 76 95 97 199 211 233 300 315 333 480 1051 2673 2795 2883 2947 3379 3398 3565 6312 6423 6617 7619 7635 7645 9091 9132 9313 10324 10331 11620 11625 11648 11650 11660 11668 11673 11674 11697 11706 11718 11735 11736 11739 11742 11751 13287 13362 38426
NODE_NUM = 50
FILE mem_ctrl_sub_245.aig

# Subcircuit 246
SUB_ID 246
LO (17):  11706 11708 11710 11728 11739 11751 11765 11775 11783 11785 11801 11811 42519 42533 42534 42543 42545
LI (38):  58 138 199 211 233 253 300 1093 1094 2883 2949 2969 3216 6324 6358 6361 6367 6384 6423 8208 10481 11143 11686 11693 11701 11702 11707 11750 11757 11760 11762 11774 11781 11797 11807 42521 42523 42528
NODE_NUM = 50
FILE mem_ctrl_sub_246.aig

# Subcircuit 247
SUB_ID 247
LO (18):  11779 11832 14151 14633 14642 14654 14702 14703 14711 14712 14720 14721 14903 14940 15090 15097 15110 16004
LI (35):  25 52 73 87 98 145 300 315 2683 2688 2811 2813 2883 2944 6324 6508 9051 9060 10326 11719 11766 11775 11778 11823 11831 14138 14143 14148 14619 14630 14666 14708 14917 14923 14938
NODE_NUM = 50
FILE mem_ctrl_sub_247.aig

# Subcircuit 248
SUB_ID 248
LO (17):  11834 11857 11865 12019 12116 12117 12118 13860 13965 13969 13972 13988 14095 14103 14122 14127 15760
LI (36):  39 55 56 75 76 88 101 119 120 185 186 188 233 300 469 6324 7606 9141 9628 11851 11861 11975 12015 12018 12114 13842 13844 13859 13967 13968 14007 14010 14100 14105 14117 14124
NODE_NUM = 50
FILE mem_ctrl_sub_248.aig

# Subcircuit 249
SUB_ID 249
LO (20):  11861 11867 11882 11884 11886 11892 11897 11906 11912 11939 11941 11975 11980 11987 12005 12007 12015 12029 12253 12260
LI (39):  41 96 148 154 161 167 183 185 188 190 199 211 300 2625 9178 9383 9427 9432 9457 9469 9517 10481 11878 11880 11895 11910 11924 11926 11934 11935 11937 11977 11978 11981 11991 11999 12000 12249 12250
NODE_NUM = 50
FILE mem_ctrl_sub_249.aig

# Subcircuit 250
SUB_ID 250
LO (16):  11935 11946 11961 11967 11972 11977 11982 11985 11991 12000 12018 12023 12039 12268 15557 15607
LI (44):  40 154 161 176 183 199 211 233 300 6324 9409 9458 10481 10485 11895 11907 11931 11934 11945 11950 11953 11955 11956 11959 11969 11970 11981 11984 12035 12229 12240 12255 12263 15268 15271 15485 15498 15518 15535 15545 15550 15586 15596 15602
NODE_NUM = 50
FILE mem_ctrl_sub_250.aig

# Subcircuit 251
SUB_ID 251
LO (4):  11999 12063 12086 12108
LI (39):  39 180 183 190 300 2625 6358 6361 9190 9219 9242 9395 9408 9432 10485 11981 11993 11994 11998 12040 12041 12042 12049 12050 12052 12053 12056 12059 12062 12065 12068 12073 12079 12080 12082 12087 12092 12094 12104
NODE_NUM = 48
FILE mem_ctrl_sub_251.aig

# Subcircuit 252
SUB_ID 252
LO (21):  12049 12052 12059 12062 12065 12073 12082 12087 12094 12104 12112 12114 12133 12153 12173 12187 12188 12196 12207 12304 14058
LI (48):  39 40 41 76 154 157 161 167 180 190 233 480 2625 2867 6358 6361 6367 6384 9190 9206 9215 9246 9395 9730 9749 9780 9783 9813 10481 11934 12056 12058 12063 12086 12099 12102 12113 12116 12129 12132 12147 12149 12152 12161 12185 12195 12205 12302
NODE_NUM = 50
FILE mem_ctrl_sub_252.aig

# Subcircuit 253
SUB_ID 253
LO (11):  12195 12205 12214 12220 12226 13825 14599 16636 16651 45362 45370
LI (39):  41 88 149 164 211 217 233 288 300 3363 3435 6324 6630 8620 9732 10325 12187 12204 14809 15954 16002 16564 16568 16573 16574 16580 16588 16601 16604 16607 16611 16613 16615 16625 16628 16633 38552 42508 45367
NODE_NUM = 48
FILE mem_ctrl_sub_253.aig

# Subcircuit 254
SUB_ID 254
LO (19):  12230 12234 12240 12249 12250 12255 12263 12274 12282 12291 12296 12302 12317 12333 12347 12349 13243 13565 15016
LI (55):  39 41 76 89 111 157 167 180 183 185 190 2651 2867 3247 3378 6324 6370 6423 7673 9213 9733 9734 9739 9750 9751 9753 9760 10485 10551 10554 11188 11981 12116 12126 12155 12183 12187 12188 12196 12204 12238 12244 12245 12253 12260 12262 12273 12281 12290 12295 12332 12346 13555 13561 13563
NODE_NUM = 50
FILE mem_ctrl_sub_254.aig

# Subcircuit 255
SUB_ID 255
LO (15):  12360 12371 12560 12562 17265 45976 46001 46005 46009 47220 47236 47455 47473 47826 49450
LI (31):  99 124 365 366 412 448 589 591 592 593 825 951 1093 3249 7626 9030 12351 44870 47219 47223 47229 47234 47426 47429 47433 47437 47454 47459 47462 47466 47470
NODE_NUM = 50
FILE mem_ctrl_sub_255.aig

# Subcircuit 256
SUB_ID 256
LO (10):  12375 12408 12412 12415 12416 12421 12422 12503 12524 12528
LI (25):  358 430 436 437 445 462 1197 1199 3364 7577 7602 7851 8671 8768 12339 12341 12389 12393 12406 12410 12474 12502 12507 12511 12515
NODE_NUM = 46
FILE mem_ctrl_sub_256.aig

# Subcircuit 257
SUB_ID 257
LO (7):  12426 12511 12515 12688 12789 13176 48472
LI (24):  352 427 428 429 431 446 449 589 1200 8747 8759 12341 12385 12424 12428 12429 12436 12466 12469 12687 12788 13175 48017 48469
NODE_NUM = 50
FILE mem_ctrl_sub_257.aig

# Subcircuit 258
SUB_ID 258
LO (6):  12474 12475 12489 12491 12507 12858
LI (22):  355 356 357 358 462 592 1199 7577 7602 7775 7851 7877 8857 12341 12385 12488 12545 12790 12818 12821 12825 12829
NODE_NUM = 49
FILE mem_ctrl_sub_258.aig

# Subcircuit 259
SUB_ID 259
LO (7):  12488 12502 12531 12535 12538 12539 12818
LI (21):  355 356 357 453 456 459 1197 7790 12341 12385 12489 12491 12499 12503 12524 12529 12532 12795 12796 12799 12806
NODE_NUM = 50
FILE mem_ctrl_sub_259.aig

# Subcircuit 260
SUB_ID 260
LO (11):  12529 12532 12543 12549 12555 12621 12625 12628 12629 47733 47810
LI (33):  334 357 392 393 394 412 591 592 593 7877 9030 12363 12385 12528 12531 12535 12538 12539 12542 12547 12602 12607 12611 47705 47706 47712 47716 47732 47782 47783 47789 47793 47809
NODE_NUM = 50
FILE mem_ctrl_sub_260.aig

# Subcircuit 261
SUB_ID 261
LO (25):  12573 12576 12591 12602 12607 12611 12640 12691 12704 12710 12711 12719 12720 12721 12724 12725 12732 12824 12860 12892 12895 12912 13009 13059 13063
LI (38):  334 436 444 445 593 1198 1200 7711 7727 7731 7995 8070 8502 8535 8671 8768 8899 12340 12341 12342 12343 12385 12387 12391 12421 12547 12577 12599 12636 12639 12689 12690 12703 12705 12888 12891 13050 13057
NODE_NUM = 50
FILE mem_ctrl_sub_261.aig

# Subcircuit 262
SUB_ID 262
LO (3):  12745 12772 12776
LI (19):  427 428 429 430 431 436 437 446 1197 8696 12422 12711 12719 12720 12721 12727 12732 12747 12751
NODE_NUM = 47
FILE mem_ctrl_sub_262.aig

# Subcircuit 263
SUB_ID 263
LO (20):  12727 12747 12751 12788 12790 12795 12796 12799 12806 12821 12825 12829 12870 12874 12877 12878 12885 12888 12891 12958
LI (38):  352 356 368 429 437 449 456 1199 1200 7602 7775 7947 7950 7953 8502 8747 8759 8857 8899 12475 12634 12703 12710 12724 12725 12745 12772 12776 12778 12782 12787 12824 12859 12860 12865 12941 12953 12954
NODE_NUM = 50
FILE mem_ctrl_sub_263.aig

# Subcircuit 264
SUB_ID 264
LO (7):  12962 13001 13039 13045 13050 13055 13180
LI (31):  76 81 123 334 392 393 394 591 592 1200 8070 8502 8535 8603 8620 12338 12342 12421 12547 12912 12940 12958 12961 12969 12972 12976 12992 12993 12998 13003 13009
NODE_NUM = 50
FILE mem_ctrl_sub_264.aig

# Subcircuit 265
SUB_ID 265
LO (4):  13057 13128 13132 13173
LI (27):  355 357 358 462 589 592 1200 7577 7851 7877 8862 8866 12341 12545 13048 13053 13055 13067 13071 13074 13077 13078 13081 13090 13127 13129 13130
NODE_NUM = 49
FILE mem_ctrl_sub_265.aig

# Subcircuit 266
SUB_ID 266
LO (5):  13175 13186 13192 13203 13209
LI (24):  69 81 82 85 218 427 428 429 431 446 449 1200 2606 2618 2620 8747 8759 9274 12341 13048 13132 13173 13201 13207
NODE_NUM = 50
FILE mem_ctrl_sub_266.aig

# Subcircuit 267
SUB_ID 267
LO (38):  13210 13216 13220 13221 35958 36020 38664 38666 38680 38681 38685 38810 39043 39206 39510 39511 39796 39852 39853 39862 39863 39902 40009 40068 40091 40244 40339 40358 40686 40688 40691 40779 40851 40890 41840 42308 42552 42794
LI (20):  84 212 213 215 220 300 315 1154 2605 8620 10326 11008 13209 13212 13215 35956 38677 38679 39851 39860
NODE_NUM = 50
FILE mem_ctrl_sub_267.aig

# Subcircuit 268
SUB_ID 268
LO (17):  13230 13234 39267 39307 39843 39865 40132 40657 40658 42202 45318 45322 45327 45343 45344 45347 45349
LI (36):  210 214 231 244 944 1152 1153 6491 7659 7663 8620 11266 11556 11559 13229 39236 39266 39301 39798 39835 39842 39847 39858 39864 39906 39931 39933 39985 40128 40131 40655 45317 45320 45326 45341 45345
NODE_NUM = 50
FILE mem_ctrl_sub_268.aig

# Subcircuit 269
SUB_ID 269
LO (25):  13236 13241 13247 13251 13256 13262 13264 13267 13271 13280 13294 13300 13325 13332 13333 13340 13344 13353 13356 13362 13371 13392 13421 13545 45514
LI (63):  25 40 91 93 97 110 315 333 842 1051 1094 2603 2669 2671 2676 2688 2766 2795 2944 3249 3250 3425 3642 6407 6511 6621 7619 7659 7663 7680 8262 9073 9088 9736 10228 10322 10325 10329 10465 10470 10608 11191 11579 11587 11618 11620 11640 12185 13211 13252 13287 13290 13292 13343 13351 13366 13369 13374 13385 13386 13391 13414 13420
NODE_NUM = 50
FILE mem_ctrl_sub_269.aig

# Subcircuit 270
SUB_ID 270
LO (18):  13369 13374 13385 13386 13391 13394 13395 13401 13408 13414 13420 13431 13436 13441 13445 13452 13454 13482
LI (49):  25 39 40 73 76 88 100 130 153 233 300 2883 3363 3398 3433 6407 6415 7605 7606 7731 8262 8620 9123 10232 10460 10482 10535 10589 10605 10608 10638 11068 11104 13366 13371 13382 13388 13393 13411 13413 13423 13424 13427 13451 13460 13461 13463 13466 13481
NODE_NUM = 50
FILE mem_ctrl_sub_270.aig

# Subcircuit 271
SUB_ID 271
LO (22):  13463 13480 13481 13487 13490 13507 13519 13525 13527 13534 13539 13542 13548 13555 13561 13563 13569 13576 13580 13584 13595 13602
LI (51):  39 40 48 73 76 83 88 110 118 233 300 315 842 1000 2682 2883 3363 3364 3398 6324 6422 6423 7607 7627 7731 8620 10228 10326 10463 10485 10520 10601 10638 11105 11121 11203 13197 13245 13470 13474 13478 13482 13483 13488 13505 13537 13541 13547 13570 13574 13583
NODE_NUM = 50
FILE mem_ctrl_sub_271.aig

# Subcircuit 272
SUB_ID 272
LO (10):  13608 13616 13619 13624 13642 13672 13773 13780 44804 44807
LI (43):  39 40 76 88 112 114 125 315 469 955 2653 2742 3379 6407 6421 6427 7609 7700 9132 9313 10326 10536 10567 10717 10721 11267 12346 13411 13602 13613 13621 13623 13633 13634 13635 13639 13647 13657 13663 13667 13668 13772 44806
NODE_NUM = 50
FILE mem_ctrl_sub_272.aig

# Subcircuit 273
SUB_ID 273
LO (10):  13657 13663 13667 13683 13689 13700 13706 13707 13714 13730
LI (35):  39 40 76 88 114 115 116 3363 3379 3398 3433 6407 6421 9132 10719 10749 10751 10762 10764 10953 11313 13423 13634 13635 13639 13656 13676 13678 13682 13692 13694 13702 13719 13725 13729
NODE_NUM = 43
FILE mem_ctrl_sub_273.aig

# Subcircuit 274
SUB_ID 274
LO (10):  13725 13729 13733 13739 13743 13748 13749 13756 13792 13808
LI (39):  39 40 73 76 88 101 116 117 2883 3363 3379 3398 9132 10650 10658 10747 10748 10765 10898 10904 10955 13639 13642 13702 13759 13765 13767 13769 13772 13773 13780 13781 13784 13786 13789 13793 13795 13801 13804
NODE_NUM = 50
FILE mem_ctrl_sub_274.aig

# Subcircuit 275
SUB_ID 275
LO (20):  13822 13833 13834 13838 13843 13844 13859 13866 13872 13882 13898 13903 13963 13967 13968 13978 13998 14007 14100 14117
LI (42):  39 55 56 63 75 101 144 151 152 166 169 174 186 233 300 3397 3450 6280 7606 7761 9141 9185 9386 9549 9673 9859 9882 11838 13820 13826 13829 13842 13870 13871 13881 13893 13894 13902 13958 14005 14099 14115
NODE_NUM = 47
FILE mem_ctrl_sub_275.aig

# Subcircuit 276
SUB_ID 276
LO (12):  13881 13920 14084 15453 16100 16165 16166 16168 16169 16182 16206 16207
LI (36):  40 152 169 174 186 191 233 300 3363 3435 9575 9754 13870 13905 13911 13914 14068 14080 14083 14892 15268 15421 16062 16069 16094 16099 16106 16131 16141 16147 16150 16159 16160 16161 16167 16181
NODE_NUM = 47
FILE mem_ctrl_sub_276.aig

# Subcircuit 277
SUB_ID 277
LO (12):  13883 13893 13902 13905 13911 13914 13953 14068 16660 16663 16767 16785
LI (44):  39 56 88 93 140 142 169 174 186 191 192 233 300 3450 6324 9191 9219 9480 9484 9490 9502 9882 9941 13861 13898 13903 13908 13909 13925 13927 13929 13936 13948 13951 14066 16659 16668 16696 16701 16705 16739 16740 16757 16784
NODE_NUM = 48
FILE mem_ctrl_sub_277.aig

# Subcircuit 278
SUB_ID 278
LO (17):  13927 13936 13948 13958 13975 13993 14021 14039 14045 14051 14053 14060 14062 14066 14080 14099 16722
LI (48):  40 144 152 158 166 169 174 179 191 233 300 3250 6324 6369 6384 6539 6621 7462 7606 9121 9178 9180 9191 9206 9210 9222 9255 9694 9730 9739 9749 9753 9760 9767 9780 9783 10075 13290 13835 13925 13939 13944 13957 13973 14037 14044 14058 14079
NODE_NUM = 50
FILE mem_ctrl_sub_278.aig

# Subcircuit 279
SUB_ID 279
LO (18):  14079 14083 14087 14111 14115 14130 14131 14137 14138 14143 14147 14148 14152 14170 14173 14178 14182 38366
LI (41):  40 47 76 88 93 101 110 129 174 186 191 229 300 2708 2908 2944 6312 6511 6553 6592 7515 7528 7541 7606 7659 7663 9121 9732 9751 9763 10317 10323 13839 14082 14110 14114 14132 14134 14167 38335 38351
NODE_NUM = 49
FILE mem_ctrl_sub_279.aig

# Subcircuit 280
SUB_ID 280
LO (13):  14186 14196 14216 14230 14251 14262 14304 14307 14490 14550 14556 14562 14568
LI (23):  39 40 88 101 121 300 6358 6361 6367 6384 7607 7658 7703 8217 8239 8247 14187 14190 14192 14195 14214 14219 14247
NODE_NUM = 50
FILE mem_ctrl_sub_280.aig

# Subcircuit 281
SUB_ID 281
LO (13):  14187 14190 14195 14210 14214 14219 14274 14318 14393 14470 14541 14571 15015
LI (44):  39 40 76 88 101 121 1092 2946 3250 3379 7614 7615 7618 7645 7668 7703 7707 7719 7731 8205 10509 12961 14189 14199 14205 14208 14213 14218 14247 14252 14262 14267 14272 14282 14300 14309 14315 14317 14540 14542 14566 14568 15008 15013
NODE_NUM = 50
FILE mem_ctrl_sub_281.aig

# Subcircuit 282
SUB_ID 282
LO (22):  14205 14208 14213 14218 14253 14257 14267 14272 14278 14282 14287 14300 14309 14315 14321 14324 14329 14336 14512 14577 14580 48938
LI (45):  40 76 88 121 123 300 819 830 2882 3364 3379 7607 7608 7618 7619 7656 7658 7685 7686 7711 7731 8205 8213 8217 8239 8247 8620 12961 14196 14210 14217 14245 14264 14286 14289 14292 14293 14296 14307 14308 14320 14335 14450 14576 48937
NODE_NUM = 45
FILE mem_ctrl_sub_282.aig

# Subcircuit 283
SUB_ID 283
LO (25):  14332 14333 14335 14349 14351 14357 14360 14365 14372 14381 14388 14391 14409 14421 14426 14450 14457 14461 14462 14463 14516 14523 17285 17286 44870
LI (31):  40 76 88 121 123 300 952 983 1092 1093 1094 2882 2946 3364 3379 6358 6384 7607 7610 8239 8247 8262 8418 8422 12961 14186 14192 14196 14324 14364 14419
NODE_NUM = 50
FILE mem_ctrl_sub_283.aig

# Subcircuit 284
SUB_ID 284
LO (17):  14342 14364 14398 14407 14411 14414 14419 14456 14468 14500 14504 14510 14525 14529 14540 14542 49421
LI (50):  39 40 73 98 101 121 830 951 1093 2864 2909 2911 3355 6358 6361 6367 6384 7610 7612 7627 7656 7707 7711 7731 8205 8217 8239 8247 9722 10510 14216 14230 14276 14333 14341 14349 14362 14381 14388 14395 14440 14444 14455 14457 14461 14462 14463 14467 14490 14524
NODE_NUM = 50
FILE mem_ctrl_sub_284.aig

# Subcircuit 285
SUB_ID 285
LO (25):  14566 14588 14589 14590 14620 14659 14683 14685 14689 14734 14735 14736 14738 14747 14761 14771 14790 14921 15224 15355 15414 15579 15965 16298 16578
LI (33):  39 40 52 143 145 147 162 181 2616 6324 6358 6367 6384 8239 8247 10313 14544 14547 14550 14553 14556 14562 14563 14619 14630 14635 14644 14650 14682 14733 14737 14744 14758
NODE_NUM = 49
FILE mem_ctrl_sub_285.aig

# Subcircuit 286
SUB_ID 286
LO (16):  14593 14602 14603 14604 14606 14611 14807 15007 15070 15084 15294 15471 15753 15768 15774 16248
LI (40):  88 122 126 127 131 133 135 136 137 147 162 3363 3435 8620 14589 14592 14610 14612 14615 14805 14891 14894 14899 15000 15001 15072 15078 15083 15287 15292 15469 15557 15607 15610 15698 15740 15752 15764 15769 15772
NODE_NUM = 49
FILE mem_ctrl_sub_286.aig

# Subcircuit 287
SUB_ID 287
LO (15):  14607 14610 15072 15610 15951 16025 16049 16055 16432 16506 16545 16550 16555 16604 16633
LI (30):  88 122 126 127 131 133 134 135 136 137 8620 14588 14589 14602 14603 14604 14734 16024 16046 16054 16327 16386 16387 16426 16427 16505 16541 16542 16549 16603
NODE_NUM = 50
FILE mem_ctrl_sub_287.aig

# Subcircuit 288
SUB_ID 288
LO (18):  14617 14630 14647 14840 14848 14863 14866 14917 15000 15177 15181 15231 15296 15317 15320 15327 15334 15338
LI (41):  40 59 143 145 146 147 157 175 181 182 194 225 2685 3248 6637 7680 9198 9543 14589 14592 14657 14659 14682 14736 14846 14856 14860 14906 14915 14940 14942 14945 14953 14983 14997 14999 15115 15176 15226 15228 15316
NODE_NUM = 49
FILE mem_ctrl_sub_288.aig

# Subcircuit 289
SUB_ID 289
LO (12):  14640 14668 15106 15119 15126 15134 15161 15172 15271 15282 15460 16289
LI (38):  39 40 146 153 175 194 198 233 2651 6324 9242 9543 14592 14639 14666 14726 14823 14826 15075 15089 15092 15099 15102 15113 15115 15125 15131 15139 15146 15160 15166 15167 15269 15281 15394 15405 15450 15459
NODE_NUM = 50
FILE mem_ctrl_sub_289.aig

# Subcircuit 290
SUB_ID 290
LO (19):  14682 14915 14938 14945 14997 15101 15153 15298 15310 15312 15321 15324 15329 15332 15353 15363 15367 15368 15370
LI (35):  52 143 145 146 147 153 162 175 181 194 198 6324 9543 14626 14636 14666 14681 14726 14925 14929 14930 14937 14985 14986 14993 14995 15100 15297 15309 15311 15320 15328 15346 15351 15362
NODE_NUM = 50
FILE mem_ctrl_sub_290.aig

# Subcircuit 291
SUB_ID 291
LO (17):  14708 14733 14743 14744 14793 14953 15092 15115 15125 15176 15481 15485 15498 15518 15535 15539 15652
LI (42):  143 147 153 154 158 162 167 173 179 182 190 194 233 6324 7680 9116 9560 9980 10002 14662 14663 14665 14683 14742 14744 14769 14790 14949 15090 15114 15121 15175 15477 15480 15486 15497 15510 15514 15522 15523 15533 15537
NODE_NUM = 50
FILE mem_ctrl_sub_291.aig

# Subcircuit 292
SUB_ID 292
LO (20):  14758 14769 14775 15075 15077 15078 15089 15128 15129 15131 15144 15146 15160 15175 15269 15279 15281 15284 15361 15379
LI (35):  39 101 146 147 153 162 173 175 194 198 233 300 6630 8239 9543 9560 14592 14644 14663 14665 14672 14742 14755 14767 14771 15076 15086 15090 15097 15153 15233 15241 15256 15268 15278
NODE_NUM = 50
FILE mem_ctrl_sub_292.aig

# Subcircuit 293
SUB_ID 293
LO (23):  14767 14779 14780 14783 14784 14808 14814 14816 14837 15198 15199 15200 15205 15233 15241 15256 15405 15418 15450 15586 15595 15703 15727
LI (44):  143 147 153 162 167 175 183 190 194 217 6324 6349 6630 6637 8247 9190 9560 14670 14676 14706 14713 14724 14728 14766 14805 15188 15197 15204 15222 15232 15236 15238 15255 15397 15403 15416 15424 15436 15449 15559 15561 15575 15585 15592
NODE_NUM = 50
FILE mem_ctrl_sub_293.aig

# Subcircuit 294
SUB_ID 294
LO (12):  14822 15449 15740 15923 15924 16099 16181 16250 16336 16342 16350 16363
LI (38):  52 174 175 181 183 184 190 233 300 3363 6324 11991 14821 15304 15440 15447 15459 15718 15721 15736 15922 15930 16096 16100 16177 16213 16232 16233 16240 16244 16249 16335 16337 16341 16346 16349 16354 16361
NODE_NUM = 48
FILE mem_ctrl_sub_294.aig

# Subcircuit 295
SUB_ID 295
LO (21):  14826 14878 15204 15249 15255 15430 15431 15432 15436 15447 15454 15457 15458 15561 15575 15714 15771 15918 15930 16339 16612
LI (30):  52 153 154 167 173 175 181 194 217 225 233 300 6324 6630 6637 9242 14589 14590 14804 14821 14876 15247 15248 15421 15429 15453 15564 15572 15709 15712
NODE_NUM = 48
FILE mem_ctrl_sub_295.aig

# Subcircuit 296
SUB_ID 296
LO (15):  14846 14850 14853 14856 14858 14860 14983 15210 15222 15278 15602 15752 15764 16133 16141
LI (41):  39 52 175 181 182 184 190 225 233 288 3363 6324 6637 9190 9242 14588 14620 14735 14753 14805 14852 14857 14859 14892 14963 14964 14969 14972 14977 14980 15188 15214 15220 15276 15590 15600 15745 15748 15763 16134 16140
NODE_NUM = 47
FILE mem_ctrl_sub_296.aig

# Subcircuit 297
SUB_ID 297
LO (21):  14852 14859 14876 14891 14894 14899 14923 14928 14929 14986 14999 15001 15285 15287 15339 15373 15467 15469 16251 16287 16311
LI (50):  39 40 52 88 143 147 180 233 3248 3435 6637 6761 7606 7660 14589 14619 14624 14629 14664 14682 14735 14736 14803 14804 14819 14821 14834 14869 14870 14878 14881 14887 14888 14890 14892 14895 14896 14906 14919 14921 15279 15284 15324 15333 15334 15338 16165 16286 16302 16310
NODE_NUM = 47
FILE mem_ctrl_sub_297.aig

# Subcircuit 298
SUB_ID 298
LO (13):  14930 14942 15304 15305 15309 15316 15351 15362 15698 16223 16225 16227 16243
LI (40):  153 154 158 161 162 167 173 175 179 190 194 233 3248 6324 11991 14590 14591 14661 14680 14903 15303 15350 15356 15361 15462 15617 15620 15624 15634 15636 15646 15648 15654 15676 15677 15682 15692 16221 16224 16226
NODE_NUM = 47
FILE mem_ctrl_sub_298.aig

# Subcircuit 299
SUB_ID 299
LO (18):  14949 14963 15192 15194 15217 15220 15248 15564 15600 15676 15922 15974 15981 15989 15992 16003 16131 16150
LI (42):  52 141 143 153 167 169 170 175 183 190 194 217 225 233 3250 6630 6637 8247 9190 12018 14592 14594 14618 14726 14809 14821 14959 14961 15665 15668 15673 15920 15969 15973 15978 15987 16002 16113 16116 16122 16130 16149
NODE_NUM = 49
FILE mem_ctrl_sub_299.aig

# Subcircuit 300
SUB_ID 300
LO (26):  14969 14972 14977 14980 14985 14993 14995 15008 15013 15019 15030 15041 15046 15049 15056 15076 15083 15086 15098 15099 15139 15333 15385 15480 15491 20864
LI (58):  40 72 82 84 91 146 153 157 160 163 173 179 182 190 198 233 300 2606 2762 3355 6369 6390 6480 6540 6630 7660 7731 8217 8620 9017 9242 9311 10002 10566 10638 13609 14279 14578 14594 14596 14616 14621 14636 14666 14675 14682 14735 14971 14992 15016 15029 15033 15035 15048 15081 15085 15097 15380
NODE_NUM = 50
FILE mem_ctrl_sub_300.aig

# Subcircuit 301
SUB_ID 301
LO (19):  15100 15102 15113 15121 15166 15167 15477 15486 15510 15514 15523 15533 15545 15585 15692 15712 15718 15745 15772
LI (36):  146 153 154 158 161 167 173 179 182 190 194 300 9242 10002 14592 14636 14683 14705 14723 15097 15101 15110 15112 15165 15503 15505 15529 15530 15539 15541 15578 15579 15581 15690 15715 15771
NODE_NUM = 50
FILE mem_ctrl_sub_301.aig

# Subcircuit 302
SUB_ID 302
LO (25):  15197 15226 15228 15232 15236 15247 15268 15276 15292 15297 15303 15311 15328 15537 15590 15592 15596 15646 15648 15654 16002 16282 16426 16460 16482
LI (50):  40 52 88 146 153 173 175 179 182 183 190 233 300 3250 3363 14588 14592 14635 14680 14702 14726 14809 14853 14903 15110 15177 15189 15196 15210 15224 15227 15231 15244 15263 15264 15291 15296 15324 15327 15589 15595 15640 15643 15652 16280 16384 16394 16422 16459 16481
NODE_NUM = 49
FILE mem_ctrl_sub_302.aig

# Subcircuit 303
SUB_ID 303
LO (17):  15346 15350 15356 15378 15380 15394 15397 15403 15416 15429 15440 15465 15665 15736 16147 16161 16177
LI (43):  52 153 173 174 175 179 182 184 190 198 9190 9242 12018 14589 14592 14628 14681 14683 14805 14811 14857 14858 15077 15085 15227 15281 15317 15355 15368 15370 15373 15377 15379 15414 15427 15438 15464 15643 15658 15730 15733 16143 16174
NODE_NUM = 50
FILE mem_ctrl_sub_303.aig

# Subcircuit 304
SUB_ID 304
LO (20):  15421 15424 15427 15459 15462 15464 15497 15505 15522 15529 15530 15541 15550 15559 15572 15578 15721 15730 16302 44816
LI (45):  39 40 154 161 167 175 179 181 182 183 190 217 233 6630 9190 10702 14589 14592 14628 14666 14681 14804 14853 14971 15098 15126 15129 15144 15189 15426 15458 15460 15481 15491 15521 15548 15549 15570 15719 15727 15753 16295 16300 44812 44815
NODE_NUM = 50
FILE mem_ctrl_sub_304.aig

# Subcircuit 305
SUB_ID 305
LO (18):  15581 15617 15620 15624 15634 15636 15640 15643 15658 15668 15673 15677 15682 15690 15709 15715 15719 15733
LI (39):  52 154 158 161 167 179 182 183 190 9980 10481 10485 11981 14588 14681 14682 14734 14735 14738 14805 14811 14823 14826 14858 15298 15312 15317 15329 15355 15367 15373 15432 15616 15629 15631 15632 15703 15706 15714
NODE_NUM = 50
FILE mem_ctrl_sub_305.aig

# Subcircuit 306
SUB_ID 306
LO (9):  15748 15763 15769 15778 15782 15819 15841 24350 42495
LI (42):  39 87 88 98 109 128 130 176 233 251 300 833 2631 2633 2704 2711 2806 2813 2817 2823 2827 2830 2838 2841 3364 6402 6427 7607 8620 9121 9132 10231 13990 14592 15579 15762 15768 15774 15786 15811 24060 24346
NODE_NUM = 50
FILE mem_ctrl_sub_306.aig

# Subcircuit 307
SUB_ID 307
LO (12):  15853 34760 34900 34927 34939 34947 34955 34987 34988 35052 35065 36269
LI (41):  55 56 58 75 202 203 204 3395 34745 34746 34757 34759 34773 34782 34808 34839 34899 34903 34904 34914 34920 34923 34938 34940 34941 34946 34948 34949 34954 34962 34971 34974 34980 34985 35014 35021 35034 35037 35040 35046 35049
NODE_NUM = 48
FILE mem_ctrl_sub_307.aig

# Subcircuit 308
SUB_ID 308
LO (11):  15861 15873 15912 15916 15973 16335 16541 16588 16611 16615 16739
LI (38):  52 56 101 132 149 170 171 172 217 233 300 3250 3423 6324 9242 9555 14734 14810 14812 14821 14850 15430 15903 15904 15909 15915 15971 16331 16334 16451 16519 16522 16529 16533 16537 16540 16610 16737
NODE_NUM = 47
FILE mem_ctrl_sub_308.aig

# Subcircuit 309
SUB_ID 309
LO (16):  15919 15931 15940 15942 15944 15954 15962 15969 15978 16016 16422 16459 16481 16512 16537 16577
LI (43):  39 101 141 170 171 172 186 217 225 233 300 3435 6630 6637 11142 14857 14888 14892 15249 15431 15579 15918 15930 15934 15937 15958 15968 15977 16337 16398 16402 16403 16405 16415 16418 16436 16442 16443 16452 16456 16478 16511 16532
NODE_NUM = 50
FILE mem_ctrl_sub_309.aig

# Subcircuit 310
SUB_ID 310
LO (23):  15958 15968 15971 15977 15982 15984 15987 16005 16009 16022 16028 16394 16415 16442 16456 16465 16478 16483 16568 16574 28604 29081 38209
LI (47):  40 141 163 170 171 185 186 217 225 233 300 833 8239 8247 8620 9242 9635 9637 10072 10822 10827 14711 14735 15114 15198 15903 15956 15965 15986 16004 16008 16021 16026 16027 16337 16390 16393 16414 16438 16455 16464 16565 28321 28600 28792 29077 38207
NODE_NUM = 50
FILE mem_ctrl_sub_310.aig

# Subcircuit 311
SUB_ID 311
LO (12):  16046 16054 16094 16113 16130 16159 16213 16221 16224 16317 16398 16405
LI (35):  40 52 150 152 165 169 217 233 300 6324 6630 8620 13290 13884 14589 14590 14592 14636 14664 14812 14826 15081 15192 15458 16075 16080 16093 16111 16128 16182 16202 16208 16217 16314 16395
NODE_NUM = 48
FILE mem_ctrl_sub_311.aig

# Subcircuit 312
SUB_ID 312
LO (12):  16069 16075 16080 16093 16096 16106 16111 16116 16122 16134 16140 16143
LI (41):  150 152 161 169 174 183 184 233 300 13884 14644 14663 14704 14705 14711 14712 14722 14727 14743 14853 14971 15128 15189 15196 15199 15200 15205 15224 15249 16056 16060 16062 16067 16068 16074 16085 16089 16091 16120 16133 16139
NODE_NUM = 49
FILE mem_ctrl_sub_312.aig

# Subcircuit 313
SUB_ID 313
LO (15):  16149 16160 16174 16202 16208 16217 16226 16232 16233 16240 16244 16249 16266 16280 16293
LI (49):  40 150 152 155 161 169 174 183 184 191 198 233 300 3250 5918 6761 8247 9242 13884 14589 14636 14674 14680 14735 14805 14811 14814 14821 14826 14858 14928 15305 15418 15454 16166 16194 16198 16200 16206 16207 16216 16223 16225 16227 16243 16248 16259 16264 16277
NODE_NUM = 49
FILE mem_ctrl_sub_313.aig

# Subcircuit 314
SUB_ID 314
LO (23):  16277 16286 16295 16300 16310 16314 16326 16327 16334 16337 16340 16341 16349 16358 16359 16361 16382 16383 16386 16390 16395 16549 32413
LI (44):  39 40 52 88 134 146 165 193 233 300 3363 7606 8247 8620 9623 14588 14612 14661 14734 15070 15217 15453 15579 15912 15918 15930 16023 16289 16293 16298 16306 16307 16323 16339 16342 16346 16350 16354 16356 16363 16367 16377 16385 16548
NODE_NUM = 50
FILE mem_ctrl_sub_314.aig

# Subcircuit 315
SUB_ID 315
LO (26):  16346 16354 16367 16384 16385 16387 16402 16403 16414 16418 16427 16436 16443 16452 16455 16470 16474 16500 16505 16511 16529 16532 16533 16542 33417 33420
LI (41):  39 40 52 101 171 172 186 187 195 217 300 3435 6630 8239 9242 10827 11142 14588 14734 14810 14850 14892 15198 15579 15753 15759 15974 15989 15992 16323 16340 16359 16364 16382 16383 16437 16451 16496 16515 16525 16531
NODE_NUM = 50
FILE mem_ctrl_sub_315.aig

# Subcircuit 316
SUB_ID 316
LO (18):  16492 16496 16515 16519 16531 16540 16548 16565 16573 16580 16601 16603 16607 16613 16625 16639 22289 33465
LI (49):  39 40 52 149 164 171 185 186 195 300 833 3363 3435 7606 9184 10072 10075 10357 10594 11142 11286 14062 14588 14734 14821 14888 14892 15061 15431 15579 15912 15918 15923 15962 15989 15992 16336 16437 16500 16512 16571 16572 16577 16578 16612 16624 22238 22285 33459
NODE_NUM = 50
FILE mem_ctrl_sub_316.aig

# Subcircuit 317
SUB_ID 317
LO (14):  16653 16659 16671 16672 16678 16679 16683 16684 16740 16751 33389 33405 33443 33471
LI (39):  56 88 93 101 142 149 192 193 197 233 300 3450 9209 9228 9233 9242 9245 9246 9882 10073 12149 13871 13894 13944 16656 16668 16673 16696 16701 16705 33377 33380 33395 33404 33418 33423 33425 33431 33470
NODE_NUM = 49
FILE mem_ctrl_sub_317.aig

# Subcircuit 318
SUB_ID 318
LO (16):  16673 16693 16703 16712 16716 16731 16737 16757 16771 33360 33380 33395 33418 33423 33425 33448
LI (39):  40 56 142 170 192 193 233 3363 6358 6367 6625 9190 9228 9242 9246 9255 9635 10072 10073 13292 13871 13944 16337 16660 16668 16671 16678 16679 16683 16684 16702 16708 16730 16751 16752 33390 33414 33417 33420
NODE_NUM = 50
FILE mem_ctrl_sub_318.aig

# Subcircuit 319
SUB_ID 319
LO (16):  16768 16779 17740 17741 17745 17746 17752 17753 17755 17756 17761 17762 17765 17767 19350 19374
LI (18):  40 141 609 610 626 779 1154 3424 6367 9636 10439 14062 15933 17602 17605 17717 17723 17733
NODE_NUM = 50
FILE mem_ctrl_sub_319.aig

# Subcircuit 320
SUB_ID 320
LO (24):  16792 16793 16922 16924 16925 16928 16930 16943 16945 16948 16972 16973 16979 16984 16985 16986 16987 16988 17006 17009 17215 36424 36429 36708
LI (30):  141 300 604 617 622 666 1092 3227 3625 6324 6345 6358 6384 16804 16830 16881 16899 16903 16912 16919 16920 16923 16938 16939 16942 16955 16964 16969 16977 16978
NODE_NUM = 50
FILE mem_ctrl_sub_320.aig

# Subcircuit 321
SUB_ID 321
LO (31):  16796 16798 16799 16804 16805 16807 16814 16815 16822 16824 16825 16826 16827 16828 16832 16837 16838 16846 16848 16849 16862 16863 16868 16870 16871 16872 17470 36164 37085 37104 37437
LI (16):  121 604 615 643 666 2904 6324 16791 16795 16797 16802 16803 16813 16820 16823 16830
NODE_NUM = 39
FILE mem_ctrl_sub_321.aig

# Subcircuit 322
SUB_ID 322
LO (16):  16881 16912 16969 17423 17511 17599 17600 17710 18268 18921 18961 19022 19038 19062 36418 36886
LI (36):  39 40 143 216 224 300 617 626 736 739 762 6358 6384 16800 16839 16843 16859 16880 16910 16968 17422 17510 17557 17590 17598 18753 18796 18815 18819 18822 18832 18893 18896 18906 18919 18960
NODE_NUM = 49
FILE mem_ctrl_sub_322.aig

# Subcircuit 323
SUB_ID 323
LO (5):  16802 16910 36915 36928 37931
LI (38):  39 40 223 224 610 615 617 626 779 3424 3625 6358 6384 16800 16908 36423 36731 36733 36736 36739 36769 36777 36821 36832 36833 36849 36883 36887 36889 36894 36902 36904 36908 36910 36918 36920 36924 36926
NODE_NUM = 48
FILE mem_ctrl_sub_323.aig

# Subcircuit 324
SUB_ID 324
LO (24):  16803 16908 17377 17379 17382 17396 17399 17589 17699 17700 36525 36868 36872 37164 37166 37168 37732 37734 37736 37843 37861 37944 37945 38006
LI (27):  141 216 224 225 300 615 617 643 663 681 762 16800 16906 17341 17362 17370 17376 17390 17395 17627 17640 37655 37827 37837 37934 37935 37943
NODE_NUM = 47
FILE mem_ctrl_sub_324.aig

# Subcircuit 325
SUB_ID 325
LO (37):  16813 16820 16890 16899 16900 16902 16903 16904 16906 16913 16916 16917 16918 16919 16920 16932 16933 16936 16938 16939 16952 16978 17073 17409 17459 17466 17611 24241 36036 36315 36425 36713 36891 37064 37399 37661 37930
LI (24):  121 604 615 617 643 681 1092 6324 6331 6342 14438 16791 16794 16804 16810 16817 16843 16845 16846 16847 16848 16882 16889 16898
NODE_NUM = 50
FILE mem_ctrl_sub_325.aig

# Subcircuit 326
SUB_ID 326
LO (17):  16810 17197 17236 17602 17717 17720 17721 17723 17733 17997 18004 18254 19570 19573 35087 35091 37181
LI (29):  40 141 216 224 300 626 739 762 1154 2904 3227 3250 3424 3625 16796 17093 17170 17195 17196 17220 17226 17233 17402 17407 17409 17416 17601 17709 17713
NODE_NUM = 50
FILE mem_ctrl_sub_326.aig

# Subcircuit 327
SUB_ID 327
LO (28):  16817 16830 16839 16845 16855 16856 16859 17429 17433 17434 17444 17445 17447 17449 17450 17451 17453 17454 17456 36098 36452 36507 36625 36631 36638 36821 36849 37039
LI (33):  223 300 617 662 681 682 6324 6331 6343 6358 6384 16799 16816 16829 16838 16842 16854 16858 16862 17424 17427 17432 17438 17440 17442 17446 36733 36789 36792 36795 36819 36839 36847
NODE_NUM = 49
FILE mem_ctrl_sub_327.aig

# Subcircuit 328
SUB_ID 328
LO (27):  16854 16865 16878 16880 16968 17424 17432 17438 17571 17581 17586 17588 17590 17627 17630 17640 17643 17645 17646 17672 18288 36199 36333 36632 37270 37278 37280
LI (28):  40 141 216 224 300 615 617 662 681 682 6358 6384 16846 16851 16863 16877 17142 17437 17559 17570 17580 17589 17625 17626 17628 17639 17641 17671
NODE_NUM = 48
FILE mem_ctrl_sub_328.aig

# Subcircuit 329
SUB_ID 329
LO (12):  16858 17673 17675 17679 17693 17695 17709 18286 18322 18327 24548 36626
LI (33):  39 40 142 216 224 300 609 626 779 6345 6358 6384 16828 16832 16856 17415 17646 17668 17669 17672 17688 17702 17708 18228 18284 18285 18292 18295 18299 18305 18312 18315 18321
NODE_NUM = 47
FILE mem_ctrl_sub_329.aig

# Subcircuit 330
SUB_ID 330
LO (29):  16869 16874 16875 16877 16992 16996 16997 17002 17030 17052 17053 17055 17056 17057 17062 17064 17083 17086 17107 17108 17115 17116 17117 17156 17213 36437 36458 36744 36754
LI (33):  216 224 617 6345 6358 6384 16791 16823 16825 16826 16842 16843 16868 16872 16876 16882 16985 16986 16991 17001 17014 17020 17025 17029 17040 17061 17070 17082 17094 17097 17106 17110 17113
NODE_NUM = 50
FILE mem_ctrl_sub_330.aig

# Subcircuit 331
SUB_ID 331
LO (13):  16889 16898 16941 16942 17094 17522 17553 17555 17557 18274 18275 18297 19535
LI (46):  39 40 121 141 142 216 224 300 604 622 707 762 825 830 1092 1093 1094 2882 3227 3625 6358 6384 7652 11192 16795 16807 16884 16886 16890 16894 16900 16979 16984 16991 17103 17513 17518 17526 17537 17540 17544 17550 18259 18263 18266 18270
NODE_NUM = 50
FILE mem_ctrl_sub_331.aig

# Subcircuit 332
SUB_ID 332
LO (29):  16955 16964 17027 17029 17079 17080 17082 17169 17170 17196 17488 17489 17497 17509 17510 17580 17610 17625 17636 17639 17668 18258 18260 18269 19037 19564 21151 36051 37100
LI (28):  40 141 142 216 224 300 750 3227 3625 16793 16799 16952 17073 17078 17128 17154 17168 17457 17485 17508 17579 17623 17635 17665 18232 18235 18249 18257
NODE_NUM = 50
FILE mem_ctrl_sub_332.aig

# Subcircuit 333
SUB_ID 333
LO (31):  16976 16977 16991 16999 17001 17018 17023 17025 17033 17041 17042 17043 17061 17070 17096 17097 17103 17104 17106 17110 17560 17561 17576 36045 36046 36086 37049 37075 37135 37373 37381
LI (26):  604 643 666 3227 3625 6345 6358 6384 16793 16843 16868 16890 16900 16933 16974 16988 17008 17009 17017 17020 17022 17032 17040 17060 17101 17109
NODE_NUM = 45
FILE mem_ctrl_sub_333.aig

# Subcircuit 334
SUB_ID 334
LO (19):  17004 17008 17040 17060 17195 17226 17422 17514 17518 17537 17540 17550 18795 18832 18839 18848 18931 18944 18951
LI (35):  40 143 300 604 681 736 744 3227 3625 6324 6345 6358 6384 16791 16792 16799 16902 17006 17038 17052 17053 17059 17180 17185 17190 17213 17223 17350 17420 17536 17549 18783 18792 18827 18829
NODE_NUM = 50
FILE mem_ctrl_sub_334.aig

# Subcircuit 335
SUB_ID 335
LO (21):  17017 17020 17022 17031 17032 17072 17076 17078 17109 17119 17125 17128 17168 17205 17211 17220 17233 17406 36478 36777 36832
LI (39):  141 216 300 617 681 2904 3227 3250 3465 3625 6358 6384 16793 16799 16843 16863 16868 16869 16902 16928 17015 17075 17108 17116 17117 17122 17156 17166 17203 17204 17209 17219 17232 36508 36582 36754 36772 36825 36831
NODE_NUM = 49
FILE mem_ctrl_sub_335.aig

# Subcircuit 336
SUB_ID 336
LO (13):  17038 33650 33656 33696 33700 33703 33706 34008 34023 34026 34027 34050 45798
LI (40):  39 40 300 604 610 622 635 786 3227 3625 6324 6345 6358 6384 16814 16869 17752 33581 33597 33627 33646 33647 33648 33655 33659 33665 33672 33673 33678 33694 33698 33701 33920 33954 34003 34007 34012 34015 34017 34018
NODE_NUM = 50
FILE mem_ctrl_sub_336.aig

# Subcircuit 337
SUB_ID 337
LO (16):  17049 17059 17460 17465 17475 17484 17485 18893 18906 18929 18936 18966 19045 36138 36202 37253
LI (41):  40 143 216 300 615 643 736 744 3227 3625 6345 6358 6384 16822 16843 16845 16849 16902 16952 17458 17459 17473 17483 18846 18850 18876 18892 18902 18905 18923 18928 21244 36023 36034 36057 36058 36064 36067 36117 36130 36136
NODE_NUM = 50
FILE mem_ctrl_sub_337.aig

# Subcircuit 338
SUB_ID 338
LO (18):  17074 17075 17593 17598 17685 17688 17705 17706 17708 18008 18009 18010 18011 18067 18082 20118 36132 38501
LI (24):  39 141 216 609 626 739 779 789 1154 2904 6406 16793 17073 17567 17596 17684 17994 17995 17996 17997 18004 18018 18022 18065
NODE_NUM = 49
FILE mem_ctrl_sub_338.aig

# Subcircuit 339
SUB_ID 339
LO (17):  17093 17101 17112 17113 17180 17190 17223 17665 17684 18876 18902 18968 18970 19002 36607 36720 36722
LI (33):  143 617 681 736 744 762 3227 3625 6345 6358 6384 16791 16799 16842 16843 16919 16922 16936 16939 16943 16945 16973 17091 17172 17175 17652 17660 18857 18864 18873 18962 18966 36709
NODE_NUM = 50
FILE mem_ctrl_sub_339.aig

# Subcircuit 340
SUB_ID 340
LO (12):  17122 17616 17623 17635 18962 19442 19443 36679 36683 36686 36689 36690
LI (39):  39 40 143 224 225 300 626 681 779 3227 3625 6342 6345 6358 6384 16842 16902 16977 17131 17614 17634 17780 17817 19441 36423 36582 36595 36612 36614 36621 36641 36647 36650 36655 36664 36672 36678 36682 36688
NODE_NUM = 48
FILE mem_ctrl_sub_340.aig

# Subcircuit 341
SUB_ID 341
LO (10):  17131 17154 17166 17626 18815 18819 18896 18957 18988 18994
LI (31):  40 143 216 224 300 681 736 744 6342 6358 6384 16828 16869 16974 17115 17132 17138 17143 17146 17149 18797 18804 18808 18809 18816 18929 18932 18942 18945 18952 18956
NODE_NUM = 50
FILE mem_ctrl_sub_341.aig

# Subcircuit 342
SUB_ID 342
LO (21):  17132 17138 17142 17143 17149 17628 17641 18829 33579 33580 33627 33672 33698 33701 33708 33711 33712 33790 34032 38660 38822
LI (37):  216 224 300 634 681 744 782 786 1156 6345 6358 6384 16824 16827 16828 16842 16869 16870 16974 17142 17752 17753 17765 17924 33539 33552 33554 33558 33563 33570 33576 33617 33623 33669 33700 33704 33706
NODE_NUM = 49
FILE mem_ctrl_sub_342.aig

# Subcircuit 343
SUB_ID 343
LO (7):  17146 36800 36819 36847 37319 37320 37531
LI (37):  216 224 300 609 617 626 643 662 681 779 6358 6384 16863 16869 16870 16974 17041 17045 17780 36810 36817 36845 37048 37308 37312 37316 37435 37455 37456 37461 37465 37472 37491 37508 37513 37518 37524
NODE_NUM = 50
FILE mem_ctrl_sub_343.aig

# Subcircuit 344
SUB_ID 344
LO (25):  17172 17175 17183 17185 17209 17482 17483 17651 17652 17660 17669 17671 18873 18923 18942 18977 19003 19044 21070 36605 36612 36647 36733 37252 37256
LI (35):  143 617 662 681 682 736 744 3227 6342 6345 6358 6360 6384 16793 16805 16829 16832 16842 16843 16869 16919 16920 16936 16943 17207 17481 17647 18871 18936 18941 18968 18972 36602 36611 36646
NODE_NUM = 50
FILE mem_ctrl_sub_344.aig

# Subcircuit 345
SUB_ID 345
LO (19):  17203 17204 17207 17219 17232 17249 17254 17256 17261 17269 17278 17294 17316 17317 17391 18816 37242 45367 45385
LI (48):  41 48 89 103 143 199 216 224 253 604 681 1092 1094 2654 2671 2837 2868 6342 6358 6384 6426 7619 7672 7713 9059 9060 9313 9466 11166 11459 12347 16814 16815 16832 16843 16871 17055 17073 17213 17215 17243 17293 17315 45363 45364 45371 45376 45378
NODE_NUM = 48
FILE mem_ctrl_sub_345.aig

# Subcircuit 346
SUB_ID 346
LO (24):  17315 17321 17322 17323 17325 17326 17327 17330 17331 17333 17343 17349 17354 17358 17367 17368 17373 17393 17394 33825 33833 33915 33920 38432
LI (22):  33 199 211 300 604 622 666 681 825 1094 2882 3518 7711 17009 17266 17279 17288 17299 17307 17317 17319 17329
NODE_NUM = 42
FILE mem_ctrl_sub_346.aig

# Subcircuit 347
SUB_ID 347
LO (27):  17299 17307 17319 17334 17335 17337 17338 17340 17341 17383 17388 17389 17390 17420 17513 18249 18285 18767 18774 18788 19017 19553 19571 19572 33582 33585 38450
LI (34):  33 39 40 141 142 143 199 211 300 604 622 681 825 6616 17009 17263 17264 17289 17297 17298 17306 17327 17331 17333 17359 17362 17387 18241 18245 38432 38433 38438 38440 38449
NODE_NUM = 50
FILE mem_ctrl_sub_347.aig

# Subcircuit 348
SUB_ID 348
LO (15):  17329 17346 17355 17362 17376 17395 18290 18292 18772 18780 18783 19018 24544 33826 35920
LI (26):  39 40 142 143 199 211 300 681 744 17293 17343 17344 17350 17354 17359 17370 17375 17391 17393 17394 18288 18754 18757 18760 18767 18774
NODE_NUM = 49
FILE mem_ctrl_sub_348.aig

# Subcircuit 349
SUB_ID 349
LO (9):  17350 17357 21127 35923 35932 36023 36130 36249 36412
LI (30):  39 147 199 211 216 217 222 300 10357 17291 17349 21079 21115 21124 35809 35813 35917 35920 35925 35931 36053 36128 36143 36146 36233 36242 36308 36311 36396 36405
NODE_NUM = 49
FILE mem_ctrl_sub_349.aig

# Subcircuit 350
SUB_ID 350
LO (17):  17359 20473 20477 20483 20484 21124 35507 36128 36242 36405 37729 37748 37756 37760 37764 37765 37769
LI (30):  39 40 147 216 217 222 225 300 610 619 628 782 786 17357 17358 17752 20387 20475 21079 36053 36143 36308 37623 37724 37727 37738 37746 37750 37755 37759
NODE_NUM = 50
FILE mem_ctrl_sub_350.aig

# Subcircuit 351
SUB_ID 351
LO (14):  17370 17374 17375 17386 17387 18754 33592 33594 33597 33850 33854 33855 33930 33936
LI (32):  39 40 143 199 211 300 604 622 626 634 779 17290 17291 17321 17322 17349 17368 17373 33581 33582 33584 33585 33824 33826 33828 33829 33838 33847 33853 33914 33917 33922
NODE_NUM = 49
FILE mem_ctrl_sub_351.aig

# Subcircuit 352
SUB_ID 352
LO (24):  17402 17407 17426 17427 21148 21150 21167 21171 21176 21177 21192 21195 21199 21284 21427 21798 22178 22181 22191 22213 36028 36030 36031 36052
LI (33):  39 40 148 643 727 762 771 833 948 2904 6324 6343 16822 16841 17382 17399 17406 17422 17593 21143 21147 21166 21170 21173 21191 21194 21233 21236 21283 21421 21424 22177 36027
NODE_NUM = 50
FILE mem_ctrl_sub_352.aig

# Subcircuit 353
SUB_ID 353
LO (7):  17440 17442 36117 36233 37724 37979 37991
LI (38):  40 216 217 224 300 681 6358 6384 16842 16849 17441 17468 36077 36097 36100 36103 36105 36116 36160 36170 36172 36174 36176 36212 36222 36224 37628 37629 37630 37646 37651 37695 37713 37714 37717 37976 37977 37990
NODE_NUM = 49
FILE mem_ctrl_sub_353.aig

# Subcircuit 354
SUB_ID 354
LO (25):  17457 18169 18170 18171 18172 19470 19471 19473 20382 20383 20385 20387 20398 20399 20402 20404 36420 36421 36422 36545 36549 36552 36697 36701 36989
LI (21):  40 223 224 300 610 629 786 793 1156 1157 17456 17508 17752 18130 19035 20381 20386 20397 36413 36418 36538
NODE_NUM = 45
FILE mem_ctrl_sub_354.aig

# Subcircuit 355
SUB_ID 355
LO (11):  17458 17468 17473 17481 36174 36212 36222 36396 36602 37071 37188
LI (46):  40 224 662 682 948 3227 6344 6358 6384 16842 16900 16918 16936 17441 17445 17465 17466 17467 17470 17480 36186 36193 36197 36211 36213 36218 36221 36348 36349 36354 36358 36363 36375 36393 36601 37048 37049 37062 37066 37067 37097 37102 37146 37161 37178 37186
NODE_NUM = 50
FILE mem_ctrl_sub_355.aig

# Subcircuit 356
SUB_ID 356
LO (17):  17526 17536 17549 18808 18809 19033 19034 19055 19066 21076 21187 21188 33623 36167 36206 36365 37640
LI (36):  40 143 216 224 300 626 681 736 744 948 3625 6345 6358 6384 15061 16822 17014 17031 17205 17434 17533 18753 18983 18989 18998 19008 19011 19025 19031 19039 19042 19050 19052 33622 36163 36164
NODE_NUM = 48
FILE mem_ctrl_sub_356.aig

# Subcircuit 357
SUB_ID 357
LO (30):  17544 17559 17777 17778 17780 17783 17784 17787 17794 17800 17804 18228 18266 18284 18312 18321 18332 18335 18336 18343 19528 19565 19566 19568 19582 34194 34596 35468 35469 35474
LI (29):  39 40 142 144 610 619 626 661 688 750 779 786 1154 1156 3227 3424 17014 17377 17395 17721 17745 17752 18277 18280 18331 19561 19563 19564 19578
NODE_NUM = 49
FILE mem_ctrl_sub_357.aig

# Subcircuit 358
SUB_ID 358
LO (15):  17567 17570 17579 18753 18850 18883 18892 18905 18919 18956 18958 18960 19050 19073 38485
LI (35):  40 143 216 224 626 736 744 779 1154 3227 3250 3424 3625 6345 6358 6384 16796 16798 17072 17119 17409 17560 17561 17569 17576 18848 18878 18881 18882 18917 18957 19047 19061 19062 19070
NODE_NUM = 50
FILE mem_ctrl_sub_358.aig

# Subcircuit 359
SUB_ID 359
LO (18):  17595 17596 18012 18013 18014 18022 18027 18030 18037 18040 18048 18052 18055 18064 20392 20393 20395 43454
LI (18):  620 627 762 782 786 790 1155 1156 1159 1160 6406 17072 17997 18020 18025 18028 18035 18038
NODE_NUM = 50
FILE mem_ctrl_sub_359.aig

# Subcircuit 360
SUB_ID 360
LO (27):  17601 17605 17614 17634 17647 17702 17711 17712 17713 18028 18299 18567 18570 18571 18972 19035 19056 19061 19070 19080 19082 19093 19302 19303 19306 19310 19368
LI (37):  39 40 143 609 610 626 736 779 782 786 1154 1156 2904 3424 3625 6342 6358 6384 6402 16842 16922 16999 17599 17600 17611 17699 17700 17710 18297 18562 18565 18961 18970 19034 19055 19066 19077
NODE_NUM = 50
FILE mem_ctrl_sub_360.aig

# Subcircuit 361
SUB_ID 361
LO (3):  17919 17940 17941
LI (34):  619 620 627 629 648 782 786 789 790 793 1156 17741 17746 17759 17771 17774 17785 17797 17801 17807 17822 17832 17836 17842 17858 17869 17873 17880 17891 17904 17908 17914 17929 17939
NODE_NUM = 50
FILE mem_ctrl_sub_361.aig

# Subcircuit 362
SUB_ID 362
LO (16):  17759 17771 17797 17807 17822 17832 17836 17842 17850 17851 17852 17853 17856 17864 35453 35458
LI (19):  619 620 628 649 661 782 786 790 1156 1160 17721 17753 17756 17764 17769 17789 17795 17805 17820
NODE_NUM = 46
FILE mem_ctrl_sub_362.aig

# Subcircuit 363
SUB_ID 363
LO (25):  17764 17769 17774 17785 17789 17795 17801 17805 17814 17815 17817 17820 17995 18035 18038 18345 18358 18367 18374 18377 18383 18388 20388 20389 20391
LI (27):  619 628 661 782 786 1155 1156 2904 17721 17740 17755 17761 17762 17765 17767 17783 17784 17787 17794 17800 17804 18303 18337 18341 18343 18350 18355
NODE_NUM = 50
FILE mem_ctrl_sub_363.aig

# Subcircuit 364
SUB_ID 364
LO (21):  17858 17873 17904 17914 17939 17954 17955 17960 17976 17977 18015 18016 18017 18018 18130 18131 18602 20714 20716 20725 20727
LI (23):  627 629 630 631 642 645 648 788 789 793 17856 17896 17898 17902 17912 17937 17940 17944 17947 17953 18014 18558 18600
NODE_NUM = 47
FILE mem_ctrl_sub_364.aig

# Subcircuit 365
SUB_ID 365
LO (24):  17860 17869 17875 17880 17891 17893 17894 17895 17896 17898 17902 17908 17912 17929 17937 17944 17947 17973 17983 19496 23851 35760 35768 35780
LI (16):  629 642 645 648 716 789 1157 1158 1159 17721 17868 17879 17888 17924 17941 17966
NODE_NUM = 50
FILE mem_ctrl_sub_365.aig

# Subcircuit 366
SUB_ID 366
LO (18):  17868 17879 17888 17921 17922 17924 17963 17964 17965 17966 18194 18195 18198 18206 18207 18212 18216 18217
LI (22):  627 630 631 645 648 788 789 793 1157 1158 1159 17721 17864 17867 17878 17997 18138 18162 18175 18181 18185 18193
NODE_NUM = 50
FILE mem_ctrl_sub_366.aig

# Subcircuit 367
SUB_ID 367
LO (13):  17953 17994 18227 18558 18698 18703 18706 18710 18718 18721 21013 21017 46940
LI (38):  630 648 716 788 791 793 833 1157 1161 2904 8620 17853 17919 17954 17955 17960 17973 17976 17977 17983 17986 17989 17991 18142 18143 18153 18173 18226 18557 18674 18683 18690 18697 18702 19443 46929 46931 46936
NODE_NUM = 50
FILE mem_ctrl_sub_367.aig

# Subcircuit 368
SUB_ID 368
LO (11):  17996 18142 18153 18161 18557 18668 18680 18690 23219 23222 38967
LI (27):  619 620 629 630 782 790 793 1155 1157 1160 2904 17780 17995 18131 18141 18144 18152 18160 18555 18602 18634 18638 18640 18644 18648 18654 18660
NODE_NUM = 49
FILE mem_ctrl_sub_368.aig

# Subcircuit 369
SUB_ID 369
LO (13):  18020 18562 19874 19876 19884 19888 19903 19938 19941 19949 19972 20498 20508
LI (28):  619 620 627 661 782 786 789 790 1155 1156 2904 17752 17895 18028 18035 18038 18561 19860 19862 19866 19883 19887 19894 19898 19922 19928 19933 19937
NODE_NUM = 49
FILE mem_ctrl_sub_369.aig

# Subcircuit 370
SUB_ID 370
LO (16):  18025 18565 18634 18640 18648 19866 20880 20882 20890 20894 20909 20912 20941 20943 20965 20971
LI (32):  619 620 627 661 782 786 788 789 790 1155 1156 2904 17753 17895 17924 18035 18038 18561 18621 18629 18632 19862 20718 20868 20870 20874 20889 20893 20901 20905 20911 20939
NODE_NUM = 50
FILE mem_ctrl_sub_370.aig

# Subcircuit 371
SUB_ID 371
LO (4):  18065 18141 18152 18160
LI (33):  610 619 620 628 629 661 782 786 790 793 1155 1156 17895 18008 18009 18027 18030 18037 18040 18064 18067 18082 18085 18091 18101 18107 18117 18119 18123 18125 18131 18140 18151
NODE_NUM = 50
FILE mem_ctrl_sub_371.aig

# Subcircuit 372
SUB_ID 372
LO (18):  18117 18119 18123 18125 18138 18140 18143 18144 18151 18175 18185 18226 19993 20001 20007 20011 20019 20022
LI (34):  620 629 630 645 648 649 716 788 789 791 793 1157 1160 2904 17896 18010 18011 18048 18052 18055 18064 18142 18153 18173 18195 18198 18210 18212 18220 18225 19859 19975 19984 19991
NODE_NUM = 50
FILE mem_ctrl_sub_372.aig

# Subcircuit 373
SUB_ID 373
LO (9):  18162 18173 18181 18193 20939 21060 23271 23362 23375
LI (24):  631 645 648 716 788 791 1158 2904 17963 18161 18172 20866 20928 20932 20936 21027 21043 21045 21053 21058 23243 23258 23262 23266
NODE_NUM = 48
FILE mem_ctrl_sub_373.aig

# Subcircuit 374
SUB_ID 374
LO (22):  18210 18220 18225 18232 18235 18241 18245 18255 18257 18259 18295 19558 19561 20103 20109 20122 20123 20124 20129 20133 20134 24545
LI (37):  39 142 626 707 716 737 750 775 791 833 1161 3424 16972 17090 17236 17379 17396 17593 17595 17706 18194 18206 18207 18216 18217 18231 18254 19552 19557 20054 20073 20075 20097 20108 20110 20116 20119
NODE_NUM = 50
FILE mem_ctrl_sub_374.aig

# Subcircuit 375
SUB_ID 375
LO (24):  18263 18270 18277 18280 18303 18305 18315 18331 18355 18384 18391 18395 18396 18397 18402 18406 18407 35099 35128 35137 35146 35150 35158 35162
LI (30):  40 142 619 620 626 628 782 786 1154 3424 17586 17720 17752 17753 17780 18258 18260 18268 18269 18274 18275 18332 18353 18358 18363 18367 18374 18377 18383 18390
NODE_NUM = 48
FILE mem_ctrl_sub_375.aig

# Subcircuit 376
SUB_ID 376
LO (8):  18337 18341 18350 18353 18363 18390 18477 18505
LI (36):  610 620 627 629 648 786 789 790 793 1156 1160 17780 18322 18327 18329 18335 18336 18340 18345 18388 18401 18402 18410 18414 18422 18432 18436 18442 18453 18462 18466 18472 18483 18493 18497 18503
NODE_NUM = 49
FILE mem_ctrl_sub_376.aig

# Subcircuit 377
SUB_ID 377
LO (12):  18401 18410 18432 18442 18453 18466 18483 18497 18752 35798 35800 35801
LI (35):  623 627 629 645 648 649 789 790 791 1157 1158 1160 1161 8620 17860 17875 17924 17966 18391 18396 18397 18409 18424 18430 18440 18480 18516 18517 18522 18529 18532 18539 18542 18751 35759
NODE_NUM = 50
FILE mem_ctrl_sub_377.aig

# Subcircuit 378
SUB_ID 378
LO (15):  18409 18414 18422 18430 18436 18440 18462 18472 18493 18503 18514 18521 18527 18531 19441
LI (21):  627 629 630 631 642 645 648 788 790 793 1157 1158 1159 1160 17853 17896 18303 18384 18406 18407 18419
NODE_NUM = 49
FILE mem_ctrl_sub_378.aig

# Subcircuit 379
SUB_ID 379
LO (29):  18419 18424 18480 18516 18517 18522 18529 18532 18539 18542 18544 18546 18550 18551 18552 18555 18561 18583 18587 18590 18591 18592 18595 18596 18610 18694 18728 18733 18743
LI (32):  142 620 627 645 716 779 788 790 791 833 1154 1160 2904 8620 17853 17924 17966 18303 18388 18395 18477 18505 18514 18521 18527 18531 18545 18548 18560 18579 18580 18584
NODE_NUM = 50
FILE mem_ctrl_sub_379.aig

# Subcircuit 380
SUB_ID 380
LO (16):  18545 18548 18560 18579 18580 18584 18600 18638 18644 18674 18683 18697 18719 18736 18740 18741
LI (42):  620 626 628 629 645 648 707 750 782 788 789 790 1155 1157 1158 1159 1161 17072 17074 17895 17924 17966 18035 18038 18570 18571 18575 18591 18592 18598 18668 18669 18680 18694 18705 18706 18714 18718 18726 18728 18733 18739
NODE_NUM = 49
FILE mem_ctrl_sub_380.aig

# Subcircuit 381
SUB_ID 381
LO (13):  18598 18621 18629 18632 18654 18660 18669 18702 18705 18714 18726 18739 18748
LI (43):  609 610 626 631 645 648 649 661 716 779 786 788 789 791 1156 1158 1159 1161 16793 18544 18546 18550 18551 18552 18555 18561 18567 18583 18587 18590 18595 18596 18610 18620 18626 18698 18703 18710 18721 18736 18740 18741 18743
NODE_NUM = 50
FILE mem_ctrl_sub_381.aig

# Subcircuit 382
SUB_ID 382
LO (18):  18751 18760 18792 18796 18797 18804 18822 18827 18846 18857 18864 18871 18881 18928 18941 18998 19011 19042
LI (41):  143 216 224 300 736 744 791 833 3227 3625 6358 6384 16823 16878 16930 16948 17002 17023 17050 17062 17104 17107 17125 17211 17326 17454 17522 18719 18748 18772 18774 18780 18788 18795 18803 18839 18843 18844 18863 18878 18995
NODE_NUM = 50
FILE mem_ctrl_sub_382.aig

# Subcircuit 383
SUB_ID 383
LO (14):  18882 18917 18932 18945 18952 18983 19008 19031 19352 19355 19360 19382 19395 19400
LI (40):  39 40 143 216 224 609 610 626 736 779 789 1156 3227 3250 3424 3625 16798 16810 17074 17780 17817 18878 18916 18931 18944 18951 18977 19005 19027 19302 19346 19350 19357 19366 19368 19373 19374 19381 19387 19393
NODE_NUM = 50
FILE mem_ctrl_sub_383.aig

# Subcircuit 384
SUB_ID 384
LO (9):  18989 18995 19005 19025 19039 19047 19169 19176 19187
LI (42):  39 40 143 610 619 620 627 736 779 782 786 789 790 3625 17673 17675 18921 18988 18994 19002 19003 19017 19018 19022 19037 19038 19044 19045 19073 19082 19089 19093 19099 19110 19122 19126 19132 19143 19153 19157 19163 19175
NODE_NUM = 50
FILE mem_ctrl_sub_384.aig

# Subcircuit 385
SUB_ID 385
LO (11):  19077 19089 19099 19122 19132 19153 19163 19180 19186 19195 19201
LI (23):  619 620 627 628 649 661 779 782 786 790 1155 1156 1159 1160 17753 17860 17875 19033 19056 19086 19098 19114 19176
NODE_NUM = 49
FILE mem_ctrl_sub_385.aig

# Subcircuit 386
SUB_ID 386
LO (15):  19086 19098 19110 19114 19126 19143 19157 19175 19199 19207 19210 19214 19217 19224 19239
LI (26):  610 619 620 627 629 642 786 789 1155 1156 1157 1160 17752 17765 17780 17817 17853 17896 18958 19056 19080 19169 19186 19187 19195 19206
NODE_NUM = 50
FILE mem_ctrl_sub_386.aig

# Subcircuit 387
SUB_ID 387
LO (2):  19206 19527
LI (30):  629 645 648 788 789 791 793 1157 1158 1161 6461 17924 17966 19180 19201 19216 19217 19225 19229 19233 19246 19256 19268 19270 19275 19281 19285 19295 19298 19526
NODE_NUM = 50
FILE mem_ctrl_sub_387.aig

# Subcircuit 388
SUB_ID 388
LO (18):  19216 19225 19229 19233 19246 19256 19268 19270 19275 19281 19285 19295 19298 19304 19307 19313 19317 19318
LI (31):  58 143 610 619 630 631 645 648 716 782 786 788 793 833 1158 6461 17752 17924 17966 18883 19056 19199 19207 19210 19214 19224 19239 19303 19306 19310 19316
NODE_NUM = 48
FILE mem_ctrl_sub_388.aig

# Subcircuit 389
SUB_ID 389
LO (5):  19316 19336 19345 19346 19432
LI (21):  619 620 627 628 649 782 790 1155 1159 1160 17895 18131 19302 19313 19317 19318 19403 19409 19414 19418 19424
NODE_NUM = 50
FILE mem_ctrl_sub_389.aig

# Subcircuit 390
SUB_ID 390
LO (23):  19357 19366 19373 19381 19387 19393 19403 19409 19414 38652 38653 38657 38659 38678 38679 39185 39186 39188 39197 39214 39309 39580 43605
LI (35):  208 209 212 213 215 619 626 661 736 779 782 786 1154 1155 17075 17853 18018 18883 19302 19304 19307 19382 19395 19400 19402 19408 38646 38650 38651 38658 38802 38892 39123 39127 39193
NODE_NUM = 49
FILE mem_ctrl_sub_390.aig

# Subcircuit 391
SUB_ID 391
LO (4):  19418 19424 19504 19526
LI (32):  620 629 645 648 788 789 791 793 833 1157 1158 1160 17924 17966 19336 19355 19360 19432 19436 19439 19448 19452 19457 19465 19468 19478 19482 19487 19501 19510 19514 19520
NODE_NUM = 49
FILE mem_ctrl_sub_391.aig

# Subcircuit 392
SUB_ID 392
LO (15):  19436 19448 19457 19465 19478 19487 19497 19501 19510 19514 19520 20545 20546 20547 20558
LI (25):  629 630 631 645 648 716 788 789 1157 1158 1161 17924 19302 19345 19352 19443 19473 19496 19506 19516 20529 20532 20533 20540 20543
NODE_NUM = 47
FILE mem_ctrl_sub_392.aig

# Subcircuit 393
SUB_ID 393
LO (9):  19506 19516 19587 19623 19628 22361 35129 35365 35370
LI (21):  144 609 626 645 688 775 779 1154 3424 17713 17966 19302 19504 19528 19532 19534 19538 19582 19598 19606 19616
NODE_NUM = 49
FILE mem_ctrl_sub_393.aig

# Subcircuit 394
SUB_ID 394
LO (18):  19531 19532 24353 24357 24359 24365 24367 24375 24379 24385 24388 24417 24418 24419 24423 24424 24608 24611
LI (26):  39 177 620 627 743 782 786 788 790 1155 1156 1160 6402 17072 17924 18020 18025 18028 18035 18038 18130 19533 20718 24351 24415 24607
NODE_NUM = 50
FILE mem_ctrl_sub_394.aig

# Subcircuit 395
SUB_ID 395
LO (9):  19533 19534 29144 29149 29152 29154 29157 29163 29165
LI (21):  39 144 187 609 610 626 704 779 1154 1156 3424 17588 17752 19532 29084 29087 29103 29122 29127 29137 29153
NODE_NUM = 50
FILE mem_ctrl_sub_395.aig

# Subcircuit 396
SUB_ID 396
LO (22):  19537 19538 21823 24606 24607 24623 24627 24631 24635 24636 24724 24730 24801 24833 24834 24837 24847 24859 24860 24882 24883 24893
LI (30):  39 177 178 610 619 626 687 758 782 786 833 1156 3424 6406 17031 17752 19535 21796 21806 21807 21808 21812 21822 24614 24617 24620 24624 24634 24807 24831
NODE_NUM = 49
FILE mem_ctrl_sub_396.aig

# Subcircuit 397
SUB_ID 397
LO (20):  19545 19546 19551 19552 19598 20591 20595 20598 20601 20604 20606 20614 20618 20621 20624 20628 20630 20646 20761 34583
LI (33):  39 144 146 626 629 648 688 699 779 793 1158 16952 17593 17706 17780 17817 17853 17896 19550 19594 20574 20576 20581 20590 20594 20600 20603 20608 20613 20617 20623 20627 20759
NODE_NUM = 48
FILE mem_ctrl_sub_397.aig

# Subcircuit 398
SUB_ID 398
LO (12):  19549 19550 24831 34186 34202 34224 34241 34247 36280 38712 39103 39152
LI (24):  39 40 178 200 609 618 626 638 687 1154 3424 16972 19548 24812 24816 24828 34174 34182 34192 34198 34207 34221 34227 34237
NODE_NUM = 45
FILE mem_ctrl_sub_398.aig

# Subcircuit 399
SUB_ID 399
LO (12):  19548 19555 19556 19557 24710 24770 24774 24777 34189 35295 35296 35302
LI (34):  39 40 144 177 610 619 620 626 743 779 782 786 3424 17090 17379 19553 19558 24606 24708 24709 24718 24725 24727 24731 24733 24741 24743 24747 24749 24757 24759 24763 24765 24773
NODE_NUM = 50
FILE mem_ctrl_sub_399.aig

# Subcircuit 400
SUB_ID 400
LO (12):  19563 19576 19578 21796 21812 21853 22369 24718 24806 24828 25776 25780
LI (36):  39 144 156 166 177 178 180 687 705 725 742 743 758 775 833 6406 10357 17076 19532 19570 19572 19573 21195 21791 21830 21841 21845 21849 22336 22354 22357 22361 24714 24822 25770 25771
NODE_NUM = 49
FILE mem_ctrl_sub_400.aig

# Subcircuit 401
SUB_ID 401
LO (17):  19594 19604 19606 19616 19652 19656 19659 19660 19664 19668 19675 19678 35133 35227 35234 35243 35250
LI (23):  39 144 619 626 661 786 1154 1155 1156 17720 17752 17753 17765 17780 18286 18290 19593 19631 19634 19642 19644 19651 19654
NODE_NUM = 46
FILE mem_ctrl_sub_401.aig

# Subcircuit 402
SUB_ID 402
LO (7):  19631 19634 19642 19644 19651 19716 19728
LI (26):  610 619 620 628 649 782 786 790 1156 17752 19587 19623 19628 19630 19641 19659 19660 19664 19668 19675 19678 19684 19691 19699 19705 19709
NODE_NUM = 50
FILE mem_ctrl_sub_402.aig

# Subcircuit 403
SUB_ID 403
LO (10):  19654 19684 19691 19705 19778 19785 19789 19793 19796 19800
LI (31):  620 627 629 630 642 648 782 789 793 1160 17780 17817 17853 17896 19628 19652 19656 19688 19717 19718 19719 19733 19735 19743 19754 19757 19761 19767 19771 19784 19792
NODE_NUM = 49
FILE mem_ctrl_sub_403.aig

# Subcircuit 404
SUB_ID 404
LO (21):  19688 19699 19709 19717 19718 19733 19735 19743 19754 19761 19767 19771 19782 19784 19792 19803 19809 19810 19822 19827 19832
LI (25):  620 627 629 631 645 648 788 789 1157 1158 1159 1160 17817 17860 17875 17924 19604 19716 19729 19739 19751 19795 19796 19800 19808
NODE_NUM = 49
FILE mem_ctrl_sub_404.aig

# Subcircuit 405
SUB_ID 405
LO (16):  19719 19729 19739 19751 19757 19795 19808 19845 19847 19848 19893 19897 20029 20034 20044 20053
LI (36):  144 627 631 645 716 779 788 789 791 833 1161 2904 8620 17853 17896 17966 19604 19728 19778 19782 19785 19789 19793 19803 19809 19810 19813 19822 19825 19827 19832 19835 19840 19843 19846 20052
NODE_NUM = 50
FILE mem_ctrl_sub_405.aig

# Subcircuit 406
SUB_ID 406
LO (9):  19846 19859 19860 19922 19928 19933 19937 19964 19965
LI (31):  609 610 619 620 626 688 779 782 786 790 1154 1155 1156 1160 17074 17994 17995 17996 18018 19847 19848 19852 19908 19912 19917 19940 19941 19945 19949 19955 19961
NODE_NUM = 50
FILE mem_ctrl_sub_406.aig

# Subcircuit 407
SUB_ID 407
LO (21):  19852 19862 19883 19887 19894 19898 19908 19912 19917 19940 19945 19955 19961 19975 19984 19991 19996 20004 20006 20010 20013
LI (39):  620 626 628 629 631 648 649 775 779 793 1154 1157 1158 1159 1160 16793 17072 17924 18131 19845 19847 19874 19876 19884 19888 19893 19897 19903 19905 19907 19938 19964 19965 19972 19974 19983 19993 20001 20007
NODE_NUM = 50
FILE mem_ctrl_sub_407.aig

# Subcircuit 408
SUB_ID 408
LO (9):  20052 20054 20108 20142 20150 20153 20154 20160 20164
LI (35):  145 610 626 631 645 716 779 788 791 833 1154 1161 3424 17752 17966 19996 20004 20006 20010 20011 20013 20019 20022 20029 20034 20036 20044 20046 20105 20128 20129 20137 20141 20149 20151
NODE_NUM = 50
FILE mem_ctrl_sub_408.aig

# Subcircuit 409
SUB_ID 409
LO (10):  20075 20105 21229 21230 21233 21547 21784 22128 22130 22176
LI (34):  39 40 145 148 162 737 759 833 3424 10357 17388 17422 17509 17553 17588 20061 20062 20073 21214 21227 21228 21476 21479 21509 21518 21532 21540 21545 22127 22138 22153 22157 22163 22175
NODE_NUM = 50
FILE mem_ctrl_sub_409.aig

# Subcircuit 410
SUB_ID 410
LO (12):  20073 20097 20110 20119 20151 20173 20174 20175 20183 20186 20191 20196
LI (36):  39 40 145 610 619 661 759 786 1156 16793 16972 17090 17169 17236 17340 17379 17389 17396 17593 17720 17752 17780 20072 20078 20082 20084 20088 20092 20094 20096 20118 20150 20154 20163 20164 20172
NODE_NUM = 50
FILE mem_ctrl_sub_410.aig

# Subcircuit 411
SUB_ID 411
LO (9):  20116 20128 20137 20149 20163 20236 20237 20239 20254
LI (36):  39 145 609 610 619 620 627 779 782 789 790 1154 1155 1156 1160 17780 17817 17853 18286 18290 20109 20115 20123 20124 20136 20144 20160 20174 20175 20189 20191 20199 20203 20207 20220 20230
NODE_NUM = 50
FILE mem_ctrl_sub_411.aig

# Subcircuit 412
SUB_ID 412
LO (12):  20136 20141 20144 20172 20189 20199 20220 20230 20266 20271 20274 20287
LI (31):  619 620 627 628 629 649 779 782 786 789 790 1154 1157 17860 17875 20103 20122 20133 20134 20142 20153 20183 20187 20197 20218 20228 20236 20243 20250 20257 20260
NODE_NUM = 50
FILE mem_ctrl_sub_412.aig

# Subcircuit 413
SUB_ID 413
LO (18):  20187 20197 20203 20207 20218 20228 20243 20250 20257 20260 20297 20304 20308 20309 20310 20315 20319 20320
LI (26):  620 627 629 630 642 648 782 793 1155 1157 1159 1160 17817 17853 17896 20110 20173 20186 20196 20237 20239 20254 20274 20287 20296 20303
NODE_NUM = 49
FILE mem_ctrl_sub_413.aig

# Subcircuit 414
SUB_ID 414
LO (5):  20296 20303 20334 20347 20572
LI (30):  631 645 648 716 788 791 793 1158 1161 6461 17924 17966 20110 20266 20271 20304 20309 20310 20314 20315 20322 20327 20330 20335 20342 20348 20352 20362 20365 20571
NODE_NUM = 50
FILE mem_ctrl_sub_414.aig

# Subcircuit 415
SUB_ID 415
LO (21):  20322 20327 20330 20335 20348 20362 20365 20367 20373 20375 20378 20379 20381 20409 20410 20414 20429 20469 20543 20554 20563
LI (34):  58 145 629 630 642 716 779 788 789 793 833 1154 1158 1159 2904 6461 17780 17817 17853 18012 18013 19443 20297 20308 20319 20320 20334 20347 20368 20371 20402 20406 20417 20423
NODE_NUM = 49
FILE mem_ctrl_sub_415.aig

# Subcircuit 416
SUB_ID 416
LO (6):  20368 20371 20386 20492 20503 20513
LI (31):  610 619 620 626 661 737 759 779 782 786 1154 17072 17074 17753 17765 20367 20430 20436 20440 20448 20451 20457 20460 20471 20477 20481 20487 20495 20502 20506 20512
NODE_NUM = 48
FILE mem_ctrl_sub_416.aig

# Subcircuit 417
SUB_ID 417
LO (4):  20397 23812 23828 23841
LI (34):  627 629 630 631 642 648 789 1157 1158 1159 17752 17850 17851 17924 18130 18131 20391 20395 20498 20508 20522 20526 23699 23755 23779 23781 23789 23795 23802 23816 23819 23825 23833 23837
NODE_NUM = 49
FILE mem_ctrl_sub_417.aig

# Subcircuit 418
SUB_ID 418
LO (22):  20406 20417 20423 20430 20436 20440 20448 20451 20457 20460 20471 20475 20481 20487 20495 20502 20506 20512 20522 20529 20846 20856
LI (47):  609 610 619 620 627 628 630 645 649 737 788 790 1155 1156 1157 1160 17075 17965 18131 19496 20367 20373 20375 20378 20387 20391 20398 20404 20410 20414 20429 20469 20484 20492 20498 20499 20503 20508 20509 20513 20517 20527 20528 20724 20844 20849 20855
NODE_NUM = 50
FILE mem_ctrl_sub_418.aig

# Subcircuit 419
SUB_ID 419
LO (10):  20526 20527 20844 21027 21045 21058 23388 24036 24046 24059
LI (35):  630 645 791 833 8620 19470 20409 20522 20525 20735 20837 20841 20941 21010 21024 23054 23060 23066 23168 23172 23180 23186 23191 23196 23271 23340 23352 23362 23371 23375 23381 23936 24013 24025 24035
NODE_NUM = 50
FILE mem_ctrl_sub_419.aig

# Subcircuit 420
SUB_ID 420
LO (21):  20525 20532 20533 20540 20571 20573 20623 20627 20703 20706 20710 20853 35172 35648 35654 35655 35671 35678 35699 35703 35711
LI (28):  146 630 631 645 648 716 791 793 833 1158 1161 17720 17924 17966 19471 19473 20367 20379 20399 20545 20546 20547 20551 20554 20558 20561 20563 20570
NODE_NUM = 49
FILE mem_ctrl_sub_420.aig

# Subcircuit 421
SUB_ID 421
LO (13):  20574 20576 20581 20636 20650 20658 20662 20670 20674 20682 20686 20689 20690
LI (22):  39 146 610 619 620 699 782 786 789 790 1155 1156 1160 3424 17752 17853 18290 20573 20580 20649 20655 20659
NODE_NUM = 47
FILE mem_ctrl_sub_421.aig

# Subcircuit 422
SUB_ID 422
LO (12):  20580 20590 20594 20600 20603 20608 20613 20617 20649 20788 20849 20866
LI (36):  39 146 626 629 645 699 716 768 779 788 791 1154 1157 3424 8620 17511 17555 17780 17817 17896 18286 20573 20621 20630 20636 20639 20647 20712 20770 20775 20777 20781 20783 20846 20856 20865
NODE_NUM = 50
FILE mem_ctrl_sub_422.aig

# Subcircuit 423
SUB_ID 423
LO (14):  20639 20647 20655 20659 20712 20718 20724 20735 20841 20855 23054 23060 23186 23190
LI (38):  146 627 645 768 788 789 793 1158 1159 1161 17588 17595 17753 17765 17895 17924 17966 20573 20646 20689 20690 20703 20706 20710 20714 20717 20718 20722 20729 20733 20838 20853 22976 23045 23047 23051 23058 23184
NODE_NUM = 50
FILE mem_ctrl_sub_423.aig

# Subcircuit 424
SUB_ID 424
LO (8):  20717 20722 20729 23066 24346 24800 25751 26713
LI (42):  793 1157 1158 8620 17963 17964 20522 20526 20624 20628 20716 20725 20728 23042 23064 24185 24207 24211 24215 24334 24342 24541 24657 24679 24683 24689 24693 24788 24798 25592 25614 25618 25622 25739 25747 26551 26573 26577 26581 26698 26706 26712
NODE_NUM = 50
FILE mem_ctrl_sub_424.aig

# Subcircuit 425
SUB_ID 425
LO (12):  20728 20733 20759 20770 20868 20870 20874 20921 20922 20948 20952 20954
LI (43):  39 40 146 630 699 768 786 1154 1156 1157 3424 6406 16972 17072 17075 17090 17169 17197 17236 17340 17379 17389 17396 18020 18028 20614 20618 20727 20739 20743 20745 20749 20753 20754 20757 20761 20768 20867 20917 20919 20946 20947 20951
NODE_NUM = 50
FILE mem_ctrl_sub_425.aig

# Subcircuit 426
SUB_ID 426
LO (5):  20775 20777 20781 20783 20837
LI (32):  609 610 619 620 626 628 661 782 786 790 1154 1155 1156 18131 20591 20595 20598 20601 20650 20658 20662 20670 20674 20788 20791 20797 20807 20813 20823 20825 20829 20831
NODE_NUM = 49
FILE mem_ctrl_sub_426.aig

# Subcircuit 427
SUB_ID 427
LO (25):  20823 20825 20829 20831 20838 20865 20867 20889 20893 20901 20905 20911 20917 20919 20925 20928 20932 20936 20945 20946 20947 20951 20973 20995 21001
LI (36):  146 609 610 620 626 627 648 649 779 789 833 1154 1156 1158 1159 1160 2904 16793 17924 17994 17995 17996 18018 18143 20604 20606 20682 20686 20864 20914 20923 20943 20961 20965 20967 20971
NODE_NUM = 50
FILE mem_ctrl_sub_427.aig

# Subcircuit 428
SUB_ID 428
LO (6):  20914 20923 20961 20967 21010 21024
LI (38):  609 610 619 620 628 630 649 699 779 782 786 790 793 1155 17074 18131 18170 20522 20880 20882 20890 20894 20909 20921 20922 20925 20928 20945 20948 20952 20954 20973 20979 20985 20995 21001 21013 21021
NODE_NUM = 50
FILE mem_ctrl_sub_428.aig

# Subcircuit 429
SUB_ID 429
LO (15):  21021 21043 21053 21115 21180 21185 21189 21190 21191 21201 21202 21203 21205 21252 36189
LI (37):  40 147 216 300 630 645 716 948 1161 3227 3625 6384 17482 17493 17966 18169 20867 20909 20912 20928 21017 21041 21051 21061 21069 21070 21084 21089 21092 21097 21101 21112 21160 21179 21184 21188 21200
NODE_NUM = 48
FILE mem_ctrl_sub_429.aig

# Subcircuit 430
SUB_ID 430
LO (18):  21069 21097 21132 21162 21164 21165 21166 21314 21338 36141 36143 36146 36159 36168 36186 36191 36217 36354
LI (37):  39 40 147 149 217 300 707 736 908 948 5918 6384 16936 17027 17475 17482 17489 17593 21061 21068 21095 21131 21152 21157 21161 21308 21309 21318 21322 21326 21331 21337 36140 36142 36147 36149 36153
NODE_NUM = 50
FILE mem_ctrl_sub_430.aig

# Subcircuit 431
SUB_ID 431
LO (23):  21079 21084 21089 21092 21095 21101 21112 21131 21140 21155 21156 21157 21159 21161 21215 21216 21222 21226 21227 21296 21308 21326 21352
LI (35):  39 40 149 216 224 300 736 750 833 2904 3227 3625 6384 6406 16799 17434 17454 17475 17482 17489 17493 17509 21076 21077 21081 21086 21103 21108 21139 21160 21219 21225 21294 21295 21307
NODE_NUM = 50
FILE mem_ctrl_sub_431.aig

# Subcircuit 432
SUB_ID 432
LO (24):  21081 21086 21103 21108 21139 21143 21152 21182 21183 21184 21208 21209 21211 21213 21214 21228 21236 21295 21361 21384 21398 21402 21797 36368
LI (32):  39 40 147 148 216 726 727 756 833 948 2904 3625 6384 10073 16799 17422 17434 17454 17505 17593 21077 21151 21207 21212 21360 21362 21376 21379 21389 21390 21391 21399
NODE_NUM = 50
FILE mem_ctrl_sub_432.aig

# Subcircuit 433
SUB_ID 433
LO (11):  21170 21173 21194 21783 22329 22357 22500 22506 22509 22751 35686
LI (41):  165 166 168 704 706 743 749 753 769 771 775 833 10357 17711 17712 17713 21169 21171 21339 21738 21762 21769 21770 21776 21781 22296 22314 22319 22322 22473 22491 22495 22502 22507 22678 22723 22734 22735 22741 22746 22749
NODE_NUM = 50
FILE mem_ctrl_sub_433.aig

# Subcircuit 434
SUB_ID 434
LO (20):  21178 21179 21257 21259 21272 21279 21283 21307 21309 21322 21331 21337 21354 21376 21476 21514 21529 21537 21788 21801
LI (33):  39 40 148 300 707 727 746 750 756 771 948 2904 17422 17488 17593 21255 21256 21271 21275 21277 21278 21305 21320 21333 21347 21348 21352 21368 21369 21375 21399 21471 21475
NODE_NUM = 50
FILE mem_ctrl_sub_434.aig

# Subcircuit 435
SUB_ID 435
LO (8):  21200 21206 21207 21390 21650 22081 22138 22466
LI (46):  39 40 150 161 300 759 760 833 10357 17027 21077 21187 21205 21567 21570 21577 21586 21591 21603 21610 21638 21642 21649 22029 22053 22054 22058 22062 22074 22097 22100 22107 22114 22118 22130 22137 22371 22409 22412 22418 22432 22444 22447 22453 22458 22465
NODE_NUM = 50
FILE mem_ctrl_sub_435.aig

# Subcircuit 436
SUB_ID 436
LO (19):  21217 21218 21219 21270 21271 21294 21375 21389 21408 21421 21429 21434 21444 21445 21451 21454 21489 21491 28857
LI (33):  39 40 149 150 151 216 702 726 750 752 756 908 948 3625 16799 17496 17509 17593 21211 21262 21263 21268 21291 21384 21386 21398 21402 21417 21427 21428 21438 21439 21488
NODE_NUM = 48
FILE mem_ctrl_sub_436.aig

# Subcircuit 437
SUB_ID 437
LO (7):  21224 21225 21509 21731 22590 22594 22642
LI (41):  39 40 300 700 701 730 746 747 764 767 17488 21077 21498 21503 21504 21653 21656 21662 21678 21686 21687 21700 21723 21726 21729 22512 22515 22521 22537 22545 22546 22559 22582 22585 22588 22593 22602 22618 22626 22627 22640
NODE_NUM = 50
FILE mem_ctrl_sub_437.aig

# Subcircuit 438
SUB_ID 438
LO (13):  21250 21254 21255 21291 21386 21439 21469 21498 21678 21762 21781 21910 21959
LI (42):  39 40 149 150 151 155 159 224 300 746 761 767 833 3250 6352 10357 17079 17485 21248 21253 21459 21468 21494 21495 21674 21675 21741 21744 21750 21761 21860 21883 21884 21887 21893 21903 21908 21931 21935 21938 21945 21953
NODE_NUM = 50
FILE mem_ctrl_sub_438.aig

# Subcircuit 439
SUB_ID 439
LO (13):  21244 21245 21248 21577 21586 21603 21610 21638 21649 22107 22114 22151 37301
LI (31):  39 40 224 300 697 760 948 2904 17423 17456 17593 21228 21247 21559 21560 21576 21584 21597 21605 21608 21620 21623 21629 21633 21644 21648 22089 22090 22106 22112 22150
NODE_NUM = 44
FILE mem_ctrl_sub_439.aig

# Subcircuit 440
SUB_ID 440
LO (13):  21247 21253 21256 21741 22409 22432 22444 22447 22465 30526 30555 30556 30579
LI (36):  39 40 167 190 224 300 626 728 773 6352 17422 17456 17588 21077 21228 21245 21251 21252 21740 22381 22386 22389 22395 22400 22408 22426 22428 22437 22439 22461 22464 30507 30510 30511 30525 30553
NODE_NUM = 48
FILE mem_ctrl_sub_440.aig

# Subcircuit 441
SUB_ID 441
LO (21):  21261 21262 21495 21504 21532 21675 21687 21723 21726 21729 22537 22546 22582 22585 22588 22617 22627 22643 22666 22669 31239
LI (26):  40 58 152 154 169 170 300 764 833 6352 17488 17509 21179 21250 21339 21520 21530 21709 21713 21715 21721 22533 22568 22574 22580 22614
NODE_NUM = 48
FILE mem_ctrl_sub_441.aig

# Subcircuit 442
SUB_ID 442
LO (18):  21263 21276 21277 21559 21570 21576 21803 21806 21841 22089 22100 22106 22314 22343 22412 22426 22437 22439
LI (42):  39 148 157 165 166 216 224 687 704 725 742 753 758 759 760 775 3227 3625 6352 16799 17711 21279 21554 21555 21568 21574 21800 21801 21831 21839 22084 22085 22098 22104 22300 22312 22374 22421 22422 22434 22436 22438
NODE_NUM = 50
FILE mem_ctrl_sub_442.aig

# Subcircuit 443
SUB_ID 443
LO (11):  21278 21305 21318 22053 22054 22074 22231 33505 33507 33527 33533
LI (35):  39 40 149 161 198 300 735 739 762 6352 10357 15289 17422 17593 21152 21185 21187 21228 22033 22034 22040 22044 22046 22070 22181 22185 22195 22219 22223 22230 33486 33487 33493 33497 33499
NODE_NUM = 50
FILE mem_ctrl_sub_443.aig

# Subcircuit 444
SUB_ID 444
LO (15):  21320 21333 21339 21347 22671 22723 22734 22735 22746 22749 22788 22792 22812 22818 22831
LI (32):  39 40 58 149 171 172 300 765 833 3424 6461 17488 17711 21178 21224 21225 21314 21338 22597 22642 22662 22666 22669 22692 22699 22704 22722 22724 22729 22787 22803 22823
NODE_NUM = 50
FILE mem_ctrl_sub_444.aig

# Subcircuit 445
SUB_ID 445
LO (20):  21348 21360 21362 21368 21369 21379 21391 21399 21458 21468 21605 21700 21860 21883 21884 21903 21953 21966 22009 22016
LI (43):  39 40 150 689 702 703 707 710 833 2904 6352 16307 16810 17422 17488 17711 21077 21162 21189 21228 21296 21429 21434 21449 21451 21454 21467 21696 21699 21854 21859 21864 21875 21878 21898 21901 21926 21948 21951 21959 21964 22004 22007
NODE_NUM = 50
FILE mem_ctrl_sub_445.aig

# Subcircuit 446
SUB_ID 446
LO (13):  21417 21424 21449 28874 28876 28884 28888 28896 28900 28908 28912 28915 28918
LI (34):  39 40 151 610 619 620 752 782 786 790 1156 3424 17422 17752 18130 21165 21190 21416 21444 21445 28856 28860 28862 28863 28864 28873 28878 28881 28885 28895 28899 28907 28911 28917
NODE_NUM = 50
FILE mem_ctrl_sub_446.aig

# Subcircuit 447
SUB_ID 447
LO (15):  21428 21438 21467 21471 21475 21479 21488 21494 21503 21516 21530 21540 36034 36170 36348
LI (44):  39 151 152 216 300 724 746 752 833 948 2904 3625 16799 17422 17494 17495 17500 17504 17593 17711 21077 21157 21159 21176 21183 21187 21203 21209 21215 21226 21437 21489 21491 21492 21500 21523 21525 21529 21537 36032 36169 36332 36339 36345
NODE_NUM = 50
FILE mem_ctrl_sub_447.aig

# Subcircuit 448
SUB_ID 448
LO (21):  21518 21520 21545 21554 21555 21584 21614 21615 21623 21642 22084 22112 22150 22386 22422 36032 36053 36057 36067 36097 36413
LI (35):  152 153 224 724 746 833 948 3227 3625 10357 16799 16918 17484 17489 21182 21218 21514 21516 21550 21553 21579 21581 21621 22082 22109 22148 22382 22383 36025 36031 36049 36051 36052 36081 36093
NODE_NUM = 50
FILE mem_ctrl_sub_448.aig

# Subcircuit 449
SUB_ID 449
LO (21):  21553 21560 21567 21568 21574 21581 21591 21597 21608 21620 21621 21629 22104 22118 22418 22421 22436 22438 23402 23405 23406
LI (35):  39 40 153 175 216 300 760 3227 6352 17422 17456 17484 17495 17500 17509 17588 17593 21077 21156 21160 21161 21180 21188 21201 21216 21267 21614 21615 21619 22103 22383 22416 22420 23390 23393
NODE_NUM = 50
FILE mem_ctrl_sub_449.aig

# Subcircuit 450
SUB_ID 450
LO (12):  21633 21644 21648 21653 21656 21696 21713 21721 23474 23479 24142 24218
LI (28):  39 40 153 154 609 626 697 701 767 779 833 948 1154 2904 3424 6406 17509 17711 21077 23443 23444 23450 23451 23464 23473 24127 24135 24140
NODE_NUM = 50
FILE mem_ctrl_sub_450.aig

# Subcircuit 451
SUB_ID 451
LO (13):  21662 21674 21686 21699 21709 21715 21738 21740 21748 21750 21763 21774 24135
LI (43):  39 154 155 216 300 705 743 767 833 948 2904 3625 16799 17422 17494 17495 17500 17593 18268 21077 21157 21160 21161 21177 21183 21187 21202 21217 21219 21228 21229 21267 21279 21660 21669 21671 21672 21680 21682 21705 21737 24131 24133
NODE_NUM = 50
FILE mem_ctrl_sub_451.aig

# Subcircuit 452
SUB_ID 452
LO (15):  21744 21761 21769 21770 21776 21791 21808 21839 21845 25787 25790 25793 25794 25815 35949
LI (34):  39 40 155 626 705 725 742 743 758 1154 3424 10357 17711 17713 21165 21190 21209 21226 21236 21270 21740 21748 21754 21759 21763 21766 21774 21784 21790 21835 21844 25756 25776 25782
NODE_NUM = 48
FILE mem_ctrl_sub_452.aig

# Subcircuit 453
SUB_ID 453
LO (18):  21790 21800 21831 21844 34477 34485 34489 34497 34501 34509 34513 34516 34519 34605 35935 35936 35947 35948
LI (32):  607 610 619 620 687 725 742 758 782 786 790 3424 17752 18130 21788 21797 21798 34465 34473 34474 34479 34484 34488 34496 34500 34508 34512 34518 34589 34595 34597 34599
NODE_NUM = 50
FILE mem_ctrl_sub_453.aig

# Subcircuit 454
SUB_ID 454
LO (15):  21807 21822 21830 21835 21849 21854 21859 21864 21875 21878 21887 21893 21898 21901 21908
LI (33):  39 40 156 157 158 687 725 742 758 761 833 948 2904 10357 13973 17422 17488 17509 17593 17711 21077 21162 21171 21179 21189 21209 21226 21270 21821 21829 21870 21871 21891
NODE_NUM = 50
FILE mem_ctrl_sub_454.aig

# Subcircuit 455
SUB_ID 455
LO (12):  21931 26507 26509 26517 26521 26529 26533 26541 26545 26548 26551 26554
LI (35):  39 40 159 610 619 620 754 782 786 790 1156 3424 17509 17752 17924 18130 21165 21190 21913 21916 21923 21930 26489 26491 26501 26506 26511 26514 26518 26528 26532 26540 26544 26550 26553
NODE_NUM = 50
FILE mem_ctrl_sub_455.aig

# Subcircuit 456
SUB_ID 456
LO (18):  21923 21926 21930 21935 21938 21945 21948 21951 21964 21980 21981 21988 21989 21993 21999 22007 22020 26501
LI (27):  39 40 159 160 703 754 833 948 2904 17422 17593 17711 21150 21165 21209 21211 21226 21270 21927 21934 21942 21969 21972 21976 26495 26496 26497
NODE_NUM = 49
FILE mem_ctrl_sub_456.aig

# Subcircuit 457
SUB_ID 457
LO (15):  21969 21972 26984 26986 26994 26998 27006 27010 27018 27022 27025 27028 27031 27038 27043
LI (34):  39 40 160 610 619 620 645 755 782 786 790 1156 3424 17509 17752 17924 17966 18130 21190 26966 26968 26978 26983 26988 26991 26995 27005 27009 27017 27021 27027 27030 27033 27037
NODE_NUM = 49
FILE mem_ctrl_sub_457.aig

# Subcircuit 458
SUB_ID 458
LO (10):  21976 22004 22022 22029 22033 22042 22046 22055 22070 26978
LI (35):  39 40 160 161 710 735 755 757 833 948 2904 10357 17422 17593 21077 21211 21254 21399 21980 21981 21988 21989 21993 21995 21997 21999 22009 22014 22016 22020 22028 22030 26972 26973 26974
NODE_NUM = 50
FILE mem_ctrl_sub_458.aig

# Subcircuit 459
SUB_ID 459
LO (20):  22030 22034 22040 22044 22058 22062 22082 22085 22090 22097 22098 22103 22109 22127 22137 22148 22153 22163 22172 22173
LI (43):  39 40 161 162 216 737 757 759 948 2904 3227 3625 16799 17422 17456 17484 17488 17495 17500 17509 17593 17711 21156 21160 21162 21179 21180 21182 21201 21208 21216 21218 21270 21296 21605 22042 22055 22135 22140 22146 22152 22161 22170
NODE_NUM = 49
FILE mem_ctrl_sub_459.aig

# Subcircuit 460
SUB_ID 460
LO (15):  22146 22152 22157 22170 22175 22177 22185 22195 22219 22223 22230 22232 22241 22254 22278
LI (42):  39 40 162 163 737 739 759 762 778 833 948 2904 10357 15289 17422 17509 17593 17711 21077 21161 21164 21188 21209 21228 21254 21270 21296 21399 22128 22151 22172 22173 22178 22184 22191 22202 22206 22208 22209 22213 22216 22218
NODE_NUM = 50
FILE mem_ctrl_sub_460.aig

# Subcircuit 461
SUB_ID 461
LO (3):  22238 22285 22293
LI (42):  39 40 164 738 753 778 833 948 2904 10357 14896 17422 17488 17509 17593 17711 21077 21162 21179 21189 21207 21208 21228 21254 21270 21296 22232 22237 22241 22248 22252 22254 22258 22259 22265 22270 22272 22273 22278 22282 22283 22291
NODE_NUM = 50
FILE mem_ctrl_sub_461.aig

# Subcircuit 462
SUB_ID 462
LO (12):  22291 22296 22300 22312 22319 22336 22354 22371 22381 22434 22449 22464
LI (32):  39 165 166 167 688 704 753 775 833 948 2904 17495 17593 21077 21156 21180 21195 21201 21213 21216 21230 21236 21259 21272 22293 22299 22307 22311 22335 22343 22377 22380
NODE_NUM = 50
FILE mem_ctrl_sub_462.aig

# Subcircuit 463
SUB_ID 463
LO (16):  22374 22377 22380 22382 22383 22395 22400 22408 22416 22453 22458 22461 22473 22479 22491 30510
LI (40):  39 40 167 168 216 706 728 769 773 833 948 2904 3227 3625 10357 16799 17423 17484 17500 17509 17593 17711 21077 21160 21161 21182 21188 21236 21259 21272 21276 21279 21605 22449 22472 22476 22480 22481 22485 30508
NODE_NUM = 50
FILE mem_ctrl_sub_463.aig

# Subcircuit 464
SUB_ID 464
LO (16):  22480 22485 22495 22507 22512 22515 22521 22559 22574 22580 31256 31264 31268 31271 31272 31331
LI (41):  39 40 168 169 610 700 764 769 782 786 833 948 1156 2904 3424 6406 17422 17752 18268 21167 21177 21192 21213 21228 21230 21399 22479 22484 22494 22506 22519 22558 22576 31176 31242 31244 31246 31253 31258 31261 31265
NODE_NUM = 49
FILE mem_ctrl_sub_464.aig

# Subcircuit 465
SUB_ID 465
LO (8):  22533 22545 22558 22568 22576 22593 22640 22662
LI (37):  39 40 169 216 300 730 747 764 948 2904 3625 6406 16799 17494 17495 17500 17593 17711 21157 21160 21161 21183 21187 21202 21217 21219 21267 21399 22528 22530 22531 22539 22541 22564 22639 22656 22657
NODE_NUM = 40
FILE mem_ctrl_sub_465.aig

# Subcircuit 466
SUB_ID 466
LO (12):  22597 22602 22656 31731 31733 31741 31745 31753 31757 31761 31765 31766
LI (35):  39 40 170 610 619 620 747 782 786 790 833 1156 2904 3424 17422 17509 17752 18268 21177 21228 22594 22600 22650 22654 31653 31717 31721 31723 31730 31735 31738 31742 31752 31756 31764
NODE_NUM = 48
FILE mem_ctrl_sub_466.aig

# Subcircuit 467
SUB_ID 467
LO (7):  22614 22618 22626 22639 22650 22657 22678
LI (36):  39 170 216 300 731 747 749 948 2904 3625 16799 17494 17495 17500 17593 17711 21077 21157 21160 21161 21183 21187 21202 21217 21219 21267 22609 22611 22612 22617 22620 22622 22643 22645 22674 22677
NODE_NUM = 36
FILE mem_ctrl_sub_467.aig

# Subcircuit 468
SUB_ID 468
LO (9):  22677 22692 22699 22704 22722 22724 22729 22741 22758
LI (46):  39 40 171 216 300 692 731 749 833 2904 3625 16799 17422 17494 17495 17500 17593 17713 21077 21157 21160 21161 21177 21183 21187 21202 21217 21219 21229 21236 21250 21257 21261 21267 21279 22684 22688 22690 22706 22708 22709 22711 22720 22728 22754 22757
NODE_NUM = 50
FILE mem_ctrl_sub_468.aig

# Subcircuit 469
SUB_ID 469
LO (11):  22754 22757 22803 22823 32210 32218 32222 32226 32230 32231 32285
LI (37):  39 40 172 610 619 692 765 782 786 833 948 1156 2904 3424 6406 17422 17752 18268 21177 21228 21399 22761 22793 22795 22800 22815 22817 22818 32130 32196 32198 32200 32207 32212 32215 32219 32229
NODE_NUM = 48
FILE mem_ctrl_sub_469.aig

# Subcircuit 470
SUB_ID 470
LO (10):  22787 22793 22800 22815 22832 22834 22835 22878 22913 32196
LI (47):  39 40 172 216 300 691 740 765 948 2904 3625 16799 17494 17495 17500 17509 17593 21077 21157 21160 21161 21179 21183 21187 21202 21217 21219 21250 21261 21267 22758 22770 22772 22773 22777 22781 22783 22788 22792 22806 22812 22814 22831 22835 22838 22912 32194
NODE_NUM = 50
FILE mem_ctrl_sub_470.aig

# Subcircuit 471
SUB_ID 471
LO (3):  22838 22849 22912
LI (35):  39 40 58 173 216 300 691 740 833 2904 3625 17422 17494 17495 17500 17509 21160 21161 21187 21228 21267 21339 22834 22853 22854 22858 22862 22864 22871 22874 22882 22885 22887 22896 22903
NODE_NUM = 50
FILE mem_ctrl_sub_471.aig

# Subcircuit 472
SUB_ID 472
LO (16):  22853 22858 22862 22871 22882 22885 22887 22903 22914 22915 22932 22936 22939 22942 22987 35084
LI (36):  39 173 174 216 626 691 724 740 779 1154 6406 16799 17488 17593 17706 17711 17720 17780 17853 21157 21179 21183 21202 21217 21219 21225 21250 21261 21399 22835 22849 22878 22881 22901 22916 22922
NODE_NUM = 48
FILE mem_ctrl_sub_472.aig

# Subcircuit 473
SUB_ID 473
LO (16):  22916 22922 22999 23003 23011 23015 23023 23027 23040 23042 23045 23103 23104 23105 23110 23111
LI (30):  39 174 610 619 620 626 627 724 782 786 789 790 1156 3424 17752 17924 18290 22921 22990 22993 22996 23000 23010 23014 23022 23026 23034 23038 23044 23102
NODE_NUM = 50
FILE mem_ctrl_sub_473.aig

# Subcircuit 474
SUB_ID 474
LO (7):  22921 22976 23058 23064 23168 23172 23180
LI (34):  174 620 629 630 645 648 716 788 789 790 793 1158 1160 17817 17853 17896 17963 17964 18018 18286 22915 22942 22944 22949 22954 22958 22964 22968 23152 23156 23158 23162 23167 23170
NODE_NUM = 49
FILE mem_ctrl_sub_474.aig

# Subcircuit 475
SUB_ID 475
LO (22):  22944 22949 22954 22958 22964 22968 22990 22993 22996 23000 23010 23014 23022 23026 23034 23038 23044 23047 23051 23069 23102 23184
LI (37):  39 174 619 620 627 629 645 648 716 724 746 1155 1157 1159 1160 3424 16972 17090 17511 17555 17588 17595 17752 17753 17765 17817 17896 17924 17966 22914 22987 22988 23070 23076 23088 23099 23101
NODE_NUM = 50
FILE mem_ctrl_sub_475.aig

# Subcircuit 476
SUB_ID 476
LO (12):  23070 23076 23088 23099 23199 23204 23206 23212 23214 23217 23218 23221
LI (34):  39 40 174 724 746 782 786 790 1155 1156 1160 6406 17072 17075 17169 17197 17236 17340 17379 17389 17396 17765 18020 18035 18038 19545 23069 23074 23080 23084 23085 23097 23198 23219
NODE_NUM = 49
FILE mem_ctrl_sub_476.aig

# Subcircuit 477
SUB_ID 477
LO (5):  23152 23156 23158 23162 23167
LI (35):  609 610 619 620 628 649 661 779 782 786 790 1154 1155 1156 18131 22932 22936 22939 22942 22999 23003 23011 23015 23023 23027 23103 23104 23105 23110 23111 23115 23122 23128 23138 23144
NODE_NUM = 50
FILE mem_ctrl_sub_477.aig

# Subcircuit 478
SUB_ID 478
LO (19):  23170 23191 23196 23198 23239 23242 23243 23249 23251 23254 23255 23256 23258 23262 23266 23275 23280 23284 23289
LI (29):  174 626 627 648 779 789 791 833 1154 1158 1159 2904 8620 16793 17895 17924 17994 17995 17996 18018 18143 20718 23040 23190 23199 23228 23229 23233 23244
NODE_NUM = 47
FILE mem_ctrl_sub_478.aig

# Subcircuit 479
SUB_ID 479
LO (5):  23228 23229 23233 23244 23340
LI (39):  609 610 619 620 627 649 724 779 782 786 789 790 1160 17074 18131 23217 23218 23221 23222 23249 23251 23275 23280 23284 23286 23289 23293 23295 23299 23301 23309 23311 23315 23317 23325 23326 23331 23332 23338
NODE_NUM = 50
FILE mem_ctrl_sub_479.aig

# Subcircuit 480
SUB_ID 480
LO (19):  23293 23295 23299 23301 23309 23311 23315 23317 23325 23331 23352 23371 23381 23437 23438 23440 23441 23461 23462
LI (38):  175 610 619 620 626 628 630 645 661 716 793 1155 1156 1160 1161 3424 17966 18169 18170 20522 21013 21017 23198 23204 23206 23212 23214 23239 23242 23254 23255 23256 23258 23349 23369 23379 23436 23439
NODE_NUM = 47
FILE mem_ctrl_sub_480.aig

# Subcircuit 481
SUB_ID 481
LO (10):  23390 23393 23436 23439 23443 23444 23485 23489 23499 23514
LI (37):  39 40 175 610 697 760 1154 1156 3424 16793 16972 17090 17169 17236 17340 17379 17388 17389 17396 17553 17593 17720 17752 19558 23402 23406 23412 23416 23418 23422 23426 23428 23430 23431 23438 23441 23484
NODE_NUM = 49
FILE mem_ctrl_sub_481.aig

# Subcircuit 482
SUB_ID 482
LO (7):  23450 23451 23464 23473 23598 23599 23615
LI (38):  39 175 610 619 620 627 629 779 782 786 789 790 1154 18286 18290 20118 23405 23437 23449 23461 23462 23474 23481 23490 23494 23500 23511 23521 23525 23531 23542 23552 23556 23562 23574 23584 23588 23594
NODE_NUM = 50
FILE mem_ctrl_sub_482.aig

# Subcircuit 483
SUB_ID 483
LO (20):  23481 23484 23490 23494 23500 23511 23521 23525 23531 23542 23547 23552 23556 23562 23572 23573 23577 23581 23587 23591
LI (23):  610 619 620 627 628 649 661 782 1155 1156 1160 17752 17780 17817 17853 23440 23444 23479 23489 23499 23517 23527 23544
NODE_NUM = 50
FILE mem_ctrl_sub_483.aig

# Subcircuit 484
SUB_ID 484
LO (10):  23517 23527 23544 23574 23584 23594 23659 23667 23669 23677
LI (34):  619 627 629 642 645 648 782 786 788 790 793 1157 1158 1159 17924 17966 18130 23485 23514 23547 23573 23578 23582 23592 23599 23601 23613 23615 23623 23627 23631 23644 23654 23666
NODE_NUM = 48
FILE mem_ctrl_sub_484.aig

# Subcircuit 485
SUB_ID 485
LO (13):  23578 23582 23588 23592 23601 23613 23623 23644 23654 23666 23676 23680 23683
LI (24):  629 630 631 642 645 648 716 788 790 793 1157 1158 1161 17896 18130 23444 23572 23577 23581 23587 23591 23667 23671 23677
NODE_NUM = 48
FILE mem_ctrl_sub_485.aig

# Subcircuit 486
SUB_ID 486
LO (7):  23627 23631 23671 23748 23760 23764 23872
LI (39):  58 175 610 619 626 645 697 779 786 791 793 833 1154 1161 6461 17075 17924 17966 23444 23598 23659 23669 23676 23680 23683 23690 23693 23696 23701 23710 23717 23729 23734 23738 23743 23753 23759 23763 23871
NODE_NUM = 49
FILE mem_ctrl_sub_486.aig

# Subcircuit 487
SUB_ID 487
LO (20):  23699 23701 23710 23717 23729 23734 23738 23743 23753 23759 23763 23779 23781 23789 23795 23802 23815 23816 23819 23825
LI (33):  175 609 610 619 628 629 630 661 779 782 790 793 1154 1155 1156 2904 17780 17853 18012 18013 19442 19443 23700 23706 23707 23731 23740 23756 23760 23764 23765 23775 23778
NODE_NUM = 50
FILE mem_ctrl_sub_487.aig

# Subcircuit 488
SUB_ID 488
LO (13):  23700 23706 23707 23731 23740 23755 23756 23765 23775 23776 23778 30985 35356
LI (44):  626 627 645 649 697 760 782 789 790 791 833 17072 17074 17753 17765 17852 18131 20385 20392 20473 20483 20522 20526 23748 23774 23777 30815 30889 30890 30893 30900 30902 30923 30939 30956 30962 30969 30973 30978 35333 35334 35339 35345 35350
NODE_NUM = 49
FILE mem_ctrl_sub_488.aig

# Subcircuit 489
SUB_ID 489
LO (12):  23774 23833 23837 23871 23873 23875 23877 23879 23926 23931 24042 24052
LI (29):  176 631 645 648 649 716 786 788 791 833 1161 2904 18020 19473 19497 20393 23699 23812 23815 23828 23841 23845 23851 23853 23858 23862 23870 23874 23878
NODE_NUM = 45
FILE mem_ctrl_sub_489.aig

# Subcircuit 490
SUB_ID 490
LO (12):  23874 23878 23896 23898 23904 23907 23936 23948 23985 23986 23990 23994
LI (34):  619 627 628 661 767 782 786 788 789 790 1155 1160 17072 17765 17924 18035 18038 18130 20718 23219 23222 23877 23880 23881 23903 23906 23934 23939 23941 23944 23967 23973 23978 23982
NODE_NUM = 50
FILE mem_ctrl_sub_490.aig

# Subcircuit 491
SUB_ID 491
LO (14):  23880 23881 23903 23906 23919 23920 23921 23923 23924 23928 23932 23934 23941 23963
LI (24):  609 626 631 648 701 779 1154 1156 16793 17074 17924 17963 17994 17995 17996 18018 18130 18143 18173 23873 23875 23879 23927 23931
NODE_NUM = 43
FILE mem_ctrl_sub_491.aig

# Subcircuit 492
SUB_ID 492
LO (10):  23927 23939 23944 23967 23973 23978 23982 24013 24021 24025
LI (42):  610 619 620 627 630 649 782 786 790 793 1155 1156 1158 1160 17893 17894 18131 18170 20522 21013 21017 23873 23896 23898 23904 23919 23920 23921 23923 23926 23948 23963 23966 23972 23985 23986 23990 23994 23998 24004 24020 24022
NODE_NUM = 50
FILE mem_ctrl_sub_492.aig

# Subcircuit 493
SUB_ID 493
LO (13):  24020 24022 24035 24060 24061 24062 24081 24085 24088 24091 24190 24194 24202
LI (34):  176 626 630 645 716 779 788 791 1154 1158 1161 17720 17780 17853 17966 18169 23873 23904 23907 23924 23928 23932 24021 24032 24036 24042 24045 24046 24052 24054 24059 24077 24078 24082
NODE_NUM = 45
FILE mem_ctrl_sub_493.aig

# Subcircuit 494
SUB_ID 494
LO (18):  24063 24077 24078 24082 24151 24155 24163 24167 24175 24179 24182 24185 24188 24197 24200 24208 24257 24263
LI (31):  176 610 619 620 626 645 779 782 786 790 1156 1161 3424 17752 17924 17966 18130 24075 24125 24142 24145 24148 24152 24162 24166 24174 24178 24184 24187 24190 24194
NODE_NUM = 48
FILE mem_ctrl_sub_494.aig

# Subcircuit 495
SUB_ID 495
LO (11):  24075 24094 24096 24102 24106 24114 24118 24125 24140 24207 24211
LI (36):  39 176 629 645 648 701 716 788 791 793 1157 1158 3424 17593 17706 17713 17817 17853 17896 18286 18290 24062 24066 24070 24074 24091 24093 24098 24101 24105 24113 24117 24138 24197 24204 24208
NODE_NUM = 50
FILE mem_ctrl_sub_495.aig

# Subcircuit 496
SUB_ID 496
LO (24):  24093 24098 24101 24105 24113 24117 24127 24131 24133 24138 24145 24148 24152 24162 24166 24174 24178 24184 24187 24204 24215 24271 24272 24278
LI (42):  176 610 619 620 626 629 648 767 779 1155 1160 1161 3424 16972 17555 17559 17586 17595 17752 17753 17765 17817 17896 17921 17922 17924 18130 24061 24063 24102 24106 24200 24202 24218 24221 24227 24239 24251 24258 24260 24264 24266
NODE_NUM = 50
FILE mem_ctrl_sub_496.aig

# Subcircuit 497
SUB_ID 497
LO (10):  24221 24227 24239 24251 24258 24260 24264 24266 24287 24300
LI (42):  39 40 176 609 610 619 701 767 786 1154 1156 6406 17075 17090 17169 17197 17236 17340 17379 17389 17396 23874 24081 24085 24088 24225 24231 24235 24237 24241 24249 24257 24263 24272 24276 24278 24282 24286 24290 24292 24296 24298
NODE_NUM = 50
FILE mem_ctrl_sub_497.aig

# Subcircuit 498
SUB_ID 498
LO (10):  24276 24282 24286 24290 24292 24296 24298 24334 24342 24351
LI (46):  177 619 620 627 628 649 661 782 786 788 789 790 1155 1160 2904 17893 17894 17963 17964 18018 18131 20526 20718 24061 24091 24094 24096 24114 24118 24151 24155 24163 24167 24175 24179 24182 24188 24271 24287 24300 24306 24312 24323 24328 24333 24340
NODE_NUM = 50
FILE mem_ctrl_sub_498.aig

# Subcircuit 499
SUB_ID 499
LO (9):  24400 24401 24402 24404 24405 24415 24429 24444 24512
LI (22):  609 626 631 648 705 779 789 1154 1158 16793 17074 17963 17994 17995 17996 18018 18143 18173 24351 24353 24421 24426
NODE_NUM = 47
FILE mem_ctrl_sub_499.aig

# Subcircuit 500
SUB_ID 500
LO (3):  24421 24426 24541
LI (37):  610 619 620 645 782 786 790 791 833 17893 17894 18131 20526 24417 24418 24419 24423 24424 24429 24444 24447 24449 24453 24455 24463 24465 24469 24471 24479 24481 24485 24487 24506 24516 24525 24529 24535
NODE_NUM = 50
FILE mem_ctrl_sub_500.aig

# Subcircuit 501
SUB_ID 501
LO (17):  24447 24449 24453 24455 24463 24465 24469 24471 24479 24481 24485 24487 24506 24516 24525 24529 24535
LI (39):  610 619 620 628 630 645 649 661 716 788 793 1155 1156 1160 1161 17966 18169 18170 20522 21013 21017 24351 24357 24359 24365 24367 24375 24379 24385 24388 24400 24401 24402 24404 24405 24503 24512 24523 24533
NODE_NUM = 49
FILE mem_ctrl_sub_501.aig

# Subcircuit 502
SUB_ID 502
LO (18):  24542 24561 24565 24568 24571 24574 24576 24582 24586 24591 24594 24598 24600 35102 35107 35191 35197 35198
LI (17):  177 626 629 648 779 793 1154 1157 1158 17720 17780 17817 17853 17896 24557 24558 24562
NODE_NUM = 48
FILE mem_ctrl_sub_502.aig

# Subcircuit 503
SUB_ID 503
LO (10):  24546 24557 24558 24562 32973 32977 32992 32996 35298 35304
LI (24):  177 195 609 610 619 626 779 786 1155 1156 17780 24544 24545 24555 32916 32922 32927 32934 32937 32943 32958 32968 32976 32991
NODE_NUM = 50
FILE mem_ctrl_sub_503.aig

# Subcircuit 504
SUB_ID 504
LO (13):  24555 32916 32922 32934 32943 32958 32968 32991 33004 33017 35086 35088 35092
LI (29):  177 195 610 619 626 628 661 705 731 779 782 786 1154 1156 3424 17752 20118 24548 24554 32909 32912 32921 32953 32964 32981 32989 32992 32996 32999
NODE_NUM = 50
FILE mem_ctrl_sub_504.aig

# Subcircuit 505
SUB_ID 505
LO (15):  24554 24614 24617 24620 24624 24634 24639 24643 24644 24645 24648 24649 24679 24683 24708
LI (29):  177 619 620 645 705 716 743 782 788 790 791 1155 1161 3424 17713 17752 17753 17765 24542 24591 24600 24611 24631 24635 24636 24664 24668 24672 24676
NODE_NUM = 46
FILE mem_ctrl_sub_505.aig

# Subcircuit 506
SUB_ID 506
LO (9):  24657 24664 24672 24689 24693 24709 24714 24725 24788
LI (40):  177 627 645 649 788 789 790 1154 1160 17893 17894 17921 17922 17924 17963 17964 17966 18018 18130 19551 19568 20718 24542 24576 24582 24586 24594 24598 24643 24644 24645 24648 24649 24651 24698 24703 24724 24774 24780 24786
NODE_NUM = 50
FILE mem_ctrl_sub_506.aig

# Subcircuit 507
SUB_ID 507
LO (22):  24727 24731 24733 24741 24743 24747 24749 24757 24759 24763 24765 24773 24780 24786 24798 24807 24812 24816 24851 24869 24875 25284
LI (47):  39 177 178 609 610 619 620 626 628 661 687 758 790 833 1154 1155 1156 1160 8620 17593 17706 18131 18255 19555 24561 24565 24568 24571 24574 24608 24623 24627 24635 24639 24730 24770 24777 24801 24806 24839 24843 24849 24855 24862 24865 25089 25283
NODE_NUM = 49
FILE mem_ctrl_sub_507.aig

# Subcircuit 508
SUB_ID 508
LO (26):  24822 24839 34595 34599 38704 39109 39111 39112 39113 39122 39162 39163 39184 39221 39273 39662 39823 39877 39878 39880 39884 39889 41710 42801 42878 43555
LI (30):  39 178 200 201 208 209 212 215 220 300 1154 1155 11533 19566 19570 19571 19573 24821 24834 24837 34594 38769 38841 39049 39108 39118 39139 39149 39170 39182
NODE_NUM = 50
FILE mem_ctrl_sub_508.aig

# Subcircuit 509
SUB_ID 509
LO (13):  24843 24849 24853 24855 24865 24901 24905 24908 24914 24918 24924 24928 24943
LI (27):  39 178 619 626 661 786 1154 1155 1156 3424 17713 17720 17752 17753 17765 17780 18286 18290 24842 24847 24880 24882 24883 24891 24893 24900 24903
NODE_NUM = 49
FILE mem_ctrl_sub_509.aig

# Subcircuit 510
SUB_ID 510
LO (7):  24862 24880 24891 24900 24903 24996 25023
LI (37):  610 620 627 628 629 779 782 786 789 790 1154 1156 17780 24833 24851 24859 24860 24869 24875 24879 24890 24908 24918 24930 24933 24940 24950 24954 24960 24972 24982 24986 24992 25002 25011 25015 25021
NODE_NUM = 50
FILE mem_ctrl_sub_510.aig

# Subcircuit 511
SUB_ID 511
LO (11):  24930 24933 24940 24954 24972 24986 25011 25021 25057 25065 25078
LI (31):  620 627 628 629 630 631 642 645 648 716 782 788 793 1160 17817 17853 17896 24901 24905 24924 24928 24937 24968 25005 25009 25019 25033 25040 25047 25050 25056
NODE_NUM = 50
FILE mem_ctrl_sub_511.aig

# Subcircuit 512
SUB_ID 512
LO (14):  24937 24950 24960 24982 24992 25002 25009 25015 25019 25030 25033 25040 25046 25050
LI (19):  620 627 629 642 648 649 782 790 1157 1158 1159 1160 17817 17924 18130 24853 24914 24944 25027
NODE_NUM = 50
FILE mem_ctrl_sub_512.aig

# Subcircuit 513
SUB_ID 513
LO (19):  24944 24968 25005 25027 25047 25056 25089 25093 25095 25099 25101 25104 25105 25106 25149 25154 25261 25265 25275
LI (31):  178 645 648 716 782 786 788 791 793 1156 1161 2904 8620 17853 17896 17966 18020 18025 18028 18035 24853 24943 24996 25023 25030 25046 25057 25065 25078 25088 25094
NODE_NUM = 50
FILE mem_ctrl_sub_513.aig

# Subcircuit 514
SUB_ID 514
LO (6):  25094 25127 25130 25159 25237 25238
LI (33):  620 627 628 649 758 782 788 789 790 1155 17072 17924 18130 18131 18170 20526 20718 25105 25106 25109 25116 25120 25126 25129 25157 25162 25164 25167 25206 25212 25217 25221 25227
NODE_NUM = 50
FILE mem_ctrl_sub_514.aig

# Subcircuit 515
SUB_ID 515
LO (20):  25109 25116 25120 25126 25129 25137 25139 25142 25143 25146 25147 25151 25155 25157 25164 25176 25180 25185 25221 25227
LI (26):  620 626 631 648 687 779 1154 1155 1160 16793 17074 17924 17963 17994 17995 17996 18018 18038 18130 18143 18173 25093 25095 25104 25150 25154
NODE_NUM = 44
FILE mem_ctrl_sub_515.aig

# Subcircuit 516
SUB_ID 516
LO (9):  25150 25162 25167 25206 25212 25217 25250 25268 25272
LI (42):  609 610 619 627 630 645 661 779 782 786 793 1155 1156 1158 17893 17894 20522 21013 25093 25099 25101 25137 25139 25142 25143 25146 25149 25159 25176 25180 25182 25185 25189 25195 25205 25211 25237 25238 25245 25258 25267 25271
NODE_NUM = 50
FILE mem_ctrl_sub_516.aig

# Subcircuit 517
SUB_ID 517
LO (15):  25245 25258 25267 25271 25283 25285 25287 25292 25294 25297 25298 25300 25450 25454 25464
LI (35):  179 630 645 716 782 786 788 791 833 1155 1156 1158 1161 2904 17966 18020 18035 18169 21017 25127 25130 25146 25147 25151 25155 25250 25255 25261 25265 25268 25272 25275 25282 25286 25290
NODE_NUM = 46
FILE mem_ctrl_sub_517.aig

# Subcircuit 518
SUB_ID 518
LO (17):  25286 25290 25536 25548 25550 25558 25562 25570 25574 25582 25586 25589 25592 25595 25602 25607 25652
LI (33):  39 179 610 619 620 645 761 782 786 790 1156 3424 17072 17075 17511 17752 17765 17924 17966 18130 25539 25543 25552 25555 25559 25569 25573 25581 25585 25591 25594 25597 25601
NODE_NUM = 49
FILE mem_ctrl_sub_518.aig

# Subcircuit 519
SUB_ID 519
LO (5):  25316 25319 25348 25426 25427
LI (33):  620 627 628 649 782 788 789 790 1155 1160 17924 18038 18130 18131 18170 20526 20718 23219 23222 25297 25298 25300 25315 25318 25346 25351 25353 25356 25395 25401 25406 25410 25416
NODE_NUM = 50
FILE mem_ctrl_sub_519.aig

# Subcircuit 520
SUB_ID 520
LO (14):  25315 25318 25332 25333 25335 25336 25346 25353 25375 25376 25377 25382 25383 25443
LI (22):  609 610 626 631 648 689 779 1154 1158 16793 17074 17924 17963 17994 17995 17996 18018 18130 18143 18173 25285 25287
NODE_NUM = 50
FILE mem_ctrl_sub_520.aig

# Subcircuit 521
SUB_ID 521
LO (9):  25351 25356 25395 25401 25406 25410 25416 25433 25472
LI (42):  619 620 627 630 645 661 782 786 791 793 833 1155 1156 1160 17893 17894 20522 21013 21017 25285 25292 25294 25332 25333 25335 25348 25375 25376 25377 25382 25383 25387 25394 25400 25426 25427 25432 25434 25447 25456 25460 25466
NODE_NUM = 50
FILE mem_ctrl_sub_521.aig

# Subcircuit 522
SUB_ID 522
LO (18):  25432 25434 25447 25456 25460 25466 25473 25491 25495 25498 25501 25504 25506 25509 25510 25597 25601 25609
LI (27):  179 626 630 645 716 779 788 793 1154 1161 17720 17780 17817 17853 17896 17966 18169 25316 25319 25336 25433 25443 25450 25454 25464 25475 25485
NODE_NUM = 50
FILE mem_ctrl_sub_522.aig

# Subcircuit 523
SUB_ID 523
LO (7):  25475 25485 25539 25614 25618 25622 25747
LI (30):  39 179 629 630 645 648 689 716 788 791 793 1158 3424 17593 17706 17963 17964 18286 18290 25484 25509 25510 25513 25517 25523 25527 25537 25603 25611 25742
NODE_NUM = 49
FILE mem_ctrl_sub_523.aig

# Subcircuit 524
SUB_ID 524
LO (19):  25513 25517 25523 25527 25537 25543 25552 25555 25559 25569 25573 25581 25585 25591 25594 25603 25611 25676 25689
LI (38):  179 610 619 620 626 629 648 689 761 779 1155 1157 1160 1161 17555 17588 17595 17752 17753 17765 17924 18130 25473 25536 25542 25548 25602 25607 25609 25658 25663 25665 25669 25671 25679 25681 25685 25687
NODE_NUM = 47
FILE mem_ctrl_sub_524.aig

# Subcircuit 525
SUB_ID 525
LO (12):  25658 25663 25665 25669 25671 25679 25681 25685 25687 25692 25698 25702
LI (46):  39 40 179 609 610 619 626 661 689 761 786 1154 1156 3424 6406 16972 17090 17169 17197 17236 17340 17379 17389 17396 19545 25491 25495 25498 25550 25558 25562 25628 25632 25634 25638 25642 25643 25646 25652 25654 25656 25689 25691 25695 25697 25701
NODE_NUM = 50
FILE mem_ctrl_sub_525.aig

# Subcircuit 526
SUB_ID 526
LO (9):  25691 25695 25697 25701 25739 25742 25756 25770 25802
LI (43):  180 619 620 627 628 649 742 782 786 789 790 1155 1160 3424 17593 17706 17893 17894 18018 18131 18255 20526 20718 25473 25501 25504 25506 25570 25574 25582 25586 25589 25595 25676 25692 25698 25702 25711 25717 25728 25733 25738 25768
NODE_NUM = 50
FILE mem_ctrl_sub_526.aig

# Subcircuit 527
SUB_ID 527
LO (9):  25768 25771 25782 25795 25825 25830 25838 25840 25844
LI (30):  39 40 180 609 610 626 661 742 779 1154 1156 16972 17090 17340 17379 17720 17753 19538 19568 24608 25761 25765 25766 25780 25793 25794 25804 25815 25824 25836
NODE_NUM = 50
FILE mem_ctrl_sub_527.aig

# Subcircuit 528
SUB_ID 528
LO (9):  25804 25824 25836 25887 25894 25898 25902 25905 25909
LI (32):  39 180 610 619 620 628 661 725 779 782 786 1156 3424 17752 18286 18290 25787 25790 25800 25802 25838 25840 25844 25845 25853 25860 25862 25870 25876 25880 25893 25901
NODE_NUM = 49
FILE mem_ctrl_sub_528.aig

# Subcircuit 529
SUB_ID 529
LO (16):  25845 25853 25860 25870 25876 25880 25893 25901 25903 25919 25923 25926 25929 25933 25940 25943
LI (22):  619 620 627 642 649 786 789 790 1155 1160 17765 17780 17817 17853 25795 25825 25830 25902 25904 25905 25909 25917
NODE_NUM = 50
FILE mem_ctrl_sub_529.aig

# Subcircuit 530
SUB_ID 530
LO (10):  25862 25904 25917 25953 25979 25980 25989 25992 25997 26002
LI (24):  627 629 630 648 789 790 793 1157 1159 17752 18130 25795 25887 25894 25898 25903 25919 25926 25929 25933 25940 25943 25960 25970
NODE_NUM = 47
FILE mem_ctrl_sub_530.aig

# Subcircuit 531
SUB_ID 531
LO (3):  25960 25970 26237
LI (25):  629 631 645 648 716 788 791 793 1161 8620 17896 25795 25923 25986 25989 25993 26000 26003 26009 26022 26026 26032 26036 26044 26236
NODE_NUM = 47
FILE mem_ctrl_sub_531.aig

# Subcircuit 532
SUB_ID 532
LO (25):  25986 25993 26000 26003 26009 26022 26032 26044 26046 26048 26052 26054 26060 26062 26066 26067 26068 26071 26072 26082 26103 26107 26214 26217 26227
LI (29):  180 620 645 648 782 786 788 790 833 1155 1156 1158 2904 8620 17924 17966 18020 18025 18028 18035 18038 25795 25953 25979 25980 25992 25997 26002 26047
NODE_NUM = 50
FILE mem_ctrl_sub_532.aig

# Subcircuit 533
SUB_ID 533
LO (5):  26047 26203 26221 26222 26226
LI (38):  627 630 645 649 742 788 789 790 793 1160 1161 17072 17924 17966 18130 18169 18170 20522 20526 20718 26066 26067 26068 26074 26079 26082 26110 26115 26117 26120 26175 26181 26187 26192 26195 26211 26214 26218
NODE_NUM = 50
FILE mem_ctrl_sub_533.aig

# Subcircuit 534
SUB_ID 534
LO (13):  26074 26079 26096 26097 26099 26100 26104 26108 26110 26117 26139 26143 26149
LI (26):  609 610 626 631 648 725 779 1154 1156 1160 16793 17074 17963 17994 17995 17996 18018 18130 18143 18173 26046 26048 26071 26072 26103 26107
NODE_NUM = 50
FILE mem_ctrl_sub_534.aig

# Subcircuit 535
SUB_ID 535
LO (9):  26115 26120 26175 26181 26187 26192 26195 26211 26233
LI (40):  619 620 627 628 645 661 716 782 786 788 790 791 1155 1160 17893 17894 18131 21013 21017 26046 26052 26054 26060 26062 26096 26097 26099 26100 26139 26143 26149 26151 26158 26164 26174 26180 26208 26221 26222 26230
NODE_NUM = 50
FILE mem_ctrl_sub_535.aig

# Subcircuit 536
SUB_ID 536
LO (19):  26208 26218 26230 26236 26238 26240 26245 26247 26253 26255 26261 26263 26266 26269 26272 26273 26275 26276 26278
LI (34):  181 716 779 782 786 788 790 791 833 1155 1156 1158 1160 1161 2904 17924 18020 18035 18038 18130 20718 23219 23222 26104 26108 26203 26217 26226 26227 26233 26239 26243 26274 26277
NODE_NUM = 47
FILE mem_ctrl_sub_536.aig

# Subcircuit 537
SUB_ID 537
LO (18):  26239 26243 26444 26448 26451 26454 26457 26459 26463 26464 26465 26468 26469 26489 26495 26496 26518 26617
LI (23):  39 181 626 629 703 754 779 793 1154 3424 6406 17072 17075 17555 17765 17780 17817 17853 17896 26426 26438 26606 26609
NODE_NUM = 47
FILE mem_ctrl_sub_537.aig

# Subcircuit 538
SUB_ID 538
LO (14):  26274 26277 26286 26288 26293 26297 26301 26313 26344 26345 26346 26351 26352 26394
LI (33):  609 610 619 626 631 648 703 779 786 788 789 1156 17074 17963 17994 17995 17996 18018 18143 18173 26273 26276 26279 26280 26292 26296 26305 26310 26318 26322 26327 26333 26339
NODE_NUM = 50
FILE mem_ctrl_sub_538.aig

# Subcircuit 539
SUB_ID 539
LO (16):  26279 26280 26292 26296 26305 26310 26318 26322 26327 26333 26339 26392 26401 26406 26411 26416
LI (38):  620 626 627 645 648 661 779 782 790 1154 1155 1158 16793 17893 17894 18131 20526 26238 26240 26245 26247 26266 26275 26278 26301 26313 26317 26345 26346 26349 26356 26359 26363 26365 26369 26371 26390 26400
NODE_NUM = 49
FILE mem_ctrl_sub_539.aig

# Subcircuit 540
SUB_ID 540
LO (11):  26349 26356 26359 26363 26365 26369 26371 26390 26400 26423 26714
LI (45):  620 628 630 645 649 716 782 788 791 793 1155 1158 1160 1161 17966 18169 18170 20522 21013 21017 26238 26253 26255 26261 26263 26269 26272 26286 26288 26293 26297 26344 26351 26352 26387 26392 26394 26401 26406 26410 26411 26416 26419 26424 26713
NODE_NUM = 50
FILE mem_ctrl_sub_540.aig

# Subcircuit 541
SUB_ID 541
LO (17):  26424 26426 26477 26481 26511 26514 26528 26532 26540 26544 26550 26553 26573 26577 35169 35260 35267
LI (24):  181 619 620 645 648 716 788 791 833 1155 1158 1160 1161 17720 17752 17753 17924 17966 18130 26423 26475 26479 26485 26555
NODE_NUM = 50
FILE mem_ctrl_sub_541.aig

# Subcircuit 542
SUB_ID 542
LO (11):  26438 26475 26479 26485 26491 26497 26506 26555 26581 26635 26648
LI (40):  39 181 610 626 630 648 703 754 779 788 793 1157 3424 17377 17586 17593 17595 17706 17966 18286 18290 26437 26463 26464 26465 26468 26469 26471 26489 26507 26554 26617 26622 26624 26628 26630 26638 26640 26644 26646
NODE_NUM = 48
FILE mem_ctrl_sub_542.aig

# Subcircuit 543
SUB_ID 543
LO (11):  26606 26609 26622 26624 26628 26630 26638 26640 26644 26646 26667
LI (42):  39 40 181 609 610 619 626 661 754 782 786 1154 1156 16972 17090 17169 17197 17236 17340 17379 17389 17396 19545 26444 26448 26451 26509 26517 26521 26587 26591 26593 26597 26601 26602 26605 26648 26650 26654 26656 26660 26662
NODE_NUM = 49
FILE mem_ctrl_sub_543.aig

# Subcircuit 544
SUB_ID 544
LO (8):  26650 26654 26656 26660 26662 26698 26706 26712
LI (42):  181 619 620 627 628 649 786 788 789 790 833 1155 1160 8620 17893 17894 17963 17964 18018 18131 20526 20718 26426 26454 26457 26459 26477 26481 26529 26533 26541 26545 26548 26554 26635 26667 26670 26676 26687 26692 26697 26704
NODE_NUM = 46
FILE mem_ctrl_sub_544.aig

# Subcircuit 545
SUB_ID 545
LO (23):  26715 26717 26722 26724 26730 26732 26738 26740 26743 26746 26749 26750 26752 26756 26757 26758 26761 26762 26763 26764 26765 26766 26798
LI (27):  182 779 782 786 790 1154 1155 1156 1160 2904 17924 17994 17995 17996 18020 18035 18038 18130 18143 18173 20718 23219 23222 26716 26720 26751 26754
NODE_NUM = 49
FILE mem_ctrl_sub_545.aig

# Subcircuit 546
SUB_ID 546
LO (18):  26716 26720 26921 26925 26928 26931 26934 26936 26940 26941 26942 26945 26946 26966 26972 26973 26995 27094
LI (23):  39 182 626 629 710 755 779 793 1154 3424 6406 17072 17075 17555 17765 17780 17817 17853 17896 26903 26915 27083 27086
NODE_NUM = 47
FILE mem_ctrl_sub_546.aig

# Subcircuit 547
SUB_ID 547
LO (6):  26751 26754 26782 26784 26785 27191
LI (26):  626 627 631 645 648 710 716 788 791 833 1158 1161 17074 17893 17963 26715 26743 26750 26766 26769 26868 26882 26886 26892 26896 27190
NODE_NUM = 50
FILE mem_ctrl_sub_547.aig

# Subcircuit 548
SUB_ID 548
LO (3):  26851 26852 26868
LI (38):  610 619 620 626 779 782 786 789 790 16793 17894 18018 20526 26717 26752 26757 26764 26782 26784 26785 26787 26796 26798 26800 26808 26810 26814 26816 26824 26826 26830 26832 26840 26842 26846 26848 26854 26867
NODE_NUM = 50
FILE mem_ctrl_sub_548.aig

# Subcircuit 549
SUB_ID 549
LO (26):  26796 26800 26808 26810 26814 26816 26824 26826 26830 26832 26840 26842 26846 26848 26854 26867 26882 26892 26903 27005 27009 27017 27021 27033 27036 27044
LI (40):  182 609 610 619 620 628 630 645 649 661 793 1155 1156 1160 17720 17966 18131 18169 18170 20522 21013 21017 26715 26722 26724 26730 26732 26738 26740 26746 26749 26756 26758 26761 26762 26763 26765 26851 26852 26864
NODE_NUM = 50
FILE mem_ctrl_sub_549.aig

# Subcircuit 550
SUB_ID 550
LO (6):  26915 26983 27050 27054 27177 27181
LI (32):  39 182 630 645 648 710 716 788 791 793 1157 1158 3424 17593 17706 17963 17964 18286 18290 20522 26914 26940 26941 26942 26948 26953 26957 26981 27039 27047 27055 27175
NODE_NUM = 48
FILE mem_ctrl_sub_550.aig

# Subcircuit 551
SUB_ID 551
LO (15):  26948 26953 26957 26968 26974 26981 26988 26991 27027 27030 27037 27039 27047 27055 27144
LI (44):  182 610 619 626 648 710 716 755 779 782 786 1157 1161 17377 17586 17595 17752 17753 17924 18130 20729 26903 26945 26946 26966 26984 27028 27036 27038 27043 27044 27094 27099 27101 27105 27107 27115 27117 27121 27123 27131 27133 27137 27139
NODE_NUM = 50
FILE mem_ctrl_sub_551.aig

# Subcircuit 552
SUB_ID 552
LO (16):  27083 27086 27099 27101 27105 27107 27115 27117 27121 27123 27131 27133 27137 27139 27150 27156
LI (45):  39 40 182 609 610 619 620 626 628 661 755 1154 1155 1156 16972 17090 17169 17197 17236 17340 17379 17389 17396 19545 26921 26925 26928 26931 26986 26994 26998 27006 27010 27064 27068 27070 27074 27078 27079 27082 27144 27147 27149 27153 27155
NODE_NUM = 49
FILE mem_ctrl_sub_552.aig

# Subcircuit 553
SUB_ID 553
LO (13):  27147 27149 27153 27155 27175 27190 27192 27194 27196 27198 27258 27263 27660
LI (40):  183 620 627 649 786 788 789 790 833 1160 2904 8620 17893 17894 18018 18020 18131 20526 20718 26903 26934 26936 27018 27022 27025 27031 27050 27054 27144 27150 27156 27160 27164 27169 27174 27177 27181 27188 27193 27197
NODE_NUM = 45
FILE mem_ctrl_sub_553.aig

# Subcircuit 554
SUB_ID 554
LO (12):  27193 27197 27215 27217 27223 27226 27255 27267 27304 27305 27309 27313
LI (34):  619 627 628 661 757 782 786 788 789 790 1155 1160 17072 17765 17924 18035 18038 18130 20718 23219 23222 27196 27199 27200 27222 27225 27253 27258 27260 27263 27286 27292 27297 27301
NODE_NUM = 50
FILE mem_ctrl_sub_554.aig

# Subcircuit 555
SUB_ID 555
LO (13):  27199 27200 27222 27225 27238 27239 27240 27242 27243 27253 27260 27282 27350
LI (23):  609 626 631 648 735 779 1154 1156 1158 16793 17074 17924 17963 17994 17995 17996 18018 18130 18143 18173 27192 27194 27198
NODE_NUM = 48
FILE mem_ctrl_sub_555.aig

# Subcircuit 556
SUB_ID 556
LO (5):  27286 27292 27297 27301 27662
LI (37):  610 619 620 645 649 782 786 790 791 833 1155 1156 1160 18131 20526 27217 27238 27239 27240 27255 27267 27282 27285 27291 27304 27305 27309 27313 27317 27323 27325 27344 27354 27363 27367 27373 27661
NODE_NUM = 50
FILE mem_ctrl_sub_556.aig

# Subcircuit 557
SUB_ID 557
LO (16):  27325 27344 27354 27363 27367 27373 27380 27381 27394 27395 27396 27399 27400 27504 27508 27516
LI (30):  183 626 630 645 649 716 779 788 793 1161 17720 17853 17966 18169 18170 20522 21013 21017 27192 27215 27223 27226 27242 27243 27341 27350 27361 27371 27382 27392
NODE_NUM = 46
FILE mem_ctrl_sub_557.aig

# Subcircuit 558
SUB_ID 558
LO (16):  27382 27392 27443 27457 27465 27469 27477 27481 27489 27493 27496 27499 27502 27511 27514 27522
LI (33):  39 183 610 619 620 645 735 782 786 790 1156 1161 3424 17752 17924 17966 18130 18290 27387 27391 27442 27456 27459 27462 27466 27476 27480 27488 27492 27498 27501 27504 27508
NODE_NUM = 48
FILE mem_ctrl_sub_558.aig

# Subcircuit 559
SUB_ID 559
LO (5):  27387 27391 27456 27629 27630
LI (35):  39 183 610 619 620 626 735 779 782 786 790 3424 17593 17706 18286 27443 27444 27454 27565 27570 27572 27576 27578 27586 27588 27592 27594 27602 27604 27608 27610 27618 27620 27624 27626
NODE_NUM = 50
FILE mem_ctrl_sub_559.aig

# Subcircuit 560
SUB_ID 560
LO (13):  27408 27411 27413 27431 27435 27442 27521 27525 27531 27572 27578 27585 27591
LI (33):  609 610 629 630 645 648 716 779 788 791 793 1154 1158 17780 17817 17853 17896 27381 27394 27395 27396 27402 27407 27410 27415 27420 27424 27430 27434 27511 27518 27522 27526
NODE_NUM = 50
FILE mem_ctrl_sub_560.aig

# Subcircuit 561
SUB_ID 561
LO (23):  27402 27407 27410 27415 27420 27424 27430 27434 27444 27454 27459 27462 27466 27476 27480 27488 27492 27498 27501 27518 27526 27543 27565
LI (44):  39 40 183 619 620 629 648 757 1154 1155 1157 1160 1161 3424 16972 17090 17169 17236 17379 17511 17555 17588 17595 17752 17753 17765 17780 17817 17896 17924 18130 20729 27380 27399 27400 27449 27499 27514 27516 27535 27539 27541 27553 27563
NODE_NUM = 50
FILE mem_ctrl_sub_561.aig

# Subcircuit 562
SUB_ID 562
LO (17):  27553 27563 27570 27576 27586 27588 27592 27594 27602 27604 27608 27610 27618 27620 27624 27626 27661
LI (49):  39 40 183 619 620 626 628 649 661 735 757 1154 1155 1156 1160 6406 8620 17075 17197 17340 17389 17396 18131 19545 20522 27193 27408 27411 27457 27465 27469 27477 27481 27489 27493 27521 27525 27531 27543 27549 27550 27561 27585 27591 27629 27630 27645 27654 27660
NODE_NUM = 49
FILE mem_ctrl_sub_562.aig

# Subcircuit 563
SUB_ID 563
LO (13):  27645 27654 27663 27665 27670 27672 27678 27680 27683 27684 27686 27729 27734
LI (33):  184 627 782 786 788 789 790 1155 1156 1160 2904 17893 17894 17963 17964 18018 18020 18035 18038 20526 20718 23219 27380 27413 27431 27435 27496 27502 27635 27640 27652 27664 27668
NODE_NUM = 45
FILE mem_ctrl_sub_563.aig

# Subcircuit 564
SUB_ID 564
LO (17):  27664 27668 27914 27926 27928 27936 27940 27948 27952 27960 27964 27967 27970 27973 27980 27985 28030
LI (33):  39 184 610 619 620 645 756 782 786 790 1156 3424 17072 17075 17511 17752 17765 17924 17966 18130 27917 27921 27930 27933 27937 27947 27951 27959 27963 27969 27972 27975 27979
NODE_NUM = 49
FILE mem_ctrl_sub_564.aig

# Subcircuit 565
SUB_ID 565
LO (4):  27817 27835 27839 27840
LI (37):  627 630 645 649 788 789 790 793 1160 1161 17924 17966 18130 18169 18170 20522 20526 20718 23222 27683 27684 27686 27693 27696 27724 27729 27731 27734 27789 27795 27801 27806 27809 27825 27828 27832 27838
NODE_NUM = 50
FILE mem_ctrl_sub_565.aig

# Subcircuit 566
SUB_ID 566
LO (14):  27693 27696 27710 27711 27713 27714 27724 27731 27753 27754 27755 27760 27761 27821
LI (22):  609 610 626 631 648 726 779 1154 1158 16793 17074 17924 17963 17994 17995 17996 18018 18130 18143 18173 27663 27665
NODE_NUM = 50
FILE mem_ctrl_sub_566.aig

# Subcircuit 567
SUB_ID 567
LO (7):  27789 27795 27801 27806 27809 27825 27838
LI (35):  619 620 628 645 661 716 782 786 788 790 1155 1156 1160 18131 21013 21017 27670 27672 27678 27680 27710 27711 27713 27714 27753 27754 27755 27760 27761 27765 27772 27778 27788 27794 27821
NODE_NUM = 47
FILE mem_ctrl_sub_567.aig

# Subcircuit 568
SUB_ID 568
LO (15):  27828 27832 27851 27869 27873 27876 27879 27882 27884 27887 27888 27975 27979 27987 28133
LI (25):  184 626 645 716 779 791 793 833 1154 1161 17720 17780 17817 17853 17896 17966 27663 27817 27835 27839 27840 27849 27853 27863 28132
NODE_NUM = 47
FILE mem_ctrl_sub_568.aig

# Subcircuit 569
SUB_ID 569
LO (8):  27853 27863 27906 27917 27992 27996 28119 28121
LI (31):  39 184 629 630 645 648 716 726 788 791 793 1158 3424 17593 17706 17964 18286 18290 20522 27862 27887 27888 27891 27895 27901 27905 27915 27981 27989 27997 28117
NODE_NUM = 49
FILE mem_ctrl_sub_569.aig

# Subcircuit 570
SUB_ID 570
LO (20):  27891 27895 27901 27905 27915 27921 27930 27933 27937 27947 27951 27959 27963 27969 27972 27981 27989 27997 28054 28067
LI (40):  184 610 619 620 626 629 648 726 756 779 1155 1157 1160 1161 17555 17588 17595 17752 17753 17765 17924 18130 20729 27851 27914 27920 27926 27970 27980 27985 27987 28036 28041 28043 28047 28049 28057 28059 28063 28065
NODE_NUM = 48
FILE mem_ctrl_sub_570.aig

# Subcircuit 571
SUB_ID 571
LO (12):  28036 28041 28043 28047 28049 28057 28059 28063 28065 28070 28076 28080
LI (46):  39 40 184 609 610 619 626 661 726 756 786 1154 1156 3424 6406 16972 17090 17169 17197 17236 17340 17379 17389 17396 19545 27869 27873 27876 27928 27936 27940 28006 28010 28012 28016 28020 28021 28024 28030 28032 28034 28067 28069 28073 28075 28079
NODE_NUM = 50
FILE mem_ctrl_sub_571.aig

# Subcircuit 572
SUB_ID 572
LO (6):  28069 28073 28075 28079 28117 28129
LI (42):  619 620 627 628 649 782 786 788 789 790 1155 1160 8620 17893 17894 18018 18131 20526 20718 27851 27879 27882 27884 27948 27952 27960 27964 27967 27973 27992 27996 28054 28070 28076 28080 28089 28095 28106 28111 28116 28119 28123
NODE_NUM = 50
FILE mem_ctrl_sub_572.aig

# Subcircuit 573
SUB_ID 573
LO (21):  28123 28132 28134 28136 28141 28143 28149 28151 28157 28159 28162 28165 28168 28169 28171 28175 28176 28177 28180 28181 28217
LI (30):  184 185 779 782 786 790 833 1154 1155 1156 1160 2904 8620 17924 17963 17996 18020 18035 18038 18130 20718 23219 23222 27906 28121 28129 28135 28139 28170 28173
NODE_NUM = 50
FILE mem_ctrl_sub_573.aig

# Subcircuit 574
SUB_ID 574
LO (17):  28135 28139 28385 28397 28399 28407 28411 28419 28423 28431 28435 28438 28441 28444 28451 28456 28501
LI (33):  39 185 610 619 620 645 778 782 786 790 1156 3424 17072 17075 17511 17752 17765 17924 17966 18130 28388 28392 28401 28404 28408 28418 28422 28430 28434 28440 28443 28446 28450
NODE_NUM = 49
FILE mem_ctrl_sub_574.aig

# Subcircuit 575
SUB_ID 575
LO (8):  28170 28173 28189 28193 28288 28289 28290 28307
LI (36):  620 626 630 631 645 648 738 788 789 790 793 1160 17074 17963 17994 17995 18018 18143 18173 20522 20526 21013 21017 28169 28181 28188 28192 28201 28206 28257 28261 28263 28267 28272 28276 28281
NODE_NUM = 46
FILE mem_ctrl_sub_575.aig

# Subcircuit 576
SUB_ID 576
LO (7):  28188 28192 28201 28206 28257 28263 28272
LI (32):  609 610 619 620 626 627 648 779 782 786 790 1158 16793 17893 17894 18131 28134 28136 28162 28171 28175 28176 28177 28217 28227 28229 28233 28235 28243 28245 28249 28251
NODE_NUM = 49
FILE mem_ctrl_sub_576.aig

# Subcircuit 577
SUB_ID 577
LO (13):  28227 28229 28233 28235 28243 28245 28249 28251 28261 28267 28276 28281 28321
LI (39):  610 619 628 645 649 661 716 788 791 833 1155 1156 1158 1161 17966 18169 18170 28134 28141 28143 28149 28151 28157 28159 28165 28168 28180 28181 28189 28193 28288 28289 28290 28303 28305 28307 28313 28315 28320
NODE_NUM = 46
FILE mem_ctrl_sub_577.aig

# Subcircuit 578
SUB_ID 578
LO (13):  28322 28340 28344 28347 28350 28353 28355 28363 28367 28370 28373 28377 28379
LI (16):  185 626 629 648 779 793 1154 1157 1158 17720 17780 17817 17853 17896 28324 28334
NODE_NUM = 48
FILE mem_ctrl_sub_578.aig

# Subcircuit 579
SUB_ID 579
LO (13):  28324 28334 28388 28392 28401 28404 28408 28418 28422 28429 28433 28450 28600
LI (33):  39 185 619 620 645 716 738 778 788 791 1155 1161 3424 8620 17555 17588 17593 17595 17706 17752 17753 17765 18286 18290 28322 28333 28370 28379 28391 28452 28456 28460 28597
NODE_NUM = 50
FILE mem_ctrl_sub_579.aig

# Subcircuit 580
SUB_ID 580
LO (10):  28430 28434 28440 28443 28446 28452 28557 28558 28564 28597
LI (42):  610 619 620 626 630 738 779 782 786 793 1160 1161 17924 17966 18130 20522 20729 28322 28363 28367 28385 28397 28429 28433 28441 28451 28471 28507 28512 28514 28518 28520 28528 28530 28534 28536 28544 28546 28550 28552 28588 28596
NODE_NUM = 50
FILE mem_ctrl_sub_580.aig

# Subcircuit 581
SUB_ID 581
LO (13):  28507 28512 28514 28518 28520 28528 28530 28534 28536 28544 28546 28550 28552
LI (45):  39 40 185 609 610 619 626 628 661 738 778 1154 1155 1156 3424 6406 16972 17090 17169 17197 17236 17340 17379 17389 17396 19545 28340 28344 28347 28350 28399 28407 28411 28419 28423 28477 28481 28483 28487 28491 28492 28495 28501 28503 28505
NODE_NUM = 49
FILE mem_ctrl_sub_581.aig

# Subcircuit 582
SUB_ID 582
LO (9):  28588 28596 28605 28607 28612 28614 28617 28671 28676
LI (39):  186 620 627 649 786 788 789 790 1156 1160 2904 17893 17894 17963 17964 18018 18020 18131 20526 20718 28322 28353 28355 28373 28377 28431 28435 28438 28444 28557 28558 28564 28573 28577 28582 28587 28594 28606 28610
NODE_NUM = 50
FILE mem_ctrl_sub_582.aig

# Subcircuit 583
SUB_ID 583
LO (18):  28606 28610 28811 28815 28818 28821 28824 28826 28830 28831 28832 28835 28836 28856 28862 28863 28885 28984
LI (23):  39 186 626 629 702 752 779 793 1154 3424 6406 17072 17075 17555 17765 17780 17817 17853 17896 28793 28805 28973 28976
NODE_NUM = 47
FILE mem_ctrl_sub_583.aig

# Subcircuit 584
SUB_ID 584
LO (4):  28759 28768 28769 28778
LI (34):  627 630 645 649 782 788 789 790 793 1160 17924 17966 18130 18169 18170 20522 20526 20718 23219 23222 28617 28624 28635 28638 28666 28671 28673 28676 28731 28737 28743 28748 28751 28767
NODE_NUM = 48
FILE mem_ctrl_sub_584.aig

# Subcircuit 585
SUB_ID 585
LO (20):  28624 28635 28638 28642 28646 28647 28648 28651 28652 28654 28655 28656 28661 28664 28729 28731 28735 28737 28743 28763
LI (31):  620 626 628 631 648 702 779 782 790 1154 1155 1158 17074 17924 17994 17995 17996 18035 18038 18130 18131 18143 18173 28605 28617 28622 28715 28721 28726 28730 28736
NODE_NUM = 49
FILE mem_ctrl_sub_585.aig

# Subcircuit 586
SUB_ID 586
LO (10):  28666 28673 28715 28721 28726 28730 28736 28748 28751 28765
LI (39):  609 610 619 626 661 779 782 786 788 1154 1155 1156 1160 16793 17963 18018 21013 21017 28607 28612 28614 28642 28646 28647 28648 28651 28652 28654 28655 28656 28661 28664 28698 28704 28714 28720 28729 28735 28764
NODE_NUM = 49
FILE mem_ctrl_sub_586.aig

# Subcircuit 587
SUB_ID 587
LO (15):  28764 28767 28792 28793 28844 28848 28855 28878 28881 28895 28899 28923 28927 28932 28935
LI (28):  186 619 645 648 716 788 791 833 1155 1158 1161 17720 17752 17753 17966 28605 28759 28763 28765 28768 28769 28777 28778 28786 28791 28842 28846 28852
NODE_NUM = 50
FILE mem_ctrl_sub_587.aig

# Subcircuit 588
SUB_ID 588
LO (14):  28805 28842 28846 28852 28860 28864 28873 28907 28911 28917 28921 28928 28933 29077
LI (43):  39 40 186 620 630 645 648 702 752 788 793 1157 1160 3424 8620 17377 17586 17593 17595 17706 17924 17966 18130 18286 18290 20522 28793 28804 28830 28831 28832 28835 28836 28838 28857 28918 28923 28927 28940 28944 28945 29065 29073
NODE_NUM = 50
FILE mem_ctrl_sub_588.aig

# Subcircuit 589
SUB_ID 589
LO (6):  28940 28944 28945 29034 29040 29044
LI (38):  610 619 620 626 645 702 779 782 786 791 1161 20729 28855 28856 28874 28918 28928 28932 28933 28935 28938 28943 28984 28989 28991 28995 28997 29005 29007 29011 29013 29021 29023 29027 29029 29037 29039 29043
NODE_NUM = 50
FILE mem_ctrl_sub_589.aig

# Subcircuit 590
SUB_ID 590
LO (18):  28973 28976 28989 28991 28995 28997 29005 29007 29011 29013 29021 29023 29027 29029 29037 29039 29043 29046
LI (46):  39 40 186 609 610 619 620 626 628 649 661 752 1154 1155 1156 1160 16972 17090 17169 17197 17236 17340 17379 17389 17396 19545 28811 28815 28818 28821 28824 28876 28884 28888 28896 28900 28908 28912 28954 28958 28960 28964 28968 28969 28972 29044
NODE_NUM = 50
FILE mem_ctrl_sub_590.aig

# Subcircuit 591
SUB_ID 591
LO (7):  29065 29073 29084 29087 29103 29122 35222
LI (43):  187 626 627 704 753 779 788 789 790 1154 3424 17713 17893 17894 17963 17964 18018 18131 19538 19551 20526 20718 28793 28826 28844 28848 28915 28921 29034 29040 29046 29050 29054 29059 29064 29071 29095 29101 29119 35087 35091 35213 35218
NODE_NUM = 49
FILE mem_ctrl_sub_591.aig

# Subcircuit 592
SUB_ID 592
LO (15):  29095 29101 29119 29125 29127 29137 29153 29167 29173 29177 29180 29183 29189 29196 29199
LI (33):  39 187 619 626 661 704 753 786 1154 1155 1156 17593 17706 17720 17752 17753 17765 17780 18286 18290 19556 19558 19568 19576 29099 29114 29118 29154 29159 29163 29165 29172 29175
NODE_NUM = 47
FILE mem_ctrl_sub_592.aig

# Subcircuit 593
SUB_ID 593
LO (9):  29159 29172 29175 29238 29245 29249 29253 29256 29260
LI (28):  619 620 627 628 649 661 782 786 789 790 17780 29144 29149 29152 29157 29167 29180 29183 29189 29196 29199 29205 29212 29220 29226 29230 29244 29252
NODE_NUM = 49
FILE mem_ctrl_sub_593.aig

# Subcircuit 594
SUB_ID 594
LO (10):  29205 29212 29226 29244 29298 29309 29313 29315 29319 29320
LI (30):  620 627 629 630 631 642 648 782 789 793 1160 17817 17853 17896 29173 29177 29209 29238 29240 29255 29256 29264 29274 29277 29281 29287 29291 29304 29312 29318
NODE_NUM = 49
FILE mem_ctrl_sub_594.aig

# Subcircuit 595
SUB_ID 595
LO (21):  29209 29220 29230 29240 29252 29255 29264 29274 29281 29287 29291 29302 29304 29312 29318 29329 29330 29333 29342 29347 29352
LI (26):  620 627 629 631 642 645 648 788 1157 1158 1159 1160 17817 17853 17924 18130 29125 29245 29249 29253 29260 29313 29315 29319 29320 29328
NODE_NUM = 48
FILE mem_ctrl_sub_595.aig

# Subcircuit 596
SUB_ID 596
LO (13):  29277 29328 29365 29367 29371 29373 29376 29377 29378 29533 29537 29547 29556
LI (34):  187 645 716 782 786 788 791 833 1156 1161 2904 8620 17896 17966 18020 18025 18028 18035 29125 29298 29302 29309 29329 29330 29333 29342 29345 29347 29352 29355 29360 29363 29366 29555
NODE_NUM = 50
FILE mem_ctrl_sub_596.aig

# Subcircuit 597
SUB_ID 597
LO (6):  29366 29399 29402 29431 29509 29510
LI (33):  620 627 628 649 753 782 788 789 790 1155 17072 17924 18130 18131 18170 20526 20718 29377 29378 29381 29388 29392 29398 29401 29429 29434 29436 29439 29478 29484 29489 29493 29499
NODE_NUM = 50
FILE mem_ctrl_sub_597.aig

# Subcircuit 598
SUB_ID 598
LO (19):  29381 29388 29392 29398 29401 29409 29411 29414 29415 29418 29419 29429 29436 29448 29452 29457 29493 29499 29526
LI (25):  620 626 631 648 704 779 1154 1155 1158 1160 16793 17074 17924 17963 17994 17995 17996 18018 18038 18130 18143 18173 29365 29367 29376
NODE_NUM = 49
FILE mem_ctrl_sub_598.aig

# Subcircuit 599
SUB_ID 599
LO (8):  29434 29439 29478 29484 29489 29522 29540 29544
LI (40):  609 610 619 627 630 645 661 779 782 786 793 1155 1156 17893 17894 20522 21013 29365 29371 29373 29409 29411 29414 29415 29418 29431 29448 29452 29454 29457 29461 29467 29477 29483 29509 29510 29517 29530 29539 29543
NODE_NUM = 49
FILE mem_ctrl_sub_599.aig

# Subcircuit 600
SUB_ID 600
LO (10):  29517 29530 29539 29543 29555 29579 29582 29598 29616 29622
LI (32):  188 609 626 630 645 716 788 791 833 1154 1161 3424 17966 18169 21017 29399 29402 29418 29419 29522 29526 29533 29537 29540 29544 29547 29554 29578 29581 29597 29602 29612
NODE_NUM = 47
FILE mem_ctrl_sub_600.aig

# Subcircuit 601
SUB_ID 601
LO (16):  29578 29581 29597 35176 35177 35179 35180 35181 35186 35190 35450 35462 35463 35467 35470 35475
LI (40):  188 208 624 626 628 727 771 788 790 793 1157 1160 3424 17713 17752 17924 18130 19532 19538 20385 20388 20391 20395 20718 21173 24608 29563 29577 29593 35122 35127 35174 35185 35443 35447 35451 35453 35456 35458 35464
NODE_NUM = 49
FILE mem_ctrl_sub_601.aig

# Subcircuit 602
SUB_ID 602
LO (2):  29577 35405
LI (33):  188 610 619 626 727 771 779 782 786 1154 1155 1156 3424 19551 19556 19558 19568 19576 29569 29573 29575 35206 35207 35213 35218 35229 35246 35365 35370 35381 35386 35395 35400
NODE_NUM = 49
FILE mem_ctrl_sub_602.aig

# Subcircuit 603
SUB_ID 603
LO (12):  29593 29600 29602 29612 29648 29652 29655 29656 29660 29664 29671 29674
LI (27):  39 188 619 626 661 727 786 1154 1155 1156 17593 17706 17720 17752 17753 17765 17780 18286 18290 29588 29592 29627 29630 29638 29640 29647 29650
NODE_NUM = 43
FILE mem_ctrl_sub_603.aig

# Subcircuit 604
SUB_ID 604
LO (12):  29627 29630 29638 29640 29647 29650 29681 29692 29696 29698 29702 29703
LI (28):  610 619 620 628 649 779 782 786 1156 17752 17780 29579 29582 29598 29616 29622 29626 29637 29655 29656 29660 29664 29671 29674 29680 29687 29695 29701
NODE_NUM = 46
FILE mem_ctrl_sub_604.aig

# Subcircuit 605
SUB_ID 605
LO (9):  29680 29687 29701 29773 29784 29788 29790 29791 29795
LI (30):  620 627 629 630 631 642 648 782 789 793 1160 17817 17853 17896 29648 29652 29684 29713 29714 29715 29729 29731 29739 29749 29752 29756 29762 29766 29779 29787
NODE_NUM = 50
FILE mem_ctrl_sub_605.aig

# Subcircuit 606
SUB_ID 606
LO (16):  29684 29695 29713 29714 29729 29731 29739 29749 29756 29762 29766 29777 29779 29787 29794 29797
LI (23):  620 627 629 642 648 649 789 790 1157 1158 1159 1160 17817 17924 18130 29600 29696 29698 29702 29703 29711 29721 29791
NODE_NUM = 50
FILE mem_ctrl_sub_606.aig

# Subcircuit 607
SUB_ID 607
LO (5):  29711 29715 29721 29752 30031
LI (28):  188 631 645 716 788 790 791 833 1161 8620 17853 17896 17966 29600 29681 29692 29773 29777 29784 29788 29790 29794 29795 29797 29816 29826 29838 30030
NODE_NUM = 47
FILE mem_ctrl_sub_607.aig

# Subcircuit 608
SUB_ID 608
LO (19):  29840 29842 29846 29848 29854 29856 29864 29868 29871 29874 29877 29878 29880 29884 29885 29886 29889 29890 29926
LI (23):  188 620 779 782 786 790 1154 1155 1156 1160 2904 17924 17996 18020 18025 18028 18035 18038 18130 20718 29841 29879 29882
NODE_NUM = 49
FILE mem_ctrl_sub_608.aig

# Subcircuit 609
SUB_ID 609
LO (9):  29841 29879 29882 29898 29902 29997 29998 29999 30016
LI (38):  620 626 630 631 645 648 727 771 788 789 790 793 1160 17072 17074 17963 17994 17995 18018 18143 18173 20522 20526 21013 21017 29878 29890 29897 29901 29910 29915 29966 29970 29972 29976 29981 29985 29990
NODE_NUM = 47
FILE mem_ctrl_sub_609.aig

# Subcircuit 610
SUB_ID 610
LO (7):  29897 29901 29910 29915 29966 29972 29981
LI (32):  609 610 619 620 626 627 648 779 782 786 790 1158 16793 17893 17894 18131 29840 29842 29871 29880 29884 29885 29886 29926 29936 29938 29942 29944 29952 29954 29958 29960
NODE_NUM = 49
FILE mem_ctrl_sub_610.aig

# Subcircuit 611
SUB_ID 611
LO (17):  29936 29938 29942 29944 29952 29954 29958 29960 29970 29976 29985 29990 30030 30032 30054 30055 30081
LI (43):  189 610 619 626 628 645 649 661 716 788 791 833 1155 1156 1158 1161 3424 17966 18169 18170 29840 29846 29848 29854 29856 29864 29868 29874 29877 29889 29890 29898 29902 29997 29998 29999 30012 30014 30016 30022 30024 30029 30053
NODE_NUM = 50
FILE mem_ctrl_sub_611.aig

# Subcircuit 612
SUB_ID 612
LO (8):  30053 30094 30099 30104 30107 30109 30113 30115
LI (25):  189 609 610 626 661 706 769 779 1154 1156 3424 17713 17752 19538 22500 30032 30038 30052 30055 30068 30077 30081 30087 30093 30103
NODE_NUM = 49
FILE mem_ctrl_sub_612.aig

# Subcircuit 613
SUB_ID 613
LO (16):  30038 30052 30068 30075 30077 30087 30103 30117 30123 30124 30127 30128 30138 30143 30144 30148
LI (36):  39 189 619 626 661 706 769 786 1154 1156 3424 17593 17706 17720 17753 17765 17780 18286 18290 19532 19551 19556 19558 19568 19576 24608 30044 30048 30050 30063 30067 30109 30113 30115 30122 30125
NODE_NUM = 45
FILE mem_ctrl_sub_613.aig

# Subcircuit 614
SUB_ID 614
LO (4):  30093 30122 30125 30279
LI (37):  620 627 629 648 779 782 786 788 789 790 793 1155 17780 30054 30094 30099 30124 30128 30141 30152 30155 30162 30172 30176 30182 30194 30204 30208 30214 30224 30233 30237 30243 30254 30264 30268 30274
NODE_NUM = 49
FILE mem_ctrl_sub_614.aig

# Subcircuit 615
SUB_ID 615
LO (11):  30141 30152 30172 30182 30204 30214 30222 30224 30231 30237 30241
LI (21):  619 620 627 628 629 642 649 782 786 790 1157 1159 1160 17752 18130 30075 30104 30135 30139 30146 30149
NODE_NUM = 50
FILE mem_ctrl_sub_615.aig

# Subcircuit 616
SUB_ID 616
LO (15):  30135 30139 30146 30149 30155 30162 30176 30194 30208 30233 30243 30264 30274 30296 30306
LI (37):  620 627 629 630 631 642 645 648 716 782 786 788 793 1155 1160 17817 17853 17896 30107 30117 30123 30127 30138 30143 30144 30148 30159 30190 30227 30231 30241 30262 30272 30280 30295 30297 30305
NODE_NUM = 49
FILE mem_ctrl_sub_616.aig

# Subcircuit 617
SUB_ID 617
LO (22):  30159 30190 30227 30254 30262 30268 30272 30280 30295 30297 30305 30315 30317 30318 30319 30351 30372 30376 30483 30487 30497 30506
LI (25):  189 645 648 716 786 791 833 1158 1161 2904 8620 17817 17853 17896 17924 17966 18020 30075 30222 30279 30296 30306 30312 30316 30505
NODE_NUM = 50
FILE mem_ctrl_sub_617.aig

# Subcircuit 618
SUB_ID 618
LO (11):  30316 30339 30343 30349 30352 30381 30393 30430 30431 30435 30439
LI (35):  619 620 627 628 661 769 782 786 788 789 790 1155 1156 17072 17924 18025 18035 18038 18130 20718 30317 30319 30323 30338 30342 30348 30351 30379 30384 30386 30389 30412 30418 30423 30427
NODE_NUM = 50
FILE mem_ctrl_sub_618.aig

# Subcircuit 619
SUB_ID 619
LO (15):  30323 30338 30342 30348 30364 30365 30368 30369 30373 30377 30379 30386 30408 30443 30449
LI (26):  609 620 626 631 648 706 779 1154 1156 1160 16793 17074 17963 17994 17995 17996 18018 18028 18130 18143 18173 30315 30317 30318 30372 30376
NODE_NUM = 50
FILE mem_ctrl_sub_619.aig

# Subcircuit 620
SUB_ID 620
LO (7):  30384 30389 30412 30418 30423 30427 30505
LI (38):  610 619 620 627 645 649 782 786 790 791 833 1155 1156 17893 17894 18131 20526 30315 30339 30343 30364 30365 30381 30393 30408 30411 30417 30430 30431 30435 30439 30443 30449 30470 30480 30489 30493 30499
NODE_NUM = 50
FILE mem_ctrl_sub_620.aig

# Subcircuit 621
SUB_ID 621
LO (12):  30470 30480 30489 30493 30499 30507 30592 30600 30603 30607 30610 30614
LI (40):  190 610 626 630 645 716 779 788 793 1154 1158 1161 3424 17752 17966 18169 18170 20522 21013 21017 30349 30352 30368 30369 30373 30377 30467 30477 30483 30487 30497 30556 30557 30577 30579 30587 30591 30599 30601 30606
NODE_NUM = 49
FILE mem_ctrl_sub_621.aig

# Subcircuit 622
SUB_ID 622
LO (9):  30508 30511 30525 30553 30577 30587 30599 30627 30654
LI (34):  39 190 609 610 619 626 773 779 782 786 1155 1156 3424 16793 17388 17553 17593 17780 20118 30524 30549 30550 30563 30564 30568 30575 30585 30609 30610 30618 30622 30625 30639 30649
NODE_NUM = 49
FILE mem_ctrl_sub_622.aig

# Subcircuit 623
SUB_ID 623
LO (18):  30549 30550 30557 30562 30563 30564 30575 30585 30601 30606 30609 30618 30625 30634 30635 30636 30645 30646
LI (37):  39 40 190 610 619 626 661 728 773 786 1154 1156 3424 16972 17090 17169 17236 17340 17379 17389 17396 17720 17752 17780 19558 30526 30530 30534 30536 30540 30544 30546 30548 30600 30607 30614 30631
NODE_NUM = 48
FILE mem_ctrl_sub_623.aig

# Subcircuit 624
SUB_ID 624
LO (10):  30568 30591 30622 30631 30639 30649 30716 30717 30718 30733
LI (34):  39 190 620 627 628 629 649 779 782 786 789 790 1155 1159 18130 18286 18290 30555 30567 30592 30603 30635 30636 30648 30661 30662 30668 30675 30678 30684 30692 30700 30706 30710
NODE_NUM = 48
FILE mem_ctrl_sub_624.aig

# Subcircuit 625
SUB_ID 625
LO (9):  30648 30661 30675 30692 30706 30746 30757 30774 30780
LI (31):  620 627 629 630 631 642 648 793 1155 1160 17817 17853 17896 30627 30645 30646 30654 30657 30660 30674 30688 30723 30725 30729 30736 30739 30745 30752 30760 30766 30770
NODE_NUM = 49
FILE mem_ctrl_sub_625.aig

# Subcircuit 626
SUB_ID 626
LO (18):  30657 30662 30668 30678 30684 30688 30700 30710 30723 30729 30736 30739 30752 30760 30766 30770 30794 30804
LI (26):  620 627 629 642 645 648 716 782 790 1157 1158 1160 1161 17817 17853 17924 17966 18130 30562 30634 30654 30717 30718 30733 30785 30798
NODE_NUM = 50
FILE mem_ctrl_sub_626.aig

# Subcircuit 627
SUB_ID 627
LO (6):  30725 30745 30785 30798 30815 30866
LI (37):  58 190 610 626 645 716 728 779 786 788 791 793 833 1154 6461 17075 17896 30562 30716 30746 30757 30774 30780 30784 30794 30797 30804 30806 30811 30814 30819 30828 30835 30847 30852 30856 30861
NODE_NUM = 50
FILE mem_ctrl_sub_627.aig

# Subcircuit 628
SUB_ID 628
LO (14):  30817 30819 30828 30835 30845 30847 30852 30856 30861 30889 30893 30902 30907 30914
LI (29):  190 609 610 619 628 642 661 779 782 790 1154 1155 1156 1159 2904 17780 17853 18013 19442 30818 30824 30825 30849 30858 30867 30874 30879 30883 30910
NODE_NUM = 50
FILE mem_ctrl_sub_628.aig

# Subcircuit 629
SUB_ID 629
LO (12):  30818 30849 30858 30874 30883 30900 30910 30923 30939 30956 30969 30978
LI (40):  627 629 630 631 642 645 648 773 789 1157 1158 1159 1161 17072 17753 17765 17850 17851 17924 18130 20385 20391 20397 20473 20483 20498 20508 20526 30817 30914 30915 30929 30932 30938 30946 30950 30955 30964 30967 30976
NODE_NUM = 50
FILE mem_ctrl_sub_629.aig

# Subcircuit 630
SUB_ID 630
LO (30):  30824 30825 30867 30879 30890 30915 30929 30932 30938 30946 30950 30955 30962 30964 30967 30973 30976 30986 30988 30993 30995 30998 30999 31001 31016 31039 31044 31155 31165 45971
LI (34):  191 619 626 629 630 631 645 648 716 728 782 786 788 793 1155 1156 2904 17074 18012 18020 18035 18130 19443 19473 19497 23851 30817 30845 30866 30907 30987 30991 45965 45969
NODE_NUM = 47
FILE mem_ctrl_sub_630.aig

# Subcircuit 631
SUB_ID 631
LO (17):  30987 30991 31176 31194 31198 31201 31204 31207 31209 31215 31219 31224 31227 31231 31233 31244 31363
LI (34):  39 191 626 629 648 700 764 779 793 1157 1158 3424 6406 17072 17075 17555 17713 17765 17780 17817 17853 17896 31175 31184 31193 31197 31203 31206 31211 31214 31218 31226 31230 31357
NODE_NUM = 49
FILE mem_ctrl_sub_631.aig

# Subcircuit 632
SUB_ID 632
LO (5):  31017 31020 31049 31127 31128
LI (33):  620 627 628 649 782 788 789 790 1155 1160 17924 18038 18130 18131 18170 20526 20718 23219 23222 30998 30999 31001 31016 31019 31047 31052 31054 31057 31096 31102 31107 31111 31117
NODE_NUM = 50
FILE mem_ctrl_sub_632.aig

# Subcircuit 633
SUB_ID 633
LO (12):  31019 31033 31034 31036 31037 31041 31045 31047 31054 31076 31082 31086
LI (24):  609 610 626 631 648 700 779 1154 1156 16793 17074 17924 17963 17994 17995 17996 18018 18143 18173 30986 30988 31040 31044 31081
NODE_NUM = 49
FILE mem_ctrl_sub_633.aig

# Subcircuit 634
SUB_ID 634
LO (11):  31040 31052 31057 31081 31096 31102 31107 31111 31117 31142 31462
LI (44):  619 620 627 630 645 661 782 786 788 791 793 833 1155 1158 1160 17893 17894 18169 20522 21013 21017 30986 30993 30995 31017 31033 31034 31036 31037 31039 31049 31076 31082 31086 31095 31101 31127 31128 31135 31148 31157 31161 31167 31461
NODE_NUM = 50
FILE mem_ctrl_sub_634.aig

# Subcircuit 635
SUB_ID 635
LO (25):  31148 31157 31161 31167 31174 31175 31193 31197 31203 31206 31211 31214 31218 31226 31230 31258 31261 31265 31276 31280 31283 31284 31303 31307 31315
LI (33):  191 619 626 629 645 648 716 782 788 790 1154 1155 1158 1161 17720 17752 17753 17765 17780 17817 17853 17896 17966 30986 31020 31041 31045 31142 31155 31165 31272 31273 31277
NODE_NUM = 48
FILE mem_ctrl_sub_635.aig

# Subcircuit 636
SUB_ID 636
LO (12):  31184 31242 31246 31253 31273 31277 31288 31292 31295 31298 31301 31461
LI (38):  39 40 191 619 620 645 700 716 764 788 790 791 833 8620 17559 17586 17593 17595 17706 17924 18130 18286 18290 31179 31183 31224 31233 31239 31271 31283 31284 31287 31291 31297 31300 31309 31317 31455
NODE_NUM = 50
FILE mem_ctrl_sub_636.aig

# Subcircuit 637
SUB_ID 637
LO (9):  31287 31291 31297 31300 31309 31317 31383 31396 31455
LI (43):  191 610 620 626 645 779 793 1160 1161 3424 16972 17921 17922 17924 17966 18130 20522 20729 31174 31176 31215 31219 31298 31301 31303 31307 31315 31328 31331 31334 31340 31352 31363 31370 31372 31376 31378 31386 31388 31392 31394 31446 31454
NODE_NUM = 48
FILE mem_ctrl_sub_637.aig

# Subcircuit 638
SUB_ID 638
LO (15):  31334 31340 31352 31357 31370 31372 31376 31378 31386 31388 31392 31394 31415 31421 31422
LI (41):  39 40 191 609 610 619 620 626 661 764 782 786 1154 1156 17090 17169 17197 17236 17340 17379 17389 17396 24241 31194 31198 31201 31256 31264 31268 31338 31344 31348 31350 31396 31398 31402 31404 31408 31410 31418 31420
NODE_NUM = 50
FILE mem_ctrl_sub_638.aig

# Subcircuit 639
SUB_ID 639
LO (15):  31398 31402 31404 31408 31410 31418 31420 31446 31454 31463 31465 31467 31469 31529 31534
LI (45):  192 619 620 627 628 649 786 788 789 790 1155 1160 2904 17893 17894 17963 17964 18018 18020 18131 20526 20718 31174 31204 31207 31209 31227 31231 31276 31280 31288 31292 31295 31301 31383 31415 31421 31422 31431 31435 31440 31445 31452 31464 31468
NODE_NUM = 49
FILE mem_ctrl_sub_639.aig

# Subcircuit 640
SUB_ID 640
LO (12):  31464 31468 31486 31488 31494 31497 31526 31538 31575 31576 31580 31584
LI (34):  619 627 628 661 747 782 786 788 789 790 1155 1160 17072 17765 17924 18035 18038 18130 20718 23219 23222 31467 31470 31471 31493 31496 31524 31529 31531 31534 31557 31563 31568 31572
NODE_NUM = 50
FILE mem_ctrl_sub_640.aig

# Subcircuit 641
SUB_ID 641
LO (13):  31470 31471 31493 31496 31509 31510 31511 31513 31514 31524 31531 31553 31621
LI (23):  609 626 631 648 730 779 1154 1156 1158 16793 17074 17924 17963 17994 17995 17996 18018 18130 18143 18173 31463 31465 31469
NODE_NUM = 48
FILE mem_ctrl_sub_641.aig

# Subcircuit 642
SUB_ID 642
LO (5):  31557 31563 31568 31572 31939
LI (37):  610 619 620 645 649 782 786 790 791 833 1155 1156 1160 18131 20526 31488 31509 31510 31511 31526 31538 31553 31556 31562 31575 31576 31580 31584 31588 31594 31596 31615 31625 31634 31638 31644 31938
NODE_NUM = 50
FILE mem_ctrl_sub_642.aig

# Subcircuit 643
SUB_ID 643
LO (14):  31596 31615 31625 31634 31638 31644 31651 31652 31671 31675 31678 31780 31784 31792
LI (32):  192 626 630 645 649 716 779 788 793 1154 1161 17720 17853 17966 18169 18170 20522 21013 21017 31463 31486 31494 31497 31513 31514 31612 31621 31632 31642 31667 31668 31672
NODE_NUM = 48
FILE mem_ctrl_sub_643.aig

# Subcircuit 644
SUB_ID 644
LO (5):  31653 31667 31668 31672 31925
LI (32):  192 610 619 620 626 779 782 786 790 3424 18131 20522 31665 31807 31843 31847 31849 31853 31855 31863 31865 31869 31871 31879 31881 31885 31887 31895 31897 31901 31903 31922
NODE_NUM = 50
FILE mem_ctrl_sub_644.aig

# Subcircuit 645
SUB_ID 645
LO (12):  31665 31681 31684 31686 31692 31696 31704 31708 31730 31787 31789 31798
LI (35):  39 192 629 645 648 716 730 788 793 1157 1158 3424 17593 17706 17713 17780 17817 17853 17896 18286 18290 31652 31656 31660 31664 31678 31680 31683 31688 31691 31695 31703 31707 31728 31786
NODE_NUM = 48
FILE mem_ctrl_sub_645.aig

# Subcircuit 646
SUB_ID 646
LO (24):  31680 31683 31688 31691 31695 31703 31707 31717 31721 31723 31728 31735 31738 31742 31752 31756 31764 31769 31772 31778 31786 31797 31801 31806
LI (37):  192 619 620 629 645 648 747 790 791 1155 1160 1161 17555 17559 17586 17595 17752 17753 17765 17780 17817 17896 17924 17966 18130 20729 31651 31761 31765 31766 31780 31784 31787 31789 31792 31798 31805
NODE_NUM = 50
FILE mem_ctrl_sub_646.aig

# Subcircuit 647
SUB_ID 647
LO (9):  31805 31807 31843 31847 31849 31853 31855 31863 31869
LI (45):  39 40 192 609 610 626 730 747 793 1154 1156 3424 6406 16972 17075 17090 17169 17197 17236 17340 17379 17389 17396 17921 17922 24241 31464 31671 31675 31678 31692 31696 31731 31733 31806 31811 31815 31817 31821 31825 31827 31829 31838 31840 31842
NODE_NUM = 50
FILE mem_ctrl_sub_647.aig

# Subcircuit 648
SUB_ID 648
LO (18):  31865 31871 31879 31881 31885 31887 31895 31897 31901 31903 31922 31938 31940 31942 31944 31946 32006 32011
LI (47):  192 193 619 620 627 628 649 661 786 788 789 833 1155 1160 2904 8620 17893 17894 17963 17964 18018 18020 20526 20718 31651 31681 31684 31686 31704 31708 31741 31745 31753 31757 31765 31769 31772 31778 31797 31801 31912 31917 31925 31929 31937 31941 31945
NODE_NUM = 49
FILE mem_ctrl_sub_648.aig

# Subcircuit 649
SUB_ID 649
LO (12):  31941 31945 31963 31965 31971 31974 32003 32015 32052 32053 32057 32061
LI (34):  619 627 628 661 765 782 786 788 789 790 1155 1160 17072 17765 17924 18035 18038 18130 20718 23219 23222 31944 31947 31948 31970 31973 32001 32006 32008 32011 32034 32040 32045 32049
NODE_NUM = 50
FILE mem_ctrl_sub_649.aig

# Subcircuit 650
SUB_ID 650
LO (13):  31947 31948 31970 31973 31986 31987 31988 31990 31991 32001 32008 32030 32098
LI (23):  609 626 631 648 692 779 1154 1156 1158 16793 17074 17924 17963 17994 17995 17996 18018 18130 18143 18173 31940 31942 31946
NODE_NUM = 48
FILE mem_ctrl_sub_650.aig

# Subcircuit 651
SUB_ID 651
LO (5):  32034 32040 32045 32049 32416
LI (37):  610 619 620 645 649 782 786 790 791 833 1155 1156 1160 18131 20526 31965 31986 31987 31988 32003 32015 32030 32033 32039 32052 32053 32057 32061 32065 32071 32073 32092 32102 32111 32115 32121 32415
NODE_NUM = 50
FILE mem_ctrl_sub_651.aig

# Subcircuit 652
SUB_ID 652
LO (14):  32073 32092 32102 32111 32115 32121 32128 32129 32148 32152 32155 32257 32261 32269
LI (32):  193 626 630 645 649 716 779 788 793 1154 1161 17720 17853 17966 18169 18170 20522 21013 21017 31940 31963 31971 31974 31990 31991 32089 32098 32109 32119 32144 32145 32149
NODE_NUM = 48
FILE mem_ctrl_sub_652.aig

# Subcircuit 653
SUB_ID 653
LO (5):  32130 32144 32145 32149 32402
LI (32):  193 610 619 620 626 779 782 786 790 3424 18131 20522 32142 32284 32320 32324 32326 32330 32332 32340 32342 32346 32348 32356 32358 32362 32364 32372 32374 32378 32380 32399
NODE_NUM = 50
FILE mem_ctrl_sub_653.aig

# Subcircuit 654
SUB_ID 654
LO (12):  32142 32158 32161 32163 32169 32173 32181 32185 32207 32264 32266 32275
LI (35):  39 193 629 645 648 692 716 788 793 1157 1158 3424 17593 17706 17713 17780 17817 17853 17896 18286 18290 32129 32133 32137 32141 32155 32157 32160 32165 32168 32172 32180 32184 32205 32263
NODE_NUM = 48
FILE mem_ctrl_sub_654.aig

# Subcircuit 655
SUB_ID 655
LO (23):  32157 32160 32165 32168 32172 32180 32184 32194 32198 32200 32205 32212 32215 32219 32229 32234 32242 32246 32249 32252 32255 32263 32267
LI (31):  193 619 620 629 645 648 765 782 790 1155 1160 1161 17555 17559 17586 17595 17752 17753 17765 17780 17817 17896 17924 17966 18130 32128 32226 32230 32231 32257 32261
NODE_NUM = 48
FILE mem_ctrl_sub_655.aig

# Subcircuit 656
SUB_ID 656
LO (3):  32284 32320 32415
LI (45):  39 40 193 645 692 765 791 793 1161 3424 8620 16972 17090 17169 17197 17236 17340 17379 17389 17396 17921 17922 20729 24241 32169 32173 32252 32264 32266 32267 32269 32275 32282 32285 32288 32292 32294 32298 32302 32304 32306 32315 32317 32409 32414
NODE_NUM = 49
FILE mem_ctrl_sub_656.aig

# Subcircuit 657
SUB_ID 657
LO (20):  32315 32324 32326 32330 32332 32340 32342 32346 32348 32356 32358 32362 32364 32372 32374 32378 32380 32399 32409 32414
LI (51):  39 193 609 610 619 620 626 627 628 649 661 788 789 833 1154 1155 1156 1160 6406 17075 17893 17894 17963 17964 18018 20526 20718 31941 32128 32148 32152 32155 32158 32161 32163 32181 32185 32210 32218 32222 32230 32234 32242 32246 32249 32255 32389 32394 32402 32406 32413
NODE_NUM = 49
FILE mem_ctrl_sub_657.aig

# Subcircuit 658
SUB_ID 658
LO (23):  32417 32419 32424 32426 32432 32434 32440 32442 32445 32448 32451 32452 32454 32458 32459 32460 32463 32464 32465 32466 32467 32468 32500
LI (27):  194 779 782 786 790 1154 1155 1156 1160 2904 17924 17994 17995 17996 18020 18035 18038 18130 18143 18173 20718 23219 23222 32418 32422 32453 32456
NODE_NUM = 49
FILE mem_ctrl_sub_658.aig

# Subcircuit 659
SUB_ID 659
LO (17):  32418 32422 32668 32680 32682 32690 32694 32702 32706 32714 32718 32721 32724 32727 32734 32739 32785
LI (33):  39 194 610 619 620 645 740 782 786 790 1156 3424 17072 17075 17511 17752 17765 17924 17966 18130 32671 32675 32684 32687 32691 32701 32705 32713 32717 32723 32726 32729 32733
NODE_NUM = 49
FILE mem_ctrl_sub_659.aig

# Subcircuit 660
SUB_ID 660
LO (6):  32453 32456 32484 32486 32487 32888
LI (26):  626 627 631 645 648 691 716 788 791 833 1158 1161 17074 17893 17963 32417 32445 32452 32468 32471 32570 32584 32588 32594 32598 32887
NODE_NUM = 50
FILE mem_ctrl_sub_660.aig

# Subcircuit 661
SUB_ID 661
LO (3):  32553 32554 32570
LI (38):  610 619 620 626 779 782 786 789 790 16793 17894 18018 20526 32419 32454 32459 32466 32484 32486 32487 32489 32498 32500 32502 32510 32512 32516 32518 32526 32528 32532 32534 32542 32544 32548 32550 32556 32569
NODE_NUM = 50
FILE mem_ctrl_sub_661.aig

# Subcircuit 662
SUB_ID 662
LO (26):  32498 32502 32510 32512 32516 32518 32526 32528 32532 32534 32542 32544 32548 32550 32556 32569 32584 32594 32605 32701 32705 32713 32717 32729 32732 32740
LI (40):  194 609 610 619 620 628 630 645 649 661 793 1155 1156 1160 17720 17966 18131 18169 18170 20522 21013 21017 32417 32424 32426 32432 32434 32440 32442 32448 32451 32458 32460 32463 32464 32465 32467 32553 32554 32566
NODE_NUM = 50
FILE mem_ctrl_sub_662.aig

# Subcircuit 663
SUB_ID 663
LO (6):  32656 32660 32746 32750 32756 32870
LI (21):  629 630 645 648 716 788 789 791 793 1157 1158 17853 17896 18018 32605 32637 32735 32743 32751 32862 32867
NODE_NUM = 50
FILE mem_ctrl_sub_663.aig

# Subcircuit 664
SUB_ID 664
LO (7):  32636 32637 32825 32826 32827 32832 32833
LI (20):  609 610 619 626 691 779 786 1154 1156 3424 17780 17817 17853 32605 32617 32797 32803 32808 32814 32820
NODE_NUM = 47
FILE mem_ctrl_sub_664.aig

# Subcircuit 665
SUB_ID 665
LO (16):  32617 32671 32675 32684 32687 32691 32723 32726 32733 32735 32743 32751 32771 32797 32803 32808
LI (47):  39 40 194 626 691 716 740 779 1161 3424 16972 17090 17169 17236 17389 17555 17588 17593 17595 17706 17752 17753 17765 17924 18130 18286 18290 20729 32605 32616 32668 32674 32680 32724 32732 32734 32739 32740 32760 32764 32766 32770 32778 32789 32791 32796 32802
NODE_NUM = 50
FILE mem_ctrl_sub_665.aig

# Subcircuit 666
SUB_ID 666
LO (8):  32770 32778 32789 32796 32802 32814 32820 32887
LI (43):  39 40 194 620 626 661 691 740 782 790 833 1154 1155 6406 8620 17197 17340 17379 17396 18131 20522 24241 32682 32690 32694 32746 32750 32756 32771 32774 32785 32787 32826 32827 32830 32837 32840 32844 32846 32850 32852 32871 32880
NODE_NUM = 50
FILE mem_ctrl_sub_666.aig

# Subcircuit 667
SUB_ID 667
LO (14):  32830 32837 32840 32844 32846 32850 32852 32862 32867 32871 32880 32909 32912 32921
LI (47):  195 620 627 628 649 731 749 782 788 1155 1160 3424 17713 17893 17894 17963 17964 19538 19551 19568 19576 20526 20718 24608 24710 32605 32636 32656 32660 32702 32706 32714 32718 32721 32727 32825 32832 32833 32861 32866 32870 32878 32892 32896 32898 32905 32908
NODE_NUM = 50
FILE mem_ctrl_sub_667.aig

# Subcircuit 668
SUB_ID 668
LO (18):  32925 32927 32937 32953 32964 32976 32981 32989 32999 33038 33039 33042 33043 33048 33051 33056 33057 33061
LI (24):  195 619 620 626 627 649 789 790 1154 1155 1160 17720 17752 17753 17765 17780 17817 17853 33007 33008 33018 33024 33028 33036
NODE_NUM = 46
FILE mem_ctrl_sub_668.aig

# Subcircuit 669
SUB_ID 669
LO (9):  33007 33008 33018 33024 33028 33036 33098 33102 33126
LI (30):  620 627 629 648 782 789 790 793 1157 1158 1159 17817 17924 18130 32973 32977 33004 33017 33038 33045 33048 33052 33059 33062 33071 33083 33093 33101 33114 33124
NODE_NUM = 50
FILE mem_ctrl_sub_669.aig

# Subcircuit 670
SUB_ID 670
LO (12):  33045 33052 33059 33062 33071 33083 33093 33114 33124 33146 33149 33153
LI (24):  629 630 631 642 645 648 716 788 793 1157 1158 1161 17896 18130 32925 33039 33042 33043 33051 33056 33057 33061 33130 33141
NODE_NUM = 50
FILE mem_ctrl_sub_670.aig

# Subcircuit 671
SUB_ID 671
LO (16):  33101 33130 33141 33165 33167 33171 33173 33179 33181 33184 33185 33201 33333 33336 33346 33356
LI (31):  195 645 782 786 788 790 791 833 1155 1156 1161 2904 8620 17924 17966 18020 18025 18028 18035 18038 32925 33098 33102 33126 33146 33149 33153 33155 33163 33166 33355
NODE_NUM = 48
FILE mem_ctrl_sub_671.aig

# Subcircuit 672
SUB_ID 672
LO (6):  33166 33322 33331 33338 33341 33345
LI (37):  620 627 630 645 649 749 788 789 790 793 17072 17924 17966 18130 18169 18170 20522 20526 20718 33184 33185 33188 33192 33198 33201 33229 33234 33236 33239 33294 33300 33306 33311 33314 33330 33333 33337
NODE_NUM = 50
FILE mem_ctrl_sub_672.aig

# Subcircuit 673
SUB_ID 673
LO (17):  33188 33192 33198 33209 33211 33214 33215 33218 33219 33229 33236 33248 33252 33257 33293 33299 33326
LI (21):  620 626 631 648 731 779 1154 1158 1160 16793 17074 17963 17994 17995 17996 18018 18130 18143 18173 33165 33167
NODE_NUM = 46
FILE mem_ctrl_sub_673.aig

# Subcircuit 674
SUB_ID 674
LO (6):  33234 33239 33294 33300 33306 33311
LI (37):  609 610 619 620 627 628 661 779 782 786 790 1155 1156 17893 17894 18131 21013 33165 33171 33173 33179 33181 33209 33211 33214 33215 33218 33248 33252 33254 33257 33261 33267 33277 33283 33293 33299
NODE_NUM = 50
FILE mem_ctrl_sub_674.aig

# Subcircuit 675
SUB_ID 675
LO (11):  33314 33330 33337 33355 33358 33372 33377 33390 33404 33414 33431
LI (44):  40 171 172 233 300 645 716 788 791 833 1161 6367 9228 9242 9246 9555 9882 10439 11636 13871 14062 16323 16356 16358 16437 16672 16678 16679 21017 33218 33219 33322 33326 33331 33336 33338 33340 33341 33345 33346 33349 33354 33370 33389
NODE_NUM = 49
FILE mem_ctrl_sub_675.aig

# Subcircuit 676
SUB_ID 676
LO (8):  33456 33486 33487 33493 33497 33499 33536 33537
LI (37):  39 40 198 300 699 768 833 948 2904 3355 10357 14062 16470 17422 17488 17509 17593 17711 21077 21162 21179 21206 21222 21225 21254 21270 21399 33481 33505 33507 33510 33511 33514 33515 33522 33527 33533
NODE_NUM = 50
FILE mem_ctrl_sub_676.aig

# Subcircuit 677
SUB_ID 677
LO (18):  33539 33542 33552 33554 33570 33600 33601 33602 33603 33612 33617 33633 33634 33635 33648 33665 33669 33678
LI (26):  199 216 224 604 643 3227 3625 6324 6345 6346 6358 6384 16799 16869 17103 19035 33537 33545 33548 33551 33553 33566 33569 33599 33607 33631
NODE_NUM = 47
FILE mem_ctrl_sub_677.aig

# Subcircuit 678
SUB_ID 678
LO (13):  33545 33553 33558 33607 33646 33673 33824 36163 37637 37642 37646 37717 37985
LI (40):  40 199 225 300 604 663 681 3227 6342 6345 6346 6358 6384 16842 16849 16863 16902 17460 33557 33606 33633 33641 33760 33767 33768 33771 33781 33789 33790 33792 33806 33808 33812 33815 33819 33821 36161 37636 37640 37983
NODE_NUM = 50
FILE mem_ctrl_sub_678.aig

# Subcircuit 679
SUB_ID 679
LO (12):  33556 33557 33622 33783 33789 33792 33806 33819 34003 34007 34018 34057
LI (30):  40 199 216 224 300 604 635 6324 6342 6345 6358 6384 16822 16843 16974 33606 33747 33761 33766 33784 33790 33982 34000 34002 34023 34026 34029 34032 34049 34050
NODE_NUM = 50
FILE mem_ctrl_sub_679.aig

# Subcircuit 680
SUB_ID 680
LO (10):  33599 33606 35809 35813 35818 35854 35860 35865 35888 35894
LI (27):  224 300 634 908 948 3227 6324 6346 6361 6367 6384 16792 16799 16822 17593 35807 35812 35814 35817 35829 35836 35850 35851 35864 35867 35871 35886
NODE_NUM = 50
FILE mem_ctrl_sub_680.aig

# Subcircuit 681
SUB_ID 681
LO (15):  33631 33647 33652 33655 33659 33749 33760 33767 33768 33812 33977 33986 34043 36074 36076
LI (29):  199 604 643 681 3625 6324 6341 6342 6345 6358 6384 16842 16843 16869 16900 33629 33654 33747 33748 33756 33761 33766 33951 33954 33955 33964 33969 33981 33982
NODE_NUM = 50
FILE mem_ctrl_sub_681.aig

# Subcircuit 682
SUB_ID 682
LO (9):  33629 33641 33654 33694 33847 33951 34098 34104 34108
LI (37):  40 199 610 619 626 634 681 779 786 3424 6341 6345 16810 16941 16978 33581 33601 33602 33634 33635 33639 33688 33692 33843 34059 34060 34069 34071 34075 34077 34085 34087 34091 34093 34101 34103 34107
NODE_NUM = 49
FILE mem_ctrl_sub_682.aig

# Subcircuit 683
SUB_ID 683
LO (14):  33688 33692 33704 33740 33893 33898 33899 33913 34087 34103 34120 34121 34125 34129
LI (39):  39 619 620 627 628 634 649 661 782 788 789 790 793 1156 16793 16810 17924 18130 20718 20729 33580 33691 33703 33711 33712 33715 33719 33727 33731 33737 33891 33897 33902 33906 33909 34104 34108 34113 34117
NODE_NUM = 50
FILE mem_ctrl_sub_683.aig

# Subcircuit 684
SUB_ID 684
LO (11):  33715 33719 33727 33731 33737 33891 33897 34147 34153 34159 34163
LI (21):  619 620 629 630 631 645 648 716 788 793 1155 1157 1158 1160 17921 17963 18130 19441 33579 33868 34139
NODE_NUM = 50
FILE mem_ctrl_sub_684.aig

# Subcircuit 685
SUB_ID 685
LO (17):  33745 33746 33747 33761 33766 33771 33781 33815 33828 33829 33835 33868 33906 34117 34139 34172 37619
LI (38):  216 224 620 635 645 681 790 791 1160 3227 3625 6324 6342 8620 16843 16974 17294 17817 17853 17896 18018 33542 33579 33827 33833 33865 33893 33899 33913 34120 34121 34125 34130 34135 34156 34159 34165 34171
NODE_NUM = 50
FILE mem_ctrl_sub_685.aig

# Subcircuit 686
SUB_ID 686
LO (18):  33748 33756 33827 33838 33843 33853 33865 33902 33909 33914 33917 34059 34071 34077 34085 34091 34101 34107
LI (39):  39 40 199 300 604 609 610 619 626 627 634 635 681 779 1154 1155 1156 16810 16939 16976 17073 17349 17780 17817 17893 17894 33579 33825 33826 33835 33850 33854 33855 33915 33930 33933 33941 33947 34057
NODE_NUM = 49
FILE mem_ctrl_sub_686.aig

# Subcircuit 687
SUB_ID 687
LO (16):  33922 33933 33941 33947 33954 33955 33964 33969 33981 33982 34000 34012 34015 34029 34047 34049
LI (47):  216 300 604 634 635 643 666 681 3227 3625 6324 6341 6342 6345 6358 6384 16793 16842 16843 16869 16952 16987 17004 17319 17334 17343 17367 33592 33594 33600 33603 33650 33652 33656 33745 33746 33749 33920 33936 33977 33986 33990 33999 34008 34027 34043 34048
NODE_NUM = 50
FILE mem_ctrl_sub_687.aig

# Subcircuit 688
SUB_ID 688
LO (26):  34002 34017 34048 34060 34069 34075 34093 34113 34130 34135 34156 34165 34173 34174 34207 34227 34237 34255 34256 34257 34266 34267 34439 34443 34453 36291
LI (35):  200 224 610 618 626 635 638 645 661 681 782 1154 1161 16792 17409 17720 17752 17966 18131 20522 20526 33579 33612 33696 33708 33740 33898 33915 34047 34098 34129 34147 34153 34163 34253
NODE_NUM = 41
FILE mem_ctrl_sub_688.aig

# Subcircuit 689
SUB_ID 689
LO (6):  34182 34192 34198 34221 34275 34303
LI (40):  39 40 200 610 618 619 779 786 3424 17362 17395 17555 17588 17593 17645 17695 19531 19537 19546 19576 20118 34179 34180 34189 34194 34197 34212 34216 34218 34219 34241 34243 34251 34260 34264 34270 34281 34291 34295 34301
NODE_NUM = 48
FILE mem_ctrl_sub_689.aig

# Subcircuit 690
SUB_ID 690
LO (11):  34243 34251 34264 34281 34295 34368 34375 34378 34382 34385 34389
LI (32):  610 619 620 627 629 642 779 789 790 1155 1156 1160 17780 17817 17853 17896 34202 34224 34248 34277 34307 34309 34322 34324 34332 34336 34340 34354 34364 34374 34377 34381
NODE_NUM = 50
FILE mem_ctrl_sub_690.aig

# Subcircuit 691
SUB_ID 691
LO (15):  34248 34253 34260 34270 34291 34301 34322 34332 34354 34364 34374 34398 34399 34400 34416
LI (36):  619 620 627 628 629 648 649 661 779 782 786 790 793 1156 1157 1159 17752 17924 18130 34186 34247 34256 34257 34269 34283 34289 34299 34320 34330 34352 34362 34371 34384 34385 34393 34397
NODE_NUM = 49
FILE mem_ctrl_sub_691.aig

# Subcircuit 692
SUB_ID 692
LO (23):  34269 34277 34283 34289 34299 34307 34309 34320 34324 34330 34336 34340 34352 34362 34371 34377 34381 34384 34393 34409 34415 34424 34433
LI (33):  619 620 627 629 630 631 642 648 782 786 790 793 1155 1156 1157 1158 1160 17780 17817 17853 17896 18130 34173 34255 34266 34267 34275 34303 34375 34382 34389 34405 34406
NODE_NUM = 49
FILE mem_ctrl_sub_692.aig

# Subcircuit 693
SUB_ID 693
LO (4):  34397 34405 34406 34463
LI (28):  200 645 648 716 788 791 793 1158 1161 8620 17924 17966 34173 34368 34378 34398 34399 34400 34409 34415 34416 34424 34433 34437 34439 34443 34450 34453
NODE_NUM = 45
FILE mem_ctrl_sub_693.aig

# Subcircuit 694
SUB_ID 694
LO (23):  34464 34465 34479 34484 34488 34496 34500 34508 34512 34518 34521 34551 34555 34560 34626 34632 34642 34648 35942 35954 38691 38695 38727
LI (18):  201 607 610 619 620 626 644 779 1154 1155 1156 1160 17720 17752 17780 17853 18130 34545
NODE_NUM = 48
FILE mem_ctrl_sub_694.aig

# Subcircuit 695
SUB_ID 695
LO (5):  34473 34474 34545 34589 34744
LI (42):  39 40 201 300 644 645 791 793 3424 8620 17362 17555 17588 17593 17630 17643 17679 17693 19531 19537 20118 20522 20729 34470 34471 34519 34528 34532 34533 34538 34539 34541 34543 34579 34583 34588 34686 34708 34717 34726 34730 34736
NODE_NUM = 50
FILE mem_ctrl_sub_695.aig

# Subcircuit 696
SUB_ID 696
LO (7):  34538 34579 34686 34695 34700 34708 34711
LI (35):  40 201 620 629 630 631 648 788 789 790 793 1160 17395 17817 17853 17896 17963 18018 20526 34521 34560 34562 34567 34571 34576 34656 34660 34662 34666 34671 34676 34681 34694 34699 34705
NODE_NUM = 46
FILE mem_ctrl_sub_696.aig

# Subcircuit 697
SUB_ID 697
LO (10):  34562 34567 34571 34576 34588 34656 34662 34671 41265 41266
LI (32):  201 610 619 620 626 629 644 779 782 786 790 1154 1157 17817 17896 18131 19549 34464 34477 34587 34606 34612 34618 34626 34628 34632 34634 34642 34644 34648 34650 41230
NODE_NUM = 50
FILE mem_ctrl_sub_697.aig

# Subcircuit 698
SUB_ID 698
LO (29):  34587 34594 34597 34606 34612 34618 34628 34634 34644 34650 34660 34666 34676 34681 34694 34699 38642 38646 38872 38873 38879 38884 39333 39431 39432 39564 39738 39741 41326
LI (43):  39 200 201 209 212 213 215 609 627 628 644 648 649 661 1158 17893 17894 19555 19565 34464 34485 34489 34497 34501 34509 34513 34516 34551 34555 34596 34605 34675 34680 38643 38789 38832 38861 38869 38870 38871 38882 39626 39739
NODE_NUM = 49
FILE mem_ctrl_sub_698.aig

# Subcircuit 699
SUB_ID 699
LO (23):  34705 34717 34726 34730 34736 34745 34937 34938 34940 34941 34945 34946 34948 34949 34953 34954 35056 35066 35072 35074 36270 36297 36301
LI (25):  202 203 204 205 234 238 645 716 788 1158 1161 17924 17966 20718 34464 34519 34695 34700 34711 34724 34734 34781 34936 34988 35053
NODE_NUM = 45
FILE mem_ctrl_sub_699.aig

# Subcircuit 700
SUB_ID 700
LO (19):  34757 34759 34770 34773 34779 34788 34789 34819 34823 34824 34828 34834 34847 34852 34854 34858 34862 34899 34974
LI (28):  56 58 60 211 300 333 469 948 3250 3395 3425 3450 6324 6342 6460 6773 34764 34767 34777 34784 34785 34787 34798 34800 34813 34818 34845 34846
NODE_NUM = 47
FILE mem_ctrl_sub_700.aig

# Subcircuit 701
SUB_ID 701
LO (16):  34798 34813 34818 34841 34845 34846 34878 34883 34888 34893 34904 34907 34914 34960 35034 35038
LI (39):  71 96 199 211 300 333 469 588 948 2658 2676 2686 2702 6324 6342 6547 6648 7549 34788 34790 34792 34797 34807 34814 34815 34819 34840 34844 34847 34862 34865 34868 34871 34886 34909 34912 34958 35019 35032
NODE_NUM = 50
FILE mem_ctrl_sub_701.aig

# Subcircuit 702
SUB_ID 702
LO (24):  34909 34920 34923 34936 34958 34962 34971 34980 34985 35059 35062 35064 35069 35071 35077 35079 36273 36275 45528 45535 45599 45647 45664 45919
LI (47):  56 58 60 205 206 207 219 235 333 484 3250 3425 3450 6460 6466 6733 7549 16641 34745 34752 34777 34797 34807 34835 34870 34908 34931 34932 34940 34948 34956 34957 34960 34964 34966 35056 35058 35068 35072 35076 36272 45643 45645 45661 45662 45916 45917
NODE_NUM = 50
FILE mem_ctrl_sub_702.aig

# Subcircuit 703
SUB_ID 703
LO (11):  35014 35019 35021 35032 35037 35040 35046 35049 35053 35058 45595
LI (37):  56 58 60 300 333 681 908 3425 3450 6345 6460 6547 16641 16842 34794 34795 34802 34823 34824 34828 34852 34854 34858 34870 34991 34995 34996 35002 35007 35009 35016 35020 35027 35031 35038 35052 35059
NODE_NUM = 50
FILE mem_ctrl_sub_703.aig

# Subcircuit 704
SUB_ID 704
LO (20):  35068 35076 35081 35082 35117 35122 35127 35312 35316 35325 35329 35333 35334 35337 35339 35344 35349 35540 35738 35746
LI (36):  206 207 208 610 619 627 631 642 648 711 782 786 17777 17778 17780 17814 17815 17853 19350 19442 19443 19473 24546 34987 35065 35066 35072 35074 35112 35116 35120 35125 35311 35315 35321 35338
NODE_NUM = 49
FILE mem_ctrl_sub_704.aig

# Subcircuit 705
SUB_ID 705
LO (17):  35105 35111 35112 35201 35204 35205 35206 35207 35213 35218 35229 35239 35241 35246 35248 35263 35434
LI (36):  208 609 610 619 620 629 630 779 786 793 1154 1156 1157 17780 17817 17853 17896 17922 19473 35084 35086 35087 35088 35094 35099 35102 35107 35110 35191 35197 35198 35223 35227 35230 35234 35238
NODE_NUM = 49
FILE mem_ctrl_sub_705.aig

# Subcircuit 706
SUB_ID 706
LO (11):  35094 35110 35116 35120 35125 35132 35136 35138 35185 35569 36022
LI (33):  208 215 610 624 645 648 711 716 786 791 1154 1156 1158 1161 8620 17720 17752 17966 18172 35091 35092 35128 35129 35133 35545 35547 35558 35567 35953 36005 36006 36016 36020
NODE_NUM = 46
FILE mem_ctrl_sub_706.aig

# Subcircuit 707
SUB_ID 707
LO (8):  35173 35174 35381 35386 35395 35400 35439 35532
LI (35):  208 619 620 628 649 661 711 782 786 789 790 793 1156 17924 18130 20526 20729 35132 35136 35137 35138 35147 35151 35159 35163 35169 35172 35201 35408 35413 35419 35421 35429 35434 35530
NODE_NUM = 50
FILE mem_ctrl_sub_707.aig

# Subcircuit 708
SUB_ID 708
LO (12):  35147 35151 35159 35163 35223 35230 35238 35293 35545 35558 35567 35611
LI (41):  208 209 610 620 627 645 782 786 789 790 791 1155 1160 20526 35146 35150 35158 35162 35190 35204 35205 35222 35241 35244 35252 35255 35261 35263 35268 35276 35279 35283 35286 35361 35532 35535 35544 35557 35601 35607 35610
NODE_NUM = 50
FILE mem_ctrl_sub_708.aig

# Subcircuit 709
SUB_ID 709
LO (15):  35244 35252 35255 35261 35268 35276 35279 35283 35286 35311 35315 35321 35429 35505 35508
LI (40):  609 610 619 627 628 642 649 782 786 1154 1155 1159 17720 18012 18013 35105 35239 35243 35248 35250 35260 35267 35295 35296 35298 35300 35308 35424 35427 35467 35468 35472 35479 35484 35487 35490 35493 35499 35502 35507
NODE_NUM = 50
FILE mem_ctrl_sub_709.aig

# Subcircuit 710
SUB_ID 710
LO (14):  35308 35338 35345 35350 35361 35408 35413 35419 35421 35479 35601 35806 36268 45834
LI (49):  208 209 218 608 609 613 620 623 624 645 696 779 789 790 791 1154 1159 1160 8620 17852 17895 17924 18017 18131 18171 20395 20522 35081 35205 35263 35302 35304 35306 35344 35349 35356 35405 35477 35733 35778 35781 35784 35787 35803 36253 36267 45814 45822 45831
NODE_NUM = 50
FILE mem_ctrl_sub_710.aig

# Subcircuit 711
SUB_ID 711
LO (18):  35443 35447 35451 35456 35464 35472 35477 35484 35487 35490 35493 35499 35502 35528 35530 35607 35750 35975
LI (48):  208 209 608 624 627 628 639 648 661 789 1154 1155 1156 1157 1160 20382 20383 20389 20526 20725 20727 23776 35081 35176 35177 35312 35316 35325 35329 35337 35344 35349 35450 35462 35463 35469 35470 35474 35475 35505 35508 35516 35521 35603 35736 35740 35744 35748
NODE_NUM = 50
FILE mem_ctrl_sub_711.aig

# Subcircuit 712
SUB_ID 712
LO (9):  35516 35521 35535 35544 35547 35557 35644 35649 35656
LI (28):  209 631 639 645 648 711 716 788 791 1159 8620 17966 18015 18016 20522 35082 35111 35117 35179 35186 35540 35577 35581 35586 35595 35611 35628 35638
NODE_NUM = 50
FILE mem_ctrl_sub_712.aig

# Subcircuit 713
SUB_ID 713
LO (14):  35577 35581 35586 35595 35610 35628 35638 35696 35701 35707 35709 35710 35722 35970
LI (27):  209 213 608 639 645 648 716 788 1158 1161 8620 17720 17966 20522 20718 35173 35591 35592 35658 35668 35675 35690 35691 35699 35703 35963 35964
NODE_NUM = 50
FILE mem_ctrl_sub_713.aig

# Subcircuit 714
SUB_ID 714
LO (13):  35591 35603 35658 35668 35675 35690 35691 35733 35778 35987 35998 36253 36262
LI (39):  209 210 608 623 631 640 645 696 716 788 791 1158 8620 17720 17964 19497 20522 35111 35181 35293 35439 35648 35649 35654 35655 35656 35659 35661 35668 35671 35675 35678 35688 35731 35776 35953 35984 35994 36252
NODE_NUM = 50
FILE mem_ctrl_sub_714.aig

# Subcircuit 715
SUB_ID 715
LO (13):  35688 35731 35736 35740 35744 35748 35763 35767 35775 35784 35787 36252 36267
LI (32):  218 623 631 640 645 648 696 716 788 791 1158 1161 8620 35181 35686 35696 35701 35707 35709 35710 35711 35719 35722 35727 35738 35746 35750 35752 35757 35762 35766 36266
NODE_NUM = 47
FILE mem_ctrl_sub_715.aig

# Subcircuit 716
SUB_ID 716
LO (16):  35752 35757 35759 35762 35766 35776 35781 35803 35807 35812 35814 35829 35850 35871 35886 35917
LI (44):  39 40 210 211 216 300 635 640 645 716 788 791 908 948 1161 6361 6367 16799 17593 19497 21077 23851 35082 35180 35528 35760 35763 35767 35768 35775 35780 35801 35823 35843 35848 35869 35880 35884 35888 35894 35898 35901 35904 35909
NODE_NUM = 50
FILE mem_ctrl_sub_716.aig

# Subcircuit 717
SUB_ID 717
LO (17):  35817 35823 35836 35843 35848 35851 35864 35867 35869 35880 35884 35898 35909 38496 38502 38503 38504
LI (31):  211 224 300 634 635 908 2904 3227 3625 6324 6346 6357 6358 6361 6367 6384 16798 16822 16849 16900 16902 17103 33783 35883 35897 35906 38476 38479 38485 38488 38501
NODE_NUM = 49
FILE mem_ctrl_sub_717.aig

# Subcircuit 718
SUB_ID 718
LO (17):  35897 35901 35904 35906 35925 35956 35959 35963 35964 35977 35984 36000 36005 36006 36016 36276 36295
LI (43):  40 212 214 216 220 607 608 618 623 624 640 644 908 3424 3625 6357 8620 17358 21171 21803 35818 35854 35860 35865 35923 35936 35942 35944 35948 35949 35955 35958 35962 35973 35976 35983 35992 35998 36004 36015 36287 36291 36293
NODE_NUM = 50
FILE mem_ctrl_sub_718.aig

# Subcircuit 719
SUB_ID 719
LO (22):  35953 35955 35962 35973 35976 35983 35994 36004 36015 36025 36027 36049 36058 36064 36077 36081 36093 36100 36105 36116 36282 36317
LI (44):  216 608 623 624 639 640 682 711 908 948 3227 3424 3625 6345 6384 16799 16855 16865 16869 16904 16936 17445 17466 21195 35935 35947 35954 35975 36030 36036 36040 36042 36045 36046 36074 36076 36078 36086 36089 36090 36098 36114 36279 36280
NODE_NUM = 50
FILE mem_ctrl_sub_719.aig

# Subcircuit 720
SUB_ID 720
LO (22):  36089 36103 36114 36136 36140 36142 36147 36149 36153 36160 36161 36169 36172 36176 36193 36197 36210 36221 36224 36311 36345 36393
LI (45):  39 216 222 224 300 615 663 908 948 3227 6345 6384 10357 16799 16863 16865 16933 17027 17035 17103 17449 17593 21155 21244 33556 36051 36053 36074 36086 36098 36132 36143 36159 36167 36168 36189 36191 36199 36202 36206 36209 36310 36342 36386 36387
NODE_NUM = 50
FILE mem_ctrl_sub_720.aig

# Subcircuit 721
SUB_ID 721
LO (20):  36209 36211 36213 36218 36266 36272 36279 36287 36303 36308 36310 36325 36332 36339 36342 36358 36362 36363 36375 36382
LI (45):  39 216 217 218 219 221 222 224 613 618 638 662 696 908 948 3227 16799 16918 16936 17593 21155 34927 35072 35800 35935 35947 36051 36141 36210 36217 36262 36269 36270 36276 36297 36301 36307 36321 36323 36337 36341 36357 36367 36371 36381
NODE_NUM = 50
FILE mem_ctrl_sub_721.aig

# Subcircuit 722
SUB_ID 722
LO (16):  36307 36321 36323 36337 36341 36349 36357 36367 36371 36381 36386 36387 36426 36434 36537 36538
LI (46):  40 222 300 617 948 3227 6343 6345 6358 6384 16841 16916 17437 17441 17444 17447 17450 17451 17466 17752 36028 36086 36098 36189 36315 36317 36319 36325 36333 36362 36365 36368 36382 36423 36424 36425 36433 36447 36468 36494 36499 36505 36510 36519 36529 36535
NODE_NUM = 50
FILE mem_ctrl_sub_722.aig

# Subcircuit 723
SUB_ID 723
LO (12):  36433 36447 36468 36494 36499 36505 36519 36736 36739 36748 36751 36795
LI (34):  216 223 224 300 662 681 3625 6343 6358 6384 16841 16849 16902 16917 16933 16941 16979 36429 36437 36439 36440 36454 36462 36466 36471 36472 36487 36493 36503 36512 36515 36727 36738 36794
NODE_NUM = 49
FILE mem_ctrl_sub_723.aig

# Subcircuit 724
SUB_ID 724
LO (9):  36454 36462 36503 37695 37713 37929 37952 38020 38022
LI (30):  223 225 615 617 663 681 3625 5943 6358 6384 16841 16842 16900 16942 17561 36452 36458 37630 37660 37669 37670 37682 37685 37693 37698 37712 37912 37914 37923 37924
NODE_NUM = 50
FILE mem_ctrl_sub_724.aig

# Subcircuit 725
SUB_ID 725
LO (14):  36466 36471 36472 36510 36769 36792 36794 36810 36825 36831 37131 37146 37161 37436
LI (34):  40 216 223 225 300 662 681 682 6343 6344 6345 6358 6384 16793 16822 16841 16854 17449 36437 36508 36582 36727 36753 36756 36760 36828 37050 37051 37122 37130 37142 37154 37157 37236
NODE_NUM = 47
FILE mem_ctrl_sub_725.aig

# Subcircuit 726
SUB_ID 726
LO (13):  36487 36493 36512 36515 36789 36817 36839 36845 37651 37714 38016 38032 38036
LI (28):  216 223 224 225 300 615 617 663 681 6343 6358 6384 16828 16841 16863 16865 17426 17571 17581 36458 36478 36484 36727 36784 36814 37991 37995 38009
NODE_NUM = 50
FILE mem_ctrl_sub_726.aig

# Subcircuit 727
SUB_ID 727
LO (10):  36508 36529 36535 36578 36655 36672 36706 36894 36978 36979
LI (40):  39 40 216 223 617 620 627 649 782 789 790 793 3424 3625 17377 17388 17593 17595 18130 18131 20729 36422 36507 36525 36527 36533 36552 36563 36568 36572 36619 36670 36704 36893 36951 36957 36962 36965 36969 36973
NODE_NUM = 48
FILE mem_ctrl_sub_727.aig

# Subcircuit 728
SUB_ID 728
LO (10):  36563 36568 36572 36704 36951 36957 36962 36990 37002 37007
LI (27):  619 620 628 629 631 648 782 790 1155 1158 1160 19441 19473 36421 36552 36556 36560 36694 36698 36702 36935 36941 36946 36950 36956 36987 36989
NODE_NUM = 48
FILE mem_ctrl_sub_728.aig

# Subcircuit 729
SUB_ID 729
LO (7):  36595 36601 36611 36646 37806 37827 37865
LI (33):  40 216 223 225 300 662 663 6343 6358 6384 16841 16918 17316 17330 17346 17355 17466 17482 36582 36585 36586 36591 36594 36605 36607 37794 37800 37808 37812 37824 37844 37854 37863
NODE_NUM = 50
FILE mem_ctrl_sub_729.aig

# Subcircuit 730
SUB_ID 730
LO (17):  36614 36619 36621 36641 36650 36664 36670 36678 36682 36688 36694 36698 36702 36726 36950 36956 36973
LI (41):  216 223 224 225 300 620 626 662 681 1154 1160 6358 6384 16841 17429 17611 17627 17636 17640 17705 17780 17817 17853 17896 17921 17922 18018 36421 36426 36625 36626 36631 36632 36636 36638 36640 36660 36690 36697 36701 36725
NODE_NUM = 48
FILE mem_ctrl_sub_730.aig

# Subcircuit 731
SUB_ID 731
LO (11):  36709 36725 36731 36753 36756 36828 36833 37435 37912 37955 38023
LI (42):  224 225 604 643 662 663 681 3625 6341 6358 6384 16805 16869 16925 16996 17018 17035 17096 36426 36434 36708 36713 36722 36726 36727 36744 36748 36751 36754 37071 37371 37395 37408 37409 37413 37434 37665 37670 37708 37906 37948 37952
NODE_NUM = 50
FILE mem_ctrl_sub_731.aig

# Subcircuit 732
SUB_ID 732
LO (12):  36760 36772 36780 36784 36889 36893 37408 37434 37455 37484 37488 37510
LI (39):  216 224 617 643 662 681 682 3227 6341 6358 6384 16796 16799 16810 16871 16875 17109 17112 17593 36429 36452 36582 36891 37061 37100 37131 37138 37236 37396 37398 37399 37422 37430 37436 37439 37444 37445 37447 37481
NODE_NUM = 50
FILE mem_ctrl_sub_732.aig

# Subcircuit 733
SUB_ID 733
LO (5):  36814 36883 37508 38087 38100
LI (41):  39 40 223 225 300 604 610 617 626 779 17056 17337 17355 17375 36582 36856 36857 36858 36861 36864 36881 37493 37494 37498 37506 37623 37726 37793 38043 38051 38052 38060 38069 38074 38076 38080 38082 38090 38092 38096 38098
NODE_NUM = 50
FILE mem_ctrl_sub_733.aig

# Subcircuit 734
SUB_ID 734
LO (19):  36856 36861 36881 36887 36902 36904 36908 36910 36918 36920 36924 36926 36935 36941 36946 36964 36968 37506 38051
LI (47):  40 223 300 604 609 610 619 626 627 661 662 782 786 1154 1155 1156 16924 17323 17325 17326 17335 17338 17346 36421 36537 36545 36549 36582 36679 36683 36686 36689 36868 36872 36876 36878 36886 36915 36928 36934 36940 37164 37500 37504 37732 38046 38047
NODE_NUM = 50
FILE mem_ctrl_sub_734.aig

# Subcircuit 735
SUB_ID 735
LO (5):  36965 36969 36987 37038 37044
LI (35):  40 223 645 716 788 791 1161 8620 17508 17893 17894 17924 17966 19035 20522 20526 20718 36421 36578 36706 36964 36968 36978 36979 36990 37002 37007 37011 37018 37020 37024 37028 37030 37039 37042
NODE_NUM = 49
FILE mem_ctrl_sub_735.aig

# Subcircuit 736
SUB_ID 736
LO (14):  37042 37045 37195 37199 37207 37211 37219 37223 37226 37228 37231 37232 37233 37234
LI (20):  224 610 619 620 782 786 790 1155 1156 1160 15061 17752 17780 17924 18130 18268 19441 20718 37044 37189
NODE_NUM = 49
FILE mem_ctrl_sub_736.aig

# Subcircuit 737
SUB_ID 737
LO (16):  37050 37051 37061 37062 37081 37088 37097 37116 37122 37148 37149 37370 37396 37422 37456 37465
LI (26):  224 643 682 948 3625 6341 6344 6358 6384 16828 16913 16942 17014 17109 21061 36039 37049 37053 37059 37076 37077 37085 37087 37105 37112 37236
NODE_NUM = 48
FILE mem_ctrl_sub_737.aig

# Subcircuit 738
SUB_ID 738
LO (19):  37059 37066 37067 37076 37077 37102 37105 37112 37130 37138 37142 37157 37186 37395 37409 37430 37444 37472 37478
LI (35):  216 224 643 681 682 3424 6344 6358 6384 16810 16822 16849 16863 16865 16984 17031 17514 36036 37049 37064 37075 37085 37088 37100 37104 37116 37135 37137 37139 37181 37184 37236 37379 37389 37468
NODE_NUM = 50
FILE mem_ctrl_sub_738.aig

# Subcircuit 739
SUB_ID 739
LO (12):  37154 37178 37189 37269 37284 37308 37312 37316 37494 37498 37518 37524
LI (45):  39 40 216 224 300 626 682 779 1154 3227 6340 17316 17330 17346 17355 17374 17375 17383 17386 17636 17752 37048 37085 37100 37148 37149 37153 37164 37166 37168 37174 37176 37188 37236 37239 37240 37242 37245 37248 37267 37298 37305 37311 37315 37497
NODE_NUM = 50
FILE mem_ctrl_sub_739.aig

# Subcircuit 740
SUB_ID 740
LO (7):  37267 37298 37305 37311 37315 37321 37324
LI (40):  39 40 224 300 626 682 1154 3227 3424 3625 6358 6384 17433 17453 17611 17616 17705 17817 36607 36626 37045 37234 37236 37252 37253 37256 37258 37264 37266 37269 37270 37276 37280 37283 37284 37285 37293 37295 37301 37320
NODE_NUM = 49
FILE mem_ctrl_sub_740.aig

# Subcircuit 741
SUB_ID 741
LO (1):  37617
LI (30):  629 631 645 648 716 788 789 791 793 17853 17896 18018 19473 20522 20526 37232 37233 37324 37329 37333 37338 37344 37347 37351 37359 37360 37366 37580 37602 37612
NODE_NUM = 50
FILE mem_ctrl_sub_741.aig

# Subcircuit 742
SUB_ID 742
LO (19):  37329 37333 37338 37344 37347 37351 37359 37360 37366 37379 37389 37398 37413 37439 37445 37447 37461 37468 37481
LI (42):  617 627 629 643 648 681 1158 3227 6341 6358 6384 16794 16872 16874 16906 16985 16992 17033 17042 17113 17183 17853 17893 17894 17921 17922 18172 20729 36039 36720 37045 37081 37226 37228 37370 37371 37373 37375 37381 37388 37437 37478
NODE_NUM = 49
FILE mem_ctrl_sub_742.aig

# Subcircuit 743
SUB_ID 743
LO (9):  37491 37493 37497 37500 37504 37513 37549 37555 37580
LI (39):  40 300 610 619 620 661 782 786 790 1156 3424 17325 17326 17337 17338 18131 37168 37181 37184 37195 37199 37236 37278 37319 37321 37484 37488 37510 37531 37534 37540 37550 37552 37556 37558 37566 37568 37572 37574
NODE_NUM = 50
FILE mem_ctrl_sub_743.aig

# Subcircuit 744
SUB_ID 744
LO (24):  37550 37552 37556 37558 37566 37568 37572 37574 37602 37612 37620 37621 37622 37750 37755 37759 37773 37779 37783 38108 38114 38184 38189 38199
LI (30):  225 610 619 620 628 645 649 716 1155 1156 1160 1161 8620 17752 17966 18130 36420 37045 37207 37211 37219 37223 37231 37324 37549 37555 37617 37619 37765 37769
NODE_NUM = 50
FILE mem_ctrl_sub_744.aig

# Subcircuit 745
SUB_ID 745
LO (21):  37628 37629 37630 37636 37655 37660 37664 37669 37670 37682 37685 37698 37712 37808 37914 37923 37924 37943 37976 37977 38043
LI (34):  216 225 615 663 681 3625 6341 6342 6358 6384 16793 16799 16810 16842 16854 16917 16932 16933 16984 17032 17466 37661 37667 37708 37793 37807 37913 37921 37958 37961 37962 37974 38016 38042
NODE_NUM = 50
FILE mem_ctrl_sub_745.aig

# Subcircuit 746
SUB_ID 746
LO (19):  37667 37693 37708 37726 37727 37738 37746 37878 37882 37885 37888 37891 37892 37894 37961 37995 38042 38052 38069
LI (44):  39 40 223 224 225 300 615 626 663 779 3424 16793 16933 17080 17334 17375 17386 17470 17593 17595 17780 17817 17853 17896 37623 37664 37665 37732 37736 37744 37791 37868 37869 37877 37881 37887 37890 37948 37959 37992 38021 38025 38039 38067
NODE_NUM = 50
FILE mem_ctrl_sub_746.aig

# Subcircuit 747
SUB_ID 747
LO (4):  38175 38192 38196 38197
LI (35):  620 627 645 649 782 788 789 790 793 1161 17924 17966 18130 20522 20526 20718 20729 37622 37764 37773 37779 37783 37903 38123 38129 38135 38139 38143 38146 38156 38172 38182 38184 38189 38195
NODE_NUM = 50
FILE mem_ctrl_sub_747.aig

# Subcircuit 748
SUB_ID 748
LO (16):  37791 37794 37800 37807 37812 37824 37837 37844 37854 37863 37868 37869 37877 37881 37887 37890
LI (38):  39 224 225 300 626 663 1154 3625 5943 6358 6384 16974 17316 17330 17434 17454 17475 17610 17611 17616 17651 17672 17705 17780 17817 19441 36626 37621 37793 37806 37822 37836 37843 37850 37853 37858 37861 37865
NODE_NUM = 49
FILE mem_ctrl_sub_748.aig

# Subcircuit 749
SUB_ID 749
LO (15):  37903 37906 37921 37934 37935 37948 37958 37959 37962 37974 37983 37990 37992 38009 38039
LI (47):  224 225 615 617 629 663 681 3625 6358 16796 16837 16870 16875 16997 17015 17044 17057 17097 17183 17921 17922 36720 36754 36780 36800 37621 37637 37642 37665 37793 37894 37897 37901 37913 37920 37929 37930 37931 37945 37955 37972 37985 38001 38006 38008 38033 38036
NODE_NUM = 50
FILE mem_ctrl_sub_749.aig

# Subcircuit 750
SUB_ID 750
LO (18):  38021 38025 38033 38046 38047 38060 38067 38074 38076 38080 38082 38090 38092 38096 38098 38123 38129 38135
LI (45):  225 300 609 610 619 620 626 661 663 782 786 790 1154 1155 1156 5943 6384 16952 17325 17593 18131 37729 37734 37748 37756 37760 37793 37878 37882 37885 37888 37944 37979 38020 38022 38023 38032 38087 38100 38106 38108 38112 38114 38122 38128
NODE_NUM = 49
FILE mem_ctrl_sub_750.aig

# Subcircuit 751
SUB_ID 751
LO (13):  38122 38128 38139 38143 38146 38156 38172 38182 38195 38207 38211 38216 38218
LI (38):  96 138 620 627 631 645 648 716 788 791 1158 1160 1161 2859 2862 2869 2891 3078 6312 6412 8620 11577 17853 17893 17894 17924 18018 18172 19473 37621 37891 37892 37894 38175 38192 38196 38197 38199
NODE_NUM = 50
FILE mem_ctrl_sub_751.aig

# Subcircuit 752
SUB_ID 752
LO (2):  38279 38296
LI (31):  40 138 199 211 333 1094 2676 2876 2934 2949 2956 3145 6409 11577 11674 11707 38218 38224 38228 38230 38236 38241 38247 38250 38257 38260 38265 38277 38283 38290 38295
NODE_NUM = 50
FILE mem_ctrl_sub_752.aig

# Subcircuit 753
SUB_ID 753
LO (19):  38230 38236 38241 38247 38250 38260 38273 38290 38304 38312 38316 38320 38324 38329 38333 38335 38341 38351 38377
LI (46):  33 52 55 56 57 63 71 75 76 88 101 199 229 232 300 333 1094 2660 2666 2676 2857 2862 2917 2936 2949 2979 2980 3024 3078 3267 3364 3434 3588 3593 6273 7550 7643 11576 38228 38271 38281 38310 38318 38323 38349 38367
NODE_NUM = 50
FILE mem_ctrl_sub_753.aig

# Subcircuit 754
SUB_ID 754
LO (13):  38349 38367 38397 38410 38414 38426 38440 38449 38451 38476 38479 38488 39520
LI (47):  33 40 55 73 96 101 121 229 1092 1094 2677 2869 2939 2946 6312 6319 6333 6338 6361 6367 6426 6540 6612 6616 7619 7652 9050 9051 10228 10436 11182 16795 16797 16798 16884 17264 17281 38341 38347 38366 38389 38390 38391 38394 38405 38447 38472
NODE_NUM = 50
FILE mem_ctrl_sub_754.aig

# Subcircuit 755
SUB_ID 755
LO (18):  38511 38515 38553 38555 38560 38987 40014 40015 40016 40025 40128 40364 40552 40735 40769 40917 41005 41009
LI (39):  39 40 210 214 216 231 234 237 300 1143 1152 1153 6329 6404 6610 10820 11529 38496 38502 38503 38504 38552 38559 38588 38593 38639 38689 38891 38980 38986 40008 40013 40024 40057 40090 40110 40121 40363 40551
NODE_NUM = 50
FILE mem_ctrl_sub_755.aig

# Subcircuit 756
SUB_ID 756
LO (26):  38580 38588 38595 38621 38625 39541 39563 39789 40247 40249 40252 40253 40255 40592 40942 40943 40996 41360 41363 41382 41933 43337 43378 43920 43947 44147
LI (25):  210 212 214 215 220 300 1144 1148 1150 8620 11008 38579 38583 38590 38593 38618 38622 38658 39536 39556 39557 39786 40246 40248 40251
NODE_NUM = 50
FILE mem_ctrl_sub_756.aig

# Subcircuit 757
SUB_ID 757
LO (18):  38579 39534 39536 40384 40386 40413 40431 40453 40469 40484 40944 41008 41014 41444 41574 41603 41623 44242
LI (30):  210 212 213 214 215 300 1145 1148 1149 1150 8620 11008 39533 39585 40327 40371 40373 40382 40393 40409 40412 40426 40449 40468 40936 40940 40943 40987 41006 41011
NODE_NUM = 43
FILE mem_ctrl_sub_757.aig

# Subcircuit 758
SUB_ID 758
LO (34):  38593 39049 39066 39317 39798 40045 40057 40090 40248 40296 40298 40303 40305 40325 40333 40584 40725 40760 40831 40832 40916 40920 41918 41964 41978 41980 42023 42037 42141 42148 42175 42176 42221 44168
LI (28):  210 1148 1149 1150 1152 1153 8620 38592 39038 39047 39065 39313 39315 39509 39796 40040 40043 40055 40074 40089 40256 40290 40293 40294 40295 40304 40324 40332
NODE_NUM = 50
FILE mem_ctrl_sub_758.aig

# Subcircuit 759
SUB_ID 759
LO (22):  38596 38602 39224 39227 39231 39236 39260 39556 39579 40498 40501 40506 40514 40579 40946 40948 40949 40952 41453 41635 42482 43939
LI (31):  200 201 209 214 220 300 1145 8620 38583 38598 38601 38608 39021 39063 39184 39218 39223 39225 39228 39253 39254 39255 39546 39548 39550 39569 39576 40397 40497 40505 40511
NODE_NUM = 50
FILE mem_ctrl_sub_759.aig

# Subcircuit 760
SUB_ID 760
LO (33):  38598 38601 38605 38607 38622 38643 38647 38649 39548 41242 41243 41244 41245 41252 41255 41256 41257 41258 42725 42774 43193 43303 43343 43377 43384 43439 43779 43783 43784 43788 43805 43852 44277
LI (26):  200 201 212 300 1092 1143 1157 16641 38600 38648 39224 40328 40946 41116 41238 41241 41249 43331 43333 43341 43373 43382 43778 43782 43787 43803
NODE_NUM = 49
FILE mem_ctrl_sub_760.aig

# Subcircuit 761
SUB_ID 761
LO (19):  38600 38612 38619 38633 38639 39546 40328 40329 40330 40332 40933 41776 42034 43333 43850 44096 44101 44158 44304
LI (40):  200 201 209 210 213 214 220 231 1144 1148 1149 1150 8620 16641 38591 38611 38616 38618 38630 38632 38634 40041 40327 40496 40770 40907 40911 40912 40925 40932 40948 41772 41773 43332 44146 44149 44151 44291 44292 44302
NODE_NUM = 48
FILE mem_ctrl_sub_761.aig

# Subcircuit 762
SUB_ID 762
LO (19):  38648 38651 39437 39519 41116 41221 41226 41229 41238 41240 41254 41309 41314 41321 42620 43250 43266 43583 43780
LI (33):  212 214 220 231 1092 1156 1157 1158 8620 38643 38713 39430 39436 39438 39515 39518 41023 41034 41095 41107 41110 41115 41130 41151 41219 41220 41224 41236 41297 41298 41299 41308 43249
NODE_NUM = 49
FILE mem_ctrl_sub_762.aig

# Subcircuit 763
SUB_ID 763
LO (20):  38650 38661 38677 38689 38702 38735 38746 38747 38789 38790 38891 39313 39436 39568 39569 39576 39677 40197 40223 41308
LI (38):  209 210 212 213 214 215 220 231 1156 1158 8620 38581 38649 38657 38658 38660 38669 38672 38675 38685 38687 38701 38733 38745 38787 38890 39309 39431 39432 39567 39570 39573 39588 40161 40186 40214 40215 40222
NODE_NUM = 48
FILE mem_ctrl_sub_763.aig

# Subcircuit 764
SUB_ID 764
LO (12):  38733 38745 38814 38815 38856 38861 38869 38890 38980 39390 39479 41348
LI (35):  208 209 212 220 1158 10781 38608 38675 38703 38706 38710 38717 38731 38735 38743 38747 38790 38801 38812 38813 38827 38850 38855 38867 38889 38892 38895 38911 38922 38927 38940 38949 38953 38979 39020
NODE_NUM = 48
FILE mem_ctrl_sub_764.aig

# Subcircuit 765
SUB_ID 765
LO (19):  38709 38710 38988 39038 39065 39093 39095 39102 39105 39106 39108 39116 39118 39142 39706 39709 39919 40192 40204
LI (29):  208 209 212 213 214 215 220 1154 1155 10781 38590 38662 38708 38989 38999 39010 39015 39029 39035 39037 39052 39057 39063 39083 39086 39092 39101 39104 39115
NODE_NUM = 43
FILE mem_ctrl_sub_765.aig

# Subcircuit 766
SUB_ID 766
LO (11):  38717 38850 38889 39218 39253 39266 39487 39488 39515 42447 42557
LI (34):  208 209 210 212 213 220 8620 10818 38583 38712 38713 38716 38832 38834 38836 38847 38879 38884 38953 38988 39197 39202 39211 39214 39252 39260 39261 39263 39416 39420 39476 39485 39497 39514
NODE_NUM = 49
FILE mem_ctrl_sub_766.aig

# Subcircuit 767
SUB_ID 767
LO (28):  38716 38722 38723 38724 38726 38730 38731 38740 38742 38743 38763 38765 38772 38776 38778 38781 38791 38793 38917 39322 39345 39359 39601 39652 43192 43197 43232 43234
LI (17):  200 201 208 209 1155 1156 1157 1158 10975 11533 38708 38713 38720 38729 38761 38762 38771
NODE_NUM = 48
FILE mem_ctrl_sub_767.aig

# Subcircuit 768
SUB_ID 768
LO (9):  38728 38729 38787 38882 39364 39379 39430 39451 39602
LI (34):  208 209 210 212 220 1157 1158 8620 10781 11008 11533 38583 38590 38675 38702 38727 38743 38765 38778 38784 38823 38881 38953 39322 39333 39337 39340 39345 39355 39359 39365 39371 39428 39449
NODE_NUM = 50
FILE mem_ctrl_sub_768.aig

# Subcircuit 769
SUB_ID 769
LO (17):  38760 38761 38911 38940 38979 39127 39139 39170 39198 39200 39202 39211 39409 39756 39766 42785 42861
LI (33):  208 209 212 213 215 300 1154 1155 8620 11543 38695 38751 38753 38759 38894 38896 38901 38909 38926 38928 38932 38938 38960 38963 38971 38976 39123 39124 39125 39135 39154 39166 39210
NODE_NUM = 50
FILE mem_ctrl_sub_769.aig

# Subcircuit 770
SUB_ID 770
LO (11):  38753 39047 39584 39802 39803 39835 42488 42558 42567 43640 43982
LI (40):  210 213 214 220 231 300 1151 1153 1154 1156 8620 11007 38720 38751 38832 39040 39046 39049 39580 39799 39800 39801 39807 39812 39819 39832 40247 40804 42301 42338 42348 42350 42355 42391 42484 42487 42555 42557 42561 42564
NODE_NUM = 46
FILE mem_ctrl_sub_770.aig

# Subcircuit 771
SUB_ID 771
LO (27):  38751 39135 39225 39832 39841 39842 40074 40268 40276 40282 40284 40286 40287 40317 40318 40319 40323 40324 40334 40371 40673 40675 40676 40745 41660 41947 42045
LI (21):  213 215 220 300 1154 8620 10818 10975 39134 39826 39831 39836 39839 40063 40073 40265 40266 40275 40310 40312 40315
NODE_NUM = 47
FILE mem_ctrl_sub_771.aig

# Subcircuit 772
SUB_ID 772
LO (27):  38756 38759 38816 38817 38825 38827 38836 38855 38867 38896 38909 38922 38928 38938 38949 38971 39003 39004 39008 39010 39013 39067 39366 39757 39767 40849 42398
LI (29):  208 209 212 300 1155 1156 1157 11543 38632 38726 38757 38791 38799 38810 38820 38824 38866 38872 38893 38895 38908 38916 38917 38925 38927 38937 38944 38969 39006
NODE_NUM = 50
FILE mem_ctrl_sub_772.aig

# Subcircuit 773
SUB_ID 773
LO (14):  38757 38762 39029 39035 39037 39052 39057 39083 39086 39092 42750 42999 43002 43004
LI (32):  208 209 212 213 215 220 254 1153 8620 38591 38660 38698 38712 38763 38867 39014 39019 39021 39024 39033 39069 39075 41317 42746 42747 42886 42901 42905 42907 42989 42994 43000
NODE_NUM = 49
FILE mem_ctrl_sub_773.aig

# Subcircuit 774
SUB_ID 774
LO (13):  38771 38819 41219 41220 41333 43247 43249 43274 43277 43278 43611 43629 45420
LI (31):  212 231 264 268 1156 8620 38770 38818 39802 41216 41217 41221 41223 41287 41318 41322 41332 42980 43131 43181 43244 43261 43263 43271 43559 43564 43571 43588 43591 43599 43607
NODE_NUM = 45
FILE mem_ctrl_sub_774.aig

# Subcircuit 775
SUB_ID 775
LO (18):  38784 39340 39720 40912 41315 41316 41317 41318 41322 42710 43008 43778 43792 43793 43803 43815 44001 44026
LI (43):  208 209 212 213 215 220 231 269 273 276 284 1092 1151 1152 1153 1158 8620 10818 38776 38779 38780 38781 39658 39659 39673 39674 39678 39690 39698 39699 39713 41314 41321 42709 43002 43005 43790 43802 43812 43813 43989 43992 43995
NODE_NUM = 50
FILE mem_ctrl_sub_775.aig

# Subcircuit 776
SUB_ID 776
LO (11):  38801 38812 38847 38976 39371 39449 39476 39615 39622 39647 40135
LI (32):  208 209 210 212 220 1158 11008 38793 38795 38799 38810 38811 38842 38846 38953 38973 38975 39003 39333 39364 39366 39379 39446 39451 39463 39605 39611 39620 39621 39626 39636 39644
NODE_NUM = 50
FILE mem_ctrl_sub_776.aig

# Subcircuit 777
SUB_ID 777
LO (20):  38799 38842 39428 39611 39894 39906 39911 39912 39914 39931 39991 39993 39996 39997 40002 40094 40095 40667 40740 40750
LI (31):  209 212 213 215 220 1158 11008 38583 38798 38822 38841 38856 38953 39111 39162 39392 39398 39404 39417 39427 39610 39883 39886 39889 39893 39905 39909 39922 39929 39977 39989
NODE_NUM = 50
FILE mem_ctrl_sub_777.aig

# Subcircuit 778
SUB_ID 778
LO (20):  38811 38813 38846 38870 38916 38944 38973 39337 39365 39446 39463 39626 39673 39699 39713 39801 42726 42729 42734 42960
LI (35):  208 209 212 213 220 300 1092 1154 1155 1158 38581 38632 38694 38699 38770 38802 38803 38810 38845 38881 38893 38925 39067 39324 39335 39455 39458 39665 39671 39702 39703 39706 39711 42724 42725
NODE_NUM = 50
FILE mem_ctrl_sub_778.aig

# Subcircuit 779
SUB_ID 779
LO (18):  38818 38823 38824 38834 38845 38871 38894 38926 38989 38999 39255 39291 39301 39455 43244 43571 45402 45403
LI (42):  208 209 212 220 264 943 1156 1157 13222 38583 38662 38701 38723 38729 38730 38742 38780 38802 38820 38822 38865 38893 38925 38997 39106 39272 39283 39284 39290 39298 43196 43201 43202 43204 43211 43222 43229 43242 43565 43570 45324 45396
NODE_NUM = 50
FILE mem_ctrl_sub_779.aig

# Subcircuit 780
SUB_ID 780
LO (13):  38901 38905 38908 38932 38937 39786 40387 40393 40409 40449 40468 40637 41368
LI (35):  208 212 215 220 300 1155 1157 8620 38723 38724 38895 38927 39657 39724 39725 39730 39741 39748 39762 39776 39785 40248 40295 40386 40392 40408 40433 40448 40459 40467 40600 40610 40612 40616 40636
NODE_NUM = 49
FILE mem_ctrl_sub_780.aig

# Subcircuit 781
SUB_ID 781
LO (31):  38960 38963 38969 38993 38994 38997 39006 39024 39143 39147 39149 39176 39179 39181 39298 39557 39874 39875 39876 40250 40472 40474 40481 40804 41744 42423 42461 42462 42463 43569 43636
LI (28):  208 209 212 213 215 220 300 1154 1155 1156 10781 10972 38590 38608 38696 38703 38708 38722 38746 38959 38962 38967 38995 39020 39023 39142 39174 39178
NODE_NUM = 49
FILE mem_ctrl_sub_781.aig

# Subcircuit 782
SUB_ID 782
LO (25):  39014 39015 39019 39033 39040 39046 39060 39061 39063 39314 39315 39509 39514 40215 40349 40363 40426 41773 41907 42302 42303 42306 42349 42350 44036
LI (40):  212 214 215 220 231 300 1149 1150 1151 1153 8620 10781 11008 38581 38591 38675 38678 38679 38681 38730 38958 39008 39013 39043 39508 39512 40342 40347 40357 40362 40419 40424 41419 41644 41666 41684 41756 41779 41903 41906
NODE_NUM = 49
FILE mem_ctrl_sub_782.aig

# Subcircuit 783
SUB_ID 783
LO (14):  39069 39075 39101 39104 39674 39690 40161 40214 42817 43559 43564 43565 43658 43796
LI (48):  208 209 210 212 215 220 231 1154 1155 1156 8620 11606 38660 38698 38730 38776 38865 39067 39100 39103 39111 39155 39255 39333 39345 39689 39803 40149 40150 40153 40155 40158 40197 40203 40206 40208 42787 42788 42797 42815 42980 43551 43557 43635 43636 43640 43653 43656
NODE_NUM = 50
FILE mem_ctrl_sub_783.aig

# Subcircuit 784
SUB_ID 784
LO (11):  39123 39485 39497 39883 39977 39985 40008 40024 40040 40051 40112
LI (33):  208 209 210 212 213 215 220 8620 10818 11008 38664 38815 39178 39422 39425 39481 39871 39881 39958 39959 39960 39965 39976 39980 39982 39996 39997 40004 40020 40023 40034 40047 40050
NODE_NUM = 50
FILE mem_ctrl_sub_784.aig

# Subcircuit 785
SUB_ID 785
LO (17):  39124 39125 39965 42568 42577 42724 42741 42754 42759 42763 42778 42800 42867 42906 43618 44081 45440
LI (28):  208 209 220 254 1092 1152 1153 1154 8620 13224 38652 38669 38709 38713 38780 39102 39479 42572 42574 42621 42717 42726 42730 42731 42735 42757 42762 42775
NODE_NUM = 50
FILE mem_ctrl_sub_785.aig

# Subcircuit 786
SUB_ID 786
LO (14):  39134 39154 39252 39254 39398 39417 39420 39427 39909 42404 42411 42415 42444 42452
LI (30):  201 208 209 210 212 213 215 300 1155 11008 38776 38799 38822 39112 39133 39152 39200 39241 39248 39262 39397 39407 39408 39409 39416 39422 39425 42400 42408 42412
NODE_NUM = 48
FILE mem_ctrl_sub_786.aig

# Subcircuit 787
SUB_ID 787
LO (11):  39157 39166 39174 41217 42441 42466 42473 42815 42886 43005 43635
LI (35):  212 213 215 220 231 254 255 8620 39149 39152 39156 39165 40684 41317 42422 42423 42431 42439 42463 42800 42801 42810 42814 42860 42870 42872 42882 43004 43537 43611 43613 43615 43621 43622 43629
NODE_NUM = 50
FILE mem_ctrl_sub_787.aig

# Subcircuit 788
SUB_ID 788
LO (12):  39182 39193 39210 39248 39958 39960 42484 43989 43995 44054 44161 44176
LI (43):  208 209 212 214 231 1092 1150 1151 1153 1154 8620 10975 38581 38708 38822 38832 38841 39181 39192 39206 39408 39409 39946 39952 40328 40747 41978 42442 42459 42469 42473 42483 43779 43784 43987 43992 43994 44047 44048 44159 44162 44171 44175
NODE_NUM = 50
FILE mem_ctrl_sub_788.aig

# Subcircuit 789
SUB_ID 789
LO (22):  39223 39241 39261 39262 39263 39272 39283 39284 39290 39320 39324 39335 39392 39396 39397 39404 39407 39416 39422 39425 39671 42408
LI (46):  208 209 212 215 220 231 235 1158 10781 11008 38583 38590 38591 38740 38776 38781 38795 38798 38814 38817 38822 38865 38873 39021 39067 39105 39113 39122 39147 39155 39159 39164 39178 39200 39221 39227 39273 39277 39279 39287 39289 39322 39331 39333 39390 39670
NODE_NUM = 50
FILE mem_ctrl_sub_789.aig

# Subcircuit 790
SUB_ID 790
LO (32):  39408 39481 39508 39512 39518 39533 39812 39858 39893 39925 39926 39927 39929 39932 39933 40097 40101 40102 40373 40378 40382 40391 40392 40402 40403 40441 40663 40712 40816 40936 40940 42323
LI (29):  209 212 213 215 220 231 236 300 1146 36283 38583 38653 38760 38776 38953 39178 39188 39438 39479 39511 39847 39854 39863 39921 40092 40095 40372 40377 40380
NODE_NUM = 49
FILE mem_ctrl_sub_790.aig

# Subcircuit 791
SUB_ID 791
LO (17):  39550 39567 39605 39644 39657 39658 39665 39678 39698 39703 39711 39748 39753 39762 39776 39783 40495
LI (32):  200 208 209 212 213 215 1146 1157 1158 1159 38581 38591 38872 38895 38927 39291 39564 39595 39599 39603 39632 39638 39648 39654 39662 39677 39687 39709 39743 39747 39760 39770
NODE_NUM = 50
FILE mem_ctrl_sub_791.aig

# Subcircuit 792
SUB_ID 792
LO (26):  39570 39573 39587 39595 39599 40295 40336 40337 40342 40357 40361 40362 40398 40399 40408 40438 40445 40448 40625 41409 41732 41736 41925 42572 43262 44106
LI (28):  212 213 215 220 1159 8620 38581 38613 38647 38713 38865 38953 39100 39572 39837 39921 39925 40068 40315 40335 40339 40347 40351 40359 40397 40407 40435 40441
NODE_NUM = 49
FILE mem_ctrl_sub_792.aig

# Subcircuit 793
SUB_ID 793
LO (12):  39603 39610 39621 39636 39654 39670 39687 39743 40133 40162 40186 40203
LI (30):  200 201 209 210 212 213 215 220 300 1157 1158 1159 8620 38608 38769 38865 38872 39255 39601 39602 39608 39632 39644 39652 39685 39703 40163 40169 40193 40198
NODE_NUM = 49
FILE mem_ctrl_sub_793.aig

# Subcircuit 794
SUB_ID 794
LO (26):  39620 39632 39638 39648 39659 39685 39689 39702 39730 39739 39747 39760 39770 39785 39799 39816 39838 40306 40314 40432 40433 41236 41287 41657 43229 43298
LI (49):  208 209 212 215 220 1155 1157 1158 1159 8620 38660 38697 38698 38727 38730 38772 38816 38825 38832 38841 38872 39115 39133 39224 39615 39619 39622 39631 39647 39687 39722 39725 39738 39756 39757 39766 39767 39783 39815 41233 41234 41272 41275 41278 41283 43282 43288 43293 43296
NODE_NUM = 49
FILE mem_ctrl_sub_794.aig

# Subcircuit 795
SUB_ID 795
LO (26):  39800 39807 39826 39837 39839 39921 39922 40310 40312 40315 40335 40346 40347 40406 40407 40424 40435 40781 40785 40786 40791 40792 40796 40797 41942 42339
LI (36):  209 212 213 215 220 300 1153 8620 11008 38590 38608 38697 38713 38776 38810 38958 39103 39823 39824 39838 39852 39920 40016 40045 40053 40247 40306 40314 40323 40334 40345 40404 40422 40653 40779 40788
NODE_NUM = 50
FILE mem_ctrl_sub_795.aig

# Subcircuit 796
SUB_ID 796
LO (25):  39815 40808 41462 41465 41466 41467 41468 41469 41474 41477 41479 41482 41483 41520 41553 41556 41568 41570 41609 41610 41783 41787 41804 41836 41854
LI (18):  212 213 215 220 300 8620 10781 38591 38713 39020 40807 41409 41419 41447 41450 41455 41460 41519
NODE_NUM = 50
FILE mem_ctrl_sub_796.aig

# Subcircuit 797
SUB_ID 797
LO (11):  39819 39831 39836 40063 40073 40655 40770 41652 41653 41655 41953
LI (34):  213 214 215 220 1150 1153 8620 38590 39143 39816 39829 40060 40069 40650 40653 40662 40665 40672 40673 40676 40680 40684 40692 40707 40717 40725 40738 40743 40745 40747 40762 40769 41649 41650
NODE_NUM = 50
FILE mem_ctrl_sub_797.aig

# Subcircuit 798
SUB_ID 798
LO (25):  39824 39829 39846 39847 39854 39860 40060 40069 40079 40083 40085 40089 40225 40241 40242 40256 40598 40692 40696 40698 40751 40888 41403 41966 42080
LI (33):  201 212 213 214 215 220 300 1148 1149 1153 1154 8620 13221 38662 38798 38881 39021 39100 39853 39863 40012 40053 40068 40080 40224 40240 40255 40580 40587 40594 40686 40688 40691
NODE_NUM = 50
FILE mem_ctrl_sub_798.aig

# Subcircuit 799
SUB_ID 799
LO (12):  39851 39864 39871 39881 39886 39898 40327 40911 41684 42137 42300 42301
LI (46):  208 209 210 214 231 300 1149 1150 1151 1152 1153 10781 10972 11605 16641 38958 39021 39109 39192 39198 39863 39876 39880 39884 40908 40909 41674 41683 41977 42004 42016 42022 42023 42034 42133 42136 42174 42191 42198 42200 42204 42212 42213 42224 42296 42299
NODE_NUM = 50
FILE mem_ctrl_sub_799.aig

# Subcircuit 800
SUB_ID 800
LO (19):  39900 39901 39905 40120 40121 40224 40230 40236 40237 40240 40454 40462 40848 40868 41709 41715 41721 42066 42381
LI (16):  212 213 215 220 8620 11533 38590 38953 38958 39021 39662 39898 39903 40113 40116 40228
NODE_NUM = 45
FILE mem_ctrl_sub_800.aig

# Subcircuit 801
SUB_ID 801
LO (17):  39903 39920 39946 39952 39959 39976 39980 39989 40004 40013 40020 40023 40034 40050 40838 40899 41815
LI (41):  208 209 212 213 215 220 1151 1153 1155 8620 10781 38590 38698 38780 38881 38892 39102 39116 39185 39206 39390 39396 39487 39488 39874 39902 39919 39991 39993 40002 40009 40012 40025 40047 40785 40791 40792 40797 40837 40894 40895
NODE_NUM = 50
FILE mem_ctrl_sub_801.aig

# Subcircuit 802
SUB_ID 802
LO (16):  40012 40684 40909 41419 41633 41644 41666 41756 41930 41940 41957 41961 42048 42110 42111 42166
LI (35):  214 231 1148 1149 1150 1151 1152 8620 40011 40241 40304 41404 41405 41416 41418 41440 41444 41629 41632 41643 41656 41663 41729 41730 41732 41736 41741 41747 41751 41923 41928 41937 41943 41952 41954
NODE_NUM = 49
FILE mem_ctrl_sub_802.aig

# Subcircuit 803
SUB_ID 803
LO (16):  40042 40043 40053 40055 40080 40092 40110 40113 40116 40131 40137 40672 40717 40743 40837 40907
LI (46):  212 213 214 215 220 231 239 300 1150 1151 1152 1153 1154 8620 10820 38581 38613 38892 39894 39902 39912 39914 39926 40041 40051 40052 40091 40101 40102 40112 40133 40135 40667 40670 40713 40742 40826 40827 40828 40832 40838 40863 40875 40882 40899 40900
NODE_NUM = 49
FILE mem_ctrl_sub_803.aig

# Subcircuit 804
SUB_ID 804
LO (20):  40149 40150 40153 40155 40158 40163 40169 40193 40198 40206 40222 40228 40245 40246 40747 40921 40923 41729 41944 42011
LI (43):  212 213 215 220 231 240 300 1149 1151 1152 1158 8620 11533 38590 38613 38730 38872 39004 39585 39611 39703 39753 39880 40137 40138 40143 40149 40162 40192 40197 40204 40224 40244 40252 40397 40920 41418 41429 41703 41709 41710 41716 41722
NODE_NUM = 50
FILE mem_ctrl_sub_804.aig

# Subcircuit 805
SUB_ID 805
LO (18):  40251 40260 40289 40290 40587 40705 40707 40908 41772 41903 41909 41910 41911 41912 42021 42133 42157 42296
LI (36):  214 1148 1149 1150 1151 1152 1153 8620 39585 40250 40259 40288 40581 40586 40704 41771 41792 41795 41816 41829 41899 41902 41908 41999 42020 42055 42060 42075 42128 42132 42243 42249 42251 42252 42292 42295
NODE_NUM = 50
FILE mem_ctrl_sub_805.aig

# Subcircuit 806
SUB_ID 806
LO (13):  40265 40266 40271 40275 40288 40863 40878 40882 41692 41695 41914 42040 42361
LI (24):  212 213 215 220 300 8620 10781 13221 38802 38810 39875 40025 40047 40248 40261 40268 40276 40284 40287 40779 40862 41429 41687 41690
NODE_NUM = 46
FILE mem_ctrl_sub_806.aig

# Subcircuit 807
SUB_ID 807
LO (18):  40294 40345 40351 40359 40665 40738 40762 40810 40826 40827 41643 41730 41998 41999 42001 42020 42128 42243
LI (42):  200 209 1148 1149 1150 1151 1152 1153 13221 38770 39877 40045 40097 40120 40248 40249 40293 40295 40358 40483 40664 40696 40700 40725 40728 40735 40755 40760 40806 40808 40814 40825 41636 41642 41997 42106 42117 42118 42123 42234 42235 42240
NODE_NUM = 50
FILE mem_ctrl_sub_807.aig

# Subcircuit 808
SUB_ID 808
LO (23):  40372 40377 40380 40404 40412 40419 40559 40649 40650 40662 41674 41687 41741 41829 41985 41986 41990 41992 41993 41994 42118 42192 43953
LI (33):  212 215 220 231 1147 1148 1150 1151 1152 8620 11008 38581 39533 40403 40410 40418 40475 40483 40648 40660 40781 40808 41418 41465 41636 41673 41820 41823 41981 41982 43938 43946 43947
NODE_NUM = 48
FILE mem_ctrl_sub_808.aig

# Subcircuit 809
SUB_ID 809
LO (19):  40418 40422 40457 40459 40862 40875 41383 41642 41716 41722 41919 41923 42006 42016 42060 42065 42067 42268 42269
LI (40):  214 220 1147 1148 1150 1152 1153 8620 11533 13221 38583 38591 38953 39533 39556 39557 39900 40015 40016 40045 40305 40347 40454 40735 40760 40792 40859 40873 41369 41375 41382 41636 41715 41721 41912 41916 41918 42009 42015 42066
NODE_NUM = 46
FILE mem_ctrl_sub_809.aig

# Subcircuit 810
SUB_ID 810
LO (11):  40467 40483 40492 40788 40806 40814 41629 41683 41899 41902 42071
LI (42):  210 212 214 220 300 1149 1150 1154 39841 39900 40016 40237 40252 40291 40296 40378 40398 40431 40453 40462 40466 40469 40472 40479 40482 40484 40804 41429 41520 41521 41542 41550 41564 41600 41628 41677 41679 41865 41867 41883 41889 41892
NODE_NUM = 49
FILE mem_ctrl_sub_810.aig

# Subcircuit 811
SUB_ID 811
LO (24):  40479 40482 40494 40497 40503 40505 40511 40516 40517 40518 40520 40523 40528 40536 40537 40542 40600 41446 41454 41455 41456 41747 41751 42355
LI (24):  200 201 208 212 213 220 300 1147 1151 1152 8620 10781 38613 40250 40359 40474 40475 40481 40496 40501 40509 40514 41744 41749
NODE_NUM = 39
FILE mem_ctrl_sub_811.aig

# Subcircuit 812
SUB_ID 812
LO (12):  40496 40509 40548 40551 40558 40580 40581 40586 40616 40636 41351 41364
LI (38):  201 213 215 220 1148 1150 10818 38590 38769 40305 40413 40495 40517 40518 40520 40523 40528 40537 40542 40543 40547 40549 40550 40568 40574 40579 40584 40609 40621 40622 40627 40628 40634 41350 41354 41355 41361 41363
NODE_NUM = 50
FILE mem_ctrl_sub_812.aig

# Subcircuit 813
SUB_ID 813
LO (22):  40547 40549 40553 40562 40568 40574 40594 40609 40610 40612 40621 40622 40627 40634 40639 40643 41335 41347 41350 41354 41355 41361
LI (40):  210 213 214 215 220 231 241 1148 1150 8620 16641 38590 38591 39722 40247 40398 40410 40441 40506 40516 40517 40518 40520 40523 40536 40537 40542 40548 40552 40592 40600 40625 40632 40637 41336 41340 41342 41344 41349 41360
NODE_NUM = 50
FILE mem_ctrl_sub_813.aig

# Subcircuit 814
SUB_ID 814
LO (22):  40648 40653 40660 40664 40670 40680 40700 40704 40713 40728 40742 40755 40807 40825 40828 41927 41928 42004 42036 42044 42049 42244
LI (46):  220 300 1150 1153 1154 8620 10819 11008 38583 38658 38881 39901 39911 39927 39932 40025 40041 40079 40094 40102 40120 40336 40342 40406 40410 40432 40657 40658 40663 40698 40705 40712 40740 40750 40751 40779 40816 40820 41925 41985 41990 41992 41994 42001 42037 42043
NODE_NUM = 50
FILE mem_ctrl_sub_814.aig

# Subcircuit 815
SUB_ID 815
LO (8):  40859 40873 40894 41977 42106 42174 42282 42391
LI (38):  215 220 1148 1149 1150 1151 1153 39880 40230 40237 40462 40760 40848 40849 40851 40868 40888 40890 40893 41918 41919 41940 41961 41964 41972 42094 42097 42099 42146 42149 42172 42276 42279 42376 42378 42382 42384 42388
NODE_NUM = 50
FILE mem_ctrl_sub_815.aig

# Subcircuit 816
SUB_ID 816
LO (18):  40893 40895 40900 40925 40932 40956 40960 40967 40973 40974 41022 41387 41388 41391 41394 41408 43073 43088
LI (31):  208 212 213 215 231 242 243 300 1150 1151 8620 40011 40016 40045 40083 40890 40916 40917 40923 40949 40955 40958 40961 40966 41021 43063 43068 43069 43074 43081 43085
NODE_NUM = 49
FILE mem_ctrl_sub_816.aig

# Subcircuit 817
SUB_ID 817
LO (14):  40955 40958 40961 40966 40976 40977 40978 40987 41006 41400 41405 41407 41414 41425
LI (29):  208 209 212 213 215 220 8620 38590 38591 38613 38927 39021 39725 40397 40494 40946 40952 40956 40973 40974 40982 40991 40998 41005 41387 41388 41394 41398 41404
NODE_NUM = 45
FILE mem_ctrl_sub_817.aig

# Subcircuit 818
SUB_ID 818
LO (17):  40982 40991 40998 41011 41021 41023 41098 41107 41110 41115 41151 41164 41170 41210 43137 43514 45325
LI (38):  210 212 214 220 231 244 1092 1156 1157 1158 38591 38595 38631 38953 38962 40942 40944 40967 40996 41008 41009 41010 41014 41051 41087 41095 41097 41100 41102 41106 41108 41109 41137 41139 41142 41147 41157 41159
NODE_NUM = 50
FILE mem_ctrl_sub_818.aig

# Subcircuit 819
SUB_ID 819
LO (24):  41025 41028 41032 41033 41034 41036 41039 41041 41042 41043 41044 41046 41053 41054 41057 41059 43906 43911 43924 44058 44061 44069 44234 44241
LI (11):  82 84 86 200 201 272 274 277 315 803 1092
NODE_NUM = 44
FILE mem_ctrl_sub_819.aig

# Subcircuit 820
SUB_ID 820
LO (40):  41048 41049 41051 41061 41062 41063 41064 41066 41067 41068 41082 41084 41090 41091 41099 41102 41108 41109 41120 41123 41124 41153 41154 41159 41167 41177 41182 41183 41186 41187 41193 41198 41199 41203 41204 41205 42602 42826 42843 42933
LI (10):  244 300 41033 41034 41044 41046 41050 41056 41060 41065
NODE_NUM = 43
FILE mem_ctrl_sub_820.aig

# Subcircuit 821
SUB_ID 821
LO (25):  41050 41074 41087 41130 41137 41142 41147 41299 42588 42590 42591 42615 42622 42631 42633 42634 42635 42677 42829 42894 43165 43664 43678 43722 43735
LI (27):  212 220 244 254 300 1154 1156 1158 8620 41041 41049 41055 41073 41086 41125 41129 41136 41144 42587 42589 42593 42600 42613 42619 42621 42626 42630
NODE_NUM = 39
FILE mem_ctrl_sub_821.aig

# Subcircuit 822
SUB_ID 822
LO (19):  41055 41056 41078 41079 41086 41092 41095 41096 41097 41155 41157 41165 41194 41195 41215 42587 42589 42640 43143
LI (29):  244 300 1156 1157 38642 39564 41034 41044 41049 41054 41060 41065 41067 41069 41070 41084 41091 41098 41154 41159 41164 41168 41170 41177 41183 41187 41193 41200 41212
NODE_NUM = 50
FILE mem_ctrl_sub_822.aig

# Subcircuit 823
SUB_ID 823
LO (5):  41060 43812 44047 44232 44587
LI (38):  220 231 276 284 300 1148 1149 1150 1151 1152 1153 8620 41059 41061 41316 42603 42651 43675 43679 43680 43684 43696 43714 43726 43775 43811 43957 43973 44001 44046 44190 44198 44200 44203 44227 44231 44579 44583
NODE_NUM = 50
FILE mem_ctrl_sub_823.aig

# Subcircuit 824
SUB_ID 824
LO (23):  41065 41070 41072 41073 41121 41125 41129 41136 41144 41297 42609 42613 42665 42666 42709 42860 42893 43497 43512 43676 43684 43719 43751
LI (31):  220 244 254 300 1153 1154 1156 8620 41032 41041 41061 41062 41069 41120 41124 41128 41295 42607 42631 42638 42651 42661 42663 42671 42686 42707 42825 42827 42832 42859 42892
NODE_NUM = 49
FILE mem_ctrl_sub_824.aig

# Subcircuit 825
SUB_ID 825
LO (11):  41069 41100 41126 41128 41200 42989 43131 43537 43736 45462 45463
LI (34):  212 220 254 255 268 924 1155 1156 1157 41039 41068 41090 41099 41199 42925 42930 42932 42933 42940 42988 43090 43091 43094 43096 43104 43130 43483 43494 43498 43500 43504 43535 45324 45456
NODE_NUM = 50
FILE mem_ctrl_sub_825.aig

# Subcircuit 826
SUB_ID 826
LO (17):  41168 41212 41216 41223 41224 41233 41270 42747 42752 42882 42905 42907 42988 43000 43201 43202 43551
LI (42):  212 220 254 255 1092 1154 1155 1156 1157 1158 8620 11606 38643 38994 41023 41110 41167 41203 41205 41210 41215 41222 41230 41245 41259 41269 41276 42744 42762 42881 42903 42906 42967 42970 42973 42977 42981 43185 43200 43539 43542 43547
NODE_NUM = 50
FILE mem_ctrl_sub_826.aig

# Subcircuit 827
SUB_ID 827
LO (17):  41234 41241 41249 41259 41263 42717 42742 42870 42967 43196 43200 43557 43588 43591 43599 44046 44175
LI (45):  212 220 231 254 255 273 1092 1150 1151 1154 1155 1157 1158 8620 11604 11605 39100 41226 41230 41240 41254 41258 42711 42714 42861 42863 42868 42948 42956 42965 42980 43195 43197 43552 43556 43582 43585 43589 43596 44024 44026 44027 44034 44042 44174
NODE_NUM = 50
FILE mem_ctrl_sub_827.aig

# Subcircuit 828
SUB_ID 828
LO (21):  41269 41272 41275 41278 41283 41295 41298 41332 41334 41336 41340 41349 41369 41372 41375 42619 42892 42901 42994 43261 43615
LI (57):  212 213 220 231 244 245 264 1157 1158 11008 16641 38580 38642 38925 38993 39564 40386 40391 40399 40402 40413 40475 40523 40600 41023 41042 41057 41059 41229 41233 41240 41244 41252 41257 41263 41265 41266 41270 41276 41279 41294 41309 41326 41331 41348 41368 41373 41374 42616 42634 42887 42889 42900 42993 43255 43258 43614
NODE_NUM = 50
FILE mem_ctrl_sub_828.aig

# Subcircuit 829
SUB_ID 829
LO (21):  41373 41398 41404 41416 41418 41429 41440 41447 41449 41450 41488 41493 41494 41495 41519 41564 41656 41673 41703 41749 41865
LI (46):  208 209 213 215 220 300 1147 1148 1149 1150 1151 13221 38590 38708 38769 38958 40014 40503 40584 40960 40976 40977 40978 41372 41391 41400 41403 41407 41408 41409 41414 41425 41427 41437 41446 41491 41517 41562 41636 41655 41695 41700 41748 41853 41855 41860
NODE_NUM = 50
FILE mem_ctrl_sub_829.aig

# Subcircuit 830
SUB_ID 830
LO (14):  41460 41491 41524 41527 41536 41537 41542 41550 41562 41590 41619 41793 41811 41839
LI (26):  208 209 212 213 215 220 300 1147 8620 10781 13221 38590 38591 38613 38708 38770 40397 41453 41454 41456 41493 41505 41532 41553 41561 41586
NODE_NUM = 48
FILE mem_ctrl_sub_830.aig

# Subcircuit 831
SUB_ID 831
LO (12):  41498 41507 41514 41517 41531 41532 41586 41599 41628 41845 41858 41866
LI (29):  210 212 213 214 215 220 300 8620 10818 38591 38613 38927 40397 40402 41449 41494 41495 41506 41508 41514 41527 41536 41537 41574 41600 41605 41614 41619 41623
NODE_NUM = 48
FILE mem_ctrl_sub_831.aig

# Subcircuit 832
SUB_ID 832
LO (19):  41505 41506 41521 41561 41579 41583 41605 41614 41632 41636 41649 41650 41663 41677 41679 41690 41698 41700 41792
LI (59):  212 213 220 231 246 300 1147 1151 8620 10781 38590 38881 38925 39021 39178 39846 40248 40257 40266 40282 40286 40317 40402 40433 40438 40445 40507 40675 40691 41462 41466 41467 41468 41469 41477 41483 41488 41495 41556 41559 41568 41570 41574 41578 41581 41582 41585 41590 41601 41603 41607 41610 41613 41635 41657 41660 41662 41699 41790
NODE_NUM = 50
FILE mem_ctrl_sub_832.aig

# Subcircuit 833
SUB_ID 833
LO (12):  41699 41748 41771 41779 41790 41794 41853 41889 42009 42191 42295 44111
LI (41):  210 213 214 215 220 1147 1148 1149 1150 1151 1152 1153 13221 40014 40242 40249 40253 40298 40325 40364 41462 41465 41474 41477 41479 41570 41600 41692 41698 41761 41765 41766 41776 41783 41787 41793 41837 41852 42020 42182 42184
NODE_NUM = 50
FILE mem_ctrl_sub_833.aig

# Subcircuit 834
SUB_ID 834
LO (17):  41795 41816 41820 41823 41837 41852 41855 41860 41867 41883 41892 41906 41908 41916 42149 42317 42333
LI (46):  58 213 231 247 1148 1151 1152 6461 8620 16641 38590 38958 38959 40225 40296 40305 40507 41468 41482 41498 41507 41514 41524 41531 41542 41600 41609 41709 41794 41804 41811 41813 41815 41836 41839 41840 41845 41849 41854 41858 41866 41871 41875 41881 41914 42148
NODE_NUM = 50
FILE mem_ctrl_sub_834.aig

# Subcircuit 835
SUB_ID 835
LO (14):  41937 41943 41952 41954 41972 41979 41981 42075 42097 42117 42146 42172 42234 42292
LI (45):  214 1148 1149 1150 1151 1152 38583 40259 40323 40328 40337 40362 40433 40747 40831 40921 41653 41909 41933 41942 41944 41947 41951 41953 41966 41970 41978 41980 42070 42072 42096 42112 42114 42139 42140 42143 42157 42162 42171 42176 42202 42231 42275 42282 42284
NODE_NUM = 48
FILE mem_ctrl_sub_835.aig

# Subcircuit 836
SUB_ID 836
LO (16):  41982 41997 42015 42022 42043 42055 42069 42094 42182 42184 42200 42270 42275 42276 42279 42388
LI (38):  1148 1150 1151 1152 1153 39846 40015 40305 40318 40361 40371 40433 40649 40684 40725 40735 40747 40808 40890 41911 41978 42006 42011 42021 42040 42044 42045 42048 42049 42052 42067 42085 42087 42157 42177 42179 42274 42387
NODE_NUM = 50
FILE mem_ctrl_sub_836.aig

# Subcircuit 837
SUB_ID 837
LO (24):  42070 42072 42085 42087 42096 42099 42112 42114 42123 42136 42139 42143 42162 42171 42177 42179 42194 42213 42224 42231 42235 42251 42252 42284
LI (47):  231 248 1149 1151 1152 1153 11008 16641 39862 40011 40085 40260 40296 40319 40323 40329 40349 40705 40735 40747 40786 40797 40921 41910 41930 41933 41957 41966 41979 41980 41993 41998 42023 42048 42065 42069 42071 42080 42111 42141 42166 42169 42175 42176 42192 42223 42250
NODE_NUM = 50
FILE mem_ctrl_sub_837.aig

# Subcircuit 838
SUB_ID 838
LO (10):  42198 42204 42212 42223 42240 42249 42250 42274 42299 42338
LI (49):  58 213 215 220 231 249 1150 1151 1153 6461 39061 39925 40068 40289 40346 40371 40796 40810 40816 40832 40917 41909 41927 41978 41986 42036 42048 42110 42194 42202 42221 42244 42248 42268 42269 42270 42302 42303 42306 42308 42311 42317 42318 42323 42327 42331 42332 42333 42336
NODE_NUM = 50
FILE mem_ctrl_sub_838.aig

# Subcircuit 839
SUB_ID 839
LO (12):  42327 42331 42348 42376 42378 42382 42384 42387 42400 42412 42422 42459
LI (53):  209 213 215 220 1152 1153 6461 10818 11008 38841 38953 39049 39060 39063 39225 39227 39228 39231 39826 39843 39865 39902 39932 40097 40236 40266 40271 40287 40323 40457 40692 40735 40878 41652 41909 41918 42302 42339 42345 42349 42350 42361 42367 42375 42381 42398 42411 42415 42421 42444 42449 42451 42452
NODE_NUM = 50
FILE mem_ctrl_sub_839.aig

# Subcircuit 840
SUB_ID 840
LO (17):  42421 42431 42439 42442 42449 42469 42483 42487 42506 43016 43022 43028 43034 43040 43047 43054 48204
LI (50):  201 210 220 231 250 252 256 257 258 259 260 261 262 477 898 1040 1151 1153 8620 9030 10972 11604 38590 39147 39176 39179 39227 39267 40047 41985 42202 42404 42436 42441 42447 42461 42462 42466 42482 42502 42503 43013 43019 43025 43031 43037 43044 43051 48199 48201
NODE_NUM = 50
FILE mem_ctrl_sub_840.aig

# Subcircuit 841
SUB_ID 841
LO (17):  42502 42508 42528 42539 42555 42735 43802 43946 43992 44034 44171 44186 44188 44562 47559 48262 48836
LI (44):  200 201 276 980 985 1002 1054 1092 1148 1149 1150 1151 1152 1154 6337 6358 8620 9030 11142 21339 38770 40912 42509 42520 42549 42552 42734 43799 43940 43943 44167 44168 44180 44185 46912 46957 47541 47544 47556 48235 48236 48241 48245 48261
NODE_NUM = 50
FILE mem_ctrl_sub_841.aig

# Subcircuit 842
SUB_ID 842
LO (18):  42561 42564 42574 42582 42593 42859 42930 43672 43675 43694 43696 43711 43712 43714 43748 43768 43770 44194
LI (36):  220 254 255 269 1152 1153 1154 8620 11007 11533 11606 38652 38658 38669 38678 39510 39511 41032 41033 41064 41198 42559 42826 42837 42839 42846 42847 42854 43667 43669 43671 43693 43707 43708 43709 43745
NODE_NUM = 50
FILE mem_ctrl_sub_842.aig

# Subcircuit 843
SUB_ID 843
LO (10):  42600 42686 42825 43483 43535 43756 43760 43775 44024 44219
LI (38):  212 220 254 255 268 284 1149 1151 1152 1153 1154 1156 8620 41051 41079 41092 42598 42651 42677 42683 42696 42820 42822 43144 43468 43475 43476 43516 43522 43533 43677 43750 43751 43758 43772 44012 44015 44019
NODE_NUM = 50
FILE mem_ctrl_sub_843.aig

# Subcircuit 844
SUB_ID 844
LO (12):  42598 42707 42846 42847 42925 43181 43452 43458 43466 43494 43669 43689
LI (36):  212 220 254 255 268 1153 1154 1155 1156 8620 41053 41082 41090 41092 41109 41123 41195 42587 42689 42691 42703 42705 42843 42912 42915 42918 42923 43140 43147 43153 43158 43180 43456 43464 43486 43493
NODE_NUM = 50
FILE mem_ctrl_sub_844.aig

# Subcircuit 845
SUB_ID 845
LO (21):  42603 42607 42651 42661 42671 42689 42854 42923 43456 43666 43667 43704 43706 43707 43724 43726 43733 43734 43739 43740 44191
LI (35):  212 220 254 255 269 1152 1154 8620 41048 41051 41056 41063 41193 42602 42626 42639 42644 42646 42649 42655 42852 42914 42922 43455 43659 43660 43664 43700 43701 43702 43719 43722 43723 43735 43737
NODE_NUM = 49
FILE mem_ctrl_sub_845.aig

# Subcircuit 846
SUB_ID 846
LO (26):  42616 42621 42626 42630 42638 42639 42644 42649 42655 42663 42703 42705 42820 42836 42887 42900 42993 43255 43258 43677 43679 43680 43702 43723 43758 43764
LI (37):  212 220 254 1152 1154 1155 8620 38680 41032 41041 41043 41059 41062 41079 41123 41155 41165 42588 42591 42615 42620 42622 42631 42635 42640 42654 42696 42698 42734 42899 43250 43254 43256 43676 43677 43678 43722
NODE_NUM = 48
FILE mem_ctrl_sub_846.aig

# Subcircuit 847
SUB_ID 847
LO (19):  42654 42683 42691 42822 42837 42839 42914 42915 42932 43091 43153 43158 43180 43464 43475 43476 43491 43533 43701
LI (35):  212 220 264 268 1154 1155 1156 1157 38643 41049 41055 41059 41061 41074 41096 41099 41153 41155 41193 41204 42588 42589 42590 42682 42698 42836 42931 43135 43153 43158 43165 43175 43177 43471 43526
NODE_NUM = 50
FILE mem_ctrl_sub_847.aig

# Subcircuit 848
SUB_ID 848
LO (20):  42696 42698 42711 42714 42730 42744 42746 42757 42775 42872 42977 43135 43140 43256 43325 43331 43373 43432 43448 43539
LI (43):  220 231 1092 1135 1152 1154 1155 1156 1157 16641 38648 38669 38697 38720 39103 39541 40942 41121 41165 41193 41230 41256 41279 42558 42590 42620 42729 42742 42774 43138 43314 43320 43324 43357 43363 43367 43386 43401 43411 43421 43424 43443 43445
NODE_NUM = 49
FILE mem_ctrl_sub_848.aig

# Subcircuit 849
SUB_ID 849
LO (19):  42787 42797 42810 42814 42827 42832 42852 42863 42868 42881 42889 42899 42903 43130 43242 43271 43468 43486 43542
LI (44):  220 255 264 1092 1153 1154 1155 1156 8620 11543 11606 38652 39043 39124 39186 39198 39314 40068 40215 41061 41182 41243 42572 42742 42785 42794 42805 42826 42829 42867 42878 42879 42895 42897 43118 43119 43120 43125 43240 43269 43458 43461 43466 43484
NODE_NUM = 49
FILE mem_ctrl_sub_849.aig

# Subcircuit 850
SUB_ID 850
LO (23):  42895 42897 42912 42918 42922 42931 42940 42948 42956 42965 42973 42981 43010 43013 43096 43118 43119 43125 43547 43607 43613 43622 48307
LI (46):  201 212 220 255 268 1050 1092 1155 1157 11605 11606 38643 38647 38678 38698 38802 39104 41050 41055 41056 41064 41078 41120 41121 41165 41186 41222 42726 42734 42754 42817 42893 42894 42955 42960 42962 42964 42980 42999 43008 43012 43094 43114 43546 43602 43605
NODE_NUM = 50
FILE mem_ctrl_sub_850.aig

# Subcircuit 851
SUB_ID 851
LO (11):  43012 43019 43025 47281 47523 47597 47770 47944 48036 48076 48296
LI (35):  200 201 1037 1049 1071 1085 9030 43024 47280 47505 47508 47520 47562 47575 47596 47736 47749 47769 47921 47924 47943 48009 48010 48015 48019 48035 48047 48048 48053 48058 48075 48270 48273 48276 48295
NODE_NUM = 49
FILE mem_ctrl_sub_851.aig

# Subcircuit 852
SUB_ID 852
LO (12):  43024 43031 43037 47219 47382 47426 47669 47701 48118 48187 48366 48469
LI (34):  200 201 1060 1063 1066 1070 1073 9030 47218 47356 47359 47381 47425 47651 47654 47666 47672 47685 47700 48092 48093 48098 48101 48117 48161 48162 48167 48170 48186 48340 48343 48346 48365 48468
NODE_NUM = 50
FILE mem_ctrl_sub_852.aig

# Subcircuit 853
SUB_ID 853
LO (13):  43044 43051 43063 43065 43081 47345 47459 47633 47705 47855 48401 48581 49380
LI (37):  124 200 201 209 229 263 1038 1041 1045 1068 1094 1143 9030 43043 43050 43062 43079 47327 47330 47342 47458 47615 47618 47630 47704 47830 47832 47854 48378 48380 48400 48554 48555 48560 48564 48580 49379
NODE_NUM = 50
FILE mem_ctrl_sub_853.aig

# Subcircuit 854
SUB_ID 854
LO (19):  43068 43069 43074 43079 43085 43090 43094 43104 43114 43120 43461 43498 43500 43904 44515 44554 44617 49101 49155
LI (45):  200 201 209 231 263 285 300 847 863 1135 1140 1144 1154 1155 1156 16641 38608 39878 40011 40330 41066 41072 41074 41120 41126 41144 41194 42602 42933 43064 43065 43073 43460 43497 43889 43891 43894 43902 44478 44480 44489 44514 44519 44527 44553
NODE_NUM = 50
FILE mem_ctrl_sub_854.aig

# Subcircuit 855
SUB_ID 855
LO (20):  43138 43144 43147 43175 43185 43195 43204 43211 43222 43240 43254 43263 43269 43282 43288 43293 43296 43552 43570 43596
LI (50):  212 220 231 264 300 1092 1155 1156 1157 8620 38647 38660 38678 38713 38722 38723 38728 38756 38791 39115 39133 40068 41050 41079 41256 41317 42725 42774 42893 43137 43143 43165 43190 43192 43193 43203 43221 43232 43234 43237 43247 43262 43266 43274 43277 43278 43281 43285 43286 43569
NODE_NUM = 50
FILE mem_ctrl_sub_855.aig

# Subcircuit 856
SUB_ID 856
LO (10):  43285 43320 43324 43332 43341 43889 43894 43902 44291 44298
LI (29):  200 201 212 220 231 265 797 1092 1142 16641 38905 39277 39541 41036 42774 43301 43303 43319 43337 43850 43876 43880 43882 43899 44265 44270 44279 44283 44288
NODE_NUM = 49
FILE mem_ctrl_sub_856.aig

# Subcircuit 857
SUB_ID 857
LO (7):  43314 43319 43357 43363 43367 44146 44248
LI (33):  200 201 212 220 231 265 266 797 820 1092 1144 1145 16641 41025 41036 43303 43313 43317 43346 43347 43352 43356 43360 43362 43366 43783 44121 44126 44134 44138 44143 44244 44245
NODE_NUM = 50
FILE mem_ctrl_sub_857.aig

# Subcircuit 858
SUB_ID 858
LO (12):  43382 43386 43401 43421 43443 43445 43451 43832 43844 44285 44434 44453
LI (31):  201 212 220 231 300 1092 1135 1137 8620 11007 16641 40328 40942 43377 43378 43387 43396 43406 43412 43417 43423 43432 43437 43439 43448 43783 43823 43825 43826 43834 43843
NODE_NUM = 49
FILE mem_ctrl_sub_858.aig

# Subcircuit 859
SUB_ID 859
LO (14):  43387 43396 43437 43823 44373 44416 44418 44421 44433 44468 44470 47253 47298 48487
LI (27):  200 201 212 231 300 1135 1136 1137 8620 16641 38713 38769 43817 43820 44339 44341 44342 44346 44350 44355 44356 44358 44370 44400 44409 44413 44417
NODE_NUM = 49
FILE mem_ctrl_sub_859.aig

# Subcircuit 860
SUB_ID 860
LO (24):  43406 43411 43412 43417 43423 43424 43455 43460 43471 43484 43493 43504 43516 43522 43526 43546 43556 43582 43585 43589 43602 43614 43619 43653
LI (47):  200 212 220 267 268 949 1092 1136 1155 1156 8620 38651 38652 38680 38713 38751 38794 39111 39225 41025 41036 41043 41051 41064 41082 41092 41123 41153 42587 42602 42609 42691 42725 42734 43404 43452 43454 43491 43497 43512 43514 43525 43555 43578 43583 43618 43649
NODE_NUM = 50
FILE mem_ctrl_sub_860.aig

# Subcircuit 861
SUB_ID 861
LO (18):  43621 43649 43656 43659 43660 43671 43693 43700 43708 43709 43737 43745 43750 43765 43973 44227 44583 44613
LI (49):  220 231 269 276 1092 1148 1149 1150 1151 1152 1153 8620 38660 38781 39143 39437 41028 41048 41059 41062 41315 42622 42633 42635 42651 42665 42677 42894 43619 43645 43664 43676 43689 43690 43704 43734 43736 43740 43748 43764 43966 43968 44211 44225 44566 44569 44575 44587 44611
NODE_NUM = 48
FILE mem_ctrl_sub_861.aig

# Subcircuit 862
SUB_ID 862
LO (16):  43772 43782 43787 43790 43795 43987 44015 44019 44042 44117 44159 44167 44185 44225 44566 44611
LI (36):  231 269 276 284 1092 1148 1149 1150 1151 1152 1153 8620 11608 16641 42666 42762 43765 43770 43779 43780 43784 43984 44014 44036 44074 44092 44116 44161 44165 44219 44556 44560 44565 44598 44602 44605
NODE_NUM = 50
FILE mem_ctrl_sub_862.aig

# Subcircuit 863
SUB_ID 863
LO (24):  43799 43811 43813 43817 43820 43994 44162 44180 44476 44478 44480 44519 44556 47247 47248 47251 47254 47255 47261 47319 47320 47447 47851 48062
LI (32):  200 201 231 269 765 767 1092 1135 1136 1137 1138 1139 1150 1151 1152 1153 16641 41316 43788 43793 43795 43796 43805 44464 44467 44468 44470 44517 47246 47253 47258 47318
NODE_NUM = 49
FILE mem_ctrl_sub_863.aig

# Subcircuit 864
SUB_ID 864
LO (11):  43825 43826 43834 43843 43848 44464 44467 44489 44514 44527 44553
LI (32):  200 212 220 231 270 818 1092 1138 1139 16641 40328 41025 41036 41255 43325 43783 43842 44442 44449 44457 44458 44462 44465 44484 44495 44500 44512 44522 44523 44533 44538 44551
NODE_NUM = 50
FILE mem_ctrl_sub_864.aig

# Subcircuit 865
SUB_ID 865
LO (14):  43860 43870 43876 43890 43891 43899 44296 44484 44512 44517 44522 44523 44538 44550
LI (27):  200 201 212 220 231 271 806 1092 1139 1140 1141 16641 40328 41036 42774 43783 43832 43844 43848 43850 43852 43855 43863 43871 43875 44506 44536
NODE_NUM = 48
FILE mem_ctrl_sub_865.aig

# Subcircuit 866
SUB_ID 866
LO (5):  43880 43938 44074 44092 44261
LI (35):  200 201 212 220 231 271 300 806 1092 1147 1149 8620 16641 40507 41025 41243 43850 43879 43906 43911 43917 43918 43922 43924 43934 43936 44056 44059 44061 44070 44081 44089 44234 44250 44260
NODE_NUM = 49
FILE mem_ctrl_sub_866.aig

# Subcircuit 867
SUB_ID 867
LO (21):  43917 43922 43934 43940 43943 43957 43966 43968 43983 43984 44114 44134 44143 44165 44200 44203 44211 44558 44569 44575 44579
LI (32):  200 201 220 1092 1146 1148 1149 1150 1151 1152 13225 16641 39533 40387 40398 40503 41242 42620 43694 43724 43733 43739 43911 43920 43924 43933 43939 43956 43982 44110 44111 44131
NODE_NUM = 50
FILE mem_ctrl_sub_867.aig

# Subcircuit 868
SUB_ID 868
LO (15):  44012 44014 44027 44048 44059 44070 44089 44110 44116 44121 44370 44560 44598 44602 44605
LI (41):  220 231 275 300 1147 1148 1149 1150 1151 10972 11007 16641 40244 40328 41036 42620 42968 43666 43672 43706 43711 43768 43779 43783 43792 44005 44009 44010 44058 44069 44096 44101 44104 44106 44114 44120 44338 44368 44558 44591 44593
NODE_NUM = 50
FILE mem_ctrl_sub_868.aig

# Subcircuit 869
SUB_ID 869
LO (19):  44120 44131 44149 44151 44174 44190 44198 44231 44244 44245 44250 44260 44263 44265 44270 44273 44279 44283 44288
LI (48):  200 201 212 220 231 275 276 278 660 821 1092 1146 1147 1151 1152 16641 38596 38658 38669 39534 40328 40384 40387 40498 41025 41036 41255 41315 41454 41773 43667 43712 43870 44147 44176 44186 44188 44191 44194 44197 44241 44242 44248 44259 44264 44274 44277 44286
NODE_NUM = 50
FILE mem_ctrl_sub_869.aig

# Subcircuit 870
SUB_ID 870
LO (13):  44264 44274 44286 44292 44302 44338 44339 44341 44342 44356 44368 44391 44417
LI (32):  200 201 220 231 279 300 977 1092 1133 1134 8620 10972 16641 38598 41025 41036 41242 42725 43325 43890 44263 44273 44285 44296 44298 44307 44314 44316 44321 44330 44332 44365
NODE_NUM = 50
FILE mem_ctrl_sub_870.aig

# Subcircuit 871
SUB_ID 871
LO (10):  44330 44346 44350 44355 44358 44365 44400 44409 44413 44432
LI (34):  200 212 220 231 280 300 959 1092 1133 1134 1135 1136 8620 13222 16641 38658 39585 40245 40328 41025 41255 42774 42788 43852 44376 44384 44387 44389 44393 44395 44399 44404 44416 44421
NODE_NUM = 49
FILE mem_ctrl_sub_871.aig

# Subcircuit 872
SUB_ID 872
LO (17):  44384 44393 44404 44442 44449 44457 44458 44465 44495 44506 44533 44536 44551 44565 44591 44593 44618
LI (42):  200 220 231 280 281 282 283 831 837 915 959 1092 1136 1138 1140 1148 1149 3425 10578 38669 41025 41036 41255 43756 43760 43852 44383 44391 44418 44433 44434 44439 44440 44453 44456 44494 44505 44532 44543 44550 44558 44562
NODE_NUM = 50
FILE mem_ctrl_sub_872.aig

# Subcircuit 873
SUB_ID 873
LO (9):  44630 44635 44641 44653 44656 44662 44663 44669 44674
LI (10):  286 287 289 290 794 8217 8620 44618 44621 44643
NODE_NUM = 45
FILE mem_ctrl_sub_873.aig

# Subcircuit 874
SUB_ID 874
LO (18):  44655 44677 44680 44683 44686 44689 44692 44695 44698 44701 44704 44748 44751 44754 44757 44760 44763 44764
LI (38):  288 289 291 292 293 294 295 296 297 298 333 458 477 479 794 1038 1045 1049 1050 1054 1060 1073 1085 8620 44630 44641 44663 44664 44669 44674 44676 44703 44747 44750 44753 44756 44759 44762
NODE_NUM = 50
FILE mem_ctrl_sub_874.aig

# Subcircuit 875
SUB_ID 875
LO (13):  44703 44711 44719 44723 44725 44788 44793 44797 44800 45345 45485 45487 49358
LI (33):  40 55 56 234 299 301 302 312 313 479 923 932 944 1148 1153 3399 3625 5972 9131 10302 13312 13572 16641 44705 44713 44767 44770 44777 44785 44787 45348 45475 45483
NODE_NUM = 50
FILE mem_ctrl_sub_875.aig

# Subcircuit 876
SUB_ID 876
LO (27):  44731 44733 44742 44747 44750 44753 44756 44759 44762 44766 44770 44777 44785 44806 44812 44818 44820 44821 44822 44918 45341 45348 45353 45358 45496 45507 49420
LI (48):  40 223 272 274 304 305 306 307 308 309 310 314 316 341 479 935 938 955 1148 3257 3286 3363 3465 3481 3626 8620 14606 14607 15457 16641 44618 44724 44728 44737 44739 44764 44776 44784 45347 45349 45356 45489 45490 45494 45500 45501 45505 49419
NODE_NUM = 50
FILE mem_ctrl_sub_876.aig

# Subcircuit 877
SUB_ID 877
LO (23):  44824 44827 44828 44831 44851 44906 44909 44912 44915 44924 44927 44930 44957 44987 44990 44993 44996 44997 45007 45025 45224 45296 45302
LI (31):  317 318 331 337 338 339 340 364 365 366 367 1045 1048 1050 1063 1066 1071 1073 1079 1081 1087 44656 44821 44822 44849 44870 44922 44925 44928 44955 44985
NODE_NUM = 48
FILE mem_ctrl_sub_877.aig

# Subcircuit 878
SUB_ID 878
LO (17):  44833 44836 44839 44854 44857 44860 44866 44869 44882 44897 44900 44903 45071 45074 45077 45080 45083
LI (36):  319 320 325 326 327 329 330 334 335 336 342 391 392 393 394 395 1040 1041 1044 1050 1058 1059 1063 1064 1066 1068 1070 1073 1075 1081 1087 8620 44618 44875 44878 44879
NODE_NUM = 50
FILE mem_ctrl_sub_878.aig

# Subcircuit 879
SUB_ID 879
LO (23):  44842 44845 44848 44849 44863 44875 44877 44878 44921 44933 44936 44939 45141 45144 45147 45150 45153 45156 45157 45164 45167 45260 45299
LI (32):  321 322 323 324 328 331 332 341 415 416 417 418 419 420 1040 1041 1049 1050 1052 1059 1063 1068 1070 8620 44821 44870 44874 44917 44918 44931 44934 44937
NODE_NUM = 50
FILE mem_ctrl_sub_879.aig

# Subcircuit 880
SUB_ID 880
LO (24):  44874 44879 44887 44917 44922 44925 44928 44931 44934 44937 44942 44945 44948 44951 44954 44955 44960 44963 44966 44969 44972 44975 44978 44981
LI (41):  331 332 333 342 343 344 345 346 347 348 349 350 351 352 353 354 355 356 357 358 359 360 361 1036 1044 1046 1056 1064 1069 1072 1077 1080 1082 1085 1088 9729 44618 44656 44820 44821 44980
NODE_NUM = 50
FILE mem_ctrl_sub_880.aig

# Subcircuit 881
SUB_ID 881
LO (20):  44980 44984 44985 44999 45002 45005 45008 45011 45014 45017 45020 45023 45026 45029 45032 45035 45038 45056 45059 45309
LI (37):  362 363 368 369 370 371 372 373 374 375 376 377 378 379 380 1036 1040 1043 1046 1049 1052 1056 1060 1064 1068 1070 1075 1080 1088 44821 44828 44997 45007 45025 45054 45057 45307
NODE_NUM = 50
FILE mem_ctrl_sub_881.aig

# Subcircuit 882
SUB_ID 882
LO (21):  45041 45044 45047 45050 45053 45054 45057 45062 45065 45068 45086 45089 45092 45113 45116 45119 45122 45125 45134 45137 45140
LI (34):  381 382 383 384 385 386 387 388 389 390 396 397 398 1037 1038 1052 1054 1056 1069 1072 1077 1082 1085 44828 44833 45091 45111 45114 45117 45120 45123 45132 45135 45138
NODE_NUM = 50
FILE mem_ctrl_sub_882.aig

# Subcircuit 883
SUB_ID 883
LO (26):  45091 45095 45098 45101 45104 45107 45110 45111 45114 45117 45120 45123 45128 45131 45132 45135 45138 45159 45171 45174 45177 45180 45183 45186 45201 45203
LI (36):  399 400 401 402 403 404 405 406 407 408 409 410 411 412 413 414 1036 1043 1046 1048 1049 1060 1079 1080 1081 1088 44833 45141 45157 45169 45172 45175 45178 45181 45184 45199
NODE_NUM = 50
FILE mem_ctrl_sub_883.aig

# Subcircuit 884
SUB_ID 884
LO (23):  45162 45165 45168 45169 45172 45175 45178 45181 45184 45189 45192 45195 45198 45199 45204 45207 45210 45213 45216 45219 45222 45249 45264
LI (39):  421 422 423 424 425 426 427 428 429 430 431 432 433 434 435 436 437 438 439 440 441 1037 1038 1044 1054 1056 1058 1069 1071 1072 1077 1085 44828 45141 45164 45167 45203 45247 45262
NODE_NUM = 50
FILE mem_ctrl_sub_884.aig

# Subcircuit 885
SUB_ID 885
LO (18):  45225 45228 45231 45234 45237 45240 45243 45246 45247 45252 45255 45258 45261 45262 45267 45270 45288 49458
LI (40):  442 443 444 445 446 447 448 449 450 451 452 453 454 455 456 457 596 602 805 811 1037 1038 1041 1045 1054 1059 1064 1073 1075 1082 1087 44821 44828 44833 45141 45224 45260 45277 45281 45286
NODE_NUM = 50
FILE mem_ctrl_sub_885.aig

# Subcircuit 886
SUB_ID 886
LO (13):  45277 45281 45286 45294 46890 46895 46901 46907 46911 46921 46924 46928 46963
LI (18):  333 595 596 597 598 600 601 602 805 807 811 816 822 991 45289 46894 46896 46927
NODE_NUM = 48
FILE mem_ctrl_sub_886.aig

# Subcircuit 887
SUB_ID 887
LO (26):  45289 45297 45300 45303 45306 45307 45312 45315 45317 45320 45324 45326 45329 45339 45356 45363 45364 45371 45376 45378 45422 45442 45483 45494 45505 49457
LI (53):  103 244 269 273 276 284 459 460 461 462 463 464 465 606 927 1058 1066 1071 1092 1158 5972 6426 7619 7713 8620 9060 10322 11583 13541 44726 44737 44739 44821 44833 45141 45288 45296 45299 45302 45316 45323 45325 45338 45344 45353 45370 45416 45420 45436 45440 45481 45492 45503
NODE_NUM = 50
FILE mem_ctrl_sub_887.aig

# Subcircuit 888
SUB_ID 888
LO (17):  45391 45396 45399 45413 45416 45419 45423 45433 45436 45439 45443 45453 45456 45459 45473 45475 45481
LI (33):  254 255 264 268 923 924 926 942 943 1154 1155 1156 1157 5972 8620 10357 44726 44737 44739 45316 45318 45343 45390 45398 45412 45418 45420 45429 45438 45440 45449 45458 45469
NODE_NUM = 49
FILE mem_ctrl_sub_888.aig

# Subcircuit 889
SUB_ID 889
LO (21):  45489 45490 45492 45500 45501 45503 45508 45509 45510 45511 45520 45521 45524 45635 45776 46015 46082 46085 46109 46124 46133
LI (25):  72 241 242 249 482 507 516 560 584 932 937 1150 1151 10311 11608 13212 34937 43796 43983 44726 44788 45343 45487 46077 46107
NODE_NUM = 45
FILE mem_ctrl_sub_889.aig

# Subcircuit 890
SUB_ID 890
LO (18):  45527 45765 45779 45911 46724 46726 46728 46730 46784 46787 46794 46795 46800 46801 46807 46813 46839 46848
LI (24):  241 243 246 250 483 490 550 569 34953 45763 45777 46722 46743 46746 46749 46751 46752 46753 46754 46757 46759 46774 46778 46789
NODE_NUM = 48
FILE mem_ctrl_sub_890.aig

# Subcircuit 891
SUB_ID 891
LO (19):  45530 45533 45563 45566 45732 45738 46495 46496 46499 46501 46504 46506 46509 46511 46512 46515 46517 46519 46660
LI (21):  236 240 243 246 250 484 485 495 496 546 548 35077 45528 45737 46474 46477 46480 46481 46482 46485 46488
NODE_NUM = 48
FILE mem_ctrl_sub_891.aig

# Subcircuit 892
SUB_ID 892
LO (14):  45536 45539 45542 45629 45759 45788 45946 46033 46034 46036 46038 46077 46095 46101
LI (23):  245 247 249 486 487 488 535 538 580 34937 36273 45535 45627 45757 45786 45945 46012 46015 46025 46028 46068 46070 46074
NODE_NUM = 46
FILE mem_ctrl_sub_892.aig

# Subcircuit 893
SUB_ID 893
LO (10):  45545 45617 45626 46052 46054 46056 46058 46167 46171 46177
LI (17):  236 240 243 245 489 505 510 511 534 559 34937 45624 46042 46044 46133 46146 46156
NODE_NUM = 50
FILE mem_ctrl_sub_893.aig

# Subcircuit 894
SUB_ID 894
LO (18):  45548 45551 45554 45557 45560 45747 45750 45756 45940 46477 46480 46555 46556 46559 46585 46591 46628 46637
LI (26):  239 240 241 242 243 245 490 491 492 493 495 573 35077 36273 45558 45745 45748 45754 45938 46523 46526 46529 46551 46553 46573 46579
NODE_NUM = 50
FILE mem_ctrl_sub_894.aig

# Subcircuit 895
SUB_ID 895
LO (20):  45558 45569 45572 45587 45712 45715 45737 46283 46284 46287 46289 46292 46294 46297 46299 46300 46301 46305 46441 46451
LI (22):  236 240 243 248 250 494 497 498 503 540 541 35069 35077 46256 46259 46262 46265 46268 46269 46270 46273 46276
NODE_NUM = 49
FILE mem_ctrl_sub_895.aig

# Subcircuit 896
SUB_ID 896
LO (22):  45575 45578 45581 45718 45721 45724 45785 45791 45797 46268 46273 46335 46337 46338 46339 46340 46343 46345 46347 46353 46359 46424
LI (25):  239 241 242 245 247 499 500 501 583 585 586 34953 35069 45716 45719 45722 45783 45789 45795 46283 46308 46311 46314 46333 46349
NODE_NUM = 47
FILE mem_ctrl_sub_896.aig

# Subcircuit 897
SUB_ID 897
LO (20):  45584 45590 45593 45602 45614 45706 45709 45729 45741 45770 46025 46028 46259 46269 46270 46276 46481 46482 46695 46696
LI (24):  235 243 246 249 250 486 502 504 505 506 539 545 558 35062 35069 35077 45595 45601 45612 45704 45728 45739 45769 46020
NODE_NUM = 50
FILE mem_ctrl_sub_897.aig

# Subcircuit 898
SUB_ID 898
LO (27):  45601 45605 45608 45611 45612 45623 45638 45641 45643 45645 45659 45661 45676 45682 45691 45782 45916 45922 45931 46070 46074 46315 46316 46530 46531 46753 46754
LI (30):  235 239 242 248 506 507 508 509 510 512 519 524 571 34937 34940 34945 34953 35062 36301 45599 45619 45636 45639 45657 45674 45680 45689 45780 45920 45929
NODE_NUM = 50
FILE mem_ctrl_sub_898.aig

# Subcircuit 899
SUB_ID 899
LO (8):  45624 45627 45632 45636 45639 45650 45957 46888
LI (22):  234 239 246 248 508 509 513 514 515 517 518 520 34937 34945 45649 46062 46201 46214 46225 46226 46470 46887
NODE_NUM = 50
FILE mem_ctrl_sub_899.aig

# Subcircuit 900
SUB_ID 900
LO (15):  45649 45653 45656 45657 45662 45667 45670 45673 45674 45937 46333 46529 46659 46665 46676
LI (27):  240 246 247 248 249 521 522 523 524 525 526 528 548 34945 35072 36301 45671 45935 46315 46316 46319 46323 46326 46520 46637 46650 46662
NODE_NUM = 50
FILE mem_ctrl_sub_900.aig

# Subcircuit 901
SUB_ID 901
LO (15):  45671 45679 45680 45685 45688 45689 45694 45700 45920 45934 46551 46553 46573 46579 46746
LI (26):  236 241 242 250 491 527 529 530 531 532 533 534 572 34953 35062 36301 45698 45932 46530 46531 46534 46537 46561 46565 46572 46578
NODE_NUM = 50
FILE mem_ctrl_sub_901.aig

# Subcircuit 902
SUB_ID 902
LO (21):  45697 45698 45703 45704 45716 45719 45722 45728 45735 45739 45744 45745 45748 45753 45754 45757 45762 46020 46485 46721 46722
LI (33):  236 240 247 248 250 535 536 537 538 542 543 544 545 547 549 550 551 552 553 554 555 556 35062 35069 35072 35077 36273 45599 46695 46696 46703 46706 46712
NODE_NUM = 49
FILE mem_ctrl_sub_902.aig

# Subcircuit 903
SUB_ID 903
LO (18):  45763 45769 45773 45777 45780 45783 45786 45789 45794 45795 45814 45822 45838 45845 45961 46743 46774 46778
LI (35):  245 249 557 558 559 561 562 563 564 565 566 567 620 790 1160 17031 17852 18130 18131 18169 20385 20391 34745 34945 34953 35062 36273 45599 45798 45803 45819 45844 45959 46768 46769
NODE_NUM = 50
FILE mem_ctrl_sub_903.aig

# Subcircuit 904
SUB_ID 904
LO (9):  45819 45831 45844 45881 45882 45885 45894 45895 46936
LI (28):  629 630 631 642 645 648 681 788 791 793 1157 17685 17853 18012 18013 19350 19442 19443 19473 19497 45803 45835 45845 45846 45860 45864 45870 45873
NODE_NUM = 50
FILE mem_ctrl_sub_904.aig

# Subcircuit 905
SUB_ID 905
LO (16):  45835 45846 45860 45864 45870 45873 45908 45914 45917 45925 45928 45929 45963 46526 46751 46752
LI (34):  231 240 243 245 570 571 573 574 575 645 648 716 791 1158 1161 17924 17966 18170 20526 34945 34948 34953 36301 45802 45803 45834 45838 45881 45882 45885 45887 45894 45895 45897
NODE_NUM = 50
FILE mem_ctrl_sub_905.aig

# Subcircuit 906
SUB_ID 906
LO (11):  45932 45935 45938 45943 45945 45949 46319 46864 46873 46877 46881
LI (21):  239 246 248 250 533 553 576 577 578 579 581 34937 34945 36273 36301 46737 46847 46848 46851 46856 46859
NODE_NUM = 49
FILE mem_ctrl_sub_906.aig

# Subcircuit 907
SUB_ID 907
LO (13):  45952 45955 45958 45959 45964 45965 45969 45997 46012 46037 46041 46043 46308
LI (40):  202 203 204 205 206 207 219 221 231 234 236 238 240 241 505 536 582 583 585 586 587 588 16793 20385 20397 34945 35798 45595 45619 45957 45963 45979 45983 45984 45989 45993 45994 45996 46036 46039
NODE_NUM = 47
FILE mem_ctrl_sub_907.aig

# Subcircuit 908
SUB_ID 908
LO (11):  46039 46042 46044 46062 46068 46107 46146 46156 46214 46225 46226
LI (39):  240 243 246 248 250 482 489 505 507 509 515 516 535 536 560 580 46037 46038 46041 46043 46056 46058 46082 46085 46095 46101 46106 46109 46112 46119 46124 46127 46135 46138 46141 46142 46204 46210 46212
NODE_NUM = 50
FILE mem_ctrl_sub_908.aig

# Subcircuit 909
SUB_ID 909
LO (12):  46106 46112 46119 46127 46135 46141 46201 46204 46210 46256 46448 46453
LI (30):  236 240 241 242 245 246 248 510 513 514 516 535 559 560 562 46033 46034 46052 46054 46133 46167 46171 46177 46186 46192 46203 46209 46438 46441 46446
NODE_NUM = 50
FILE mem_ctrl_sub_909.aig

# Subcircuit 910
SUB_ID 910
LO (11):  46262 46265 46311 46314 46326 46349 46356 46361 46438 46446 46470
LI (33):  234 238 239 240 241 242 243 245 246 501 503 504 520 523 542 543 544 562 575 583 587 46284 46305 46347 46353 46421 46425 46431 46450 46452 46453 46461 46462
NODE_NUM = 49
FILE mem_ctrl_sub_910.aig

# Subcircuit 911
SUB_ID 911
LO (4):  46367 46373 46421 46431
LI (37):  498 504 520 540 541 542 543 582 585 586 587 46287 46289 46292 46294 46297 46299 46335 46337 46338 46343 46345 46356 46359 46361 46364 46368 46374 46381 46387 46394 46400 46407 46413 46420 46425 46428
NODE_NUM = 50
FILE mem_ctrl_sub_911.aig

# Subcircuit 912
SUB_ID 912
LO (21):  46368 46374 46381 46387 46394 46400 46407 46413 46420 46425 46428 46450 46452 46461 46462 46474 46488 46520 46523 46534 46887
LI (36):  234 236 239 240 243 245 246 247 248 249 492 494 523 527 540 541 549 576 585 586 46300 46301 46339 46340 46367 46373 46424 46448 46451 46519 46661 46670 46678 46683 46686 46886
NODE_NUM = 50
FILE mem_ctrl_sub_912.aig

# Subcircuit 913
SUB_ID 913
LO (7):  46537 46561 46565 46572 46578 46650 46662
LI (36):  242 249 484 493 494 496 525 526 531 546 548 573 574 576 577 46495 46496 46499 46504 46506 46509 46511 46515 46517 46559 46585 46593 46597 46603 46610 46616 46623 46628 46631 46639 46645
NODE_NUM = 50
FILE mem_ctrl_sub_913.aig

# Subcircuit 914
SUB_ID 914
LO (21):  46593 46597 46603 46610 46616 46623 46631 46639 46645 46661 46670 46678 46683 46686 46703 46706 46712 46729 46734 46736 46737
LI (35):  236 239 241 242 243 245 246 247 248 249 484 487 496 525 528 530 546 552 554 555 564 573 46501 46512 46555 46556 46591 46637 46659 46660 46665 46676 46702 46728 46731
NODE_NUM = 50
FILE mem_ctrl_sub_914.aig

# Subcircuit 915
SUB_ID 915
LO (10):  46731 46749 46757 46759 46768 46769 46789 46802 46847 46856
LI (39):  236 241 242 243 247 487 532 550 553 557 561 563 565 567 569 570 581 46721 46724 46726 46729 46730 46734 46736 46787 46794 46795 46797 46801 46803 46808 46811 46814 46815 46821 46827 46834 46839 46842
NODE_NUM = 50
FILE mem_ctrl_sub_915.aig

# Subcircuit 916
SUB_ID 916
LO (22):  46803 46808 46814 46821 46827 46834 46842 46886 46896 46912 46917 46927 46929 46931 46942 46945 46954 46970 47008 48830 48831 49448
LI (51):  231 234 236 238 245 246 333 487 499 569 599 603 604 606 607 616 741 780 781 807 833 883 908 948 967 981 990 1039 1061 1105 6342 8620 17073 18172 46737 46784 46800 46802 46807 46813 46864 46873 46877 46881 46883 46916 46943 46947 46953 46969 47007
NODE_NUM = 50
FILE mem_ctrl_sub_916.aig

# Subcircuit 917
SUB_ID 917
LO (16):  46943 46947 48604 48608 48612 48616 48620 48624 48628 48632 48649 48653 48654 48691 49017 49045
LI (25):  740 742 743 744 745 746 747 749 750 833 953 967 1062 1101 1105 1106 1107 1109 1110 1112 1113 1115 1131 1132 46942
NODE_NUM = 49
FILE mem_ctrl_sub_917.aig

# Subcircuit 918
SUB_ID 918
LO (16):  46953 46957 46961 46964 46969 46974 46978 46982 46986 46990 46994 46998 47003 47013 47049 49452
LI (45):  300 605 606 608 609 610 611 612 613 614 625 780 824 838 872 873 908 948 967 984 1103 1108 1112 1114 1115 1116 1117 1119 16842 46890 46945 46959 46963 46973 46977 46981 46985 46989 46993 46997 47001 47002 47012 47044 47045
NODE_NUM = 50
FILE mem_ctrl_sub_918.aig

# Subcircuit 919
SUB_ID 919
LO (13):  47001 47007 47012 47019 47023 47027 47031 47035 47039 47043 47044 47045 47053
LI (36):  615 617 618 619 620 621 622 623 624 780 781 798 832 833 851 967 974 1102 1106 1107 1109 1110 1113 1118 1123 6345 16869 46945 47011 47022 47026 47030 47034 47038 47042 47052
NODE_NUM = 42
FILE mem_ctrl_sub_919.aig

# Subcircuit 920
SUB_ID 920
LO (17):  47052 47054 47058 47066 47070 47082 47086 47094 47095 47811 47858 47866 47967 47973 47983 48584 48989
LI (19):  626 628 629 632 633 635 636 954 963 1055 1067 1089 1111 1114 1116 1117 1118 1120 47053
NODE_NUM = 43
FILE mem_ctrl_sub_920.aig

# Subcircuit 921
SUB_ID 921
LO (13):  47062 47074 47078 47090 47098 47102 47106 47108 47110 47122 47146 47158 49004
LI (35):  627 630 631 634 637 638 639 963 967 1106 1108 1111 1113 1120 1121 1122 1128 46945 47054 47061 47073 47077 47089 47095 47101 47105 47109 47121 47145 47155 48982 48983 48986 48989 49001
NODE_NUM = 50
FILE mem_ctrl_sub_921.aig

# Subcircuit 922
SUB_ID 922
LO (16):  47109 47114 47118 47121 47126 47130 47134 47138 47142 47145 47150 47154 47422 47778 48226 48545
LI (37):  640 641 642 643 644 645 646 647 648 649 650 963 967 1104 1105 1110 1115 1123 1124 1126 1129 46945 47054 47108 47113 47117 47125 47129 47133 47137 47141 47149 47153 47419 47777 48225 48542
NODE_NUM = 49
FILE mem_ctrl_sub_922.aig

# Subcircuit 923
SUB_ID 923
LO (12):  47153 47155 47162 47166 47170 47174 47178 47182 47186 47190 47948 48976
LI (29):  651 652 653 654 655 656 657 658 659 963 967 1125 1127 1130 1131 1132 46945 47054 47161 47165 47169 47177 47181 47189 47945 48954 48955 48967 48973
NODE_NUM = 48
FILE mem_ctrl_sub_923.aig

# Subcircuit 924
SUB_ID 924
LO (15):  47200 47202 47206 47210 47214 48882 48904 48936 48940 48942 49020 49065 49073 49330 49417
LI (23):  265 266 267 270 271 275 278 281 282 283 661 662 963 993 1102 1103 1119 47054 47196 47205 47209 47213 48876
NODE_NUM = 50
FILE mem_ctrl_sub_924.aig

# Subcircuit 925
SUB_ID 925
LO (19):  47213 47218 47223 47227 47229 47272 47342 47356 47411 48009 48047 48092 48161 48235 48270 48332 48340 48492 48554
LI (44):  200 258 324 343 356 442 459 589 591 593 663 963 9030 47054 47216 47222 47226 47336 47341 47350 47355 47409 48007 48038 48040 48045 48091 48160 48227 48228 48233 48269 48297 48298 48303 48316 48331 48339 48464 48472 48491 48546 48547 48552
NODE_NUM = 50
FILE mem_ctrl_sub_925.aig

# Subcircuit 926
SUB_ID 926
LO (15):  47231 47234 47276 47341 47355 47418 47437 47470 47520 47556 47575 47630 47666 47684 48017
LI (26):  415 416 417 423 430 435 436 437 438 444 445 454 465 589 593 8759 9030 47216 47400 47404 47411 47516 47552 47571 47626 47662
NODE_NUM = 50
FILE mem_ctrl_sub_926.aig

# Subcircuit 927
SUB_ID 927
LO (11):  47246 47258 47265 47270 47280 47301 47305 47309 47311 47318 47769
LI (49):  200 293 381 405 592 593 608 615 634 635 639 663 666 701 728 773 785 786 812 816 856 873 963 1109 1135 1136 1137 9030 47054 47216 47240 47244 47245 47248 47264 47283 47286 47290 47291 47296 47298 47300 47303 47308 47312 47317 47754 47759 47767
NODE_NUM = 50
FILE mem_ctrl_sub_927.aig

# Subcircuit 928
SUB_ID 928
LO (9):  47312 47317 47327 47330 47336 47350 47359 47381 47392
LI (46):  200 295 298 320 338 339 457 592 593 643 681 682 692 700 764 791 793 800 810 872 874 1135 1136 1137 9030 47216 47248 47255 47264 47267 47298 47302 47311 47316 47319 47320 47335 47349 47365 47369 47370 47375 47378 47380 47385 47390
NODE_NUM = 49
FILE mem_ctrl_sub_928.aig

# Subcircuit 929
SUB_ID 929
LO (12):  47385 47390 47400 47404 47409 47419 47425 47429 47433 47454 47956 48295
LI (48):  200 259 292 344 364 391 589 592 593 604 613 670 696 697 724 746 760 779 838 853 982 1050 1135 1136 1137 9030 47054 47216 47227 47248 47251 47255 47264 47267 47389 47392 47397 47403 47408 47428 47445 47447 47450 47452 47955 48286 48287 48290
NODE_NUM = 50
FILE mem_ctrl_sub_929.aig

# Subcircuit 930
SUB_ID 930
LO (8):  47458 47462 47466 47487 47505 47508 47516 47533
LI (48):  200 262 291 321 328 373 398 589 592 593 612 617 638 647 662 725 737 742 759 782 809 851 866 1135 1136 1137 9030 47216 47227 47248 47251 47255 47264 47267 47447 47461 47473 47478 47482 47484 47490 47494 47495 47502 47503 47513 47526 47531
NODE_NUM = 50
FILE mem_ctrl_sub_930.aig

# Subcircuit 931
SUB_ID 931
LO (13):  47526 47531 47541 47544 47552 47562 47571 47591 47596 48038 48227 48297 48546
LI (49):  200 257 296 337 363 370 376 388 412 441 443 453 589 591 592 593 618 623 640 707 736 750 784 789 805 815 867 1135 1136 1137 9030 47216 47220 47227 47251 47255 47264 47267 47530 47533 47538 47549 47565 47570 47580 47584 47585 47590 47595
NODE_NUM = 50
FILE mem_ctrl_sub_931.aig

# Subcircuit 932
SUB_ID 932
LO (6):  47590 47595 47615 47618 47626 47651
LI (50):  200 297 389 413 456 592 593 607 624 644 711 730 731 744 747 749 788 790 804 813 860 877 1135 1136 1137 9030 47216 47227 47248 47251 47253 47254 47255 47264 47267 47298 47302 47591 47601 47602 47609 47612 47613 47623 47636 47640 47641 47646 47648 47649
NODE_NUM = 50
FILE mem_ctrl_sub_932.aig

# Subcircuit 933
SUB_ID 933
LO (11):  47646 47654 47662 47672 47685 47700 47704 47706 47712 47716 47732
LI (48):  200 260 261 294 336 345 347 362 367 369 387 411 419 589 591 592 593 621 636 689 705 743 761 857 871 882 1135 1136 1137 9030 47216 47220 47227 47231 47251 47255 47264 47267 47447 47659 47676 47680 47684 47692 47696 47698 47724 47730
NODE_NUM = 50
FILE mem_ctrl_sub_933.aig

# Subcircuit 934
SUB_ID 934
LO (13):  47730 47736 47749 47754 47759 47767 47774 47777 47782 47783 47789 47793 47808
LI (49):  200 252 256 346 368 390 414 418 439 451 589 591 592 593 614 622 633 681 682 691 740 758 792 811 875 963 1040 1101 1135 1136 1137 47054 47216 47220 47227 47231 47251 47255 47447 47728 47740 47744 47748 47758 47766 47773 47781 47801 47807
NODE_NUM = 50
FILE mem_ctrl_sub_934.aig

# Subcircuit 935
SUB_ID 935
LO (13):  47801 47807 47809 47815 47830 47832 47854 47859 48058 48245 48316 48400 48564
LI (47):  200 383 407 431 589 592 593 611 632 685 687 849 861 963 1077 1131 1135 1136 1137 9030 47216 47254 47255 47264 47266 47298 47447 47805 47808 47811 47814 47817 47822 47825 47826 47828 47840 47852 47858 48056 48243 48312 48313 48384 48387 48398 48562
NODE_NUM = 50
FILE mem_ctrl_sub_935.aig

# Subcircuit 936
SUB_ID 936
LO (7):  47840 47852 47863 47867 47901 48365 48516
LI (51):  200 377 402 427 589 592 593 653 658 688 689 729 745 799 814 963 1080 1128 1135 1136 1137 9030 43013 47216 47247 47248 47264 47266 47298 47811 47825 47826 47839 47845 47848 47851 47862 47866 47868 47873 47877 47882 47883 47890 47898 47900 48062 48350 48351 48363 48515
NODE_NUM = 50
FILE mem_ctrl_sub_936.aig

# Subcircuit 937
SUB_ID 937
LO (10):  47890 47898 47905 47909 47921 47924 47936 47943 47988 48507
LI (50):  200 318 353 403 428 589 592 593 650 656 657 659 691 692 704 727 753 771 802 844 963 1079 1108 1109 1135 1136 1137 47216 47251 47255 47264 47266 47298 47302 47811 47816 47825 47826 47889 47897 47904 47908 47915 47919 47930 47933 47937 47940 47942 47985
NODE_NUM = 50
FILE mem_ctrl_sub_937.aig

# Subcircuit 938
SUB_ID 938
LO (17):  47937 47940 47945 47952 47955 47960 47964 47968 47972 47976 47980 47984 47985 47992 48491 48496 48967
LI (40):  694 695 697 698 699 700 701 702 703 705 845 963 1101 1104 1112 1124 1125 1129 1130 1135 1137 47054 47298 47302 47811 47936 47951 47959 47963 47967 47971 47973 47979 47983 47991 48484 48485 48487 48493 48961
NODE_NUM = 50
FILE mem_ctrl_sub_938.aig

# Subcircuit 939
SUB_ID 939
LO (15):  47991 47996 48000 48007 48010 48015 48019 48035 48040 48045 48048 48053 48056 48075 48286
LI (53):  200 201 305 306 322 329 348 371 396 421 460 589 591 592 593 619 628 703 706 707 754 755 848 963 1056 1059 1106 1113 1126 1135 1136 1137 9030 47216 47220 47227 47251 47255 47447 47811 47825 47995 47999 48003 48017 48025 48032 48033 48062 48067 48074 48280 48281
NODE_NUM = 50
FILE mem_ctrl_sub_939.aig

# Subcircuit 940
SUB_ID 940
LO (12):  48067 48074 48080 48084 48091 48093 48098 48101 48117 48125 48504 48524
LI (51):  200 201 307 349 374 399 424 589 591 592 593 610 631 648 661 710 711 726 752 756 858 859 963 1088 1107 1119 1135 1136 1137 9030 47054 47216 47220 47227 47251 47255 47447 47811 48017 48062 48065 48071 48079 48083 48087 48107 48114 48115 48124 48503 48523
NODE_NUM = 50
FILE mem_ctrl_sub_940.aig

# Subcircuit 941
SUB_ID 941
LO (7):  48124 48153 48160 48162 48167 48170 48186
LI (50):  200 201 299 310 323 351 372 375 397 401 422 426 589 591 592 593 630 645 702 716 843 1036 1045 1052 1135 1136 1137 9030 10972 11604 47216 47220 47227 47447 47825 47826 48017 48062 48122 48125 48128 48135 48143 48148 48149 48151 48152 48156 48176 48184
NODE_NUM = 50
FILE mem_ctrl_sub_941.aig

# Subcircuit 942
SUB_ID 942
LO (12):  48176 48184 48199 48201 48222 48225 48228 48233 48236 48241 48243 48254
LI (55):  200 201 308 327 330 350 440 450 455 589 592 593 629 654 694 698 716 735 757 762 763 817 855 868 963 1044 1058 1135 1136 1137 9030 47054 47216 47227 47247 47251 47254 47255 47264 47266 47298 47825 47826 47851 48183 48188 48193 48197 48204 48208 48209 48214 48217 48219 48253
NODE_NUM = 50
FILE mem_ctrl_sub_942.aig

# Subcircuit 943
SUB_ID 943
LO (15):  48253 48261 48269 48273 48276 48280 48281 48287 48290 48298 48303 48312 48313 48326 48331
LI (49):  200 201 304 316 319 395 420 463 591 592 593 609 626 627 642 646 699 739 768 769 801 840 846 854 1075 1081 1135 1136 1137 7891 9030 47216 47227 47251 47298 47447 47825 48017 48062 48251 48254 48257 48275 48307 48311 48321 48323 48327 48330
NODE_NUM = 50
FILE mem_ctrl_sub_943.aig

# Subcircuit 944
SUB_ID 944
LO (17):  48327 48339 48343 48346 48350 48351 48363 48378 48380 48384 48387 48398 48423 48425 48525 48526 48717
LI (51):  200 354 379 382 406 446 452 589 591 592 593 637 651 652 655 722 751 775 795 808 814 869 881 1064 1082 1135 1136 1137 47216 47220 47227 47247 47248 47251 47264 47266 47298 47825 47826 47851 48017 48326 48334 48360 48361 48367 48372 48376 48393 48396 48422
NODE_NUM = 50
FILE mem_ctrl_sub_944.aig

# Subcircuit 945
SUB_ID 945
LO (21):  48405 48422 48442 48450 48451 48452 48457 48530 48539 48634 48643 48645 48714 48716 48725 48731 48733 48785 48790 48807 49456
LI (29):  722 732 766 774 796 802 946 48411 48415 48421 48424 48431 48438 48440 48441 48444 48445 48448 48449 48454 48529 48532 48633 48638 48640 48644 48717 48720 48728
NODE_NUM = 50
FILE mem_ctrl_sub_945.aig

# Subcircuit 946
SUB_ID 946
LO (26):  48420 48421 48424 48438 48440 48445 48446 48447 48448 48449 48529 48532 48541 48638 48640 48720 48728 48737 48756 48757 48763 48778 48798 48804 48810 49455
LI (29):  732 766 772 776 796 801 817 946 48410 48411 48415 48416 48419 48423 48427 48431 48436 48439 48452 48525 48526 48530 48532 48539 48638 48716 48731 48733 48750
NODE_NUM = 50
FILE mem_ctrl_sub_946.aig

# Subcircuit 947
SUB_ID 947
LO (20):  48410 48411 48415 48416 48419 48427 48431 48436 48439 48441 48464 48468 48484 48485 48493 48498 48500 48633 48644 48792
LI (43):  200 355 380 591 593 641 722 724 725 733 748 766 770 774 776 777 795 796 799 802 808 852 946 989 1046 1115 1135 1136 1137 47216 47220 47227 47811 48425 48459 48477 48481 48482 48499 48634 48643 48786 48790
NODE_NUM = 50
FILE mem_ctrl_sub_947.aig

# Subcircuit 948
SUB_ID 948
LO (19):  48499 48503 48508 48512 48515 48520 48523 48542 48547 48552 48555 48560 48562 48580 48585 48589 48591 48593 48597
LI (52):  200 201 309 317 400 425 592 620 649 728 730 731 733 735 736 737 738 778 839 963 1048 1102 1103 1105 1110 1121 1127 1132 1135 1136 1137 9030 47054 47216 47227 47251 47447 47811 47825 48062 48498 48507 48511 48519 48570 48572 48576 48579 48584 48588 48592 48596
NODE_NUM = 50
FILE mem_ctrl_sub_948.aig

# Subcircuit 949
SUB_ID 949
LO (16):  48592 48596 48601 48657 48661 48665 48669 48673 48677 48681 48685 48689 48690 48701 48821 48986
LI (38):  739 751 752 753 754 755 756 757 758 759 760 963 967 1102 1114 1118 1119 1120 1121 1122 1123 1124 1125 47811 48591 48600 48604 48654 48660 48664 48668 48672 48676 48680 48684 48688 48700 48820
NODE_NUM = 50
FILE mem_ctrl_sub_949.aig

# Subcircuit 950
SUB_ID 950
LO (14):  48693 48697 48700 48705 48709 48713 48741 48745 48749 48750 48766 48770 48772 48961
LI (39):  761 762 763 764 765 767 768 769 770 771 795 967 1104 1108 1111 1116 1117 1126 1127 1130 48405 48442 48446 48450 48604 48690 48691 48696 48704 48708 48712 48725 48740 48744 48748 48756 48757 48763 48769
NODE_NUM = 50
FILE mem_ctrl_sub_950.aig

# Subcircuit 951
SUB_ID 951
LO (18):  48775 48780 48784 48786 48796 48813 48817 48820 48826 48829 48832 48844 48867 48872 48892 48906 48918 48932
LI (39):  773 775 776 777 778 779 782 802 817 833 946 957 967 969 988 1101 1103 1128 1129 48420 48447 48451 48525 48526 48604 48714 48772 48778 48783 48785 48795 48798 48804 48807 48808 48810 48812 48816 48824
NODE_NUM = 48
FILE mem_ctrl_sub_951.aig

# Subcircuit 952
SUB_ID 952
LO (13):  48824 48834 48839 48842 48845 48847 48851 48854 48857 48860 48863 48866 49032
LI (30):  784 785 786 787 788 789 790 791 792 793 955 1047 1084 1086 1102 1104 1105 1106 1107 1108 1109 1110 1111 48826 48832 48844 49010 49011 49023 49029
NODE_NUM = 41
FILE mem_ctrl_sub_952.aig

# Subcircuit 953
SUB_ID 953
LO (19):  48870 48873 48876 48885 48888 48891 48894 48897 48900 48907 48910 48913 48916 48919 48922 48925 48928 48931 48933
LI (39):  279 280 281 795 796 799 800 801 804 805 808 809 810 811 812 813 814 815 816 1102 1104 1105 1106 1107 1108 1109 1110 1111 1125 1126 1127 1130 1131 1132 48867 48872 48892 48906 48918
NODE_NUM = 50
FILE mem_ctrl_sub_953.aig

# Subcircuit 954
SUB_ID 954
LO (29):  48934 48937 48943 48947 48948 48950 48951 48954 48955 48973 48978 48979 48982 48983 49001 49006 49007 49010 49011 49029 49034 49035 49038 49039 49057 49462 49463 49493 49497
LI (24):  124 812 826 827 828 829 894 983 1101 1108 1115 1116 1123 1124 1128 1132 2948 3257 7711 9030 10228 14333 48932 48933
NODE_NUM = 48
FILE mem_ctrl_sub_954.aig

# Subcircuit 955
SUB_ID 955
LO (15):  49023 49060 49063 49068 49070 49071 49076 49079 49082 49085 49089 49092 49095 49096 49534
LI (39):  833 838 839 840 841 843 844 845 947 952 956 1036 1044 1048 1050 1075 1079 1080 1092 1093 1111 1112 1113 1114 1163 1197 2904 2946 9030 9034 17285 49017 49020 49038 49039 49045 49051 49057 49069
NODE_NUM = 50
FILE mem_ctrl_sub_955.aig

# Subcircuit 956
SUB_ID 956
LO (18):  49098 49104 49107 49110 49113 49116 49119 49122 49125 49128 49131 49134 49137 49140 49143 49152 49387 49520
LI (38):  229 846 848 849 850 851 852 853 854 855 856 857 858 859 860 861 862 956 1040 1046 1049 1052 1056 1059 1063 1066 1068 1071 1077 1081 1088 1094 1142 2904 49096 49109 49151 49386
NODE_NUM = 50
FILE mem_ctrl_sub_956.aig

# Subcircuit 957
SUB_ID 957
LO (16):  49151 49158 49161 49164 49167 49170 49173 49182 49185 49188 49191 49194 49197 49349 49505 49537
LI (33):  124 229 862 864 865 866 867 868 869 870 871 872 873 874 875 956 1037 1041 1045 1054 1058 1064 1070 1073 1085 1094 1141 1142 1198 1200 2904 49150 49348
NODE_NUM = 49
FILE mem_ctrl_sub_957.aig

# Subcircuit 958
SUB_ID 958
LO (11):  49206 49209 49218 49227 49236 49239 49242 49369 49382 49395 49400
LI (23):  124 229 876 877 878 879 880 881 882 956 1038 1060 1082 1094 1136 1137 1138 1139 49205 49368 49381 49394 49399
NODE_NUM = 49
FILE mem_ctrl_sub_958.aig

# Subcircuit 959
SUB_ID 959
LO (26):  49244 49247 49250 49253 49255 49258 49261 49264 49267 49270 49273 49276 49279 49465 49468 49471 49475 49478 49479 49481 49483 49485 49487 49494 49495 49498
LI (27):  884 885 886 887 888 889 890 891 892 893 895 896 897 1102 1104 1110 1114 1117 1119 1120 1121 1125 1126 1127 48948 49006 49007
NODE_NUM = 50
FILE mem_ctrl_sub_959.aig

# Subcircuit 960
SUB_ID 960
LO (23):  49283 49285 49288 49291 49294 49296 49298 49301 49312 49314 49317 49320 49415 49466 49470 49472 49474 49476 49477 49486 49488 49489 49491
LI (34):  599 605 616 625 783 899 900 901 903 904 905 906 907 908 909 910 980 1106 1111 1112 1118 1122 1129 1130 48948 48950 48951 48979 49034 49309 49310 49311 49319 49414
NODE_NUM = 50
FILE mem_ctrl_sub_960.aig

# Subcircuit 961
SUB_ID 961
LO (25):  49319 49323 49325 49328 49333 49335 49338 49341 49344 49347 49348 49352 49355 49361 49364 49367 49461 49464 49473 49480 49482 49484 49490 49492 49496
LI (32):  911 912 913 914 916 917 918 919 920 921 922 923 924 926 927 928 1094 1103 1105 1107 1109 1113 1131 1140 1153 1155 1156 1158 48948 48978 49035 49366
NODE_NUM = 50
FILE mem_ctrl_sub_961.aig

# Subcircuit 962
SUB_ID 962
LO (27):  49366 49368 49372 49375 49378 49379 49381 49385 49386 49390 49393 49394 49398 49399 49403 49406 49409 49412 49413 49414 49419 49423 49425 49427 49428 49429 49430
LI (44):  32 231 783 929 930 931 932 933 934 935 936 937 938 939 940 941 942 943 944 945 948 950 955 958 961 965 966 986 992 1093 1094 1135 1144 1145 1146 1147 1148 1149 1150 1151 1152 1154 1157 2904
NODE_NUM = 50
FILE mem_ctrl_sub_962.aig

# Subcircuit 963
SUB_ID 963
LO (37):  49431 49432 49433 49434 49435 49436 49437 49439 49440 49441 49442 49443 49444 49446 49447 49449 49453 49454 49467 49469 49499 49500 49501 49503 49504 49506 49507 49508 49509 49511 49512 49513 49514 49515 49517 49519 49521
LI (39):  231 783 962 964 968 970 971 972 973 975 976 978 979 1005 1008 1015 1030 1053 1065 1076 1095 1096 1099 1165 1166 1170 1171 1172 1173 1178 1179 1182 1184 1186 1187 1188 1193 1194 1204
NODE_NUM = 37
FILE mem_ctrl_sub_963.aig

# Subcircuit 964
SUB_ID 964
LO (22):  49522 49523 49524 49525 49526 49527 49528 49529 49530 49531 49532 49533 49535 49536 49538 49539 49540 49541 49542 49543 49544 49545
LI (22):  1098 1100 1167 1168 1169 1174 1175 1176 1177 1180 1181 1183 1185 1189 1190 1191 1192 1195 1196 1201 1202 1203
NODE_NUM = 22
FILE mem_ctrl_sub_964.aig

