# Subcircuit 0
SUB_ID 0
LO (26):  1247 1250 1253 1256 1259 1262 1264 1266 1267 1269 1270 1271 1274 1277 1280 1283 1286 1289 1292 1295 1298 1301 1304 1307 1310 1313
LI (33):  1 2 3 4 5 6 7 8 9 10 11 12 13 14 15 16 17 18 19 20 21 22 23 24 25 26 27 28 29 30 31 32 1312
NODE_NUM = 100
FILE aes_sub_0.aig

# Subcircuit 1
SUB_ID 1
LO (34):  1312 1316 1319 1322 1325 1328 1331 1334 1337 1340 1343 1346 1349 1352 1355 1358 1361 1364 1367 1370 1373 1376 1379 1382 1385 1388 1391 1394 1397 1400 1403 1406 1409 1412
LI (68):  5 33 34 35 36 37 38 39 40 41 42 43 44 45 46 47 48 49 50 51 52 53 54 55 56 57 58 59 60 61 62 63 64 65 66 67 68 69 70 71 72 73 74 75 76 77 78 79 80 81 82 83 84 85 86 87 88 89 90 91 92 93 94 95 96 97 98 99
NODE_NUM = 100
FILE aes_sub_1.aig

# Subcircuit 2
SUB_ID 2
LO (34):  1415 1418 1421 1424 1427 1430 1433 1436 1439 1442 1445 1448 1451 1454 1457 1460 1463 1466 1469 1472 1475 1478 1481 1484 1487 1490 1493 1496 1499 1502 1505 1508 1511 1512
LI (68):  5 100 101 102 103 104 105 106 107 108 109 110 111 112 113 114 115 116 117 118 119 120 121 122 123 124 125 126 127 128 129 130 131 132 133 134 135 136 137 138 139 140 141 142 143 144 145 146 147 148 149 150 151 152 153 154 155 156 157 158 159 160 161 162 163 164 165 166
NODE_NUM = 100
FILE aes_sub_2.aig

# Subcircuit 3
SUB_ID 3
LO (34):  1514 1517 1520 1523 1526 1529 1532 1535 1538 1541 1544 1547 1550 1553 1556 1559 1562 1565 1568 1571 1574 1577 1580 1583 1586 1589 1592 1595 1598 1601 1604 1607 1610 1613
LI (69):  5 167 168 169 170 171 172 173 174 175 176 177 178 179 180 181 182 183 184 185 186 187 188 189 190 191 192 193 194 195 196 197 198 199 200 201 202 203 204 205 206 207 208 209 210 211 212 213 214 215 216 217 218 219 220 221 222 223 224 225 226 227 228 229 230 231 232 1512 1612
NODE_NUM = 100
FILE aes_sub_3.aig

# Subcircuit 4
SUB_ID 4
LO (35):  1612 1616 1619 1622 1625 1628 1631 1634 1637 1640 1643 1646 1649 1652 1655 1663 1670 1678 1686 1687 1689 1693 1694 1695 1696 1697 1708 1711 1740 1741 1742 1743 1744 2252 7977
LI (40):  5 233 234 235 236 237 238 239 240 241 242 243 244 245 246 247 248 249 250 251 252 253 254 255 256 257 258 259 260 261 262 263 264 265 266 267 276 277 1688 1692
NODE_NUM = 92
FILE aes_sub_4.aig

# Subcircuit 5
SUB_ID 5
LO (80):  1688 1690 1692 1698 1699 1700 1701 1702 1703 1704 1705 1706 1707 1709 1710 1715 1716 1717 1719 1722 1723 1730 1731 1738 1748 1749 1752 1753 1757 1758 1759 1760 1761 1767 1770 1771 1772 1774 1779 1918 1919 1939 1942 1945 1946 1948 1993 1997 1998 2001 2004 2005 2006 2080 2083 2084 2085 2128 2129 2130 2131 2217 2245 2317 2430 2516 2569 2584 2596 2607 2619 2622 2675 2717 2792 2801 2854 2884 2903 2906
LI (9):  272 273 278 279 1687 1691 1694 1697 1708
NODE_NUM = 89
FILE aes_sub_5.aig

# Subcircuit 6
SUB_ID 6
LO (67):  1691 1712 1713 1714 1724 1725 1726 1728 1729 1732 1734 1735 1768 1769 1783 1784 1785 1788 1789 1790 1792 1800 1801 1802 1806 1809 1810 1811 1853 1854 1855 1856 1857 1858 1862 1887 1888 1889 1894 1929 1930 1931 1932 2020 2021 2022 2040 2074 2075 2076 2087 2088 2089 2091 2099 2120 2122 2132 2135 2157 2158 2306 2374 2495 2533 2897 2942
LI (20):  274 275 1690 1701 1703 1706 1707 1710 1711 1719 1722 1723 1727 1731 1733 1745 1766 1767 1772 1780
NODE_NUM = 77
FILE aes_sub_6.aig

# Subcircuit 7
SUB_ID 7
LO (33):  1727 1739 1745 1775 1776 1780 1840 1938 1940 1941 1951 1953 2025 2026 2030 2050 2051 2055 2154 2155 2166 2243 2257 2259 2261 2336 2351 2353 2441 2693 2843 2891 2976
LI (79):  5 1692 1698 1704 1711 1738 1744 1749 1774 1779 1783 1817 1818 1833 1836 1837 1838 1848 1870 1917 1918 1934 1937 1939 1948 1952 1956 1964 1969 1981 2016 2023 2024 2028 2029 2046 2049 2052 2054 2062 2078 2110 2117 2143 2144 2148 2150 2152 2153 2158 2163 2164 2174 2240 2248 2256 2258 2260 2284 2291 2294 2295 2309 2332 2345 2350 2352 2354 2369 2385 2399 2402 2403 2413 2416 2417 2428 2431 2432
NODE_NUM = 98
FILE aes_sub_7.aig

# Subcircuit 8
SUB_ID 8
LO (40):  1733 1755 1766 1823 1833 1873 1909 1910 1915 1917 2002 2003 2016 2057 2058 2062 2081 2110 2191 2231 2237 2240 2244 2248 2249 2255 2256 2258 2291 2332 2352 2378 2385 2402 2413 2428 2481 2539 2587 2848
LI (85):  1692 1711 1730 1749 1752 1753 1760 1763 1765 1793 1818 1820 1821 1822 1832 1837 1869 1870 1872 1874 1876 1884 1898 1900 1907 1908 1913 1918 1921 1937 1969 1972 1999 2000 2001 2006 2014 2056 2059 2061 2077 2080 2084 2085 2093 2109 2129 2138 2144 2148 2173 2184 2185 2190 2207 2223 2230 2232 2236 2247 2250 2252 2285 2290 2314 2319 2321 2330 2372 2376 2383 2400 2409 2411 2422 2427 2464 2466 2473 2478 2493 2497 2501 2506 2538
NODE_NUM = 99
FILE aes_sub_8.aig

# Subcircuit 9
SUB_ID 9
LO (16):  1763 1765 2538 2643 2839 2929 3018 7110 7122 7134 7500 7509 7518 7794 7800 7806
LI (62):  5 301 306 311 1689 1695 1749 1758 1761 1769 1936 1938 2243 2514 2516 2520 2537 2594 2610 2617 2619 2623 2640 2764 2774 2783 2784 2788 2820 2833 2838 2851 2862 2872 2874 2878 2910 2923 2928 2932 2934 2936 2937 2947 3001 3012 3017 7104 7109 7116 7121 7128 7133 7494 7499 7503 7508 7512 7517 7793 7799 7805
NODE_NUM = 99
FILE aes_sub_9.aig

# Subcircuit 10
SUB_ID 10
LO (18):  1793 1817 2284 2369 2399 2493 2610 2640 2660 2747 2774 3001 7086 7098 7482 7491 7782 7788
LI (70):  5 291 296 1689 1695 1699 1709 1784 1785 1789 1790 1792 1797 1798 1809 1816 1831 1835 1836 2021 2108 2113 2158 2243 2272 2273 2282 2358 2359 2368 2391 2394 2560 2563 2580 2596 2603 2609 2632 2635 2636 2643 2654 2659 2671 2682 2684 2688 2695 2706 2728 2741 2746 2773 2959 2972 2974 2976 2985 2998 7080 7085 7092 7097 7476 7481 7485 7490 7781 7787
NODE_NUM = 97
FILE aes_sub_10.aig

# Subcircuit 11
SUB_ID 11
LO (47):  1816 1818 1820 1821 1822 1828 1829 1830 1831 1832 2024 2028 2029 2032 2033 2034 2036 2038 2046 2123 2124 2143 2201 2203 2204 2207 2260 2358 2383 2391 2400 2426 2509 2512 2524 2632 2634 2706 2764 2812 2820 2862 2872 2896 2959 2972 2991
LI (62):  1689 1695 1699 1703 1709 1712 1715 1717 1722 1724 1731 1740 1742 1748 1757 1759 1801 1802 1806 1807 1811 1815 1857 2045 2093 2119 2122 2142 2157 2183 2199 2205 2357 2379 2381 2386 2390 2484 2533 2626 2631 2698 2705 2750 2752 2762 2767 2805 2810 2818 2852 2854 2859 2861 2865 2867 2870 2954 2958 2962 2964 2971
NODE_NUM = 100
FILE aes_sub_11.aig

# Subcircuit 12
SUB_ID 12
LO (33):  1835 1836 1837 1838 1848 1907 1908 1913 2023 2113 2117 2119 2272 2273 2295 2368 2394 2427 2537 2594 2635 2682 2695 2698 2728 2783 2818 2852 2910 2964 2974 2985 2998
LI (64):  1689 1695 1699 1700 1703 1709 1712 1715 1717 1722 1724 1729 1731 1740 1742 1757 1759 1784 1789 1828 1831 1840 1909 1915 2014 2020 2021 2022 2032 2036 2044 2117 2199 2236 2268 2269 2366 2426 2529 2532 2533 2584 2585 2587 2592 2634 2673 2675 2681 2691 2693 2710 2727 2782 2814 2895 2898 2899 2908 2981 2983 2990 2991 2996
NODE_NUM = 96
FILE aes_sub_12.aig

# Subcircuit 13
SUB_ID 13
LO (42):  1869 1870 1872 1874 1875 1876 1878 1879 1880 1881 1955 1958 1959 1961 1964 2065 2068 2069 2077 2078 2268 2282 2314 2366 2372 2478 2484 2557 2563 2575 2592 2609 2710 2758 2762 2767 2773 2845 2859 7074 7473 7776
LI (63):  5 286 1689 1699 1709 1715 1717 1731 1740 1742 1748 1757 1759 1853 1854 1855 1857 1858 1862 1867 1868 1892 1960 1962 1963 2014 2038 2066 2070 2075 2076 2184 2215 2243 2266 2276 2277 2279 2281 2311 2363 2476 2481 2483 2485 2489 2539 2551 2556 2590 2605 2608 2754 2759 2761 2769 2770 2857 7068 7073 7467 7472 7775
NODE_NUM = 100
FILE aes_sub_13.aig

# Subcircuit 14
SUB_ID 14
LO (40):  1884 1892 1898 1900 1921 1922 1924 1934 1962 1963 2215 2223 2247 2281 2309 2357 2379 2390 2411 2464 2473 2483 2572 2590 2603 2608 2671 2681 2705 2727 2750 2761 2778 2782 2851 2861 2895 2932 2947 2990
LI (80):  1695 1699 1709 1712 1715 1717 1742 1870 1873 1878 1879 1880 1881 1887 1888 1889 1894 1899 1918 1919 1923 1924 1926 1932 1942 1945 1946 1954 1961 2090 2120 2161 2163 2191 2209 2211 2213 2222 2226 2244 2245 2255 2279 2301 2302 2304 2305 2306 2359 2378 2389 2459 2463 2472 2558 2568 2569 2587 2599 2600 2607 2661 2662 2669 2670 2678 2702 2714 2718 2726 2749 2780 2850 2883 2884 2894 2931 2942 2946 2989
NODE_NUM = 100
FILE aes_sub_14.aig

# Subcircuit 15
SUB_ID 15
LO (51):  1923 1926 1936 1937 1952 1954 1956 1960 1969 1970 1971 1972 1974 1975 1981 2049 2052 2054 2056 2059 2060 2061 2090 2093 2095 2096 2108 2109 2266 2319 2330 2376 2409 2415 2417 2459 2466 2489 2568 2580 2605 2678 2724 2726 2757 2805 2883 2888 2936 2946 2971
LI (57):  1689 1695 1699 1700 1703 1715 1717 1722 1731 1740 1742 1749 1757 1759 1779 1853 1870 1873 1918 1929 1931 1951 1955 1958 1959 1972 1976 1978 1980 2013 2053 2087 2089 2091 2097 2098 2099 2101 2245 2317 2324 2329 2374 2567 2572 2575 2576 2720 2725 2797 2798 2800 2801 2857 2881 2935 2970
NODE_NUM = 100
FILE aes_sub_15.aig

# Subcircuit 16
SUB_ID 16
LO (36):  1999 2000 2013 2014 2044 2045 2066 2070 2097 2098 2138 2142 2250 2277 2279 2294 2354 2381 2422 2476 2501 2514 2520 2617 2661 2662 2669 2725 2797 2908 2931 2937 2962 2970 2981 2983
LI (68):  1689 1692 1695 1699 1701 1702 1709 1712 1715 1717 1725 1728 1732 1734 1735 1738 1740 1742 1752 1757 1759 1771 1774 1823 1830 1854 1922 1929 1941 1991 1993 1997 1998 1999 2003 2040 2044 2045 2065 2068 2069 2085 2095 2096 2128 2130 2131 2132 2135 2140 2141 2257 2293 2509 2513 2519 2612 2614 2616 2661 2668 2724 2793 2795 2904 2906 2961 2980
NODE_NUM = 82
FILE aes_sub_16.aig

# Subcircuit 17
SUB_ID 17
LO (44):  2144 2148 2150 2152 2153 2164 2173 2174 2183 2184 2185 2190 2199 2226 2230 2232 2236 2276 2290 2301 2304 2359 2386 2389 2403 2463 2497 2529 2558 2560 2626 2631 2688 2702 2749 2769 2780 2810 2850 2865 2870 2954 2989 2996
LI (47):  1689 1695 1699 1700 1703 1709 1712 1715 1717 1722 1731 1740 1742 1748 1757 1759 1800 1806 1910 2123 2124 2151 2153 2154 2155 2166 2185 2188 2193 2198 2213 2231 2353 2461 2495 2525 2527 2583 2630 2687 2765 2767 2778 2809 2844 2846 2848
NODE_NUM = 100
FILE aes_sub_17.aig

# Subcircuit 18
SUB_ID 18
LO (32):  2161 2163 2205 2209 2213 2222 2269 2285 2311 2321 2324 2345 2350 2363 2416 2431 2432 2456 2472 2519 2567 2599 2894 3019 3026 3040 3043 7050 7060 7455 7462 7768
LI (49):  5 268 269 270 271 280 281 282 283 284 1689 1696 1709 1712 1740 1749 1757 1758 1759 1790 1810 1856 1874 1887 1939 1955 1958 1969 1970 1974 1975 2004 2005 2050 2132 2201 2203 2204 2217 2221 2336 2415 2430 2441 2455 2890 2891 7049 7454
NODE_NUM = 98
FILE aes_sub_18.aig

# Subcircuit 19
SUB_ID 19
LO (57):  2455 2461 2506 2513 2525 2551 2556 2576 2583 2585 2612 2623 2636 2654 2765 2878 3020 3021 3025 3027 3028 3029 3030 3031 3034 3035 3036 3037 3038 3039 3047 3048 3049 3050 3051 3062 3089 3091 3102 3103 3104 3328 3329 3330 3336 3337 3338 3344 3345 3460 3461 3462 3764 3928 4007 7068 7080
LI (41):  5 285 286 287 288 289 290 291 292 293 294 1693 1705 1713 1735 1739 1743 1744 1768 1769 1770 1788 1810 1971 1993 2025 2033 2060 2124 2128 2203 2512 2524 2584 2587 2622 2876 3019 3024 3026 3033
NODE_NUM = 90
FILE aes_sub_19.aig

# Subcircuit 20
SUB_ID 20
LO (58):  2659 2673 2691 2714 2718 2720 2741 2746 2752 2754 2759 2770 2784 2788 2793 2795 2798 2814 2833 2904 3022 3024 3032 3033 3045 3046 3053 3055 3057 3080 3081 3116 3124 3125 3126 3150 3169 3175 3176 3250 3251 3252 3253 3325 3326 3327 3364 3365 3366 3371 3372 3373 3548 3549 3550 7092 7104 7494
LI (55):  5 295 296 297 298 299 300 301 302 303 304 1696 1702 1714 1716 1726 1728 1735 1741 1775 1776 1829 1856 1881 1924 1930 1953 1970 2002 2006 2051 2055 2057 2058 2061 2081 2083 2085 2095 2131 2245 2426 2605 2717 2757 2758 2792 2812 2903 3023 3038 3041 3044 3051 3056
NODE_NUM = 96
FILE aes_sub_20.aig

# Subcircuit 21
SUB_ID 21
LO (53):  2838 2844 2846 2857 2867 2874 2876 2881 2890 2898 2923 2928 2934 2961 3012 3023 3056 3132 3133 3137 3138 3139 3141 3142 3143 3145 3146 3184 3185 3186 3187 3188 3189 3192 3193 3194 3195 3196 3403 3404 3405 3406 3407 3409 3490 3592 3807 4138 4185 4274 7116 7128 7503
LI (50):  5 305 306 307 308 309 310 311 312 313 314 1719 1755 1792 1875 1924 1932 1940 1953 2026 2030 2034 2059 2074 2088 2096 2203 2237 2249 2259 2261 2843 2845 2888 2896 2897 3031 3035 3041 3044 3054 3055 3059 3063 3065 3089 3091 3115 3131 3182
NODE_NUM = 98
FILE aes_sub_21.aig

# Subcircuit 22
SUB_ID 22
LO (24):  3017 3041 3225 3232 3293 3295 3430 3551 3556 3558 3562 3575 3599 3668 3683 3691 3773 3788 3874 3887 3896 3930 4080 4093
LI (76):  5 315 3039 3040 3184 3192 3202 3218 3219 3223 3224 3226 3228 3230 3247 3261 3282 3289 3292 3294 3301 3313 3380 3411 3426 3429 3431 3440 3476 3480 3509 3511 3514 3515 3523 3539 3547 3550 3552 3557 3560 3561 3569 3577 3592 3597 3598 3603 3615 3619 3621 3630 3634 3635 3639 3641 3664 3665 3677 3682 3688 3692 3700 3717 3720 3730 3737 3769 3782 3787 3796 3797 3806 3809 3872 3883
NODE_NUM = 100
FILE aes_sub_22.aig

# Subcircuit 23
SUB_ID 23
LO (21):  3044 3226 3294 3313 3431 3511 3552 3557 3639 3664 3769 3977 3992 4064 4079 4156 4171 4335 4350 7182 7194
LI (75):  5 3039 3043 3195 3202 3219 3223 3224 3258 3261 3286 3301 3305 3306 3307 3311 3407 3428 3436 3453 3476 3480 3486 3575 3648 3655 3657 3661 3739 3744 3747 3751 3768 3914 3926 3942 3957 3960 3961 3971 3986 3991 4003 4014 4039 4043 4059 4073 4078 4096 4106 4122 4129 4132 4133 4151 4165 4170 4189 4264 4266 4267 4271 4274 4278 4291 4298 4302 4331 4344 4349 7176 7181 7188 7193
NODE_NUM = 98
FILE aes_sub_23.aig

# Subcircuit 24
SUB_ID 24
LO (53):  3054 3058 3070 3071 3106 3108 3115 3120 3131 3182 3272 3273 3282 3285 3289 3356 3358 3362 3380 3381 3383 3411 3419 3421 3425 3426 3463 3487 3496 3498 3509 3577 3589 3591 3593 3597 3603 3630 3657 3685 3688 3720 3730 3737 3739 3767 3819 3836 4030 4084 4175 4262 4308
LI (86):  3024 3030 3033 3040 3053 3057 3060 3067 3069 3076 3081 3098 3105 3107 3111 3116 3119 3121 3130 3150 3165 3168 3169 3171 3178 3179 3180 3202 3250 3261 3266 3269 3270 3276 3280 3283 3288 3301 3310 3348 3355 3357 3361 3378 3382 3386 3394 3410 3418 3420 3422 3424 3449 3459 3462 3464 3471 3473 3476 3477 3480 3482 3484 3486 3490 3495 3497 3506 3537 3548 3576 3578 3588 3590 3592 3624 3629 3684 3686 3719 3725 3729 3734 3735 3762 3766
NODE_NUM = 100
FILE aes_sub_24.aig

# Subcircuit 25
SUB_ID 25
LO (32):  3059 3060 3069 3107 3121 3171 3223 3224 3270 3283 3357 3382 3420 3464 3486 3497 3629 3655 3717 3729 3751 3766 3806 3872 3914 3942 3957 4059 4151 4246 4261 4291
LI (92):  5 3024 3030 3033 3036 3043 3048 3057 3081 3095 3116 3118 3150 3161 3169 3202 3219 3221 3222 3250 3261 3286 3291 3301 3306 3337 3360 3365 3384 3428 3468 3476 3479 3480 3551 3558 3563 3575 3627 3651 3652 3709 3710 3711 3712 3728 3749 3764 3802 3803 3823 3826 3828 3830 3839 3842 3844 3853 3869 3892 3897 3898 3903 3907 3908 3929 3932 3941 3949 3951 3955 4047 4049 4052 4057 4143 4144 4149 4183 4194 4197 4200 4211 4214 4218 4226 4241 4255 4260 4284 4286 4289
NODE_NUM = 100
FILE aes_sub_25.aig

# Subcircuit 26
SUB_ID 26
LO (55):  3063 3064 3067 3087 3098 3101 3105 3165 3205 3218 3240 3242 3247 3262 3264 3265 3266 3333 3335 3348 3352 3355 3388 3390 3394 3412 3418 3452 3459 3517 3523 3564 3569 3576 3581 3588 3590 3615 3648 3684 3700 3709 3734 3744 3797 3822 3826 3830 3839 3842 3903 3919 3926 4118 4180
LI (87):  3024 3033 3037 3040 3046 3057 3062 3066 3081 3084 3086 3092 3097 3100 3104 3116 3150 3152 3153 3155 3159 3164 3169 3201 3202 3203 3208 3215 3216 3219 3230 3239 3241 3245 3250 3253 3257 3260 3261 3263 3301 3304 3331 3332 3334 3338 3346 3351 3353 3389 3393 3405 3409 3413 3416 3417 3451 3453 3457 3476 3480 3505 3518 3522 3563 3567 3568 3582 3587 3607 3609 3613 3624 3646 3698 3704 3707 3732 3743 3816 3821 3825 3833 3836 3902 3917 3918
NODE_NUM = 100
FILE aes_sub_26.aig

# Subcircuit 27
SUB_ID 27
LO (34):  3065 3066 3086 3100 3155 3203 3241 3263 3334 3353 3389 3413 3453 3518 3563 3587 3607 3619 3652 3661 3768 3796 3802 3917 3971 4003 4039 4047 4052 4106 4129 4241 4286 4331
LI (69):  3024 3033 3043 3057 3062 3073 3081 3095 3102 3116 3125 3128 3150 3168 3169 3177 3202 3206 3219 3250 3261 3269 3299 3300 3301 3302 3350 3371 3375 3391 3415 3438 3461 3470 3476 3480 3503 3584 3617 3660 3691 3759 3767 3789 3795 3862 3916 3919 3967 3968 3996 4001 4028 4031 4032 4036 4045 4098 4100 4104 4125 4126 4234 4236 4238 4309 4313 4314 4330
NODE_NUM = 75
FILE aes_sub_27.aig

# Subcircuit 28
SUB_ID 28
LO (62):  3073 3076 3158 3164 3168 3216 3239 3256 3257 3269 3306 3332 3340 3346 3399 3410 3437 3440 3495 3503 3505 3506 3526 3527 3535 3537 3539 3541 3543 3547 3598 3613 3621 3634 3635 3651 3686 3698 3711 3725 3732 3743 3749 3789 3803 3815 3823 3833 3897 3907 3932 3961 3967 3968 3994 3996 4001 4014 4043 4085 4113 4263
LI (85):  3020 3024 3033 3040 3057 3075 3081 3084 3116 3120 3133 3143 3150 3159 3163 3167 3169 3186 3187 3202 3211 3214 3215 3219 3230 3234 3238 3243 3245 3250 3253 3254 3258 3261 3268 3299 3301 3320 3322 3331 3341 3344 3345 3355 3377 3398 3400 3409 3423 3425 3436 3438 3449 3456 3476 3480 3493 3494 3502 3504 3525 3530 3534 3536 3542 3544 3545 3589 3611 3632 3649 3697 3710 3822 3894 3896 3905 3919 3930 3966 3993 4005 4007 4010 4084
NODE_NUM = 100
FILE aes_sub_28.aig

# Subcircuit 29
SUB_ID 29
LO (64):  3075 3082 3084 3130 3159 3167 3177 3179 3180 3197 3199 3201 3211 3228 3230 3234 3254 3268 3277 3279 3290 3302 3307 3322 3341 3367 3374 3400 3427 3438 3445 3456 3479 3484 3504 3514 3515 3525 3536 3542 3560 3584 3611 3692 3728 3809 3825 3853 3869 3902 3949 3960 3966 4057 4104 4132 4143 4144 4183 4226 4234 4267 4309 4330
LI (79):  3020 3024 3029 3033 3043 3047 3057 3081 3083 3094 3103 3116 3126 3127 3128 3133 3150 3169 3176 3178 3186 3193 3194 3196 3198 3202 3219 3229 3237 3250 3261 3278 3298 3301 3319 3325 3349 3365 3388 3396 3406 3419 3422 3430 3470 3476 3477 3478 3480 3483 3490 3513 3533 3562 3807 3848 3851 3855 3860 3862 3867 3948 3959 4056 4102 4130 4139 4141 4173 4176 4180 4221 4225 4230 4231 4308 4322 4325 4326
NODE_NUM = 100
FILE aes_sub_29.aig

# Subcircuit 30
SUB_ID 30
LO (54):  3083 3092 3094 3095 3097 3111 3118 3119 3127 3128 3152 3153 3161 3163 3178 3236 3237 3238 3243 3245 3349 3350 3351 3360 3361 3378 3449 3451 3624 3627 3646 3707 3759 3844 3851 3862 3867 3916 3929 3941 3955 4028 4049 4122 4125 4139 4149 4194 4211 4230 4271 4298 4314 4325
LI (61):  3021 3027 3031 3035 3049 3050 3081 3082 3089 3091 3096 3101 3116 3121 3124 3141 3150 3158 3163 3169 3175 3265 3279 3356 3364 3366 3367 3377 3436 3445 3450 3468 3548 3549 3645 3757 3918 3928 3938 3953 4016 4020 4022 4024 4027 4115 4116 4120 4123 4138 4148 4187 4191 4193 4206 4210 4229 4269 4294 4295 4323
NODE_NUM = 100
FILE aes_sub_30.aig

# Subcircuit 31
SUB_ID 31
LO (64):  3198 3202 3206 3208 3214 3215 3219 3221 3222 3229 3261 3286 3288 3291 3292 3298 3299 3300 3305 3396 3398 3422 3423 3424 3428 3429 3436 3480 3482 3483 3493 3494 3513 3522 3530 3544 3545 3645 3660 3697 3704 3712 3735 3795 3816 3860 3892 3894 3898 3905 4010 4020 4056 4096 4100 4141 4187 4197 4214 4221 4284 4289 4302 4320
LI (57):  3021 3022 3027 3031 3035 3049 3080 3089 3091 3132 3138 3185 3186 3188 3189 3195 3196 3205 3225 3273 3290 3293 3304 3385 3391 3399 3403 3407 3417 3427 3430 3437 3455 3487 3515 3526 3543 3567 3568 3644 3685 3696 3793 3890 4018 4080 4082 4085 4086 4089 4091 4093 4098 4185 4186 4196 4288
NODE_NUM = 100
FILE aes_sub_31.aig

# Subcircuit 32
SUB_ID 32
LO (73):  3258 3260 3276 3278 3280 3301 3304 3310 3311 3319 3320 3331 3375 3377 3384 3385 3386 3391 3393 3415 3416 3417 3455 3457 3468 3470 3471 3473 3476 3477 3478 3500 3501 3502 3533 3534 3561 3567 3568 3578 3609 3617 3719 3747 3762 3821 3828 3848 3855 3890 3908 3938 3948 3951 3959 3993 4005 4018 4031 4032 4045 4089 4098 4115 4116 4126 4133 4200 4218 4225 4229 4278 4323
LI (53):  3021 3027 3031 3032 3035 3049 3057 3058 3067 3089 3091 3106 3132 3133 3137 3139 3142 3145 3185 3245 3250 3251 3252 3253 3256 3277 3279 3302 3327 3330 3372 3373 3374 3381 3383 3412 3421 3456 3460 3496 3517 3535 3556 3560 3599 3819 3947 4030 4107 4114 4199 4216 4224
NODE_NUM = 100
FILE aes_sub_32.aig

# Subcircuit 33
SUB_ID 33
LO (49):  3582 3649 3677 3682 3696 3710 3782 4351 4353 4357 4358 4359 4360 4363 4366 4367 4368 4369 4370 4372 4375 4386 4391 4402 4404 4405 4406 4407 4408 4409 4674 4676 4677 4678 4792 4793 4796 4798 4916 5125 5326 5455 5518 5541 5644 7146 7152 7527 7530
LI (24):  5 316 317 318 319 320 321 322 323 324 3036 3197 3327 3329 3404 3461 3549 3668 4352 4356 4362 4365 7145 7526
NODE_NUM = 98
FILE aes_sub_33.aig

# Subcircuit 34
SUB_ID 34
LO (47):  3787 3793 3883 3889 3918 3947 3953 3986 4352 4362 4373 4376 4377 4378 4379 4380 4381 4382 4383 4395 4397 4399 4411 4421 4423 4433 4435 4436 4437 4704 4705 4707 4708 4709 4802 4803 4804 4941 5038 5086 5247 5279 5325 5569 7170 7176 7824
LI (32):  5 325 326 327 328 329 330 331 332 333 334 3025 3045 3064 3071 3175 3178 3374 3460 3874 3887 4351 4358 4365 4370 4372 4375 4389 4393 4409 7169 7823
NODE_NUM = 97
FILE aes_sub_34.aig

# Subcircuit 35
SUB_ID 35
LO (55):  3991 4016 4022 4024 4036 4073 4078 4102 4107 4114 4120 4123 4130 4148 4165 4236 4354 4356 4364 4365 4387 4389 4390 4392 4393 4412 4413 4414 4438 4439 4440 4448 4452 4453 4454 4482 4501 4502 4503 4504 4509 4582 4602 4603 4604 4609 4660 4688 4689 4690 4699 4777 7188 7200 7566
LI (43):  5 335 336 337 338 339 340 341 342 343 344 3028 3034 3046 3058 3108 3125 3175 3176 3177 3225 3236 3240 3262 3285 3390 3427 3445 3452 3463 3501 3541 3558 3564 3568 4113 4118 4235 4355 4379 4386 4388 4391
NODE_NUM = 88
FILE aes_sub_35.aig

# Subcircuit 36
SUB_ID 36
LO (50):  4170 4173 4176 4186 4189 4191 4193 4196 4199 4206 4210 4224 4231 4235 4238 4255 4260 4264 4266 4269 4294 4295 4313 4322 4326 4344 4355 4388 4464 4465 4466 4467 4468 4469 4470 4471 4472 4473 4517 4518 4523 4524 4526 4527 4528 4739 5606 7218 7224 7581
LI (74):  5 345 346 347 348 349 350 351 352 353 354 3034 3037 3051 3070 3076 3087 3106 3124 3146 3199 3232 3242 3256 3264 3272 3285 3295 3302 3325 3326 3328 3333 3335 3336 3340 3344 3352 3358 3362 3366 3373 3445 3460 3464 3498 3500 3505 3515 3527 3535 3545 3551 3569 3581 3591 3593 3789 3815 3890 3994 4175 4246 4262 4263 4320 4363 4367 4373 4376 4387 4397 7217 7580
NODE_NUM = 100
FILE aes_sub_36.aig

# Subcircuit 37
SUB_ID 37
LO (18):  4349 5000 5015 5105 5120 5206 5221 5309 5324 5396 5411 5488 5503 5578 5593 5667 5682 7242
LI (68):  5 355 4381 4411 4413 4414 4419 4429 4441 4445 4515 4579 4648 4674 4881 4906 4999 5009 5014 5104 5114 5119 5145 5155 5164 5166 5170 5202 5215 5220 5246 5247 5250 5252 5256 5306 5318 5323 5335 5346 5371 5376 5379 5380 5390 5405 5410 5428 5438 5454 5455 5460 5468 5483 5497 5502 5515 5519 5523 5525 5575 5587 5592 5666 5676 5681 7236 7241
NODE_NUM = 99
FILE aes_sub_37.aig

# Subcircuit 38
SUB_ID 38
LO (27):  4419 4429 4441 4445 4449 4450 4451 4459 4460 4461 4515 4681 4683 4684 4687 4695 4938 4999 5104 5202 5301 5306 5335 5454 5515 5575 5666
LI (77):  4353 4359 4363 4367 4382 4383 4395 4397 4413 4421 4423 4433 4437 4440 4448 4454 4458 4480 4514 4597 4600 4601 4602 4611 4694 4768 4880 4912 4915 4916 4927 4998 5018 5019 5033 5037 5038 5048 5102 5103 5178 5180 5181 5182 5201 5268 5270 5274 5281 5283 5284 5285 5304 5328 5329 5333 5447 5448 5452 5505 5506 5513 5536 5538 5542 5574 5596 5598 5600 5601 5611 5614 5623 5624 5629 5635 5663
NODE_NUM = 100
FILE aes_sub_38.aig

# Subcircuit 39
SUB_ID 39
LO (23):  4458 4480 4484 4486 4514 4696 4697 4698 4906 4913 4915 4998 5033 5102 5201 5246 5251 5371 5428 5483 5536 5629 5663
LI (85):  4373 4376 4395 4421 4423 4448 4449 4465 4466 4471 4472 4473 4478 4482 4487 4496 4513 4573 4574 4680 4695 4701 4709 4757 4772 4775 4776 4777 4788 4841 4847 4856 4863 4864 4865 4867 4869 4903 4914 4948 4949 4954 4962 4973 4977 4979 4995 4996 5022 5023 5032 5050 5054 5062 5063 5065 5068 5101 5188 5192 5193 5196 5198 5224 5227 5244 5347 5352 5359 5362 5369 5370 5414 5416 5426 5470 5474 5482 5529 5534 5628 5650 5654 5656 5660
NODE_NUM = 100
FILE aes_sub_39.aig

# Subcircuit 40
SUB_ID 40
LO (33):  4487 4496 4508 4513 4565 4569 4571 4573 4574 4579 4648 4927 4948 4962 5048 5062 5101 5178 5195 5198 5268 5304 5346 5356 5359 5362 5438 5482 5506 5574 5623 5628 5650
LI (79):  4353 4359 4373 4392 4397 4404 4406 4448 4451 4459 4460 4482 4486 4495 4501 4504 4507 4511 4512 4550 4564 4572 4576 4577 4647 4681 4683 4692 4697 4699 4707 4781 4800 4913 4923 4924 4936 4938 4946 4956 4957 4960 4961 5042 5043 5044 5058 5059 5085 5088 5089 5099 5177 5260 5267 5296 5297 5302 5337 5339 5345 5354 5358 5437 5477 5481 5559 5561 5563 5565 5572 5616 5618 5621 5638 5640 5642 5645 5646
NODE_NUM = 99
FILE aes_sub_40.aig

# Subcircuit 41
SUB_ID 41
LO (46):  4507 4511 4534 4537 4538 4539 4541 4542 4550 4572 4575 4576 4577 4615 4616 4617 4622 4624 4626 4628 4731 4738 4775 4908 4936 4946 4977 4979 5032 5058 5133 5145 5155 5196 5227 5244 5250 5252 5256 5270 5385 5426 5480 5523 5621 5638
LI (64):  4376 4379 4381 4386 4391 4393 4395 4397 4404 4412 4421 4423 4501 4502 4509 4517 4518 4523 4524 4528 4542 4545 4549 4619 4627 4678 4726 4727 4734 4739 4740 4774 4848 4879 4930 4932 4933 4940 4941 4945 4976 5027 5031 5044 5057 5128 5131 5138 5140 5147 5148 5153 5195 5236 5237 5242 5251 5254 5269 5418 5423 5425 5521 5637
NODE_NUM = 97
FILE aes_sub_41.aig

# Subcircuit 42
SUB_ID 42
LO (35):  4545 4549 4556 4564 4619 4620 4625 4627 4647 4841 4877 4879 4903 4945 4973 5021 5022 5043 5054 5068 5128 5147 5164 5242 5254 5267 5327 5345 5368 5442 5445 5505 5525 5605 5652
LI (54):  4353 4354 4359 4363 4367 4373 4376 4379 4381 4391 4395 4397 4404 4406 4421 4423 4464 4534 4537 4541 4542 4547 4614 4615 4617 4626 4628 4645 4783 4789 4806 4824 4830 4838 4886 4890 4897 4902 4924 4943 4965 4968 5042 5053 5067 5123 5127 5158 5160 5222 5240 5251 5326 5342
NODE_NUM = 100
FILE aes_sub_42.aig

# Subcircuit 43
SUB_ID 43
LO (45):  4593 4594 4596 4597 4611 4614 4632 4744 4745 4747 4748 4757 4767 4768 4770 4771 4774 4912 4991 4995 5081 5085 5099 5123 5131 5138 5153 5166 5180 5230 5236 5283 5379 5390 5416 5448 5463 5468 5513 5538 5546 5559 5596 5600 5635
LI (67):  4353 4354 4359 4373 4376 4395 4397 4404 4406 4421 4423 4517 4571 4582 4588 4596 4597 4603 4604 4605 4606 4607 4609 4610 4613 4718 4719 4746 4749 4753 4754 4755 4757 4761 4762 4763 4765 4772 4773 4908 4909 4981 4986 4994 5073 5074 5084 5093 5098 5129 5134 5136 5152 5232 5233 5378 5386 5388 5464 5465 5511 5547 5548 5558 5595 5599 5632
NODE_NUM = 100
FILE aes_sub_43.aig

# Subcircuit 44
SUB_ID 44
LO (35):  4600 4601 4605 4606 4607 4610 4645 4718 4719 4726 4727 4880 4881 4886 4981 4994 5037 5084 5093 5134 5136 5152 5232 5240 5269 5337 5386 5388 5423 5437 5465 5548 5558 5611 5632
LI (45):  4353 4359 4363 4364 4367 4368 4373 4376 4379 4381 4386 4391 4395 4397 4404 4406 4413 4421 4423 4438 4517 4537 4539 4582 4603 4604 4616 4617 4632 4744 4753 4759 4767 4768 4991 5036 5081 5133 5230 5385 5422 5433 5435 5521 5607
NODE_NUM = 91
FILE aes_sub_44.aig

# Subcircuit 45
SUB_ID 45
LO (43):  4680 4692 4694 4701 4732 4734 4800 4806 4914 4943 4960 4976 4986 5018 5019 5036 5042 5088 5098 5127 5129 5140 5177 5182 5224 5260 5281 5333 5339 5358 5414 5431 5433 5435 5452 5460 5561 5572 5595 5598 5624 5645 5646
LI (74):  4353 4356 4359 4360 4363 4367 4369 4373 4376 4381 4389 4390 4395 4397 4399 4404 4405 4406 4407 4421 4423 4435 4436 4482 4484 4518 4527 4528 4569 4655 4660 4663 4670 4671 4678 4679 4688 4689 4690 4699 4704 4705 4709 4731 4793 4796 4798 4802 4804 4901 4921 4923 5017 5086 5097 5125 5126 5175 5222 5276 5279 5280 5325 5332 5356 5412 5429 5430 5451 5455 5458 5568 5569 5644
NODE_NUM = 100
FILE aes_sub_45.aig

# Subcircuit 46
SUB_ID 46
LO (63):  4740 4746 4749 4753 4754 4755 4759 4761 4762 4763 4772 4781 4783 4788 4789 4808 4809 4810 4811 4824 4830 4832 4834 4835 4837 4838 4864 4865 4867 4869 4890 4894 4895 4896 4897 4924 4954 4968 5044 5053 5073 5074 5158 5160 5188 5222 5233 5296 5352 5366 5378 5430 5443 5464 5472 5481 5519 5547 5599 5616 5640 5653 5656
LI (55):  4353 4359 4363 4364 4367 4373 4376 4379 4381 4386 4391 4395 4397 4404 4406 4448 4453 4461 4464 4465 4467 4468 4469 4470 4501 4503 4593 4594 4738 4739 4744 4745 4747 4748 4768 4770 4771 4777 4782 4815 4816 4819 4853 4858 4952 5072 5156 5290 5295 5350 5431 5463 5480 5518 5546
NODE_NUM = 100
FILE aes_sub_46.aig

# Subcircuit 47
SUB_ID 47
LO (44):  4815 4819 4847 4848 4853 4856 4858 4863 4901 4902 4921 4923 4930 4933 4940 4952 4957 4965 5009 5014 5023 5027 5031 5050 5057 5059 5067 5126 5156 5192 5290 5295 5329 5350 5376 5412 5425 5447 5474 5529 5534 5660 7236 7599
LI (63):  5 356 357 358 359 360 4353 4359 4363 4367 4373 4376 4379 4381 4386 4391 4395 4397 4402 4404 4406 4412 4421 4423 4450 4453 4454 4464 4470 4508 4538 4556 4565 4574 4575 4622 4677 4678 4687 4771 4803 4808 4809 4810 4811 4834 4837 4869 4894 4895 4896 4897 4900 5000 5021 5123 5293 5374 5440 5446 5472 5658 7598
NODE_NUM = 100
FILE aes_sub_47.aig

# Subcircuit 48
SUB_ID 48
LO (31):  5089 5097 5114 5119 5148 5170 5175 5215 5220 5237 5285 5293 5302 5318 5684 5685 5689 5694 5699 5703 5711 5726 5753 5992 6000 6125 7254 7266 7272 7608 7872
LI (44):  5 361 362 363 364 365 366 367 368 369 370 371 372 373 374 4357 4368 4369 4377 4399 4408 4433 4439 4452 4528 4539 4569 4622 4624 4689 4696 4697 4835 4867 4877 5105 5206 5301 5683 5688 7253 7265 7607 7871
NODE_NUM = 94
FILE aes_sub_48.aig

# Subcircuit 49
SUB_ID 49
LO (50):  5323 5328 5342 5347 5354 5369 5374 5380 5405 5410 5422 5429 5440 5446 5451 5458 5497 5686 5688 5692 5693 5696 5697 5698 5700 5701 5702 5706 5719 5744 5745 5759 5773 5775 5914 5915 5923 5938 5939 5940 5989 6008 6124 6213 6313 6624 7290 7296 7638 7884
LI (49):  5 375 376 377 378 379 380 381 382 383 384 4366 4378 4380 4390 4439 4440 4450 4473 4527 4537 4539 4556 4577 4620 4625 4626 4708 4739 4792 4803 5247 5251 5325 5327 5366 5368 5396 5442 5443 5445 5687 5689 5691 5695 5699 5705 7289 7883
NODE_NUM = 91
FILE aes_sub_49.aig

# Subcircuit 50
SUB_ID 50
LO (42):  5502 5511 5521 5542 5563 5587 5592 5601 5607 5618 5637 5654 5658 5676 5687 5720 5721 5722 5724 5725 5728 5730 5731 5779 5796 5797 5805 5806 5807 5849 5850 5851 5852 5853 6070 6071 6072 6153 6154 7314 7320 7653
LI (45):  5 385 386 387 388 389 390 391 392 393 394 4438 4509 4526 4573 4596 4617 4676 4684 4690 4698 4732 4738 4777 4832 4877 4894 5247 5430 5541 5578 5605 5606 5652 5653 5717 5718 5719 5723 5727 5729 5741 5778 7313 7652
NODE_NUM = 87
FILE aes_sub_50.aig

# Subcircuit 51
SUB_ID 51
LO (56):  5681 5683 5691 5695 5705 5708 5709 5713 5717 5718 5723 5727 5729 5734 5735 5736 5738 5739 5740 5741 5747 5750 5755 5761 5765 5767 5768 5770 5771 5778 5932 5933 5990 5993 5997 5998 5999 6001 6004 6006 6127 6129 6212 6317 6351 6373 6503 6521 6588 6627 6724 6798 6806 6887 6978 6996
LI (19):  5 357 362 395 5684 5688 5694 5697 5702 5703 5706 5712 5726 5745 5746 5754 5760 5766 5775
NODE_NUM = 81
FILE aes_sub_51.aig

# Subcircuit 52
SUB_ID 52
LO (18):  5712 5746 5754 5758 5760 5766 6010 6239 6268 6670 6853 7038 7416 7446 7734 7758 7956 7974
LI (51):  5 421 424 431 434 5685 5697 5711 5745 5753 5759 5773 5981 5996 6003 6006 6008 6043 6103 6107 6237 6239 6263 6267 6775 6785 6801 6802 6807 6815 6830 6844 6852 6949 6951 6953 6954 6964 7018 7029 7037 7407 7415 7437 7445 7725 7733 7749 7757 7955 7973
NODE_NUM = 100
FILE aes_sub_52.aig

# Subcircuit 53
SUB_ID 53
LO (26):  5782 5783 5784 5788 5793 5830 5981 6013 6015 6019 6043 6110 6237 6267 6271 6332 6350 6359 6440 6458 6535 6642 6692 6915 6992 7009
LI (60):  5 399 404 5685 5686 5691 5695 5699 5705 5708 5711 5713 5718 5720 5723 5727 5729 5736 5738 5753 5755 5779 5812 5829 5836 5844 5905 5980 6010 6026 6042 6114 6122 6138 6172 6201 6236 6239 6261 6266 6268 6278 6281 6286 6294 6305 6328 6341 6349 6355 6357 6358 6365 6384 6390 6393 6404 6436 6449 6457
NODE_NUM = 100
FILE aes_sub_53.aig

# Subcircuit 54
SUB_ID 54
LO (16):  5812 6261 6357 6379 6384 6650 6668 6740 6758 6830 6946 6970 7018 7431 7746 7965
LI (62):  5 414 419 426 429 5695 5699 5705 5797 5802 5803 5809 5811 6119 6153 6198 6239 6244 6252 6255 6257 6356 6376 6377 6378 6380 6535 6587 6599 6615 6630 6631 6636 6644 6659 6667 6679 6690 6704 6706 6713 6736 6749 6757 6778 6821 6829 6865 6866 6868 6873 6875 6925 6937 6945 6975 7017 7422 7430 7737 7745 7964
NODE_NUM = 100
FILE aes_sub_54.aig

# Subcircuit 55
SUB_ID 55
LO (36):  5802 5809 5811 5814 5816 5817 5819 5822 5823 5824 5825 5826 5827 5829 6020 6029 6197 6198 6199 6200 6236 6245 6390 6404 6511 6526 6562 6592 6639 6775 6925 7008 7017 7371 7698 7929
LI (55):  5 406 409 5685 5691 5708 5718 5720 5727 5729 5736 5738 5744 5753 5755 5797 5807 6089 6179 6188 6193 6195 6201 6235 6239 6385 6389 6400 6403 6483 6493 6510 6524 6527 6528 6538 6553 6561 6761 6763 6773 6879 6881 6884 6893 6924 6979 6981 6988 7016 7362 7370 7689 7697 7928
NODE_NUM = 100
FILE aes_sub_55.aig

# Subcircuit 56
SUB_ID 56
LO (23):  5836 5844 5905 5980 6114 6257 6266 6294 6393 6400 6436 6538 6599 6644 6690 6704 6706 6801 6829 6865 6866 6879 7016
LI (64):  5685 5691 5695 5696 5699 5705 5708 5711 5713 5718 5720 5723 5725 5727 5729 5736 5738 5753 5755 5817 5824 5830 5882 5896 5979 6013 6028 6032 6040 6082 6110 6191 6232 6245 6290 6292 6420 6423 6425 6434 6535 6589 6590 6592 6597 6639 6643 6681 6683 6689 6697 6699 6701 6793 6800 6825 6855 6857 6861 6877 6992 6998 7000 7015
NODE_NUM = 97
FILE aes_sub_56.aig

# Subcircuit 57
SUB_ID 57
LO (32):  5866 5868 5869 5870 5882 5950 5951 5952 5954 5955 5957 5979 6107 6263 6278 6328 6365 6376 6471 6483 6493 6587 6597 6615 6686 6736 6773 6785 6861 6873 6964 6975
LI (77):  5695 5699 5705 5708 5711 5713 5727 5729 5744 5753 5849 5850 5851 5853 5863 5864 5881 5888 5946 5953 5956 5958 5959 5977 6010 6034 6058 6059 6061 6062 6064 6066 6068 6070 6071 6072 6106 6180 6211 6226 6271 6272 6273 6275 6277 6307 6311 6327 6362 6370 6375 6466 6469 6476 6478 6485 6487 6491 6565 6569 6585 6595 6609 6610 6613 6719 6735 6765 6770 6772 6780 6781 6871 6958 6963 6972 6973
NODE_NUM = 96
FILE aes_sub_57.aig

# Subcircuit 58
SUB_ID 58
LO (43):  5881 5887 5888 5894 5896 5947 5949 5953 5958 5959 6122 6163 6172 6209 6211 6235 6244 6277 6298 6299 6303 6356 6362 6378 6466 6485 6497 6585 6595 6605 6606 6671 6689 6711 6765 6770 6789 6792 6855 6875 6924 6949 7005
LI (56):  5685 5686 5691 5695 5699 5705 5708 5711 5713 5723 5727 5729 5736 5738 5753 5755 5796 5851 5852 5866 5868 5869 5870 5879 5880 5948 5952 5954 5957 6055 6121 6156 6162 6170 6218 6234 6242 6243 6275 6297 6377 6461 6465 6563 6577 6579 6583 6592 6670 6686 6768 6901 6902 6907 6923 6948
NODE_NUM = 99
FILE aes_sub_58.aig

# Subcircuit 59
SUB_ID 59
LO (40):  5925 5926 5928 5946 5977 6076 6077 6079 6080 6082 6089 6099 6102 6103 6106 6242 6243 6323 6327 6416 6420 6434 6461 6469 6476 6491 6510 6518 6571 6577 6613 6735 6800 6810 6815 6893 6896 6901 6953 6988
LI (71):  5685 5686 5708 5727 5729 5736 5738 5753 5755 5761 5775 5849 5914 5915 5920 5923 5928 5929 5936 5937 5938 5940 5941 5942 5945 5968 5976 6050 6078 6081 6085 6086 6087 6089 6093 6094 6095 6104 6105 6241 6313 6318 6326 6408 6409 6419 6428 6433 6467 6472 6474 6490 6502 6503 6508 6573 6574 6722 6726 6730 6732 6734 6799 6811 6812 6887 6892 6897 6898 6952 6985
NODE_NUM = 100
FILE aes_sub_59.aig

# Subcircuit 60
SUB_ID 60
LO (36):  5936 5937 5941 5942 5948 5956 5968 5976 6050 6055 6058 6059 6218 6241 6326 6370 6419 6428 6472 6474 6490 6573 6583 6610 6630 6681 6730 6732 6763 6768 6781 6812 6902 6907 6963 6985
LI (48):  5685 5691 5695 5696 5699 5705 5708 5711 5713 5718 5723 5727 5729 5736 5738 5753 5755 5759 5849 5866 5869 5914 5933 5940 5949 5954 5955 5974 6051 6076 6085 6091 6099 6100 6212 6214 6320 6323 6325 6416 6471 6571 6582 6622 6624 6628 6729 6871
NODE_NUM = 84
FILE aes_sub_60.aig

# Subcircuit 61
SUB_ID 61
LO (35):  5996 6003 6026 6028 6031 6034 6038 6042 6138 6252 6275 6290 6292 6355 6377 6380 6423 6425 6465 6467 6524 6565 6609 6622 6679 6683 6701 6761 6799 6857 6892 6923 6948 6951 6979
LI (78):  5685 5691 5695 5699 5701 5705 5711 5721 5722 5723 5724 5730 5731 5736 5738 5767 5768 5814 5822 5826 5987 5989 5990 5992 5993 5995 5999 6000 6001 6003 6020 6025 6029 6030 6032 6033 6036 6040 6041 6125 6130 6134 6136 6233 6245 6251 6255 6289 6351 6352 6422 6463 6464 6511 6512 6514 6516 6519 6521 6563 6600 6608 6617 6620 6621 6671 6672 6674 6676 6759 6798 6891 6910 6915 6916 6918 6919 6978
NODE_NUM = 98
FILE aes_sub_61.aig

# Subcircuit 62
SUB_ID 62
LO (69):  6032 6036 6040 6061 6062 6064 6066 6068 6081 6085 6086 6087 6091 6093 6094 6095 6100 6104 6119 6121 6130 6134 6136 6140 6141 6142 6143 6162 6164 6165 6166 6167 6169 6170 6220 6222 6223 6226 6231 6232 6273 6286 6289 6300 6318 6375 6388 6408 6422 6478 6498 6514 6527 6563 6569 6676 6697 6708 6778 6780 6807 6811 6819 6868 6897 6919 6952 7000 7006
LI (52):  5685 5691 5695 5696 5699 5705 5708 5711 5713 5718 5721 5723 5734 5736 5738 5753 5755 5775 5796 5797 5806 5814 5816 5819 5850 5925 5926 5998 6038 6079 6080 6099 6102 6103 6124 6125 6129 6185 6190 6253 6284 6317 6359 6373 6526 6693 6694 6776 6777 6806 6810 6896
NODE_NUM = 99
FILE aes_sub_62.aig

# Subcircuit 63
SUB_ID 63
LO (43):  6156 6179 6180 6185 6188 6190 6191 6193 6195 6201 6214 6233 6234 6251 6253 6255 6272 6281 6284 6297 6305 6307 6338 6358 6385 6403 6464 6502 6528 6631 6636 6674 6694 6713 6719 6759 6772 6793 6821 6877 6884 7015 7329
LI (70):  277 396 397 5685 5691 5693 5695 5699 5705 5708 5711 5713 5718 5723 5727 5729 5736 5738 5739 5744 5750 5753 5755 5759 5796 5806 5852 5888 5894 5933 5951 6019 6140 6141 6142 6143 6154 6163 6165 6166 6167 6169 6197 6199 6200 6212 6213 6226 6231 6232 6250 6251 6298 6299 6300 6303 6356 6461 6495 6499 6501 6634 6708 6712 6789 6792 6819 7007 7010 7011
NODE_NUM = 98
FILE aes_sub_63.aig

# Subcircuit 64
SUB_ID 64
LO (32):  6341 6349 6389 6409 6433 6449 6457 6463 6495 6499 6508 6519 6553 6561 6574 6582 6589 6590 6600 6608 6617 6620 6628 6634 6643 6656 6891 7356 7362 7374 7689 7920
LI (65):  5 276 278 279 398 400 401 402 403 404 405 406 407 408 410 411 412 5689 5692 5700 5701 5709 5728 5731 5735 5739 5740 5747 5758 5765 5771 5783 5784 5793 5827 5887 5932 5947 5950 5989 6000 6038 6076 6077 6080 6124 6154 6167 6199 6209 6213 6222 6338 6388 6440 6497 6498 6518 6588 6605 6606 6627 6642 7355 7919
NODE_NUM = 92
FILE aes_sub_64.aig

# Subcircuit 65
SUB_ID 65
LO (27):  6659 6667 6693 6699 6712 6722 6726 6729 6749 6757 6776 6777 6802 6825 6844 6852 6871 6881 6898 6918 6937 6972 7401 7407 7422 7722 7947
LI (57):  5 272 273 275 413 415 416 417 418 419 420 421 422 423 425 426 427 428 5692 5698 5722 5724 5747 5770 5773 5782 5788 5805 5823 5825 5928 5939 5947 5949 5955 5997 6000 6031 6077 6079 6127 6199 6220 6222 6223 6425 6588 6592 6656 6692 6711 6724 6740 6970 7400 7721 7946
NODE_NUM = 100
FILE aes_sub_65.aig

# Subcircuit 66
SUB_ID 66
LO (40):  6945 6954 6958 6973 6981 6998 7007 7010 7011 7029 7037 7049 7062 7073 7085 7097 7109 7121 7133 7145 7158 7169 7181 7193 7206 7217 7230 7241 7253 7265 7278 7289 7302 7313 7326 7341 7355 7370 7437 7749
LI (68):  5 274 398 399 430 431 432 433 435 436 437 438 439 440 441 442 443 444 445 446 447 448 449 450 451 452 453 454 455 456 457 458 459 460 461 462 3773 4156 4335 5309 5488 5667 5698 5770 5827 5853 5950 5958 6004 6008 6015 6164 6209 6332 6379 6996 7005 7006 7008 7009 7060 7152 7200 7224 7272 7296 7320 7329
NODE_NUM = 98
FILE aes_sub_66.aig

# Subcircuit 67
SUB_ID 67
LO (28):  7386 7400 7415 7430 7445 7454 7464 7467 7472 7476 7481 7485 7490 7499 7508 7512 7517 7526 7536 7545 7554 7563 7572 7580 7590 7830 7836 7852
LI (53):  5 286 291 296 311 326 331 336 351 413 414 463 464 465 466 467 468 469 470 471 472 473 474 475 476 477 478 479 480 481 482 483 484 485 486 487 488 489 490 3773 3874 3977 4064 4156 4335 6650 7374 7462 7530 7566 7589 7829 7835
NODE_NUM = 100
FILE aes_sub_67.aig

# Subcircuit 68
SUB_ID 68
LO (17):  7589 7598 7607 7617 7626 7635 7644 7652 7662 7674 7686 7697 7704 7878 7902 7911 7932
LI (41):  5 366 371 376 391 396 399 401 404 411 413 491 492 493 494 495 496 497 498 499 500 501 502 503 504 505 506 507 508 5206 5309 5396 5488 5667 6332 6440 6650 7638 7877 7901 7910
NODE_NUM = 98
FILE aes_sub_68.aig

# Subcircuit 69
SUB_ID 69
LO (39):  7710 7721 7725 7733 7737 7745 7757 7764 7770 7775 7781 7787 7793 7799 7805 7812 7818 7823 7829 7835 7842 7848 7854 7860 7866 7871 7877 7883 7890 7896 7901 7910 7919 7928 7938 7946 7955 7964 7973
LI (65):  5 321 341 414 421 426 509 510 511 512 513 514 515 516 517 518 519 520 521 522 523 524 525 526 527 528 529 530 531 532 533 534 535 536 537 538 539 540 541 542 543 544 545 546 547 548 549 550 551 552 553 554 2336 3668 3773 4156 4246 5000 5105 5488 5578 7704 7768 7852 7932
NODE_NUM = 100
FILE aes_sub_69.aig

# Subcircuit 70
SUB_ID 70
LO (50):  7978 7980 7985 7986 7987 7990 7993 7994 7995 7996 7999 8000 8002 8003 8005 8006 8007 8008 8009 8010 8012 8013 8018 8029 8031 8032 8033 8035 8036 8290 8301 8303 8304 8305 8419 8420 8423 8425 8541 8543 10710 11327 11748 11757 12039 12162 12452 12475 12504 12958
LI (7):  583 584 7979 7983 7989 7992 7998
NODE_NUM = 73
FILE aes_sub_70.aig

# Subcircuit 71
SUB_ID 71
LO (81):  7979 7981 7983 7989 7991 7992 7998 8014 8016 8017 8019 8021 8022 8024 8025 8026 8038 8039 8040 8041 8042 8043 8045 8046 8047 8059 8060 8065 8066 8067 8075 8079 8080 8081 8109 8113 8114 8115 8128 8130 8131 8137 8138 8200 8201 8209 8229 8230 8231 8236 8237 8238 8292 8293 8294 8312 8313 8315 8316 8317 8326 8327 8328 8334 8335 8371 8372 8373 8404 8405 8406 8561 10724 11751 12075 12172 12187 12497 12950 12960 12969
LI (14):  579 580 585 586 7982 7999 8002 8006 8008 8012 8013 8015 8018 8036
NODE_NUM = 92
FILE aes_sub_71.aig

# Subcircuit 72
SUB_ID 72
LO (42):  7982 8015 8091 8092 8097 8098 8100 8101 8102 8104 8105 8143 8144 8145 8146 8147 8151 8153 8154 8155 8158 8160 8364 8365 8366 8368 8414 8415 8416 8449 8551 10696 10712 11341 11389 11697 11763 12126 12177 12451 12919 12933
LI (18):  581 582 7990 7994 8000 8003 8006 8008 8013 8014 8018 8022 8024 8048 8050 8074 8090 8141
NODE_NUM = 64
FILE aes_sub_72.aig

# Subcircuit 73
SUB_ID 73
LO (45):  8048 8049 8056 8061 8074 8141 8165 8202 8204 8206 8257 8259 8295 8297 8298 8308 8310 8314 8350 8352 8353 8374 8376 8429 8452 8454 8458 8481 8482 8527 8534 8535 8539 8540 8547 8550 10699 10703 10733 11392 12052 12446 12471 12487 12911
LI (79):  7978 7983 7992 8016 8021 8038 8040 8047 8051 8055 8060 8062 8071 8075 8109 8111 8115 8123 8128 8140 8143 8160 8161 8163 8164 8166 8175 8178 8191 8198 8201 8203 8209 8220 8241 8256 8258 8260 8263 8271 8291 8294 8296 8305 8309 8313 8321 8337 8346 8349 8351 8369 8373 8375 8384 8400 8418 8425 8428 8430 8435 8439 8451 8453 8457 8465 8475 8477 8478 8480 8498 8514 8521 8524 8526 8538 8541 8546 8548
NODE_NUM = 100
FILE aes_sub_73.aig

# Subcircuit 74
SUB_ID 74
LO (27):  8050 8051 8062 8111 8166 8203 8258 8296 8309 8351 8375 8430 8453 8480 8526 8566 8567 8627 10683 10684 10773 11059 11408 11417 11708 11773 12959
LI (74):  396 401 406 587 7983 7985 7992 8016 8021 8029 8040 8046 8075 8087 8109 8127 8128 8161 8178 8196 8209 8220 8222 8260 8281 8312 8327 8371 8372 8389 8396 8423 8435 8439 8523 8534 8556 8563 8568 8572 8582 8583 8587 8600 8607 8610 8611 8617 8619 10674 10679 10687 10701 10717 10738 10741 10743 10748 10750 10768 11050 11055 11322 11347 11357 11374 11376 11377 11383 11385 11403 11413 11703 11706
NODE_NUM = 100
FILE aes_sub_74.aig

# Subcircuit 75
SUB_ID 75
LO (14):  8055 11383 12980 12989 28178 28655 28658 28673 28694 28712 28715 28730 28775 29204
LI (43):  268 316 321 331 336 351 391 431 587 7980 8040 8049 8054 8227 8534 8627 10773 11382 11408 11781 12109 12906 12909 12911 12913 12914 12924 12978 12985 28169 28174 28643 28651 28661 28669 28700 28708 28718 28726 28766 28771 29195 29200
NODE_NUM = 97
FILE aes_sub_75.aig

# Subcircuit 76
SUB_ID 76
LO (16):  8054 8071 8546 10717 11781 11790 12109 12118 12176 28103 28124 28745 29294 30053 30056 30059
LI (62):  291 296 301 341 371 376 411 416 587 7986 7994 8040 8041 8042 8045 8067 8069 8224 8228 8229 8238 8395 8534 8543 10705 10706 10716 11693 11718 11730 11740 11742 11746 11753 11755 11759 11776 11786 12037 12041 12042 12046 12059 12084 12089 12092 12093 12103 12107 12114 12162 12167 12175 12195 28094 28099 28115 28120 28733 28741 29285 29290
NODE_NUM = 100
FILE aes_sub_76.aig

# Subcircuit 77
SUB_ID 77
LO (18):  8069 8090 8514 10701 10738 10768 11385 11403 11718 11740 12084 12195 12437 12512 28142 28760 29312 30062
LI (70):  306 346 381 421 587 7990 7994 8003 8040 8049 8075 8080 8081 8084 8088 8089 8100 8122 8230 8399 8404 8494 8506 8508 8512 8534 10690 10691 10700 10723 10726 10728 10737 10760 10762 10766 11395 11398 11400 11696 11699 11716 11732 11739 12065 12072 12083 12135 12145 12161 12176 12177 12181 12189 12428 12433 12449 12460 12463 12464 12468 12477 12508 12512 28133 28138 28748 28756 29303 29308
NODE_NUM = 99
FILE aes_sub_77.aig

# Subcircuit 78
SUB_ID 78
LO (32):  8084 8087 8088 8122 8123 8127 8133 8140 8192 8195 8196 8198 8337 8556 8582 8583 8607 10716 10728 10760 11374 11376 11397 11400 11776 12059 12072 12189 12449 12477 12508 12978
LI (72):  7980 7986 8000 8019 8031 8033 8075 8109 8113 8128 8131 8139 8200 8204 8308 8310 8317 8319 8324 8326 8328 8336 8408 8427 8449 8539 8540 8547 8550 8551 8576 8581 8604 8606 10710 10711 10712 10756 11358 11365 11373 11375 11768 11774 12050 12052 12058 12067 12071 12188 12439 12441 12447 12473 12475 12493 12495 12497 12499 12506 12929 12931 12934 12936 12939 12940 12948 12949 12951 12953 12962 12975
NODE_NUM = 100
FILE aes_sub_78.aig

# Subcircuit 79
SUB_ID 79
LO (35):  8139 8161 8163 8164 8175 8244 8254 8256 8408 8418 8563 8572 8604 8617 10700 10711 11323 11347 11350 11357 11398 11716 11730 11742 12058 12071 12086 12098 12125 12129 12142 12161 12460 12918 12951
LI (70):  7980 7986 7990 7994 8000 8003 8006 8008 8013 8018 8022 8024 8031 8033 8039 8128 8133 8137 8138 8144 8146 8147 8151 8154 8155 8165 8166 8195 8202 8206 8269 8366 8406 8417 8506 8527 8557 8562 8570 8603 8615 10696 10699 10710 11325 11329 11333 11334 11339 11344 11349 11351 11355 11397 11708 11712 11720 11721 11723 11727 11728 11741 12070 12147 12153 12160 12453 12457 12459 12950
NODE_NUM = 100
FILE aes_sub_79.aig

# Subcircuit 80
SUB_ID 80
LO (33):  8178 8191 8211 8212 8213 8214 8215 8217 8224 8233 8234 8235 8241 8417 8506 8600 10690 10723 10743 11337 11349 11365 11739 11755 11768 12041 12083 12089 12090 12135 12153 12459 12975
LI (50):  7980 7981 7986 7990 7994 8000 8003 8006 8008 8018 8022 8024 8031 8033 8091 8209 8223 8232 8238 8416 8452 8453 8454 8459 8462 8482 8517 8524 8551 8592 8595 10691 10720 10721 11362 11764 11766 12038 12039 12076 12079 12086 12088 12120 12124 12131 12150 12966 12970 12972
NODE_NUM = 100
FILE aes_sub_80.aig

# Subcircuit 81
SUB_ID 81
LO (34):  8220 8222 8223 8227 8228 8232 8271 8384 8389 8395 8396 8399 8400 8508 8557 8610 8619 10741 11325 11333 11355 11706 11720 11721 11741 12042 12050 12103 12124 12175 12457 12493 12913 12948
LI (47):  7980 7981 7986 7990 7994 7995 8000 8003 8006 8008 8013 8018 8022 8024 8031 8033 8040 8042 8144 8213 8214 8217 8231 8232 8244 8257 8259 8267 8270 8304 8344 8345 8376 8497 8536 8608 10691 11331 11354 11719 12049 12099 12123 12172 12456 12484 12492
NODE_NUM = 78
FILE aes_sub_81.aig

# Subcircuit 82
SUB_ID 82
LO (48):  8260 8263 8267 8269 8270 8281 8291 8319 8320 8321 8324 8336 8344 8345 8346 8349 8427 8428 8512 8568 8570 8587 8615 10687 10748 10750 10756 11334 11339 11351 11354 11377 11703 11712 11753 12046 12049 12099 12123 12131 12145 12441 12492 12495 12506 12909 12924 12939
LI (53):  7980 7986 7990 7991 7994 8000 8003 8006 8008 8013 8016 8017 8018 8022 8024 8025 8031 8033 8109 8144 8244 8290 8294 8316 8317 8334 8335 8350 8351 8352 8364 8429 8536 8566 10684 10685 10755 11337 11748 11751 12038 12045 12098 12127 12129 12140 12142 12487 12502 12504 12907 12920 12938
NODE_NUM = 100
FILE aes_sub_82.aig

# Subcircuit 83
SUB_ID 83
LO (40):  8369 8435 8451 8457 8459 8462 8465 8517 8521 8523 8524 8548 8592 8595 8603 10705 10720 10721 10737 11329 11344 11358 11362 11696 11699 12045 12065 12079 12120 12140 12150 12181 12439 12447 12453 12468 12929 12931 12966 12972
LI (55):  7980 7986 7990 7991 7994 8000 8003 8006 8008 8013 8018 8022 8024 8031 8033 8091 8145 8153 8154 8155 8305 8365 8368 8440 8441 8444 8445 8449 8450 8458 8475 8476 8478 8484 8489 8521 8527 8548 10685 10703 10719 10734 11323 11327 11341 11697 11719 12039 12064 12136 12137 12180 12446 12451 12452
NODE_NUM = 89
FILE aes_sub_83.aig

# Subcircuit 84
SUB_ID 84
LO (62):  8439 8440 8441 8444 8445 8475 8476 8477 8478 8484 8489 8494 8497 8498 8536 8538 8562 8576 8581 8606 8611 8628 8630 8634 8635 8636 8637 8638 8640 8644 8649 8652 8663 8668 8679 8681 8682 8683 8684 8685 8686 9069 9070 9071 9193 10691 10719 10734 11064 11395 11764 11766 11774 12076 12088 12180 12463 12464 12527 12907 12940 12970
LI (53):  575 576 7980 7986 7990 7994 8000 8003 8006 8008 8013 8018 8022 8024 8031 8033 8039 8079 8081 8091 8092 8097 8098 8101 8102 8104 8105 8201 8212 8230 8235 8237 8293 8314 8353 8368 8415 8420 8481 8497 8535 8561 8629 8633 8639 10733 11389 11391 11392 11763 11773 12075 12969
NODE_NUM = 95
FILE aes_sub_84.aig

# Subcircuit 85
SUB_ID 85
LO (65):  8629 8631 8633 8639 8641 8642 8643 8645 8646 8647 8648 8650 8653 8654 8655 8656 8657 8664 8671 8672 8674 8689 8690 8691 8695 8696 8698 8699 8710 8711 8718 8720 8859 8862 8884 8885 8886 8934 8935 8936 8937 8943 8944 8945 9021 9022 9023 9024 9157 9158 9159 9258 10796 10852 11105 11108 11119 11122 11443 11479 11845 12240 12558 12576 12579
LI (11):  571 572 577 578 8628 8632 8638 8640 8644 8649 8652
NODE_NUM = 76
FILE aes_sub_85.aig

# Subcircuit 86
SUB_ID 86
LO (73):  8632 8658 8659 8665 8666 8667 8669 8670 8673 8675 8676 8692 8693 8715 8716 8724 8725 8726 8729 8730 8731 8741 8742 8743 8750 8751 8752 8794 8795 8796 8797 8798 8799 8807 8828 8829 8830 8838 8870 8871 8872 8873 8961 8962 8963 8984 9015 9016 9017 9028 9030 9032 9037 9055 9061 9062 9063 9064 9072 9073 9074 9076 9098 9099 11098 11421 11846 12235 12554 12570 12762 12781 12812
LI (22):  573 574 8631 8635 8642 8644 8647 8648 8655 8657 8663 8664 8668 8672 8674 8686 8690 8691 8696 8706 8714 8720
NODE_NUM = 87
FILE aes_sub_86.aig

# Subcircuit 87
SUB_ID 87
LO (51):  8701 8706 8712 8714 8754 8755 8761 8816 8817 8853 8854 8856 8908 8909 8926 8946 8947 8948 8959 8960 8964 9001 9002 9013 9014 9025 9026 9053 9080 9103 9104 9108 9118 9130 9131 9132 9149 9176 9177 9179 9190 9256 10789 10793 10823 11129 11805 12521 12546 12562 12753
LI (77):  8633 8635 8642 8666 8671 8690 8699 8705 8710 8711 8724 8725 8740 8742 8749 8752 8753 8759 8760 8765 8773 8778 8790 8795 8810 8811 8814 8815 8825 8828 8841 8848 8851 8852 8859 8870 8891 8906 8907 8910 8913 8921 8941 8944 8945 8955 8958 8963 8971 8987 8996 8999 9000 9011 9012 9017 9023 9024 9034 9050 9068 9075 9078 9079 9085 9089 9101 9102 9107 9115 9125 9128 9129 9148 9171 9174 9175
NODE_NUM = 96
FILE aes_sub_87.aig

# Subcircuit 88
SUB_ID 88
LO (15):  8705 11145 11322 12823 12906 28043 28064 28082 28094 28115 28169 28643 28661 28700 28718
LI (45):  356 361 366 587 8627 8630 8690 8699 8704 8877 9184 9277 10773 10863 11084 11094 11111 11117 11119 11123 11140 11316 11319 11408 11505 11862 12422 12752 12754 12756 12757 12767 12821 12903 28028 28039 28049 28060 28070 28078 28088 28109 28166 28640 28697
NODE_NUM = 100
FILE aes_sub_88.aig

# Subcircuit 89
SUB_ID 89
LO (22):  8704 8727 8736 8740 9277 10674 10863 11050 11111 11457 11505 11693 11862 12037 28133 28733 29195 29258 29276 29948 29957 29960
LI (62):  291 296 331 336 525 587 8636 8640 8690 8695 8725 8726 8730 8731 8735 8737 8772 8878 8879 9099 9184 9189 9192 9193 9204 9275 10671 10792 10807 10813 10816 10818 10827 10859 11047 11095 11102 11110 11442 11454 11456 11470 11477 11479 11483 11500 11690 11794 11795 11799 11860 12034 12272 12734 28127 28694 28715 29192 29246 29254 29264 29272
NODE_NUM = 100
FILE aes_sub_89.aig

# Subcircuit 90
SUB_ID 90
LO (18):  8735 8737 9275 10792 11140 11442 11860 12272 12428 12749 28160 28166 28748 28766 29285 29303 29963 29966
LI (62):  341 386 426 532 587 8630 8650 8653 8725 8726 8850 9049 9054 9144 9184 9225 9226 9231 9239 9250 9273 10668 10778 10780 10781 10790 11132 11135 11137 11420 11423 11440 11812 11813 11818 11825 11836 11858 12212 12222 12238 12253 12254 12258 12266 12425 12512 12524 12535 12538 12539 12543 12552 12583 12737 12745 12900 28145 28156 28163 29282 29300
NODE_NUM = 100
FILE aes_sub_90.aig

# Subcircuit 91
SUB_ID 91
LO (47):  8749 8753 8759 8760 8764 8765 8769 8770 8771 8772 8773 8971 8973 8977 8979 8987 9068 9141 9142 9144 9146 9147 9148 9204 9225 9226 9231 9237 10775 10780 10807 10848 11112 11114 11126 11127 11132 11494 11500 11823 11836 12260 12535 12549 12569 12811 12821
LI (59):  8630 8636 8640 8644 8650 8653 8656 8658 8663 8665 8668 8672 8674 8681 8683 8689 8698 8731 8742 8743 8748 8751 8798 8986 9060 9063 9064 9098 9135 9138 9140 9143 9200 9202 9209 9211 9224 9229 10779 10799 10800 10801 10803 11087 11128 11129 11486 11491 11499 11828 11835 12215 12525 12527 12532 12534 12774 12778 12820
NODE_NUM = 99
FILE aes_sub_91.aig

# Subcircuit 92
SUB_ID 92
LO (30):  8778 8790 8848 8850 8851 8852 8958 9054 9060 9202 9211 9224 9239 10816 10818 10859 11135 11137 11454 11499 11825 11828 12222 12238 12266 12524 12525 12538 12583 12820
LI (69):  8630 8636 8640 8641 8644 8650 8653 8656 8658 8663 8665 8668 8670 8672 8674 8681 8683 8698 8725 8736 8737 8781 8789 8853 8856 8961 8973 8977 9055 9058 9136 9177 9190 9215 9223 9235 9237 10843 10846 10848 10857 11444 11445 11447 11452 11494 11498 11821 11823 12221 12224 12230 12237 12262 12514 12516 12522 12536 12568 12571 12572 12581 12792 12794 12796 12801 12803 12805 12818
NODE_NUM = 100
FILE aes_sub_92.aig

# Subcircuit 93
SUB_ID 93
LO (44):  8810 8811 8813 8814 8815 8822 8825 8893 8894 8896 8899 8902 8906 9005 9006 9009 9011 9012 9209 9221 9222 9273 10790 10799 10801 11060 11072 11084 11087 11094 11423 11434 11437 11450 11470 11808 11851 11858 12203 12215 12221 12522 12532 12761
LI (64):  8630 8636 8640 8644 8650 8653 8656 8658 8663 8668 8672 8674 8681 8683 8689 8698 8794 8795 8796 8798 8799 8807 8808 8809 8833 8898 8901 8903 8904 8955 8979 9007 9013 9015 9016 9125 9156 9171 9207 9220 9252 9256 9272 10785 10789 10793 10798 11067 11070 11077 11079 11086 11088 11092 11421 11464 11465 11468 11841 11857 12217 12218 12521 12530
NODE_NUM = 100
FILE aes_sub_93.aig

# Subcircuit 94
SUB_ID 94
LO (26):  8833 8841 8891 9034 9156 9184 9250 9272 10779 10813 10843 11077 11086 11092 11102 11440 11464 11794 11835 11857 12212 12230 12237 12534 12552 12818
LI (84):  8640 8650 8653 8656 8681 8683 8706 8828 8829 8830 8838 8840 8859 8862 8867 8874 8881 8890 8926 8995 9026 9030 9031 9032 9039 9053 9061 9062 9102 9103 9104 9118 9132 9147 9149 9152 9153 9154 9163 9167 9174 9179 9242 9243 9245 9246 9247 9258 9263 9271 10781 10810 10811 10831 10832 10842 11073 11075 11086 11091 11100 11428 11429 11439 11457 11459 11460 11791 11792 11832 11849 11852 11854 12197 12198 12200 12201 12208 12227 12236 12546 12551 12809 12817
NODE_NUM = 100
FILE aes_sub_94.aig

# Subcircuit 95
SUB_ID 95
LO (51):  8867 8874 8877 8878 8879 8881 8890 8907 8910 8911 8912 8913 8915 8916 8918 8919 8920 8921 8991 8992 8993 8995 8996 9000 9031 9036 9049 9050 9189 9207 9271 10798 10829 10837 10842 10857 11067 11070 11075 11091 11468 11795 11854 12200 12253 12564 12568 12752 12756 12764 12792
LI (61):  8630 8636 8640 8641 8644 8656 8658 8663 8668 8681 8683 8690 8698 8720 8794 8859 8862 8870 8872 8873 8881 8885 8886 8889 8908 8909 8917 8954 8994 8996 9021 9028 9040 9042 9157 9185 9187 9267 10781 10796 10838 10840 10852 10856 11060 11066 11068 11467 12245 12246 12248 12249 12530 12554 12559 12567 12751 12755 12786 12788 12789
NODE_NUM = 99
FILE aes_sub_95.aig

# Subcircuit 96
SUB_ID 96
LO (42):  8941 8954 8955 8986 8999 9007 9039 9040 9042 9163 9192 9220 9223 9267 10778 10800 10830 10838 10846 11068 11073 11088 11110 11123 11428 11452 11477 11792 11799 11812 11852 12218 12224 12514 12516 12567 12581 12751 12757 12786 12789 12801
LI (78):  8630 8633 8636 8642 8643 8650 8653 8656 8658 8666 8672 8673 8674 8675 8681 8683 8693 8712 8715 8854 8870 8894 8910 8911 8915 8916 8932 8936 8937 8940 8944 8948 8984 8985 8986 8991 9000 9005 9006 9014 9026 9036 9037 9041 9070 9077 9079 9159 9190 9217 9222 9266 10774 10775 10837 10845 11072 11105 11109 11122 11426 11450 11472 11475 11476 11791 11798 11807 11810 11851 12513 12562 12564 12577 12579 12781 12785 12799
NODE_NUM = 100
FILE aes_sub_96.aig

# Subcircuit 97
SUB_ID 97
LO (42):  9075 9077 9078 9079 9085 9101 9107 9115 9167 9171 9174 9175 9200 9217 9235 9242 9245 10803 10810 10811 10827 10845 11066 11095 11100 11117 11420 11491 11791 11798 11818 11832 12197 12217 12227 12258 12513 12543 12754 12774 12809 12817
LI (58):  8630 8636 8640 8641 8644 8650 8653 8656 8658 8663 8666 8668 8669 8672 8674 8676 8681 8683 8698 8741 8771 8943 9011 9071 9074 9076 9090 9091 9094 9095 9099 9100 9108 9126 9128 9134 9139 9154 9176 9177 9199 9234 10775 10809 10824 11060 11064 11098 11112 11116 11443 11490 11817 12213 12215 12257 12753 12813
NODE_NUM = 85
FILE aes_sub_97.aig

# Subcircuit 98
SUB_ID 98
LO (72):  9089 9090 9091 9094 9095 9102 9125 9126 9128 9129 9134 9135 9136 9138 9139 9140 9153 9154 9185 9199 9215 9229 9234 9252 9263 9266 9278 9280 9284 9286 9287 9288 9289 9290 9292 9293 9294 9295 9297 9298 9303 9309 9323 9324 9327 9330 9350 9352 9366 9611 9613 9614 9615 9728 9816 9818 9819 9820 9912 10587 10644 10781 10930 10938 11199 11486 11490 11498 11841 12257 12536 12785
LI (44):  565 566 8630 8636 8640 8644 8650 8653 8656 8658 8663 8668 8672 8674 8679 8681 8683 8689 8698 8737 8741 8755 8797 8813 8817 8828 8893 8896 8919 8943 8946 8959 8962 8964 9070 9073 9080 9131 9279 9283 9285 9296 11496 12784
NODE_NUM = 86
FILE aes_sub_98.aig

# Subcircuit 99
SUB_ID 99
LO (72):  9279 9281 9283 9285 9296 9299 9300 9301 9302 9304 9305 9307 9308 9311 9313 9314 9315 9317 9318 9319 9325 9338 9346 9347 9348 9349 9357 9358 9359 9376 9377 9404 9408 9416 9417 9427 9431 9432 9433 9511 9512 9513 9518 9519 9520 9521 9536 9610 9633 9636 9637 9709 9732 9770 9772 9773 9774 9776 9777 9778 9791 9792 9793 9795 9866 9898 10603 10635 11146 11196 11198 11863
LI (13):  563 564 567 568 9282 9289 9292 9295 9297 9298 9303 9306 9309
NODE_NUM = 79
FILE aes_sub_99.aig

# Subcircuit 100
SUB_ID 100
LO (65):  9282 9306 9393 9394 9396 9398 9399 9400 9401 9445 9448 9449 9450 9452 9453 9458 9479 9542 9543 9545 9550 9551 9552 9554 9555 9556 9569 9649 9650 9651 9664 9667 9669 9680 9681 9684 9686 9688 9691 9692 9693 9695 9696 9697 9699 9706 9759 9761 9811 9847 9855 9902 10577 10595 10875 10922 11172 11217 11510 11535 11576 11881 12301 12328 12615
LI (17):  569 570 9290 9297 9300 9304 9309 9314 9324 9327 9330 9332 9375 9376 9392 9409 9443
NODE_NUM = 85
FILE aes_sub_100.aig

# Subcircuit 101
SUB_ID 101
LO (25):  9326 9329 9375 9389 9390 9392 9794 11690 12034 12422 12425 12734 12737 12900 12903 28109 28127 28145 28697 29246 29264 29282 29300 29861 29867
LI (43):  371 381 9290 9313 9315 9318 9319 9324 9325 9328 9334 9335 9374 9384 9387 9388 9778 9788 9834 10665 11531 11542 11552 11555 11557 11588 11687 11933 12025 12028 12288 12296 12313 12315 12317 12326 12341 12419 12422 12659 12731 12897 29243
NODE_NUM = 100
FILE aes_sub_101.aig

# Subcircuit 102
SUB_ID 102
LO (22):  9328 9834 9924 10665 10668 10671 10948 11047 11226 11316 11319 11595 11687 11933 12317 12659 28028 28049 28163 28640 29192 29210
LI (38):  9325 9327 9334 9578 9623 9705 9768 9783 9784 9785 9789 9797 9830 9923 10575 10600 10618 10621 10622 10632 10661 10947 11038 11041 11153 11155 11167 11224 11313 11684 11932 12599 12608 12625 12639 12646 12647 12652
NODE_NUM = 87
FILE aes_sub_102.aig

# Subcircuit 103
SUB_ID 103
LO (50):  9332 9333 9334 9340 9341 9374 9422 9423 9424 9443 9501 9502 9503 9508 9533 9535 9578 9579 9580 9581 9585 9601 9602 9603 9628 9629 9630 9631 9645 9646 9648 9705 9713 9722 9768 9815 9817 9821 9825 9826 9827 9923 10576 10878 11153 11557 11873 11932 12590 12625
LI (72):  9283 9294 9299 9307 9315 9323 9325 9329 9330 9333 9338 9344 9346 9355 9359 9373 9377 9418 9421 9427 9442 9445 9461 9472 9478 9480 9493 9500 9506 9525 9532 9538 9558 9575 9584 9592 9600 9606 9624 9627 9638 9644 9655 9671 9703 9712 9714 9718 9721 9726 9734 9767 9792 9794 9816 9820 9852 9870 9896 9905 9911 9914 9916 11146 11152 11170 11863 11871 11931 12617 12620 12622
NODE_NUM = 99
FILE aes_sub_103.aig

# Subcircuit 104
SUB_ID 104
LO (20):  9344 9355 9373 9532 9911 10600 10618 10947 11224 11531 11542 11555 11898 11931 12296 12313 12326 12341 12599 12622
LI (89):  9287 9324 9327 9338 9340 9341 9346 9348 9349 9350 9352 9358 9359 9372 9404 9508 9512 9516 9527 9528 9535 9537 9538 9627 9628 9636 9721 9864 9907 9908 10578 10580 10583 10585 10587 10589 10597 10601 10603 10614 10617 10867 10880 10884 10886 10892 10898 10899 10904 10913 10944 11179 11188 11189 11192 11194 11201 11203 11207 11221 11508 11514 11516 11520 11528 11532 11536 11540 11884 11893 11897 11910 11914 11917 11919 11927 12290 12294 12305 12308 12309 12322 12324 12328 12333 12340 12589 12590 12597
NODE_NUM = 100
FILE aes_sub_104.aig

# Subcircuit 105
SUB_ID 105
LO (54):  9368 9372 9381 9383 9384 9385 9387 9438 9440 9442 9465 9467 9475 9478 9490 9491 9493 9546 9575 9595 9596 9600 9617 9623 9624 9661 9671 9675 9679 9703 9710 9712 9729 9734 9787 9789 9800 9830 9848 9852 9870 9896 9899 9905 9907 10583 10597 10614 10617 10648 11583 11874 12275 12609
LI (90):  9278 9283 9299 9307 9315 9325 9338 9346 9367 9371 9377 9380 9382 9386 9394 9398 9427 9434 9437 9439 9460 9461 9464 9466 9471 9472 9474 9480 9485 9488 9489 9504 9514 9542 9545 9547 9556 9558 9563 9569 9574 9594 9598 9599 9616 9618 9620 9622 9659 9660 9670 9673 9678 9686 9702 9708 9709 9728 9733 9769 9788 9793 9801 9805 9813 9829 9835 9840 9841 9845 9847 9861 9864 9867 9871 9876 9883 9895 9897 9898 9904 9906 10581 10593 10595 10612 10613 10635 10639 10647
NODE_NUM = 100
FILE aes_sub_105.aig

# Subcircuit 106
SUB_ID 106
LO (31):  9367 9371 9380 9382 9386 9388 9418 9421 9514 9516 9525 9582 9584 9841 9914 10621 10622 10631 10647 10944 11167 11188 11520 11588 11893 11897 11910 12288 12340 12639 12646
LI (78):  9280 9286 9298 9315 9327 9338 9347 9348 9350 9352 9366 9377 9399 9404 9416 9417 9429 9435 9440 9511 9513 9524 9536 9583 9591 9613 9630 9721 9782 9791 9792 9816 9826 9866 9899 9912 10619 10629 10642 10644 10916 10920 10928 10932 10934 10939 10942 11159 11161 11165 11180 11187 11518 11563 11564 11568 11569 11573 11579 11580 11585 11886 11887 11896 11898 11900 11908 11909 12274 12277 12284 12337 12632 12634 12636 12641 12643 12645
NODE_NUM = 100
FILE aes_sub_106.aig

# Subcircuit 107
SUB_ID 107
LO (52):  9409 9429 9434 9435 9437 9439 9454 9455 9460 9618 9620 9622 9652 9655 9708 9733 9769 9783 9801 9803 9805 9840 9867 9883 10601 10612 10613 10639 10661 10867 10892 10904 10913 11152 11201 11219 11508 11552 11569 11580 11871 11884 11904 11914 12274 12290 12315 12337 12608 12617 12632 12647
LI (80):  9280 9286 9290 9292 9307 9308 9311 9350 9352 9357 9366 9387 9388 9394 9404 9408 9417 9427 9432 9433 9440 9452 9453 9458 9485 9494 9626 9644 9649 9651 9706 9732 9770 9773 9774 9776 9782 9800 9822 9839 9848 9866 9878 9880 9882 10606 10608 10609 10638 10648 10650 10659 10865 10866 10872 10891 10902 10909 10910 11151 11196 11200 11506 11535 11544 11551 11867 11869 11879 11882 11913 12314 12335 12601 12605 12607 12609 12616 12627 12631
NODE_NUM = 100
FILE aes_sub_107.aig

# Subcircuit 108
SUB_ID 108
LO (45):  9461 9464 9466 9471 9472 9474 9494 9495 9497 9500 9504 9505 9506 9644 9716 9718 9726 9746 9747 9748 9767 9813 9845 9861 9864 10593 10608 10653 10659 10865 10891 10898 10902 10928 11159 11179 11514 11534 11540 11579 11911 11927 12284 12616 12634
LI (58):  9280 9281 9286 9290 9292 9297 9300 9304 9305 9309 9324 9327 9350 9352 9366 9393 9455 9458 9467 9502 9505 9547 9551 9638 9645 9646 9698 9717 9718 9724 9744 9749 9750 9766 9808 9812 9857 9858 10592 10603 10606 10609 10655 10656 10897 10922 10927 11171 11172 11177 11512 11538 11576 11926 12279 12281 12613 12615
NODE_NUM = 100
FILE aes_sub_108.aig

# Subcircuit 109
SUB_ID 109
LO (51):  9480 9485 9488 9489 9524 9527 9528 9537 9538 9547 9583 9591 9592 9698 9700 9701 9702 9714 9721 9724 9762 9763 9764 9766 9895 10585 10650 10872 10880 10897 10910 10916 10927 11161 11170 11171 11177 11187 11516 11528 11532 11538 11551 11926 12305 12308 12322 12324 12601 12607 12620
LI (61):  9280 9286 9290 9292 9297 9300 9305 9309 9324 9327 9346 9350 9352 9366 9377 9408 9479 9491 9493 9513 9519 9520 9521 9536 9542 9562 9566 9579 9580 9581 9596 9597 9606 9673 9694 9697 9699 9710 9713 9722 9757 9765 9853 9855 9886 9890 10869 10871 10879 10896 10926 11176 11184 11524 11534 11925 12299 12302 12306 12320 12619
NODE_NUM = 100
FILE aes_sub_109.aig

# Subcircuit 110
SUB_ID 110
LO (52):  9558 9562 9563 9566 9574 9594 9597 9598 9599 9606 9616 9626 9627 9638 9673 9678 9694 9757 9857 9858 9876 9886 9890 9897 9908 10581 10632 10656 10871 10884 10886 10896 10920 10926 11151 11176 11184 11221 11506 11524 11867 11869 11879 11908 11913 11917 12281 12299 12302 12589 12605 12619
LI (72):  9280 9281 9286 9290 9292 9294 9297 9300 9304 9307 9308 9309 9324 9327 9338 9347 9350 9352 9366 9417 9479 9520 9552 9554 9555 9569 9572 9595 9601 9603 9610 9611 9615 9633 9637 9648 9671 9675 9680 9681 9688 9692 9693 9696 9697 9722 9746 9759 9761 9854 9855 9875 9902 10577 10627 10631 10883 10918 11146 11210 11212 11220 11523 11863 11875 11876 11905 11912 11915 12297 12301 12604
NODE_NUM = 96
FILE aes_sub_110.aig

# Subcircuit 111
SUB_ID 111
LO (67):  9659 9660 9670 9717 9749 9750 9765 9782 9784 9785 9788 9797 9808 9812 9822 9829 9835 9839 9853 9854 9871 9875 9878 9880 9904 9906 9916 9925 9927 9931 9932 9933 9934 9935 9946 9949 9978 9979 9980 9981 9982 10578 10580 10609 10619 10638 10642 10655 10869 10879 10909 10932 10939 10953 11180 11192 11210 11512 11544 11568 11585 11876 11896 11900 12294 12597 12643
LI (82):  555 556 9280 9286 9292 9295 9302 9317 9324 9325 9326 9327 9350 9352 9366 9383 9388 9390 9396 9398 9400 9401 9408 9422 9424 9427 9449 9450 9453 9458 9472 9494 9501 9518 9533 9536 9543 9550 9615 9617 9648 9664 9667 9669 9691 9698 9714 9718 9728 9746 9747 9748 9761 9764 9777 9778 9787 9793 9794 9795 9797 9811 9820 9821 9827 9845 9902 9926 9930 10576 10577 10653 10876 10878 10908 10930 10938 11510 11567 11583 12292 12596
NODE_NUM = 96
FILE aes_sub_111.aig

# Subcircuit 112
SUB_ID 112
LO (82):  9926 9928 9930 9936 9937 9938 9939 9940 9941 9942 9943 9944 9945 9947 9948 9953 9954 9955 9957 9960 9961 9968 9969 9976 9986 9987 9990 9991 9992 9993 9994 9995 9996 9997 10005 10008 10009 10010 10013 10017 10156 10157 10176 10177 10178 10180 10183 10184 10185 10231 10235 10236 10239 10241 10242 10318 10321 10322 10323 10366 10367 10368 10369 10454 10517 10952 11019 11022 11302 11655 11949 11963 11975 11986 12002 12362 12404 12700 12708 12866 12885 12889
LI (9):  557 558 559 560 9925 9929 9932 9935 9946
NODE_NUM = 89
FILE aes_sub_112.aig

# Subcircuit 113
SUB_ID 113
LO (67):  9929 9950 9951 9952 9962 9963 9964 9966 9967 9970 9972 9973 10006 10007 10021 10022 10023 10024 10025 10026 10031 10038 10039 10040 10044 10047 10048 10049 10091 10092 10094 10096 10097 10098 10104 10125 10126 10127 10131 10167 10204 10205 10206 10258 10259 10260 10281 10306 10307 10325 10326 10327 10328 10337 10358 10360 10370 10373 10395 10396 10502 11008 11248 11634 11672 12829 12879
LI (20):  561 562 9928 9937 9939 9944 9945 9948 9949 9957 9960 9961 9965 9969 9971 9983 10004 10005 10010 10018
NODE_NUM = 78
FILE aes_sub_113.aig

# Subcircuit 114
SUB_ID 114
LO (28):  9965 9977 9983 10012 10014 10018 10078 10181 10182 10193 10194 10271 10272 10288 10289 10293 10392 10393 10481 10482 10575 10959 11038 11229 11244 11274 11632 12377
LI (81):  9930 9936 9949 9976 9982 9987 10013 10017 10021 10055 10056 10071 10074 10075 10076 10086 10108 10155 10156 10172 10175 10179 10180 10185 10191 10192 10202 10207 10217 10219 10254 10269 10270 10274 10275 10283 10287 10292 10300 10316 10348 10355 10381 10382 10385 10386 10388 10390 10391 10396 10401 10405 10406 10411 10475 10478 10483 10487 10492 10508 10528 10535 10536 10540 10546 10547 10557 10560 10569 10957 10958 10963 10986 10993 10996 10997 11011 11034 11227 11228 11243
NODE_NUM = 100
FILE aes_sub_114.aig

# Subcircuit 115
SUB_ID 115
LO (38):  9971 10004 10071 10109 10111 10148 10153 10155 10254 10295 10296 10300 10319 10320 10348 10429 10470 10475 10478 10483 10492 10535 10546 10557 10955 10957 10963 10993 11034 11227 11304 11313 11604 11631 11966 12373 12827 12832
LI (86):  9930 9934 9949 9957 9968 9987 9992 9996 9997 10000 10002 10030 10056 10057 10061 10062 10070 10075 10107 10108 10110 10114 10122 10138 10145 10146 10150 10151 10156 10175 10207 10210 10237 10238 10241 10242 10252 10278 10282 10294 10299 10308 10318 10322 10323 10331 10347 10370 10382 10386 10422 10423 10428 10445 10461 10468 10469 10474 10481 10491 10534 10544 10553 10554 10952 10953 10962 10987 10992 11016 11021 11022 11032 11244 11246 11250 11255 11270 11271 11276 11281 11283 11292 11300 11303 11305
NODE_NUM = 100
FILE aes_sub_115.aig

# Subcircuit 116
SUB_ID 116
LO (17):  10000 10002 10508 11681 11684 12025 12028 12731 12897 28070 28088 28688 29243 29330 29765 29771 29774
LI (56):  311 411 421 426 587 9927 9933 9987 9994 9995 10007 10174 10177 10481 10496 10497 10507 10575 10665 10773 10863 10948 11226 11408 11595 11620 11630 11647 11653 11655 11659 11676 11684 11962 11973 11990 11997 11999 12003 12020 12512 12675 12681 12690 12692 12696 12727 12823 12835 12844 12854 12856 12860 12893 28687 29326
NODE_NUM = 99
FILE aes_sub_116.aig

# Subcircuit 117
SUB_ID 117
LO (26):  10030 10055 10074 10439 10445 10512 10528 10547 10569 10958 10986 11228 11243 11255 11270 11271 11676 11962 11990 12020 12419 12675 12681 12849 12893 29768
LI (82):  416 9941 9947 9978 9980 10022 10023 10024 10025 10026 10031 10035 10036 10039 10040 10044 10048 10049 10053 10054 10069 10072 10073 10255 10259 10331 10346 10351 10362 10395 10437 10441 10442 10481 10486 10511 10516 10527 10564 10568 10970 10972 10974 10976 10984 11235 11242 11252 11262 11265 11267 11662 11667 11675 11939 11943 11960 11975 11982 11989 12006 12011 12012 12015 12016 12357 12369 12371 12375 12382 12385 12392 12393 12415 12661 12663 12673 12680 12877 12880 12881 12891
NODE_NUM = 100
FILE aes_sub_117.aig

# Subcircuit 118
SUB_ID 118
LO (42):  10053 10056 10057 10061 10062 10069 10070 10072 10073 10255 10256 10261 10269 10270 10274 10275 10351 10352 10362 10381 10441 10442 10511 10534 10554 10564 10987 10992 10996 11016 11262 11300 11653 11662 12015 12369 12375 12382 12727 12854 12860 12880
LI (63):  9927 9933 9937 9941 9947 9950 9953 9955 9960 9962 9966 9969 9978 9980 9986 9991 9993 10022 10024 10039 10040 10047 10049 10143 10151 10257 10260 10261 10271 10272 10356 10357 10360 10374 10380 10421 10427 10431 10439 10533 10990 10995 11015 11257 11261 11296 11672 12013 12360 12362 12368 12373 12379 12380 12712 12717 12724 12725 12847 12849 12852 12859 12879
NODE_NUM = 99
FILE aes_sub_118.aig

# Subcircuit 119
SUB_ID 119
LO (42):  10075 10076 10086 10103 10105 10107 10143 10145 10146 10150 10151 10304 10308 10310 10312 10315 10316 10355 10356 10525 10527 10544 10969 10970 10972 10997 11015 11242 11246 11265 11620 11675 11940 11973 12013 12380 12385 12666 12690 12724 12840 12844
LI (51):  9927 9933 9937 9938 9941 9947 9950 9953 9955 9960 9962 9967 9969 9978 9980 9991 9993 10072 10078 10092 10094 10096 10098 10104 10153 10198 10255 10279 10307 10352 10422 10453 10474 10522 10523 10968 11013 11237 11241 11603 11606 11613 11672 11963 11964 11966 11971 12689 12836 12841 12843
NODE_NUM = 99
FILE aes_sub_119.aig

# Subcircuit 120
SUB_ID 120
LO (27):  10108 10110 10114 10122 10191 10192 10198 10202 10507 10516 10522 10523 10984 11013 11032 11237 11603 11613 11630 11960 11971 12368 12415 12673 12680 12835 12877
LI (61):  9927 9933 9937 9941 9947 9950 9953 9955 9960 9969 9978 9980 9986 9991 9993 10091 10096 10097 10098 10103 10105 10109 10111 10130 10193 10216 10306 10502 10506 10517 10521 10980 10981 11026 11031 11252 11598 11602 11607 11612 11622 11624 11628 11937 11952 11956 11966 11970 12347 12398 12406 12407 12412 12666 12668 12672 12679 12834 12869 12870 12875
NODE_NUM = 86
FILE aes_sub_120.aig

# Subcircuit 121
SUB_ID 121
LO (37):  10130 10138 10165 10172 10331 10448 10453 10461 10491 10496 10560 10566 11011 11021 11235 11261 11279 11283 11612 11622 11628 11647 11952 11982 11989 12011 12357 12392 12406 12412 12661 12672 12689 12692 12843 12856 12869
LI (76):  9927 9933 9941 9947 9950 9953 9955 9978 9980 10125 10126 10127 10131 10137 10156 10157 10162 10170 10171 10176 10182 10183 10184 10292 10320 10323 10326 10327 10328 10329 10336 10358 10383 10385 10399 10401 10403 10429 10452 10460 10464 10495 11003 11004 11006 11007 11008 11019 11234 11260 11598 11611 11622 11627 11633 11636 11640 11645 11646 11948 11949 11978 11979 11985 11986 12010 12347 12356 12389 12401 12405 12411 12660 12686 12865 12866
NODE_NUM = 100
FILE aes_sub_121.aig

# Subcircuit 122
SUB_ID 122
LO (46):  10170 10174 10175 10179 10207 10209 10210 10216 10217 10219 10287 10292 10294 10299 10329 10334 10336 10346 10347 10460 10495 10506 10536 10540 10968 11026 11031 11250 11281 11292 11303 11598 11606 11607 11627 11659 11948 11956 11984 12359 12411 12668 12712 12865 12870 12875
LI (47):  9927 9933 9937 9938 9941 9947 9950 9953 9955 9960 9969 9978 9980 9987 9991 9993 9994 10017 10091 10167 10176 10178 10204 10205 10206 10251 10288 10323 10335 10337 10339 10345 10454 10952 11030 11248 11279 11288 11290 11302 11604 11657 11947 12704 12706 12710 12863
NODE_NUM = 100
FILE aes_sub_122.aig

# Subcircuit 123
SUB_ID 123
LO (49):  10237 10238 10251 10252 10278 10279 10282 10283 10374 10380 10382 10383 10384 10385 10402 10409 10410 10411 10464 10468 10473 10474 10486 10487 10497 10520 10553 10962 10980 10981 10995 11006 11241 11252 11260 11296 11624 11635 11640 11657 11943 11997 12347 12356 12389 12686 12704 12834 12891
LI (59):  9927 9930 9933 9938 9939 9941 9942 9947 9950 9953 9955 9963 9970 9973 9976 9978 9980 9990 9991 9993 10008 10013 10038 10229 10231 10235 10236 10237 10261 10281 10282 10283 10304 10366 10367 10368 10369 10370 10373 10378 10379 10485 10552 10953 10959 10978 11295 11304 11942 11992 11996 12351 12352 12354 12701 12827 12833 12887 12889
NODE_NUM = 100
FILE aes_sub_123.aig

# Subcircuit 124
SUB_ID 124
LO (66):  10386 10388 10390 10391 10399 10401 10403 10405 10406 10421 10422 10423 10427 10428 10431 10437 10469 10521 10568 10592 10606 10629 10679 10685 10706 10726 10755 10762 10766 10774 10785 10809 10824 10831 10832 10840 10856 10876 10883 10899 10908 10918 10934 10976 10978 10990 11003 11055 11165 11234 11257 11276 11602 11667 11937 11939 11964 11970 11978 12006 12010 12351 12398 12660 12717 12847
LI (104):  246 248 587 7987 7995 8005 8060 8066 8192 8202 8233 8236 8293 8295 8316 8320 8429 8637 8645 8696 8701 8716 8752 8754 8815 8899 8945 8991 8993 9022 9025 9141 9146 9288 9293 9301 9326 9368 9448 9453 9474 9495 9503 9505 9513 9535 9543 9628 9661 9763 9791 9927 9933 9937 9941 9947 9950 9953 9955 9960 9969 9978 9980 9986 9991 9993 10006 10009 10038 10044 10072 10125 10148 10256 10259 10261 10304 10382 10384 10385 10392 10393 10402 10404 10409 10410 10448 10473 10474 10520 10566 10724 10823 10829 10830 10875 10955 11164 11229 11274 11600 11937 11963 12715
NODE_NUM = 100
FILE aes_sub_124.aig

# Subcircuit 125
SUB_ID 125
LO (66):  11079 11109 11116 11128 11155 11164 11189 11200 11207 11212 11220 11295 11305 11331 11373 11382 11413 11426 11429 11439 11444 11445 11447 11456 11465 11472 11483 11496 11518 11523 11536 11563 11564 11567 11600 11611 11633 11636 11645 11719 11723 11727 11732 11759 11786 11807 11810 11813 11817 11821 11849 11875 11882 11886 11905 11912 11915 11919 11925 11941 12136 12160 12213 12236 12551 12859
LI (148):  250 252 587 7996 8009 8026 8035 8043 8049 8059 8060 8061 8111 8114 8212 8236 8290 8297 8298 8301 8364 8373 8374 8567 8634 8643 8646 8654 8659 8667 8676 8684 8685 8692 8699 8718 8727 8729 8750 8761 8764 8769 8816 8854 8899 8908 8912 8920 8934 8947 8977 8992 9001 9002 9005 9009 9021 9025 9030 9039 9064 9130 9144 9158 9221 9284 9301 9326 9341 9381 9389 9423 9432 9438 9450 9465 9490 9497 9506 9519 9546 9580 9582 9602 9611 9631 9637 9650 9652 9679 9684 9695 9700 9714 9724 9729 9787 9819 9826 9940 9943 9972 9973 9977 9982 10007 10012 10239 10288 10295 10306 10310 10367 10848 11108 11114 11126 11127 11198 11199 11217 11219 11372 11434 11437 11438 11443 11534 11535 11631 11632 11634 11635 11757 11805 11806 11808 11845 11846 11873 11874 11881 11904 11911 12156 12158 12235 12549
NODE_NUM = 100
FILE aes_sub_125.aig

# Subcircuit 126
SUB_ID 126
LO (63):  11942 11985 11992 11999 12003 12038 12064 12067 12070 12092 12093 12114 12127 12147 12156 12158 12167 12188 12208 12245 12246 12254 12262 12277 12279 12292 12297 12306 12309 12314 12333 12335 12354 12360 12379 12401 12405 12407 12433 12456 12473 12484 12502 12530 12539 12559 12571 12577 12596 12604 12613 12627 12631 12636 12641 12652 12663 12679 12696 12701 12710 12745 12763
LI (159):  254 256 258 587 7993 8005 8007 8017 8026 8032 8056 8065 8066 8067 8158 8204 8211 8215 8231 8234 8236 8254 8292 8293 8295 8315 8319 8335 8372 8374 8376 8405 8408 8414 8419 8429 8430 8480 8637 8669 8682 8715 8743 8754 8770 8797 8816 8822 8871 8873 8884 8894 8902 8911 8943 9001 9036 9069 9072 9080 9142 9287 9298 9333 9349 9368 9385 9389 9399 9431 9440 9450 9454 9475 9503 9506 9520 9554 9584 9585 9602 9610 9614 9629 9651 9652 9686 9701 9716 9729 9732 9748 9762 9772 9803 9815 9817 9818 9825 9847 9931 9942 9951 9952 9954 9964 9973 9979 9981 10012 10014 10157 10165 10181 10194 10209 10231 10241 10289 10293 10295 10296 10315 10319 10321 10327 10337 10369 10482 10525 10952 10969 11940 11941 11984 12002 12090 12125 12126 12162 12187 12203 12207 12240 12244 12260 12275 12359 12377 12404 12471 12558 12569 12570 12576 12700 12708 12761 12762
NODE_NUM = 100
FILE aes_sub_126.aig

# Subcircuit 127
SUB_ID 127
LO (69):  12767 12784 12799 12803 12813 12833 12836 12841 12852 12863 12881 12887 12914 12920 12934 12938 12953 12962 12985 12990 12992 12997 12998 12999 13002 13005 13006 13007 13008 13011 13012 13014 13015 13017 13018 13019 13020 13021 13022 13024 13025 13030 13041 13043 13044 13045 13047 13048 13302 13313 13315 13316 13317 13431 13432 13435 13437 13553 13555 15722 16339 16760 16769 17051 17174 17464 17487 17516 17970
LI (53):  260 587 616 617 8010 8046 8065 8130 8303 8408 8764 8772 8918 8935 8960 8984 9001 9073 9934 10194 10206 10258 10312 10325 10334 10351 10369 10392 10411 10468 10470 10512 10517 11350 12763 12764 12811 12812 12829 12832 12840 12885 12918 12919 12933 12958 12959 12960 12991 12995 13001 13004 13010
NODE_NUM = 100
FILE aes_sub_127.aig

# Subcircuit 128
SUB_ID 128
LO (81):  12991 12993 12995 13001 13003 13004 13010 13026 13028 13029 13031 13033 13034 13036 13037 13038 13050 13051 13052 13053 13054 13055 13057 13058 13059 13071 13072 13077 13078 13079 13087 13091 13092 13093 13121 13125 13126 13127 13140 13142 13143 13149 13150 13212 13213 13221 13241 13242 13243 13248 13249 13250 13304 13305 13306 13324 13325 13327 13328 13329 13338 13339 13340 13346 13347 13383 13384 13385 13416 13417 13418 13573 15736 16763 17087 17184 17199 17509 17962 17972 17981
LI (14):  612 613 618 619 12994 13011 13014 13018 13020 13024 13025 13027 13030 13048
NODE_NUM = 92
FILE aes_sub_128.aig

# Subcircuit 129
SUB_ID 129
LO (42):  12994 13027 13103 13104 13109 13110 13112 13113 13114 13116 13117 13155 13156 13157 13158 13159 13163 13165 13166 13167 13170 13172 13376 13377 13378 13380 13426 13427 13428 13461 13563 15708 15724 16353 16401 16709 16775 17138 17189 17463 17931 17945
LI (18):  614 615 13002 13006 13012 13015 13018 13020 13025 13026 13030 13034 13036 13060 13062 13086 13102 13153
NODE_NUM = 64
FILE aes_sub_129.aig

# Subcircuit 130
SUB_ID 130
LO (45):  13060 13061 13068 13073 13086 13153 13177 13214 13216 13218 13269 13271 13307 13309 13310 13320 13322 13326 13362 13364 13365 13386 13388 13441 13464 13466 13470 13493 13494 13539 13546 13547 13551 13552 13559 13562 15711 15715 15745 16404 17064 17458 17483 17499 17923
LI (79):  12990 12995 13004 13028 13033 13050 13052 13059 13063 13067 13072 13074 13083 13087 13121 13123 13127 13135 13140 13152 13155 13172 13173 13175 13176 13178 13187 13190 13203 13210 13213 13215 13221 13232 13253 13268 13270 13272 13275 13283 13303 13306 13308 13317 13321 13325 13333 13349 13358 13361 13363 13381 13385 13387 13396 13412 13430 13437 13440 13442 13447 13451 13463 13465 13469 13477 13487 13489 13490 13492 13510 13526 13533 13536 13538 13550 13553 13558 13560
NODE_NUM = 100
FILE aes_sub_130.aig

# Subcircuit 131
SUB_ID 131
LO (27):  13062 13063 13074 13123 13178 13215 13270 13308 13321 13363 13387 13442 13465 13492 13538 13578 13579 13639 15695 15696 15785 16071 16420 16429 16720 16785 17971
LI (74):  408 504 506 587 12995 12997 13004 13028 13033 13041 13052 13058 13087 13099 13121 13139 13140 13173 13190 13208 13221 13232 13234 13272 13293 13324 13339 13383 13384 13401 13408 13435 13447 13451 13535 13546 13568 13575 13580 13584 13594 13595 13599 13612 13619 13622 13623 13629 13631 15686 15691 15699 15713 15729 15750 15753 15755 15760 15762 15780 16062 16067 16334 16359 16369 16386 16388 16389 16395 16397 16415 16425 16715 16718
NODE_NUM = 100
FILE aes_sub_131.aig

# Subcircuit 132
SUB_ID 132
LO (15):  13067 16395 17992 18001 28331 28793 28796 28811 28832 28850 28853 28868 28913 29345 30068
LI (43):  271 319 324 433 484 486 490 502 587 12992 13052 13061 13066 13239 13546 13639 15785 16394 16420 16793 17121 17918 17921 17923 17925 17926 17936 17990 17997 28322 28327 28781 28789 28799 28807 28838 28846 28856 28864 28904 28909 29336 29341
NODE_NUM = 100
FILE aes_sub_132.aig

# Subcircuit 133
SUB_ID 133
LO (16):  13066 13083 13558 15729 16793 16802 17121 17130 17188 28256 28277 28883 29435 30077 30080 30083
LI (62):  304 344 413 418 472 474 496 498 587 12998 13006 13052 13053 13054 13057 13079 13081 13236 13240 13241 13250 13407 13546 13555 15717 15718 15728 16705 16730 16742 16752 16754 16758 16765 16767 16771 16788 16798 17049 17053 17054 17058 17071 17096 17101 17104 17105 17115 17119 17126 17174 17179 17187 17207 28247 28252 28268 28273 28871 28879 29426 29431
NODE_NUM = 100
FILE aes_sub_133.aig

# Subcircuit 134
SUB_ID 134
LO (18):  13081 13102 13526 15713 15750 15780 16397 16415 16730 16752 17096 17207 17449 17524 28295 28898 29453 30086
LI (70):  309 349 384 511 587 13002 13006 13015 13052 13061 13087 13092 13093 13096 13100 13101 13112 13134 13242 13411 13416 13506 13518 13520 13524 13546 15702 15703 15712 15735 15738 15740 15749 15772 15774 15778 16407 16410 16412 16708 16711 16728 16744 16751 17077 17084 17095 17147 17157 17173 17188 17189 17193 17201 17440 17445 17461 17472 17475 17476 17480 17489 17520 17524 28286 28291 28886 28894 29444 29449
NODE_NUM = 99
FILE aes_sub_134.aig

# Subcircuit 135
SUB_ID 135
LO (32):  13096 13099 13100 13134 13135 13139 13145 13152 13204 13207 13208 13210 13349 13568 13594 13595 13619 15728 15740 15772 16386 16388 16409 16412 16788 17071 17084 17201 17461 17489 17520 17990
LI (72):  12992 12998 13012 13031 13043 13045 13087 13121 13125 13140 13143 13151 13212 13216 13320 13322 13329 13331 13336 13338 13340 13348 13420 13439 13461 13551 13552 13559 13562 13563 13588 13593 13616 13618 15722 15723 15724 15768 16370 16377 16385 16387 16780 16786 17062 17064 17070 17079 17083 17200 17451 17453 17459 17485 17487 17505 17507 17509 17511 17518 17941 17943 17946 17948 17951 17952 17960 17961 17963 17965 17974 17987
NODE_NUM = 100
FILE aes_sub_135.aig

# Subcircuit 136
SUB_ID 136
LO (35):  13151 13173 13175 13176 13187 13256 13266 13268 13420 13430 13575 13584 13616 13629 15712 15723 16335 16359 16362 16369 16410 16728 16742 16754 17070 17083 17098 17110 17137 17141 17154 17173 17472 17930 17963
LI (70):  12992 12998 13002 13006 13012 13015 13018 13020 13025 13030 13034 13036 13043 13045 13051 13140 13145 13149 13150 13156 13158 13159 13163 13166 13167 13177 13178 13207 13214 13218 13281 13378 13418 13429 13518 13539 13569 13574 13582 13615 13627 15708 15711 15722 16337 16341 16345 16346 16351 16356 16361 16363 16367 16409 16720 16724 16732 16733 16735 16739 16740 16753 17082 17159 17165 17172 17465 17469 17471 17962
NODE_NUM = 100
FILE aes_sub_136.aig

# Subcircuit 137
SUB_ID 137
LO (33):  13190 13203 13223 13224 13225 13226 13227 13229 13236 13245 13246 13247 13253 13429 13518 13612 15702 15735 15755 16349 16361 16377 16751 16767 16780 17053 17095 17101 17102 17147 17165 17471 17987
LI (50):  12992 12993 12998 13002 13006 13012 13015 13018 13020 13030 13034 13036 13043 13045 13103 13221 13235 13244 13250 13428 13464 13465 13466 13471 13474 13494 13529 13536 13563 13604 13607 15703 15732 15733 16374 16776 16778 17050 17051 17088 17091 17098 17100 17132 17136 17143 17162 17978 17982 17984
NODE_NUM = 100
FILE aes_sub_137.aig

# Subcircuit 138
SUB_ID 138
LO (34):  13232 13234 13235 13239 13240 13244 13283 13396 13401 13407 13408 13411 13412 13520 13569 13622 13631 15753 16337 16345 16367 16718 16732 16733 16753 17054 17062 17115 17136 17187 17469 17505 17925 17960
LI (47):  12992 12993 12998 13002 13006 13007 13012 13015 13018 13020 13025 13030 13034 13036 13043 13045 13052 13054 13156 13225 13226 13229 13243 13244 13256 13269 13271 13279 13282 13316 13356 13357 13388 13509 13548 13620 15703 16343 16366 16731 17061 17111 17135 17184 17468 17496 17504
NODE_NUM = 78
FILE aes_sub_138.aig

# Subcircuit 139
SUB_ID 139
LO (48):  13272 13275 13279 13281 13282 13293 13303 13331 13332 13333 13336 13348 13356 13357 13358 13361 13439 13440 13524 13580 13582 13599 13627 15699 15760 15762 15768 16346 16351 16363 16366 16389 16715 16724 16765 17058 17061 17111 17135 17143 17157 17453 17504 17507 17518 17921 17936 17951
LI (53):  12992 12998 13002 13003 13006 13012 13015 13018 13020 13025 13028 13029 13030 13034 13036 13037 13043 13045 13121 13156 13256 13302 13306 13328 13329 13346 13347 13362 13363 13364 13376 13441 13548 13578 15696 15697 15767 16349 16760 16763 17050 17057 17110 17139 17141 17152 17154 17499 17514 17516 17919 17932 17950
NODE_NUM = 100
FILE aes_sub_139.aig

# Subcircuit 140
SUB_ID 140
LO (40):  13381 13447 13463 13469 13471 13474 13477 13529 13533 13535 13536 13560 13604 13607 13615 15717 15732 15733 15749 16341 16356 16370 16374 16708 16711 17057 17077 17091 17132 17152 17162 17193 17451 17459 17465 17480 17941 17943 17978 17984
LI (55):  12992 12998 13002 13003 13006 13012 13015 13018 13020 13025 13030 13034 13036 13043 13045 13103 13157 13165 13166 13167 13317 13377 13380 13452 13453 13456 13457 13461 13462 13470 13487 13488 13490 13496 13501 13533 13539 13560 15697 15715 15731 15746 16335 16339 16353 16709 16731 17051 17076 17148 17149 17192 17458 17463 17464
NODE_NUM = 89
FILE aes_sub_140.aig

# Subcircuit 141
SUB_ID 141
LO (62):  13451 13452 13453 13456 13457 13487 13488 13489 13490 13496 13501 13506 13509 13510 13548 13550 13574 13588 13593 13618 13623 13640 13642 13646 13647 13648 13649 13650 13652 13656 13661 13664 13675 13680 13691 13693 13694 13695 13696 13697 13698 14081 14082 14083 14205 15703 15731 15746 16076 16407 16776 16778 16786 17088 17100 17192 17475 17476 17539 17919 17952 17982
LI (53):  608 609 12992 12998 13002 13006 13012 13015 13018 13020 13025 13030 13034 13036 13043 13045 13051 13091 13093 13103 13104 13109 13110 13113 13114 13116 13117 13213 13224 13242 13247 13249 13305 13326 13365 13380 13427 13432 13493 13509 13547 13573 13641 13645 13651 15745 16401 16403 16404 16775 16785 17087 17981
NODE_NUM = 95
FILE aes_sub_141.aig

# Subcircuit 142
SUB_ID 142
LO (65):  13641 13643 13645 13651 13653 13654 13655 13657 13658 13659 13660 13662 13665 13666 13667 13668 13669 13676 13683 13684 13686 13701 13702 13703 13707 13708 13710 13711 13722 13723 13730 13732 13871 13874 13896 13897 13898 13946 13947 13948 13949 13955 13956 13957 14033 14034 14035 14036 14169 14170 14171 14270 15808 15864 16117 16120 16131 16134 16455 16491 16857 17252 17570 17588 17591
LI (11):  604 605 610 611 13640 13644 13650 13652 13656 13661 13664
NODE_NUM = 76
FILE aes_sub_142.aig

# Subcircuit 143
SUB_ID 143
LO (73):  13644 13670 13671 13677 13678 13679 13681 13682 13685 13687 13688 13704 13705 13727 13728 13736 13737 13738 13741 13742 13743 13753 13754 13755 13762 13763 13764 13806 13807 13808 13809 13810 13811 13819 13840 13841 13842 13850 13882 13883 13884 13885 13973 13974 13975 13996 14027 14028 14029 14040 14042 14044 14049 14067 14073 14074 14075 14076 14084 14085 14086 14088 14110 14111 16110 16433 16858 17247 17566 17582 17774 17793 17824
LI (22):  606 607 13643 13647 13654 13656 13659 13660 13667 13669 13675 13676 13680 13684 13686 13698 13702 13703 13708 13718 13726 13732
NODE_NUM = 87
FILE aes_sub_143.aig

# Subcircuit 144
SUB_ID 144
LO (51):  13713 13718 13724 13726 13766 13767 13773 13828 13829 13865 13866 13868 13920 13921 13938 13958 13959 13960 13971 13972 13976 14013 14014 14025 14026 14037 14038 14065 14092 14115 14116 14120 14130 14142 14143 14144 14161 14188 14189 14191 14202 14268 15801 15805 15835 16141 16817 17533 17558 17574 17765
LI (77):  13645 13647 13654 13678 13683 13702 13711 13717 13722 13723 13736 13737 13752 13754 13761 13764 13765 13771 13772 13777 13785 13790 13802 13807 13822 13823 13826 13827 13837 13840 13853 13860 13863 13864 13871 13882 13903 13918 13919 13922 13925 13933 13953 13956 13957 13967 13970 13975 13983 13999 14008 14011 14012 14023 14024 14029 14035 14036 14046 14062 14080 14087 14090 14091 14097 14101 14113 14114 14119 14127 14137 14140 14141 14160 14183 14186 14187
NODE_NUM = 96
FILE aes_sub_144.aig

# Subcircuit 145
SUB_ID 145
LO (15):  13717 16157 16334 17835 17918 28196 28217 28235 28247 28268 28322 28781 28799 28838 28856
LI (45):  359 364 494 587 13639 13642 13702 13711 13716 13889 14196 14289 15785 15875 16096 16106 16123 16129 16131 16135 16152 16328 16331 16420 16517 16874 17434 17764 17766 17768 17769 17779 17833 17915 28181 28192 28202 28213 28223 28231 28241 28262 28319 28778 28835
NODE_NUM = 100
FILE aes_sub_145.aig

# Subcircuit 146
SUB_ID 146
LO (22):  13716 13739 13748 13752 14289 15686 15875 16062 16123 16469 16517 16705 16874 17049 28286 28871 29336 29399 29417 29972 29981 29984
LI (62):  319 472 474 484 486 587 13648 13652 13702 13707 13737 13738 13742 13743 13747 13749 13784 13890 13891 14111 14196 14201 14204 14205 14216 14287 15683 15804 15819 15825 15828 15830 15839 15871 16059 16107 16114 16122 16454 16466 16468 16482 16489 16491 16495 16512 16702 16806 16807 16811 16872 17046 17284 17746 28280 28832 28853 29333 29387 29395 29405 29413
NODE_NUM = 100
FILE aes_sub_146.aig

# Subcircuit 147
SUB_ID 147
LO (18):  13747 13749 14287 15804 16152 16454 16872 17284 17440 17761 28313 28319 28886 28904 29426 29444 29987 29990
LI (62):  344 349 389 513 587 13642 13662 13665 13737 13738 13862 14061 14066 14156 14196 14237 14238 14243 14251 14262 14285 15680 15790 15792 15793 15802 16144 16147 16149 16432 16435 16452 16824 16825 16830 16837 16848 16870 17224 17234 17250 17265 17266 17270 17278 17437 17524 17536 17547 17550 17551 17555 17564 17595 17749 17757 17912 28298 28309 28316 29423 29441
NODE_NUM = 100
FILE aes_sub_147.aig

# Subcircuit 148
SUB_ID 148
LO (47):  13761 13765 13771 13772 13776 13777 13781 13782 13783 13784 13785 13983 13985 13989 13991 13999 14080 14153 14154 14156 14158 14159 14160 14216 14237 14238 14243 14249 15787 15792 15819 15860 16124 16126 16138 16139 16144 16506 16512 16835 16848 17272 17547 17561 17581 17823 17833
LI (59):  13642 13648 13652 13656 13662 13665 13668 13670 13675 13677 13680 13684 13686 13693 13695 13701 13710 13743 13754 13755 13760 13763 13810 13998 14072 14075 14076 14110 14147 14150 14152 14155 14212 14214 14221 14223 14236 14241 15791 15811 15812 15813 15815 16099 16140 16141 16498 16503 16511 16840 16847 17227 17537 17539 17544 17546 17786 17790 17832
NODE_NUM = 99
FILE aes_sub_148.aig

# Subcircuit 149
SUB_ID 149
LO (30):  13790 13802 13860 13862 13863 13864 13970 14066 14072 14214 14223 14236 14251 15828 15830 15871 16147 16149 16466 16511 16837 16840 17234 17250 17278 17536 17537 17550 17595 17832
LI (69):  13642 13648 13652 13653 13656 13662 13665 13668 13670 13675 13677 13680 13682 13684 13686 13693 13695 13710 13737 13748 13749 13793 13801 13865 13868 13973 13985 13989 14067 14070 14148 14189 14202 14227 14235 14247 14249 15855 15858 15860 15869 16456 16457 16459 16464 16506 16510 16833 16835 17233 17236 17242 17249 17274 17526 17528 17534 17548 17580 17583 17584 17593 17804 17806 17808 17813 17815 17817 17830
NODE_NUM = 100
FILE aes_sub_149.aig

# Subcircuit 150
SUB_ID 150
LO (44):  13822 13823 13825 13826 13827 13834 13837 13905 13906 13908 13911 13914 13918 14017 14018 14021 14023 14024 14221 14233 14234 14285 15802 15811 15813 16072 16084 16096 16099 16106 16435 16446 16449 16462 16482 16820 16863 16870 17215 17227 17233 17534 17544 17773
LI (64):  13642 13648 13652 13656 13662 13665 13668 13670 13675 13680 13684 13686 13693 13695 13701 13710 13806 13807 13808 13810 13811 13819 13820 13821 13845 13910 13913 13915 13916 13967 13991 14019 14025 14027 14028 14137 14168 14183 14219 14232 14264 14268 14284 15797 15801 15805 15810 16079 16082 16089 16091 16098 16100 16104 16433 16476 16477 16480 16853 16869 17229 17230 17533 17542
NODE_NUM = 100
FILE aes_sub_150.aig

# Subcircuit 151
SUB_ID 151
LO (26):  13845 13853 13903 14046 14168 14196 14262 14284 15791 15825 15855 16089 16098 16104 16114 16452 16476 16806 16847 16869 17224 17242 17249 17546 17564 17830
LI (84):  13652 13662 13665 13668 13693 13695 13718 13840 13841 13842 13850 13852 13871 13874 13879 13886 13893 13902 13938 14007 14038 14042 14043 14044 14051 14065 14073 14074 14114 14115 14116 14130 14144 14159 14161 14164 14165 14166 14175 14179 14186 14191 14254 14255 14257 14258 14259 14270 14275 14283 15793 15822 15823 15843 15844 15854 16085 16087 16098 16103 16112 16440 16441 16451 16469 16471 16472 16803 16804 16844 16861 16864 16866 17209 17210 17212 17213 17220 17239 17248 17558 17563 17821 17829
NODE_NUM = 100
FILE aes_sub_151.aig

# Subcircuit 152
SUB_ID 152
LO (51):  13879 13886 13889 13890 13891 13893 13902 13919 13922 13923 13924 13925 13927 13928 13930 13931 13932 13933 14003 14004 14005 14007 14008 14012 14043 14048 14061 14062 14201 14219 14283 15810 15841 15849 15854 15869 16079 16082 16087 16103 16480 16807 16866 17212 17265 17576 17580 17764 17768 17776 17804
LI (61):  13642 13648 13652 13653 13656 13668 13670 13675 13680 13693 13695 13702 13710 13732 13806 13871 13874 13882 13884 13885 13893 13897 13898 13901 13920 13921 13929 13966 14006 14008 14033 14040 14052 14054 14169 14197 14199 14279 15793 15808 15850 15852 15864 15868 16072 16078 16080 16479 17257 17258 17260 17261 17542 17566 17571 17579 17763 17767 17798 17800 17801
NODE_NUM = 99
FILE aes_sub_152.aig

# Subcircuit 153
SUB_ID 153
LO (42):  13953 13966 13967 13998 14011 14019 14051 14052 14054 14175 14204 14232 14235 14279 15790 15812 15842 15850 15858 16080 16085 16100 16122 16135 16440 16464 16489 16804 16811 16824 16864 17230 17236 17526 17528 17579 17593 17763 17769 17798 17801 17813
LI (78):  13642 13645 13648 13654 13655 13662 13665 13668 13670 13678 13684 13685 13686 13687 13693 13695 13705 13724 13727 13866 13882 13906 13922 13923 13927 13928 13944 13948 13949 13952 13956 13960 13996 13997 13998 14003 14012 14017 14018 14026 14038 14048 14049 14053 14082 14089 14091 14171 14202 14229 14234 14278 15786 15787 15849 15857 16084 16117 16121 16134 16438 16462 16484 16487 16488 16803 16810 16819 16822 16863 17525 17574 17576 17589 17591 17793 17797 17811
NODE_NUM = 100
FILE aes_sub_153.aig

# Subcircuit 154
SUB_ID 154
LO (42):  14087 14089 14090 14091 14097 14113 14119 14127 14179 14183 14186 14187 14212 14229 14247 14254 14257 15815 15822 15823 15839 15857 16078 16107 16112 16129 16432 16503 16803 16810 16830 16844 17209 17229 17239 17270 17525 17555 17766 17786 17821 17829
LI (58):  13642 13648 13652 13653 13656 13662 13665 13668 13670 13675 13678 13680 13681 13684 13686 13688 13693 13695 13710 13753 13783 13955 14023 14083 14086 14088 14102 14103 14106 14107 14111 14112 14120 14138 14140 14146 14151 14166 14188 14189 14211 14246 15787 15821 15836 16072 16076 16110 16124 16128 16455 16502 16829 17225 17227 17269 17765 17825
NODE_NUM = 85
FILE aes_sub_154.aig

# Subcircuit 155
SUB_ID 155
LO (72):  14101 14102 14103 14106 14107 14114 14137 14138 14140 14141 14146 14147 14148 14150 14151 14152 14165 14166 14197 14211 14227 14241 14246 14264 14275 14278 14290 14292 14296 14298 14299 14300 14301 14302 14304 14305 14306 14307 14309 14310 14315 14321 14335 14336 14339 14342 14362 14364 14378 14623 14625 14626 14627 14740 14828 14830 14831 14832 14924 15599 15656 15793 15942 15950 16211 16498 16502 16510 16853 17269 17548 17797
LI (44):  598 599 13642 13648 13652 13656 13662 13665 13668 13670 13675 13680 13684 13686 13691 13693 13695 13701 13710 13749 13753 13767 13809 13825 13829 13840 13905 13908 13931 13955 13958 13971 13974 13976 14082 14085 14092 14143 14291 14295 14297 14308 16508 17796
NODE_NUM = 86
FILE aes_sub_155.aig

# Subcircuit 156
SUB_ID 156
LO (72):  14291 14293 14295 14297 14308 14311 14312 14313 14314 14316 14317 14319 14320 14323 14325 14326 14327 14329 14330 14331 14337 14350 14358 14359 14360 14361 14369 14370 14371 14388 14389 14416 14420 14428 14429 14439 14443 14444 14445 14523 14524 14525 14530 14531 14532 14533 14548 14622 14645 14648 14649 14721 14744 14782 14784 14785 14786 14788 14789 14790 14803 14804 14805 14807 14878 14910 15615 15647 16158 16208 16210 16875
LI (13):  596 597 600 601 14294 14301 14304 14307 14309 14310 14315 14318 14321
NODE_NUM = 79
FILE aes_sub_156.aig

# Subcircuit 157
SUB_ID 157
LO (65):  14294 14318 14405 14406 14408 14410 14411 14412 14413 14457 14460 14461 14462 14464 14465 14470 14491 14554 14555 14557 14562 14563 14564 14566 14567 14568 14581 14661 14662 14663 14676 14679 14681 14692 14693 14696 14698 14700 14703 14704 14705 14707 14708 14709 14711 14718 14771 14773 14823 14859 14867 14914 15589 15607 15887 15934 16184 16229 16522 16547 16588 16893 17313 17340 17627
LI (17):  602 603 14302 14309 14312 14316 14321 14326 14336 14339 14342 14344 14387 14388 14404 14421 14455
NODE_NUM = 85
FILE aes_sub_157.aig

# Subcircuit 158
SUB_ID 158
LO (25):  14338 14341 14387 14401 14402 14404 14806 16702 17046 17434 17437 17746 17749 17912 17915 28262 28280 28298 28835 29387 29405 29423 29441 29885 29891
LI (43):  384 496 14302 14325 14327 14330 14331 14336 14337 14340 14346 14347 14386 14396 14399 14400 14790 14800 14846 15677 16543 16554 16564 16567 16569 16600 16699 16945 17037 17040 17300 17308 17325 17327 17329 17338 17353 17431 17434 17671 17743 17909 29384
NODE_NUM = 100
FILE aes_sub_158.aig

# Subcircuit 159
SUB_ID 159
LO (22):  14340 14846 14936 15677 15680 15683 15960 16059 16238 16328 16331 16607 16699 16945 17329 17671 28181 28202 28316 28778 29333 29351
LI (38):  14337 14339 14346 14590 14635 14717 14780 14795 14796 14797 14801 14809 14842 14935 15587 15612 15630 15633 15634 15644 15673 15959 16050 16053 16165 16167 16179 16236 16325 16696 16944 17611 17620 17637 17651 17658 17659 17664
NODE_NUM = 87
FILE aes_sub_159.aig

# Subcircuit 160
SUB_ID 160
LO (50):  14344 14345 14346 14352 14353 14386 14434 14435 14436 14455 14513 14514 14515 14520 14545 14547 14590 14591 14592 14593 14597 14613 14614 14615 14640 14641 14642 14643 14657 14658 14660 14717 14725 14734 14780 14827 14829 14833 14837 14838 14839 14935 15588 15890 16165 16569 16885 16944 17602 17637
LI (72):  14295 14306 14311 14319 14327 14335 14337 14341 14342 14345 14350 14356 14358 14367 14371 14385 14389 14430 14433 14439 14454 14457 14473 14484 14490 14492 14505 14512 14518 14537 14544 14550 14570 14587 14596 14604 14612 14618 14636 14639 14650 14656 14667 14683 14715 14724 14726 14730 14733 14738 14746 14779 14804 14806 14828 14832 14864 14882 14908 14917 14923 14926 14928 16158 16164 16182 16875 16883 16943 17629 17632 17634
NODE_NUM = 99
FILE aes_sub_160.aig

# Subcircuit 161
SUB_ID 161
LO (20):  14356 14367 14385 14544 14923 15612 15630 15959 16236 16543 16554 16567 16910 16943 17308 17325 17338 17353 17611 17634
LI (89):  14299 14336 14339 14350 14352 14353 14358 14360 14361 14362 14364 14370 14371 14384 14416 14520 14524 14528 14539 14540 14547 14549 14550 14639 14640 14648 14733 14876 14919 14920 15590 15592 15595 15597 15599 15601 15609 15613 15615 15626 15629 15879 15892 15896 15898 15904 15910 15911 15916 15925 15956 16191 16200 16201 16204 16206 16213 16215 16219 16233 16520 16526 16528 16532 16540 16544 16548 16552 16896 16905 16909 16922 16926 16929 16931 16939 17302 17306 17317 17320 17321 17334 17336 17340 17345 17352 17601 17602 17609
NODE_NUM = 100
FILE aes_sub_161.aig

# Subcircuit 162
SUB_ID 162
LO (54):  14380 14384 14393 14395 14396 14397 14399 14450 14452 14454 14477 14479 14487 14490 14502 14503 14505 14558 14587 14607 14608 14612 14629 14635 14636 14673 14683 14687 14691 14715 14722 14724 14741 14746 14799 14801 14812 14842 14860 14864 14882 14908 14911 14917 14919 15595 15609 15626 15629 15660 16595 16886 17287 17621
LI (90):  14290 14295 14311 14319 14327 14337 14350 14358 14379 14383 14389 14392 14394 14398 14406 14410 14439 14446 14449 14451 14472 14473 14476 14478 14483 14484 14486 14492 14497 14500 14501 14516 14526 14554 14557 14559 14568 14570 14575 14581 14586 14606 14610 14611 14628 14630 14632 14634 14671 14672 14682 14685 14690 14698 14714 14720 14721 14740 14745 14781 14800 14805 14813 14817 14825 14841 14847 14852 14853 14857 14859 14873 14876 14879 14883 14888 14895 14907 14909 14910 14916 14918 15593 15605 15607 15624 15625 15647 15651 15659
NODE_NUM = 100
FILE aes_sub_162.aig

# Subcircuit 163
SUB_ID 163
LO (31):  14379 14383 14392 14394 14398 14400 14430 14433 14526 14528 14537 14594 14596 14853 14926 15633 15634 15643 15659 15956 16179 16200 16532 16600 16905 16909 16922 17300 17352 17651 17658
LI (78):  14292 14298 14310 14327 14339 14350 14359 14360 14362 14364 14378 14389 14411 14416 14428 14429 14441 14447 14452 14523 14525 14536 14548 14595 14603 14625 14642 14733 14794 14803 14804 14828 14838 14878 14911 14924 15631 15641 15654 15656 15928 15932 15940 15944 15946 15951 15954 16171 16173 16177 16192 16199 16530 16575 16576 16580 16581 16585 16591 16592 16597 16898 16899 16908 16910 16912 16920 16921 17286 17289 17296 17349 17644 17646 17648 17653 17655 17657
NODE_NUM = 100
FILE aes_sub_163.aig

# Subcircuit 164
SUB_ID 164
LO (52):  14421 14441 14446 14447 14449 14451 14466 14467 14472 14630 14632 14634 14664 14667 14720 14745 14781 14795 14813 14815 14817 14852 14879 14895 15613 15624 15625 15651 15673 15879 15904 15916 15925 16164 16213 16231 16520 16564 16581 16592 16883 16896 16916 16926 17286 17302 17327 17349 17620 17629 17644 17659
LI (80):  14292 14298 14302 14304 14319 14320 14323 14362 14364 14369 14378 14399 14400 14406 14416 14420 14429 14439 14444 14445 14452 14464 14465 14470 14497 14506 14638 14656 14661 14663 14718 14744 14782 14785 14786 14788 14794 14812 14834 14851 14860 14878 14890 14892 14894 15618 15620 15621 15650 15660 15662 15671 15877 15878 15884 15903 15914 15921 15922 16163 16208 16212 16518 16547 16556 16563 16879 16881 16891 16894 16925 17326 17347 17613 17617 17619 17621 17628 17639 17643
NODE_NUM = 100
FILE aes_sub_164.aig

# Subcircuit 165
SUB_ID 165
LO (45):  14473 14476 14478 14483 14484 14486 14506 14507 14509 14512 14516 14517 14518 14656 14728 14730 14738 14758 14759 14760 14779 14825 14857 14873 14876 15605 15620 15665 15671 15877 15903 15910 15914 15940 16171 16191 16526 16546 16552 16591 16923 16939 17296 17628 17646
LI (58):  14292 14293 14298 14302 14304 14309 14312 14316 14317 14321 14336 14339 14362 14364 14378 14405 14467 14470 14479 14514 14517 14559 14563 14650 14657 14658 14710 14729 14730 14736 14756 14761 14762 14778 14820 14824 14869 14870 15604 15615 15618 15621 15667 15668 15909 15934 15939 16183 16184 16189 16524 16550 16588 16938 17291 17293 17625 17627
NODE_NUM = 100
FILE aes_sub_165.aig

# Subcircuit 166
SUB_ID 166
LO (51):  14492 14497 14500 14501 14536 14539 14540 14549 14550 14559 14595 14603 14604 14710 14712 14713 14714 14726 14733 14736 14774 14775 14776 14778 14907 15597 15662 15884 15892 15909 15922 15928 15939 16173 16182 16183 16189 16199 16528 16540 16544 16550 16563 16938 17317 17320 17334 17336 17613 17619 17632
LI (61):  14292 14298 14302 14304 14309 14312 14317 14321 14336 14339 14358 14362 14364 14378 14389 14420 14491 14503 14505 14525 14531 14532 14533 14548 14554 14574 14578 14591 14592 14593 14608 14609 14618 14685 14706 14709 14711 14722 14725 14734 14769 14777 14865 14867 14898 14902 15881 15883 15891 15908 15938 16188 16196 16536 16546 16937 17311 17314 17318 17332 17631
NODE_NUM = 100
FILE aes_sub_166.aig

# Subcircuit 167
SUB_ID 167
LO (52):  14570 14574 14575 14578 14586 14606 14609 14610 14611 14618 14628 14638 14639 14650 14685 14690 14706 14769 14869 14870 14888 14898 14902 14909 14920 15593 15644 15668 15883 15896 15898 15908 15932 15938 16163 16188 16196 16233 16518 16536 16879 16881 16891 16920 16925 16929 17293 17311 17314 17601 17617 17631
LI (72):  14292 14293 14298 14302 14304 14306 14309 14312 14316 14319 14320 14321 14336 14339 14350 14359 14362 14364 14378 14429 14491 14532 14564 14566 14567 14581 14584 14607 14613 14615 14622 14623 14627 14645 14649 14660 14683 14687 14692 14693 14700 14704 14705 14708 14709 14734 14758 14771 14773 14866 14867 14887 14914 15589 15639 15643 15895 15930 16158 16222 16224 16232 16535 16875 16887 16888 16917 16924 16927 17309 17313 17616
NODE_NUM = 96
FILE aes_sub_167.aig

# Subcircuit 168
SUB_ID 168
LO (67):  14671 14672 14682 14729 14761 14762 14777 14794 14796 14797 14800 14809 14820 14824 14834 14841 14847 14851 14865 14866 14883 14887 14890 14892 14916 14918 14928 14937 14939 14943 14944 14945 14946 14947 14958 14961 14990 14991 14992 14993 14994 15590 15592 15621 15631 15650 15654 15667 15881 15891 15921 15944 15951 15965 16192 16204 16222 16524 16556 16580 16597 16888 16908 16912 17306 17609 17655
LI (82):  588 589 14292 14298 14304 14307 14314 14329 14336 14337 14338 14339 14362 14364 14378 14395 14400 14402 14408 14410 14412 14413 14420 14434 14436 14439 14461 14462 14465 14470 14484 14506 14513 14530 14545 14548 14555 14562 14627 14629 14660 14676 14679 14681 14703 14710 14726 14730 14740 14758 14759 14760 14773 14776 14789 14790 14799 14805 14806 14807 14809 14823 14832 14833 14839 14857 14914 14938 14942 15588 15589 15665 15888 15890 15920 15942 15950 16522 16579 16595 17304 17608
NODE_NUM = 96
FILE aes_sub_168.aig

# Subcircuit 169
SUB_ID 169
LO (82):  14938 14940 14942 14948 14949 14950 14951 14952 14953 14954 14955 14956 14957 14959 14960 14965 14966 14967 14969 14972 14973 14980 14981 14988 14998 14999 15002 15003 15004 15005 15006 15007 15008 15009 15017 15020 15021 15022 15025 15029 15168 15169 15188 15189 15190 15192 15195 15196 15197 15243 15247 15248 15251 15253 15254 15330 15333 15334 15335 15378 15379 15380 15381 15466 15529 15964 16031 16034 16314 16667 16961 16975 16987 16998 17014 17374 17416 17712 17720 17878 17897 17901
LI (9):  590 591 592 593 14937 14941 14944 14947 14958
NODE_NUM = 89
FILE aes_sub_169.aig

# Subcircuit 170
SUB_ID 170
LO (67):  14941 14962 14963 14964 14974 14975 14976 14978 14979 14982 14984 14985 15018 15019 15033 15034 15035 15036 15037 15038 15043 15050 15051 15052 15056 15059 15060 15061 15103 15104 15106 15108 15109 15110 15116 15137 15138 15139 15143 15179 15216 15217 15218 15270 15271 15272 15293 15318 15319 15337 15338 15339 15340 15349 15370 15372 15382 15385 15407 15408 15514 16020 16260 16646 16684 17841 17891
LI (20):  594 595 14940 14949 14951 14956 14957 14960 14961 14969 14972 14973 14977 14981 14983 14995 15016 15017 15022 15030
NODE_NUM = 78
FILE aes_sub_170.aig

# Subcircuit 171
SUB_ID 171
LO (28):  14977 14989 14995 15024 15026 15030 15090 15193 15194 15205 15206 15283 15284 15300 15301 15305 15404 15405 15493 15494 15587 15971 16050 16241 16256 16286 16644 17389
LI (81):  14942 14948 14961 14988 14994 14999 15025 15029 15033 15067 15068 15083 15086 15087 15088 15098 15120 15167 15168 15184 15187 15191 15192 15197 15203 15204 15214 15219 15229 15231 15266 15281 15282 15286 15287 15295 15299 15304 15312 15328 15360 15367 15393 15394 15397 15398 15400 15402 15403 15408 15413 15417 15418 15423 15487 15490 15495 15499 15504 15520 15540 15547 15548 15552 15558 15559 15569 15572 15581 15969 15970 15975 15998 16005 16008 16009 16023 16046 16239 16240 16255
NODE_NUM = 100
FILE aes_sub_171.aig

# Subcircuit 172
SUB_ID 172
LO (38):  14983 15016 15083 15121 15123 15160 15165 15167 15266 15307 15308 15312 15331 15332 15360 15441 15482 15487 15490 15495 15504 15547 15558 15569 15967 15969 15975 16005 16046 16239 16316 16325 16616 16643 16978 17385 17839 17844
LI (86):  14942 14946 14961 14969 14980 14999 15004 15008 15009 15012 15014 15042 15068 15069 15073 15074 15082 15087 15119 15120 15122 15126 15134 15150 15157 15158 15162 15163 15168 15187 15219 15222 15249 15250 15253 15254 15264 15290 15294 15306 15311 15320 15330 15334 15335 15343 15359 15382 15394 15398 15434 15435 15440 15457 15473 15480 15481 15486 15493 15503 15546 15556 15565 15566 15964 15965 15974 15999 16004 16028 16033 16034 16044 16256 16258 16262 16267 16282 16283 16288 16293 16295 16304 16312 16315 16317
NODE_NUM = 100
FILE aes_sub_172.aig

# Subcircuit 173
SUB_ID 173
LO (17):  15012 15014 15520 16693 16696 17037 17040 17743 17909 28223 28241 28826 29384 29471 29789 29795 29798
LI (56):  413 423 428 478 587 14939 14945 14999 15006 15007 15019 15186 15189 15493 15508 15509 15519 15587 15677 15785 15875 15960 16238 16420 16607 16632 16642 16659 16665 16667 16671 16688 16696 16974 16985 17002 17009 17011 17015 17032 17524 17687 17693 17702 17704 17708 17739 17835 17847 17856 17866 17868 17872 17905 28825 29467
NODE_NUM = 99
FILE aes_sub_173.aig

# Subcircuit 174
SUB_ID 174
LO (26):  15042 15067 15086 15451 15457 15524 15540 15559 15581 15970 15998 16240 16255 16267 16282 16283 16688 16974 17002 17032 17431 17687 17693 17861 17905 29792
LI (82):  418 14953 14959 14990 14992 15034 15035 15036 15037 15038 15043 15047 15048 15051 15052 15056 15060 15061 15065 15066 15081 15084 15085 15267 15271 15343 15358 15363 15374 15407 15449 15453 15454 15493 15498 15523 15528 15539 15576 15580 15982 15984 15986 15988 15996 16247 16254 16264 16274 16277 16279 16674 16679 16687 16951 16955 16972 16987 16994 17001 17018 17023 17024 17027 17028 17369 17381 17383 17387 17394 17397 17404 17405 17427 17673 17675 17685 17692 17889 17892 17893 17903
NODE_NUM = 100
FILE aes_sub_174.aig

# Subcircuit 175
SUB_ID 175
LO (42):  15065 15068 15069 15073 15074 15081 15082 15084 15085 15267 15268 15273 15281 15282 15286 15287 15363 15364 15374 15393 15453 15454 15523 15546 15566 15576 15999 16004 16008 16028 16274 16312 16665 16674 17027 17381 17387 17394 17739 17866 17872 17892
LI (63):  14939 14945 14949 14953 14959 14962 14965 14967 14972 14974 14978 14981 14990 14992 14998 15003 15005 15034 15036 15051 15052 15059 15061 15155 15163 15269 15272 15273 15283 15284 15368 15369 15372 15386 15392 15433 15439 15443 15451 15545 16002 16007 16027 16269 16273 16308 16684 17025 17372 17374 17380 17385 17391 17392 17724 17729 17736 17737 17859 17861 17864 17871 17891
NODE_NUM = 99
FILE aes_sub_175.aig

# Subcircuit 176
SUB_ID 176
LO (42):  15087 15088 15098 15115 15117 15119 15155 15157 15158 15162 15163 15316 15320 15322 15324 15327 15328 15367 15368 15537 15539 15556 15981 15982 15984 16009 16027 16254 16258 16277 16632 16687 16952 16985 17025 17392 17397 17678 17702 17736 17852 17856
LI (51):  14939 14945 14949 14950 14953 14959 14962 14965 14967 14972 14974 14979 14981 14990 14992 15003 15005 15084 15090 15104 15106 15108 15110 15116 15165 15210 15267 15291 15319 15364 15434 15465 15486 15534 15535 15980 16025 16249 16253 16615 16618 16625 16684 16975 16976 16978 16983 17701 17848 17853 17855
NODE_NUM = 99
FILE aes_sub_176.aig

# Subcircuit 177
SUB_ID 177
LO (27):  15120 15122 15126 15134 15203 15204 15210 15214 15519 15528 15534 15535 15996 16025 16044 16249 16615 16625 16642 16972 16983 17380 17427 17685 17692 17847 17889
LI (61):  14939 14945 14949 14953 14959 14962 14965 14967 14972 14981 14990 14992 14998 15003 15005 15103 15108 15109 15110 15115 15117 15121 15123 15142 15205 15228 15318 15514 15518 15529 15533 15992 15993 16038 16043 16264 16610 16614 16619 16624 16634 16636 16640 16949 16964 16968 16978 16982 17359 17410 17418 17419 17424 17678 17680 17684 17691 17846 17881 17882 17887
NODE_NUM = 86
FILE aes_sub_177.aig

# Subcircuit 178
SUB_ID 178
LO (37):  15142 15150 15177 15184 15343 15460 15465 15473 15503 15508 15572 15578 16023 16033 16247 16273 16291 16295 16624 16634 16640 16659 16964 16994 17001 17023 17369 17404 17418 17424 17673 17684 17701 17704 17855 17868 17881
LI (76):  14939 14945 14953 14959 14962 14965 14967 14990 14992 15137 15138 15139 15143 15149 15168 15169 15174 15182 15183 15188 15194 15195 15196 15304 15332 15335 15338 15339 15340 15341 15348 15370 15395 15397 15411 15413 15415 15441 15464 15472 15476 15507 16015 16016 16018 16019 16020 16031 16246 16272 16610 16623 16634 16639 16645 16648 16652 16657 16658 16960 16961 16990 16991 16997 16998 17022 17359 17368 17401 17413 17417 17423 17672 17698 17877 17878
NODE_NUM = 100
FILE aes_sub_178.aig

# Subcircuit 179
SUB_ID 179
LO (46):  15182 15186 15187 15191 15219 15221 15222 15228 15229 15231 15299 15304 15306 15311 15341 15346 15348 15358 15359 15472 15507 15518 15548 15552 15980 16038 16043 16262 16293 16304 16315 16610 16618 16619 16639 16671 16960 16968 16996 17371 17423 17680 17724 17877 17882 17887
LI (47):  14939 14945 14949 14950 14953 14959 14962 14965 14967 14972 14981 14990 14992 14999 15003 15005 15006 15029 15103 15179 15188 15190 15216 15217 15218 15263 15300 15335 15347 15349 15351 15357 15466 15964 16042 16260 16291 16300 16302 16314 16616 16669 16959 17716 17718 17722 17875
NODE_NUM = 100
FILE aes_sub_179.aig

# Subcircuit 180
SUB_ID 180
LO (49):  15249 15250 15263 15264 15290 15291 15294 15295 15386 15392 15394 15395 15396 15397 15414 15421 15422 15423 15476 15480 15485 15486 15498 15499 15509 15532 15565 15974 15992 15993 16007 16018 16253 16264 16272 16308 16636 16647 16652 16669 16955 17009 17359 17368 17401 17698 17716 17846 17903
LI (59):  14939 14942 14945 14950 14951 14953 14954 14959 14962 14965 14967 14975 14982 14985 14988 14990 14992 15002 15003 15005 15020 15025 15050 15241 15243 15247 15248 15249 15273 15293 15294 15295 15316 15378 15379 15380 15381 15382 15385 15390 15391 15497 15564 15965 15971 15990 16307 16316 16954 17004 17008 17363 17364 17366 17713 17839 17845 17899 17901
NODE_NUM = 100
FILE aes_sub_180.aig

# Subcircuit 181
SUB_ID 181
LO (66):  15398 15400 15402 15403 15411 15413 15415 15417 15418 15433 15434 15435 15439 15440 15443 15449 15481 15533 15580 15604 15618 15641 15691 15697 15718 15738 15767 15774 15778 15786 15797 15821 15836 15843 15844 15852 15868 15888 15895 15911 15920 15930 15946 15988 15990 16002 16015 16067 16177 16246 16269 16288 16614 16679 16949 16951 16976 16982 16990 17018 17022 17363 17410 17672 17729 17859
LI (104):  182 184 587 12999 13007 13017 13072 13078 13204 13214 13245 13248 13305 13307 13328 13332 13441 13649 13657 13708 13713 13728 13764 13766 13827 13911 13957 14003 14005 14034 14037 14153 14158 14300 14305 14313 14338 14380 14460 14465 14486 14507 14515 14517 14525 14547 14555 14640 14673 14775 14803 14939 14945 14949 14953 14959 14962 14965 14967 14972 14981 14990 14992 14998 15003 15005 15018 15021 15050 15056 15084 15137 15160 15268 15271 15273 15316 15394 15396 15397 15404 15405 15414 15416 15421 15422 15460 15485 15486 15532 15578 15736 15835 15841 15842 15887 15967 16176 16241 16286 16612 16949 16975 17727
NODE_NUM = 100
FILE aes_sub_181.aig

# Subcircuit 182
SUB_ID 182
LO (66):  16091 16121 16128 16140 16167 16176 16201 16212 16219 16224 16232 16307 16317 16343 16385 16394 16425 16438 16441 16451 16456 16457 16459 16468 16477 16484 16495 16508 16530 16535 16548 16575 16576 16579 16612 16623 16645 16648 16657 16731 16735 16739 16744 16771 16798 16819 16822 16825 16829 16833 16861 16887 16894 16898 16917 16924 16927 16931 16937 16953 17148 17172 17225 17248 17563 17871
LI (148):  186 188 587 13008 13021 13038 13047 13055 13061 13071 13072 13073 13123 13126 13224 13248 13302 13309 13310 13313 13376 13385 13386 13579 13646 13655 13658 13666 13671 13679 13688 13696 13697 13704 13711 13730 13739 13741 13762 13773 13776 13781 13828 13866 13911 13920 13924 13932 13946 13959 13989 14004 14013 14014 14017 14021 14033 14037 14042 14051 14076 14142 14156 14170 14233 14296 14313 14338 14353 14393 14401 14435 14444 14450 14462 14477 14502 14509 14518 14531 14558 14592 14594 14614 14623 14643 14649 14662 14664 14691 14696 14707 14712 14726 14736 14741 14799 14831 14838 14952 14955 14984 14985 14989 14994 15019 15024 15251 15300 15307 15318 15322 15379 15860 16120 16126 16138 16139 16210 16211 16229 16231 16384 16446 16449 16450 16455 16546 16547 16643 16644 16646 16647 16769 16817 16818 16820 16857 16858 16885 16886 16893 16916 16923 17168 17170 17247 17561
NODE_NUM = 100
FILE aes_sub_182.aig

# Subcircuit 183
SUB_ID 183
LO (63):  16954 16997 17004 17011 17015 17050 17076 17079 17082 17104 17105 17126 17139 17159 17168 17170 17179 17200 17220 17257 17258 17266 17274 17289 17291 17304 17309 17318 17321 17326 17345 17347 17366 17372 17391 17413 17417 17419 17445 17468 17485 17496 17514 17542 17551 17571 17583 17589 17608 17616 17625 17639 17643 17648 17653 17664 17675 17691 17708 17713 17722 17757 17775
LI (159):  190 192 194 587 13005 13017 13019 13029 13038 13044 13068 13077 13078 13079 13170 13216 13223 13227 13243 13246 13248 13266 13304 13305 13307 13327 13331 13347 13384 13386 13388 13417 13420 13426 13431 13441 13442 13492 13649 13681 13694 13727 13755 13766 13782 13809 13828 13834 13883 13885 13896 13906 13914 13923 13955 14013 14048 14081 14084 14092 14154 14299 14310 14345 14361 14380 14397 14401 14411 14443 14452 14462 14466 14487 14515 14518 14532 14566 14596 14597 14614 14622 14626 14641 14663 14664 14698 14713 14728 14741 14744 14760 14774 14784 14815 14827 14829 14830 14837 14859 14943 14954 14963 14964 14966 14976 14985 14991 14993 15024 15026 15169 15177 15193 15206 15221 15243 15253 15301 15305 15307 15308 15327 15331 15333 15339 15349 15381 15494 15537 15964 15981 16952 16953 16996 17014 17102 17137 17138 17174 17199 17215 17219 17252 17256 17272 17287 17371 17389 17416 17483 17570 17581 17582 17588 17712 17720 17773 17774
NODE_NUM = 100
FILE aes_sub_183.aig

# Subcircuit 184
SUB_ID 184
LO (69):  17779 17796 17811 17815 17825 17845 17848 17853 17864 17875 17893 17899 17926 17932 17946 17950 17965 17974 17997 18002 18004 18009 18010 18011 18014 18017 18018 18019 18020 18023 18024 18026 18027 18029 18030 18031 18032 18033 18034 18036 18037 18042 18053 18055 18056 18057 18059 18060 18314 18325 18327 18328 18329 18443 18444 18447 18449 18565 18567 20734 21351 21772 21781 22063 22186 22476 22499 22528 22982
LI (53):  196 587 648 649 13022 13058 13077 13142 13315 13420 13776 13784 13930 13947 13972 13996 14013 14085 14946 15206 15218 15270 15324 15337 15346 15363 15381 15404 15423 15480 15482 15524 15529 16362 17775 17776 17823 17824 17841 17844 17852 17897 17930 17931 17945 17970 17971 17972 18003 18007 18013 18016 18022
NODE_NUM = 100
FILE aes_sub_184.aig

# Subcircuit 185
SUB_ID 185
LO (81):  18003 18005 18007 18013 18015 18016 18022 18038 18040 18041 18043 18045 18046 18048 18049 18050 18062 18063 18064 18065 18066 18067 18069 18070 18071 18083 18084 18089 18090 18091 18099 18103 18104 18105 18133 18137 18138 18139 18152 18154 18155 18161 18162 18224 18225 18233 18253 18254 18255 18260 18261 18262 18316 18317 18318 18336 18337 18339 18340 18341 18350 18351 18352 18358 18359 18395 18396 18397 18428 18429 18430 18585 20748 21775 22099 22196 22211 22521 22974 22984 22993
LI (14):  644 645 650 651 18006 18023 18026 18030 18032 18036 18037 18039 18042 18060
NODE_NUM = 92
FILE aes_sub_185.aig

# Subcircuit 186
SUB_ID 186
LO (42):  18006 18039 18115 18116 18121 18122 18124 18125 18126 18128 18129 18167 18168 18169 18170 18171 18175 18177 18178 18179 18182 18184 18388 18389 18390 18392 18438 18439 18440 18473 18575 20720 20736 21365 21413 21721 21787 22150 22201 22475 22943 22957
LI (18):  646 647 18014 18018 18024 18027 18030 18032 18037 18038 18042 18046 18048 18072 18074 18098 18114 18165
NODE_NUM = 64
FILE aes_sub_186.aig

# Subcircuit 187
SUB_ID 187
LO (45):  18072 18073 18080 18085 18098 18165 18189 18226 18228 18230 18281 18283 18319 18321 18322 18332 18334 18338 18374 18376 18377 18398 18400 18453 18476 18478 18482 18505 18506 18551 18558 18559 18563 18564 18571 18574 20723 20727 20757 21416 22076 22470 22495 22511 22935
LI (79):  18002 18007 18016 18040 18045 18062 18064 18071 18075 18079 18084 18086 18095 18099 18133 18135 18139 18147 18152 18164 18167 18184 18185 18187 18188 18190 18199 18202 18215 18222 18225 18227 18233 18244 18265 18280 18282 18284 18287 18295 18315 18318 18320 18329 18333 18337 18345 18361 18370 18373 18375 18393 18397 18399 18408 18424 18442 18449 18452 18454 18459 18463 18475 18477 18481 18489 18499 18501 18502 18504 18522 18538 18545 18548 18550 18562 18565 18570 18572
NODE_NUM = 100
FILE aes_sub_187.aig

# Subcircuit 188
SUB_ID 188
LO (27):  18074 18075 18086 18135 18190 18227 18282 18320 18333 18375 18399 18454 18477 18504 18550 18590 18591 18651 20707 20708 20797 21083 21432 21441 21732 21797 22983
LI (74):  397 402 407 587 18007 18009 18016 18040 18045 18053 18064 18070 18099 18111 18133 18151 18152 18185 18202 18220 18233 18244 18246 18284 18305 18336 18351 18395 18396 18413 18420 18447 18459 18463 18547 18558 18580 18587 18592 18596 18606 18607 18611 18624 18631 18634 18635 18641 18643 20698 20703 20711 20725 20741 20762 20765 20767 20772 20774 20792 21074 21079 21346 21371 21381 21398 21400 21401 21407 21409 21427 21437 21727 21730
NODE_NUM = 100
FILE aes_sub_188.aig

# Subcircuit 189
SUB_ID 189
LO (15):  18079 21407 23004 23013 28484 28931 28934 28949 28970 28988 28991 29006 29051 29486 30092
LI (43):  270 318 323 333 338 353 393 432 587 18004 18064 18073 18078 18251 18558 18651 20797 21406 21432 21805 22133 22930 22933 22935 22937 22938 22948 23002 23009 28475 28480 28919 28927 28937 28945 28976 28984 28994 29002 29042 29047 29477 29482
NODE_NUM = 100
FILE aes_sub_189.aig

# Subcircuit 190
SUB_ID 190
LO (16):  18078 18095 18570 20741 21805 21814 22133 22142 22200 28409 28430 29021 29576 30101 30104 30107
LI (62):  293 298 303 343 373 378 412 417 587 18010 18018 18064 18065 18066 18069 18091 18093 18248 18252 18253 18262 18419 18558 18567 20729 20730 20740 21717 21742 21754 21764 21766 21770 21777 21779 21783 21800 21810 22061 22065 22066 22070 22083 22108 22113 22116 22117 22127 22131 22138 22186 22191 22199 22219 28400 28405 28421 28426 29009 29017 29567 29572
NODE_NUM = 100
FILE aes_sub_190.aig

# Subcircuit 191
SUB_ID 191
LO (18):  18093 18114 18538 20725 20762 20792 21409 21427 21742 21764 22108 22219 22461 22536 28448 29036 29594 30110
LI (70):  308 348 383 422 587 18014 18018 18027 18064 18073 18099 18104 18105 18108 18112 18113 18124 18146 18254 18423 18428 18518 18530 18532 18536 18558 20714 20715 20724 20747 20750 20752 20761 20784 20786 20790 21419 21422 21424 21720 21723 21740 21756 21763 22089 22096 22107 22159 22169 22185 22200 22201 22205 22213 22452 22457 22473 22484 22487 22488 22492 22501 22532 22536 28439 28444 29024 29032 29585 29590
NODE_NUM = 99
FILE aes_sub_191.aig

# Subcircuit 192
SUB_ID 192
LO (32):  18108 18111 18112 18146 18147 18151 18157 18164 18216 18219 18220 18222 18361 18580 18606 18607 18631 20740 20752 20784 21398 21400 21421 21424 21800 22083 22096 22213 22473 22501 22532 23002
LI (72):  18004 18010 18024 18043 18055 18057 18099 18133 18137 18152 18155 18163 18224 18228 18332 18334 18341 18343 18348 18350 18352 18360 18432 18451 18473 18563 18564 18571 18574 18575 18600 18605 18628 18630 20734 20735 20736 20780 21382 21389 21397 21399 21792 21798 22074 22076 22082 22091 22095 22212 22463 22465 22471 22497 22499 22517 22519 22521 22523 22530 22953 22955 22958 22960 22963 22964 22972 22973 22975 22977 22986 22999
NODE_NUM = 100
FILE aes_sub_192.aig

# Subcircuit 193
SUB_ID 193
LO (35):  18163 18185 18187 18188 18199 18268 18278 18280 18432 18442 18587 18596 18628 18641 20724 20735 21347 21371 21374 21381 21422 21740 21754 21766 22082 22095 22110 22122 22149 22153 22166 22185 22484 22942 22975
LI (70):  18004 18010 18014 18018 18024 18027 18030 18032 18037 18042 18046 18048 18055 18057 18063 18152 18157 18161 18162 18168 18170 18171 18175 18178 18179 18189 18190 18219 18226 18230 18293 18390 18430 18441 18530 18551 18581 18586 18594 18627 18639 20720 20723 20734 21349 21353 21357 21358 21363 21368 21373 21375 21379 21421 21732 21736 21744 21745 21747 21751 21752 21765 22094 22171 22177 22184 22477 22481 22483 22974
NODE_NUM = 100
FILE aes_sub_193.aig

# Subcircuit 194
SUB_ID 194
LO (33):  18202 18215 18235 18236 18237 18238 18239 18241 18248 18257 18258 18259 18265 18441 18530 18624 20714 20747 20767 21361 21373 21389 21763 21779 21792 22065 22107 22113 22114 22159 22177 22483 22999
LI (50):  18004 18005 18010 18014 18018 18024 18027 18030 18032 18042 18046 18048 18055 18057 18115 18233 18247 18256 18262 18440 18476 18477 18478 18483 18486 18506 18541 18548 18575 18616 18619 20715 20744 20745 21386 21788 21790 22062 22063 22100 22103 22110 22112 22144 22148 22155 22174 22990 22994 22996
NODE_NUM = 100
FILE aes_sub_194.aig

# Subcircuit 195
SUB_ID 195
LO (34):  18244 18246 18247 18251 18252 18256 18295 18408 18413 18419 18420 18423 18424 18532 18581 18634 18643 20765 21349 21357 21379 21730 21744 21745 21765 22066 22074 22127 22148 22199 22481 22517 22937 22972
LI (47):  18004 18005 18010 18014 18018 18019 18024 18027 18030 18032 18037 18042 18046 18048 18055 18057 18064 18066 18168 18237 18238 18241 18255 18256 18268 18281 18283 18291 18294 18328 18368 18369 18400 18521 18560 18632 20715 21355 21378 21743 22073 22123 22147 22196 22480 22508 22516
NODE_NUM = 78
FILE aes_sub_195.aig

# Subcircuit 196
SUB_ID 196
LO (48):  18284 18287 18291 18293 18294 18305 18315 18343 18344 18345 18348 18360 18368 18369 18370 18373 18451 18452 18536 18592 18594 18611 18639 20711 20772 20774 20780 21358 21363 21375 21378 21401 21727 21736 21777 22070 22073 22123 22147 22155 22169 22465 22516 22519 22530 22933 22948 22963
LI (53):  18004 18010 18014 18015 18018 18024 18027 18030 18032 18037 18040 18041 18042 18046 18048 18049 18055 18057 18133 18168 18268 18314 18318 18340 18341 18358 18359 18374 18375 18376 18388 18453 18560 18590 20708 20709 20779 21361 21772 21775 22062 22069 22122 22151 22153 22164 22166 22511 22526 22528 22931 22944 22962
NODE_NUM = 100
FILE aes_sub_196.aig

# Subcircuit 197
SUB_ID 197
LO (40):  18393 18459 18475 18481 18483 18486 18489 18541 18545 18547 18548 18572 18616 18619 18627 20729 20744 20745 20761 21353 21368 21382 21386 21720 21723 22069 22089 22103 22144 22164 22174 22205 22463 22471 22477 22492 22953 22955 22990 22996
LI (55):  18004 18010 18014 18015 18018 18024 18027 18030 18032 18037 18042 18046 18048 18055 18057 18115 18169 18177 18178 18179 18329 18389 18392 18464 18465 18468 18469 18473 18474 18482 18499 18500 18502 18508 18513 18545 18551 18572 20709 20727 20743 20758 21347 21351 21365 21721 21743 22063 22088 22160 22161 22204 22470 22475 22476
NODE_NUM = 89
FILE aes_sub_197.aig

# Subcircuit 198
SUB_ID 198
LO (62):  18463 18464 18465 18468 18469 18499 18500 18501 18502 18508 18513 18518 18521 18522 18560 18562 18586 18600 18605 18630 18635 18652 18654 18658 18659 18660 18661 18662 18664 18668 18673 18676 18687 18692 18703 18705 18706 18707 18708 18709 18710 19093 19094 19095 19217 20715 20743 20758 21088 21419 21788 21790 21798 22100 22112 22204 22487 22488 22551 22931 22964 22994
LI (53):  640 641 18004 18010 18014 18018 18024 18027 18030 18032 18037 18042 18046 18048 18055 18057 18063 18103 18105 18115 18116 18121 18122 18125 18126 18128 18129 18225 18236 18254 18259 18261 18317 18338 18377 18392 18439 18444 18505 18521 18559 18585 18653 18657 18663 20757 21413 21415 21416 21787 21797 22099 22993
NODE_NUM = 95
FILE aes_sub_198.aig

# Subcircuit 199
SUB_ID 199
LO (65):  18653 18655 18657 18663 18665 18666 18667 18669 18670 18671 18672 18674 18677 18678 18679 18680 18681 18688 18695 18696 18698 18713 18714 18715 18719 18720 18722 18723 18734 18735 18742 18744 18883 18886 18908 18909 18910 18958 18959 18960 18961 18967 18968 18969 19045 19046 19047 19048 19181 19182 19183 19282 20820 20876 21129 21132 21143 21146 21467 21503 21869 22264 22582 22600 22603
LI (11):  636 637 642 643 18652 18656 18662 18664 18668 18673 18676
NODE_NUM = 76
FILE aes_sub_199.aig

# Subcircuit 200
SUB_ID 200
LO (73):  18656 18682 18683 18689 18690 18691 18693 18694 18697 18699 18700 18716 18717 18739 18740 18748 18749 18750 18753 18754 18755 18765 18766 18767 18774 18775 18776 18818 18819 18820 18821 18822 18823 18831 18852 18853 18854 18862 18894 18895 18896 18897 18985 18986 18987 19008 19039 19040 19041 19052 19054 19056 19061 19079 19085 19086 19087 19088 19096 19097 19098 19100 19122 19123 21122 21445 21870 22259 22578 22594 22786 22805 22836
LI (22):  638 639 18655 18659 18666 18668 18671 18672 18679 18681 18687 18688 18692 18696 18698 18710 18714 18715 18720 18730 18738 18744
NODE_NUM = 87
FILE aes_sub_200.aig

# Subcircuit 201
SUB_ID 201
LO (51):  18725 18730 18736 18738 18778 18779 18785 18840 18841 18877 18878 18880 18932 18933 18950 18970 18971 18972 18983 18984 18988 19025 19026 19037 19038 19049 19050 19077 19104 19127 19128 19132 19142 19154 19155 19156 19173 19200 19201 19203 19214 19280 20813 20817 20847 21153 21829 22545 22570 22586 22777
LI (77):  18657 18659 18666 18690 18695 18714 18723 18729 18734 18735 18748 18749 18764 18766 18773 18776 18777 18783 18784 18789 18797 18802 18814 18819 18834 18835 18838 18839 18849 18852 18865 18872 18875 18876 18883 18894 18915 18930 18931 18934 18937 18945 18965 18968 18969 18979 18982 18987 18995 19011 19020 19023 19024 19035 19036 19041 19047 19048 19058 19074 19092 19099 19102 19103 19109 19113 19125 19126 19131 19139 19149 19152 19153 19172 19195 19198 19199
NODE_NUM = 96
FILE aes_sub_201.aig

# Subcircuit 202
SUB_ID 202
LO (15):  18729 21169 21346 22847 22930 28349 28370 28388 28400 28421 28475 28919 28937 28976 28994
LI (45):  358 363 368 587 18651 18654 18714 18723 18728 18901 19208 19301 20797 20887 21108 21118 21135 21141 21143 21147 21164 21340 21343 21432 21529 21886 22446 22776 22778 22780 22781 22791 22845 22927 28334 28345 28355 28366 28376 28384 28394 28415 28472 28916 28973
NODE_NUM = 100
FILE aes_sub_202.aig

# Subcircuit 203
SUB_ID 203
LO (22):  18728 18751 18760 18764 19301 20698 20887 21074 21135 21481 21529 21717 21886 22061 28439 29009 29477 29540 29558 29996 30005 30008
LI (62):  293 298 318 333 338 587 18660 18664 18714 18719 18749 18750 18754 18755 18759 18761 18796 18902 18903 19123 19208 19213 19216 19217 19228 19299 20695 20816 20831 20837 20840 20842 20851 20883 21071 21119 21126 21134 21466 21478 21480 21494 21501 21503 21507 21524 21714 21818 21819 21823 21884 22058 22296 22758 28433 28970 28991 29474 29528 29536 29546 29554
NODE_NUM = 100
FILE aes_sub_203.aig

# Subcircuit 204
SUB_ID 204
LO (18):  18759 18761 19299 20816 21164 21466 21884 22296 22452 22773 28466 28472 29024 29042 29567 29585 30011 30014
LI (62):  343 348 388 427 587 18654 18674 18677 18749 18750 18874 19073 19078 19168 19208 19249 19250 19255 19263 19274 19297 20692 20802 20804 20805 20814 21156 21159 21161 21444 21447 21464 21836 21837 21842 21849 21860 21882 22236 22246 22262 22277 22278 22282 22290 22449 22536 22548 22559 22562 22563 22567 22576 22607 22761 22769 22924 28451 28462 28469 29564 29582
NODE_NUM = 100
FILE aes_sub_204.aig

# Subcircuit 205
SUB_ID 205
LO (47):  18773 18777 18783 18784 18788 18789 18793 18794 18795 18796 18797 18995 18997 19001 19003 19011 19092 19165 19166 19168 19170 19171 19172 19228 19249 19250 19255 19261 20799 20804 20831 20872 21136 21138 21150 21151 21156 21518 21524 21847 21860 22284 22559 22573 22593 22835 22845
LI (59):  18654 18660 18664 18668 18674 18677 18680 18682 18687 18689 18692 18696 18698 18705 18707 18713 18722 18755 18766 18767 18772 18775 18822 19010 19084 19087 19088 19122 19159 19162 19164 19167 19224 19226 19233 19235 19248 19253 20803 20823 20824 20825 20827 21111 21152 21153 21510 21515 21523 21852 21859 22239 22549 22551 22556 22558 22798 22802 22844
NODE_NUM = 99
FILE aes_sub_205.aig

# Subcircuit 206
SUB_ID 206
LO (30):  18802 18814 18872 18874 18875 18876 18982 19078 19084 19226 19235 19248 19263 20840 20842 20883 21159 21161 21478 21523 21849 21852 22246 22262 22290 22548 22549 22562 22607 22844
LI (69):  18654 18660 18664 18665 18668 18674 18677 18680 18682 18687 18689 18692 18694 18696 18698 18705 18707 18722 18749 18760 18761 18805 18813 18877 18880 18985 18997 19001 19079 19082 19160 19201 19214 19239 19247 19259 19261 20867 20870 20872 20881 21468 21469 21471 21476 21518 21522 21845 21847 22245 22248 22254 22261 22286 22538 22540 22546 22560 22592 22595 22596 22605 22816 22818 22820 22825 22827 22829 22842
NODE_NUM = 100
FILE aes_sub_206.aig

# Subcircuit 207
SUB_ID 207
LO (44):  18834 18835 18837 18838 18839 18846 18849 18917 18918 18920 18923 18926 18930 19029 19030 19033 19035 19036 19233 19245 19246 19297 20814 20823 20825 21084 21096 21108 21111 21118 21447 21458 21461 21474 21494 21832 21875 21882 22227 22239 22245 22546 22556 22785
LI (64):  18654 18660 18664 18668 18674 18677 18680 18682 18687 18692 18696 18698 18705 18707 18713 18722 18818 18819 18820 18822 18823 18831 18832 18833 18857 18922 18925 18927 18928 18979 19003 19031 19037 19039 19040 19149 19180 19195 19231 19244 19276 19280 19296 20809 20813 20817 20822 21091 21094 21101 21103 21110 21112 21116 21445 21488 21489 21492 21865 21881 22241 22242 22545 22554
NODE_NUM = 100
FILE aes_sub_207.aig

# Subcircuit 208
SUB_ID 208
LO (26):  18857 18865 18915 19058 19180 19208 19274 19296 20803 20837 20867 21101 21110 21116 21126 21464 21488 21818 21859 21881 22236 22254 22261 22558 22576 22842
LI (84):  18664 18674 18677 18680 18705 18707 18730 18852 18853 18854 18862 18864 18883 18886 18891 18898 18905 18914 18950 19019 19050 19054 19055 19056 19063 19077 19085 19086 19126 19127 19128 19142 19156 19171 19173 19176 19177 19178 19187 19191 19198 19203 19266 19267 19269 19270 19271 19282 19287 19295 20805 20834 20835 20855 20856 20866 21097 21099 21110 21115 21124 21452 21453 21463 21481 21483 21484 21815 21816 21856 21873 21876 21878 22221 22222 22224 22225 22232 22251 22260 22570 22575 22833 22841
NODE_NUM = 100
FILE aes_sub_208.aig

# Subcircuit 209
SUB_ID 209
LO (51):  18891 18898 18901 18902 18903 18905 18914 18931 18934 18935 18936 18937 18939 18940 18942 18943 18944 18945 19015 19016 19017 19019 19020 19024 19055 19060 19073 19074 19213 19231 19295 20822 20853 20861 20866 20881 21091 21094 21099 21115 21492 21819 21878 22224 22277 22588 22592 22776 22780 22788 22816
LI (61):  18654 18660 18664 18665 18668 18680 18682 18687 18692 18705 18707 18714 18722 18744 18818 18883 18886 18894 18896 18897 18905 18909 18910 18913 18932 18933 18941 18978 19018 19020 19045 19052 19064 19066 19181 19209 19211 19291 20805 20820 20862 20864 20876 20880 21084 21090 21092 21491 22269 22270 22272 22273 22554 22578 22583 22591 22775 22779 22810 22812 22813
NODE_NUM = 99
FILE aes_sub_209.aig

# Subcircuit 210
SUB_ID 210
LO (42):  18965 18978 18979 19010 19023 19031 19063 19064 19066 19187 19216 19244 19247 19291 20802 20824 20854 20862 20870 21092 21097 21112 21134 21147 21452 21476 21501 21816 21823 21836 21876 22242 22248 22538 22540 22591 22605 22775 22781 22810 22813 22825
LI (78):  18654 18657 18660 18666 18667 18674 18677 18680 18682 18690 18696 18697 18698 18699 18705 18707 18717 18736 18739 18878 18894 18918 18934 18935 18939 18940 18956 18960 18961 18964 18968 18972 19008 19009 19010 19015 19024 19029 19030 19038 19050 19060 19061 19065 19094 19101 19103 19183 19214 19241 19246 19290 20798 20799 20861 20869 21096 21129 21133 21146 21450 21474 21496 21499 21500 21815 21822 21831 21834 21875 22537 22586 22588 22601 22603 22805 22809 22823
NODE_NUM = 100
FILE aes_sub_210.aig

# Subcircuit 211
SUB_ID 211
LO (42):  19099 19101 19102 19103 19109 19125 19131 19139 19191 19195 19198 19199 19224 19241 19259 19266 19269 20827 20834 20835 20851 20869 21090 21119 21124 21141 21444 21515 21815 21822 21842 21856 22221 22241 22251 22282 22537 22567 22778 22798 22833 22841
LI (58):  18654 18660 18664 18665 18668 18674 18677 18680 18682 18687 18690 18692 18693 18696 18698 18700 18705 18707 18722 18765 18795 18967 19035 19095 19098 19100 19114 19115 19118 19119 19123 19124 19132 19150 19152 19158 19163 19178 19200 19201 19223 19258 20799 20833 20848 21084 21088 21122 21136 21140 21467 21514 21841 22237 22239 22281 22777 22837
NODE_NUM = 85
FILE aes_sub_211.aig

# Subcircuit 212
SUB_ID 212
LO (72):  19113 19114 19115 19118 19119 19126 19149 19150 19152 19153 19158 19159 19160 19162 19163 19164 19177 19178 19209 19223 19239 19253 19258 19276 19287 19290 19302 19304 19308 19310 19311 19312 19313 19314 19316 19317 19318 19319 19321 19322 19327 19333 19347 19348 19351 19354 19374 19376 19390 19635 19637 19638 19639 19752 19840 19842 19843 19844 19936 20611 20668 20805 20954 20962 21223 21510 21514 21522 21865 22281 22560 22809
LI (44):  630 631 18654 18660 18664 18668 18674 18677 18680 18682 18687 18692 18696 18698 18703 18705 18707 18713 18722 18761 18765 18779 18821 18837 18841 18852 18917 18920 18943 18967 18970 18983 18986 18988 19094 19097 19104 19155 19303 19307 19309 19320 21520 22808
NODE_NUM = 86
FILE aes_sub_212.aig

# Subcircuit 213
SUB_ID 213
LO (72):  19303 19305 19307 19309 19320 19323 19324 19325 19326 19328 19329 19331 19332 19335 19337 19338 19339 19341 19342 19343 19349 19362 19370 19371 19372 19373 19381 19382 19383 19400 19401 19428 19432 19440 19441 19451 19455 19456 19457 19535 19536 19537 19542 19543 19544 19545 19560 19634 19657 19660 19661 19733 19756 19794 19796 19797 19798 19800 19801 19802 19815 19816 19817 19819 19890 19922 20627 20659 21170 21220 21222 21887
LI (13):  628 629 632 633 19306 19313 19316 19319 19321 19322 19327 19330 19333
NODE_NUM = 79
FILE aes_sub_213.aig

# Subcircuit 214
SUB_ID 214
LO (65):  19306 19330 19417 19418 19420 19422 19423 19424 19425 19469 19472 19473 19474 19476 19477 19482 19503 19566 19567 19569 19574 19575 19576 19578 19579 19580 19593 19673 19674 19675 19688 19691 19693 19704 19705 19708 19710 19712 19715 19716 19717 19719 19720 19721 19723 19730 19783 19785 19835 19871 19879 19926 20601 20619 20899 20946 21196 21241 21534 21559 21600 21905 22325 22352 22639
LI (17):  634 635 19314 19321 19324 19328 19333 19338 19348 19351 19354 19356 19399 19400 19416 19433 19467
NODE_NUM = 85
FILE aes_sub_214.aig

# Subcircuit 215
SUB_ID 215
LO (25):  19350 19353 19399 19413 19414 19416 19818 21714 22058 22446 22449 22758 22761 22924 22927 28415 28433 28451 28973 29528 29546 29564 29582 29909 29915
LI (43):  373 383 19314 19337 19339 19342 19343 19348 19349 19352 19358 19359 19398 19408 19411 19412 19802 19812 19858 20689 21555 21566 21576 21579 21581 21612 21711 21957 22049 22052 22312 22320 22337 22339 22341 22350 22365 22443 22446 22683 22755 22921 29525
NODE_NUM = 100
FILE aes_sub_215.aig

# Subcircuit 216
SUB_ID 216
LO (22):  19352 19858 19948 20689 20692 20695 20972 21071 21250 21340 21343 21619 21711 21957 22341 22683 28334 28355 28469 28916 29474 29492
LI (38):  19349 19351 19358 19602 19647 19729 19792 19807 19808 19809 19813 19821 19854 19947 20599 20624 20642 20645 20646 20656 20685 20971 21062 21065 21177 21179 21191 21248 21337 21708 21956 22623 22632 22649 22663 22670 22671 22676
NODE_NUM = 87
FILE aes_sub_216.aig

# Subcircuit 217
SUB_ID 217
LO (50):  19356 19357 19358 19364 19365 19398 19446 19447 19448 19467 19525 19526 19527 19532 19557 19559 19602 19603 19604 19605 19609 19625 19626 19627 19652 19653 19654 19655 19669 19670 19672 19729 19737 19746 19792 19839 19841 19845 19849 19850 19851 19947 20600 20902 21177 21581 21897 21956 22614 22649
LI (72):  19307 19318 19323 19331 19339 19347 19349 19353 19354 19357 19362 19368 19370 19379 19383 19397 19401 19442 19445 19451 19466 19469 19485 19496 19502 19504 19517 19524 19530 19549 19556 19562 19582 19599 19608 19616 19624 19630 19648 19651 19662 19668 19679 19695 19727 19736 19738 19742 19745 19750 19758 19791 19816 19818 19840 19844 19876 19894 19920 19929 19935 19938 19940 21170 21176 21194 21887 21895 21955 22641 22644 22646
NODE_NUM = 99
FILE aes_sub_217.aig

# Subcircuit 218
SUB_ID 218
LO (20):  19368 19379 19397 19556 19935 20624 20642 20971 21248 21555 21566 21579 21922 21955 22320 22337 22350 22365 22623 22646
LI (89):  19311 19348 19351 19362 19364 19365 19370 19372 19373 19374 19376 19382 19383 19396 19428 19532 19536 19540 19551 19552 19559 19561 19562 19651 19652 19660 19745 19888 19931 19932 20602 20604 20607 20609 20611 20613 20621 20625 20627 20638 20641 20891 20904 20908 20910 20916 20922 20923 20928 20937 20968 21203 21212 21213 21216 21218 21225 21227 21231 21245 21532 21538 21540 21544 21552 21556 21560 21564 21908 21917 21921 21934 21938 21941 21943 21951 22314 22318 22329 22332 22333 22346 22348 22352 22357 22364 22613 22614 22621
NODE_NUM = 100
FILE aes_sub_218.aig

# Subcircuit 219
SUB_ID 219
LO (54):  19392 19396 19405 19407 19408 19409 19411 19462 19464 19466 19489 19491 19499 19502 19514 19515 19517 19570 19599 19619 19620 19624 19641 19647 19648 19685 19695 19699 19703 19727 19734 19736 19753 19758 19811 19813 19824 19854 19872 19876 19894 19920 19923 19929 19931 20607 20621 20638 20641 20672 21607 21898 22299 22633
LI (90):  19302 19307 19323 19331 19339 19349 19362 19370 19391 19395 19401 19404 19406 19410 19418 19422 19451 19458 19461 19463 19484 19485 19488 19490 19495 19496 19498 19504 19509 19512 19513 19528 19538 19566 19569 19571 19580 19582 19587 19593 19598 19618 19622 19623 19640 19642 19644 19646 19683 19684 19694 19697 19702 19710 19726 19732 19733 19752 19757 19793 19812 19817 19825 19829 19837 19853 19859 19864 19865 19869 19871 19885 19888 19891 19895 19900 19907 19919 19921 19922 19928 19930 20605 20617 20619 20636 20637 20659 20663 20671
NODE_NUM = 100
FILE aes_sub_219.aig

# Subcircuit 220
SUB_ID 220
LO (31):  19391 19395 19404 19406 19410 19412 19442 19445 19538 19540 19549 19606 19608 19865 19938 20645 20646 20655 20671 20968 21191 21212 21544 21612 21917 21921 21934 22312 22364 22663 22670
LI (78):  19304 19310 19322 19339 19351 19362 19371 19372 19374 19376 19390 19401 19423 19428 19440 19441 19453 19459 19464 19535 19537 19548 19560 19607 19615 19637 19654 19745 19806 19815 19816 19840 19850 19890 19923 19936 20643 20653 20666 20668 20940 20944 20952 20956 20958 20963 20966 21183 21185 21189 21204 21211 21542 21587 21588 21592 21593 21597 21603 21604 21609 21910 21911 21920 21922 21924 21932 21933 22298 22301 22308 22361 22656 22658 22660 22665 22667 22669
NODE_NUM = 100
FILE aes_sub_220.aig

# Subcircuit 221
SUB_ID 221
LO (52):  19433 19453 19458 19459 19461 19463 19478 19479 19484 19642 19644 19646 19676 19679 19732 19757 19793 19807 19825 19827 19829 19864 19891 19907 20625 20636 20637 20663 20685 20891 20916 20928 20937 21176 21225 21243 21532 21576 21593 21604 21895 21908 21928 21938 22298 22314 22339 22361 22632 22641 22656 22671
LI (80):  19304 19310 19314 19316 19331 19332 19335 19374 19376 19381 19390 19411 19412 19418 19428 19432 19441 19451 19456 19457 19464 19476 19477 19482 19509 19518 19650 19668 19673 19675 19730 19756 19794 19797 19798 19800 19806 19824 19846 19863 19872 19890 19902 19904 19906 20630 20632 20633 20662 20672 20674 20683 20889 20890 20896 20915 20926 20933 20934 21175 21220 21224 21530 21559 21568 21575 21891 21893 21903 21906 21937 22338 22359 22625 22629 22631 22633 22640 22651 22655
NODE_NUM = 100
FILE aes_sub_221.aig

# Subcircuit 222
SUB_ID 222
LO (45):  19485 19488 19490 19495 19496 19498 19518 19519 19521 19524 19528 19529 19530 19668 19740 19742 19750 19770 19771 19772 19791 19837 19869 19885 19888 20617 20632 20677 20683 20889 20915 20922 20926 20952 21183 21203 21538 21558 21564 21603 21935 21951 22308 22640 22658
LI (58):  19304 19305 19310 19314 19316 19321 19324 19328 19329 19333 19348 19351 19374 19376 19390 19417 19479 19482 19491 19526 19529 19571 19575 19662 19669 19670 19722 19741 19742 19748 19768 19773 19774 19790 19832 19836 19881 19882 20616 20627 20630 20633 20679 20680 20921 20946 20951 21195 21196 21201 21536 21562 21600 21950 22303 22305 22637 22639
NODE_NUM = 100
FILE aes_sub_222.aig

# Subcircuit 223
SUB_ID 223
LO (51):  19504 19509 19512 19513 19548 19551 19552 19561 19562 19571 19607 19615 19616 19722 19724 19725 19726 19738 19745 19748 19786 19787 19788 19790 19919 20609 20674 20896 20904 20921 20934 20940 20951 21185 21194 21195 21201 21211 21540 21552 21556 21562 21575 21950 22329 22332 22346 22348 22625 22631 22644
LI (61):  19304 19310 19314 19316 19321 19324 19329 19333 19348 19351 19370 19374 19376 19390 19401 19432 19503 19515 19517 19537 19543 19544 19545 19560 19566 19586 19590 19603 19604 19605 19620 19621 19630 19697 19718 19721 19723 19734 19737 19746 19781 19789 19877 19879 19910 19914 20893 20895 20903 20920 20950 21200 21208 21548 21558 21949 22323 22326 22330 22344 22643
NODE_NUM = 100
FILE aes_sub_223.aig

# Subcircuit 224
SUB_ID 224
LO (52):  19582 19586 19587 19590 19598 19618 19621 19622 19623 19630 19640 19650 19651 19662 19697 19702 19718 19781 19881 19882 19900 19910 19914 19921 19932 20605 20656 20680 20895 20908 20910 20920 20944 20950 21175 21200 21208 21245 21530 21548 21891 21893 21903 21932 21937 21941 22305 22323 22326 22613 22629 22643
LI (72):  19304 19305 19310 19314 19316 19318 19321 19324 19328 19331 19332 19333 19348 19351 19362 19371 19374 19376 19390 19441 19503 19544 19576 19578 19579 19593 19596 19619 19625 19627 19634 19635 19639 19657 19661 19672 19695 19699 19704 19705 19712 19716 19717 19720 19721 19746 19770 19783 19785 19878 19879 19899 19926 20601 20651 20655 20907 20942 21170 21234 21236 21244 21547 21887 21899 21900 21929 21936 21939 22321 22325 22628
NODE_NUM = 96
FILE aes_sub_224.aig

# Subcircuit 225
SUB_ID 225
LO (67):  19683 19684 19694 19741 19773 19774 19789 19806 19808 19809 19812 19821 19832 19836 19846 19853 19859 19863 19877 19878 19895 19899 19902 19904 19928 19930 19940 19949 19951 19955 19956 19957 19958 19959 19970 19973 20002 20003 20004 20005 20006 20602 20604 20633 20643 20662 20666 20679 20893 20903 20933 20956 20963 20977 21204 21216 21234 21536 21568 21592 21609 21900 21920 21924 22318 22621 22667
LI (82):  620 621 19304 19310 19316 19319 19326 19341 19348 19349 19350 19351 19374 19376 19390 19407 19412 19414 19420 19422 19424 19425 19432 19446 19448 19451 19473 19474 19477 19482 19496 19518 19525 19542 19557 19560 19567 19574 19639 19641 19672 19688 19691 19693 19715 19722 19738 19742 19752 19770 19771 19772 19785 19788 19801 19802 19811 19817 19818 19819 19821 19835 19844 19845 19851 19869 19926 19950 19954 20600 20601 20677 20900 20902 20932 20954 20962 21534 21591 21607 22316 22620
NODE_NUM = 96
FILE aes_sub_225.aig

# Subcircuit 226
SUB_ID 226
LO (82):  19950 19952 19954 19960 19961 19962 19963 19964 19965 19966 19967 19968 19969 19971 19972 19977 19978 19979 19981 19984 19985 19992 19993 20000 20010 20011 20014 20015 20016 20017 20018 20019 20020 20021 20029 20032 20033 20034 20037 20041 20180 20181 20200 20201 20202 20204 20207 20208 20209 20255 20259 20260 20263 20265 20266 20342 20345 20346 20347 20390 20391 20392 20393 20478 20541 20976 21043 21046 21326 21679 21973 21987 21999 22010 22026 22386 22428 22724 22732 22890 22909 22913
LI (9):  622 623 624 625 19949 19953 19956 19959 19970
NODE_NUM = 89
FILE aes_sub_226.aig

# Subcircuit 227
SUB_ID 227
LO (67):  19953 19974 19975 19976 19986 19987 19988 19990 19991 19994 19996 19997 20030 20031 20045 20046 20047 20048 20049 20050 20055 20062 20063 20064 20068 20071 20072 20073 20115 20116 20118 20120 20121 20122 20128 20149 20150 20151 20155 20191 20228 20229 20230 20282 20283 20284 20305 20330 20331 20349 20350 20351 20352 20361 20382 20384 20394 20397 20419 20420 20526 21032 21272 21658 21696 22853 22903
LI (20):  626 627 19952 19961 19963 19968 19969 19972 19973 19981 19984 19985 19989 19993 19995 20007 20028 20029 20034 20042
NODE_NUM = 78
FILE aes_sub_227.aig

# Subcircuit 228
SUB_ID 228
LO (28):  19989 20001 20007 20036 20038 20042 20102 20205 20206 20217 20218 20295 20296 20312 20313 20317 20416 20417 20505 20506 20599 20983 21062 21253 21268 21298 21656 22401
LI (81):  19954 19960 19973 20000 20006 20011 20037 20041 20045 20079 20080 20095 20098 20099 20100 20110 20132 20179 20180 20196 20199 20203 20204 20209 20215 20216 20226 20231 20241 20243 20278 20293 20294 20298 20299 20307 20311 20316 20324 20340 20372 20379 20405 20406 20409 20410 20412 20414 20415 20420 20425 20429 20430 20435 20499 20502 20507 20511 20516 20532 20552 20559 20560 20564 20570 20571 20581 20584 20593 20981 20982 20987 21010 21017 21020 21021 21035 21058 21251 21252 21267
NODE_NUM = 100
FILE aes_sub_228.aig

# Subcircuit 229
SUB_ID 229
LO (38):  19995 20028 20095 20133 20135 20172 20177 20179 20278 20319 20320 20324 20343 20344 20372 20453 20494 20499 20502 20507 20516 20559 20570 20581 20979 20981 20987 21017 21058 21251 21328 21337 21628 21655 21990 22397 22851 22856
LI (86):  19954 19958 19973 19981 19992 20011 20016 20020 20021 20024 20026 20054 20080 20081 20085 20086 20094 20099 20131 20132 20134 20138 20146 20162 20169 20170 20174 20175 20180 20199 20231 20234 20261 20262 20265 20266 20276 20302 20306 20318 20323 20332 20342 20346 20347 20355 20371 20394 20406 20410 20446 20447 20452 20469 20485 20492 20493 20498 20505 20515 20558 20568 20577 20578 20976 20977 20986 21011 21016 21040 21045 21046 21056 21268 21270 21274 21279 21294 21295 21300 21305 21307 21316 21324 21327 21329
NODE_NUM = 100
FILE aes_sub_229.aig

# Subcircuit 230
SUB_ID 230
LO (17):  20024 20026 20532 21705 21708 22049 22052 22755 22921 28376 28394 28964 29525 29612 29813 29819 29822
LI (56):  313 412 422 427 587 19951 19957 20011 20018 20019 20031 20198 20201 20505 20520 20521 20531 20599 20689 20797 20887 20972 21250 21432 21619 21644 21654 21671 21677 21679 21683 21700 21708 21986 21997 22014 22021 22023 22027 22044 22536 22699 22705 22714 22716 22720 22751 22847 22859 22868 22878 22880 22884 22917 28963 29608
NODE_NUM = 99
FILE aes_sub_230.aig

# Subcircuit 231
SUB_ID 231
LO (26):  20054 20079 20098 20463 20469 20536 20552 20571 20593 20982 21010 21252 21267 21279 21294 21295 21700 21986 22014 22044 22443 22699 22705 22873 22917 29816
LI (82):  417 19965 19971 20002 20004 20046 20047 20048 20049 20050 20055 20059 20060 20063 20064 20068 20072 20073 20077 20078 20093 20096 20097 20279 20283 20355 20370 20375 20386 20419 20461 20465 20466 20505 20510 20535 20540 20551 20588 20592 20994 20996 20998 21000 21008 21259 21266 21276 21286 21289 21291 21686 21691 21699 21963 21967 21984 21999 22006 22013 22030 22035 22036 22039 22040 22381 22393 22395 22399 22406 22409 22416 22417 22439 22685 22687 22697 22704 22901 22904 22905 22915
NODE_NUM = 100
FILE aes_sub_231.aig

# Subcircuit 232
SUB_ID 232
LO (42):  20077 20080 20081 20085 20086 20093 20094 20096 20097 20279 20280 20285 20293 20294 20298 20299 20375 20376 20386 20405 20465 20466 20535 20558 20578 20588 21011 21016 21020 21040 21286 21324 21677 21686 22039 22393 22399 22406 22751 22878 22884 22904
LI (63):  19951 19957 19961 19965 19971 19974 19977 19979 19984 19986 19990 19993 20002 20004 20010 20015 20017 20046 20048 20063 20064 20071 20073 20167 20175 20281 20284 20285 20295 20296 20380 20381 20384 20398 20404 20445 20451 20455 20463 20557 21014 21019 21039 21281 21285 21320 21696 22037 22384 22386 22392 22397 22403 22404 22736 22741 22748 22749 22871 22873 22876 22883 22903
NODE_NUM = 99
FILE aes_sub_232.aig

# Subcircuit 233
SUB_ID 233
LO (42):  20099 20100 20110 20127 20129 20131 20167 20169 20170 20174 20175 20328 20332 20334 20336 20339 20340 20379 20380 20549 20551 20568 20993 20994 20996 21021 21039 21266 21270 21289 21644 21699 21964 21997 22037 22404 22409 22690 22714 22748 22864 22868
LI (51):  19951 19957 19961 19962 19965 19971 19974 19977 19979 19984 19986 19991 19993 20002 20004 20015 20017 20096 20102 20116 20118 20120 20122 20128 20177 20222 20279 20303 20331 20376 20446 20477 20498 20546 20547 20992 21037 21261 21265 21627 21630 21637 21696 21987 21988 21990 21995 22713 22860 22865 22867
NODE_NUM = 99
FILE aes_sub_233.aig

# Subcircuit 234
SUB_ID 234
LO (27):  20132 20134 20138 20146 20215 20216 20222 20226 20531 20540 20546 20547 21008 21037 21056 21261 21627 21637 21654 21984 21995 22392 22439 22697 22704 22859 22901
LI (61):  19951 19957 19961 19965 19971 19974 19977 19979 19984 19993 20002 20004 20010 20015 20017 20115 20120 20121 20122 20127 20129 20133 20135 20154 20217 20240 20330 20526 20530 20541 20545 21004 21005 21050 21055 21276 21622 21626 21631 21636 21646 21648 21652 21961 21976 21980 21990 21994 22371 22422 22430 22431 22436 22690 22692 22696 22703 22858 22893 22894 22899
NODE_NUM = 86
FILE aes_sub_234.aig

# Subcircuit 235
SUB_ID 235
LO (37):  20154 20162 20189 20196 20355 20472 20477 20485 20515 20520 20584 20590 21035 21045 21259 21285 21303 21307 21636 21646 21652 21671 21976 22006 22013 22035 22381 22416 22430 22436 22685 22696 22713 22716 22867 22880 22893
LI (76):  19951 19957 19965 19971 19974 19977 19979 20002 20004 20149 20150 20151 20155 20161 20180 20181 20186 20194 20195 20200 20206 20207 20208 20316 20344 20347 20350 20351 20352 20353 20360 20382 20407 20409 20423 20425 20427 20453 20476 20484 20488 20519 21027 21028 21030 21031 21032 21043 21258 21284 21622 21635 21646 21651 21657 21660 21664 21669 21670 21972 21973 22002 22003 22009 22010 22034 22371 22380 22413 22425 22429 22435 22684 22710 22889 22890
NODE_NUM = 100
FILE aes_sub_235.aig

# Subcircuit 236
SUB_ID 236
LO (46):  20194 20198 20199 20203 20231 20233 20234 20240 20241 20243 20311 20316 20318 20323 20353 20358 20360 20370 20371 20484 20519 20530 20560 20564 20992 21050 21055 21274 21305 21316 21327 21622 21630 21631 21651 21683 21972 21980 22008 22383 22435 22692 22736 22889 22894 22899
LI (47):  19951 19957 19961 19962 19965 19971 19974 19977 19979 19984 19993 20002 20004 20011 20015 20017 20018 20041 20115 20191 20200 20202 20228 20229 20230 20275 20312 20347 20359 20361 20363 20369 20478 20976 21054 21272 21303 21312 21314 21326 21628 21681 21971 22728 22730 22734 22887
NODE_NUM = 100
FILE aes_sub_236.aig

# Subcircuit 237
SUB_ID 237
LO (49):  20261 20262 20275 20276 20302 20303 20306 20307 20398 20404 20406 20407 20408 20409 20426 20433 20434 20435 20488 20492 20497 20498 20510 20511 20521 20544 20577 20986 21004 21005 21019 21030 21265 21276 21284 21320 21648 21659 21664 21681 21967 22021 22371 22380 22413 22710 22728 22858 22915
LI (59):  19951 19954 19957 19962 19963 19965 19966 19971 19974 19977 19979 19987 19994 19997 20000 20002 20004 20014 20015 20017 20032 20037 20062 20253 20255 20259 20260 20261 20285 20305 20306 20307 20328 20390 20391 20392 20393 20394 20397 20402 20403 20509 20576 20977 20983 21002 21319 21328 21966 22016 22020 22375 22376 22378 22725 22851 22857 22911 22913
NODE_NUM = 100
FILE aes_sub_237.aig

# Subcircuit 238
SUB_ID 238
LO (66):  20410 20412 20414 20415 20423 20425 20427 20429 20430 20445 20446 20447 20451 20452 20455 20461 20493 20545 20592 20616 20630 20653 20703 20709 20730 20750 20779 20786 20790 20798 20809 20833 20848 20855 20856 20864 20880 20900 20907 20923 20932 20942 20958 21000 21002 21014 21027 21079 21189 21258 21281 21300 21626 21691 21961 21963 21988 21994 22002 22030 22034 22375 22422 22684 22741 22871
LI (104):  118 120 587 18011 18019 18029 18084 18090 18216 18226 18257 18260 18317 18319 18340 18344 18453 18661 18669 18720 18725 18740 18776 18778 18839 18923 18969 19015 19017 19046 19049 19165 19170 19312 19317 19325 19350 19392 19472 19477 19498 19519 19527 19529 19537 19559 19567 19652 19685 19787 19815 19951 19957 19961 19965 19971 19974 19977 19979 19984 19993 20002 20004 20010 20015 20017 20030 20033 20062 20068 20096 20149 20172 20280 20283 20285 20328 20406 20408 20409 20416 20417 20426 20428 20433 20434 20472 20497 20498 20544 20590 20748 20847 20853 20854 20899 20979 21188 21253 21298 21624 21961 21987 22739
NODE_NUM = 100
FILE aes_sub_238.aig

# Subcircuit 239
SUB_ID 239
LO (66):  21103 21133 21140 21152 21179 21188 21213 21224 21231 21236 21244 21319 21329 21355 21397 21406 21437 21450 21453 21463 21468 21469 21471 21480 21489 21496 21507 21520 21542 21547 21560 21587 21588 21591 21624 21635 21657 21660 21669 21743 21747 21751 21756 21783 21810 21831 21834 21837 21841 21845 21873 21899 21906 21910 21929 21936 21939 21943 21949 21965 22160 22184 22237 22260 22575 22883
LI (148):  122 124 587 18020 18033 18050 18059 18067 18073 18083 18084 18085 18135 18138 18236 18260 18314 18321 18322 18325 18388 18397 18398 18591 18658 18667 18670 18678 18683 18691 18700 18708 18709 18716 18723 18742 18751 18753 18774 18785 18788 18793 18840 18878 18923 18932 18936 18944 18958 18971 19001 19016 19025 19026 19029 19033 19045 19049 19054 19063 19088 19154 19168 19182 19245 19308 19325 19350 19365 19405 19413 19447 19456 19462 19474 19489 19514 19521 19530 19543 19570 19604 19606 19626 19635 19655 19661 19674 19676 19703 19708 19719 19724 19738 19748 19753 19811 19843 19850 19964 19967 19996 19997 20001 20006 20031 20036 20263 20312 20319 20330 20334 20391 20872 21132 21138 21150 21151 21222 21223 21241 21243 21396 21458 21461 21462 21467 21558 21559 21655 21656 21658 21659 21781 21829 21830 21832 21869 21870 21897 21898 21905 21928 21935 22180 22182 22259 22573
NODE_NUM = 100
FILE aes_sub_239.aig

# Subcircuit 240
SUB_ID 240
LO (63):  21966 22009 22016 22023 22027 22062 22088 22091 22094 22116 22117 22138 22151 22171 22180 22182 22191 22212 22232 22269 22270 22278 22286 22301 22303 22316 22321 22330 22333 22338 22357 22359 22378 22384 22403 22425 22429 22431 22457 22480 22497 22508 22526 22554 22563 22583 22595 22601 22620 22628 22637 22651 22655 22660 22665 22676 22687 22703 22720 22725 22734 22769 22787
LI (159):  126 128 130 587 18017 18029 18031 18041 18050 18056 18080 18089 18090 18091 18182 18228 18235 18239 18255 18258 18260 18278 18316 18317 18319 18339 18343 18359 18396 18398 18400 18429 18432 18438 18443 18453 18454 18504 18661 18693 18706 18739 18767 18778 18794 18821 18840 18846 18895 18897 18908 18918 18926 18935 18967 19025 19060 19093 19096 19104 19166 19311 19322 19357 19373 19392 19409 19413 19423 19455 19464 19474 19478 19499 19527 19530 19544 19578 19608 19609 19626 19634 19638 19653 19675 19676 19710 19725 19740 19753 19756 19772 19786 19796 19827 19839 19841 19842 19849 19871 19955 19966 19975 19976 19978 19988 19997 20003 20005 20036 20038 20181 20189 20205 20218 20233 20255 20265 20313 20317 20319 20320 20339 20343 20345 20351 20361 20393 20506 20549 20976 20993 21964 21965 22008 22026 22114 22149 22150 22186 22211 22227 22231 22264 22268 22284 22299 22383 22401 22428 22495 22582 22593 22594 22600 22724 22732 22785 22786
NODE_NUM = 100
FILE aes_sub_240.aig

# Subcircuit 241
SUB_ID 241
LO (69):  22791 22808 22823 22827 22837 22857 22860 22865 22876 22887 22905 22911 22938 22944 22958 22962 22977 22986 23009 23014 23016 23021 23022 23023 23026 23029 23030 23031 23032 23035 23036 23038 23039 23041 23042 23043 23044 23045 23046 23048 23049 23054 23065 23067 23068 23069 23071 23072 23326 23337 23339 23340 23341 23455 23456 23459 23461 23577 23579 25746 26363 26784 26793 27075 27198 27488 27511 27540 27994
LI (53):  132 587 680 681 18034 18070 18089 18154 18327 18432 18788 18796 18942 18959 18984 19008 19025 19097 19958 20218 20230 20282 20336 20349 20358 20375 20393 20416 20435 20492 20494 20536 20541 21374 22787 22788 22835 22836 22853 22856 22864 22909 22942 22943 22957 22982 22983 22984 23015 23019 23025 23028 23034
NODE_NUM = 100
FILE aes_sub_241.aig

# Subcircuit 242
SUB_ID 242
LO (81):  23015 23017 23019 23025 23027 23028 23034 23050 23052 23053 23055 23057 23058 23060 23061 23062 23074 23075 23076 23077 23078 23079 23081 23082 23083 23095 23096 23101 23102 23103 23111 23115 23116 23117 23145 23149 23150 23151 23164 23166 23167 23173 23174 23236 23237 23245 23265 23266 23267 23272 23273 23274 23328 23329 23330 23348 23349 23351 23352 23353 23362 23363 23364 23370 23371 23407 23408 23409 23440 23441 23442 23597 25760 26787 27111 27208 27223 27533 27986 27996 28005
LI (14):  676 677 682 683 23018 23035 23038 23042 23044 23048 23049 23051 23054 23072
NODE_NUM = 92
FILE aes_sub_242.aig

# Subcircuit 243
SUB_ID 243
LO (42):  23018 23051 23127 23128 23133 23134 23136 23137 23138 23140 23141 23179 23180 23181 23182 23183 23187 23189 23190 23191 23194 23196 23400 23401 23402 23404 23450 23451 23452 23485 23587 25732 25748 26377 26425 26733 26799 27162 27213 27487 27955 27969
LI (18):  678 679 23026 23030 23036 23039 23042 23044 23049 23050 23054 23058 23060 23084 23086 23110 23126 23177
NODE_NUM = 64
FILE aes_sub_243.aig

# Subcircuit 244
SUB_ID 244
LO (45):  23084 23085 23092 23097 23110 23177 23201 23238 23240 23242 23293 23295 23331 23333 23334 23344 23346 23350 23386 23388 23389 23410 23412 23465 23488 23490 23494 23517 23518 23563 23570 23571 23575 23576 23583 23586 25735 25739 25769 26428 27088 27482 27507 27523 27947
LI (79):  23014 23019 23028 23052 23057 23074 23076 23083 23087 23091 23096 23098 23107 23111 23145 23147 23151 23159 23164 23176 23179 23196 23197 23199 23200 23202 23211 23214 23227 23234 23237 23239 23245 23256 23277 23292 23294 23296 23299 23307 23327 23330 23332 23341 23345 23349 23357 23373 23382 23385 23387 23405 23409 23411 23420 23436 23454 23461 23464 23466 23471 23475 23487 23489 23493 23501 23511 23513 23514 23516 23534 23550 23557 23560 23562 23574 23577 23582 23584
NODE_NUM = 100
FILE aes_sub_244.aig

# Subcircuit 245
SUB_ID 245
LO (27):  23086 23087 23098 23147 23202 23239 23294 23332 23345 23387 23411 23466 23489 23516 23562 23602 23603 23663 25719 25720 25809 26095 26444 26453 26744 26809 27995
LI (74):  276 277 278 587 23019 23021 23028 23052 23057 23065 23076 23082 23111 23123 23145 23163 23164 23197 23214 23232 23245 23256 23258 23296 23317 23348 23363 23407 23408 23425 23432 23459 23471 23475 23559 23570 23592 23599 23604 23608 23618 23619 23623 23636 23643 23646 23647 23653 23655 25710 25715 25723 25737 25753 25774 25777 25779 25784 25786 25804 26086 26091 26358 26383 26393 26410 26412 26413 26419 26421 26439 26449 26739 26742
NODE_NUM = 100
FILE aes_sub_245.aig

# Subcircuit 246
SUB_ID 246
LO (15):  23091 26419 28016 28025 28637 29069 29072 29087 29108 29126 29129 29144 29189 29627 30116
LI (43):  269 274 317 322 332 337 352 392 587 23016 23076 23085 23090 23263 23570 23663 25809 26418 26444 26817 27145 27942 27945 27947 27949 27950 27960 28014 28021 28628 28633 29057 29065 29075 29083 29114 29122 29132 29140 29180 29185 29618 29623
NODE_NUM = 100
FILE aes_sub_246.aig

# Subcircuit 247
SUB_ID 247
LO (16):  23090 23107 23582 25753 26817 26826 27145 27154 27212 28562 28583 29159 29717 30125 30128 30131
LI (62):  273 279 292 297 302 342 372 377 587 23022 23030 23076 23077 23078 23081 23103 23105 23260 23264 23265 23274 23431 23570 23579 25741 25742 25752 26729 26754 26766 26776 26778 26782 26789 26791 26795 26812 26822 27073 27077 27078 27082 27095 27120 27125 27128 27129 27139 27143 27150 27198 27203 27211 27231 28553 28558 28574 28579 29147 29155 29708 29713
NODE_NUM = 100
FILE aes_sub_247.aig

# Subcircuit 248
SUB_ID 248
LO (18):  23105 23126 23550 25737 25774 25804 26421 26439 26754 26776 27120 27231 27473 27548 28601 29174 29735 30134
LI (70):  272 307 347 382 587 23026 23030 23039 23076 23085 23111 23116 23117 23120 23124 23125 23136 23158 23266 23435 23440 23530 23542 23544 23548 23570 25726 25727 25736 25759 25762 25764 25773 25796 25798 25802 26431 26434 26436 26732 26735 26752 26768 26775 27101 27108 27119 27171 27181 27197 27212 27213 27217 27225 27464 27469 27485 27496 27499 27500 27504 27513 27544 27548 28592 28597 29162 29170 29726 29731
NODE_NUM = 99
FILE aes_sub_248.aig

# Subcircuit 249
SUB_ID 249
LO (32):  23120 23123 23124 23158 23159 23163 23169 23176 23228 23231 23232 23234 23373 23592 23618 23619 23643 25752 25764 25796 26410 26412 26433 26436 26812 27095 27108 27225 27485 27513 27544 28014
LI (72):  23016 23022 23036 23055 23067 23069 23111 23145 23149 23164 23167 23175 23236 23240 23344 23346 23353 23355 23360 23362 23364 23372 23444 23463 23485 23575 23576 23583 23586 23587 23612 23617 23640 23642 25746 25747 25748 25792 26394 26401 26409 26411 26804 26810 27086 27088 27094 27103 27107 27224 27475 27477 27483 27509 27511 27529 27531 27533 27535 27542 27965 27967 27970 27972 27975 27976 27984 27985 27987 27989 27998 28011
NODE_NUM = 100
FILE aes_sub_249.aig

# Subcircuit 250
SUB_ID 250
LO (35):  23175 23197 23199 23200 23211 23280 23290 23292 23444 23454 23599 23608 23640 23653 25736 25747 26359 26383 26386 26393 26434 26752 26766 26778 27094 27107 27122 27134 27161 27165 27178 27197 27496 27954 27987
LI (70):  23016 23022 23026 23030 23036 23039 23042 23044 23049 23054 23058 23060 23067 23069 23075 23164 23169 23173 23174 23180 23182 23183 23187 23190 23191 23201 23202 23231 23238 23242 23305 23402 23442 23453 23542 23563 23593 23598 23606 23639 23651 25732 25735 25746 26361 26365 26369 26370 26375 26380 26385 26387 26391 26433 26744 26748 26756 26757 26759 26763 26764 26777 27106 27183 27189 27196 27489 27493 27495 27986
NODE_NUM = 100
FILE aes_sub_250.aig

# Subcircuit 251
SUB_ID 251
LO (33):  23214 23227 23247 23248 23249 23250 23251 23253 23260 23269 23270 23271 23277 23453 23542 23636 25726 25759 25779 26373 26385 26401 26775 26791 26804 27077 27119 27125 27126 27171 27189 27495 28011
LI (50):  23016 23017 23022 23026 23030 23036 23039 23042 23044 23054 23058 23060 23067 23069 23127 23245 23259 23268 23274 23452 23488 23489 23490 23495 23498 23518 23553 23560 23587 23628 23631 25727 25756 25757 26398 26800 26802 27074 27075 27112 27115 27122 27124 27156 27160 27167 27186 28002 28006 28008
NODE_NUM = 100
FILE aes_sub_251.aig

# Subcircuit 252
SUB_ID 252
LO (34):  23256 23258 23259 23263 23264 23268 23307 23420 23425 23431 23432 23435 23436 23544 23593 23646 23655 25777 26361 26369 26391 26742 26756 26757 26777 27078 27086 27139 27160 27211 27493 27529 27949 27984
LI (47):  23016 23017 23022 23026 23030 23031 23036 23039 23042 23044 23049 23054 23058 23060 23067 23069 23076 23078 23180 23249 23250 23253 23267 23268 23280 23293 23295 23303 23306 23340 23380 23381 23412 23533 23572 23644 25727 26367 26390 26755 27085 27135 27159 27208 27492 27520 27528
NODE_NUM = 78
FILE aes_sub_252.aig

# Subcircuit 253
SUB_ID 253
LO (48):  23296 23299 23303 23305 23306 23317 23327 23355 23356 23357 23360 23372 23380 23381 23382 23385 23463 23464 23548 23604 23606 23623 23651 25723 25784 25786 25792 26370 26375 26387 26390 26413 26739 26748 26789 27082 27085 27135 27159 27167 27181 27477 27528 27531 27542 27945 27960 27975
LI (53):  23016 23022 23026 23027 23030 23036 23039 23042 23044 23049 23052 23053 23054 23058 23060 23061 23067 23069 23145 23180 23280 23326 23330 23352 23353 23370 23371 23386 23387 23388 23400 23465 23572 23602 25720 25721 25791 26373 26784 26787 27074 27081 27134 27163 27165 27176 27178 27523 27538 27540 27943 27956 27974
NODE_NUM = 100
FILE aes_sub_253.aig

# Subcircuit 254
SUB_ID 254
LO (40):  23405 23471 23487 23493 23495 23498 23501 23553 23557 23559 23560 23584 23628 23631 23639 25741 25756 25757 25773 26365 26380 26394 26398 26732 26735 27081 27101 27115 27156 27176 27186 27217 27475 27483 27489 27504 27965 27967 28002 28008
LI (55):  23016 23022 23026 23027 23030 23036 23039 23042 23044 23049 23054 23058 23060 23067 23069 23127 23181 23189 23190 23191 23341 23401 23404 23476 23477 23480 23481 23485 23486 23494 23511 23512 23514 23520 23525 23557 23563 23584 25721 25739 25755 25770 26359 26363 26377 26733 26755 27075 27100 27172 27173 27216 27482 27487 27488
NODE_NUM = 89
FILE aes_sub_254.aig

# Subcircuit 255
SUB_ID 255
LO (62):  23475 23476 23477 23480 23481 23511 23512 23513 23514 23520 23525 23530 23533 23534 23572 23574 23598 23612 23617 23642 23647 23664 23666 23670 23671 23672 23673 23674 23676 23680 23685 23688 23699 23704 23715 23717 23718 23719 23720 23721 23722 24105 24106 24107 24229 25727 25755 25770 26100 26431 26800 26802 26810 27112 27124 27216 27499 27500 27563 27943 27976 28006
LI (53):  672 673 23016 23022 23026 23030 23036 23039 23042 23044 23049 23054 23058 23060 23067 23069 23075 23115 23117 23127 23128 23133 23134 23137 23138 23140 23141 23237 23248 23266 23271 23273 23329 23350 23389 23404 23451 23456 23517 23533 23571 23597 23665 23669 23675 25769 26425 26427 26428 26799 26809 27111 28005
NODE_NUM = 95
FILE aes_sub_255.aig

# Subcircuit 256
SUB_ID 256
LO (65):  23665 23667 23669 23675 23677 23678 23679 23681 23682 23683 23684 23686 23689 23690 23691 23692 23693 23700 23707 23708 23710 23725 23726 23727 23731 23732 23734 23735 23746 23747 23754 23756 23895 23898 23920 23921 23922 23970 23971 23972 23973 23979 23980 23981 24057 24058 24059 24060 24193 24194 24195 24294 25832 25888 26141 26144 26155 26158 26479 26515 26881 27276 27594 27612 27615
LI (11):  668 669 674 675 23664 23668 23674 23676 23680 23685 23688
NODE_NUM = 76
FILE aes_sub_256.aig

# Subcircuit 257
SUB_ID 257
LO (73):  23668 23694 23695 23701 23702 23703 23705 23706 23709 23711 23712 23728 23729 23751 23752 23760 23761 23762 23765 23766 23767 23777 23778 23779 23786 23787 23788 23830 23831 23832 23833 23834 23835 23843 23864 23865 23866 23874 23906 23907 23908 23909 23997 23998 23999 24020 24051 24052 24053 24064 24066 24068 24073 24091 24097 24098 24099 24100 24108 24109 24110 24112 24134 24135 26134 26457 26882 27271 27590 27606 27798 27817 27848
LI (22):  670 671 23667 23671 23678 23680 23683 23684 23691 23693 23699 23700 23704 23708 23710 23722 23726 23727 23732 23742 23750 23756
NODE_NUM = 87
FILE aes_sub_257.aig

# Subcircuit 258
SUB_ID 258
LO (51):  23737 23742 23748 23750 23790 23791 23797 23852 23853 23889 23890 23892 23944 23945 23962 23982 23983 23984 23995 23996 24000 24037 24038 24049 24050 24061 24062 24089 24116 24139 24140 24144 24154 24166 24167 24168 24185 24212 24213 24215 24226 24292 25825 25829 25859 26165 26841 27557 27582 27598 27789
LI (77):  23669 23671 23678 23702 23707 23726 23735 23741 23746 23747 23760 23761 23776 23778 23785 23788 23789 23795 23796 23801 23809 23814 23826 23831 23846 23847 23850 23851 23861 23864 23877 23884 23887 23888 23895 23906 23927 23942 23943 23946 23949 23957 23977 23980 23981 23991 23994 23999 24007 24023 24032 24035 24036 24047 24048 24053 24059 24060 24070 24086 24104 24111 24114 24115 24121 24125 24137 24138 24143 24151 24161 24164 24165 24184 24207 24210 24211
NODE_NUM = 96
FILE aes_sub_258.aig

# Subcircuit 259
SUB_ID 259
LO (15):  23741 26181 26358 27859 27942 28502 28523 28541 28553 28574 28628 29057 29075 29114 29132
LI (45):  357 362 367 587 23663 23666 23726 23735 23740 23913 24220 24313 25809 25899 26120 26130 26147 26153 26155 26159 26176 26352 26355 26444 26541 26898 27458 27788 27790 27792 27793 27803 27857 27939 28487 28498 28508 28519 28529 28537 28547 28568 28625 29054 29111
NODE_NUM = 100
FILE aes_sub_259.aig

# Subcircuit 260
SUB_ID 260
LO (22):  23740 23763 23772 23776 24313 25710 25899 26086 26147 26493 26541 26729 26898 27073 28592 29147 29618 29681 29699 30020 30029 30032
LI (62):  292 297 317 332 337 587 23672 23676 23726 23731 23761 23762 23766 23767 23771 23773 23808 23914 23915 24135 24220 24225 24228 24229 24240 24311 25707 25828 25843 25849 25852 25854 25863 25895 26083 26131 26138 26146 26478 26490 26492 26506 26513 26515 26519 26536 26726 26830 26831 26835 26896 27070 27308 27770 28586 29108 29129 29615 29669 29677 29687 29695
NODE_NUM = 100
FILE aes_sub_260.aig

# Subcircuit 261
SUB_ID 261
LO (18):  23771 23773 24311 25828 26176 26478 26896 27308 27464 27785 28619 28625 29162 29180 29708 29726 30035 30038
LI (62):  275 342 347 387 587 23666 23686 23689 23761 23762 23886 24085 24090 24180 24220 24261 24262 24267 24275 24286 24309 25704 25814 25816 25817 25826 26168 26171 26173 26456 26459 26476 26848 26849 26854 26861 26872 26894 27248 27258 27274 27289 27290 27294 27302 27461 27548 27560 27571 27574 27575 27579 27588 27619 27773 27781 27936 28604 28615 28622 29705 29723
NODE_NUM = 100
FILE aes_sub_261.aig

# Subcircuit 262
SUB_ID 262
LO (47):  23785 23789 23795 23796 23800 23801 23805 23806 23807 23808 23809 24007 24009 24013 24015 24023 24104 24177 24178 24180 24182 24183 24184 24240 24261 24262 24267 24273 25811 25816 25843 25884 26148 26150 26162 26163 26168 26530 26536 26859 26872 27296 27571 27585 27605 27847 27857
LI (59):  23666 23672 23676 23680 23686 23689 23692 23694 23699 23701 23704 23708 23710 23717 23719 23725 23734 23767 23778 23779 23784 23787 23834 24022 24096 24099 24100 24134 24171 24174 24176 24179 24236 24238 24245 24247 24260 24265 25815 25835 25836 25837 25839 26123 26164 26165 26522 26527 26535 26864 26871 27251 27561 27563 27568 27570 27810 27814 27856
NODE_NUM = 99
FILE aes_sub_262.aig

# Subcircuit 263
SUB_ID 263
LO (30):  23814 23826 23884 23886 23887 23888 23994 24090 24096 24238 24247 24260 24275 25852 25854 25895 26171 26173 26490 26535 26861 26864 27258 27274 27302 27560 27561 27574 27619 27856
LI (69):  23666 23672 23676 23677 23680 23686 23689 23692 23694 23699 23701 23704 23706 23708 23710 23717 23719 23734 23761 23772 23773 23817 23825 23889 23892 23997 24009 24013 24091 24094 24172 24213 24226 24251 24259 24271 24273 25879 25882 25884 25893 26480 26481 26483 26488 26530 26534 26857 26859 27257 27260 27266 27273 27298 27550 27552 27558 27572 27604 27607 27608 27617 27828 27830 27832 27837 27839 27841 27854
NODE_NUM = 100
FILE aes_sub_263.aig

# Subcircuit 264
SUB_ID 264
LO (44):  23846 23847 23849 23850 23851 23858 23861 23929 23930 23932 23935 23938 23942 24041 24042 24045 24047 24048 24245 24257 24258 24309 25826 25835 25837 26096 26108 26120 26123 26130 26459 26470 26473 26486 26506 26844 26887 26894 27239 27251 27257 27558 27568 27797
LI (64):  23666 23672 23676 23680 23686 23689 23692 23694 23699 23704 23708 23710 23717 23719 23725 23734 23830 23831 23832 23834 23835 23843 23844 23845 23869 23934 23937 23939 23940 23991 24015 24043 24049 24051 24052 24161 24192 24207 24243 24256 24288 24292 24308 25821 25825 25829 25834 26103 26106 26113 26115 26122 26124 26128 26457 26500 26501 26504 26877 26893 27253 27254 27557 27566
NODE_NUM = 100
FILE aes_sub_264.aig

# Subcircuit 265
SUB_ID 265
LO (26):  23869 23877 23927 24070 24192 24220 24286 24308 25815 25849 25879 26113 26122 26128 26138 26476 26500 26830 26871 26893 27248 27266 27273 27570 27588 27854
LI (84):  23676 23686 23689 23692 23717 23719 23742 23864 23865 23866 23874 23876 23895 23898 23903 23910 23917 23926 23962 24031 24062 24066 24067 24068 24075 24089 24097 24098 24138 24139 24140 24154 24168 24183 24185 24188 24189 24190 24199 24203 24210 24215 24278 24279 24281 24282 24283 24294 24299 24307 25817 25846 25847 25867 25868 25878 26109 26111 26122 26127 26136 26464 26465 26475 26493 26495 26496 26827 26828 26868 26885 26888 26890 27233 27234 27236 27237 27244 27263 27272 27582 27587 27845 27853
NODE_NUM = 100
FILE aes_sub_265.aig

# Subcircuit 266
SUB_ID 266
LO (51):  23903 23910 23913 23914 23915 23917 23926 23943 23946 23947 23948 23949 23951 23952 23954 23955 23956 23957 24027 24028 24029 24031 24032 24036 24067 24072 24085 24086 24225 24243 24307 25834 25865 25873 25878 25893 26103 26106 26111 26127 26504 26831 26890 27236 27289 27600 27604 27788 27792 27800 27828
LI (61):  23666 23672 23676 23677 23680 23692 23694 23699 23704 23717 23719 23726 23734 23756 23830 23895 23898 23906 23908 23909 23917 23921 23922 23925 23944 23945 23953 23990 24030 24032 24057 24064 24076 24078 24193 24221 24223 24303 25817 25832 25874 25876 25888 25892 26096 26102 26104 26503 27281 27282 27284 27285 27566 27590 27595 27603 27787 27791 27822 27824 27825
NODE_NUM = 99
FILE aes_sub_266.aig

# Subcircuit 267
SUB_ID 267
LO (42):  23977 23990 23991 24022 24035 24043 24075 24076 24078 24199 24228 24256 24259 24303 25814 25836 25866 25874 25882 26104 26109 26124 26146 26159 26464 26488 26513 26828 26835 26848 26888 27254 27260 27550 27552 27603 27617 27787 27793 27822 27825 27837
LI (78):  23666 23669 23672 23678 23679 23686 23689 23692 23694 23702 23708 23709 23710 23711 23717 23719 23729 23748 23751 23890 23906 23930 23946 23947 23951 23952 23968 23972 23973 23976 23980 23984 24020 24021 24022 24027 24036 24041 24042 24050 24062 24072 24073 24077 24106 24113 24115 24195 24226 24253 24258 24302 25810 25811 25873 25881 26108 26141 26145 26158 26462 26486 26508 26511 26512 26827 26834 26843 26846 26887 27549 27598 27600 27613 27615 27817 27821 27835
NODE_NUM = 100
FILE aes_sub_267.aig

# Subcircuit 268
SUB_ID 268
LO (42):  24111 24113 24114 24115 24121 24137 24143 24151 24203 24207 24210 24211 24236 24253 24271 24278 24281 25839 25846 25847 25863 25881 26102 26131 26136 26153 26456 26527 26827 26834 26854 26868 27233 27253 27263 27294 27549 27579 27790 27810 27845 27853
LI (58):  23666 23672 23676 23677 23680 23686 23689 23692 23694 23699 23702 23704 23705 23708 23710 23712 23717 23719 23734 23777 23807 23979 24047 24107 24110 24112 24126 24127 24130 24131 24135 24136 24144 24162 24164 24170 24175 24190 24212 24213 24235 24270 25811 25845 25860 26096 26100 26134 26148 26152 26479 26526 26853 27249 27251 27293 27789 27849
NODE_NUM = 85
FILE aes_sub_268.aig

# Subcircuit 269
SUB_ID 269
LO (72):  24125 24126 24127 24130 24131 24138 24161 24162 24164 24165 24170 24171 24172 24174 24175 24176 24189 24190 24221 24235 24251 24265 24270 24288 24299 24302 24314 24316 24320 24322 24323 24324 24325 24326 24328 24329 24330 24331 24333 24334 24339 24345 24359 24360 24363 24366 24386 24388 24402 24647 24649 24650 24651 24764 24852 24854 24855 24856 24948 25623 25680 25817 25966 25974 26235 26522 26526 26534 26877 27293 27572 27821
LI (44):  662 663 23666 23672 23676 23680 23686 23689 23692 23694 23699 23704 23708 23710 23715 23717 23719 23725 23734 23773 23777 23791 23833 23849 23853 23864 23929 23932 23955 23979 23982 23995 23998 24000 24106 24109 24116 24167 24315 24319 24321 24332 26532 27820
NODE_NUM = 86
FILE aes_sub_269.aig

# Subcircuit 270
SUB_ID 270
LO (72):  24315 24317 24319 24321 24332 24335 24336 24337 24338 24340 24341 24343 24344 24347 24349 24350 24351 24353 24354 24355 24361 24374 24382 24383 24384 24385 24393 24394 24395 24412 24413 24440 24444 24452 24453 24463 24467 24468 24469 24547 24548 24549 24554 24555 24556 24557 24572 24646 24669 24672 24673 24745 24768 24806 24808 24809 24810 24812 24813 24814 24827 24828 24829 24831 24902 24934 25639 25671 26182 26232 26234 26899
LI (13):  660 661 664 665 24318 24325 24328 24331 24333 24334 24339 24342 24345
NODE_NUM = 79
FILE aes_sub_270.aig

# Subcircuit 271
SUB_ID 271
LO (65):  24318 24342 24429 24430 24432 24434 24435 24436 24437 24481 24484 24485 24486 24488 24489 24494 24515 24578 24579 24581 24586 24587 24588 24590 24591 24592 24605 24685 24686 24687 24700 24703 24705 24716 24717 24720 24722 24724 24727 24728 24729 24731 24732 24733 24735 24742 24795 24797 24847 24883 24891 24938 25613 25631 25911 25958 26208 26253 26546 26571 26612 26917 27337 27364 27651
LI (17):  666 667 24326 24333 24336 24340 24345 24350 24360 24363 24366 24368 24411 24412 24428 24445 24479
NODE_NUM = 85
FILE aes_sub_271.aig

# Subcircuit 272
SUB_ID 272
LO (25):  24362 24365 24411 24425 24426 24428 24830 26726 27070 27458 27461 27770 27773 27936 27939 28568 28586 28604 29111 29669 29687 29705 29723 29933 29939
LI (43):  372 382 24326 24349 24351 24354 24355 24360 24361 24364 24370 24371 24410 24420 24423 24424 24814 24824 24870 25701 26567 26578 26588 26591 26593 26624 26723 26969 27061 27064 27324 27332 27349 27351 27353 27362 27377 27455 27458 27695 27767 27933 29666
NODE_NUM = 100
FILE aes_sub_272.aig

# Subcircuit 273
SUB_ID 273
LO (22):  24364 24870 24960 25701 25704 25707 25984 26083 26262 26352 26355 26631 26723 26969 27353 27695 28487 28508 28622 29054 29615 29633
LI (38):  24361 24363 24370 24614 24659 24741 24804 24819 24820 24821 24825 24833 24866 24959 25611 25636 25654 25657 25658 25668 25697 25983 26074 26077 26189 26191 26203 26260 26349 26720 26968 27635 27644 27661 27675 27682 27683 27688
NODE_NUM = 87
FILE aes_sub_273.aig

# Subcircuit 274
SUB_ID 274
LO (50):  24368 24369 24370 24376 24377 24410 24458 24459 24460 24479 24537 24538 24539 24544 24569 24571 24614 24615 24616 24617 24621 24637 24638 24639 24664 24665 24666 24667 24681 24682 24684 24741 24749 24758 24804 24851 24853 24857 24861 24862 24863 24959 25612 25914 26189 26593 26909 26968 27626 27661
LI (72):  24319 24330 24335 24343 24351 24359 24361 24365 24366 24369 24374 24380 24382 24391 24395 24409 24413 24454 24457 24463 24478 24481 24497 24508 24514 24516 24529 24536 24542 24561 24568 24574 24594 24611 24620 24628 24636 24642 24660 24663 24674 24680 24691 24707 24739 24748 24750 24754 24757 24762 24770 24803 24828 24830 24852 24856 24888 24906 24932 24941 24947 24950 24952 26182 26188 26206 26899 26907 26967 27653 27656 27658
NODE_NUM = 99
FILE aes_sub_274.aig

# Subcircuit 275
SUB_ID 275
LO (20):  24380 24391 24409 24568 24947 25636 25654 25983 26260 26567 26578 26591 26934 26967 27332 27349 27362 27377 27635 27658
LI (89):  24323 24360 24363 24374 24376 24377 24382 24384 24385 24386 24388 24394 24395 24408 24440 24544 24548 24552 24563 24564 24571 24573 24574 24663 24664 24672 24757 24900 24943 24944 25614 25616 25619 25621 25623 25625 25633 25637 25639 25650 25653 25903 25916 25920 25922 25928 25934 25935 25940 25949 25980 26215 26224 26225 26228 26230 26237 26239 26243 26257 26544 26550 26552 26556 26564 26568 26572 26576 26920 26929 26933 26946 26950 26953 26955 26963 27326 27330 27341 27344 27345 27358 27360 27364 27369 27376 27625 27626 27633
NODE_NUM = 100
FILE aes_sub_275.aig

# Subcircuit 276
SUB_ID 276
LO (54):  24404 24408 24417 24419 24420 24421 24423 24474 24476 24478 24501 24503 24511 24514 24526 24527 24529 24582 24611 24631 24632 24636 24653 24659 24660 24697 24707 24711 24715 24739 24746 24748 24765 24770 24823 24825 24836 24866 24884 24888 24906 24932 24935 24941 24943 25619 25633 25650 25653 25684 26619 26910 27311 27645
LI (90):  24314 24319 24335 24343 24351 24361 24374 24382 24403 24407 24413 24416 24418 24422 24430 24434 24463 24470 24473 24475 24496 24497 24500 24502 24507 24508 24510 24516 24521 24524 24525 24540 24550 24578 24581 24583 24592 24594 24599 24605 24610 24630 24634 24635 24652 24654 24656 24658 24695 24696 24706 24709 24714 24722 24738 24744 24745 24764 24769 24805 24824 24829 24837 24841 24849 24865 24871 24876 24877 24881 24883 24897 24900 24903 24907 24912 24919 24931 24933 24934 24940 24942 25617 25629 25631 25648 25649 25671 25675 25683
NODE_NUM = 100
FILE aes_sub_276.aig

# Subcircuit 277
SUB_ID 277
LO (31):  24403 24407 24416 24418 24422 24424 24454 24457 24550 24552 24561 24618 24620 24877 24950 25657 25658 25667 25683 25980 26203 26224 26556 26624 26929 26933 26946 27324 27376 27675 27682
LI (78):  24316 24322 24334 24351 24363 24374 24383 24384 24386 24388 24402 24413 24435 24440 24452 24453 24465 24471 24476 24547 24549 24560 24572 24619 24627 24649 24666 24757 24818 24827 24828 24852 24862 24902 24935 24948 25655 25665 25678 25680 25952 25956 25964 25968 25970 25975 25978 26195 26197 26201 26216 26223 26554 26599 26600 26604 26605 26609 26615 26616 26621 26922 26923 26932 26934 26936 26944 26945 27310 27313 27320 27373 27668 27670 27672 27677 27679 27681
NODE_NUM = 100
FILE aes_sub_277.aig

# Subcircuit 278
SUB_ID 278
LO (52):  24445 24465 24470 24471 24473 24475 24490 24491 24496 24654 24656 24658 24688 24691 24744 24769 24805 24819 24837 24839 24841 24876 24903 24919 25637 25648 25649 25675 25697 25903 25928 25940 25949 26188 26237 26255 26544 26588 26605 26616 26907 26920 26940 26950 27310 27326 27351 27373 27644 27653 27668 27683
LI (80):  24316 24322 24326 24328 24343 24344 24347 24386 24388 24393 24402 24423 24424 24430 24440 24444 24453 24463 24468 24469 24476 24488 24489 24494 24521 24530 24662 24680 24685 24687 24742 24768 24806 24809 24810 24812 24818 24836 24858 24875 24884 24902 24914 24916 24918 25642 25644 25645 25674 25684 25686 25695 25901 25902 25908 25927 25938 25945 25946 26187 26232 26236 26542 26571 26580 26587 26903 26905 26915 26918 26949 27350 27371 27637 27641 27643 27645 27652 27663 27667
NODE_NUM = 100
FILE aes_sub_278.aig

# Subcircuit 279
SUB_ID 279
LO (45):  24497 24500 24502 24507 24508 24510 24530 24531 24533 24536 24540 24541 24542 24680 24752 24754 24762 24782 24783 24784 24803 24849 24881 24897 24900 25629 25644 25689 25695 25901 25927 25934 25938 25964 26195 26215 26550 26570 26576 26615 26947 26963 27320 27652 27670
LI (58):  24316 24317 24322 24326 24328 24333 24336 24340 24341 24345 24360 24363 24386 24388 24402 24429 24491 24494 24503 24538 24541 24583 24587 24674 24681 24682 24734 24753 24754 24760 24780 24785 24786 24802 24844 24848 24893 24894 25628 25639 25642 25645 25691 25692 25933 25958 25963 26207 26208 26213 26548 26574 26612 26962 27315 27317 27649 27651
NODE_NUM = 100
FILE aes_sub_279.aig

# Subcircuit 280
SUB_ID 280
LO (51):  24516 24521 24524 24525 24560 24563 24564 24573 24574 24583 24619 24627 24628 24734 24736 24737 24738 24750 24757 24760 24798 24799 24800 24802 24931 25621 25686 25908 25916 25933 25946 25952 25963 26197 26206 26207 26213 26223 26552 26564 26568 26574 26587 26962 27341 27344 27358 27360 27637 27643 27656
LI (61):  24316 24322 24326 24328 24333 24336 24341 24345 24360 24363 24382 24386 24388 24402 24413 24444 24515 24527 24529 24549 24555 24556 24557 24572 24578 24598 24602 24615 24616 24617 24632 24633 24642 24709 24730 24733 24735 24746 24749 24758 24793 24801 24889 24891 24922 24926 25905 25907 25915 25932 25962 26212 26220 26560 26570 26961 27335 27338 27342 27356 27655
NODE_NUM = 100
FILE aes_sub_280.aig

# Subcircuit 281
SUB_ID 281
LO (52):  24594 24598 24599 24602 24610 24630 24633 24634 24635 24642 24652 24662 24663 24674 24709 24714 24730 24793 24893 24894 24912 24922 24926 24933 24944 25617 25668 25692 25907 25920 25922 25932 25956 25962 26187 26212 26220 26257 26542 26560 26903 26905 26915 26944 26949 26953 27317 27335 27338 27625 27641 27655
LI (72):  24316 24317 24322 24326 24328 24330 24333 24336 24340 24343 24344 24345 24360 24363 24374 24383 24386 24388 24402 24453 24515 24556 24588 24590 24591 24605 24608 24631 24637 24639 24646 24647 24651 24669 24673 24684 24707 24711 24716 24717 24724 24728 24729 24732 24733 24758 24782 24795 24797 24890 24891 24911 24938 25613 25663 25667 25919 25954 26182 26246 26248 26256 26559 26899 26911 26912 26941 26948 26951 27333 27337 27640
NODE_NUM = 96
FILE aes_sub_281.aig

# Subcircuit 282
SUB_ID 282
LO (67):  24695 24696 24706 24753 24785 24786 24801 24818 24820 24821 24824 24833 24844 24848 24858 24865 24871 24875 24889 24890 24907 24911 24914 24916 24940 24942 24952 24961 24963 24967 24968 24969 24970 24971 24982 24985 25014 25015 25016 25017 25018 25614 25616 25645 25655 25674 25678 25691 25905 25915 25945 25968 25975 25989 26216 26228 26246 26548 26580 26604 26621 26912 26932 26936 27330 27633 27679
LI (82):  652 653 24316 24322 24328 24331 24338 24353 24360 24361 24362 24363 24386 24388 24402 24419 24424 24426 24432 24434 24436 24437 24444 24458 24460 24463 24485 24486 24489 24494 24508 24530 24537 24554 24569 24572 24579 24586 24651 24653 24684 24700 24703 24705 24727 24734 24750 24754 24764 24782 24783 24784 24797 24800 24813 24814 24823 24829 24830 24831 24833 24847 24856 24857 24863 24881 24938 24962 24966 25612 25613 25689 25912 25914 25944 25966 25974 26546 26603 26619 27328 27632
NODE_NUM = 96
FILE aes_sub_282.aig

# Subcircuit 283
SUB_ID 283
LO (82):  24962 24964 24966 24972 24973 24974 24975 24976 24977 24978 24979 24980 24981 24983 24984 24989 24990 24991 24993 24996 24997 25004 25005 25012 25022 25023 25026 25027 25028 25029 25030 25031 25032 25033 25041 25044 25045 25046 25049 25053 25192 25193 25212 25213 25214 25216 25219 25220 25221 25267 25271 25272 25275 25277 25278 25354 25357 25358 25359 25402 25403 25404 25405 25490 25553 25988 26055 26058 26338 26691 26985 26999 27011 27022 27038 27398 27440 27736 27744 27902 27921 27925
LI (9):  654 655 656 657 24961 24965 24968 24971 24982
NODE_NUM = 89
FILE aes_sub_283.aig

# Subcircuit 284
SUB_ID 284
LO (67):  24965 24986 24987 24988 24998 24999 25000 25002 25003 25006 25008 25009 25042 25043 25057 25058 25059 25060 25061 25062 25067 25074 25075 25076 25080 25083 25084 25085 25127 25128 25130 25132 25133 25134 25140 25161 25162 25163 25167 25203 25240 25241 25242 25294 25295 25296 25317 25342 25343 25361 25362 25363 25364 25373 25394 25396 25406 25409 25431 25432 25538 26044 26284 26670 26708 27865 27915
LI (20):  658 659 24964 24973 24975 24980 24981 24984 24985 24993 24996 24997 25001 25005 25007 25019 25040 25041 25046 25054
NODE_NUM = 78
FILE aes_sub_284.aig

# Subcircuit 285
SUB_ID 285
LO (28):  25001 25013 25019 25048 25050 25054 25114 25217 25218 25229 25230 25307 25308 25324 25325 25329 25428 25429 25517 25518 25611 25995 26074 26265 26280 26310 26668 27413
LI (81):  24966 24972 24985 25012 25018 25023 25049 25053 25057 25091 25092 25107 25110 25111 25112 25122 25144 25191 25192 25208 25211 25215 25216 25221 25227 25228 25238 25243 25253 25255 25290 25305 25306 25310 25311 25319 25323 25328 25336 25352 25384 25391 25417 25418 25421 25422 25424 25426 25427 25432 25437 25441 25442 25447 25511 25514 25519 25523 25528 25544 25564 25571 25572 25576 25582 25583 25593 25596 25605 25993 25994 25999 26022 26029 26032 26033 26047 26070 26263 26264 26279
NODE_NUM = 100
FILE aes_sub_285.aig

# Subcircuit 286
SUB_ID 286
LO (38):  25007 25040 25107 25145 25147 25184 25189 25191 25290 25331 25332 25336 25355 25356 25384 25465 25506 25511 25514 25519 25528 25571 25582 25593 25991 25993 25999 26029 26070 26263 26340 26349 26640 26667 27002 27409 27863 27868
LI (86):  24966 24970 24985 24993 25004 25023 25028 25032 25033 25036 25038 25066 25092 25093 25097 25098 25106 25111 25143 25144 25146 25150 25158 25174 25181 25182 25186 25187 25192 25211 25243 25246 25273 25274 25277 25278 25288 25314 25318 25330 25335 25344 25354 25358 25359 25367 25383 25406 25418 25422 25458 25459 25464 25481 25497 25504 25505 25510 25517 25527 25570 25580 25589 25590 25988 25989 25998 26023 26028 26052 26057 26058 26068 26280 26282 26286 26291 26306 26307 26312 26317 26319 26328 26336 26339 26341
NODE_NUM = 100
FILE aes_sub_286.aig

# Subcircuit 287
SUB_ID 287
LO (17):  25036 25038 25544 26717 26720 27061 27064 27767 27933 28529 28547 29102 29666 29753 29837 29843 29846
LI (56):  272 275 279 312 587 24963 24969 25023 25030 25031 25043 25210 25213 25517 25532 25533 25543 25611 25701 25809 25899 25984 26262 26444 26631 26656 26666 26683 26689 26691 26695 26712 26720 26998 27009 27026 27033 27035 27039 27056 27548 27711 27717 27726 27728 27732 27763 27859 27871 27880 27890 27892 27896 27929 29101 29749
NODE_NUM = 99
FILE aes_sub_287.aig

# Subcircuit 288
SUB_ID 288
LO (26):  25066 25091 25110 25475 25481 25548 25564 25583 25605 25994 26022 26264 26279 26291 26306 26307 26712 26998 27026 27056 27455 27711 27717 27885 27929 29840
LI (82):  273 24977 24983 25014 25016 25058 25059 25060 25061 25062 25067 25071 25072 25075 25076 25080 25084 25085 25089 25090 25105 25108 25109 25291 25295 25367 25382 25387 25398 25431 25473 25477 25478 25517 25522 25547 25552 25563 25600 25604 26006 26008 26010 26012 26020 26271 26278 26288 26298 26301 26303 26698 26703 26711 26975 26979 26996 27011 27018 27025 27042 27047 27048 27051 27052 27393 27405 27407 27411 27418 27421 27428 27429 27451 27697 27699 27709 27716 27913 27916 27917 27927
NODE_NUM = 100
FILE aes_sub_288.aig

# Subcircuit 289
SUB_ID 289
LO (42):  25089 25092 25093 25097 25098 25105 25106 25108 25109 25291 25292 25297 25305 25306 25310 25311 25387 25388 25398 25417 25477 25478 25547 25570 25590 25600 26023 26028 26032 26052 26298 26336 26689 26698 27051 27405 27411 27418 27763 27890 27896 27916
LI (63):  24963 24969 24973 24977 24983 24986 24989 24991 24996 24998 25002 25005 25014 25016 25022 25027 25029 25058 25060 25075 25076 25083 25085 25179 25187 25293 25296 25297 25307 25308 25392 25393 25396 25410 25416 25457 25463 25467 25475 25569 26026 26031 26051 26293 26297 26332 26708 27049 27396 27398 27404 27409 27415 27416 27748 27753 27760 27761 27883 27885 27888 27895 27915
NODE_NUM = 99
FILE aes_sub_289.aig

# Subcircuit 290
SUB_ID 290
LO (42):  25111 25112 25122 25139 25141 25143 25179 25181 25182 25186 25187 25340 25344 25346 25348 25351 25352 25391 25392 25561 25563 25580 26005 26006 26008 26033 26051 26278 26282 26301 26656 26711 26976 27009 27049 27416 27421 27702 27726 27760 27876 27880
LI (51):  24963 24969 24973 24974 24977 24983 24986 24989 24991 24996 24998 25003 25005 25014 25016 25027 25029 25108 25114 25128 25130 25132 25134 25140 25189 25234 25291 25315 25343 25388 25458 25489 25510 25558 25559 26004 26049 26273 26277 26639 26642 26649 26708 26999 27000 27002 27007 27725 27872 27877 27879
NODE_NUM = 99
FILE aes_sub_290.aig

# Subcircuit 291
SUB_ID 291
LO (27):  25144 25146 25150 25158 25227 25228 25234 25238 25543 25552 25558 25559 26020 26049 26068 26273 26639 26649 26666 26996 27007 27404 27451 27709 27716 27871 27913
LI (61):  24963 24969 24973 24977 24983 24986 24989 24991 24996 25005 25014 25016 25022 25027 25029 25127 25132 25133 25134 25139 25141 25145 25147 25166 25229 25252 25342 25538 25542 25553 25557 26016 26017 26062 26067 26288 26634 26638 26643 26648 26658 26660 26664 26973 26988 26992 27002 27006 27383 27434 27442 27443 27448 27702 27704 27708 27715 27870 27905 27906 27911
NODE_NUM = 86
FILE aes_sub_291.aig

# Subcircuit 292
SUB_ID 292
LO (37):  25166 25174 25201 25208 25367 25484 25489 25497 25527 25532 25596 25602 26047 26057 26271 26297 26315 26319 26648 26658 26664 26683 26988 27018 27025 27047 27393 27428 27442 27448 27697 27708 27725 27728 27879 27892 27905
LI (76):  24963 24969 24977 24983 24986 24989 24991 25014 25016 25161 25162 25163 25167 25173 25192 25193 25198 25206 25207 25212 25218 25219 25220 25328 25356 25359 25362 25363 25364 25365 25372 25394 25419 25421 25435 25437 25439 25465 25488 25496 25500 25531 26039 26040 26042 26043 26044 26055 26270 26296 26634 26647 26658 26663 26669 26672 26676 26681 26682 26984 26985 27014 27015 27021 27022 27046 27383 27392 27425 27437 27441 27447 27696 27722 27901 27902
NODE_NUM = 100
FILE aes_sub_292.aig

# Subcircuit 293
SUB_ID 293
LO (46):  25206 25210 25211 25215 25243 25245 25246 25252 25253 25255 25323 25328 25330 25335 25365 25370 25372 25382 25383 25496 25531 25542 25572 25576 26004 26062 26067 26286 26317 26328 26339 26634 26642 26643 26663 26695 26984 26992 27020 27395 27447 27704 27748 27901 27906 27911
LI (47):  24963 24969 24973 24974 24977 24983 24986 24989 24991 24996 25005 25014 25016 25023 25027 25029 25030 25053 25127 25203 25212 25214 25240 25241 25242 25287 25324 25359 25371 25373 25375 25381 25490 25988 26066 26284 26315 26324 26326 26338 26640 26693 26983 27740 27742 27746 27899
NODE_NUM = 100
FILE aes_sub_293.aig

# Subcircuit 294
SUB_ID 294
LO (49):  25273 25274 25287 25288 25314 25315 25318 25319 25410 25416 25418 25419 25420 25421 25438 25445 25446 25447 25500 25504 25509 25510 25522 25523 25533 25556 25589 25998 26016 26017 26031 26042 26277 26288 26296 26332 26660 26671 26676 26693 26979 27033 27383 27392 27425 27722 27740 27870 27927
LI (59):  24963 24966 24969 24974 24975 24977 24978 24983 24986 24989 24991 24999 25006 25009 25012 25014 25016 25026 25027 25029 25044 25049 25074 25265 25267 25271 25272 25273 25297 25317 25318 25319 25340 25402 25403 25404 25405 25406 25409 25414 25415 25521 25588 25989 25995 26014 26331 26340 26978 27028 27032 27387 27388 27390 27737 27863 27869 27923 27925
NODE_NUM = 100
FILE aes_sub_294.aig

# Subcircuit 295
SUB_ID 295
LO (66):  25422 25424 25426 25427 25435 25437 25439 25441 25442 25457 25458 25459 25463 25464 25467 25473 25505 25557 25604 25628 25642 25665 25715 25721 25742 25762 25791 25798 25802 25810 25821 25845 25860 25867 25868 25876 25892 25912 25919 25935 25944 25954 25970 26012 26014 26026 26039 26091 26201 26270 26293 26312 26638 26703 26973 26975 27000 27006 27014 27042 27046 27387 27434 27696 27753 27883
LI (104):  54 56 587 23023 23031 23041 23096 23102 23228 23238 23269 23272 23329 23331 23352 23356 23465 23673 23681 23732 23737 23752 23788 23790 23851 23935 23981 24027 24029 24058 24061 24177 24182 24324 24329 24337 24362 24404 24484 24489 24510 24531 24539 24541 24549 24571 24579 24664 24697 24799 24827 24963 24969 24973 24977 24983 24986 24989 24991 24996 25005 25014 25016 25022 25027 25029 25042 25045 25074 25080 25108 25161 25184 25292 25295 25297 25340 25418 25420 25421 25428 25429 25438 25440 25445 25446 25484 25509 25510 25556 25602 25760 25859 25865 25866 25911 25991 26200 26265 26310 26636 26973 26999 27751
NODE_NUM = 100
FILE aes_sub_295.aig

# Subcircuit 296
SUB_ID 296
LO (66):  26115 26145 26152 26164 26191 26200 26225 26236 26243 26248 26256 26331 26341 26367 26409 26418 26449 26462 26465 26475 26480 26481 26483 26492 26501 26508 26519 26532 26554 26559 26572 26599 26600 26603 26636 26647 26669 26672 26681 26755 26759 26763 26768 26795 26822 26843 26846 26849 26853 26857 26885 26911 26918 26922 26941 26948 26951 26955 26961 26977 27172 27196 27249 27272 27587 27895
LI (148):  58 60 587 23032 23045 23062 23071 23079 23085 23095 23096 23097 23147 23150 23248 23272 23326 23333 23334 23337 23400 23409 23410 23603 23670 23679 23682 23690 23695 23703 23712 23720 23721 23728 23735 23754 23763 23765 23786 23797 23800 23805 23852 23890 23935 23944 23948 23956 23970 23983 24013 24028 24037 24038 24041 24045 24057 24061 24066 24075 24100 24166 24180 24194 24257 24320 24337 24362 24377 24417 24425 24459 24468 24474 24486 24501 24526 24533 24542 24555 24582 24616 24618 24638 24647 24667 24673 24686 24688 24715 24720 24731 24736 24750 24760 24765 24823 24855 24862 24976 24979 25008 25009 25013 25018 25043 25048 25275 25324 25331 25342 25346 25403 25884 26144 26150 26162 26163 26234 26235 26253 26255 26408 26470 26473 26474 26479 26570 26571 26667 26668 26670 26671 26793 26841 26842 26844 26881 26882 26909 26910 26917 26940 26947 27192 27194 27271 27585
NODE_NUM = 100
FILE aes_sub_296.aig

# Subcircuit 297
SUB_ID 297
LO (63):  26978 27021 27028 27035 27039 27074 27100 27103 27106 27128 27129 27150 27163 27183 27192 27194 27203 27224 27244 27281 27282 27290 27298 27313 27315 27328 27333 27342 27345 27350 27369 27371 27390 27396 27415 27437 27441 27443 27469 27492 27509 27520 27538 27566 27575 27595 27607 27613 27632 27640 27649 27663 27667 27672 27677 27688 27699 27715 27732 27737 27746 27781 27799
LI (159):  62 64 66 587 23029 23041 23043 23053 23062 23068 23092 23101 23102 23103 23194 23240 23247 23251 23267 23270 23272 23290 23328 23329 23331 23351 23355 23371 23408 23410 23412 23441 23444 23450 23455 23465 23466 23516 23673 23705 23718 23751 23779 23790 23806 23833 23852 23858 23907 23909 23920 23930 23938 23947 23979 24037 24072 24105 24108 24116 24178 24323 24334 24369 24385 24404 24421 24425 24435 24467 24476 24486 24490 24511 24539 24542 24556 24590 24620 24621 24638 24646 24650 24665 24687 24688 24722 24737 24752 24765 24768 24784 24798 24808 24839 24851 24853 24854 24861 24883 24967 24978 24987 24988 24990 25000 25009 25015 25017 25048 25050 25193 25201 25217 25230 25245 25267 25277 25325 25329 25331 25332 25351 25355 25357 25363 25373 25405 25518 25561 25988 26005 26976 26977 27020 27038 27126 27161 27162 27198 27223 27239 27243 27276 27280 27296 27311 27395 27413 27440 27507 27594 27605 27606 27612 27736 27744 27797 27798
NODE_NUM = 100
FILE aes_sub_297.aig

# Subcircuit 298
SUB_ID 298
LO (84):  27803 27820 27835 27839 27849 27869 27872 27877 27888 27899 27917 27923 27950 27956 27970 27974 27989 27998 28021 28039 28060 28078 28099 28120 28138 28156 28174 28192 28213 28231 28252 28273 28291 28309 28327 28345 28366 28384 28405 28426 28444 28462 28480 28498 28519 28537 28558 28579 28597 28615 28633 28651 28669 28687 28691 28708 28726 28741 28756 28771 28789 28807 28825 28829 28846 28864 28879 28894 28909 28927 28945 28963 28967 28984 29002 29017 29032 29047 29065 29083 29101 29105 29122 29140
LI (115):  22 24 26 28 30 38 40 42 44 46 48 50 52 68 86 88 90 92 94 96 98 100 102 104 106 108 110 112 114 116 150 152 154 156 158 160 162 164 166 168 170 172 174 176 178 180 214 216 218 220 222 224 226 228 230 232 234 236 238 240 242 244 326 327 328 482 587 23046 23082 23101 23166 23339 23444 23800 23808 23954 23971 23996 24020 24037 24109 24970 25230 25242 25294 25348 25361 25370 25387 25405 25428 25447 25504 25506 25548 25553 26386 27799 27800 27847 27848 27865 27868 27876 27921 27954 27955 27969 27994 27995 27996 28688 28826 28964 29102
NODE_NUM = 100
FILE aes_sub_298.aig

# Subcircuit 299
SUB_ID 299
LO (24):  29155 29170 29185 29200 29222 29240 29254 29272 29290 29308 29326 29341 29363 29381 29395 29413 29431 29449 29467 29482 29504 29510 30047 30071
LI (49):  32 34 36 70 72 134 136 138 140 142 144 146 148 198 200 202 204 206 208 210 212 281 283 284 286 470 587 10773 10863 11145 11226 11313 11681 15785 15875 16157 16238 16325 16693 20887 21250 21337 21705 28658 28796 28934 29210 29351 29492
NODE_NUM = 100
FILE aes_sub_299.aig

# Subcircuit 300
SUB_ID 300
LO (29):  29522 29536 29554 29572 29590 29608 29623 29645 29663 29677 29695 29713 29731 29749 29756 29759 29762 29777 29780 29783 29786 29801 29804 29807 29810 29825 29828 29831 30119
LI (56):  6 8 10 12 14 16 18 20 74 76 78 80 82 84 276 277 282 287 288 396 397 398 401 402 403 406 407 408 431 432 433 587 10575 11038 11313 11681 15587 16050 16325 16693 20599 20797 21062 21169 21337 21705 25809 25899 26074 26181 26262 26349 26717 29072 29510 29633
NODE_NUM = 98
FILE aes_sub_300.aig

# Subcircuit 301
SUB_ID 301
LO (25):  29834 29849 29852 29855 29858 29864 29870 29873 29876 29879 29882 29888 29894 29897 29900 29903 29906 29912 29918 29921 29924 29927 29930 29936 29942
LI (50):  274 278 357 358 359 362 363 364 366 367 368 376 377 378 387 388 389 391 393 494 498 502 535 537 544 9924 10665 10948 11226 11933 12659 14936 15677 15960 16238 16945 17671 19948 20689 20972 21250 21957 22683 24960 25611 25984 26262 26717 26969 27695
NODE_NUM = 75
FILE aes_sub_301.aig

# Subcircuit 302
SUB_ID 302
LO (23):  29945 29951 29954 29969 29975 29978 29993 29999 30002 30017 30023 30026 30041 30044 30050 30065 30074 30089 30095 30098 30113 30122 30137
LI (46):  283 286 287 288 311 312 313 321 322 323 324 326 327 328 351 352 353 392 470 478 482 490 516 8627 10863 11145 11408 12823 12980 15875 16157 16420 17835 17992 20797 20887 21169 21432 22847 23004 25701 25899 26181 26444 27859 28016
NODE_NUM = 69
FILE aes_sub_302.aig

