# Subcircuit 0
SUB_ID 0
LO (30):  5708 5713 5796 6184 6190 7201 7261 7286 7298 7308 7315 7319 7322 7327 7328 7331 7334 7336 7341 7350 7352 7366 7368 7371 7373 7377 7382 7384 7422 7462
LI (28):  1 6 8 9 10 299 300 374 386 688 690 695 696 699 5693 5700 5701 6185 7207 7219 7230 7244 7256 7267 7268 7282 7295 7307
NODE_NUM = 86
FILE aes_secworks_sub_0.aig

# Subcircuit 1
SUB_ID 1
LO (32):  5693 5700 5701 5714 5715 5730 5768 28224 28226 28230 28232 28235 28236 28241 28242 28244 28245 28248 28249 28251 28252 28256 28284 35837 35838 35839 35843 35852 35880 35946 46465 46466
LI (41):  1 2 3 4 5 6 7 11 12 15 16 17 21 1116 1244 1372 1500 1628 1756 1884 2012 2140 2268 2396 2524 2652 2780 5700 5718 5720 5729 5760 5762 5764 28216 28219 28221 28228 28234 28240 35840
NODE_NUM = 99
FILE aes_secworks_sub_1.aig

# Subcircuit 2
SUB_ID 2
LO (34):  5717 5718 5762 35840 35851 35870 35875 35876 35877 35883 35962 35998 36007 36008 36009 36040 36043 36048 36052 36054 36069 36073 36075 36087 36092 36096 36099 36101 36110 36214 36693 43165 44387 45444
LI (37):  13 14 15 43 45 47 49 57 107 109 111 113 119 121 171 173 175 177 183 185 235 237 239 241 249 5714 5715 5720 35838 35839 35846 35850 35863 35864 35869 35880 35967
NODE_NUM = 100
FILE aes_secworks_sub_2.aig

# Subcircuit 3
SUB_ID 3
LO (35):  5720 5755 5759 5760 7207 7219 7244 7256 7282 7295 7307 8004 8016 8026 8083 8087 8090 28167 28172 28180 28188 28195 28203 28209 28211 28214 28218 28221 28293 28294 28317 28318 28319 46467 46468
LI (34):  4 5 8 16 27 29 30 31 32 2812 2813 5737 5739 5742 5747 5752 5758 7201 7203 7218 7243 7255 7281 7294 7306 7987 7990 8000 8002 8012 8015 8024 28162 28176
NODE_NUM = 93
FILE aes_secworks_sub_3.aig

# Subcircuit 4
SUB_ID 4
LO (65):  5729 5764 35846 35850 35861 35863 35864 35869 35954 35956 35967 36037 36038 36041 36050 36061 36062 36063 36071 36082 36094 36106 36115 36123 36131 36147 36185 36193 36211 36216 36224 36238 36256 36273 36287 36302 36303 36325 36345 36353 36360 36363 36367 36391 36396 36406 36432 36458 36484 36500 36514 36517 36550 36554 36575 36579 36610 36614 36676 36679 36689 36691 36692 36841 37721
LI (22):  11 12 17 18 20 21 3086 3087 5726 35838 35852 35857 35860 35944 35945 35947 35998 36007 36015 36025 36034 36040
NODE_NUM = 100
FILE aes_secworks_sub_4.aig

# Subcircuit 5
SUB_ID 5
LO (30):  5726 5737 5738 5739 5742 5747 5752 5758 7203 7208 7211 7213 7218 7230 7243 7255 7267 7268 7281 7288 7289 28200 28201 28205 30305 30491 32189 32375 32433 34317
LI (38):  18 19 22 23 24 25 26 28 29 30 31 32 92 96 102 104 156 158 160 162 164 166 168 220 222 224 226 228 230 284 288 294 686 687 693 694 697 698
NODE_NUM = 95
FILE aes_secworks_sub_5.aig

# Subcircuit 6
SUB_ID 6
LO (23):  5769 5784 5792 6196 6204 6208 6213 6221 6229 6237 6245 6253 6261 6269 6277 6285 6293 6301 6307 6402 16166 16183 46469
LI (54):  7 9 28 33 34 37 38 39 40 41 42 304 307 310 313 316 319 322 325 328 331 334 337 5772 5776 5779 5788 6202 6206 6207 6215 6216 6223 6224 6231 6232 6239 6240 6247 6248 6255 6256 6263 6264 6271 6272 6279 6280 6287 6288 6295 6296 6303 6304
NODE_NUM = 99
FILE aes_secworks_sub_6.aig

# Subcircuit 7
SUB_ID 7
LO (59):  5776 6198 6199 6200 6201 6202 6206 6207 6215 6216 6223 6224 6231 6232 6239 6240 6247 6248 6255 6256 6263 6264 6271 6272 6279 6280 6287 6288 6295 6296 6303 6304 6317 6325 6333 6341 6343 7976 8861 9077 9294 9498 9689 9881 10071 10187 10979 11109 11235 11366 11479 11597 11711 11827 16172 16178 16192 18163 18932
LI (44):  35 36 302 303 305 306 308 309 311 312 314 315 317 318 320 321 323 324 326 327 329 330 332 333 335 336 338 339 341 342 344 345 347 348 350 351 354 6197 6204 6208 6316 6324 6332 6340
NODE_NUM = 98
FILE aes_secworks_sub_7.aig

# Subcircuit 8
SUB_ID 8
LO (13):  5799 5802 5805 5808 5811 5814 28388 28447 28512 28577 28636 28931 29114
LI (53):  5 43 44 45 46 47 48 49 50 51 52 53 54 28293 28294 28323 28327 28343 28375 28383 28387 28389 28402 28434 28442 28446 28448 28467 28499 28507 28511 28513 28532 28564 28572 28576 28578 28591 28623 28631 28635 28873 28882 28887 28918 28926 28930 29056 29065 29070 29101 29109 29113
NODE_NUM = 100
FILE aes_secworks_sub_8.aig

# Subcircuit 9
SUB_ID 9
LO (12):  5817 5820 5823 5826 5829 28695 28754 29232 30717 30778 30836 31306
LI (53):  5 55 56 57 58 59 60 61 62 63 64 713 28293 28294 28323 28637 28650 28682 28690 28694 28696 28709 28741 28749 28753 28755 28811 28873 29174 29183 29188 29219 29227 29231 29351 30238 30672 30704 30712 30716 30733 30765 30773 30777 30791 30823 30831 30835 31254 31262 31293 31301 31305
NODE_NUM = 100
FILE aes_secworks_sub_9.aig

# Subcircuit 10
SUB_ID 10
LO (11):  5832 5835 5838 5841 5844 30897 30958 31016 31074 31486 31544
LI (48):  5 65 66 67 68 69 70 71 72 73 703 705 5843 28293 28294 28932 28994 29056 29115 29534 29593 30238 30852 30884 30892 30896 30913 30945 30953 30957 30971 31003 31011 31015 31029 31061 31069 31073 31434 31442 31473 31481 31485 31492 31500 31531 31539 31543
NODE_NUM = 92
FILE aes_secworks_sub_10.aig

# Subcircuit 11
SUB_ID 11
LO (14):  5843 5847 5850 5853 5970 6117 31132 32662 32716 33071 33132 33190 33599 33608
LI (51):  5 74 75 76 77 78 79 80 158 256 5968 6115 28293 28294 28811 29174 29233 29289 29351 29767 30238 31087 31119 31127 31131 32122 32604 32607 32618 32649 32657 32661 32675 32707 32715 33026 33058 33066 33070 33087 33119 33127 33131 33145 33177 33185 33189 33554 33586 33594 33598
NODE_NUM = 99
FILE aes_secworks_sub_11.aig

# Subcircuit 12
SUB_ID 12
LO (12):  5856 5859 5862 5979 6126 32842 32900 33251 33312 33370 33773 33822
LI (49):  5 81 82 83 84 85 86 164 262 2957 5977 6124 28293 28294 28994 29056 29410 29472 29534 29944 32122 32784 32787 32798 32829 32837 32841 32855 32887 32895 32899 33206 33238 33246 33250 33267 33299 33307 33311 33325 33357 33365 33369 33728 33760 33768 33772 33787 33818
NODE_NUM = 100
FILE aes_secworks_sub_12.aig

# Subcircuit 13
SUB_ID 13
LO (12):  5865 5868 5871 5985 6132 32958 33016 33428 33486 33889 33947 35382
LI (48):  5 87 88 89 90 91 92 168 262 266 2942 5983 6130 28293 28294 29115 29174 29593 29652 30062 30121 32122 32903 32914 32945 32953 32957 32971 33003 33011 33015 33383 33415 33423 33427 33441 33473 33481 33485 33844 33876 33884 33888 33903 33934 33942 33946 35380
NODE_NUM = 96
FILE aes_secworks_sub_13.aig

# Subcircuit 14
SUB_ID 14
LO (12):  5874 5877 6018 6021 6141 34128 34546 34604 35074 35483 35498 40399
LI (42):  5 93 94 95 96 190 192 272 3019 3056 6016 6019 6139 28293 28294 28389 28811 28873 29351 29767 34006 34084 34115 34123 34127 34501 34533 34541 34545 34549 34591 34599 34603 35022 35061 35069 35073 35438 35470 35478 35482 35496
NODE_NUM = 99
FILE aes_secworks_sub_14.aig

# Subcircuit 15
SUB_ID 15
LO (14):  5880 5883 5886 6027 6030 6150 34314 34726 34784 35254 35595 35613 35671 40714
LI (41):  5 97 98 99 100 101 102 196 198 278 3026 3029 6025 6028 6148 28293 28294 28578 28994 29056 29534 34006 34270 34301 34309 34313 34681 34713 34721 34725 34729 34771 34779 34783 35202 35241 35249 35253 35554 35586 35594
NODE_NUM = 99
FILE aes_secworks_sub_15.aig

# Subcircuit 16
SUB_ID 16
LO (12):  5889 5892 6033 6036 6156 34430 34842 34900 35370 35773 35788 40402
LI (42):  5 103 104 105 106 200 202 282 3014 3032 6031 6034 6154 28293 28294 28696 29115 29174 29652 30062 34006 34386 34417 34425 34429 34797 34829 34837 34841 34845 34887 34895 34899 35318 35357 35365 35369 35728 35760 35768 35772 35786
NODE_NUM = 99
FILE aes_secworks_sub_16.aig

# Subcircuit 17
SUB_ID 17
LO (18):  5895 5898 5901 5904 5907 5910 5913 5916 34009 34070 34084 34192 34256 34270 34372 34549 34729 34797
LI (46):  5 107 108 109 110 111 112 113 114 115 116 117 118 119 120 121 5915 28207 28293 28294 28327 28448 28513 28637 33960 33992 34000 34006 34008 34025 34057 34065 34069 34147 34179 34187 34191 34211 34243 34251 34255 34327 34359 34367 34371 34793
NODE_NUM = 88
FILE aes_secworks_sub_17.aig

# Subcircuit 18
SUB_ID 18
LO (16):  5915 5919 5922 5925 5928 5931 5934 28810 28872 28887 28993 29055 29070 29409 29592 34386
LI (51):  5 122 123 124 125 126 127 128 129 130 131 132 133 134 702 712 28293 28294 28323 28755 28765 28797 28805 28809 28811 28827 28859 28867 28871 28932 28948 28980 28988 28992 28994 29010 29042 29050 29054 29351 29357 29365 29396 29404 29408 29534 29540 29548 29579 29587 29591
NODE_NUM = 100
FILE aes_secworks_sub_18.aig

# Subcircuit 19
SUB_ID 19
LO (15):  5937 5940 5943 5946 5949 6066 29173 29188 29710 30733 31187 31248 31262 31715 31724
LI (47):  5 64 135 136 137 138 139 140 141 142 143 144 222 706 6064 28293 28294 28323 29115 29128 29160 29168 29172 29233 29289 29652 29658 29666 29697 29705 29709 29767 30238 30720 30723 31142 31174 31182 31186 31203 31235 31243 31247 31670 31702 31710 31714
NODE_NUM = 97
FILE aes_secworks_sub_19.aig

# Subcircuit 20
SUB_ID 20
LO (17):  5952 5955 5958 5961 6075 6078 30913 30967 31367 31370 31428 31434 31442 31500 31889 31947 31953
LI (40):  5 68 70 145 146 147 148 149 150 151 152 228 230 703 6073 6076 28293 28294 29410 29472 29944 30003 30238 30900 30903 31322 31354 31362 31366 31383 31415 31423 31427 31844 31876 31884 31888 31934 31942 31946
NODE_NUM = 99
FILE aes_secworks_sub_20.aig

# Subcircuit 21
SUB_ID 21
LO (27):  5964 5967 5968 5973 5976 5977 5982 5983 5988 6111 6114 31602 32066 32125 32184 32250 32253 32314 32549 32557 32618 33138 33497 33613 33671 33787 33903
LI (43):  5 76 78 153 154 155 156 157 158 159 160 161 162 163 165 166 167 169 170 252 254 2942 6109 6112 28207 28293 28294 28327 29652 30238 31557 31589 31597 31601 32077 32108 32116 32122 32124 32128 32142 32173 32181
NODE_NUM = 100
FILE aes_secworks_sub_21.aig

# Subcircuit 22
SUB_ID 22
LO (18):  5991 5994 5997 6000 6003 6006 6009 6012 32077 32142 32244 32308 32372 32430 32488 32675 32855 32903
LI (47):  5 171 172 173 174 175 176 177 178 179 180 181 182 183 184 185 6011 28293 28294 28389 28448 28513 28578 28637 32122 32199 32231 32239 32243 32263 32295 32303 32307 32327 32359 32367 32371 32385 32417 32425 32429 32443 32475 32483 32487 32671 32851
NODE_NUM = 92
FILE aes_secworks_sub_22.aig

# Subcircuit 23
SUB_ID 23
LO (22):  6011 6015 6016 6019 6024 6025 6028 6031 6034 6039 6042 6045 6162 28827 29288 29350 29365 29825 29884 32546 34442 34621
LI (54):  5 128 186 187 188 189 191 193 194 195 197 199 201 203 204 205 206 207 208 286 712 6160 28293 28294 28323 28696 28814 28817 29233 29243 29275 29283 29287 29289 29305 29337 29345 29349 29767 29780 29812 29820 29824 29826 29840 29871 29879 29883 32122 32501 32533 32541 32545 34440
NODE_NUM = 100
FILE aes_secworks_sub_23.aig

# Subcircuit 24
SUB_ID 24
LO (13):  6048 6051 6054 6057 6171 29010 29471 29533 29548 29651 30002 30061 30065
LI (43):  5 134 209 210 211 212 213 214 215 216 292 702 6169 28293 28294 28323 28997 29000 29410 29426 29458 29466 29470 29472 29488 29520 29528 29532 29593 29606 29638 29646 29650 29944 29957 29989 29997 30001 30003 30017 30048 30056 30060
NODE_NUM = 90
FILE aes_secworks_sub_24.aig

# Subcircuit 25
SUB_ID 25
LO (25):  6060 6063 6064 6069 6072 6073 6076 6081 6084 29666 30182 30241 30302 30366 30375 30430 30607 30665 30845 31254 31613 31729 31787 31961 32019
LI (38):  5 60 62 66 140 142 146 217 218 219 220 221 222 223 224 225 226 227 229 231 232 233 234 707 28207 28293 28294 28327 30193 30224 30232 30238 30240 30244 30258 30289 30297 30301
NODE_NUM = 98
FILE aes_secworks_sub_25.aig

# Subcircuit 26
SUB_ID 26
LO (18):  6087 6090 6093 6096 6099 6102 6105 6108 30193 30258 30360 30424 30488 30546 30604 30791 30971 31029
LI (48):  5 235 236 237 238 239 240 241 242 243 244 245 246 247 248 249 6107 28293 28294 28389 28448 28513 28578 28637 30238 30315 30347 30355 30359 30379 30411 30419 30423 30443 30475 30483 30487 30501 30533 30541 30545 30559 30591 30599 30603 30787 30967 31025
NODE_NUM = 96
FILE aes_secworks_sub_26.aig

# Subcircuit 27
SUB_ID 27
LO (41):  6107 6109 6112 6115 6120 6123 6124 6129 6130 6135 6138 6139 6144 6147 6148 6153 6154 6159 6160 6165 6168 6169 6174 6177 28650 29128 29606 29723 29840 29899 30017 30076 30618 32737 32798 32914 34911 34972 35091 35152 35268
LI (47):  5 134 136 216 250 251 253 255 257 258 259 260 261 263 264 265 267 268 269 270 271 273 274 275 276 277 279 280 281 283 284 285 287 288 289 290 291 293 294 295 296 702 704 28293 29118 29599 29721
NODE_NUM = 98
FILE aes_secworks_sub_27.aig

# Subcircuit 28
SUB_ID 28
LO (42):  6180 6185 6197 19701 19702 19707 19713 19719 19725 19731 19737 19743 19749 19755 19761 19767 22778 22779 22780 22786 22792 22798 22804 22810 22816 22822 22828 22834 22840 25855 25856 25857 25863 25869 25875 25881 25887 25893 25899 25905 25911 25917
LI (31):  2 5 10 37 39 297 298 301 1404 1405 1406 1407 1408 1409 1410 1411 1412 1413 1414 6198 16246 16255 16264 16273 16282 16291 16300 16309 16318 16327 16336
NODE_NUM = 99
FILE aes_secworks_sub_28.aig

# Subcircuit 29
SUB_ID 29
LO (38):  6309 6316 6324 6332 6340 6349 8753 8754 8757 8977 9189 9411 9597 9793 9981 10173 10965 11095 11221 11352 11465 11583 11697 11813 12605 12619 12621 12735 12861 12992 13105 13223 13337 13453 13495 13537 13579 13619
LI (70):  28 41 303 315 327 339 340 343 346 349 351 352 353 363 374 377 380 716 717 719 721 725 732 740 741 743 745 748 753 761 762 764 766 769 774 6199 6204 6208 6307 6343 6348 8751 8974 9186 9408 9594 9790 9978 10170 10962 11092 11218 11349 11462 11580 11694 11810 12602 12618 12731 12858 12989 13102 13220 13334 13450 13492 13534 13576 13618
NODE_NUM = 100
FILE aes_secworks_sub_29.aig

# Subcircuit 30
SUB_ID 30
LO (22):  6348 6357 6365 12858 12875 12877 12989 16412 17507 18276 19045 19815 20584 21353 22122 22892 23661 24430 25199 25969 26738 27507
LI (62):  28 39 355 356 357 358 359 360 6199 6201 6204 6208 6354 6362 6364 12748 12856 12874 12988 16404 16405 17502 17503 18163 18271 18273 18932 19040 19042 19702 19810 19812 20471 20579 20581 21240 21348 21350 22009 22117 22119 22779 22887 22889 23548 23656 23658 24317 24425 24427 25086 25194 25196 25856 25964 25966 26625 26733 26735 27394 27502 27504
NODE_NUM = 88
FILE aes_secworks_sub_30.aig

# Subcircuit 31
SUB_ID 31
LO (22):  6364 6373 6381 13102 13119 13121 13220 16430 17519 18288 19057 19827 20596 21365 22134 22904 23673 24442 25211 25981 26750 27519
LI (62):  28 39 361 362 363 364 365 366 6199 6201 6204 6208 6370 6378 6380 13005 13100 13118 13219 16422 16423 17514 17515 18163 18283 18285 18932 19052 19054 19702 19822 19824 20471 20591 20593 21240 21360 21362 22009 22129 22131 22779 22899 22901 23548 23668 23670 24317 24437 24439 25086 25206 25208 25856 25976 25978 26625 26745 26747 27394 27514 27516
NODE_NUM = 88
FILE aes_secworks_sub_31.aig

# Subcircuit 32
SUB_ID 32
LO (22):  6380 6389 6397 13334 13351 13353 13450 16448 17531 18300 19069 19839 20608 21377 22146 22916 23685 24454 25223 25993 26762 27531
LI (62):  28 39 367 368 369 370 371 372 6199 6201 6204 6208 6386 6394 6396 13236 13332 13350 13449 16440 16441 17526 17527 18163 18295 18297 18932 19064 19066 19702 19834 19836 20471 20603 20605 21240 21372 21374 22009 22141 22143 22779 22911 22913 23548 23680 23682 24317 24449 24451 25086 25218 25220 25856 25988 25990 26625 26757 26759 27394 27526 27528
NODE_NUM = 88
FILE aes_secworks_sub_32.aig

# Subcircuit 33
SUB_ID 33
LO (22):  6396 6405 6408 6412 13492 13513 13534 16466 17543 18312 19081 19851 20620 21389 22158 22928 23697 24466 25235 26005 26774 27543
LI (60):  28 39 373 374 375 376 377 378 6199 6201 6204 6402 6411 13469 13490 13511 13533 16458 16459 17538 17539 18163 18307 18309 18932 19076 19078 19702 19846 19848 20471 20615 20617 21240 21384 21386 22009 22153 22155 22779 22923 22925 23548 23692 23694 24317 24461 24463 25086 25230 25232 25856 26000 26002 26625 26769 26771 27394 27538 27540
NODE_NUM = 84
FILE aes_secworks_sub_33.aig

# Subcircuit 34
SUB_ID 34
LO (22):  6411 6419 6422 6426 13576 13597 13618 16484 17555 18324 19093 19863 20632 21401 22170 22940 23709 24478 25247 26017 26786 27555
LI (60):  28 39 379 380 381 382 383 384 6199 6201 6204 6402 6425 13553 13574 13595 13617 16476 16477 17550 17551 18163 18319 18321 18932 19088 19090 19702 19858 19860 20471 20627 20629 21240 21396 21398 22009 22165 22167 22779 22935 22937 23548 23704 23706 24317 24473 24475 25086 25242 25244 25856 26012 26014 26625 26781 26783 27394 27550 27552
NODE_NUM = 84
FILE aes_secworks_sub_34.aig

# Subcircuit 35
SUB_ID 35
LO (22):  6425 6433 6436 6440 13663 13681 13705 16502 17567 18336 19105 19875 20644 21413 22182 22952 23721 24490 25259 26029 26798 27567
LI (63):  28 39 385 386 387 388 389 390 6199 6201 6204 6402 6439 8754 13637 13658 13662 13679 13701 13704 16494 16495 17562 17563 18163 18331 18333 18932 19100 19102 19702 19870 19872 20471 20639 20641 21240 21408 21410 22009 22177 22179 22779 22947 22949 23548 23716 23718 24317 24485 24487 25086 25254 25256 25856 26024 26026 26625 26793 26795 27394 27562 27564
NODE_NUM = 88
FILE aes_secworks_sub_35.aig

# Subcircuit 36
SUB_ID 36
LO (22):  6439 6447 6450 6454 13747 13765 13789 16520 17579 18348 19117 19887 20656 21425 22194 22964 23733 24502 25271 26041 26810 27579
LI (63):  28 39 391 392 393 394 395 396 6199 6201 6204 6402 6453 8754 13721 13742 13746 13763 13785 13788 16512 16513 17574 17575 18163 18343 18345 18932 19112 19114 19702 19882 19884 20471 20651 20653 21240 21420 21422 22009 22189 22191 22779 22959 22961 23548 23728 23730 24317 24497 24499 25086 25266 25268 25856 26036 26038 26625 26805 26807 27394 27574 27576
NODE_NUM = 88
FILE aes_secworks_sub_36.aig

# Subcircuit 37
SUB_ID 37
LO (22):  6453 6462 6470 13820 13831 13833 13851 16538 17591 18360 19129 19899 20668 21437 22206 22976 23745 24514 25283 26053 26822 27591
LI (65):  28 39 397 398 399 400 401 402 6199 6201 6204 6208 6459 6467 6469 8754 13799 13815 13819 13830 13847 13850 16530 16531 17586 17587 18163 18355 18357 18932 19124 19126 19702 19894 19896 20471 20663 20665 21240 21432 21434 22009 22201 22203 22779 22971 22973 23548 23740 23742 24317 24509 24511 25086 25278 25280 25856 26048 26050 26625 26817 26819 27394 27586 27588
NODE_NUM = 92
FILE aes_secworks_sub_37.aig

# Subcircuit 38
SUB_ID 38
LO (22):  6469 6478 6486 13882 13893 13895 13913 16556 17603 18372 19141 19911 20680 21449 22218 22988 23757 24526 25295 26065 26834 27603
LI (65):  28 39 403 404 405 406 407 408 6199 6201 6204 6208 6475 6483 6485 8754 13861 13877 13881 13892 13909 13912 16548 16549 17598 17599 18163 18367 18369 18932 19136 19138 19702 19906 19908 20471 20675 20677 21240 21444 21446 22009 22213 22215 22779 22983 22985 23548 23752 23754 24317 24521 24523 25086 25290 25292 25856 26060 26062 26625 26829 26831 27394 27598 27600
NODE_NUM = 92
FILE aes_secworks_sub_38.aig

# Subcircuit 39
SUB_ID 39
LO (22):  6485 6494 6502 13944 13955 13957 13975 16574 17615 18384 19153 19923 20692 21461 22230 23000 23769 24538 25307 26077 26846 27615
LI (65):  28 39 409 410 411 412 413 414 6199 6201 6204 6208 6491 6499 6501 8754 13923 13939 13943 13954 13971 13974 16566 16567 17610 17611 18163 18379 18381 18932 19148 19150 19702 19918 19920 20471 20687 20689 21240 21456 21458 22009 22225 22227 22779 22995 22997 23548 23764 23766 24317 24533 24535 25086 25302 25304 25856 26072 26074 26625 26841 26843 27394 27610 27612
NODE_NUM = 92
FILE aes_secworks_sub_39.aig

# Subcircuit 40
SUB_ID 40
LO (22):  6501 6510 6518 14006 14017 14019 14037 16592 17627 18396 19165 19935 20704 21473 22242 23012 23781 24550 25319 26089 26858 27627
LI (65):  28 39 415 416 417 418 419 420 6199 6201 6204 6208 6507 6515 6517 8754 13985 14001 14005 14016 14033 14036 16584 16585 17622 17623 18163 18391 18393 18932 19160 19162 19702 19930 19932 20471 20699 20701 21240 21468 21470 22009 22237 22239 22779 23007 23009 23548 23776 23778 24317 24545 24547 25086 25314 25316 25856 26084 26086 26625 26853 26855 27394 27622 27624
NODE_NUM = 92
FILE aes_secworks_sub_40.aig

# Subcircuit 41
SUB_ID 41
LO (22):  6517 6526 6534 14068 14079 14081 14099 16610 17639 18408 19177 19947 20716 21485 22254 23024 23793 24562 25331 26101 26870 27639
LI (65):  28 39 421 422 423 424 425 426 6199 6201 6204 6208 6523 6531 6533 8754 14047 14063 14067 14078 14095 14098 16602 16603 17634 17635 18163 18403 18405 18932 19172 19174 19702 19942 19944 20471 20711 20713 21240 21480 21482 22009 22249 22251 22779 23019 23021 23548 23788 23790 24317 24557 24559 25086 25326 25328 25856 26096 26098 26625 26865 26867 27394 27634 27636
NODE_NUM = 92
FILE aes_secworks_sub_41.aig

# Subcircuit 42
SUB_ID 42
LO (22):  6533 6542 6550 14130 14141 14143 14161 16628 17651 18420 19189 19959 20728 21497 22266 23036 23805 24574 25343 26113 26882 27651
LI (65):  28 39 427 428 429 430 431 432 6199 6201 6204 6208 6539 6547 6549 8754 14109 14125 14129 14140 14157 14160 16620 16621 17646 17647 18163 18415 18417 18932 19184 19186 19702 19954 19956 20471 20723 20725 21240 21492 21494 22009 22261 22263 22779 23031 23033 23548 23800 23802 24317 24569 24571 25086 25338 25340 25856 26108 26110 26625 26877 26879 27394 27646 27648
NODE_NUM = 92
FILE aes_secworks_sub_42.aig

# Subcircuit 43
SUB_ID 43
LO (22):  6549 6558 6566 14192 14203 14205 14223 16646 17663 18432 19201 19971 20740 21509 22278 23048 23817 24586 25355 26125 26894 27663
LI (65):  28 39 433 434 435 436 437 438 6199 6201 6204 6208 6555 6563 6565 8754 14171 14187 14191 14202 14219 14222 16638 16639 17658 17659 18163 18427 18429 18932 19196 19198 19702 19966 19968 20471 20735 20737 21240 21504 21506 22009 22273 22275 22779 23043 23045 23548 23812 23814 24317 24581 24583 25086 25350 25352 25856 26120 26122 26625 26889 26891 27394 27658 27660
NODE_NUM = 92
FILE aes_secworks_sub_43.aig

# Subcircuit 44
SUB_ID 44
LO (22):  6565 6574 6582 14254 14265 14267 14285 16664 17675 18444 19213 19983 20752 21521 22290 23060 23829 24598 25367 26137 26906 27675
LI (65):  28 39 439 440 441 442 443 444 6199 6201 6204 6208 6571 6579 6581 8754 14233 14249 14253 14264 14281 14284 16656 16657 17670 17671 18163 18439 18441 18932 19208 19210 19702 19978 19980 20471 20747 20749 21240 21516 21518 22009 22285 22287 22779 23055 23057 23548 23824 23826 24317 24593 24595 25086 25362 25364 25856 26132 26134 26625 26901 26903 27394 27670 27672
NODE_NUM = 92
FILE aes_secworks_sub_44.aig

# Subcircuit 45
SUB_ID 45
LO (22):  6581 6590 6598 14316 14327 14329 14347 16682 17687 18456 19225 19995 20764 21533 22302 23072 23841 24610 25379 26149 26918 27687
LI (65):  28 39 445 446 447 448 449 450 6199 6201 6204 6208 6587 6595 6597 8754 14295 14311 14315 14326 14343 14346 16674 16675 17682 17683 18163 18451 18453 18932 19220 19222 19702 19990 19992 20471 20759 20761 21240 21528 21530 22009 22297 22299 22779 23067 23069 23548 23836 23838 24317 24605 24607 25086 25374 25376 25856 26144 26146 26625 26913 26915 27394 27682 27684
NODE_NUM = 92
FILE aes_secworks_sub_45.aig

# Subcircuit 46
SUB_ID 46
LO (22):  6597 6606 6614 14378 14389 14391 14409 16700 17699 18468 19237 20007 20776 21545 22314 23084 23853 24622 25391 26161 26930 27699
LI (65):  28 39 451 452 453 454 455 456 6199 6201 6204 6208 6603 6611 6613 8754 14357 14373 14377 14388 14405 14408 16692 16693 17694 17695 18163 18463 18465 18932 19232 19234 19702 20002 20004 20471 20771 20773 21240 21540 21542 22009 22309 22311 22779 23079 23081 23548 23848 23850 24317 24617 24619 25086 25386 25388 25856 26156 26158 26625 26925 26927 27394 27694 27696
NODE_NUM = 92
FILE aes_secworks_sub_46.aig

# Subcircuit 47
SUB_ID 47
LO (22):  6613 6622 6630 14440 14451 14453 14471 16718 17711 18480 19249 20019 20788 21557 22326 23096 23865 24634 25403 26173 26942 27711
LI (65):  28 39 457 458 459 460 461 462 6199 6201 6204 6208 6619 6627 6629 8754 14419 14435 14439 14450 14467 14470 16710 16711 17706 17707 18163 18475 18477 18932 19244 19246 19702 20014 20016 20471 20783 20785 21240 21552 21554 22009 22321 22323 22779 23091 23093 23548 23860 23862 24317 24629 24631 25086 25398 25400 25856 26168 26170 26625 26937 26939 27394 27706 27708
NODE_NUM = 92
FILE aes_secworks_sub_47.aig

# Subcircuit 48
SUB_ID 48
LO (22):  6629 6638 6646 14502 14513 14515 14533 16736 17723 18492 19261 20031 20800 21569 22338 23108 23877 24646 25415 26185 26954 27723
LI (65):  28 39 463 464 465 466 467 468 6199 6201 6204 6208 6635 6643 6645 8754 14481 14497 14501 14512 14529 14532 16728 16729 17718 17719 18163 18487 18489 18932 19256 19258 19702 20026 20028 20471 20795 20797 21240 21564 21566 22009 22333 22335 22779 23103 23105 23548 23872 23874 24317 24641 24643 25086 25410 25412 25856 26180 26182 26625 26949 26951 27394 27718 27720
NODE_NUM = 92
FILE aes_secworks_sub_48.aig

# Subcircuit 49
SUB_ID 49
LO (22):  6645 6653 6656 6660 14563 14575 14593 16754 17735 18504 19273 20043 20812 21581 22350 23120 23889 24658 25427 26197 26966 27735
LI (63):  28 39 469 470 471 472 473 474 6199 6201 6204 6402 6659 8754 14543 14558 14562 14573 14589 14592 16746 16747 17730 17731 18163 18499 18501 18932 19268 19270 19702 20038 20040 20471 20807 20809 21240 21576 21578 22009 22345 22347 22779 23115 23117 23548 23884 23886 24317 24653 24655 25086 25422 25424 25856 26192 26194 26625 26961 26963 27394 27730 27732
NODE_NUM = 88
FILE aes_secworks_sub_49.aig

# Subcircuit 50
SUB_ID 50
LO (22):  6659 6667 6670 6674 14623 14635 14653 16772 17747 18516 19285 20055 20824 21593 22362 23132 23901 24670 25439 26209 26978 27747
LI (63):  28 39 475 476 477 478 479 480 6199 6201 6204 6402 6673 8754 14603 14618 14622 14633 14649 14652 16764 16765 17742 17743 18163 18511 18513 18932 19280 19282 19702 20050 20052 20471 20819 20821 21240 21588 21590 22009 22357 22359 22779 23127 23129 23548 23896 23898 24317 24665 24667 25086 25434 25436 25856 26204 26206 26625 26973 26975 27394 27742 27744
NODE_NUM = 88
FILE aes_secworks_sub_50.aig

# Subcircuit 51
SUB_ID 51
LO (22):  6673 6681 6684 6688 14683 14695 14713 16790 17759 18528 19297 20067 20836 21605 22374 23144 23913 24682 25451 26221 26990 27759
LI (63):  28 39 481 482 483 484 485 486 6199 6201 6204 6402 6687 8754 14663 14678 14682 14693 14709 14712 16782 16783 17754 17755 18163 18523 18525 18932 19292 19294 19702 20062 20064 20471 20831 20833 21240 21600 21602 22009 22369 22371 22779 23139 23141 23548 23908 23910 24317 24677 24679 25086 25446 25448 25856 26216 26218 26625 26985 26987 27394 27754 27756
NODE_NUM = 88
FILE aes_secworks_sub_51.aig

# Subcircuit 52
SUB_ID 52
LO (22):  6687 6695 6698 6702 14743 14755 14773 16808 17771 18540 19309 20079 20848 21617 22386 23156 23925 24694 25463 26233 27002 27771
LI (63):  28 39 487 488 489 490 491 492 6199 6201 6204 6402 6701 8754 14723 14738 14742 14753 14769 14772 16800 16801 17766 17767 18163 18535 18537 18932 19304 19306 19702 20074 20076 20471 20843 20845 21240 21612 21614 22009 22381 22383 22779 23151 23153 23548 23920 23922 24317 24689 24691 25086 25458 25460 25856 26228 26230 26625 26997 26999 27394 27766 27768
NODE_NUM = 88
FILE aes_secworks_sub_52.aig

# Subcircuit 53
SUB_ID 53
LO (22):  6701 6710 6718 14798 14806 14808 14823 16826 17783 18552 19321 20091 20860 21629 22398 23168 23937 24706 25475 26245 27014 27783
LI (65):  28 39 493 494 495 496 497 498 6199 6201 6204 6208 6707 6715 6717 8754 14780 14793 14797 14805 14819 14822 16818 16819 17778 17779 18163 18547 18549 18932 19316 19318 19702 20086 20088 20471 20855 20857 21240 21624 21626 22009 22393 22395 22779 23163 23165 23548 23932 23934 24317 24701 24703 25086 25470 25472 25856 26240 26242 26625 27009 27011 27394 27778 27780
NODE_NUM = 92
FILE aes_secworks_sub_53.aig

# Subcircuit 54
SUB_ID 54
LO (22):  6717 6726 6734 14848 14856 14858 14873 16844 17795 18564 19333 20103 20872 21641 22410 23180 23949 24718 25487 26257 27026 27795
LI (65):  28 39 499 500 501 502 503 504 6199 6201 6204 6208 6723 6731 6733 8754 14830 14843 14847 14855 14869 14872 16836 16837 17790 17791 18163 18559 18561 18932 19328 19330 19702 20098 20100 20471 20867 20869 21240 21636 21638 22009 22405 22407 22779 23175 23177 23548 23944 23946 24317 24713 24715 25086 25482 25484 25856 26252 26254 26625 27021 27023 27394 27790 27792
NODE_NUM = 92
FILE aes_secworks_sub_54.aig

# Subcircuit 55
SUB_ID 55
LO (22):  6733 6742 6750 14898 14906 14908 14923 16862 17807 18576 19345 20115 20884 21653 22422 23192 23961 24730 25499 26269 27038 27807
LI (65):  28 39 505 506 507 508 509 510 6199 6201 6204 6208 6739 6747 6749 8754 14880 14893 14897 14905 14919 14922 16854 16855 17802 17803 18163 18571 18573 18932 19340 19342 19702 20110 20112 20471 20879 20881 21240 21648 21650 22009 22417 22419 22779 23187 23189 23548 23956 23958 24317 24725 24727 25086 25494 25496 25856 26264 26266 26625 27033 27035 27394 27802 27804
NODE_NUM = 92
FILE aes_secworks_sub_55.aig

# Subcircuit 56
SUB_ID 56
LO (22):  6749 6758 6766 14948 14956 14958 14973 16880 17819 18588 19357 20127 20896 21665 22434 23204 23973 24742 25511 26281 27050 27819
LI (65):  28 39 511 512 513 514 515 516 6199 6201 6204 6208 6755 6763 6765 8754 14930 14943 14947 14955 14969 14972 16872 16873 17814 17815 18163 18583 18585 18932 19352 19354 19702 20122 20124 20471 20891 20893 21240 21660 21662 22009 22429 22431 22779 23199 23201 23548 23968 23970 24317 24737 24739 25086 25506 25508 25856 26276 26278 26625 27045 27047 27394 27814 27816
NODE_NUM = 92
FILE aes_secworks_sub_56.aig

# Subcircuit 57
SUB_ID 57
LO (22):  6765 6774 6782 14998 15006 15008 15023 16898 17831 18600 19369 20139 20908 21677 22446 23216 23985 24754 25523 26293 27062 27831
LI (65):  28 39 517 518 519 520 521 522 6199 6201 6204 6208 6771 6779 6781 8754 14980 14993 14997 15005 15019 15022 16890 16891 17826 17827 18163 18595 18597 18932 19364 19366 19702 20134 20136 20471 20903 20905 21240 21672 21674 22009 22441 22443 22779 23211 23213 23548 23980 23982 24317 24749 24751 25086 25518 25520 25856 26288 26290 26625 27057 27059 27394 27826 27828
NODE_NUM = 92
FILE aes_secworks_sub_57.aig

# Subcircuit 58
SUB_ID 58
LO (22):  6781 6790 6798 15048 15056 15058 15073 16916 17843 18612 19381 20151 20920 21689 22458 23228 23997 24766 25535 26305 27074 27843
LI (65):  28 39 523 524 525 526 527 528 6199 6201 6204 6208 6787 6795 6797 8754 15030 15043 15047 15055 15069 15072 16908 16909 17838 17839 18163 18607 18609 18932 19376 19378 19702 20146 20148 20471 20915 20917 21240 21684 21686 22009 22453 22455 22779 23223 23225 23548 23992 23994 24317 24761 24763 25086 25530 25532 25856 26300 26302 26625 27069 27071 27394 27838 27840
NODE_NUM = 92
FILE aes_secworks_sub_58.aig

# Subcircuit 59
SUB_ID 59
LO (22):  6797 6806 6814 15098 15106 15108 15123 16934 17855 18624 19393 20163 20932 21701 22470 23240 24009 24778 25547 26317 27086 27855
LI (65):  28 39 529 530 531 532 533 534 6199 6201 6204 6208 6803 6811 6813 8754 15080 15093 15097 15105 15119 15122 16926 16927 17850 17851 18163 18619 18621 18932 19388 19390 19702 20158 20160 20471 20927 20929 21240 21696 21698 22009 22465 22467 22779 23235 23237 23548 24004 24006 24317 24773 24775 25086 25542 25544 25856 26312 26314 26625 27081 27083 27394 27850 27852
NODE_NUM = 92
FILE aes_secworks_sub_59.aig

# Subcircuit 60
SUB_ID 60
LO (22):  6813 6822 6830 15148 15156 15158 15173 16952 17867 18636 19405 20175 20944 21713 22482 23252 24021 24790 25559 26329 27098 27867
LI (65):  28 39 535 536 537 538 539 540 6199 6201 6204 6208 6819 6827 6829 8754 15130 15143 15147 15155 15169 15172 16944 16945 17862 17863 18163 18631 18633 18932 19400 19402 19702 20170 20172 20471 20939 20941 21240 21708 21710 22009 22477 22479 22779 23247 23249 23548 24016 24018 24317 24785 24787 25086 25554 25556 25856 26324 26326 26625 27093 27095 27394 27862 27864
NODE_NUM = 92
FILE aes_secworks_sub_60.aig

# Subcircuit 61
SUB_ID 61
LO (22):  6829 6838 6846 15198 15206 15208 15223 16970 17879 18648 19417 20187 20956 21725 22494 23264 24033 24802 25571 26341 27110 27879
LI (65):  28 39 541 542 543 544 545 546 6199 6201 6204 6208 6835 6843 6845 8754 15180 15193 15197 15205 15219 15222 16962 16963 17874 17875 18163 18643 18645 18932 19412 19414 19702 20182 20184 20471 20951 20953 21240 21720 21722 22009 22489 22491 22779 23259 23261 23548 24028 24030 24317 24797 24799 25086 25566 25568 25856 26336 26338 26625 27105 27107 27394 27874 27876
NODE_NUM = 92
FILE aes_secworks_sub_61.aig

# Subcircuit 62
SUB_ID 62
LO (22):  6845 6854 6862 15248 15256 15258 15273 16988 17891 18660 19429 20199 20968 21737 22506 23276 24045 24814 25583 26353 27122 27891
LI (65):  28 39 547 548 549 550 551 552 6199 6201 6204 6208 6851 6859 6861 8754 15230 15243 15247 15255 15269 15272 16980 16981 17886 17887 18163 18655 18657 18932 19424 19426 19702 20194 20196 20471 20963 20965 21240 21732 21734 22009 22501 22503 22779 23271 23273 23548 24040 24042 24317 24809 24811 25086 25578 25580 25856 26348 26350 26625 27117 27119 27394 27886 27888
NODE_NUM = 92
FILE aes_secworks_sub_62.aig

# Subcircuit 63
SUB_ID 63
LO (22):  6861 6870 6878 15298 15306 15308 15323 17006 17903 18672 19441 20211 20980 21749 22518 23288 24057 24826 25595 26365 27134 27903
LI (65):  28 39 553 554 555 556 557 558 6199 6201 6204 6208 6867 6875 6877 8754 15280 15293 15297 15305 15319 15322 16998 16999 17898 17899 18163 18667 18669 18932 19436 19438 19702 20206 20208 20471 20975 20977 21240 21744 21746 22009 22513 22515 22779 23283 23285 23548 24052 24054 24317 24821 24823 25086 25590 25592 25856 26360 26362 26625 27129 27131 27394 27898 27900
NODE_NUM = 92
FILE aes_secworks_sub_63.aig

# Subcircuit 64
SUB_ID 64
LO (22):  6877 6886 6894 15348 15356 15358 15373 17024 17915 18684 19453 20223 20992 21761 22530 23300 24069 24838 25607 26377 27146 27915
LI (65):  28 39 559 560 561 562 563 564 6199 6201 6204 6208 6883 6891 6893 8754 15330 15343 15347 15355 15369 15372 17016 17017 17910 17911 18163 18679 18681 18932 19448 19450 19702 20218 20220 20471 20987 20989 21240 21756 21758 22009 22525 22527 22779 23295 23297 23548 24064 24066 24317 24833 24835 25086 25602 25604 25856 26372 26374 26625 27141 27143 27394 27910 27912
NODE_NUM = 92
FILE aes_secworks_sub_64.aig

# Subcircuit 65
SUB_ID 65
LO (22):  6893 6901 6904 6908 15397 15406 15421 17042 17927 18696 19465 20235 21004 21773 22542 23312 24081 24850 25619 26389 27158 27927
LI (63):  28 39 565 566 567 568 569 570 6199 6201 6204 6402 6907 8754 15380 15392 15396 15404 15417 15420 17034 17035 17922 17923 18163 18691 18693 18932 19460 19462 19702 20230 20232 20471 20999 21001 21240 21768 21770 22009 22537 22539 22779 23307 23309 23548 24076 24078 24317 24845 24847 25086 25614 25616 25856 26384 26386 26625 27153 27155 27394 27922 27924
NODE_NUM = 88
FILE aes_secworks_sub_65.aig

# Subcircuit 66
SUB_ID 66
LO (22):  6907 6915 6918 6922 15445 15454 15469 17060 17939 18708 19477 20247 21016 21785 22554 23324 24093 24862 25631 26401 27170 27939
LI (63):  28 39 571 572 573 574 575 576 6199 6201 6204 6402 6921 8754 15428 15440 15444 15452 15465 15468 17052 17053 17934 17935 18163 18703 18705 18932 19472 19474 19702 20242 20244 20471 21011 21013 21240 21780 21782 22009 22549 22551 22779 23319 23321 23548 24088 24090 24317 24857 24859 25086 25626 25628 25856 26396 26398 26625 27165 27167 27394 27934 27936
NODE_NUM = 88
FILE aes_secworks_sub_66.aig

# Subcircuit 67
SUB_ID 67
LO (22):  6921 6929 6932 6936 15493 15502 15517 17078 17951 18720 19489 20259 21028 21797 22566 23336 24105 24874 25643 26413 27182 27951
LI (63):  28 39 577 578 579 580 581 582 6199 6201 6204 6402 6935 8754 15476 15488 15492 15500 15513 15516 17070 17071 17946 17947 18163 18715 18717 18932 19484 19486 19702 20254 20256 20471 21023 21025 21240 21792 21794 22009 22561 22563 22779 23331 23333 23548 24100 24102 24317 24869 24871 25086 25638 25640 25856 26408 26410 26625 27177 27179 27394 27946 27948
NODE_NUM = 88
FILE aes_secworks_sub_67.aig

# Subcircuit 68
SUB_ID 68
LO (22):  6935 6943 6946 6950 15541 15550 15565 17096 17963 18732 19501 20271 21040 21809 22578 23348 24117 24886 25655 26425 27194 27963
LI (63):  28 39 583 584 585 586 587 588 6199 6201 6204 6402 6949 8754 15524 15536 15540 15548 15561 15564 17088 17089 17958 17959 18163 18727 18729 18932 19496 19498 19702 20266 20268 20471 21035 21037 21240 21804 21806 22009 22573 22575 22779 23343 23345 23548 24112 24114 24317 24881 24883 25086 25650 25652 25856 26420 26422 26625 27189 27191 27394 27958 27960
NODE_NUM = 88
FILE aes_secworks_sub_68.aig

# Subcircuit 69
SUB_ID 69
LO (22):  6949 6958 6966 15584 15589 15591 15603 17114 17975 18744 19513 20283 21052 21821 22590 23360 24129 24898 25667 26437 27206 27975
LI (65):  28 39 589 590 591 592 593 594 6199 6201 6204 6208 6955 6963 6965 8754 15569 15579 15583 15588 15599 15602 17106 17107 17970 17971 18163 18739 18741 18932 19508 19510 19702 20278 20280 20471 21047 21049 21240 21816 21818 22009 22585 22587 22779 23355 23357 23548 24124 24126 24317 24893 24895 25086 25662 25664 25856 26432 26434 26625 27201 27203 27394 27970 27972
NODE_NUM = 92
FILE aes_secworks_sub_69.aig

# Subcircuit 70
SUB_ID 70
LO (22):  6965 6974 6982 15622 15627 15629 15641 17132 17987 18756 19525 20295 21064 21833 22602 23372 24141 24910 25679 26449 27218 27987
LI (65):  28 39 595 596 597 598 599 600 6199 6201 6204 6208 6971 6979 6981 8754 15607 15617 15621 15626 15637 15640 17124 17125 17982 17983 18163 18751 18753 18932 19520 19522 19702 20290 20292 20471 21059 21061 21240 21828 21830 22009 22597 22599 22779 23367 23369 23548 24136 24138 24317 24905 24907 25086 25674 25676 25856 26444 26446 26625 27213 27215 27394 27982 27984
NODE_NUM = 92
FILE aes_secworks_sub_70.aig

# Subcircuit 71
SUB_ID 71
LO (22):  6981 6990 6998 15660 15665 15667 15679 17150 17999 18768 19537 20307 21076 21845 22614 23384 24153 24922 25691 26461 27230 27999
LI (65):  28 39 601 602 603 604 605 606 6199 6201 6204 6208 6987 6995 6997 8754 15645 15655 15659 15664 15675 15678 17142 17143 17994 17995 18163 18763 18765 18932 19532 19534 19702 20302 20304 20471 21071 21073 21240 21840 21842 22009 22609 22611 22779 23379 23381 23548 24148 24150 24317 24917 24919 25086 25686 25688 25856 26456 26458 26625 27225 27227 27394 27994 27996
NODE_NUM = 92
FILE aes_secworks_sub_71.aig

# Subcircuit 72
SUB_ID 72
LO (22):  6997 7006 7014 15698 15703 15705 15717 17168 18011 18780 19549 20319 21088 21857 22626 23396 24165 24934 25703 26473 27242 28011
LI (65):  28 39 607 608 609 610 611 612 6199 6201 6204 6208 7003 7011 7013 8754 15683 15693 15697 15702 15713 15716 17160 17161 18006 18007 18163 18775 18777 18932 19544 19546 19702 20314 20316 20471 21083 21085 21240 21852 21854 22009 22621 22623 22779 23391 23393 23548 24160 24162 24317 24929 24931 25086 25698 25700 25856 26468 26470 26625 27237 27239 27394 28006 28008
NODE_NUM = 92
FILE aes_secworks_sub_72.aig

# Subcircuit 73
SUB_ID 73
LO (22):  7013 7022 7030 15736 15741 15743 15755 17186 18023 18792 19561 20331 21100 21869 22638 23408 24177 24946 25715 26485 27254 28023
LI (65):  28 39 613 614 615 616 617 618 6199 6201 6204 6208 7019 7027 7029 8754 15721 15731 15735 15740 15751 15754 17178 17179 18018 18019 18163 18787 18789 18932 19556 19558 19702 20326 20328 20471 21095 21097 21240 21864 21866 22009 22633 22635 22779 23403 23405 23548 24172 24174 24317 24941 24943 25086 25710 25712 25856 26480 26482 26625 27249 27251 27394 28018 28020
NODE_NUM = 92
FILE aes_secworks_sub_73.aig

# Subcircuit 74
SUB_ID 74
LO (22):  7029 7038 7046 15774 15779 15781 15793 17204 18035 18804 19573 20343 21112 21881 22650 23420 24189 24958 25727 26497 27266 28035
LI (65):  28 39 619 620 621 622 623 624 6199 6201 6204 6208 7035 7043 7045 8754 15759 15769 15773 15778 15789 15792 17196 17197 18030 18031 18163 18799 18801 18932 19568 19570 19702 20338 20340 20471 21107 21109 21240 21876 21878 22009 22645 22647 22779 23415 23417 23548 24184 24186 24317 24953 24955 25086 25722 25724 25856 26492 26494 26625 27261 27263 27394 28030 28032
NODE_NUM = 92
FILE aes_secworks_sub_74.aig

# Subcircuit 75
SUB_ID 75
LO (22):  7045 7054 7062 15812 15817 15819 15831 17222 18047 18816 19585 20355 21124 21893 22662 23432 24201 24970 25739 26509 27278 28047
LI (65):  28 39 625 626 627 628 629 630 6199 6201 6204 6208 7051 7059 7061 8754 15797 15807 15811 15816 15827 15830 17214 17215 18042 18043 18163 18811 18813 18932 19580 19582 19702 20350 20352 20471 21119 21121 21240 21888 21890 22009 22657 22659 22779 23427 23429 23548 24196 24198 24317 24965 24967 25086 25734 25736 25856 26504 26506 26625 27273 27275 27394 28042 28044
NODE_NUM = 92
FILE aes_secworks_sub_75.aig

# Subcircuit 76
SUB_ID 76
LO (22):  7061 7070 7078 15850 15855 15857 15869 17240 18059 18828 19597 20367 21136 21905 22674 23444 24213 24982 25751 26521 27290 28059
LI (65):  28 39 631 632 633 634 635 636 6199 6201 6204 6208 7067 7075 7077 8754 15835 15845 15849 15854 15865 15868 17232 17233 18054 18055 18163 18823 18825 18932 19592 19594 19702 20362 20364 20471 21131 21133 21240 21900 21902 22009 22669 22671 22779 23439 23441 23548 24208 24210 24317 24977 24979 25086 25746 25748 25856 26516 26518 26625 27285 27287 27394 28054 28056
NODE_NUM = 92
FILE aes_secworks_sub_76.aig

# Subcircuit 77
SUB_ID 77
LO (22):  7077 7086 7094 15888 15893 15895 15907 17258 18071 18840 19609 20379 21148 21917 22686 23456 24225 24994 25763 26533 27302 28071
LI (65):  28 39 637 638 639 640 641 642 6199 6201 6204 6208 7083 7091 7093 8754 15873 15883 15887 15892 15903 15906 17250 17251 18066 18067 18163 18835 18837 18932 19604 19606 19702 20374 20376 20471 21143 21145 21240 21912 21914 22009 22681 22683 22779 23451 23453 23548 24220 24222 24317 24989 24991 25086 25758 25760 25856 26528 26530 26625 27297 27299 27394 28066 28068
NODE_NUM = 92
FILE aes_secworks_sub_77.aig

# Subcircuit 78
SUB_ID 78
LO (22):  7093 7102 7110 15926 15931 15933 15945 17276 18083 18852 19621 20391 21160 21929 22698 23468 24237 25006 25775 26545 27314 28083
LI (65):  28 39 643 644 645 646 647 648 6199 6201 6204 6208 7099 7107 7109 8754 15911 15921 15925 15930 15941 15944 17268 17269 18078 18079 18163 18847 18849 18932 19616 19618 19702 20386 20388 20471 21155 21157 21240 21924 21926 22009 22693 22695 22779 23463 23465 23548 24232 24234 24317 25001 25003 25086 25770 25772 25856 26540 26542 26625 27309 27311 27394 28078 28080
NODE_NUM = 92
FILE aes_secworks_sub_78.aig

# Subcircuit 79
SUB_ID 79
LO (22):  7109 7118 7126 15964 15969 15971 15983 17294 18095 18864 19633 20403 21172 21941 22710 23480 24249 25018 25787 26557 27326 28095
LI (65):  28 39 649 650 651 652 653 654 6199 6201 6204 6208 7115 7123 7125 8754 15949 15959 15963 15968 15979 15982 17286 17287 18090 18091 18163 18859 18861 18932 19628 19630 19702 20398 20400 20471 21167 21169 21240 21936 21938 22009 22705 22707 22779 23475 23477 23548 24244 24246 24317 25013 25015 25086 25782 25784 25856 26552 26554 26625 27321 27323 27394 28090 28092
NODE_NUM = 92
FILE aes_secworks_sub_79.aig

# Subcircuit 80
SUB_ID 80
LO (22):  7125 7134 7142 16002 16007 16009 16021 17312 18107 18876 19645 20415 21184 21953 22722 23492 24261 25030 25799 26569 27338 28107
LI (65):  28 39 655 656 657 658 659 660 6199 6201 6204 6208 7131 7139 7141 8754 15987 15997 16001 16006 16017 16020 17304 17305 18102 18103 18163 18871 18873 18932 19640 19642 19702 20410 20412 20471 21179 21181 21240 21948 21950 22009 22717 22719 22779 23487 23489 23548 24256 24258 24317 25025 25027 25086 25794 25796 25856 26564 26566 26625 27333 27335 27394 28102 28104
NODE_NUM = 92
FILE aes_secworks_sub_80.aig

# Subcircuit 81
SUB_ID 81
LO (22):  7141 7149 7152 7156 16039 16045 16057 17330 18119 18888 19657 20427 21196 21965 22734 23504 24273 25042 25811 26581 27350 28119
LI (63):  28 39 661 662 663 664 665 666 6199 6201 6204 6402 7155 8754 16025 16034 16038 16043 16053 16056 17322 17323 18114 18115 18163 18883 18885 18932 19652 19654 19702 20422 20424 20471 21191 21193 21240 21960 21962 22009 22729 22731 22779 23499 23501 23548 24268 24270 24317 25037 25039 25086 25806 25808 25856 26576 26578 26625 27345 27347 27394 28114 28116
NODE_NUM = 88
FILE aes_secworks_sub_81.aig

# Subcircuit 82
SUB_ID 82
LO (22):  7155 7163 7166 7170 16075 16081 16093 17348 18131 18900 19669 20439 21208 21977 22746 23516 24285 25054 25823 26593 27362 28131
LI (63):  28 39 667 668 669 670 671 672 6199 6201 6204 6402 7169 8754 16061 16070 16074 16079 16089 16092 17340 17341 18126 18127 18163 18895 18897 18932 19664 19666 19702 20434 20436 20471 21203 21205 21240 21972 21974 22009 22741 22743 22779 23511 23513 23548 24280 24282 24317 25049 25051 25086 25818 25820 25856 26588 26590 26625 27357 27359 27394 28126 28128
NODE_NUM = 88
FILE aes_secworks_sub_82.aig

# Subcircuit 83
SUB_ID 83
LO (22):  7169 7177 7180 7184 16111 16117 16129 17366 18143 18912 19681 20451 21220 21989 22758 23528 24297 25066 25835 26605 27374 28143
LI (63):  28 39 673 674 675 676 677 678 6199 6201 6204 6402 7183 8754 16097 16106 16110 16115 16125 16128 17358 17359 18138 18139 18163 18907 18909 18932 19676 19678 19702 20446 20448 20471 21215 21217 21240 21984 21986 22009 22753 22755 22779 23523 23525 23548 24292 24294 24317 25061 25063 25086 25830 25832 25856 26600 26602 26625 27369 27371 27394 28138 28140
NODE_NUM = 88
FILE aes_secworks_sub_83.aig

# Subcircuit 84
SUB_ID 84
LO (22):  7183 7191 7194 7198 16147 16153 16165 17384 18155 18924 19693 20463 21232 22001 22770 23540 24309 25078 25847 26617 27386 28155
LI (63):  28 39 679 680 681 682 683 684 6199 6201 6204 6402 7197 8754 16133 16142 16146 16151 16161 16164 17376 17377 18150 18151 18163 18919 18921 18932 19688 19690 19702 20458 20460 20471 21227 21229 21240 21996 21998 22009 22765 22767 22779 23535 23537 23548 24304 24306 24317 25073 25075 25086 25842 25844 25856 26612 26614 26625 27381 27383 27394 28150 28152
NODE_NUM = 88
FILE aes_secworks_sub_84.aig

# Subcircuit 85
SUB_ID 85
LO (42):  7197 7294 7306 7310 7311 7312 7313 7317 7329 7333 7338 7358 7359 7360 7361 7364 7367 7372 7375 7376 7392 7394 7395 7620 7623 7625 7892 7906 7948 8780 8785 8838 8978 9026 9040 9253 9258 9470 9617 9646 9830 10034
LI (34):  106 170 232 234 685 689 691 692 5738 6204 7201 7208 7211 7213 7261 7286 7288 7289 7298 7303 7308 7315 7319 7322 7327 7328 7331 7334 7336 7355 7366 7368 7371 7373
NODE_NUM = 86
FILE aes_secworks_sub_85.aig

# Subcircuit 86
SUB_ID 86
LO (73):  7344 7345 7346 7347 7348 7351 7354 7355 7406 7409 7410 7411 7412 7414 7415 7416 7417 7418 7421 7425 7426 7427 7430 7431 7433 7435 7436 7437 7513 7517 7518 7519 7520 7521 7613 7614 7643 7646 7647 7648 7666 7667 7746 7748 7762 7763 7764 7784 7787 7826 7827 7828 7838 7839 7840 7886 7911 7933 8787 8801 8828 9014 9016 9054 9234 9249 9272 9412 9435 9449 9455 9807 9849
LI (18):  395 7201 7261 7286 7298 7315 7327 7331 7334 7336 7341 7350 7352 7371 7373 7377 7382 7424
NODE_NUM = 95
FILE aes_secworks_sub_86.aig

# Subcircuit 87
SUB_ID 87
LO (29):  7381 7634 7636 7639 7640 7708 7710 7712 7717 7719 7869 7962 8733 8751 8791 8816 8837 8980 9204 9465 9654 9837 9856 9989 10023 13473 16246 16247 17396
LI (52):  28 35 6199 6201 7261 7311 7315 7319 7322 7327 7331 7334 7336 7350 7352 7364 7366 7368 7371 7373 7376 7377 7382 7384 7398 7403 7477 7610 7626 7633 7673 7695 7705 7722 7735 7867 7891 7892 7897 7909 7936 7942 7948 7956 7971 7976 8732 8742 8747 8779 8780 8790
NODE_NUM = 100
FILE aes_secworks_sub_87.aig

# Subcircuit 88
SUB_ID 88
LO (25):  7398 7403 7891 9063 9168 9186 9280 9390 9408 9484 9576 9594 10002 13557 13599 13641 16264 16265 16273 16274 16282 16283 17408 17414 17420
LI (51):  28 35 6199 6201 7329 7338 7352 7360 7394 7395 7397 7401 7869 7872 7873 7890 9002 9012 9029 9035 9037 9041 9058 9072 9077 9167 9177 9182 9215 9227 9237 9240 9242 9276 9289 9294 9389 9399 9404 9422 9425 9426 9433 9481 9493 9498 9575 9585 9590 9983 10001
NODE_NUM = 100
FILE aes_secworks_sub_88.aig

# Subcircuit 89
SUB_ID 89
LO (26):  7397 7401 8847 8974 9037 13532 13533 13830 13846 13847 14588 14589 14805 14818 14819 15416 15417 15588 15598 15599 16052 16053 16167 16255 16258 17402
LI (43):  28 35 39 594 595 667 6199 6201 7329 7350 7382 7400 7634 7722 7869 8776 8791 8812 8827 8834 8837 8838 8856 8861 8955 8965 8970 13514 13525 13530 13826 13839 13844 14581 14586 14801 14811 14816 15409 15414 15596 16050 16252
NODE_NUM = 100
FILE aes_secworks_sub_89.aig

# Subcircuit 90
SUB_ID 90
LO (23):  7400 9276 9675 9772 9790 9867 9960 9978 13684 13700 13701 13726 13742 13954 13970 13971 13985 16291 16292 16300 16301 17426 17432
LI (48):  28 35 6199 6201 7313 7329 7367 7384 7392 7869 9252 9253 9258 9275 9614 9624 9641 9643 9647 9655 9670 9684 9689 9771 9781 9786 9805 9816 9833 9847 9854 9856 9860 9876 9881 9959 9969 9974 13682 13693 13698 13724 13735 13740 13950 13963 13968 13981
NODE_NUM = 98
FILE aes_secworks_sub_90.aig

# Subcircuit 91
SUB_ID 91
LO (40):  7424 7479 7480 7481 7484 7488 7490 7491 7493 7496 7498 7499 7502 7543 7578 7580 7584 7603 7604 7605 7845 7847 7871 7872 7873 7938 8770 8822 8990 8997 9005 9207 9217 9223 9474 9604 9800 9812 9994 10008
LI (19):  392 7201 7261 7286 7310 7315 7319 7322 7327 7328 7331 7334 7336 7366 7368 7371 7373 7422 7542
NODE_NUM = 73
FILE aes_secworks_sub_91.aig

# Subcircuit 92
SUB_ID 92
LO (24):  7477 8812 9670 9833 10057 10152 10170 13768 13784 13785 14016 14032 14033 14768 14769 14955 14968 14969 15560 15561 15702 16309 16310 17438
LI (52):  28 35 612 6199 6201 7384 7421 7426 7427 7433 7436 7437 7476 7809 7826 7827 7869 8792 8796 8804 8811 9054 9661 9669 9819 9821 9824 9832 10002 10012 10014 10016 10025 10053 10066 10071 10151 10161 10166 13766 13777 13782 14012 14025 14030 14761 14766 14951 14961 14966 15553 15558
NODE_NUM = 98
FILE aes_secworks_sub_92.aig

# Subcircuit 93
SUB_ID 93
LO (30):  7448 7454 7456 7476 7542 7656 7673 7875 7890 7936 7942 8776 8811 8834 8984 9035 9215 9220 9227 9237 9275 9426 9433 9481 9599 9663 9797 9829 9848 10036
LI (64):  7261 7315 7319 7322 7327 7328 7331 7334 7336 7344 7350 7352 7366 7368 7371 7373 7382 7384 7409 7475 7526 7531 7533 7536 7539 7541 7649 7671 7762 7876 7881 7889 7906 7917 7919 7921 7935 7939 7941 8758 8760 8775 8784 8806 8810 8830 8982 8983 9190 9214 9218 9219 9225 9229 9236 9267 9268 9273 9430 9441 9442 9444 9458 9480
NODE_NUM = 100
FILE aes_secworks_sub_93.aig

# Subcircuit 94
SUB_ID 94
LO (34):  7465 7470 7475 7531 7533 7536 7539 7645 7649 7739 7740 7743 7867 7889 7897 7909 7917 7921 8775 8804 9051 9058 9214 9219 9268 9436 9444 9450 9624 9668 9805 9854 10027 10053
LI (63):  7261 7315 7319 7322 7327 7331 7334 7336 7344 7348 7350 7352 7366 7368 7371 7373 7382 7384 7406 7415 7416 7417 7418 7462 7466 7474 7643 7647 7648 7696 7743 7752 7768 7802 7866 7875 7885 7886 7895 7900 7908 7911 7916 8764 8765 8772 8800 8801 9050 9053 9054 9196 9213 9623 9795 9797 9803 9850 9851 10028 10030 10039 10052
NODE_NUM = 100
FILE aes_secworks_sub_94.aig

# Subcircuit 95
SUB_ID 95
LO (40):  7526 7547 7610 7675 7676 7678 7681 7683 7684 7687 7688 7705 7768 7788 7802 7835 7837 7866 7876 7881 7935 7956 8764 8772 8784 8790 8810 8823 8982 9029 9209 9236 9607 9614 9631 9650 9808 9816 9844 10052
LI (65):  7261 7315 7319 7322 7327 7331 7334 7336 7350 7352 7366 7368 7371 7373 7377 7382 7384 7479 7513 7518 7519 7520 7521 7543 7559 7568 7571 7608 7704 7756 7767 7786 7787 7789 7792 7800 7834 7837 7839 7840 7848 7859 7864 7880 7886 7927 7930 7933 7934 7955 8765 8771 8789 8809 9004 9015 9018 9028 9232 9235 9599 9613 9814 10043 10051
NODE_NUM = 98
FILE aes_secworks_sub_95.aig

# Subcircuit 96
SUB_ID 96
LO (27):  7559 7595 7608 7695 7696 7704 7848 7939 8779 8827 9002 9012 9213 9216 9218 9240 9422 9430 9480 9613 9623 9641 9795 9814 9832 9847 10001
LI (74):  7261 7315 7319 7322 7327 7331 7334 7336 7350 7352 7366 7368 7371 7373 7382 7384 7462 7479 7499 7547 7564 7578 7580 7592 7603 7604 7605 7687 7703 7729 7731 7847 7938 8819 8822 8823 8985 8988 8991 8992 8999 9003 9004 9007 9205 9208 9209 9217 9220 9238 9412 9421 9464 9471 9474 9603 9606 9607 9611 9618 9622 9633 9635 9639 9794 9810 9812 9827 9831 9840 9845 9986 9992 9995
NODE_NUM = 100
FILE aes_secworks_sub_96.aig

# Subcircuit 97
SUB_ID 97
LO (31):  7564 7568 7571 7592 7722 7729 7731 7735 7756 7880 7941 7955 8758 8819 8991 8992 9028 9205 9208 9238 9425 9471 9603 9635 9639 9655 9840 9845 9992 9995 10025
LI (55):  7261 7311 7315 7319 7322 7327 7331 7333 7334 7336 7350 7352 7366 7368 7371 7373 7381 7382 7384 7462 7496 7498 7502 7584 7595 7603 7605 7633 7636 7639 7675 7676 7678 7683 7684 7717 7845 7871 8816 8990 9027 9204 9207 9465 9470 9601 9637 9650 9654 9837 9844 9989 9994 10020 10024
NODE_NUM = 97
FILE aes_secworks_sub_97.aig

# Subcircuit 98
SUB_ID 98
LO (37):  7626 7633 7671 7703 7749 7750 7752 7767 7829 7830 7831 7832 7834 7908 7919 8760 8771 8830 8999 9007 9027 9041 9196 9229 9252 9421 9442 9464 9606 9622 9633 9647 9803 9860 9983 10012 10039
LI (73):  7312 7319 7322 7345 7346 7350 7351 7352 7354 7359 7361 7366 7368 7382 7384 7426 7448 7480 7481 7484 7488 7490 7491 7499 7518 7533 7539 7613 7614 7620 7623 7625 7632 7666 7667 7671 7699 7719 7748 7763 7764 7810 7818 7825 7828 7902 7904 7906 8770 8786 8828 8997 9005 9026 9040 9249 9251 9412 9417 9419 9463 9604 9620 9625 9632 9646 9801 10004 10007 10008 10034 10036 10038
NODE_NUM = 100
FILE aes_secworks_sub_98.aig

# Subcircuit 99
SUB_ID 99
LO (34):  7786 7792 7800 7859 7864 7885 7902 7927 7930 8792 8796 8809 8983 9015 9018 9050 9190 9225 9235 9267 9419 9441 9458 9618 9625 9632 9661 9794 9801 9824 9986 10007 10043 10051
LI (57):  7261 7315 7319 7322 7327 7331 7334 7336 7350 7352 7366 7368 7371 7373 7382 7384 7425 7462 7470 7493 7517 7625 7656 7775 7776 7779 7780 7784 7785 7811 7813 7814 7819 7824 7839 7884 8978 9014 9016 9046 9048 9216 9223 9234 9263 9265 9437 9439 9451 9455 9617 9628 9631 9660 9800 10005 10047
NODE_NUM = 89
FILE aes_secworks_sub_99.aig

# Subcircuit 100
SUB_ID 100
LO (37):  7775 7776 7779 7780 7809 7810 7811 7813 7814 7818 7819 7824 7825 7884 7895 7916 7971 7987 7990 8000 8002 8765 8786 8789 9048 9263 9265 9417 9439 9463 9611 9660 9819 10005 13799 14780 15569
LI (54):  108 110 172 174 303 306 399 495 591 708 709 710 711 5738 6199 7201 7208 7211 7213 7261 7315 7319 7322 7327 7328 7331 7334 7336 7350 7352 7366 7368 7371 7373 7382 7384 7412 7425 7431 7518 7536 7649 7749 7750 7831 7881 7962 7984 7996 7999 8785 8787 8980 9262
NODE_NUM = 99
FILE aes_secworks_sub_100.aig

# Subcircuit 101
SUB_ID 101
LO (48):  8012 8015 8024 8030 8082 8084 8085 8086 8088 8089 8091 8092 8093 8094 8096 8100 8103 8105 8119 8121 8127 8129 8130 8131 8135 8137 8140 8142 8151 8153 8389 8392 8394 8396 8397 8398 8400 8402 8715 8887 9143 9337 9355 9364 9712 9741 9950 10126
LI (24):  112 114 176 178 309 312 712 713 714 715 5738 7201 7208 7211 7213 8004 8009 8016 8021 8026 8081 8083 8087 8090
NODE_NUM = 77
FILE aes_secworks_sub_101.aig

# Subcircuit 102
SUB_ID 102
LO (68):  8055 8081 8097 8098 8099 8102 8104 8107 8109 8114 8115 8116 8117 8120 8146 8147 8148 8166 8175 8176 8177 8178 8179 8180 8181 8182 8212 8216 8231 8232 8233 8235 8303 8330 8403 8404 8405 8406 8407 8409 8415 8420 8421 8423 8425 8491 8493 8494 8496 8497 8512 8513 8531 8532 8656 8691 8716 8866 8894 8908 9125 9513 9535 9929 9940 10123 28320 34003
LI (16):  700 5738 7207 7208 8035 8038 8041 8054 8080 8094 8096 8100 8103 8105 8113 8119
NODE_NUM = 87
FILE aes_secworks_sub_102.aig

# Subcircuit 103
SUB_ID 103
LO (59):  8035 8038 8041 8054 8080 8113 8194 8195 8197 8198 8200 8201 8203 8204 8205 8207 8208 8247 8248 8249 8251 8252 8255 8256 8277 8278 8466 8468 8470 8471 8472 8518 8519 8520 8641 8876 8893 8928 9099 9147 9301 9370 9550 9563 9752 9891 10102 30237 30238 30240 30301 30359 30423 30487 30545 30603 32121 32122 32371
LI (45):  116 172 174 176 178 180 182 184 315 701 702 5738 7201 7207 7208 7211 7213 8030 8045 8047 8049 8053 8055 8057 8058 8062 8066 8079 8084 8088 8091 8103 8105 8112 8119 8121 8151 8153 8174 8190 8192 8245 28317 28318 28319
NODE_NUM = 98
FILE aes_secworks_sub_103.aig

# Subcircuit 104
SUB_ID 104
LO (33):  8045 8049 8053 8057 8058 8062 8066 8079 8112 8174 8954 8955 9166 9167 9574 9575 9770 9771 10150 10151 10981 11074 11087 11112 11369 11482 11714 28327 28389 28513 28578 28696 34845
LI (66):  28 35 118 120 122 186 318 321 324 703 704 705 706 707 717 5738 6199 6201 7201 7207 7208 7211 7213 8072 8086 8109 8114 8117 8120 8121 8131 8173 8398 8434 8533 8638 8867 8883 8898 8919 8934 8936 8940 8948 9105 9115 9124 9127 9129 9162 9504 9511 9572 9709 9719 9728 9731 9733 9766 10075 10094 10148 10974 10979 11073 11083
NODE_NUM = 93
FILE aes_secworks_sub_104.aig

# Subcircuit 105
SUB_ID 105
LO (23):  8173 8731 8732 8898 9105 9388 9389 9572 9958 9959 10148 10944 10962 11331 11349 11599 11676 16318 16319 16345 16346 17444 17462
LI (58):  28 35 6199 6201 8098 8135 8138 8143 8144 8156 8169 8172 8638 8660 8667 8670 8673 8674 8728 8890 8891 8894 8895 9083 9087 9104 9298 9323 9328 9335 9353 9360 9361 9366 9383 9503 9519 9520 9571 9895 9956 10097 10099 10103 10147 10182 10187 10943 10953 10958 11230 11235 11330 11340 11345 11592 11597 11675
NODE_NUM = 98
FILE aes_secworks_sub_105.aig

# Subcircuit 106
SUB_ID 106
LO (23):  8138 8143 8144 8156 8168 8172 8638 8660 8667 8728 8890 8947 9083 9162 9323 9353 9511 9519 9766 9956 10075 10094 10147
LI (80):  8098 8107 8121 8129 8137 8140 8142 8147 8148 8151 8154 8163 8164 8166 8169 8170 8340 8380 8403 8405 8407 8443 8464 8474 8479 8481 8485 8494 8504 8636 8641 8642 8650 8659 8661 8666 8705 8711 8717 8725 8872 8886 8887 8945 9111 9138 9140 9144 9161 9300 9303 9305 9321 9345 9347 9348 9349 9510 9515 9516 9737 9742 9746 9747 9750 9765 9907 9917 9922 9927 9929 9937 9953 10079 10081 10092 10111 10114 10115 10146
NODE_NUM = 100
FILE aes_secworks_sub_106.aig

# Subcircuit 107
SUB_ID 107
LO (36):  8154 8163 8164 8169 8183 8190 8414 8418 8443 8479 8481 8508 8509 8636 8661 8670 8705 8883 8945 8948 9104 9129 9157 9161 9305 9321 9361 9383 9527 9571 9737 9747 9953 10111 10115 10146
LI (74):  8030 8082 8084 8086 8088 8089 8091 8098 8102 8104 8130 8147 8148 8153 8175 8176 8182 8187 8188 8230 8304 8404 8406 8411 8412 8416 8417 8425 8441 8450 8465 8480 8491 8513 8521 8537 8571 8635 8680 8685 8693 8704 8869 8871 8872 8879 8947 9090 9103 9153 9156 9158 9309 9310 9320 9375 9378 9379 9525 9549 9554 9556 9558 9560 9568 9945 9947 9951 10106 10110 10125 10126 10131 10145
NODE_NUM = 100
FILE aes_secworks_sub_107.aig

# Subcircuit 108
SUB_ID 108
LO (32):  8187 8188 8192 8230 8245 8380 8412 8416 8417 8441 8659 8693 8711 8919 8940 9124 9138 9158 9328 9335 9345 9378 9516 9549 9719 9765 9895 9939 9945 10110 10125 10131
LI (82):  716 7201 8116 8121 8135 8140 8142 8151 8153 8175 8178 8212 8216 8218 8221 8222 8229 8235 8243 8244 8247 8281 8295 8302 8305 8308 8310 8378 8414 8415 8423 8429 8430 8431 8438 8440 8512 8531 8553 8645 8650 8656 8658 8670 8688 8692 8708 8710 8904 8907 8908 8913 8917 8918 8938 9116 9123 9135 9137 9324 9326 9327 9333 9337 9344 9377 9531 9532 9536 9548 9713 9717 9757 9763 9888 9894 9941 9942 10108 10121 10123 10129
NODE_NUM = 100
FILE aes_secworks_sub_108.aig

# Subcircuit 109
SUB_ID 109
LO (37):  8221 8229 8243 8281 8302 8305 8308 8429 8430 8431 8666 8692 8708 8879 8907 8938 9103 9135 9156 9303 9327 9333 9377 9536 9548 9554 9709 9717 9728 9763 9894 9907 9917 9922 10092 10121 10129
LI (75):  8030 8084 8088 8091 8117 8135 8137 8140 8142 8175 8212 8232 8233 8235 8242 8249 8256 8262 8266 8275 8280 8287 8303 8304 8306 8307 8420 8421 8439 8466 8470 8472 8579 8590 8610 8615 8631 8664 8671 8674 8691 8706 8876 8905 9098 9099 9154 9301 9325 9331 9535 9539 9547 9550 9553 9695 9698 9699 9704 9706 9715 9721 9727 9761 9892 9900 9902 9904 9906 9908 9916 9921 10086 10091 10120
NODE_NUM = 100
FILE aes_secworks_sub_109.aig

# Subcircuit 110
SUB_ID 110
LO (30):  8266 8275 8280 8378 8615 8635 8642 8650 8869 8886 8934 9090 9098 9115 9320 9325 9326 9331 9568 9698 9699 9704 9715 9731 9888 9902 9937 10086 10103 10114
LI (63):  8030 8084 8088 8091 8096 8097 8100 8103 8105 8119 8121 8135 8137 8140 8142 8151 8153 8248 8249 8251 8252 8255 8275 8277 8278 8279 8323 8346 8362 8364 8367 8371 8457 8471 8496 8603 8610 8611 8613 8633 8641 8647 8867 8868 8884 8926 8928 8930 9097 9107 9109 9113 9315 9319 9324 9563 9565 9696 9702 9729 9936 10102 10112
NODE_NUM = 97
FILE aes_secworks_sub_110.aig

# Subcircuit 111
SUB_ID 111
LO (23):  8287 8295 8304 8306 8307 8521 8571 8610 8704 8871 8904 8917 9107 9123 9344 9375 9504 9547 9695 9706 9727 9906 10145
LI (44):  8030 8084 8088 8091 8096 8103 8105 8119 8121 8135 8137 8140 8142 8146 8151 8153 8194 8232 8520 8555 8561 8563 8566 8569 8586 8621 8628 8655 8696 8699 8872 8901 8902 8916 9120 9371 9373 9503 9544 9694 9724 10136 10140 10142
NODE_NUM = 81
FILE aes_secworks_sub_111.aig

# Subcircuit 112
SUB_ID 112
LO (31):  8346 8450 8457 8474 8504 8537 8645 8647 8710 8725 8891 8926 8930 9087 9111 9113 9300 9309 9319 9347 9515 9520 9694 9702 9729 9746 9900 9936 10081 10097 10112
LI (46):  8030 8084 8088 8091 8096 8100 8103 8105 8119 8121 8135 8137 8140 8142 8146 8151 8153 8248 8324 8327 8336 8337 8338 8340 8371 8402 8473 8496 8499 8500 8501 8525 8536 8724 8866 8920 8925 9086 9112 9298 9307 9318 9513 9744 9898 10096
NODE_NUM = 80
FILE aes_secworks_sub_112.aig

# Subcircuit 113
SUB_ID 113
LO (58):  8323 8324 8327 8336 8337 8338 8340 8362 8364 8367 8371 8385 8411 8434 8435 8436 8437 8438 8439 8440 8464 8465 8473 8499 8500 8501 8525 8533 8534 8536 8611 8613 8672 8673 8674 8706 8724 8867 8884 8920 8925 9097 9112 9127 9307 9318 9324 9354 9503 9508 9556 9565 9733 9744 9927 9949 10091 10099
LI (34):  8030 8084 8088 8091 8096 8100 8102 8103 8105 8114 8119 8121 8135 8137 8140 8142 8151 8153 8231 8248 8330 8333 8394 8410 8472 8493 8494 8497 8532 8671 8923 9095 9125 9711
NODE_NUM = 100
FILE aes_secworks_sub_113.aig

# Subcircuit 114
SUB_ID 114
LO (54):  8410 8485 8543 8555 8561 8563 8566 8569 8578 8579 8581 8584 8585 8586 8587 8589 8590 8591 8592 8594 8621 8628 8631 8633 8658 8671 8683 8696 8699 8872 8901 8902 8916 8923 9086 9116 9120 9153 9298 9369 9373 9510 9531 9544 9711 9713 9724 9757 9892 9908 9916 10079 10136 10142
LI (49):  8030 8084 8088 8091 8096 8097 8100 8103 8105 8119 8121 8135 8137 8140 8142 8147 8151 8153 8194 8231 8394 8402 8409 8425 8491 8544 8545 8548 8549 8553 8554 8580 8582 8583 8588 8593 8653 8657 8900 9149 9151 9508 9527 9529 9712 9753 9755 9891 9913
NODE_NUM = 100
FILE aes_secworks_sub_114.aig

# Subcircuit 115
SUB_ID 115
LO (38):  8545 8548 8549 8553 8580 8582 8583 8588 8593 8603 8653 8655 8657 8664 8680 8685 8688 8717 8742 8747 8806 8856 8900 8913 9149 9379 9539 9696 9755 9898 9913 10096 10140 13815 13826 14793 14801 15579
LI (57):  304 400 402 496 498 592 594 718 719 6199 6201 7436 7831 8096 8100 8103 8119 8135 8137 8140 8142 8151 8179 8181 8183 8195 8197 8198 8201 8204 8205 8207 8389 8409 8519 8534 8543 8581 8585 8587 8589 8591 8592 8594 8597 8656 8683 8715 8716 8733 9147 9712 9912 10139 13813 14791 15577
NODE_NUM = 100
FILE aes_secworks_sub_115.aig

# Subcircuit 116
SUB_ID 116
LO (24):  8868 8895 8936 8965 8970 8985 8988 9003 9004 9046 9072 9109 9140 9144 9151 9177 9182 13839 13861 13877 14811 14830 14843 15617
LI (51):  307 310 403 405 406 499 501 502 595 598 720 721 722 723 724 6199 6201 7435 7681 7688 7712 7750 7787 7827 7830 7837 7838 7871 8168 8200 8385 8392 8397 8468 8491 8533 8592 8672 8866 8867 8893 8894 8978 8980 8984 9063 9143 9168 13875 14841 15615
NODE_NUM = 100
FILE aes_secworks_sub_116.aig

# Subcircuit 117
SUB_ID 117
LO (23):  9232 9242 9262 9273 9289 9360 9366 9371 9399 13892 13909 14855 14869 15637 16561 16565 16849 16853 17137 17138 17606 17798 17990
LI (49):  28 39 313 408 409 504 505 601 725 726 727 6199 6201 7375 7410 7430 7636 7749 7788 7829 7835 8092 8099 8120 8435 8437 8531 9272 9280 9354 9355 9359 9364 9369 9370 9390 13893 13895 13906 14856 14858 14866 15627 15629 15634 16557 16558 16845 16846
NODE_NUM = 99
FILE aes_secworks_sub_117.aig

# Subcircuit 118
SUB_ID 118
LO (24):  9404 9437 9451 9493 9525 9529 9532 9553 9558 9585 9590 9601 9628 9637 9643 9669 9684 13923 13939 13950 14880 14893 14901 15655
LI (48):  315 316 411 412 414 507 508 510 604 606 728 729 730 731 732 6199 6201 7317 7347 7354 7372 7454 7640 7710 7746 7832 7835 8085 8099 8115 8177 8203 8400 8418 8518 8584 8594 9435 9436 9449 9450 9484 9576 9663 9668 13937 14891 15653
NODE_NUM = 96
FILE aes_secworks_sub_118.aig

# Subcircuit 119
SUB_ID 119
LO (25):  9742 9753 9761 9781 13963 14919 15675 16867 16871 17155 17159 17813 18005 18582 18774 19351 19543 20121 20313 20890 21082 21659 21851 22424 22616
LI (56):  28 39 319 415 511 607 6199 6201 8396 8509 8512 8534 9157 9741 9752 9772 14906 14908 14916 15665 15667 15672 16863 16864 17151 17152 17808 17809 18000 18001 18163 18577 18579 18769 18771 18932 19346 19348 19538 19540 19702 20116 20118 20308 20310 20471 20885 20887 21077 21079 21240 21654 21656 21846 21848 22009
NODE_NUM = 100
FILE aes_secworks_sub_119.aig

# Subcircuit 120
SUB_ID 120
LO (29):  9786 9810 9821 9827 9831 9850 9851 9876 9921 9941 9942 9951 9969 9974 10004 10014 10016 10024 10028 10030 10047 10063 13981 14001 14009 14930 14943 15683 15693
LI (58):  322 417 418 420 513 514 516 609 610 716 717 733 734 6199 6201 7333 7358 7381 7394 7411 7414 7456 7465 7645 7646 7667 7708 7739 7740 7743 7826 7829 8093 8102 8415 8508 9026 9051 9217 9219 9617 9807 9808 9829 9830 9848 9849 9867 9939 9940 9949 9950 9960 10023 10027 13999 14941 15691
NODE_NUM = 97
FILE aes_secworks_sub_120.aig

# Subcircuit 121
SUB_ID 121
LO (41):  10066 10106 10108 10139 10161 10166 10182 10215 10241 10293 10294 10295 10296 10297 10298 10299 10300 10301 10302 10303 10304 10305 10307 10311 10314 10316 10336 10338 10339 10340 10341 10342 10926 11305 11531 14025 14047 14961 14980 15721 28207
LI (33):  126 325 327 421 423 517 519 613 615 735 736 737 6199 6201 7201 7207 7208 7211 8127 8180 8208 8436 8509 8578 8731 10063 10194 10197 10201 10212 10240 10292 10306
NODE_NUM = 94
FILE aes_secworks_sub_121.aig

# Subcircuit 122
SUB_ID 122
LO (57):  10194 10197 10201 10212 10240 10306 10330 10331 10332 10333 10334 10344 10346 10348 10351 10352 10353 10355 10359 10360 10361 10362 10364 10365 10368 10376 10378 10379 10380 10382 10596 10598 10696 10697 10698 10699 10744 10745 10746 10850 10885 10886 10887 10924 10985 11006 11010 11113 11115 11116 11295 11303 11370 11538 11644 11716 11756
LI (30):  60 62 124 130 188 190 252 254 330 5738 7201 7207 7208 7211 7213 10206 10215 10219 10222 10226 10239 10294 10298 10301 10309 10320 10325 10328 10342 10358
NODE_NUM = 98
FILE aes_secworks_sub_122.aig

# Subcircuit 123
SUB_ID 123
LO (63):  10219 10222 10226 10239 10266 10292 10308 10309 10310 10313 10315 10318 10320 10325 10326 10327 10328 10357 10358 10386 10387 10388 10389 10390 10391 10392 10393 10423 10442 10443 10444 10446 10541 10614 10615 10616 10617 10618 10620 10631 10632 10634 10636 10702 10704 10705 10707 10723 10724 10742 10743 10867 10902 10927 10984 11012 11026 11157 11381 11403 11645 11656 11763
LI (28):  64 66 128 132 192 194 256 258 333 336 5738 7201 7207 7208 7211 7213 10231 10245 10248 10252 10265 10291 10305 10307 10311 10314 10316 10324
NODE_NUM = 96
FILE aes_secworks_sub_123.aig

# Subcircuit 124
SUB_ID 124
LO (49):  10245 10248 10252 10265 10291 10324 10405 10406 10408 10409 10411 10412 10414 10415 10416 10418 10419 10458 10459 10460 10462 10463 10466 10467 10468 10488 10489 10677 10679 10682 10683 10729 10730 10731 10810 10852 10994 11011 11046 11131 11179 11244 11311 11419 11431 11542 11607 11742 33325
LI (41):  68 70 72 134 196 198 260 262 339 342 2957 5738 7201 7207 7208 7211 7213 10241 10257 10266 10271 10273 10277 10290 10295 10299 10302 10314 10316 10323 10330 10332 10348 10362 10364 10385 10401 10403 10456 28293 33318
NODE_NUM = 99
FILE aes_secworks_sub_124.aig

# Subcircuit 125
SUB_ID 125
LO (28):  10271 10273 10277 10290 10323 10385 11072 11073 11198 11200 11216 11218 11329 11330 11790 11792 11808 11810 12618 12714 12727 12752 12878 13354 28811 28873 28932 29174
LI (69):  28 35 74 136 138 200 202 345 348 738 739 741 5738 6199 6201 7201 7207 7208 7211 7213 10283 10297 10299 10300 10309 10315 10344 10368 10370 10374 10382 10849 11001 11016 11037 11052 11059 11062 11064 11111 11112 11137 11147 11156 11159 11160 11194 11209 11214 11264 11276 11294 11301 11303 11307 11324 11713 11714 11735 11745 11746 11750 11758 11786 11801 11806 12614 12713 12723
NODE_NUM = 98
FILE aes_secworks_sub_125.aig

# Subcircuit 126
SUB_ID 126
LO (20):  10370 11442 11462 13005 13100 14187 14419 14435 15093 15280 15293 15807 15949 15959 16354 16358 17471 18240 19009 19775
LI (51):  28 35 39 628 651 652 6199 6201 10302 10309 10373 10849 11366 11368 11369 11380 11392 11417 11422 11425 11426 11436 11453 11458 13001 13083 13093 13098 14180 14185 14415 14428 14433 15086 15091 15276 15286 15291 15805 15957 16350 16351 17466 17467 18163 18235 18237 18932 19004 19006 19702
NODE_NUM = 100
FILE aes_secworks_sub_126.aig

# Subcircuit 127
SUB_ID 127
LO (25):  10374 10942 10943 11294 11560 11562 11578 11580 11674 11675 12584 12602 13118 13202 13218 13219 13236 13316 13332 14218 14219 14295 16390 16391 17492
LI (53):  28 35 6199 6201 10295 10309 10341 10361 10373 10378 10380 10849 10871 10873 10877 10889 10939 11143 11286 11289 11291 11481 11482 11499 11509 11526 11528 11532 11540 11555 11571 11576 11612 11623 11633 11638 11670 11822 11827 12583 12593 12598 13114 13201 13211 13216 13232 13315 13325 13330 14211 14216 14291
NODE_NUM = 99
FILE aes_secworks_sub_127.aig

# Subcircuit 128
SUB_ID 128
LO (35):  10373 10401 10403 10426 10434 10435 10436 10456 10623 10629 10638 10639 10640 10644 10849 10855 10871 10889 10898 10900 10939 10998 11001 11037 11156 11194 11264 11324 11417 11509 11555 11633 11659 11749 11786
LI (84):  740 7201 10241 10295 10309 10315 10351 10353 10362 10386 10387 10393 10399 10423 10425 10429 10433 10440 10441 10455 10515 10591 10622 10624 10627 10628 10636 10643 10651 10676 10717 10719 10742 10764 10809 10847 10854 10856 10861 10869 10888 10891 10896 10899 10904 10915 10938 10987 10989 10990 10999 11022 11025 11026 11036 11148 11155 11178 11185 11188 11190 11241 11245 11262 11316 11319 11320 11393 11398 11405 11416 11508 11542 11546 11554 11626 11627 11631 11761 11763 11765 11766 11771 11785
NODE_NUM = 100
FILE aes_secworks_sub_128.aig

# Subcircuit 129
SUB_ID 129
LO (29):  10425 10429 10433 10440 10441 10455 10515 10591 10624 10627 10628 10643 10904 11025 11036 11178 11188 11276 11319 11392 11416 11508 11526 11554 11612 11625 11670 11761 11771
LI (72):  10295 10330 10332 10346 10348 10364 10386 10423 10426 10443 10446 10449 10451 10453 10454 10458 10492 10506 10511 10512 10517 10519 10521 10589 10634 10639 10641 10642 10649 10650 10683 10719 10723 10801 10842 10886 10898 10900 10902 11009 11023 11031 11035 11166 11167 11177 11265 11267 11268 11274 11317 11383 11385 11387 11388 11407 11415 11503 11507 11517 11525 11549 11551 11553 11602 11605 11608 11654 11656 11659 11660 11668
NODE_NUM = 100
FILE aes_secworks_sub_129.aig

# Subcircuit 130
SUB_ID 130
LO (39):  10449 10451 10453 10476 10479 10492 10511 10512 10517 10558 10560 10561 10562 10563 10567 10568 10570 10572 10825 10827 10860 10877 10938 10983 10999 11023 11059 11126 11137 11255 11268 11274 11405 11430 11499 11507 11623 11735 11741
LI (65):  10241 10299 10302 10308 10314 10316 10328 10330 10332 10346 10348 10351 10353 10362 10364 10443 10444 10459 10460 10467 10468 10473 10477 10486 10490 10491 10638 10644 10677 10790 10821 10826 10875 10882 10885 10917 10921 10937 10994 10998 11055 11057 11120 11123 11130 11131 11266 11272 11401 11403 11485 11488 11489 11494 11496 11505 11616 11618 11620 11622 11717 11719 11725 11726 11731
NODE_NUM = 98
FILE aes_secworks_sub_130.aig

# Subcircuit 131
SUB_ID 131
LO (28):  10486 10490 10498 10506 10819 10821 10847 10854 10915 10988 10989 11022 11035 11052 11123 11147 11155 11262 11286 11316 11380 11415 11488 11513 11516 11622 11717 11775
LI (62):  10241 10295 10299 10302 10307 10311 10314 10316 10330 10332 10346 10348 10351 10353 10357 10362 10364 10405 10460 10488 10489 10668 10707 10725 10731 10748 10766 10772 10777 10780 10814 10825 10828 10832 10839 10844 10850 10852 10866 10907 10910 11019 11020 11034 11044 11046 11050 11121 11146 11152 11254 11255 11260 11279 11312 11314 11370 11371 11379 11412 11486 11716
NODE_NUM = 100
FILE aes_secworks_sub_131.aig

# Subcircuit 132
SUB_ID 132
LO (32):  10589 10656 10664 10668 10717 10748 10856 10861 10921 10937 11009 11016 11044 11050 11120 11121 11143 11146 11241 11254 11260 11289 11379 11383 11388 11485 11494 11525 11540 11615 11616 11654
LI (65):  10241 10295 10299 10302 10307 10311 10314 10316 10330 10332 10346 10348 10351 10353 10357 10362 10364 10459 10535 10538 10548 10551 10582 10588 10613 10684 10692 10700 10707 10710 10711 10712 10716 10736 10747 10860 10929 10935 10984 11008 11014 11038 11043 11049 11116 11118 11142 11144 11239 11248 11253 11259 11287 11374 11378 11381 11483 11493 11520 11524 11534 11539 11614 11647 11648
NODE_NUM = 99
FILE aes_secworks_sub_132.aig

# Subcircuit 133
SUB_ID 133
LO (42):  10535 10538 10547 10548 10549 10551 10582 10588 10676 10684 10710 10711 10712 10736 10828 10873 10917 10935 11008 11038 11043 11049 11130 11144 11159 11248 11259 11265 11267 11371 11424 11436 11493 11520 11534 11602 11618 11643 11648 11731 11745 11758
LI (47):  10241 10295 10299 10302 10307 10311 10314 10316 10330 10332 10346 10348 10351 10353 10362 10364 10442 10459 10479 10541 10544 10558 10560 10567 10570 10572 10583 10584 10683 10698 10704 10705 10827 11007 11041 11126 11127 11157 11266 11432 11501 11601 11737 11738 11743 11752 11757
NODE_NUM = 100
FILE aes_secworks_sub_133.aig

# Subcircuit 134
SUB_ID 134
LO (40):  10583 10584 10613 10622 10641 10642 10649 10650 10651 10692 10700 10826 10888 10899 11007 11055 11057 11062 11142 11160 11177 11253 11266 11279 11301 11378 11401 11425 11503 11524 11528 11532 11539 11668 11725 11726 11737 11746 11757 11766
LI (77):  10241 10292 10295 10297 10299 10302 10307 10311 10313 10325 10326 10330 10331 10332 10333 10334 10336 10338 10339 10341 10346 10348 10351 10352 10353 10358 10359 10362 10364 10365 10423 10435 10476 10562 10568 10596 10598 10604 10609 10614 10615 10617 10620 10621 10679 10699 10742 10744 10745 10863 10882 10887 11006 11053 11057 11140 11173 11174 11252 11277 11295 11298 11300 11376 11424 11501 11523 11531 11538 11614 11615 11662 11664 11665 11721 11723 11756
NODE_NUM = 100
FILE aes_secworks_sub_134.aig

# Subcircuit 135
SUB_ID 135
LO (35):  10719 10725 10747 10766 10772 10777 10780 10832 10839 10842 10844 10863 10869 10882 10907 10910 11019 11020 11034 11118 11148 11152 11185 11239 11398 11412 11501 11517 11546 11551 11601 11608 11631 11719 11785
LI (52):  10241 10295 10299 10302 10307 10311 10314 10316 10330 10332 10346 10348 10351 10353 10362 10364 10386 10391 10405 10442 10636 10723 10724 10743 10746 10755 10756 10759 10760 10764 10765 10791 10793 10794 10799 10804 10819 10864 10868 11018 11113 11181 11183 11397 11513 11516 11545 11607 11775 11777 11778 11783
NODE_NUM = 83
FILE aes_secworks_sub_135.aig

# Subcircuit 136
SUB_ID 136
LO (45):  10755 10756 10759 10760 10764 10790 10791 10793 10794 10799 10801 10804 10809 10814 10864 10866 10868 10875 10891 10896 10929 10953 10990 11018 11031 11181 11183 11312 11314 11320 11374 11397 11407 11422 11483 11486 11496 11545 11614 11626 11627 11750 11778 14056 14986
LI (53):  328 424 520 616 10241 10295 10299 10302 10307 10308 10311 10314 10316 10330 10332 10346 10348 10351 10353 10360 10362 10364 10390 10392 10405 10406 10408 10409 10411 10412 10415 10416 10418 10419 10498 10618 10620 10629 10729 10730 10810 10812 10867 10924 10926 10927 10988 11115 11179 11311 11420 11625 11749
NODE_NUM = 94
FILE aes_secworks_sub_136.aig

# Subcircuit 137
SUB_ID 137
LO (23):  10958 10974 10987 11014 11041 11064 11083 11173 11605 11738 14078 14095 15005 15019 15740 15751 16615 16619 16903 16907 17190 17642 17834
LI (39):  28 39 331 426 427 522 523 618 619 742 743 6199 6201 8954 10379 10614 10696 10702 10983 10984 10985 11010 11011 11012 11074 11171 11603 14079 14081 14092 15006 15008 15016 15741 15748 16611 16612 16899 16900
NODE_NUM = 99
FILE aes_secworks_sub_137.aig

# Subcircuit 138
SUB_ID 138
LO (17):  11092 11111 14109 15030 16327 16331 17453 18222 18991 20530 21299 22068 23607 24376 25145 26684 27453
LI (48):  28 39 429 525 744 745 746 6199 6201 9166 10979 10981 11087 11109 16323 16324 17448 17449 18163 18217 18219 18932 18986 18988 20471 20525 20527 21240 21294 21296 22009 22063 22065 23548 23602 23604 24317 24371 24373 25086 25140 25142 26625 26679 26681 27394 27448 27450
NODE_NUM = 88
FILE aes_secworks_sub_138.aig

# Subcircuit 139
SUB_ID 139
LO (22):  11140 11167 11171 11190 11209 11214 11230 11245 11252 11272 11277 11287 11291 11307 11340 14125 14140 14149 15043 15055 15061 15769
LI (43):  334 337 430 432 433 526 528 529 622 625 747 748 749 6199 6201 9388 10303 10310 10340 10355 10361 10365 10376 10389 10436 10463 10466 10551 10560 10563 10616 10623 10631 10639 10699 10702 10723 11200 11244 11305 14123 15041 15767
NODE_NUM = 93
FILE aes_secworks_sub_139.aig

# Subcircuit 140
SUB_ID 140
LO (20):  11345 11368 11385 11393 11420 11426 11432 11453 11458 11481 14171 14180 14202 15080 15086 15105 15816 16363 16367 17474
LI (35):  28 39 339 340 435 436 438 531 532 534 628 630 750 751 752 753 6199 6201 9574 9770 10296 10310 10318 10378 10388 10414 10498 11366 11419 11430 11431 11479 16359 16360 16362
NODE_NUM = 99
FILE aes_secworks_sub_140.aig

# Subcircuit 141
SUB_ID 141
LO (26):  11489 11505 11523 11549 11571 14211 15119 15827 16939 16943 17227 17231 17861 18053 18630 18822 19399 19591 20169 20361 20938 21130 21707 21899 22472 22664
LI (57):  28 39 343 439 535 631 6199 6201 10313 10327 10434 10462 10479 10561 10682 10710 11562 15106 15108 15116 15817 15819 15824 16935 16936 17223 17224 17856 17857 18048 18049 18163 18625 18627 18817 18819 18932 19394 19396 19586 19588 19702 20164 20166 20356 20358 20471 20933 20935 21125 21127 21240 21702 21704 21894 21896 22009
NODE_NUM = 100
FILE aes_secworks_sub_141.aig

# Subcircuit 142
SUB_ID 142
LO (18):  11576 11592 11603 11638 11647 11662 11694 14233 14249 15130 15143 15835 15845 16372 16376 17483 18252 19020
LI (41):  28 39 346 441 442 537 538 633 634 740 754 6199 6201 9958 10293 10304 10313 10380 10632 10640 10855 10867 11597 11599 11643 11644 11645 11676 11690 14247 15141 15843 16368 16369 17478 17479 18163 18247 18249 18932 19018
NODE_NUM = 100
FILE aes_secworks_sub_142.aig

# Subcircuit 143
SUB_ID 143
LO (23):  11690 11713 11721 11723 11743 11752 14264 15155 16385 17489 18258 19027 19797 20566 21335 22104 22874 23643 24412 25181 25951 26720 27489
LI (64):  28 39 444 540 741 755 756 6199 6201 10150 10547 10549 10656 10664 10697 10705 11534 11711 11741 11742 16377 16378 16380 17484 17485 18163 18253 18255 18932 19022 19024 19702 19792 19794 20471 20561 20563 21240 21330 21332 22009 22099 22101 22779 22869 22871 23548 23638 23640 24317 24407 24409 25086 25176 25178 25856 25946 25948 26625 26715 26717 27394 27484 27486
NODE_NUM = 99
FILE aes_secworks_sub_143.aig

# Subcircuit 144
SUB_ID 144
LO (22):  11801 14281 15169 15865 16669 16673 16957 16961 17245 17249 17681 17873 18065 18450 18642 18834 19219 19411 19603 19985 20177 20369
LI (45):  28 39 349 445 541 637 6199 6201 11792 14265 14267 14278 15156 15158 15166 15855 15857 15862 16665 16666 16953 16954 17241 17242 17676 17677 17868 17869 18060 18061 18163 18445 18447 18637 18639 18829 18831 18932 19214 19216 19406 19408 19598 19600 19702
NODE_NUM = 99
FILE aes_secworks_sub_144.aig

# Subcircuit 145
SUB_ID 145
LO (42):  11806 11822 11855 11881 11933 11934 11935 11937 11938 11939 11941 11942 11947 11951 11953 11954 11956 11958 11960 11976 11978 11979 11980 11981 11982 12012 12014 12015 12512 12568 12703 12801 12942 12947 13068 13171 13277 13407 14291 15180 15873 28755
LI (21):  78 351 447 543 639 757 5738 6199 6201 7201 7207 7208 10942 11835 11837 11841 11852 11880 11932 11946 11949
NODE_NUM = 94
FILE aes_secworks_sub_145.aig

# Subcircuit 146
SUB_ID 146
LO (57):  11835 11837 11841 11852 11880 11946 11970 11971 11972 11973 11974 11984 11986 11988 11991 11992 11993 11995 11999 12000 12001 12002 12004 12005 12008 12016 12018 12019 12020 12022 12236 12238 12336 12337 12338 12339 12384 12385 12386 12490 12525 12526 12527 12564 12625 12646 12650 12753 12755 12756 12935 12943 13010 13178 13284 13356 13396
LI (30):  76 140 142 146 204 206 268 354 760 5738 7201 7207 7208 7211 7213 11846 11855 11859 11862 11866 11879 11934 11938 11941 11949 11960 11965 11968 11982 11998
NODE_NUM = 98
FILE aes_secworks_sub_146.aig

# Subcircuit 147
SUB_ID 147
LO (67):  11859 11862 11866 11879 11906 11932 11948 11949 11965 11966 11967 11968 11997 11998 12026 12028 12029 12030 12031 12032 12033 12034 12063 12082 12083 12084 12086 12089 12181 12254 12255 12256 12257 12258 12260 12272 12274 12276 12279 12286 12330 12342 12345 12347 12363 12364 12375 12382 12383 12507 12542 12573 12624 12652 12666 12682 12700 12797 12807 12829 12938 13021 13043 13285 13296 13362 13403
LI (28):  80 82 144 148 208 210 272 274 357 360 5738 7201 7207 7208 7211 7213 11871 11881 11885 11888 11892 11905 11931 11947 11951 11954 11956 11964
NODE_NUM = 100
FILE aes_secworks_sub_147.aig

# Subcircuit 148
SUB_ID 148
LO (40):  11885 11888 11892 11905 11931 11964 12045 12046 12048 12049 12050 12051 12052 12054 12055 12056 12058 12059 12061 12099 12100 12105 12106 12127 12128 12129 12317 12319 12320 12321 12322 12323 12634 12882 13058 13071 13182 33834 34681 35715
LI (45):  84 86 88 100 150 198 212 214 276 278 363 366 3029 5738 7201 7207 7208 7211 7213 11881 11897 11906 11911 11913 11917 11930 11935 11954 11956 11963 11970 11972 12002 12004 12043 28293 28294 30003 34006 34668 34671 35671 35702 35710 35714
NODE_NUM = 100
FILE aes_secworks_sub_148.aig

# Subcircuit 149
SUB_ID 149
LO (23):  11911 11913 11917 11930 11963 12489 12582 12583 12712 12713 12838 12840 12856 12969 12971 12984 29233 29289 29351 29410 30179 31025 32063
LI (56):  35 70 74 90 138 152 154 216 218 232 296 369 372 706 707 758 759 762 5738 6199 6201 7201 7207 7208 7211 7213 11923 11984 12008 12015 12022 12097 12230 12488 12581 12711 12752 12837 12849 12854 12878 12968 12980 28293 28294 28323 30121 30135 30166 30174 30178 30238 32019 32050 32058 32062
NODE_NUM = 100
FILE aes_secworks_sub_149.aig

# Subcircuit 150
SUB_ID 150
LO (18):  12097 12581 12709 12711 12837 12968 13083 13402 13637 13658 14663 14678 15476 15488 16097 16106 29472 35196
LI (70):  35 674 676 787 6199 6201 7207 11935 11993 12026 12033 12034 12038 12039 12061 12080 12096 12155 12316 12359 12404 12489 12511 12530 12531 12536 12544 12555 12578 12627 12629 12630 12639 12662 12665 12666 12676 12708 12710 12777 12787 12788 12795 12803 12834 12881 12885 12902 12967 13020 13032 13033 13038 13045 13056 13078 13633 13641 13651 13656 14659 14671 14676 15472 15481 15486 16104 34006 35192 35195
NODE_NUM = 100
FILE aes_secworks_sub_150.aig

# Subcircuit 151
SUB_ID 151
LO (24):  12038 12043 12096 12488 12511 12530 12544 12639 12676 12708 12834 12967 13045 13078 13201 13252 13309 13389 13679 13682 14693 15500 16115 29534
LI (81):  35 677 761 789 6199 7201 7207 11991 12002 12026 12029 12063 12065 12069 12073 12074 12080 12081 12095 12156 12262 12264 12267 12268 12276 12281 12292 12316 12357 12363 12382 12445 12487 12489 12494 12496 12501 12507 12509 12518 12528 12539 12543 12637 12671 12675 12692 12695 12696 12706 12805 12809 12817 12825 12828 12829 12916 12918 12925 12933 12934 12949 12956 12959 12960 13040 13044 13060 13077 13139 13148 13197 13242 13244 13250 13297 13298 13308 13675 14689 15496
NODE_NUM = 100
FILE aes_secworks_sub_151.aig

# Subcircuit 152
SUB_ID 152
LO (27):  12065 12069 12805 12809 12916 13032 13148 13430 13449 13763 13766 14529 14753 15369 15548 16016 16017 16151 16453 16457 16741 16745 17029 17030 17534 17726 17918
LI (56):  28 35 39 661 683 793 6199 6201 11970 11972 12004 12063 12072 12161 12282 12289 12489 12526 12649 12807 12905 12907 12908 12914 13027 13028 13143 13147 13351 13353 13354 13375 13385 13399 13405 13408 13409 13425 13441 13446 13759 14513 14515 14521 14526 14749 15356 15358 15361 15366 15544 16014 16449 16450 16737 16738
NODE_NUM = 99
FILE aes_secworks_sub_152.aig

# Subcircuit 153
SUB_ID 153
LO (30):  12072 12073 12074 12080 12081 12095 12161 12230 12292 12543 12578 12665 12696 12828 12959 13027 13044 13056 13197 13250 13297 13315 13405 13409 13721 13724 14723 15524 16133 29593
LI (67):  35 680 791 6199 7207 11935 11967 11986 11988 11993 12026 12063 12083 12086 12089 12093 12094 12132 12146 12150 12156 12157 12158 12160 12229 12272 12274 12279 12281 12282 12290 12291 12323 12363 12482 12489 12542 12559 12561 12577 12663 12957 13023 13025 13043 13047 13055 13157 13165 13166 13181 13187 13189 13193 13248 13252 13263 13273 13275 13277 13296 13310 13400 13404 13717 14719 15520
NODE_NUM = 100
FILE aes_secworks_sub_153.aig

# Subcircuit 154
SUB_ID 154
LO (35):  12093 12116 12118 12119 12122 12132 12150 12156 12198 12199 12202 12204 12494 12518 12559 12637 12663 12692 12765 12777 12780 12885 12908 12914 13060 13070 13139 13147 13193 13248 13263 13273 13375 13381 13400
LI (76):  11939 11942 11948 11954 11956 11968 11986 11988 11991 11993 12083 12084 12089 12099 12100 12105 12106 12113 12114 12117 12126 12127 12128 12130 12131 12138 12154 12155 12200 12201 12317 12320 12321 12339 12430 12441 12461 12466 12476 12490 12491 12514 12515 12522 12525 12557 12634 12684 12685 12690 12760 12763 12770 12882 12906 12913 13058 13125 13128 13130 13134 13136 13145 13191 13256 13258 13260 13262 13264 13272 13356 13359 13365 13366 13371 13374
NODE_NUM = 100
FILE aes_secworks_sub_154.aig

# Subcircuit 155
SUB_ID 155
LO (27):  12126 12130 12138 12146 12461 12487 12491 12555 12629 12662 12675 12685 12763 12787 12795 12902 12925 12956 13020 13055 13125 13128 13136 13157 13262 13417 13423
LI (62):  11881 11935 11939 11942 11947 11951 11954 11956 11970 11972 11986 11988 11991 11993 11997 12002 12004 12045 12100 12128 12129 12308 12347 12365 12371 12388 12406 12412 12414 12417 12420 12437 12454 12465 12468 12472 12479 12484 12506 12547 12550 12630 12659 12660 12674 12761 12786 12792 12894 12895 12900 12952 12954 13010 13011 13019 13052 13124 13126 13154 13416 13422
NODE_NUM = 100
FILE aes_secworks_sub_155.aig

# Subcircuit 156
SUB_ID 156
LO (36):  12154 12155 12157 12158 12229 12296 12304 12308 12357 12388 12496 12501 12561 12577 12649 12684 12688 12690 12710 12760 12761 12783 12786 12881 12894 12900 12933 13019 13023 13028 13124 13134 13165 13180 13255 13292
LI (64):  11881 11935 11939 11942 11947 11951 11954 11956 11970 11972 11986 11988 11991 11993 11997 12002 12004 12083 12099 12175 12178 12188 12191 12222 12228 12253 12324 12332 12340 12347 12350 12351 12352 12356 12376 12387 12500 12569 12575 12624 12648 12654 12678 12683 12689 12709 12756 12758 12782 12784 12879 12888 12893 12899 12927 12932 13014 13018 13021 13133 13160 13164 13174 13179
NODE_NUM = 100
FILE aes_secworks_sub_156.aig

# Subcircuit 157
SUB_ID 157
LO (43):  12175 12178 12182 12185 12187 12188 12189 12191 12222 12228 12316 12324 12349 12350 12351 12352 12374 12468 12514 12557 12574 12648 12678 12689 12770 12784 12798 12888 12899 12905 12907 13011 13077 13133 13160 13174 13242 13258 13283 13310 13371 13385 13399
LI (51):  11881 11935 11939 11942 11947 11951 11954 11956 11970 11972 11986 11988 11991 11993 12002 12004 12082 12099 12119 12181 12184 12198 12200 12204 12207 12210 12212 12223 12224 12323 12338 12467 12512 12647 12688 12766 12767 12906 13069 13072 13141 13241 13287 13292 13309 13377 13378 13383 13391 13392 13397
NODE_NUM = 100
FILE aes_secworks_sub_157.aig

# Subcircuit 158
SUB_ID 158
LO (49):  12200 12201 12207 12210 12223 12224 12253 12262 12264 12267 12268 12281 12282 12287 12288 12289 12290 12291 12359 12365 12466 12467 12500 12523 12528 12539 12627 12647 12695 12766 12803 12817 12895 12918 12949 13018 13040 13143 13164 13181 13191 13244 13256 13298 13308 13366 13377 13408 13425
LI (68):  11932 11935 11937 11939 11942 11947 11951 11965 11966 11970 11972 11973 11974 11976 11979 11981 11986 11988 11991 11993 12002 12004 12026 12031 12063 12116 12118 12122 12198 12199 12236 12238 12260 12286 12363 12364 12384 12385 12465 12503 12522 12527 12625 12626 12646 12693 12765 12799 12801 12813 12814 12935 12940 12948 13016 13141 13163 13169 13171 13180 13254 13255 13304 13305 13407 13417 13418 13423
NODE_NUM = 100
FILE aes_secworks_sub_158.aig

# Subcircuit 159
SUB_ID 159
LO (59):  12332 12340 12371 12376 12387 12391 12392 12393 12403 12404 12406 12412 12414 12416 12417 12419 12420 12446 12447 12448 12449 12450 12451 12452 12454 12472 12476 12477 12479 12481 12482 12483 12484 12522 12531 12536 12550 12654 12660 12674 12706 12792 12825 12879 12893 12952 13038 13052 13069 13141 13154 13179 13184 13304 13378 13383 13397 13416 13418
LI (59):  11881 11935 11939 11942 11947 11951 11953 11954 11956 11970 11972 11986 11988 11991 11993 11998 11999 12002 12004 12005 12045 12046 12050 12051 12055 12082 12255 12257 12322 12330 12331 12339 12374 12375 12383 12386 12397 12401 12405 12435 12438 12440 12445 12534 12650 12652 12700 12705 12820 12824 12892 12950 13036 13064 13068 13178 13302 13381 13396
NODE_NUM = 100
FILE aes_secworks_sub_159.aig

# Subcircuit 160
SUB_ID 160
LO (37):  12397 12401 12430 12435 12437 12438 12440 12441 12445 12465 12503 12506 12509 12515 12534 12547 12569 12575 12593 12630 12659 12758 12788 12824 12950 12954 13014 13036 13187 13264 13272 13359 13391 13422 14311 15190 15880
LI (56):  352 448 544 640 6199 6201 11881 11935 11939 11942 11947 11948 11951 11954 11956 11970 11972 11986 11988 11991 11993 12000 12002 12004 12032 12045 12049 12051 12059 12116 12258 12391 12392 12393 12403 12416 12419 12451 12477 12481 12507 12508 12564 12568 12573 12574 12584 12658 12755 13183 13184 13269 13358 13387 13389 14309
NODE_NUM = 99
FILE aes_secworks_sub_160.aig

# Subcircuit 161
SUB_ID 161
LO (24):  12598 12614 12626 12658 12671 12683 12705 12723 12813 14326 14343 15205 15219 15892 15903 16687 16691 16975 16979 17263 17264 17690 17882 18074
LI (41):  28 39 355 450 451 546 547 642 643 763 764 6199 6201 11072 12019 12056 12058 12254 12336 12342 12446 12451 12624 12625 12682 12703 12714 12811 14327 14329 14340 15206 15208 15216 15893 15895 15900 16683 16684 16971 16972
NODE_NUM = 100
FILE aes_secworks_sub_161.aig

# Subcircuit 162
SUB_ID 162
LO (21):  12731 12748 12767 12782 14357 15230 16403 17501 18270 19039 19809 20578 21347 22116 22886 23655 24424 25193 25963 26732 27501
LI (61):  28 39 453 549 765 766 767 6199 6201 11198 12185 12319 12349 12523 12619 12621 12727 12780 16395 16396 17496 17497 18163 18265 18267 18932 19034 19036 19702 19804 19806 20471 20573 20575 21240 21342 21344 22009 22111 22113 22779 22881 22883 23548 23650 23652 24317 24419 24421 25086 25188 25190 25856 25958 25960 26625 26727 26729 27394 27496 27498
NODE_NUM = 100
FILE aes_secworks_sub_162.aig

# Subcircuit 163
SUB_ID 163
LO (21):  12799 12811 12820 12849 12854 12874 12892 12906 12927 12932 12940 12948 12960 12977 13275 14373 14388 14394 15243 15255 15921
LI (44):  358 361 454 456 457 550 552 553 646 768 769 770 6199 6201 11329 11971 11980 11995 12001 12005 12014 12016 12018 12030 12191 12202 12256 12288 12342 12447 12449 12450 12466 12783 12797 12798 12840 12938 12942 12943 12947 14371 15241 15919
NODE_NUM = 92
FILE aes_secworks_sub_163.aig

# Subcircuit 164
SUB_ID 164
LO (27):  12980 12988 13001 13016 13025 13033 13047 13064 13072 13087 14415 15276 16421 17513 18282 19051 19821 20590 21359 22128 22898 23667 24436 25205 25975 26744 27513
LI (71):  28 39 363 364 459 460 555 649 771 772 6199 6201 11958 12018 12028 12052 12054 12182 12238 12291 12345 12448 12875 12877 12977 12984 13070 13071 16413 16414 17508 17509 18163 18277 18279 18932 19046 19048 19702 19816 19818 20471 20585 20587 21240 21354 21356 22009 22123 22125 22779 22893 22895 23548 23662 23664 24317 24431 24433 25086 25200 25202 25856 25970 25972 26625 26739 26741 27394 27508 27510
NODE_NUM = 97
FILE aes_secworks_sub_164.aig

# Subcircuit 165
SUB_ID 165
LO (23):  13093 13098 13114 13126 13145 13163 13169 13183 13211 14450 14467 15286 15305 15319 15968 15978 15979 16723 16727 17011 17012 17714 17906
LI (39):  28 39 367 462 463 556 558 559 652 654 655 773 774 6199 6201 11560 11953 11992 12012 12020 12119 12260 12322 12330 12350 12452 12829 13087 13182 13202 14451 14453 14464 15306 15308 15316 15976 16719 16720
NODE_NUM = 99
FILE aes_secworks_sub_165.aig

# Subcircuit 166
SUB_ID 166
LO (19):  13216 13232 13241 13254 13269 13287 13302 13305 13325 13330 13346 14481 14497 14508 15330 15343 15351 15987 15997
LI (36):  370 465 466 468 561 562 564 657 658 761 762 775 776 777 6199 6201 11674 11933 12020 12034 12048 12058 12289 12384 12403 12447 12449 12753 12879 13283 13284 13285 13316 14495 15341 15995
NODE_NUM = 95
FILE aes_secworks_sub_166.aig

# Subcircuit 167
SUB_ID 167
LO (19):  13350 13358 13365 13387 13392 13404 13441 13446 13469 13477 13490 14521 14543 14558 15361 15380 15392 16025 16034
LI (46):  35 373 374 376 469 470 472 565 566 661 662 664 778 779 6199 6201 11790 11978 12187 12189 12276 12287 12296 12304 12337 12345 12483 12582 12801 13174 13346 13362 13364 13402 13403 13465 13473 13483 13488 14539 14551 14556 15376 15385 15390 16032
NODE_NUM = 99
FILE aes_secworks_sub_167.aig

# Subcircuit 168
SUB_ID 168
LO (20):  13483 13488 13511 13514 13525 13530 13540 13553 13558 13574 14573 14581 14603 14618 15385 15404 15409 15428 15437 16043
LI (32):  35 377 379 473 475 568 569 571 664 665 667 780 781 782 783 6199 6201 12712 12838 13477 13507 13549 13557 13567 13572 14569 14599 14611 14616 15400 15424 15433
NODE_NUM = 100
FILE aes_secworks_sub_168.aig

# Subcircuit 169
SUB_ID 169
LO (23):  13549 13567 13572 13595 13617 14599 14611 14633 14649 15424 15433 15452 15464 15465 16079 16088 16089 16489 16493 16777 16778 17558 17750
LI (35):  28 35 39 380 382 476 478 572 574 668 670 671 673 784 785 6199 6201 6422 6670 12969 13591 13597 13599 13609 13614 14629 14635 14641 14646 15448 15457 15462 16086 16485 16486
NODE_NUM = 99
FILE aes_secworks_sub_169.aig

# Subcircuit 170
SUB_ID 170
LO (27):  13591 13609 13614 13621 13633 13651 13656 13662 13672 13704 14629 14641 14652 14659 14671 14682 14686 14712 15448 15457 15468 15472 15481 15492 15516 16092 16110
LI (24):  383 385 386 388 389 479 481 482 484 485 575 577 578 580 581 671 673 674 676 786 788 6201 8753 13619
NODE_NUM = 95
FILE aes_secworks_sub_170.aig

# Subcircuit 171
SUB_ID 171
LO (20):  13675 13693 14709 15513 16125 16795 16799 17083 17087 17371 17375 17765 17957 18149 18534 18726 18918 19303 19495 19687
LI (46):  28 39 391 487 583 677 679 6199 6201 6684 6932 7180 13672 13684 14695 14706 15502 15510 16117 16122 16791 16792 17079 17080 17367 17368 17760 17761 17952 17953 18144 18145 18163 18529 18531 18721 18723 18913 18915 18932 19298 19300 19490 19492 19682 19684
NODE_NUM = 99
FILE aes_secworks_sub_171.aig

# Subcircuit 172
SUB_ID 172
LO (23):  13698 13717 13735 13740 13746 13759 13777 13788 14719 14738 14742 14749 14761 14772 15520 15536 15540 15544 15553 15564 16142 16146 16164
LI (25):  392 394 395 397 488 490 491 493 584 586 587 589 680 682 683 685 790 792 6199 6201 8753 13726 14736 15534 16140
NODE_NUM = 100
FILE aes_secworks_sub_172.aig

# Subcircuit 173
SUB_ID 173
LO (41):  13782 13813 13819 13844 13850 13875 13881 13906 13912 13937 13943 13968 13974 13999 14005 14012 14030 14036 14063 14067 14092 14098 14123 14129 14157 15716 16637 17657 18426 19195 19965 20734 21503 22272 23042 23811 24580 25349 26119 26888 27653
LI (78):  28 39 399 402 405 408 411 414 417 420 423 426 429 735 794 795 796 797 798 799 800 801 802 803 804 805 6199 6201 8753 10944 11331 14009 14056 14141 14143 14149 14154 16629 16630 17652 17653 18163 18421 18423 18932 19190 19192 19702 19960 19962 20471 20729 20731 21240 21498 21500 22009 22267 22269 22779 23037 23039 23548 23806 23808 24317 24575 24577 25086 25344 25346 25856 26114 26116 26625 26883 26885 27394
NODE_NUM = 100
FILE aes_secworks_sub_173.aig

# Subcircuit 174
SUB_ID 174
LO (36):  14154 14160 14185 14191 14216 14222 14247 14253 14278 14284 14309 14315 14340 14346 14371 14377 14405 15941 16705 16709 17281 17285 17705 18089 18474 18858 19243 19627 20013 20397 20782 21166 21551 21935 22320 22700
LI (66):  28 39 432 435 438 441 444 447 450 453 649 806 807 808 809 810 811 812 813 6199 6201 8753 12971 14389 14391 14394 14402 15931 15933 15938 16701 16702 17277 17278 17700 17701 18084 18085 18163 18469 18471 18853 18855 18932 19238 19240 19622 19624 19702 20008 20010 20392 20394 20471 20777 20779 21161 21163 21240 21546 21548 21930 21932 22009 22315 22317
NODE_NUM = 100
FILE aes_secworks_sub_174.aig

# Subcircuit 175
SUB_ID 175
LO (56):  14402 14408 14428 14433 14439 14464 14470 14495 14501 14512 14526 14532 14551 14556 14562 14586 14592 14616 14622 14646 14676 14689 14706 14736 14766 14791 14797 14816 14822 14841 14847 14866 14872 14891 14897 14905 14916 14922 14941 14947 14951 14966 14972 14993 14997 15016 15022 15041 15047 15069 16128 16921 16925 17849 18618 19383
LI (76):  28 39 456 459 460 462 465 468 470 472 473 476 495 498 501 504 507 510 513 516 519 522 525 556 568 652 664 677 735 814 815 816 817 818 819 820 821 822 823 824 825 826 827 828 829 830 831 832 833 834 835 836 837 6199 6201 8753 9675 10944 11331 11790 14508 14686 14901 14986 15056 15058 15061 15066 16917 16918 17844 17845 18163 18613 18615 18932
NODE_NUM = 99
FILE aes_secworks_sub_175.aig

# Subcircuit 176
SUB_ID 176
LO (39):  15066 15072 15091 15097 15116 15122 15141 15147 15166 15172 15193 15197 15216 15222 15241 15247 15269 15272 15291 15297 15316 15322 15341 15347 16997 17897 18666 19435 20205 20974 21743 22512 23282 24051 24820 25589 26359 27128 27897
LI (78):  28 39 528 531 534 537 540 543 546 549 552 553 555 558 561 649 838 839 840 841 842 843 844 845 846 847 848 849 6199 6201 8753 12971 15190 15256 15258 16989 16990 17892 17893 18163 18661 18663 18932 19430 19432 19702 20200 20202 20471 20969 20971 21240 21738 21740 22009 22507 22509 22779 23277 23279 23548 24046 24048 24317 24815 24817 25086 25584 25586 25856 26354 26356 26625 27123 27125 27394 27892 27894
NODE_NUM = 99
FILE aes_secworks_sub_176.aig

# Subcircuit 177
SUB_ID 177
LO (45):  15355 15366 15372 15390 15396 15414 15420 15440 15444 15462 15486 15496 15510 15534 15558 15577 15583 15596 15602 15607 15615 15621 15626 15634 15640 15645 15653 15659 15664 15672 15678 15691 15697 15713 17173 17177 18017 18786 19555 20325 21094 21863 22632 23402 24167
LI (75):  28 39 564 566 569 572 581 591 594 597 600 603 606 609 677 722 726 729 736 850 851 852 853 854 855 856 857 858 859 860 861 862 863 864 865 6199 6201 8753 9063 9280 9484 9675 10152 11790 15351 15437 15703 15705 15710 17169 17170 18012 18013 18163 18781 18783 18932 19550 19552 19702 20320 20322 20471 21089 21091 21240 21858 21860 22009 22627 22629 22779 23397 23399 23548
NODE_NUM = 99
FILE aes_secworks_sub_177.aig

# Subcircuit 178
SUB_ID 178
LO (30):  15710 15731 15735 15748 15754 15759 15767 15773 15778 15789 15792 15797 15805 15811 15824 17213 18041 18810 19579 20349 21118 21887 22656 23426 24195 24964 25733 26503 27272 28041
LI (72):  28 39 615 616 618 621 624 625 627 746 749 751 866 867 868 869 870 871 872 6199 6201 8753 9166 9388 9574 10944 11331 15779 15781 17205 17206 18036 18037 18163 18805 18807 18932 19574 19576 19702 20344 20346 20471 21113 21115 21240 21882 21884 22009 22651 22653 22779 23421 23423 23548 24190 24192 24317 24959 24961 25086 25728 25730 25856 26498 26500 26625 27267 27269 27394 28036 28038
NODE_NUM = 100
FILE aes_secworks_sub_178.aig

# Subcircuit 179
SUB_ID 179
LO (46):  15830 15843 15849 15854 15862 15868 15883 15887 15900 15906 15911 15919 15925 15930 15938 15944 15957 15963 15976 15982 15995 16001 16006 16014 16020 16032 16038 16050 16056 16061 16070 16074 16086 16104 16122 16140 16161 17389 17393 18161 18930 19699 20469 21238 22007 22775
LI (74):  28 39 630 633 636 639 642 645 648 654 657 660 662 665 668 670 685 756 767 770 772 777 873 874 875 876 877 878 879 880 881 882 883 884 885 886 887 888 889 6199 6201 7194 8753 10150 11198 11329 11790 13540 13558 13768 15880 16153 16158 17385 17386 18156 18157 18163 18925 18927 18932 19694 19696 19702 20464 20466 20471 21233 21235 21240 22002 22004 22009 22773
NODE_NUM = 100
FILE aes_secworks_sub_179.aig

# Subcircuit 180
SUB_ID 180
LO (22):  16158 16171 16177 16184 16190 16201 16208 16213 16221 16228 16232 16236 16241 16250 16252 16259 16268 16277 16286 16295 16296 16297
LI (42):  28 35 36 37 38 39 41 301 779 781 783 785 787 789 791 793 890 891 892 893 894 895 896 897 898 6199 6201 16166 16167 16172 16178 16183 16185 16186 16192 16247 16249 16258 16265 16274 16283 16292
NODE_NUM = 100
FILE aes_secworks_sub_180.aig

# Subcircuit 181
SUB_ID 181
LO (40):  16304 16313 16322 16323 16324 16336 16340 16349 16350 16351 16359 16360 16362 16368 16369 16377 16378 16380 16394 16395 16396 16404 16405 16413 16414 16422 16423 16431 16432 17459 18228 18997 20536 21305 22074 23613 24382 25151 26690 27459
LI (67):  28 39 899 900 901 902 903 904 905 906 907 908 909 910 911 912 913 6199 6201 11109 11111 11216 11479 11578 11711 11808 16296 16297 16301 16310 16312 16319 16337 16346 16391 17454 17455 18163 18223 18225 18932 18992 18994 20471 20531 20533 21240 21300 21302 22009 22069 22071 23548 23608 23610 24317 24377 24379 25086 25146 25148 26625 26685 26687 27394 27454 27456
NODE_NUM = 100
FILE aes_secworks_sub_181.aig

# Subcircuit 182
SUB_ID 182
LO (36):  16439 16440 16441 16449 16450 16458 16459 16475 17525 17549 18294 18318 19063 19086 19833 19853 20602 20622 21371 21391 22140 22160 22910 22930 23679 23699 24448 24468 25217 25237 25987 26007 26756 26776 27525 27545
LI (63):  28 39 914 915 916 917 6199 6201 6408 13119 13121 13218 13513 13532 16431 16432 16472 17520 17521 17544 17545 18163 18289 18291 18313 18315 18932 19058 19060 19084 19702 19828 19830 20471 20597 20599 21240 21366 21368 22009 22135 22137 22779 22905 22907 23548 23674 23676 24317 24443 24445 25086 25212 25214 25856 25982 25984 26625 26751 26753 27394 27520 27522
NODE_NUM = 100
FILE aes_secworks_sub_182.aig

# Subcircuit 183
SUB_ID 183
LO (38):  16476 16477 16485 16486 16494 16495 16511 16512 16513 16529 17573 17585 18342 18350 19111 19119 19881 19889 20650 20658 21419 21427 22188 22196 22958 22966 23727 23735 24496 24504 25265 25273 26035 26043 26804 26812 27573 27581
LI (61):  28 39 918 919 920 921 922 923 6199 6201 6436 6450 13681 13700 13765 13784 16508 16526 17568 17569 17580 17581 18163 18337 18339 18932 19106 19108 19702 19876 19878 20471 20645 20647 21240 21414 21416 22009 22183 22185 22779 22953 22955 23548 23722 23724 24317 24491 24493 25086 25260 25262 25856 26030 26032 26625 26799 26801 27394 27568 27570
NODE_NUM = 99
FILE aes_secworks_sub_183.aig

# Subcircuit 184
SUB_ID 184
LO (38):  16530 16531 16547 16548 16549 16557 16558 16566 16567 16583 17597 17621 18366 18386 19135 19155 19905 19925 20674 20694 21443 21463 22212 22232 22982 23002 23751 23771 24520 24540 25289 25309 26059 26079 26828 26848 27597 27617
LI (61):  28 39 924 925 926 927 928 929 6199 6201 13831 13833 13846 13955 13957 13970 16544 16580 17592 17593 17616 17617 18163 18361 18363 18932 19130 19132 19702 19900 19902 20471 20669 20671 21240 21438 21440 22009 22207 22209 22779 22977 22979 23548 23746 23748 24317 24515 24517 25086 25284 25286 25856 26054 26056 26625 26823 26825 27394 27592 27594
NODE_NUM = 99
FILE aes_secworks_sub_184.aig

# Subcircuit 185
SUB_ID 185
LO (42):  16584 16585 16601 16602 16603 16611 16612 16620 16621 16629 16630 16638 16639 16655 17633 17666 18402 18434 19171 19203 19941 19973 20710 20742 21479 21511 22248 22280 23018 23050 23787 23819 24556 24588 25325 25357 26095 26127 26864 26896 27633 27665
LI (61):  28 39 930 931 932 933 934 935 936 937 6199 6201 14017 14019 14032 14203 14205 14218 16598 16652 17628 17629 18163 18397 18399 18932 19166 19168 19702 19936 19938 20471 20705 20707 21240 21474 21476 22009 22243 22245 22779 23013 23015 23548 23782 23784 24317 24551 24553 25086 25320 25322 25856 26090 26092 26625 26859 26861 27394 27628 27630
NODE_NUM = 100
FILE aes_secworks_sub_185.aig

# Subcircuit 186
SUB_ID 186
LO (46):  16656 16657 16665 16666 16674 16675 16683 16684 16692 16693 16701 16702 16710 16711 16719 16720 16728 16729 16737 16738 16746 16747 16763 16764 16765 16781 16782 16783 16791 16792 16800 16801 17741 18510 19279 20049 20818 21587 22356 23126 23895 24664 25433 26203 26972 27741
LI (67):  28 39 938 939 940 941 942 943 944 945 946 947 948 949 950 951 952 953 954 6199 6201 6656 14575 14588 16760 16778 17736 17737 18163 18505 18507 18932 19274 19276 19702 20044 20046 20471 20813 20815 21240 21582 21584 22009 22351 22353 22779 23121 23123 23548 23890 23892 24317 24659 24661 25086 25428 25430 25856 26198 26200 26625 26967 26969 27394 27736 27738
NODE_NUM = 100
FILE aes_secworks_sub_186.aig

# Subcircuit 187
SUB_ID 187
LO (32):  16817 16818 16819 16835 17777 17789 18546 18558 19315 19327 20085 20093 20854 20862 21623 21631 22392 22400 23162 23170 23931 23939 24700 24708 25469 25477 26239 26247 27008 27016 27777 27785
LI (63):  28 39 955 956 957 6199 6201 6698 14755 14768 14806 14808 14818 16814 16816 16832 17772 17773 17784 17785 18163 18541 18543 18553 18555 18932 19310 19312 19322 19324 19702 20080 20082 20471 20849 20851 21240 21618 21620 22009 22387 22389 22779 23157 23159 23548 23926 23928 24317 24695 24697 25086 25464 25466 25856 26234 26236 26625 27003 27005 27394 27772 27774
NODE_NUM = 99
FILE aes_secworks_sub_187.aig

# Subcircuit 188
SUB_ID 188
LO (49):  16836 16837 16845 16846 16854 16855 16863 16864 16872 16873 16889 16890 16891 16899 16900 16908 16909 16917 16918 16926 16927 16935 16936 16944 16945 16953 16954 16962 16963 16971 16972 16980 16981 16989 16990 17825 18594 19363 20133 20902 21671 22440 23210 23979 24748 25517 26287 27056 27825
LI (67):  28 39 958 959 960 961 962 963 964 965 966 967 968 969 970 971 972 973 974 975 6199 6201 14956 14958 14968 16886 17820 17821 18163 18589 18591 18932 19358 19360 19702 20128 20130 20471 20897 20899 21240 21666 21668 22009 22435 22437 22779 23205 23207 23548 23974 23976 24317 24743 24745 25086 25512 25514 25856 26282 26284 26625 27051 27053 27394 27820 27822
NODE_NUM = 99
FILE aes_secworks_sub_188.aig

# Subcircuit 189
SUB_ID 189
LO (27):  16998 16999 17015 17016 17017 17033 17034 17035 17051 17052 17053 17064 17069 17933 18702 19471 20241 21010 21779 22548 23318 24087 24856 25625 26395 27164 27933
LI (62):  28 39 976 977 978 979 980 981 982 983 6199 6201 6904 6918 15406 15416 15464 17012 17030 17048 17066 17928 17929 18163 18697 18699 18932 19466 19468 19702 20236 20238 20471 21005 21007 21240 21774 21776 22009 22543 22545 22779 23313 23315 23548 24082 24084 24317 24851 24853 25086 25620 25622 25856 26390 26392 26625 27159 27161 27394 27928 27930
NODE_NUM = 90
FILE aes_secworks_sub_189.aig

# Subcircuit 190
SUB_ID 190
LO (36):  17066 17070 17071 17079 17080 17088 17089 17105 17945 17969 18714 18738 19483 19507 20253 20277 21022 21042 21791 21811 22560 22580 23330 23350 24099 24119 24868 24888 25637 25657 26407 26427 27176 27196 27945 27965
LI (63):  28 39 984 985 986 987 6199 6201 6946 15454 15550 15560 17064 17102 17940 17941 17964 17965 18163 18709 18711 18733 18735 18932 19478 19480 19502 19504 19702 20248 20250 20272 20274 20471 21017 21019 21240 21786 21788 22009 22555 22557 22779 23325 23327 23548 24094 24096 24317 24863 24865 25086 25632 25634 25856 26402 26404 26625 27171 27173 27394 27940 27942
NODE_NUM = 99
FILE aes_secworks_sub_190.aig

# Subcircuit 191
SUB_ID 191
LO (31):  17106 17107 17123 17124 17125 17141 17142 17143 17151 17152 17160 17161 17169 17170 17178 17179 17195 17981 18750 19519 20289 21058 21827 22596 23366 24135 24904 25673 26443 27212 27981
LI (61):  28 39 988 989 990 991 992 993 994 995 996 997 6199 6201 15589 15591 15598 17120 17138 17192 17976 17977 18163 18745 18747 18932 19514 19516 19702 20284 20286 20471 21053 21055 21240 21822 21824 22009 22591 22593 22779 23361 23363 23548 24130 24132 24317 24899 24901 25086 25668 25670 25856 26438 26440 26625 27207 27209 27394 27976 27978
NODE_NUM = 89
FILE aes_secworks_sub_191.aig

# Subcircuit 192
SUB_ID 192
LO (38):  17192 17196 17197 17205 17206 17214 17215 17223 17224 17232 17233 17241 17242 17250 17251 17267 17268 17269 17277 17278 17286 17287 17298 17303 18029 18798 19567 20337 21106 21875 22644 23414 24183 24952 25721 26491 27260 28029
LI (63):  28 39 998 999 1000 1001 1002 1003 1004 1005 1006 1007 1008 1009 6199 6201 15743 15969 15978 17190 17264 17300 18024 18025 18163 18793 18795 18932 19562 19564 19702 20332 20334 20471 21101 21103 21240 21870 21872 22009 22639 22641 22779 23409 23411 23548 24178 24180 24317 24947 24949 25086 25716 25718 25856 26486 26488 26625 27255 27257 27394 28024 28026
NODE_NUM = 90
FILE aes_secworks_sub_192.aig

# Subcircuit 193
SUB_ID 193
LO (32):  17300 17304 17305 17321 18101 18113 18870 18882 19639 19651 20409 20421 21178 21190 21947 21958 22716 22724 23486 23494 24255 24263 25024 25032 25793 25801 26563 26571 27332 27340 28101 28109
LI (64):  28 39 1010 1011 6199 6201 15971 16007 16009 16016 17298 17318 18096 18097 18108 18109 18163 18865 18867 18877 18879 18932 19634 19636 19646 19648 19702 20404 20406 20416 20418 20471 21173 21175 21185 21187 21240 21942 21944 21956 22009 22711 22713 22779 23481 23483 23548 24250 24252 24317 25019 25021 25086 25788 25790 25856 26558 26560 26625 27327 27329 27394 28096 28098
NODE_NUM = 100
FILE aes_secworks_sub_193.aig

# Subcircuit 194
SUB_ID 194
LO (34):  17322 17323 17339 17340 17341 17357 18125 18137 18894 18906 19663 19674 20433 20441 21202 21210 21971 21979 22740 22748 23510 23518 24279 24287 25048 25056 25817 25825 26587 26595 27356 27364 28125 28133
LI (62):  28 39 1012 1013 1014 1015 6199 6201 7152 7166 16045 16052 16081 16088 17336 17354 18120 18121 18132 18133 18163 18889 18891 18901 18903 18932 19658 19660 19672 19702 20428 20430 20471 21197 21199 21240 21966 21968 22009 22735 22737 22779 23505 23507 23548 24274 24276 24317 25043 25045 25086 25812 25814 25856 26582 26584 26625 27351 27353 27394 28120 28122
NODE_NUM = 100
FILE aes_secworks_sub_194.aig

# Subcircuit 195
SUB_ID 195
LO (47):  17358 17359 17367 17368 17376 17377 17385 17386 17399 17405 17411 17417 17423 17429 17435 17441 17447 17448 17449 17454 17455 17465 17466 17467 17477 17478 17479 17484 17485 17495 17496 17497 17502 17503 17508 17509 17514 17515 17520 17521 17526 17527 17537 17538 17539 17544 17545
LI (47):  39 1016 1017 1018 1019 1020 1021 1022 1023 1024 1025 1026 1027 1028 1029 1030 1031 1032 1033 1034 1035 1036 1037 1038 1039 1040 1041 1042 1043 1044 1045 6199 6201 17396 17398 17402 17408 17414 17420 17426 17432 17438 17444 17462 17474 17492 17534
NODE_NUM = 99
FILE aes_secworks_sub_195.aig

# Subcircuit 196
SUB_ID 196
LO (68):  17550 17551 17561 17562 17563 17568 17569 17574 17575 17580 17581 17586 17587 17592 17593 17598 17599 17609 17610 17611 17616 17617 17622 17623 17628 17629 17634 17635 17645 17646 17647 17652 17653 17658 17659 17669 17670 17671 17676 17677 17682 17683 17693 17694 17695 17700 17701 17706 17707 17717 17718 17719 17729 17730 17731 17736 17737 17742 17743 17753 17754 17755 17760 17761 17766 17767 17772 17773
LI (48):  39 1046 1047 1048 1049 1050 1051 1052 1053 1054 1055 1056 1057 1058 1059 1060 1061 1062 1063 1064 1065 1066 1067 1068 1069 1070 1071 1072 1073 1074 1075 1076 1077 1078 1079 1080 1081 1082 1083 6201 17558 17606 17642 17666 17690 17714 17726 17750
NODE_NUM = 100
FILE aes_secworks_sub_196.aig

# Subcircuit 197
SUB_ID 197
LO (76):  17778 17779 17784 17785 17790 17791 17801 17802 17803 17808 17809 17814 17815 17820 17821 17826 17827 17837 17838 17839 17844 17845 17850 17851 17856 17857 17862 17863 17868 17869 17874 17875 17885 17886 17887 17892 17893 17898 17899 17909 17910 17911 17921 17922 17923 17928 17929 17934 17935 17940 17941 17946 17947 17952 17953 17958 17959 17964 17965 17970 17971 17976 17977 17982 17983 17993 17994 17995 18000 18001 18006 18007 18012 18013 18018 18019
LI (49):  39 1084 1085 1086 1087 1088 1089 1090 1091 1092 1093 1094 1095 1096 1097 1098 1099 1100 1101 1102 1103 1104 1105 1106 1107 1108 1109 1110 1111 1112 1113 1114 1115 1116 1117 1118 1119 1120 1121 1122 1123 1124 6201 17798 17834 17882 17906 17918 17990
NODE_NUM = 100
FILE aes_secworks_sub_197.aig

# Subcircuit 198
SUB_ID 198
LO (55):  18024 18025 18030 18031 18036 18037 18042 18043 18048 18049 18054 18055 18060 18061 18066 18067 18077 18078 18079 18084 18085 18090 18091 18096 18097 18102 18103 18108 18109 18114 18115 18120 18121 18126 18127 18132 18133 18138 18139 18144 18145 18150 18151 18156 18157 18168 18174 18180 18186 18192 18198 18204 18210 18211 18213
LI (45):  39 1125 1126 1127 1128 1129 1130 1131 1132 1133 1134 1135 1136 1137 1138 1139 1140 1141 1142 1143 1144 1145 1146 1147 1148 1149 1150 1151 1152 1153 1154 1155 1156 6201 16246 16255 16264 16273 16282 16291 16300 16309 18074 18163 18167
NODE_NUM = 99
FILE aes_secworks_sub_198.aig

# Subcircuit 199
SUB_ID 199
LO (59):  18216 18217 18219 18223 18225 18234 18235 18237 18246 18247 18249 18253 18255 18264 18265 18267 18271 18273 18277 18279 18283 18285 18289 18291 18295 18297 18306 18307 18309 18313 18315 18319 18321 18330 18331 18333 18337 18339 18343 18345 18354 18355 18357 18361 18363 18367 18369 18378 18379 18381 18390 18391 18393 18397 18399 18403 18405 18409 18411
LI (46):  39 1157 1158 1159 1160 1161 1162 1163 1164 1165 1166 1167 1168 1169 1170 1171 1172 1173 1174 1175 1176 1177 1178 1179 1180 1181 1182 1183 1184 1185 1186 1187 1188 1189 16318 16345 16363 16390 16453 16489 16561 18163 18211 18213 18350 18386
NODE_NUM = 100
FILE aes_secworks_sub_199.aig

# Subcircuit 200
SUB_ID 200
LO (62):  18414 18415 18417 18421 18423 18427 18429 18438 18439 18441 18445 18447 18451 18453 18462 18463 18465 18469 18471 18475 18477 18486 18487 18489 18498 18499 18501 18505 18507 18511 18513 18522 18523 18525 18529 18531 18535 18537 18541 18543 18547 18549 18553 18555 18559 18561 18570 18571 18573 18577 18579 18583 18585 18589 18591 18595 18597 18606 18607 18609 18613 18615
LI (46):  39 1190 1191 1192 1193 1194 1195 1196 1197 1198 1199 1200 1201 1202 1203 1204 1205 1206 1207 1208 1209 1210 1211 1212 1213 1214 1215 1216 1217 1218 1219 1220 1221 1222 1223 16615 16687 16723 16741 16777 16849 16903 18163 18409 18411 18434
NODE_NUM = 99
FILE aes_secworks_sub_200.aig

# Subcircuit 201
SUB_ID 201
LO (75):  18619 18621 18625 18627 18631 18633 18637 18639 18643 18645 18654 18655 18657 18661 18663 18667 18669 18678 18679 18681 18690 18691 18693 18697 18699 18703 18705 18709 18711 18715 18717 18721 18723 18727 18729 18733 18735 18739 18741 18745 18747 18751 18753 18762 18763 18765 18769 18771 18775 18777 18781 18783 18787 18789 18793 18795 18799 18801 18805 18807 18811 18813 18817 18819 18823 18825 18829 18831 18835 18837 18846 18847 18849 18853 18855
LI (47):  39 1224 1225 1226 1227 1228 1229 1230 1231 1232 1233 1234 1235 1236 1237 1238 1239 1240 1241 1242 1243 1244 1245 1246 1247 1248 1249 1250 1251 1252 1253 1254 1255 1256 1257 1258 1259 1260 1261 1262 1263 16975 17011 17029 17137 17263 18163
NODE_NUM = 100
FILE aes_secworks_sub_201.aig

# Subcircuit 202
SUB_ID 202
LO (43):  18859 18861 18865 18867 18871 18873 18877 18879 18883 18885 18889 18891 18895 18897 18901 18903 18907 18909 18913 18915 18919 18921 18925 18927 18937 18943 18949 18955 18961 18967 18973 18979 18985 18986 18988 18992 18994 19003 19004 19006 19015 19018 19021
LI (43):  39 1264 1265 1266 1267 1268 1269 1270 1271 1272 1273 1274 1275 1276 1277 1278 1279 1280 1281 1282 1283 1284 1285 1286 1287 1288 1289 1290 16246 16255 16264 16273 16282 16291 16300 16309 16318 16345 16363 18163 18932 18936 19020
NODE_NUM = 99
FILE aes_secworks_sub_202.aig

# Subcircuit 203
SUB_ID 203
LO (62):  19022 19024 19033 19034 19036 19040 19042 19046 19048 19052 19054 19058 19060 19064 19066 19075 19076 19078 19084 19087 19088 19090 19099 19100 19102 19106 19108 19112 19114 19123 19124 19126 19130 19132 19136 19138 19147 19148 19150 19159 19160 19162 19166 19168 19172 19174 19183 19184 19186 19190 19192 19196 19198 19207 19208 19210 19214 19216 19220 19222 19226 19228
LI (46):  39 1291 1292 1293 1294 1295 1296 1297 1298 1299 1300 1301 1302 1303 1304 1305 1306 1307 1308 1309 1310 1311 1312 1313 1314 1315 1316 1317 1318 1319 1320 1321 1322 1323 1324 1325 16390 16453 16489 16561 16615 18932 19086 19119 19155 19203
NODE_NUM = 100
FILE aes_secworks_sub_203.aig

# Subcircuit 204
SUB_ID 204
LO (62):  19231 19232 19234 19238 19240 19244 19246 19255 19256 19258 19267 19268 19270 19274 19276 19280 19282 19291 19292 19294 19298 19300 19304 19306 19310 19312 19316 19318 19322 19324 19328 19330 19339 19340 19342 19346 19348 19352 19354 19358 19360 19364 19366 19375 19376 19378 19387 19388 19390 19394 19396 19400 19402 19406 19408 19412 19414 19423 19424 19426 19430 19432
LI (46):  39 1326 1327 1328 1329 1330 1331 1332 1333 1334 1335 1336 1337 1338 1339 1340 1341 1342 1343 1344 1345 1346 1347 1348 1349 1350 1351 1352 1353 1354 1355 1356 1357 1358 1359 16687 16723 16741 16777 16849 16903 16975 18932 19226 19228 19383
NODE_NUM = 99
FILE aes_secworks_sub_204.aig

# Subcircuit 205
SUB_ID 205
LO (78):  19436 19438 19447 19448 19450 19459 19460 19462 19466 19468 19472 19474 19478 19480 19484 19486 19490 19492 19496 19498 19502 19504 19508 19510 19514 19516 19520 19522 19531 19532 19534 19538 19540 19544 19546 19550 19552 19556 19558 19562 19564 19568 19570 19574 19576 19580 19582 19586 19588 19592 19594 19598 19600 19604 19606 19615 19616 19618 19622 19624 19628 19630 19634 19636 19640 19642 19646 19648 19652 19654 19658 19660 19664 19666 19672 19675 19676 19678
LI (48):  39 1360 1361 1362 1363 1364 1365 1366 1367 1368 1369 1370 1371 1372 1373 1374 1375 1376 1377 1378 1379 1380 1381 1382 1383 1384 1385 1386 1387 1388 1389 1390 1391 1392 1393 1394 1395 1396 1397 1398 1399 1400 17011 17029 17137 17263 18932 19674
NODE_NUM = 99
FILE aes_secworks_sub_205.aig

# Subcircuit 206
SUB_ID 206
LO (49):  19682 19684 19688 19690 19694 19696 19773 19779 19785 19791 19792 19794 19803 19804 19806 19810 19812 19816 19818 19822 19824 19828 19830 19834 19836 19845 19846 19848 19857 19858 19860 19869 19870 19872 19876 19878 19882 19884 19893 19894 19896 19900 19902 19906 19908 19917 19918 19920 19929
LI (45):  39 1401 1402 1403 1415 1416 1417 1418 1419 1420 1421 1422 1423 1424 1425 1426 1427 1428 1429 1430 1431 1432 1433 1434 1435 1436 1437 1438 1439 1440 1441 16345 16363 16372 16390 16453 16489 16561 18932 19702 19772 19775 19853 19889 19925
NODE_NUM = 100
FILE aes_secworks_sub_206.aig

# Subcircuit 207
SUB_ID 207
LO (52):  19930 19932 19936 19938 19942 19944 19953 19954 19956 19960 19962 19966 19968 19977 19978 19980 19989 19990 19992 20001 20002 20004 20008 20010 20014 20016 20025 20026 20028 20037 20038 20040 20044 20046 20050 20052 20061 20062 20064 20073 20074 20076 20080 20082 20086 20088 20097 20098 20100 20109 20110 20112
LI (43):  39 1442 1443 1444 1445 1446 1447 1448 1449 1450 1451 1452 1453 1454 1455 1456 1457 1458 1459 1460 1461 1462 1463 1464 1465 1466 1467 1468 1469 1470 1471 1472 16615 16687 16723 16741 16777 16795 16849 19702 19973 19985 20093
NODE_NUM = 99
FILE aes_secworks_sub_207.aig

# Subcircuit 208
SUB_ID 208
LO (60):  20116 20118 20122 20124 20128 20130 20134 20136 20145 20146 20148 20157 20158 20160 20164 20166 20170 20172 20181 20182 20184 20193 20194 20196 20200 20202 20206 20208 20217 20218 20220 20229 20230 20232 20236 20238 20242 20244 20248 20250 20254 20256 20265 20266 20268 20272 20274 20278 20280 20284 20286 20290 20292 20301 20302 20304 20308 20310 20314 20316
LI (44):  39 1473 1474 1475 1476 1477 1478 1479 1480 1481 1482 1483 1484 1485 1486 1487 1488 1489 1490 1491 1492 1493 1494 1495 1496 1497 1498 1499 1500 1501 1502 1503 1504 1505 1506 16903 16921 16975 17011 17029 17083 17137 19702 20177
NODE_NUM = 99
FILE aes_secworks_sub_208.aig

# Subcircuit 209
SUB_ID 209
LO (55):  20320 20322 20326 20328 20332 20334 20338 20340 20344 20346 20350 20352 20356 20358 20362 20364 20373 20374 20376 20385 20386 20388 20392 20394 20398 20400 20404 20406 20410 20412 20416 20418 20422 20424 20428 20430 20434 20436 20445 20446 20448 20457 20458 20460 20464 20466 20471 20476 20482 20488 20494 20500 20502 21150 21222
LI (45):  39 1507 1508 1509 1510 1511 1512 1513 1514 1515 1516 1517 1518 1519 1520 1521 1522 1523 1524 1525 1526 1527 1528 1529 1530 1531 1532 1533 1534 1535 1536 6200 16246 16255 16264 16273 16282 16291 17263 17371 19701 19702 20369 20441 20475
NODE_NUM = 98
FILE aes_secworks_sub_209.aig

# Subcircuit 210
SUB_ID 210
LO (42):  20506 20512 20518 20524 20525 20527 20531 20533 20542 20548 20554 20560 20561 20563 20572 20573 20575 20579 20581 20585 20587 20591 20593 20597 20599 20603 20605 20614 20615 20617 20626 20627 20629 20638 20639 20641 20645 20647 20651 20653 20657 20659
LI (42):  39 1537 1538 1539 1540 1541 1542 1543 1544 1545 1546 1547 1548 1549 1550 1551 1552 1553 1554 1555 1556 1557 1558 1559 1560 1561 1562 1563 16300 16309 16318 16345 16354 16363 16372 16390 16453 16489 20471 20502 20505 20622
NODE_NUM = 100
FILE aes_secworks_sub_210.aig

# Subcircuit 211
SUB_ID 211
LO (51):  20662 20663 20665 20669 20671 20675 20677 20686 20687 20689 20698 20699 20701 20705 20707 20711 20713 20722 20723 20725 20729 20731 20735 20737 20746 20747 20749 20758 20759 20761 20770 20771 20773 20777 20779 20783 20785 20794 20795 20797 20806 20807 20809 20813 20815 20819 20821 20830 20831 20833 20842
LI (45):  39 1564 1565 1566 1567 1568 1569 1570 1571 1572 1573 1574 1575 1576 1577 1578 1579 1580 1581 1582 1583 1584 1585 1586 1587 1588 1589 1590 1591 1592 1593 16561 16615 16669 16687 16723 16741 16777 20471 20657 20658 20659 20694 20742 20838
NODE_NUM = 100
FILE aes_secworks_sub_211.aig

# Subcircuit 212
SUB_ID 212
LO (56):  20838 20843 20845 20849 20851 20855 20857 20866 20867 20869 20878 20879 20881 20885 20887 20891 20893 20897 20899 20903 20905 20914 20915 20917 20926 20927 20929 20933 20935 20939 20941 20950 20951 20953 20962 20963 20965 20969 20971 20975 20977 20986 20987 20989 20998 20999 21001 21005 21007 21011 21013 21017 21019 21023 21025 21034
LI (44):  39 1594 1595 1596 1597 1598 1599 1600 1601 1602 1603 1604 1605 1606 1607 1608 1609 1610 1611 1612 1613 1614 1615 1616 1617 1618 1619 1620 1621 1622 1623 1624 1625 16795 16849 16903 16921 16957 16975 17011 17029 17083 20471 20862
NODE_NUM = 100
FILE aes_secworks_sub_212.aig

# Subcircuit 213
SUB_ID 213
LO (67):  21035 21037 21046 21047 21049 21053 21055 21059 21061 21070 21071 21073 21077 21079 21083 21085 21089 21091 21095 21097 21101 21103 21107 21109 21113 21115 21119 21121 21125 21127 21131 21133 21142 21143 21145 21154 21155 21157 21161 21163 21167 21169 21173 21175 21179 21181 21185 21187 21191 21193 21197 21199 21203 21205 21214 21215 21217 21226 21227 21229 21233 21235 21240 21245 21247 21835 21907
LI (48):  39 1626 1627 1628 1629 1630 1631 1632 1633 1634 1635 1636 1637 1638 1639 1640 1641 1642 1643 1644 1645 1646 1647 1648 1649 1650 1651 1652 1653 1654 1655 1656 1657 1658 1659 1660 5776 16246 16255 17137 17245 19701 20471 21042 21150 21210 21222 21244
NODE_NUM = 98
FILE aes_secworks_sub_213.aig

# Subcircuit 214
SUB_ID 214
LO (32):  21251 21257 21263 21269 21275 21281 21287 21293 21294 21296 21300 21302 21311 21317 21323 21329 21330 21332 21341 21342 21344 21348 21350 21354 21356 21360 21362 21366 21368 21372 21374 21383
LI (40):  39 1661 1662 1663 1664 1665 1666 1667 1668 1669 1670 1671 1672 1673 1674 1675 1676 1677 1678 1679 1680 1681 1682 1683 16264 16273 16282 16291 16300 16309 16318 16345 16354 16363 16372 16390 21240 21247 21250 21379
NODE_NUM = 100
FILE aes_secworks_sub_214.aig

# Subcircuit 215
SUB_ID 215
LO (53):  21379 21384 21386 21395 21396 21398 21407 21408 21410 21414 21416 21420 21422 21431 21432 21434 21438 21440 21444 21446 21455 21456 21458 21467 21468 21470 21474 21476 21480 21482 21491 21492 21494 21498 21500 21504 21506 21515 21516 21518 21527 21528 21530 21539 21540 21542 21546 21548 21552 21554 21563 21564 21566
LI (44):  39 1684 1685 1686 1687 1688 1689 1690 1691 1692 1693 1694 1695 1696 1697 1698 1699 1700 1701 1702 1703 1704 1705 1706 1707 1708 1709 1710 1711 1712 1713 1714 16453 16489 16561 16615 16669 16687 16723 21240 21391 21427 21463 21511
NODE_NUM = 99
FILE aes_secworks_sub_215.aig

# Subcircuit 216
SUB_ID 216
LO (52):  21575 21576 21578 21582 21584 21588 21590 21599 21600 21602 21611 21612 21614 21618 21620 21624 21626 21635 21636 21638 21647 21648 21650 21654 21656 21660 21662 21666 21668 21672 21674 21683 21684 21686 21695 21696 21698 21702 21704 21708 21710 21719 21720 21722 21731 21732 21734 21738 21740 21744 21746 21755
LI (44):  39 1715 1716 1717 1718 1719 1720 1721 1722 1723 1724 1725 1726 1727 1728 1729 1730 1731 1732 1733 1734 1735 1736 1737 1738 1739 1740 1741 1742 1743 1744 1745 16741 16777 16795 16849 16903 16921 16957 16975 21240 21574 21631 21751
NODE_NUM = 100
FILE aes_secworks_sub_216.aig

# Subcircuit 217
SUB_ID 217
LO (71):  21751 21756 21758 21767 21768 21770 21774 21776 21780 21782 21786 21788 21792 21794 21803 21804 21806 21815 21816 21818 21822 21824 21828 21830 21839 21840 21842 21846 21848 21852 21854 21858 21860 21864 21866 21870 21872 21876 21878 21882 21884 21888 21890 21894 21896 21900 21902 21911 21912 21914 21923 21924 21926 21930 21932 21936 21938 21942 21944 21948 21950 21956 21959 21960 21962 21966 21968 21972 21974 21978 21980
LI (48):  39 1746 1747 1748 1749 1750 1751 1752 1753 1754 1755 1756 1757 1758 1759 1760 1761 1762 1763 1764 1765 1766 1767 1768 1769 1770 1771 1772 1773 1774 1775 1776 1777 1778 1779 1780 1781 1782 1783 17011 17029 17083 17263 21240 21811 21835 21907 21958
NODE_NUM = 99
FILE aes_secworks_sub_217.aig

# Subcircuit 218
SUB_ID 218
LO (27):  21983 21984 21986 21995 21996 21998 22002 22004 22009 22014 22020 22026 22032 22038 22044 22050 22056 22062 22063 22065 22069 22071 22080 22086 22092 22098 22760
LI (41):  39 1784 1785 1786 1787 1788 1789 1790 1791 1792 1793 1794 1795 1796 1797 1798 1799 1800 1801 1802 16178 16246 16255 16264 16273 16282 16291 16300 16309 16318 16345 16354 16363 16372 17371 19701 21240 21978 21979 21980 22013
NODE_NUM = 99
FILE aes_secworks_sub_218.aig

# Subcircuit 219
SUB_ID 219
LO (57):  22099 22101 22110 22111 22113 22117 22119 22123 22125 22129 22131 22135 22137 22141 22143 22152 22153 22155 22164 22165 22167 22176 22177 22179 22183 22185 22189 22191 22200 22201 22203 22207 22209 22213 22215 22224 22225 22227 22236 22237 22239 22243 22245 22249 22251 22260 22261 22263 22267 22269 22273 22275 22284 22285 22287 22291 22293
LI (44):  39 1803 1804 1805 1806 1807 1808 1809 1810 1811 1812 1813 1814 1815 1816 1817 1818 1819 1820 1821 1822 1823 1824 1825 1826 1827 1828 1829 1830 1831 1832 1833 1834 1835 16390 16453 16489 16561 16615 22009 22160 22196 22232 22280
NODE_NUM = 98
FILE aes_secworks_sub_219.aig

# Subcircuit 220
SUB_ID 220
LO (49):  22296 22297 22299 22308 22309 22311 22315 22317 22321 22323 22332 22333 22335 22344 22345 22347 22351 22353 22357 22359 22368 22369 22371 22380 22381 22383 22387 22389 22393 22395 22404 22405 22407 22416 22417 22419 22428 22429 22431 22435 22437 22441 22443 22452 22453 22455 22464 22465 22467
LI (44):  39 1836 1837 1838 1839 1840 1841 1842 1843 1844 1845 1846 1847 1848 1849 1850 1851 1852 1853 1854 1855 1856 1857 1858 1859 1860 1861 1862 1863 1864 16669 16687 16723 16741 16777 16795 16849 16903 16921 22009 22291 22293 22400 22424
NODE_NUM = 100
FILE aes_secworks_sub_220.aig

# Subcircuit 221
SUB_ID 221
LO (57):  22476 22477 22479 22488 22489 22491 22500 22501 22503 22507 22509 22513 22515 22524 22525 22527 22536 22537 22539 22543 22545 22549 22551 22555 22557 22561 22563 22572 22573 22575 22584 22585 22587 22591 22593 22597 22599 22608 22609 22611 22620 22621 22623 22627 22629 22633 22635 22639 22641 22645 22647 22651 22653 22657 22659 22663 22665
LI (45):  39 1865 1866 1867 1868 1869 1870 1871 1872 1873 1874 1875 1876 1877 1878 1879 1880 1881 1882 1883 1884 1885 1886 1887 1888 1889 1890 1891 1892 1893 1894 1895 1896 1897 16957 16975 17011 17029 17083 17137 22009 22472 22475 22580 22616
NODE_NUM = 99
FILE aes_secworks_sub_221.aig

# Subcircuit 222
SUB_ID 222
LO (41):  22668 22669 22671 22680 22681 22683 22692 22693 22695 22704 22705 22707 22711 22713 22717 22719 22728 22729 22731 22735 22737 22741 22743 22752 22753 22755 22764 22765 22767 22773 22776 22784 22790 22796 22802 22808 22814 22815 22817 23450 23462
LI (49):  39 1898 1899 1900 1901 1902 1903 1904 1905 1906 1907 1908 1909 1910 1911 1912 1913 1914 1915 1916 1917 1918 1919 1920 1921 1922 17245 17263 22009 22663 22664 22665 22700 22724 22748 22760 22775 22779 22780 22783 22786 22792 22798 22804 22810 23445 23447 23457 23459
NODE_NUM = 100
FILE aes_secworks_sub_222.aig

# Subcircuit 223
SUB_ID 223
LO (38):  22820 22826 22832 22838 22844 22850 22856 22862 22868 22869 22871 22880 22881 22883 22887 22889 22893 22895 22899 22901 22905 22907 22911 22913 22922 22923 22925 22934 22935 22937 22946 22947 22949 22953 22955 22959 22961 22970
LI (44):  39 1923 1924 1925 1926 1927 1928 1929 1930 1931 1932 1933 1934 1935 1936 1937 1938 1939 1940 1941 1942 1943 1944 1945 1946 1947 16345 16354 16363 16372 16390 16453 16489 22779 22815 22816 22817 22822 22825 22828 22834 22840 22930 22966
NODE_NUM = 99
FILE aes_secworks_sub_223.aig

# Subcircuit 224
SUB_ID 224
LO (50):  22971 22973 22977 22979 22983 22985 22994 22995 22997 23006 23007 23009 23013 23015 23019 23021 23030 23031 23033 23037 23039 23043 23045 23054 23055 23057 23066 23067 23069 23078 23079 23081 23090 23091 23093 23102 23103 23105 23114 23115 23117 23121 23123 23127 23129 23138 23139 23141 23145 23147
LI (42):  39 1948 1949 1950 1951 1952 1953 1954 1955 1956 1957 1958 1959 1960 1961 1962 1963 1964 1965 1966 1967 1968 1969 1970 1971 1972 1973 1974 1975 1976 1977 16561 16615 16669 16687 16705 16723 16741 16777 22779 23002 23050
NODE_NUM = 98
FILE aes_secworks_sub_224.aig

# Subcircuit 225
SUB_ID 225
LO (47):  23150 23151 23153 23157 23159 23163 23165 23174 23175 23177 23186 23187 23189 23198 23199 23201 23205 23207 23211 23213 23222 23223 23225 23234 23235 23237 23246 23247 23249 23258 23259 23261 23270 23271 23273 23277 23279 23283 23285 23294 23295 23297 23306 23307 23309 23313 23315
LI (43):  39 1978 1979 1980 1981 1982 1983 1984 1985 1986 1987 1988 1989 1990 1991 1992 1993 1994 1995 1996 1997 1998 1999 2000 2001 2002 2003 2004 2005 16795 16849 16867 16903 16921 16939 16957 16975 17011 17029 22779 23145 23147 23170
NODE_NUM = 99
FILE aes_secworks_sub_225.aig

# Subcircuit 226
SUB_ID 226
LO (62):  23319 23321 23325 23327 23331 23333 23342 23343 23345 23354 23355 23357 23361 23363 23367 23369 23378 23379 23381 23390 23391 23393 23397 23399 23403 23405 23409 23411 23415 23417 23421 23423 23427 23429 23438 23439 23441 23445 23447 23451 23453 23457 23459 23463 23465 23474 23475 23477 23481 23483 23487 23489 23498 23499 23501 23505 23507 23511 23513 23522 23523 23525
LI (45):  39 2006 2007 2008 2009 2010 2011 2012 2013 2014 2015 2016 2017 2018 2019 2020 2021 2022 2023 2024 2025 2026 2027 2028 2029 2030 2031 2032 2033 2034 2035 2036 2037 2038 2039 2040 17083 17137 17155 17227 17281 22779 23350 23494 23518
NODE_NUM = 99
FILE aes_secworks_sub_226.aig

# Subcircuit 227
SUB_ID 227
LO (24):  23534 23535 23537 23546 23548 23553 23559 23565 23571 23577 23583 23589 23595 23601 23602 23604 23608 23610 23619 23625 23631 23637 24299 24311
LI (39):  39 2041 2042 2043 2044 2045 2046 2047 2048 2049 2050 2051 2052 2053 2054 2055 2056 2057 2058 6200 16246 16255 16264 16273 16282 16291 16300 16309 16318 16345 16354 16363 16372 17371 17389 22778 22779 23533 23552
NODE_NUM = 99
FILE aes_secworks_sub_227.aig

# Subcircuit 228
SUB_ID 228
LO (57):  23638 23640 23649 23650 23652 23656 23658 23662 23664 23668 23670 23674 23676 23680 23682 23691 23692 23694 23703 23704 23706 23715 23716 23718 23722 23724 23728 23730 23739 23740 23742 23746 23748 23752 23754 23763 23764 23766 23775 23776 23778 23782 23784 23788 23790 23799 23800 23802 23806 23808 23812 23814 23823 23824 23826 23830 23832
LI (44):  39 2059 2060 2061 2062 2063 2064 2065 2066 2067 2068 2069 2070 2071 2072 2073 2074 2075 2076 2077 2078 2079 2080 2081 2082 2083 2084 2085 2086 2087 2088 2089 2090 2091 16390 16453 16489 16561 16615 23548 23699 23735 23771 23819
NODE_NUM = 98
FILE aes_secworks_sub_228.aig

# Subcircuit 229
SUB_ID 229
LO (47):  23835 23836 23838 23847 23848 23850 23859 23860 23862 23871 23872 23874 23883 23884 23886 23890 23892 23896 23898 23907 23908 23910 23919 23920 23922 23926 23928 23932 23934 23943 23944 23946 23955 23956 23958 23967 23968 23970 23974 23976 23980 23982 23991 23992 23994 23998 24000
LI (43):  39 2092 2093 2094 2095 2096 2097 2098 2099 2100 2101 2102 2103 2104 2105 2106 2107 2108 2109 2110 2111 2112 2113 2114 2115 2116 2117 2118 2119 16669 16687 16705 16723 16741 16777 16795 16849 16867 16903 23548 23830 23832 23939
NODE_NUM = 99
FILE aes_secworks_sub_229.aig

# Subcircuit 230
SUB_ID 230
LO (49):  24003 24004 24006 24015 24016 24018 24027 24028 24030 24039 24040 24042 24046 24048 24052 24054 24063 24064 24066 24075 24076 24078 24082 24084 24088 24090 24094 24096 24100 24102 24111 24112 24114 24123 24124 24126 24130 24132 24136 24138 24147 24148 24150 24159 24160 24162 24171 24172 24174
LI (44):  39 2120 2121 2122 2123 2124 2125 2126 2127 2128 2129 2130 2131 2132 2133 2134 2135 2136 2137 2138 2139 2140 2141 2142 2143 2144 2145 2146 2147 2148 16921 16939 16957 16975 17011 17029 17083 17137 17155 23548 23998 24000 24119 24167
NODE_NUM = 100
FILE aes_secworks_sub_230.aig

# Subcircuit 231
SUB_ID 231
LO (47):  24178 24180 24184 24186 24190 24192 24196 24198 24207 24208 24210 24219 24220 24222 24231 24232 24234 24243 24244 24246 24250 24252 24256 24258 24267 24268 24270 24274 24276 24280 24282 24291 24292 24294 24303 24304 24306 24315 24317 24322 24328 24334 24336 24972 24984 24996 25008
LI (43):  39 2149 2150 2151 2152 2153 2154 2155 2156 2157 2158 2159 2160 2161 2162 2163 2164 2165 2166 2167 2168 2169 2170 2171 2172 2173 2174 5776 16246 16255 16264 16273 17227 17245 17263 17281 22778 23548 24263 24287 24299 24311 24321
NODE_NUM = 98
FILE aes_secworks_sub_231.aig

# Subcircuit 232
SUB_ID 232
LO (37):  24340 24346 24352 24358 24364 24370 24371 24373 24377 24379 24388 24394 24400 24406 24407 24409 24418 24419 24421 24425 24427 24431 24433 24437 24439 24443 24445 24449 24451 24460 24461 24463 24472 24473 24475 24479 24481
LI (41):  39 2175 2176 2177 2178 2179 2180 2181 2182 2183 2184 2185 2186 2187 2188 2189 2190 2191 2192 2193 2194 2195 2196 2197 2198 2199 16282 16291 16300 16309 16318 16345 16354 16363 16372 16390 16453 24317 24336 24339 24468
NODE_NUM = 100
FILE aes_secworks_sub_232.aig

# Subcircuit 233
SUB_ID 233
LO (49):  24484 24485 24487 24491 24493 24497 24499 24508 24509 24511 24515 24517 24521 24523 24532 24533 24535 24544 24545 24547 24551 24553 24557 24559 24568 24569 24571 24575 24577 24581 24583 24592 24593 24595 24604 24605 24607 24616 24617 24619 24628 24629 24631 24640 24641 24643 24652 24653 24655
LI (44):  39 2200 2201 2202 2203 2204 2205 2206 2207 2208 2209 2210 2211 2212 2213 2214 2215 2216 2217 2218 2219 2220 2221 2222 2223 2224 2225 2226 2227 2228 16489 16561 16615 16669 16687 16705 16723 16741 24317 24479 24481 24504 24540 24588
NODE_NUM = 99
FILE aes_secworks_sub_233.aig

# Subcircuit 234
SUB_ID 234
LO (47):  24659 24661 24665 24667 24676 24677 24679 24688 24689 24691 24695 24697 24701 24703 24712 24713 24715 24724 24725 24727 24736 24737 24739 24743 24745 24749 24751 24760 24761 24763 24772 24773 24775 24784 24785 24787 24796 24797 24799 24808 24809 24811 24815 24817 24821 24823 24832
LI (42):  39 2229 2230 2231 2232 2233 2234 2235 2236 2237 2238 2239 2240 2241 2242 2243 2244 2245 2246 2247 2248 2249 2250 2251 2252 2253 2254 2255 2256 2257 16777 16795 16849 16867 16903 16921 16939 16957 16975 24317 24708 24828
NODE_NUM = 100
FILE aes_secworks_sub_234.aig

# Subcircuit 235
SUB_ID 235
LO (55):  24828 24833 24835 24844 24845 24847 24851 24853 24857 24859 24863 24865 24869 24871 24880 24881 24883 24892 24893 24895 24899 24901 24905 24907 24916 24917 24919 24928 24929 24931 24940 24941 24943 24947 24949 24953 24955 24959 24961 24965 24967 24976 24977 24979 24988 24989 24991 25000 25001 25003 25012 25013 25015 25019 25021
LI (45):  39 2258 2259 2260 2261 2262 2263 2264 2265 2266 2267 2268 2269 2270 2271 2272 2273 2274 2275 2276 2277 2278 2279 2280 2281 2282 2283 2284 2285 2286 2287 2288 2289 17011 17029 17083 17137 17155 17173 24317 24888 24972 24984 24996 25008
NODE_NUM = 100
FILE aes_secworks_sub_235.aig

# Subcircuit 236
SUB_ID 236
LO (33):  25025 25027 25036 25037 25039 25043 25045 25049 25051 25060 25061 25063 25072 25073 25075 25084 25086 25091 25097 25103 25109 25115 25121 25127 25133 25139 25140 25142 25146 25148 25153 25837 25849
LI (40):  39 2290 2291 2292 2293 2294 2295 2296 2297 2298 2299 2300 2301 2302 2303 2304 2305 2306 2307 2308 2309 2310 16178 16246 16255 16264 16273 16282 16291 16300 16309 16318 16345 17371 17389 22778 24317 25032 25056 25090
NODE_NUM = 96
FILE aes_secworks_sub_236.aig

# Subcircuit 237
SUB_ID 237
LO (49):  25157 25163 25169 25175 25176 25178 25187 25188 25190 25194 25196 25200 25202 25206 25208 25212 25214 25218 25220 25229 25230 25232 25241 25242 25244 25253 25254 25256 25260 25262 25266 25268 25277 25278 25280 25284 25286 25290 25292 25301 25302 25304 25313 25314 25316 25320 25322 25326 25328
LI (44):  39 2311 2312 2313 2314 2315 2316 2317 2318 2319 2320 2321 2322 2323 2324 2325 2326 2327 2328 2329 2330 2331 2332 2333 2334 2335 2336 2337 2338 2339 2340 16354 16363 16372 16390 16453 16489 16561 25086 25153 25156 25237 25273 25309
NODE_NUM = 100
FILE aes_secworks_sub_237.aig

# Subcircuit 238
SUB_ID 238
LO (47):  25337 25338 25340 25344 25346 25350 25352 25361 25362 25364 25373 25374 25376 25385 25386 25388 25397 25398 25400 25409 25410 25412 25421 25422 25424 25428 25430 25434 25436 25445 25446 25448 25457 25458 25460 25464 25466 25470 25472 25481 25482 25484 25493 25494 25496 25500 25502
LI (43):  39 2341 2342 2343 2344 2345 2346 2347 2348 2349 2350 2351 2352 2353 2354 2355 2356 2357 2358 2359 2360 2361 2362 2363 2364 2365 2366 2367 2368 2369 16615 16669 16687 16705 16723 16741 16777 16795 16849 25086 25336 25357 25477
NODE_NUM = 100
FILE aes_secworks_sub_238.aig

# Subcircuit 239
SUB_ID 239
LO (52):  25505 25506 25508 25512 25514 25518 25520 25529 25530 25532 25541 25542 25544 25553 25554 25556 25565 25566 25568 25577 25578 25580 25584 25586 25590 25592 25601 25602 25604 25613 25614 25616 25620 25622 25626 25628 25632 25634 25638 25640 25649 25650 25652 25661 25662 25664 25668 25670 25674 25676 25680 25682
LI (44):  39 2370 2371 2372 2373 2374 2375 2376 2377 2378 2379 2380 2381 2382 2383 2384 2385 2386 2387 2388 2389 2390 2391 2392 2393 2394 2395 2396 2397 2398 2399 16867 16903 16921 16939 16957 16975 17011 17029 17083 25086 25500 25502 25657
NODE_NUM = 99
FILE aes_secworks_sub_239.aig

# Subcircuit 240
SUB_ID 240
LO (48):  25685 25686 25688 25697 25698 25700 25709 25710 25712 25716 25718 25722 25724 25728 25730 25734 25736 25745 25746 25748 25757 25758 25760 25769 25770 25772 25781 25782 25784 25788 25790 25794 25796 25805 25806 25808 25812 25814 25818 25820 25829 25830 25832 25841 25842 25844 25853 25861
LI (45):  39 2400 2401 2402 2403 2404 2405 2406 2407 2408 2409 2410 2411 2412 2413 2414 2415 2416 2417 2418 2419 2420 2421 2422 2423 2424 2425 2426 2427 2428 17137 17155 17173 17227 17245 17263 17281 25086 25680 25682 25801 25825 25837 25849 25860
NODE_NUM = 98
FILE aes_secworks_sub_240.aig

# Subcircuit 241
SUB_ID 241
LO (32):  25860 25867 25873 25879 25885 25891 25897 25903 25909 25915 25921 25927 25933 25939 25945 25946 25948 25957 25958 25960 25964 25966 25970 25972 25976 25978 25982 25984 25988 25990 25994 25996
LI (42):  39 2428 2429 2430 2431 2432 2433 2434 2435 2436 2437 2438 2439 2440 2441 2442 2443 2444 2445 2446 2447 2448 2449 2450 2451 16345 16354 16363 16372 16390 25856 25857 25863 25869 25875 25881 25887 25893 25899 25905 25911 25917
NODE_NUM = 99
FILE aes_secworks_sub_241.aig

# Subcircuit 242
SUB_ID 242
LO (51):  25999 26000 26002 26011 26012 26014 26023 26024 26026 26030 26032 26036 26038 26047 26048 26050 26054 26056 26060 26062 26071 26072 26074 26083 26084 26086 26090 26092 26096 26098 26107 26108 26110 26114 26116 26120 26122 26131 26132 26134 26143 26144 26146 26155 26156 26158 26167 26168 26170 26174 26176
LI (45):  39 2452 2453 2454 2455 2456 2457 2458 2459 2460 2461 2462 2463 2464 2465 2466 2467 2468 2469 2470 2471 2472 2473 2474 2475 2476 2477 2478 2479 2480 2481 16453 16489 16561 16615 16669 16687 16705 25856 25994 25996 26007 26043 26079 26127
NODE_NUM = 100
FILE aes_secworks_sub_242.aig

# Subcircuit 243
SUB_ID 243
LO (47):  26179 26180 26182 26191 26192 26194 26198 26200 26204 26206 26215 26216 26218 26227 26228 26230 26234 26236 26240 26242 26251 26252 26254 26263 26264 26266 26275 26276 26278 26282 26284 26288 26290 26299 26300 26302 26311 26312 26314 26323 26324 26326 26335 26336 26338 26342 26344
LI (43):  39 2482 2483 2484 2485 2486 2487 2488 2489 2490 2491 2492 2493 2494 2495 2496 2497 2498 2499 2500 2501 2502 2503 2504 2505 2506 2507 2508 2509 16723 16741 16777 16795 16849 16867 16903 16921 16939 16957 25856 26174 26176 26247
NODE_NUM = 99
FILE aes_secworks_sub_243.aig

# Subcircuit 244
SUB_ID 244
LO (52):  26347 26348 26350 26354 26356 26360 26362 26371 26372 26374 26383 26384 26386 26390 26392 26396 26398 26402 26404 26408 26410 26419 26420 26422 26431 26432 26434 26438 26440 26444 26446 26455 26456 26458 26467 26468 26470 26479 26480 26482 26486 26488 26492 26494 26498 26500 26504 26506 26515 26516 26518 26527
LI (44):  39 2510 2511 2512 2513 2514 2515 2516 2517 2518 2519 2520 2521 2522 2523 2524 2525 2526 2527 2528 2529 2530 2531 2532 2533 2534 2535 2536 2537 2538 2539 16975 17011 17029 17083 17137 17155 17173 17227 17245 25856 26342 26344 26427
NODE_NUM = 99
FILE aes_secworks_sub_244.aig

# Subcircuit 245
SUB_ID 245
LO (38):  26528 26530 26539 26540 26542 26551 26552 26554 26558 26560 26564 26566 26575 26576 26578 26582 26584 26588 26590 26599 26600 26602 26611 26612 26614 26623 26625 26630 26636 26642 26648 26654 26660 26662 27304 27316 27376 27388
LI (40):  39 2540 2541 2542 2543 2544 2545 2546 2547 2548 2549 2550 2551 2552 2553 2554 2555 2556 2557 2558 2559 2560 2561 6200 16246 16255 16264 16273 16282 16291 16300 17263 17281 17371 17389 25855 25856 26571 26595 26629
NODE_NUM = 96
FILE aes_secworks_sub_245.aig

# Subcircuit 246
SUB_ID 246
LO (42):  26666 26672 26678 26679 26681 26685 26687 26696 26702 26708 26714 26715 26717 26726 26727 26729 26733 26735 26739 26741 26745 26747 26751 26753 26757 26759 26768 26769 26771 26780 26781 26783 26792 26793 26795 26799 26801 26805 26807 26816 26817 26819
LI (42):  39 2562 2563 2564 2565 2566 2567 2568 2569 2570 2571 2572 2573 2574 2575 2576 2577 2578 2579 2580 2581 2582 2583 2584 2585 2586 2587 2588 16309 16318 16345 16354 16363 16372 16390 16453 16489 26625 26662 26665 26776 26812
NODE_NUM = 99
FILE aes_secworks_sub_246.aig

# Subcircuit 247
SUB_ID 247
LO (47):  26823 26825 26829 26831 26840 26841 26843 26852 26853 26855 26859 26861 26865 26867 26876 26877 26879 26883 26885 26889 26891 26900 26901 26903 26912 26913 26915 26924 26925 26927 26936 26937 26939 26948 26949 26951 26960 26961 26963 26967 26969 26973 26975 26984 26985 26987 26996
LI (42):  39 2589 2590 2591 2592 2593 2594 2595 2596 2597 2598 2599 2600 2601 2602 2603 2604 2605 2606 2607 2608 2609 2610 2611 2612 2613 2614 2615 2616 2617 16561 16615 16669 16687 16705 16723 16741 16777 16795 26625 26848 26896
NODE_NUM = 100
FILE aes_secworks_sub_247.aig

# Subcircuit 248
SUB_ID 248
LO (50):  26997 26999 27003 27005 27009 27011 27020 27021 27023 27032 27033 27035 27044 27045 27047 27051 27053 27057 27059 27068 27069 27071 27080 27081 27083 27092 27093 27095 27104 27105 27107 27116 27117 27119 27123 27125 27129 27131 27140 27141 27143 27152 27153 27155 27159 27161 27165 27167 27171 27173
LI (42):  39 2618 2619 2620 2621 2622 2623 2624 2625 2626 2627 2628 2629 2630 2631 2632 2633 2634 2635 2636 2637 2638 2639 2640 2641 2642 2643 2644 2645 2646 2647 16849 16867 16903 16921 16939 16957 16975 17011 17029 26625 27016
NODE_NUM = 99
FILE aes_secworks_sub_248.aig

# Subcircuit 249
SUB_ID 249
LO (54):  27177 27179 27188 27189 27191 27200 27201 27203 27207 27209 27213 27215 27224 27225 27227 27236 27237 27239 27248 27249 27251 27255 27257 27261 27263 27267 27269 27273 27275 27284 27285 27287 27296 27297 27299 27308 27309 27311 27320 27321 27323 27327 27329 27333 27335 27344 27345 27347 27351 27353 27357 27359 27363 27365
LI (44):  39 2648 2649 2650 2651 2652 2653 2654 2655 2656 2657 2658 2659 2660 2661 2662 2663 2664 2665 2666 2667 2668 2669 2670 2671 2672 2673 2674 2675 2676 2677 2678 2679 17083 17137 17155 17173 17227 17245 26625 27196 27304 27316 27340
NODE_NUM = 100
FILE aes_secworks_sub_249.aig

# Subcircuit 250
SUB_ID 250
LO (25):  27368 27369 27371 27380 27381 27383 27392 27394 27399 27405 27411 27417 27423 27429 27435 27441 27447 27448 27450 27454 27456 27465 27471 27477 27483
LI (42):  39 2680 2681 2682 2683 2684 2685 2686 2687 2688 2689 2690 2691 2692 2693 2694 2695 2696 2697 2698 5776 16246 16255 16264 16273 16282 16291 16300 16309 16318 16345 16354 16363 16372 25855 26625 27363 27364 27365 27376 27388 27398
NODE_NUM = 100
FILE aes_secworks_sub_250.aig

# Subcircuit 251
SUB_ID 251
LO (54):  27484 27486 27495 27496 27498 27502 27504 27508 27510 27514 27516 27520 27522 27526 27528 27537 27538 27540 27549 27550 27552 27561 27562 27564 27568 27570 27574 27576 27585 27586 27588 27592 27594 27598 27600 27609 27610 27612 27621 27622 27624 27628 27630 27634 27636 27645 27646 27648 27657 27658 27660 27669 27670 27672
LI (44):  39 2699 2700 2701 2702 2703 2704 2705 2706 2707 2708 2709 2710 2711 2712 2713 2714 2715 2716 2717 2718 2719 2720 2721 2722 2723 2724 2725 2726 2727 2728 2729 2730 16390 16453 16489 16561 16615 27394 27545 27581 27617 27653 27665
NODE_NUM = 99
FILE aes_secworks_sub_251.aig

# Subcircuit 252
SUB_ID 252
LO (45):  27681 27682 27684 27693 27694 27696 27705 27706 27708 27717 27718 27720 27729 27730 27732 27736 27738 27742 27744 27753 27754 27756 27765 27766 27768 27772 27774 27778 27780 27789 27790 27792 27801 27802 27804 27813 27814 27816 27820 27822 27826 27828 27837 27838 27840
LI (42):  39 2731 2732 2733 2734 2735 2736 2737 2738 2739 2740 2741 2742 2743 2744 2745 2746 2747 2748 2749 2750 2751 2752 2753 2754 2755 2756 2757 2758 16669 16687 16705 16723 16741 16777 16795 16849 16867 16903 27394 27680 27785
NODE_NUM = 99
FILE aes_secworks_sub_252.aig

# Subcircuit 253
SUB_ID 253
LO (47):  27849 27850 27852 27861 27862 27864 27873 27874 27876 27885 27886 27888 27892 27894 27898 27900 27909 27910 27912 27921 27922 27924 27928 27930 27934 27936 27940 27942 27946 27948 27957 27958 27960 27969 27970 27972 27976 27978 27982 27984 27993 27994 27996 28005 28006 28008 28017
LI (43):  39 2759 2760 2761 2762 2763 2764 2765 2766 2767 2768 2769 2770 2771 2772 2773 2774 2775 2776 2777 2778 2779 2780 2781 2782 2783 2784 2785 2786 2787 16921 16939 16957 16975 17011 17029 17083 17137 17155 27394 27848 27965 28013
NODE_NUM = 100
FILE aes_secworks_sub_253.aig

# Subcircuit 254
SUB_ID 254
LO (51):  28013 28018 28020 28024 28026 28030 28032 28036 28038 28042 28044 28053 28054 28056 28065 28066 28068 28077 28078 28080 28089 28090 28092 28096 28098 28102 28104 28113 28114 28116 28120 28122 28126 28128 28137 28138 28140 28149 28150 28152 28161 28162 28206 28216 28219 28228 28234 28240 28286 28289 28290
LI (53):  5 18 19 20 24 27 39 2788 2789 2790 2791 2792 2793 2794 2795 2796 2797 2798 2799 2800 2801 2802 2803 2804 2805 2806 2807 2808 2809 2810 2811 2814 2815 17173 17227 17245 17263 17281 17371 17389 27394 28109 28133 28201 28203 28205 28209 28211 28214 28215 28218 28256 28284
NODE_NUM = 98
FILE aes_secworks_sub_254.aig

# Subcircuit 255
SUB_ID 255
LO (19):  28322 28323 28326 28343 28387 28446 28511 28576 28635 28694 28765 28817 29243 29305 29765 29780 29824 30135 30178
LI (33):  58 124 126 138 204 206 236 238 240 242 244 246 248 284 286 298 708 710 28207 28286 28290 28293 28294 28317 28318 28319 28320 28323 28325 28330 29236 29298 29770
NODE_NUM = 90
FILE aes_secworks_sub_255.aig

# Subcircuit 256
SUB_ID 256
LO (23):  28330 28375 28382 28383 28814 36699 36860 36868 37361 37501 37621 41440 42204 42310 42656 42659 42767 43768 43843 44038 44873 45504 45669
LI (47):  44 46 58 237 2781 2817 28209 28224 28256 28347 28355 28371 28374 35954 35956 36675 36677 36679 36682 36696 36698 36769 36857 36862 36867 37260 37350 37353 37355 37360 37407 37490 37493 37495 37500 37535 37610 37613 37615 37620 42201 42204 42306 42309 42653 42763 42766
NODE_NUM = 99
FILE aes_secworks_sub_256.aig

# Subcircuit 257
SUB_ID 257
LO (18):  28347 28355 28371 28374 28402 28434 28441 28442 28882 37006 37014 37740 42340 42441 42800 42803 42901 44639
LI (69):  126 128 208 239 286 288 710 1117 1245 1373 1501 1629 1757 1885 2013 2141 2269 2397 2525 2653 2782 2816 2819 28209 28224 28226 28230 28232 28235 28236 28241 28242 28244 28245 28248 28249 28251 28252 28256 28293 28354 28362 28369 28370 28406 28414 28430 28433 35954 36679 36696 36920 37003 37008 37013 37493 37613 37652 37729 37732 37734 37739 42337 42340 42437 42440 42797 42897 42900
NODE_NUM = 100
FILE aes_secworks_sub_257.aig

# Subcircuit 258
SUB_ID 258
LO (12):  28406 28414 28430 28433 28448 28467 28519 28532 28948 28997 29426 29900
LI (55):  48 50 52 58 130 132 210 212 288 290 292 298 714 1118 1246 1374 1502 1630 1758 1886 2014 2142 2270 2398 2526 2654 2818 7207 9388 28226 28230 28232 28235 28236 28241 28242 28244 28245 28248 28249 28251 28252 28256 28293 28413 28421 28428 28429 28463 28528 28938 28944 29419 29888 29899
NODE_NUM = 100
FILE aes_secworks_sub_258.aig

# Subcircuit 259
SUB_ID 259
LO (16):  28499 28506 28507 37176 37184 42602 42928 43018 43134 43897 43975 44002 44810 44843 45603 45636
LI (40):  241 2783 2821 28209 28224 28256 28471 28479 28495 28498 35954 36679 36696 37087 37173 37178 37183 37353 37493 37613 37732 42492 42498 42598 42601 42803 42925 43014 43017 43042 43130 43133 43168 43879 43882 43893 43896 43957 43971 43974
NODE_NUM = 99
FILE aes_secworks_sub_259.aig

# Subcircuit 260
SUB_ID 260
LO (12):  28471 28479 28495 28498 28564 28572 28587 29062 37353 43936 44789 45582
LI (78):  134 214 243 292 294 1119 1120 1247 1248 1375 1376 1503 1504 1631 1632 1759 1760 1887 1888 2015 2016 2143 2144 2271 2272 2399 2400 2527 2528 2655 2656 2784 2820 2822 2823 28209 28224 28226 28230 28232 28235 28236 28241 28242 28244 28245 28248 28249 28251 28252 28256 28478 28486 28493 28494 28543 28544 28551 28558 28559 28560 35954 36676 37350 43168 43918 43921 43932 43935 44390 44771 44774 44785 44788 45447 45574 45575 45581
NODE_NUM = 99
FILE aes_secworks_sub_260.aig

# Subcircuit 261
SUB_ID 261
LO (14):  28591 28623 28631 28637 28682 28690 37493 37613 42498 43882 44756 45549 45615 45648
LI (76):  245 247 700 1121 1249 1377 1505 1633 1761 1889 2017 2145 2273 2401 2402 2529 2657 2658 2785 2786 2824 2825 2827 7207 9958 28209 28224 28226 28230 28232 28235 28236 28241 28242 28244 28245 28248 28249 28251 28252 28256 28293 28587 28602 28603 28610 28617 28618 28619 28657 28661 28662 28678 28681 35954 36676 37176 37490 37610 42495 42656 42800 44390 44738 44752 44755 45447 45534 45545 45548 45607 45608 45614 45640 45641 45647
NODE_NUM = 100
FILE aes_secworks_sub_261.aig

# Subcircuit 262
SUB_ID 262
LO (15):  28657 28661 28678 28681 28709 28741 28749 29183 37732 42495 44053 44690 44888 45450 45676
LI (66):  136 138 218 249 296 298 704 1122 1250 1378 1506 1634 1762 1890 2018 2146 2274 2530 2787 2826 2829 28209 28224 28232 28235 28236 28241 28242 28244 28245 28248 28249 28251 28252 28256 28293 28669 28676 28677 28713 28721 28737 28740 35954 36676 36682 36860 42204 43168 44035 44038 44049 44052 44390 44672 44686 44689 44870 44873 44884 44887 45431 45442 45447 45449 45674
NODE_NUM = 100
FILE aes_secworks_sub_262.aig

# Subcircuit 263
SUB_ID 263
LO (15):  28713 28721 28737 28740 28753 28797 28804 28805 38523 38531 38846 39453 42171 42313 42337
LI (66):  250 251 1123 1251 1379 1507 1635 1763 1891 2019 2147 2275 2403 2531 2659 2788 2828 2831 28209 28224 28226 28230 28232 28235 28236 28241 28242 28244 28245 28248 28249 28251 28252 28256 28322 28720 28728 28735 28736 28769 28777 28793 28796 35954 36679 36696 37804 38520 38525 38530 38752 38835 38838 38840 38845 39367 39442 39445 39447 39452 41407 41434 41440 42167 42170 42334
NODE_NUM = 78
FILE aes_secworks_sub_263.aig

# Subcircuit 264
SUB_ID 264
LO (22):  28769 28777 28793 28796 28809 28859 28866 28867 38692 38700 39016 39333 41407 42201 42453 42492 42611 42614 43819 45453 45519 45585
LI (66):  252 253 1124 1252 1380 1508 1636 1764 1892 2020 2148 2276 2404 2532 2660 2789 2830 2833 28209 28224 28226 28230 28232 28235 28236 28241 28242 28244 28245 28248 28249 28251 28252 28256 28322 28776 28784 28791 28792 28831 28839 28855 28858 36679 36696 38601 38689 38694 38699 38919 39005 39008 39010 39015 39239 39322 39325 39327 39332 39445 42174 42177 42198 42450 42489 42608
NODE_NUM = 98
FILE aes_secworks_sub_264.aig

# Subcircuit 265
SUB_ID 265
LO (22):  28831 28839 28855 28858 28871 28918 28925 28926 38838 42174 42447 42450 42605 42608 42773 42797 43780 43861 43981 44657 45486 45618
LI (55):  254 255 1125 1253 1381 1509 1637 1765 1893 2021 2149 2277 2405 2533 2661 2790 2832 2835 28209 28224 28226 28230 28232 28235 28236 28241 28242 28244 28245 28248 28249 28251 28252 28256 28322 28838 28846 28853 28854 28890 28898 28914 28917 35954 38523 39325 39445 39564 42770 42794 43168 43762 43768 43776 43779
NODE_NUM = 96
FILE aes_secworks_sub_265.aig

# Subcircuit 266
SUB_ID 266
LO (20):  28890 28898 28914 28917 28930 28938 28980 28988 39008 42653 42770 42904 42925 43879 43918 44035 44752 44771 45552 45651
LI (60):  128 138 256 257 1126 1254 1382 1510 1638 1766 1894 2022 2150 2278 2406 2534 2662 2791 2834 2837 28209 28224 28226 28230 28232 28235 28236 28241 28242 28244 28245 28248 28249 28251 28252 28256 28322 28897 28905 28912 28913 28952 28960 28976 28979 36676 39005 39185 39445 39564 42611 42614 42650 42922 43861 43876 43915 44032 44749 44768
NODE_NUM = 98
FILE aes_secworks_sub_266.aig

# Subcircuit 267
SUB_ID 267
LO (18):  28952 28960 28976 28979 28992 28994 29000 29042 29050 29488 39185 39193 39572 43021 43042 43957 44785 44822
LI (75):  130 132 138 258 259 700 1127 1255 1383 1511 1639 1767 1895 2023 2151 2279 2407 2535 2663 2792 2836 2839 7207 11442 28209 28224 28226 28230 28232 28235 28236 28241 28242 28244 28245 28248 28249 28251 28252 28256 28293 28322 28959 28967 28974 28975 29014 29022 29038 29041 29481 35954 36676 36679 36696 39092 39182 39187 39192 39325 39484 39561 39564 39566 39571 42608 42773 43039 43954 44390 44782 44801 44810 44818 44821
NODE_NUM = 98
FILE aes_secworks_sub_267.aig

# Subcircuit 268
SUB_ID 268
LO (18):  29014 29022 29038 29041 29054 29056 29065 29101 29109 29113 29115 29118 29160 29168 39325 44818 44849 44855
LI (83):  54 56 132 260 261 262 1128 1129 1256 1257 1384 1385 1512 1513 1640 1641 1768 1769 1896 1897 2024 2025 2152 2153 2280 2281 2408 2409 2536 2537 2664 2665 2793 2794 2838 2840 2841 2843 7207 11560 11674 28209 28224 28226 28230 28232 28235 28236 28241 28242 28244 28245 28248 28249 28251 28252 28256 28322 29021 29029 29036 29037 29062 29080 29081 29088 29095 29096 29097 29132 29140 29156 29159 35954 36676 39322 42904 44390 44815 44834 44843 44851 44854
NODE_NUM = 98
FILE aes_secworks_sub_268.aig

# Subcircuit 269
SUB_ID 269
LO (14):  29132 29140 29156 29159 29172 29219 29227 29231 29236 29275 33441 39564 44654 44884
LI (80):  218 264 265 266 284 1130 1131 1258 1259 1386 1387 1514 1515 1642 1643 1770 1771 1898 1899 2026 2027 2154 2155 2282 2283 2410 2411 2538 2539 2666 2667 2795 2796 2842 2844 2845 2942 28209 28224 28226 28230 28232 28235 28236 28241 28242 28244 28245 28248 28249 28251 28252 28256 28293 28322 29139 29147 29154 29155 29198 29199 29206 29213 29214 29215 29247 29255 29271 29274 33434 35954 36676 39561 41407 44390 44633 44642 44650 44653 44881
NODE_NUM = 98
FILE aes_secworks_sub_269.aig

# Subcircuit 270
SUB_ID 270
LO (21):  29247 29255 29271 29274 29283 29287 29298 29337 29345 29721 29770 40524 40532 40678 41280 42198 42334 42623 43776 43810 44696
LI (73):  124 204 206 218 268 269 298 694 708 1132 1260 1388 1516 1644 1772 1900 2028 2156 2284 2412 2540 2668 2797 2846 2847 2849 28209 28224 28226 28230 28232 28235 28236 28241 28242 28244 28245 28248 28249 28251 28252 28256 28293 28322 29254 29262 29269 29270 29275 29309 29317 29333 29336 36676 36679 36696 40352 40433 40521 40526 40531 40584 40667 40670 40672 40677 41277 41279 42189 42195 42319 42331 43773
NODE_NUM = 100
FILE aes_secworks_sub_270.aig

# Subcircuit 271
SUB_ID 271
LO (19):  29309 29317 29333 29336 29349 29357 29396 29403 29404 29883 40670 42459 42489 42620 42650 43984 44729 44762 44861
LI (52):  206 270 271 288 1133 1261 1389 1517 1645 1773 1901 2029 2157 2285 2413 2541 2669 2798 2848 2851 28209 28224 28226 28230 28232 28235 28236 28241 28242 28244 28245 28248 28249 28251 28252 28256 28322 29316 29324 29331 29332 29368 29376 29392 29395 40840 41017 41396 42462 42486 42626 42647
NODE_NUM = 78
FILE aes_secworks_sub_271.aig

# Subcircuit 272
SUB_ID 272
LO (15):  29368 29376 29392 29395 29408 29419 29458 29466 29481 29888 29957 40840 40848 43893 45534
LI (75):  132 208 210 212 218 272 273 687 698 700 1134 1262 1390 1391 1518 1519 1646 1647 1774 1775 1902 1903 2030 2031 2158 2286 2414 2415 2542 2543 2670 2671 2799 2850 2853 28209 28224 28226 28230 28232 28235 28236 28241 28242 28244 28245 28248 28249 28251 28252 28256 28293 28322 28519 29375 29383 29390 29391 29437 29438 29445 29453 29454 29457 36676 36679 36696 40751 40837 40842 40847 43867 43890 45519 45528
NODE_NUM = 100
FILE aes_secworks_sub_272.aig

# Subcircuit 273
SUB_ID 273
LO (22):  29453 29457 29470 29520 29527 29528 41017 41025 41165 41404 41413 42186 42189 42319 42462 42794 43030 43759 44026 44795 45456 45654
LI (42):  274 275 1135 1263 2159 2287 2800 2852 2855 28209 28224 28248 28249 28251 28252 28256 28322 29452 29492 29500 29516 29519 36679 36696 40924 41014 41019 41024 41071 41154 41157 41159 41164 41277 41316 41393 41396 41398 41403 42183 42779 42791
NODE_NUM = 88
FILE aes_secworks_sub_273.aig

# Subcircuit 274
SUB_ID 274
LO (18):  29492 29500 29516 29519 29532 29540 29579 29586 29587 30060 41157 42626 42922 43789 43816 43825 43858 44828
LI (63):  212 276 277 294 1136 1264 1392 1520 1648 1776 1904 2032 2160 2288 2416 2544 2672 2801 2854 2857 28209 28224 28226 28230 28232 28235 28236 28241 28242 28244 28245 28248 28249 28251 28252 28256 28322 29499 29507 29514 29515 29551 29559 29575 29578 35954 40355 40524 41277 42620 42623 42919 43168 43786 43792 43804 43812 43815 43822 43834 43846 43854 43857
NODE_NUM = 92
FILE aes_secworks_sub_274.aig

# Subcircuit 275
SUB_ID 275
LO (16):  29551 29559 29575 29578 29591 29599 29638 29646 30120 41277 42779 43915 43954 44014 45574 45607
LI (66):  214 278 279 296 1137 1265 1393 1521 1649 1777 1905 2033 2161 2289 2417 2545 2673 2802 2856 2859 28209 28224 28226 28230 28232 28235 28236 28241 28242 28244 28245 28248 28249 28251 28252 28256 28322 29558 29566 29573 29574 29610 29618 29634 29637 30118 35954 36676 41017 41157 41274 42459 42620 42626 43168 43912 43951 44006 44007 44013 45552 45561 45570 45585 45594 45603
NODE_NUM = 96
FILE aes_secworks_sub_275.aig

# Subcircuit 276
SUB_ID 276
LO (19):  29610 29618 29634 29637 29650 29652 29658 29697 29705 29709 29711 29766 31657 33538 34793 35786 41396 42183 44049
LI (81):  104 198 202 216 280 281 282 298 1138 1139 1266 1267 1394 1395 1522 1523 1650 1651 1778 1779 1906 1907 2034 2035 2162 2163 2290 2291 2418 2419 2546 2547 2674 2675 2803 2858 2860 2861 3014 7207 7962 13430 28209 28224 28226 28230 28232 28235 28236 28241 28242 28244 28245 28248 28249 28251 28252 28256 28293 28322 28323 29617 29625 29632 29633 29676 29677 29684 29691 29692 29693 29762 29765 30238 31653 31656 33537 36676 40355 41393 44046
NODE_NUM = 100
FILE aes_secworks_sub_276.aig

# Subcircuit 277
SUB_ID 277
LO (20):  29762 41434 42167 42195 42306 42328 42331 42480 42483 42641 42894 43011 43127 43792 43831 44630 44666 45425 45465 45492
LI (22):  283 2804 2863 28209 28224 28256 28294 29723 29725 29733 29749 29752 36676 36679 41416 41419 41422 41425 42160 42299 42302 42304
NODE_NUM = 91
FILE aes_secworks_sub_277.aig

# Subcircuit 278
SUB_ID 278
LO (20):  29725 29733 29749 29752 29767 29812 29820 29826 29871 29879 31773 33657 35541 42302 42304 42433 42437 42471 42486 42638
LI (82):  285 287 1140 1141 1268 1269 1396 1397 1524 1525 1652 1653 1780 1781 1908 1909 2036 2037 2164 2165 2292 2293 2420 2421 2548 2549 2676 2677 2805 2806 2862 2864 2865 2867 7207 8847 9063 28209 28224 28226 28230 28232 28235 28236 28241 28242 28244 28245 28248 28249 28251 28252 28256 29732 29740 29747 29748 29791 29792 29799 29806 29807 29808 29843 29851 29867 29870 30238 31769 31772 32122 33653 33656 34006 35537 35540 36676 36679 41419 41422 42430 42483
NODE_NUM = 99
FILE aes_secworks_sub_278.aig

# Subcircuit 279
SUB_ID 279
LO (19):  29843 29851 29867 29870 29943 31831 33715 35599 42594 42598 42635 42647 42763 42788 42791 42916 44029 44765 45591
LI (66):  289 1142 1270 1398 1526 1654 1782 1910 2038 2166 2294 2422 2550 2678 2807 2866 2869 7207 9280 28209 28224 28226 28230 28232 28235 28236 28241 28242 28244 28245 28248 28249 28251 28252 28256 28294 28323 29850 29858 29865 29866 29900 29902 29910 29926 29929 29939 29942 30238 31827 31830 32122 33711 33714 34006 35595 35598 36676 36679 41419 42591 42638 42644 42756 42759 42761
NODE_NUM = 86
FILE aes_secworks_sub_279.aig

# Subcircuit 280
SUB_ID 280
LO (17):  29902 29910 29926 29929 29942 29944 29974 29989 29997 35657 42759 42761 43039 43912 44870 45561 45681
LI (74):  290 291 1143 1271 1399 1400 1527 1528 1655 1656 1783 1911 1912 2039 2040 2167 2295 2423 2424 2551 2552 2679 2680 2808 2868 2871 7207 9484 28209 28224 28226 28230 28232 28235 28236 28241 28242 28244 28245 28248 28249 28251 28252 28256 28322 29909 29917 29924 29925 29968 29969 29976 29984 29985 29988 34006 35653 35656 35954 36676 41419 41422 41425 42641 43030 44858 44861 45447 45558 45651 45654 45669 45677 45680
NODE_NUM = 100
FILE aes_secworks_sub_280.aig

# Subcircuit 281
SUB_ID 281
LO (17):  29976 29984 29988 30001 30003 30048 30056 33831 41425 42897 42919 43951 44006 44801 44834 45594 45640
LI (70):  292 293 1144 1272 1401 1529 1657 1784 1785 1913 2041 2168 2169 2296 2425 2553 2681 2809 2870 2873 7207 9675 28209 28224 28226 28230 28232 28235 28236 28241 28242 28244 28245 28248 28249 28251 28252 28256 28322 29974 29983 30027 30028 30035 30038 30042 30043 30044 30047 32122 33827 33830 35954 36676 41422 42635 42638 42788 42893 42894 42916 43981 43987 44002 44795 44828 45591 45618 45621 45636
NODE_NUM = 100
FILE aes_secworks_sub_281.aig

# Subcircuit 282
SUB_ID 282
LO (14):  30038 30042 30047 30062 30118 30121 30166 30174 32005 35831 41419 41422 43014 43130
LI (84):  136 294 295 297 704 1145 1146 1273 1274 1402 1403 1530 1531 1658 1786 1914 1915 2042 2043 2170 2297 2298 2426 2427 2554 2555 2682 2683 2810 2811 2872 2874 2875 2877 7207 9867 10057 28209 28224 28226 28230 28232 28235 28236 28241 28242 28244 28245 28248 28249 28251 28252 28256 28293 28294 28323 30065 30076 30086 30087 30094 30101 30102 30103 30107 30115 30116 30145 30146 30153 30161 30162 30165 30238 32001 32004 34006 35827 35830 36676 43010 43011 43126 43127
NODE_NUM = 100
FILE aes_secworks_sub_282.aig

# Subcircuit 283
SUB_ID 283
LO (27):  30153 30161 30165 30224 30232 36677 36753 36756 36769 36913 36920 37077 37080 37087 37250 37253 37256 37400 44074 44266 44942 45074 45702 45762 45795 45828 45894
LI (38):  171 1147 1275 1659 1787 2171 2299 2748 2876 2879 28209 28224 28244 28245 28248 28249 28251 28252 28256 30160 30196 30204 30220 30223 35931 35937 35954 36676 36750 36759 36762 36907 36910 37065 37071 37074 37244 37247
NODE_NUM = 100
FILE aes_secworks_sub_283.aig

# Subcircuit 284
SUB_ID 284
LO (17):  30196 30204 30220 30223 30244 30278 30289 30297 30672 30720 36862 36910 37074 43210 43405 44122 45744
LI (80):  173 236 238 250 1084 1212 1340 1341 1468 1469 1596 1597 1724 1725 1852 1853 1980 1981 2108 2109 2236 2364 2365 2492 2493 2620 2621 2749 2878 2881 28209 28224 28226 28230 28232 28235 28236 28241 28242 28244 28245 28248 28249 28251 28252 28256 28293 30203 30211 30218 30219 30268 30269 30276 30284 30285 30288 30668 35934 35940 35954 36676 36679 36857 37610 43168 43202 43204 43209 43397 43399 43404 44107 44118 44121 45447 45726 45729 45740 45743
NODE_NUM = 100
FILE aes_secworks_sub_284.aig

# Subcircuit 285
SUB_ID 285
LO (17):  30284 30288 30315 30347 30355 35944 35945 36759 36762 37008 37071 37247 43249 43444 44161 44987 45777
LI (53):  64 144 175 711 1085 1213 2237 2750 2880 2883 28209 28224 28249 28251 28252 28256 28293 30278 30283 30305 30319 30327 30343 30346 35928 35931 35934 35940 35954 36676 36679 36913 37003 37729 43168 43241 43243 43248 43436 43438 43443 44146 44157 44160 44390 44972 44983 44986 45447 45759 45762 45773 45776
NODE_NUM = 90
FILE aes_secworks_sub_285.aig

# Subcircuit 286
SUB_ID 286
LO (18):  30319 30327 30343 30346 30379 30411 30419 30443 30852 30900 37178 37241 37244 37528 37535 37645 44344 45140
LI (55):  177 240 242 244 250 1086 1214 1342 1470 1598 1726 1854 1982 2110 2238 2366 2494 2622 2751 2882 2885 28209 28224 28226 28230 28232 28235 28236 28241 28242 28244 28245 28248 28249 28251 28252 28256 28293 30326 30334 30341 30342 30375 30383 30391 30407 30410 30439 30848 35931 35937 35954 36676 37397 37525
NODE_NUM = 84
FILE aes_secworks_sub_286.aig

# Subcircuit 287
SUB_ID 287
LO (16):  30383 30391 30407 30410 30439 30475 30483 37355 37397 37407 43327 43362 44239 45053 45843 45864
LI (73):  68 148 179 228 1087 1215 1343 1471 1599 1727 1855 1983 2111 2239 2367 2495 2623 2752 2884 2887 28209 28224 28226 28230 28232 28235 28236 28241 28242 28244 28245 28248 28249 28251 28252 28256 30390 30398 30405 30406 30430 30447 30455 30471 30474 35937 35954 36676 36679 37247 37250 37253 37350 37394 37400 37490 43168 43319 43321 43326 43360 44224 44235 44238 44390 45038 45049 45052 45447 45825 45828 45839 45842
NODE_NUM = 99
FILE aes_secworks_sub_287.aig

# Subcircuit 288
SUB_ID 288
LO (14):  30447 30455 30471 30474 30501 30533 30541 30555 31492 35937 35940 37495 44921 45729
LI (75):  70 72 150 152 181 230 232 701 1088 1089 1216 1217 1344 1345 1472 1473 1600 1601 1728 1729 1856 1857 1984 1985 2112 2113 2240 2241 2368 2369 2496 2497 2624 2625 2753 2886 2888 2889 28209 28224 28226 28230 28232 28235 28236 28241 28242 28244 28245 28248 28249 28251 28252 28256 28293 30454 30462 30469 30470 30491 30512 30513 30520 30527 30528 30529 35934 35954 36676 36753 36756 44390 44906 44917 44920
NODE_NUM = 100
FILE aes_secworks_sub_288.aig

# Subcircuit 289
SUB_ID 289
LO (11):  30559 30591 30599 30613 35934 37615 37652 44317 45119 45909 45942
LI (69):  74 154 183 703 1090 1218 1346 1474 1602 1730 1858 1986 2114 2242 2370 2498 2626 2754 2890 2891 28209 28224 28226 28230 28232 28235 28236 28241 28242 28244 28245 28248 28249 28251 28252 28256 28293 30555 30570 30571 30578 30585 30586 30587 30607 35931 35954 36676 37244 37397 37528 37642 37645 43168 44302 44313 44316 44390 45104 45115 45118 45447 45891 45894 45905 45908 45924 45938 45941
NODE_NUM = 98
FILE aes_secworks_sub_289.aig

# Subcircuit 290
SUB_ID 290
LO (16):  30662 30668 30704 30712 35886 35892 35928 35931 37020 37023 37065 37504 37734 44894 45089 45708
LI (65):  74 185 186 187 705 1091 1219 1347 1475 1603 1731 1859 1987 2115 2243 2371 2499 2627 2755 2756 2892 2893 2895 28209 28224 28226 28230 28232 28235 28236 28241 28242 28244 28245 28248 28249 28251 28252 28256 28293 28294 28696 30237 30238 30613 30618 30628 30629 30636 30643 30644 30645 30649 30657 30665 30676 30684 30700 30703 35889 35925 36676 36874 37017 37062
NODE_NUM = 99
FILE aes_secworks_sub_290.aig

# Subcircuit 291
SUB_ID 291
LO (24):  30676 30684 30700 30703 30716 30723 30765 30772 30773 31142 31203 36702 36708 36750 37190 37193 37260 43514 43626 43665 43704 44320 45122 45912
LI (64):  60 62 74 188 189 709 711 1092 1220 1348 1476 1604 1732 1860 1988 2116 2244 2372 2500 2628 2757 2894 2897 28209 28224 28226 28230 28232 28235 28236 28241 28242 28244 28245 28248 28249 28251 28252 28256 28293 30237 30683 30691 30698 30699 30737 30745 30761 30764 31135 31196 35889 35954 36679 36705 36708 36747 37187 37235 37256 38689 43168 43508 43510
NODE_NUM = 100
FILE aes_secworks_sub_291.aig

# Subcircuit 292
SUB_ID 292
LO (20):  30737 30745 30761 30764 30777 30787 30823 30830 30831 31772 36871 36907 37364 37367 37394 43555 43750 44107 44960 45684
LI (65):  62 144 190 191 224 1093 1221 1349 1477 1605 1733 1861 1989 2117 2245 2373 2501 2629 2758 2896 2899 28209 28224 28226 28230 28232 28235 28236 28241 28242 28244 28245 28248 28249 28251 28252 28256 30237 30744 30752 30759 30760 30795 30803 30819 30822 35889 36679 36702 36705 36708 36874 36877 36904 37391 38835 39561 43168 43547 43549 43554 43742 43744 43749 44104
NODE_NUM = 96
FILE aes_secworks_sub_292.aig

# Subcircuit 293
SUB_ID 293
LO (15):  30795 30803 30819 30822 30835 30848 30884 30892 30903 31322 37017 43594 44200 45020 45810
LI (76):  64 66 74 192 193 715 1094 1222 1350 1478 1606 1734 1862 1990 2118 2246 2374 2375 2502 2503 2630 2631 2759 2898 2901 28209 28224 28226 28230 28232 28235 28236 28241 28242 28244 28245 28248 28249 28251 28252 28256 28293 30237 30802 30810 30817 30818 30845 30863 30864 30880 30883 31315 35954 36676 36679 39005 43168 43586 43588 43593 44164 44182 44188 44196 44199 44390 44990 45002 45008 45016 45019 45447 45802 45803 45809
NODE_NUM = 100
FILE aes_secworks_sub_293.aig

# Subcircuit 294
SUB_ID 294
LO (18):  30863 30880 30883 30896 30945 30952 30953 37187 37525 37642 44224 44278 44302 45038 45071 45813 45846 45879
LI (55):  194 195 1095 1223 1351 1479 1607 1735 1863 1991 2119 2247 2760 2900 2903 28209 28224 28235 28236 28241 28242 28244 28245 28248 28249 28251 28252 28256 30237 30871 30878 30879 30917 30925 30941 30944 35889 35954 36705 36874 37367 37504 37522 37639 43168 44203 44221 44260 44266 44274 44277 44299 45023 45035 45068
NODE_NUM = 100
FILE aes_secworks_sub_294.aig

# Subcircuit 295
SUB_ID 295
LO (17):  30917 30925 30941 30944 30957 31003 31011 31015 31061 31069 35889 36705 44125 44146 45104 45876 45903
LI (78):  196 197 198 199 1096 1097 1224 1225 1352 1353 1480 1481 1608 1609 1736 1737 1864 1865 1992 1993 2120 2121 2248 2249 2376 2377 2504 2505 2632 2633 2761 2762 2902 2904 2905 2907 28209 28224 28226 28230 28232 28235 28236 28241 28242 28244 28245 28248 28249 28251 28252 28256 30237 30924 30932 30939 30940 30982 30983 30990 30997 30998 30999 31033 31041 31057 31060 35886 36676 36871 39322 44143 45089 45101 45447 45868 45869 45875
NODE_NUM = 98
FILE aes_secworks_sub_295.aig

# Subcircuit 296
SUB_ID 296
LO (13):  31033 31041 31057 31060 31073 31087 31119 31127 32062 36874 44356 45152 45938
LI (80):  72 154 200 201 234 248 250 1098 1226 1354 1355 1482 1483 1610 1611 1738 1739 1866 1867 1994 1995 2122 2123 2250 2378 2379 2506 2507 2634 2635 2763 2906 2909 28209 28224 28226 28230 28232 28235 28236 28241 28242 28244 28245 28248 28249 28251 28252 28256 28293 30237 31040 31048 31055 31056 31083 31098 31099 31106 31109 31113 31114 31115 31118 35954 36676 39561 43168 44320 44338 44344 44352 44355 44390 45122 45134 45140 45148 45151 45935
NODE_NUM = 100
FILE aes_secworks_sub_296.aig

# Subcircuit 297
SUB_ID 297
LO (24):  31109 31113 31118 31131 31135 31174 31181 31182 31656 35895 35925 36747 36904 37032 37035 37202 37205 44098 44134 44897 44930 44963 45717 45750
LI (29):  154 202 203 220 1099 1227 2251 2764 2908 2911 28209 28224 28249 28251 28252 28256 30237 31146 31154 31170 31173 35898 35904 35922 36714 36717 36744 36883 36901
NODE_NUM = 89
FILE aes_secworks_sub_297.aig

# Subcircuit 298
SUB_ID 298
LO (15):  31146 31154 31170 31173 31186 31196 31224 31235 31243 31653 31670 31714 36714 43812 44954
LI (78):  60 62 140 142 154 204 205 222 234 709 711 1100 1228 1356 1357 1484 1485 1612 1613 1740 1741 1868 1869 1996 1997 2124 2125 2252 2380 2381 2508 2509 2636 2637 2765 2910 2913 28209 28224 28226 28230 28232 28235 28236 28241 28242 28244 28245 28248 28249 28251 28252 28256 28293 28294 30182 30237 31153 31161 31168 31169 31214 31215 31222 31230 31231 31234 31613 31644 31652 36676 36679 40521 43810 44390 44946 44947 44953
NODE_NUM = 100
FILE aes_secworks_sub_298.aig

# Subcircuit 299
SUB_ID 299
LO (15):  31230 31234 31247 31293 31301 31305 31315 31383 31827 31830 31837 31888 36883 43854 44983
LI (70):  66 144 146 148 154 206 207 208 226 228 701 715 1101 1102 1229 1230 1358 1486 1614 1742 1870 1998 2126 2253 2254 2382 2510 2638 2766 2912 2914 2915 28209 28224 28226 28230 28232 28235 28236 28241 28242 28244 28245 28248 28249 28251 28252 28256 28293 28294 30237 30366 30430 31224 31229 31272 31273 31280 31287 31288 31289 31370 31787 31818 31826 36676 36679 40667 43852 44980
NODE_NUM = 98
FILE aes_secworks_sub_299.aig

# Subcircuit 300
SUB_ID 300
LO (25):  31354 31361 31362 35904 37029 37062 37373 37391 37522 37639 43890 43932 43971 44007 44046 44059 44251 44290 44329 45062 45095 45128 45849 45882 45915
LI (25):  209 2767 2917 28209 28224 28256 31326 31334 31350 31353 35898 35901 36679 36717 37041 37059 37199 37205 37388 37519 37636 41014 41154 43930 43969
NODE_NUM = 100
FILE aes_secworks_sub_300.aig

# Subcircuit 301
SUB_ID 301
LO (16):  31326 31334 31350 31353 31366 31415 31423 31427 31473 31481 37199 37235 44221 45049 45080 45825
LI (76):  210 211 212 1103 1104 1231 1232 1359 1360 1487 1488 1615 1616 1743 1744 1871 1872 1999 2000 2127 2128 2255 2256 2383 2384 2511 2512 2639 2640 2768 2769 2916 2918 2919 2921 28209 28224 28226 28230 28232 28235 28236 28241 28242 28244 28245 28248 28249 28251 28252 28256 30237 31333 31341 31348 31349 31394 31395 31402 31409 31410 31411 31445 31453 31469 31472 36676 37208 37211 37232 41014 44209 44218 45046 45813 45819
NODE_NUM = 98
FILE aes_secworks_sub_301.aig

# Subcircuit 302
SUB_ID 302
LO (15):  31445 31453 31469 31472 31485 31531 31539 31543 31557 31589 31597 35898 36717 45115 45148
LI (82):  72 74 152 214 215 216 217 234 707 1105 1106 1233 1234 1361 1362 1489 1490 1617 1618 1745 1746 1873 1874 2001 2002 2129 2130 2257 2258 2385 2386 2387 2513 2514 2515 2641 2642 2643 2770 2771 2920 2922 2923 2925 28209 28224 28226 28230 28232 28235 28236 28241 28242 28244 28245 28248 28249 28251 28252 28256 28293 30237 31452 31460 31467 31468 31510 31511 31518 31525 31526 31527 31550 31568 31569 31585 31588 36676 41274 41393 45112 45145
NODE_NUM = 100
FILE aes_secworks_sub_302.aig

# Subcircuit 303
SUB_ID 303
LO (23):  31568 31585 31588 31601 31644 31651 31652 35910 35922 36732 36744 37053 37059 37220 37229 37516 44065 44101 44900 44933 44999 45690 45720
LI (44):  218 219 1107 1235 1363 1491 1619 1747 1875 2003 2131 2259 2772 2924 2927 28209 28224 28235 28236 28241 28242 28244 28245 28248 28249 28251 28252 28256 30237 31576 31583 31584 31616 31624 31640 31643 35913 35916 35919 36729 36738 37047 37050 37226
NODE_NUM = 87
FILE aes_secworks_sub_303.aig

# Subcircuit 304
SUB_ID 304
LO (22):  31616 31624 31640 31643 31702 31710 36729 36738 36901 37226 37382 44118 44143 44157 44176 44179 44215 44271 44310 44966 45065 45753
LI (54):  221 1108 1236 1364 1492 1620 1748 1876 2004 2132 2260 2388 2516 2644 2773 2926 2929 28209 28224 28226 28230 28232 28235 28236 28241 28242 28244 28245 28248 28249 28251 28252 28256 31623 31631 31638 31639 31674 31682 31698 31701 35916 36676 36679 36735 36892 36895 37050 37053 42299 42430 44134 44137 44155
NODE_NUM = 88
FILE aes_secworks_sub_304.aig

# Subcircuit 305
SUB_ID 305
LO (14):  31674 31682 31698 31701 31769 31818 31826 36892 37047 37050 44155 44196 44352 45786
LI (78):  223 225 713 1109 1110 1237 1238 1365 1366 1493 1494 1621 1622 1749 1750 1877 1878 2005 2006 2133 2134 2261 2262 2389 2390 2517 2518 2645 2646 2774 2775 2928 2930 2931 2933 28209 28224 28226 28230 28232 28235 28236 28241 28242 28244 28245 28248 28249 28251 28252 28256 28293 28294 31681 31689 31696 31697 31724 31729 31739 31740 31747 31754 31755 31756 31760 31768 31790 31798 31814 31817 35913 36676 36679 42591 43126 44176 44350
NODE_NUM = 98
FILE aes_secworks_sub_305.aig

# Subcircuit 306
SUB_ID 306
LO (19):  31790 31798 31814 31817 31844 31876 31884 36895 37217 37232 37388 37636 44137 44235 44260 44335 45131 45852 45918
LI (56):  68 227 701 1111 1239 1367 1495 1623 1751 1879 2007 2135 2263 2391 2519 2647 2776 2932 2935 28209 28224 28226 28230 28232 28235 28236 28241 28242 28244 28245 28248 28249 28251 28252 28256 28293 31797 31805 31812 31813 31837 31848 31856 31872 31875 35913 35916 36676 36679 36732 36735 37229 37382 42756 44251 44254
NODE_NUM = 90
FILE aes_secworks_sub_306.aig

# Subcircuit 307
SUB_ID 307
LO (13):  31848 31856 31872 31875 31934 31942 31946 31992 32001 35916 44274 44299 44311
LI (78):  72 229 230 705 1112 1113 1240 1241 1368 1369 1496 1497 1624 1625 1752 1753 1880 1881 2008 2009 2136 2137 2264 2265 2392 2393 2520 2521 2648 2649 2777 2778 2934 2936 2937 2939 28209 28224 28226 28230 28232 28235 28236 28241 28242 28244 28245 28248 28249 28251 28252 28256 28293 28294 30237 31855 31863 31870 31871 31913 31914 31921 31928 31929 31930 31953 31961 31964 31972 31988 31991 31992 32000 36676 42893 44271 44290 44293
NODE_NUM = 95
FILE aes_secworks_sub_307.aig

# Subcircuit 308
SUB_ID 308
LO (18):  31964 31972 31988 31991 32004 32050 32058 32108 32116 35913 37788 37804 38585 38594 43155 43161 44350 45963
LI (72):  107 232 233 1114 1115 1242 1243 1370 1371 1498 1499 1626 1627 1754 1755 1882 1883 2010 2011 2138 2139 2266 2267 2394 2395 2522 2523 2650 2651 2716 2779 2938 2940 2941 2944 28209 28224 28226 28230 28232 28235 28236 28241 28242 28244 28245 28248 28249 28251 28252 28256 30237 31971 31979 31986 31987 32029 32030 32037 32044 32045 32046 32080 32088 32104 32107 35954 36676 37785 37791 37797 38591
NODE_NUM = 96
FILE aes_secworks_sub_308.aig

# Subcircuit 309
SUB_ID 309
LO (19):  32080 32088 32104 32107 32124 32128 32173 32180 32181 32601 32604 38582 38591 38601 38752 39079 39082 45206 45239
LI (63):  108 109 172 174 186 1052 1180 1308 1436 1564 1692 1820 1948 2076 2204 2332 2460 2588 2717 2943 2946 28209 28224 28226 28230 28232 28235 28236 28241 28242 28244 28245 28248 28249 28251 28252 28256 28293 28294 28755 32087 32095 32102 32103 32121 32122 32145 32153 32169 32172 32552 32557 32588 32596 32600 35954 37794 38579 38588 38594 38736 38739 38742
NODE_NUM = 89
FILE aes_secworks_sub_309.aig

# Subcircuit 310
SUB_ID 310
LO (18):  32145 32153 32169 32172 32186 32199 32231 32238 32239 38739 38906 38919 39076 39092 43390 45272 45305 45404
LI (57):  80 110 111 256 1053 1181 1309 1437 1565 1693 1821 1949 2077 2205 2333 2461 2589 2718 2945 2947 2949 28209 28224 28226 28230 28232 28235 28236 28241 28242 28244 28245 28248 28249 28251 28252 28256 28293 32121 32152 32160 32167 32168 32184 32189 32203 32211 32227 32230 35954 37791 38900 38903 38909 39070 39073 39082
NODE_NUM = 87
FILE aes_secworks_sub_310.aig

# Subcircuit 311
SUB_ID 311
LO (15):  32203 32211 32227 32230 32243 32263 32295 32303 32327 32781 32784 38903 43288 44492 46071
LI (78):  82 112 113 176 178 180 186 258 1054 1182 1310 1438 1566 1694 1822 1950 2078 2206 2334 2462 2590 2591 2719 2948 2951 28209 28224 28226 28230 28232 28235 28236 28241 28242 28244 28245 28248 28249 28251 28252 28256 28293 28294 28932 32121 32122 32210 32218 32225 32226 32253 32259 32275 32291 32294 32323 32732 32737 32768 32776 32780 35954 36676 36679 37173 43168 43273 43280 43281 43287 44390 44484 44486 44491 45447 46056 46067 46070
NODE_NUM = 100
FILE aes_secworks_sub_311.aig

# Subcircuit 312
SUB_ID 312
LO (21):  32275 32291 32294 32307 32323 32359 32366 32367 33772 37797 38742 38909 39073 39239 39484 43195 43198 43234 43432 45338 46191
LI (53):  84 114 115 164 260 1055 1183 1311 1439 1567 1695 1823 1951 2079 2207 2335 2463 2720 2950 2953 28209 28224 28230 28232 28235 28236 28241 28242 28244 28245 28248 28249 28251 28252 28256 32121 32274 32282 32289 32290 32314 32331 32339 32355 32358 35954 37791 37794 38585 38588 39226 39229 39474
NODE_NUM = 97
FILE aes_secworks_sub_312.aig

# Subcircuit 313
SUB_ID 313
LO (17):  32331 32339 32355 32358 32385 32417 32425 37794 39367 43360 43397 44393 44558 44591 45185 45371 46158
LI (71):  86 117 262 1056 1184 1312 1440 1568 1696 1824 1952 2080 2208 2336 2464 2592 2721 2952 2954 2956 28209 28224 28226 28230 28232 28235 28236 28241 28242 28244 28245 28248 28249 28251 28252 28256 28293 32338 32346 32353 32354 32375 32389 32397 32413 32416 35954 36675 36676 36679 37490 37610 37788 38588 39076 39357 43387 43390 44381 44383 44390 44392 44550 44552 44557 44583 44585 44590 45170 45181 45184
NODE_NUM = 99
FILE aes_secworks_sub_313.aig

# Subcircuit 314
SUB_ID 314
LO (15):  32389 32397 32413 32416 32429 32443 32475 32483 38588 39229 43319 43366 43399 46104 46137
LI (70):  88 118 119 264 1057 1185 1313 1441 1569 1697 1825 1953 2081 2209 2337 2338 2465 2466 2593 2594 2722 2955 2957 2959 28209 28224 28226 28230 28232 28235 28236 28241 28242 28244 28245 28248 28249 28251 28252 28256 28293 32121 32396 32404 32411 32412 32433 32454 32455 32471 32474 35954 36676 37794 38906 39073 39076 39082 43168 43309 43348 43362 43365 45447 46089 46100 46103 46122 46133 46136
NODE_NUM = 100
FILE aes_secworks_sub_314.aig

# Subcircuit 315
SUB_ID 315
LO (16):  32454 32471 32474 32487 32501 32533 32541 32545 32552 32588 32971 33888 33946 37791 43438 44624
LI (77):  90 120 121 122 168 170 264 266 1058 1059 1186 1187 1314 1315 1442 1443 1570 1571 1698 1699 1826 1827 1954 1955 2082 2083 2210 2211 2339 2467 2595 2723 2724 2958 2960 2961 2962 28209 28224 28226 28230 28232 28235 28236 28241 28242 28244 28245 28248 28249 28251 28252 28256 28293 32121 32462 32469 32470 32512 32513 32520 32527 32528 32529 32549 32560 32568 32584 32587 32961 36676 36679 37729 44390 44616 44618 44623
NODE_NUM = 99
FILE aes_secworks_sub_315.aig

# Subcircuit 316
SUB_ID 316
LO (20):  32560 32568 32584 32587 32596 32600 32607 32649 32657 33026 33087 38525 38694 38703 38736 38855 38861 38900 39025 46041
LI (60):  124 125 252 254 266 1060 1188 1316 1444 1572 1700 1828 1956 2084 2212 2340 2468 2596 2725 2947 2963 2964 2966 2979 28209 28224 28226 28230 28232 28235 28236 28241 28242 28244 28245 28248 28249 28251 28252 28256 28293 32121 32567 32575 32582 32583 32588 32621 32629 32645 32648 33019 33080 36676 37746 38706 38733 38852 38858 38897
NODE_NUM = 88
FILE aes_secworks_sub_316.aig

# Subcircuit 317
SUB_ID 317
LO (16):  32621 32629 32645 32648 32661 32671 32707 32715 33656 38840 38852 43241 44723 44881 45251 46038
LI (74):  80 126 127 160 254 1061 1189 1317 1445 1573 1701 1829 1830 1957 1958 2085 2213 2341 2342 2469 2470 2597 2598 2726 2965 2968 28209 28224 28226 28230 28232 28235 28236 28241 28242 28244 28245 28248 28249 28251 28252 28256 32121 32628 32636 32643 32644 32686 32687 32703 32706 35954 36676 36679 37743 38540 38706 38835 43228 43237 44390 44715 44717 44722 45233 45239 45247 45250 45447 46008 46020 46026 46034 46037
NODE_NUM = 100
FILE aes_secworks_sub_317.aig

# Subcircuit 318
SUB_ID 318
LO (20):  32703 32706 32720 32732 32768 32776 32787 33206 33267 33714 39010 39019 39022 39070 39199 39226 39336 43408 45287 46107
LI (54):  82 128 129 162 256 258 260 266 1062 1190 1318 1446 1574 1702 2086 2214 2727 2954 2967 2970 2987 28209 28224 28241 28242 28244 28245 28248 28249 28251 28252 28256 28293 28873 32121 32122 32694 32701 32702 32716 32729 32740 32748 32764 32767 33199 33260 36676 37743 39025 39031 39067 39196 39223
NODE_NUM = 97
FILE aes_secworks_sub_318.aig

# Subcircuit 319
SUB_ID 319
LO (21):  32740 32748 32764 32767 32780 32829 32837 37752 37785 38540 38543 38579 38706 38858 39187 39196 39474 45386 45945 45978 46176
LI (51):  130 131 1063 1191 1319 1447 1575 1703 1831 1959 2087 2215 2343 2471 2599 2728 2969 2972 28209 28224 28226 28230 28232 28235 28236 28241 28242 28244 28245 28248 28249 28251 28252 28256 32121 32747 32755 32762 32763 32801 32809 32825 32828 36676 37743 37746 37749 37782 38537 38576 39471
NODE_NUM = 90
FILE aes_secworks_sub_319.aig

# Subcircuit 320
SUB_ID 320
LO (21):  32801 32809 32825 32828 32841 32851 32887 32895 33830 37749 39028 39031 39327 39357 43171 43309 43348 44650 44782 44815 45348
LI (69):  86 132 133 166 260 1064 1192 1320 1448 1576 1704 1832 1960 2088 2216 2344 2472 2600 2729 2971 2974 28209 28224 28226 28230 28232 28235 28236 28241 28242 28244 28245 28248 28249 28251 28252 28256 32121 32808 32816 32823 32824 32859 32867 32883 32886 35954 36676 36679 38520 38534 38855 39025 39196 39199 39336 39354 43149 43155 43163 43168 43170 43306 43345 44390 44648 45332 45338 45346
NODE_NUM = 100
FILE aes_secworks_sub_320.aig

# Subcircuit 321
SUB_ID 321
LO (14):  32859 32867 32883 32886 32899 32945 32953 32957 37746 39447 43387 44851 45383 46170
LI (79):  134 135 136 1065 1066 1193 1194 1321 1322 1449 1450 1577 1578 1705 1706 1833 1834 1961 1962 2089 2090 2217 2218 2345 2346 2473 2474 2601 2602 2730 2973 2975 2976 28209 28224 28226 28230 28232 28235 28236 28241 28242 28244 28245 28248 28249 28251 28252 28256 32121 32866 32874 32881 32882 32924 32925 32932 32939 32940 32941 35954 36676 36679 39022 39336 39442 43384 44390 44849 45365 45371 45379 45382 45447 46140 46152 46158 46166 46169
NODE_NUM = 99
FILE aes_secworks_sub_321.aig

# Subcircuit 322
SUB_ID 322
LO (21):  32961 33003 33011 33015 33019 33058 33066 33541 37743 37758 37764 37782 38537 38870 38873 38897 39342 39566 45161 45356 45969
LI (60):  90 137 138 139 156 184 186 1067 1195 1323 1451 1579 1707 1835 1963 2091 2219 2347 2475 2603 2731 2732 2977 2978 2981 28209 28224 28226 28230 28232 28235 28236 28241 28242 28244 28245 28248 28249 28251 28252 28256 32121 32982 32983 32990 32997 32998 32999 33030 33038 33054 33057 33539 36676 37761 37779 38534 38715 38867 38894
NODE_NUM = 94
FILE aes_secworks_sub_322.aig

# Subcircuit 323
SUB_ID 323
LO (17):  33030 33038 33054 33057 33070 33080 33119 33126 33127 33537 33554 33598 38549 38555 38576 39040 39043
LI (62):  76 78 90 140 141 158 170 252 254 1068 1196 1324 1452 1580 1708 1836 1964 2092 2220 2348 2476 2604 2733 2947 2979 2980 2983 28209 28224 28226 28230 28232 28235 28236 28241 28242 28244 28245 28248 28249 28251 28252 28256 28293 28294 32066 32121 33037 33045 33052 33053 33091 33099 33115 33118 33497 33528 33536 37761 38552 38555 38573
NODE_NUM = 89
FILE aes_secworks_sub_323.aig

# Subcircuit 324
SUB_ID 324
LO (19):  33091 33099 33115 33118 33131 33145 33177 33184 33185 38712 38733 39205 39208 39223 43202 43219 45227 45951 46014
LI (61):  142 143 254 256 1069 1197 1325 1453 1581 1709 1837 1965 2093 2221 2349 2477 2605 2734 2982 2984 2986 28209 28224 28226 28230 28232 28235 28236 28241 28242 28244 28245 28248 28249 28251 28252 28256 28293 32121 33098 33106 33113 33114 33138 33149 33157 33173 33176 35954 37761 38549 38552 38555 38715 38718 38730 39220 43174 43186 43198 43216
NODE_NUM = 100
FILE aes_secworks_sub_324.aig

# Subcircuit 325
SUB_ID 325
LO (15):  33149 33157 33173 33176 33189 33199 33238 33245 33246 33260 33711 33728 38867 43280 45016
LI (68):  80 82 84 90 144 145 162 164 258 260 1070 1198 1326 1454 1582 1710 1838 1966 2094 2222 2350 2478 2606 2735 2954 2985 2987 2989 28209 28224 28226 28230 28232 28235 28236 28241 28242 28244 28245 28248 28249 28251 28252 28256 28293 28294 32121 32250 32314 33156 33164 33171 33172 33210 33218 33234 33237 33671 33702 33710 35954 36679 40837 43252 43255 43264 43276 45014
NODE_NUM = 98
FILE aes_secworks_sub_325.aig

# Subcircuit 326
SUB_ID 326
LO (20):  33210 33218 33234 33237 33250 33299 33306 33307 39037 39067 39354 39471 43306 43384 43414 45293 45392 46080 46146 46179
LI (54):  146 147 1071 1199 1327 1455 1583 1711 1839 1967 2095 2223 2351 2479 2607 2736 2988 2991 28209 28224 28226 28230 28232 28235 28236 28241 28242 28244 28245 28248 28249 28251 28252 28256 32121 33217 33225 33232 33233 33271 33279 33295 33298 37761 38552 38715 39043 39064 39342 39351 39468 43294 43303 43381
NODE_NUM = 98
FILE aes_secworks_sub_326.aig

# Subcircuit 327
SUB_ID 327
LO (15):  33271 33279 33295 33298 33311 33318 33357 33365 33369 33383 37761 43345 45086 45332 46133
LI (81):  84 86 148 149 150 166 168 262 264 1072 1073 1200 1201 1328 1329 1456 1457 1584 1585 1712 1713 1840 1841 1968 1969 2096 2097 2224 2225 2352 2353 2480 2481 2608 2609 2737 2960 2990 2992 2993 28209 28224 28226 28230 28232 28235 28236 28241 28242 28244 28245 28248 28249 28251 28252 28256 28293 32121 33278 33286 33293 33294 33336 33337 33344 33351 33352 33353 33376 36676 36679 41154 43333 43342 44390 45078 45080 45085 45323 45329 46130
NODE_NUM = 100
FILE aes_secworks_sub_327.aig

# Subcircuit 328
SUB_ID 328
LO (15):  33415 33423 33427 33434 33473 33481 38552 38715 43216 44917 45112 45145 45365 46166 46203
LI (80):  88 151 152 153 170 1074 1075 1202 1203 1330 1331 1458 1459 1586 1587 1714 1715 1842 1843 1970 1971 2098 2099 2226 2227 2354 2355 2482 2483 2610 2611 2738 2739 2994 2995 2997 28209 28224 28226 28230 28232 28235 28236 28241 28242 28244 28245 28248 28249 28251 28252 28256 32121 33394 33395 33402 33409 33410 33411 33452 33453 33460 33467 33468 33469 33472 36676 36679 37758 40352 41274 41393 44915 45356 45362 45447 46163 46195 46196 46202
NODE_NUM = 100
FILE aes_secworks_sub_328.aig

# Subcircuit 329
SUB_ID 329
LO (20):  33472 33485 33528 33535 33536 37767 37779 38573 38730 38882 38885 39052 39055 43186 43225 45164 45197 45230 45984 46017
LI (18):  154 155 2740 2996 2999 28209 28224 28256 32121 33500 33508 33524 33527 37770 37776 38561 38564 38724
NODE_NUM = 72
FILE aes_secworks_sub_329.aig

# Subcircuit 330
SUB_ID 330
LO (12):  33500 33508 33524 33527 33539 33586 33594 33653 38561 38724 45218 45247
LI (83):  157 159 1076 1077 1204 1205 1332 1333 1460 1461 1588 1589 1716 1717 1844 1845 1972 1973 2100 2101 2228 2229 2356 2357 2358 2484 2485 2612 2613 2614 2741 2742 2984 2998 3000 3001 3003 28209 28224 28226 28230 28232 28235 28236 28241 28242 28244 28245 28248 28249 28251 28252 28256 28293 28294 32122 33507 33515 33522 33523 33538 33565 33566 33573 33580 33581 33582 33608 33613 33619 33623 33624 33640 33643 33644 33652 36676 36679 42299 42430 44390 45210 45217
NODE_NUM = 100
FILE aes_secworks_sub_330.aig

# Subcircuit 331
SUB_ID 331
LO (24):  33619 33623 33640 33643 33702 33709 33710 37776 38879 38894 39214 39220 39351 39468 43143 43342 43381 43420 45329 45362 45395 46116 46149 46182
LI (42):  161 1078 1206 1334 1462 1590 1718 1846 1974 2102 2230 2486 2743 3002 3005 28209 28224 28232 28235 28236 28241 28242 28244 28245 28248 28249 28251 28252 28256 33631 33638 33639 33674 33682 33698 33701 37770 37773 38564 38891 39049 39055
NODE_NUM = 99
FILE aes_secworks_sub_331.aig

# Subcircuit 332
SUB_ID 332
LO (15):  33674 33682 33698 33701 33760 33768 33818 33827 37773 39049 39064 43303 45317 45345 46089
LI (76):  163 165 1079 1080 1207 1208 1335 1336 1463 1464 1591 1592 1719 1720 1847 1848 1975 1976 2103 2104 2231 2232 2359 2360 2487 2488 2615 2616 2744 2745 3004 3006 3007 3009 28209 28224 28226 28230 28232 28235 28236 28241 28242 28244 28245 28248 28249 28251 28252 28256 33681 33689 33696 33697 33739 33740 33747 33754 33755 33756 33790 33798 33814 33817 33822 36676 36679 39058 39061 42756 43300 44390 45309 45316 46077 46080
NODE_NUM = 100
FILE aes_secworks_sub_332.aig

# Subcircuit 333
SUB_ID 333
LO (13):  33790 33798 33814 33817 33844 33876 33884 33934 33942 37770 38564 45379 45416
LI (79):  166 167 169 264 1081 1082 1209 1210 1337 1338 1465 1466 1593 1594 1721 1722 1849 1850 1977 1978 2105 2106 2233 2234 2361 2362 2363 2489 2490 2491 2617 2618 2619 2746 2747 2960 3008 3010 3011 3013 28209 28224 28226 28230 28232 28235 28236 28241 28242 28244 28245 28248 28249 28251 28252 28256 28293 33797 33805 33812 33813 33834 33855 33856 33863 33870 33871 33872 33913 33914 33930 33933 36676 36679 43010 43126 44390 45408 45415
NODE_NUM = 100
FILE aes_secworks_sub_333.aig

# Subcircuit 334
SUB_ID 334
LO (10):  33913 33930 33933 33950 33960 34025 34440 34501 34955 35012
LI (51):  92 94 106 188 190 202 268 270 1083 1211 1339 1467 1595 1723 1851 1979 2107 2235 3012 3014 3019 3051 28235 28236 28241 28242 28244 28245 28248 28249 28251 28252 28256 28293 28294 29233 33921 33928 33929 34006 34012 34488 34903 34911 34942 34950 34954 34964 34972 35003 35011
NODE_NUM = 100
FILE aes_secworks_sub_334.aig

# Subcircuit 335
SUB_ID 335
LO (18):  33992 33999 34000 39620 40363 40433 40584 40735 40738 40908 40911 43504 43543 44377 44414 44447 46254 46287
LI (22):  43 2684 3016 28209 28224 28256 33964 33972 33988 33991 35954 36696 39617 39623 39629 40359 40362 40414 40417 40420 40571 40574
NODE_NUM = 85
FILE aes_secworks_sub_335.aig

# Subcircuit 336
SUB_ID 336
LO (42):  33964 33972 33988 33991 34006 34008 34069 34127 34134 34147 34191 34198 34201 34255 34313 34371 34429 34485 34545 34603 34613 34665 34725 34783 34841 34899 34954 35016 35073 35135 35195 35253 35312 35369 35425 35482 35540 35598 35656 35714 35772 35830
LI (78):  44 46 48 50 52 54 56 58 60 62 64 66 68 70 72 74 76 78 80 82 84 86 88 90 92 94 96 98 100 102 104 106 194 274 1020 1148 1276 1404 1532 1660 1788 1916 2044 2172 2300 2428 2556 3015 28226 28230 28232 28235 28236 28241 28242 28244 28245 28248 28249 28251 28252 28256 28293 28317 28318 28319 33971 33979 33986 33987 34003 34131 34482 34662 35013 35132 35309 35422
NODE_NUM = 96
FILE aes_secworks_sub_336.aig

# Subcircuit 337
SUB_ID 337
LO (12):  34012 34057 34065 34115 34123 34488 40417 40574 44426 44459 45483 45516
LI (81):  45 47 108 110 122 1021 1149 1277 1278 1405 1406 1533 1534 1661 1662 1789 1790 1917 1918 2045 2046 2173 2174 2301 2302 2429 2430 2557 2558 2685 2686 3017 3018 3021 28209 28224 28226 28230 28232 28235 28236 28241 28242 28244 28245 28248 28249 28251 28252 28256 34036 34037 34044 34051 34052 34053 34094 34095 34102 34109 34110 34111 34114 36676 36679 36857 37003 44390 44418 44419 44425 44451 44452 44458 45447 45475 45477 45482 45508 45510 45515
NODE_NUM = 100
FILE aes_secworks_sub_337.aig

# Subcircuit 338
SUB_ID 338
LO (23):  34109 34114 34131 34179 34186 34187 34211 34662 34668 40732 40751 41061 41071 41192 41309 41312 43462 43660 43696 44546 44579 46386 46452
LI (35):  49 112 114 116 122 1022 1150 2687 3020 3023 28209 28224 28251 28252 28256 28293 28294 28932 34151 34159 34175 34178 34207 34616 34621 34652 34660 35954 39626 40420 40729 40744 40905 40911 41058
NODE_NUM = 97
FILE aes_secworks_sub_338.aig

# Subcircuit 339
SUB_ID 339
LO (17):  34151 34159 34175 34178 34207 34231 34243 34251 40905 40924 43633 43742 44525 45575 45641 45674 46365
LI (75):  51 196 276 1023 1151 1279 1280 1407 1535 1663 1791 1792 1919 1920 2047 2175 2303 2304 2431 2432 2559 2560 2688 3022 3025 28209 28224 28226 28230 28232 28235 28236 28241 28242 28244 28245 28248 28249 28251 28252 28256 34158 34166 34173 34174 34201 34222 34223 34226 34230 34239 34242 35954 36676 36679 37350 39623 40420 40902 40914 40917 43168 43615 43618 43629 43632 43732 44390 44517 44518 44524 45447 46350 46361 46364
NODE_NUM = 100
FILE aes_secworks_sub_339.aig

# Subcircuit 340
SUB_ID 340
LO (22):  34226 34230 34239 34242 34301 34309 39626 39629 40744 40914 40917 43586 43618 44484 44517 44552 45442 45545 45608 46236 46332 46419
LI (52):  53 1024 1152 1408 1536 1664 2048 2176 2689 3024 3028 28209 28224 28242 28244 28245 28248 28249 28251 28252 28256 34231 34237 34273 34281 34297 34300 35954 36675 36676 36679 37173 39620 39623 40732 40735 40738 40908 40911 41061 43576 44477 44510 45440 45447 45543 46221 46232 46235 46317 46328 46331
NODE_NUM = 99
FILE aes_secworks_sub_340.aig

# Subcircuit 341
SUB_ID 341
LO (13):  34273 34281 34297 34300 34327 34359 34367 34388 39623 41285 43711 44585 44616
LI (77):  55 200 280 1025 1026 1153 1154 1281 1282 1409 1410 1537 1538 1665 1666 1793 1794 1921 1922 2049 2050 2177 2178 2305 2306 2433 2434 2561 2562 2690 2691 3027 3029 3030 3031 28209 28224 28226 28230 28232 28235 28236 28241 28242 28244 28245 28248 28249 28251 28252 28256 28293 34280 34288 34295 34296 34317 34338 34339 34346 34353 34354 34355 35954 36676 36696 41189 41192 41281 41284 41309 43168 43693 43696 43707 43710 44609
NODE_NUM = 100
FILE aes_secworks_sub_341.aig

# Subcircuit 342
SUB_ID 342
LO (13):  34417 34425 34482 39575 39617 40369 40414 40420 43447 43471 44396 44618 46206
LI (56):  57 59 1027 1155 1283 1411 1539 1667 1795 1923 2051 2179 2307 2435 2563 2692 3033 3034 3036 28209 28224 28226 28230 28232 28235 28236 28241 28242 28244 28245 28248 28249 28251 28252 28256 28294 28755 34388 34396 34397 34404 34411 34412 34413 34442 34444 34452 34468 34471 36676 39578 39584 39614 40366 40375 40411
NODE_NUM = 84
FILE aes_secworks_sub_342.aig

# Subcircuit 343
SUB_ID 343
LO (22):  34444 34452 34468 34471 34533 34540 34541 40366 40375 40571 40857 40860 40902 41189 41288 43678 43714 43717 44429 44495 44561 46401
LI (50):  61 1028 1156 1284 1412 1540 1668 1796 1924 2052 2180 2308 2436 2564 2693 3035 3038 28209 28224 28226 28230 28232 28235 28236 28241 28242 28244 28245 28248 28249 28251 28252 28256 34451 34459 34466 34467 34505 34513 34529 34532 39581 40372 40535 40538 40568 40851 40854 40899 41186
NODE_NUM = 100
FILE aes_secworks_sub_343.aig

# Subcircuit 344
SUB_ID 344
LO (21):  34505 34513 34529 34532 34591 34598 34599 39584 40535 40538 40684 40729 40854 41028 41058 43480 43639 44462 44528 44594 46368
LI (49):  63 1029 1157 1285 1413 1541 1669 1797 1925 2053 2181 2309 2437 2565 2694 3037 3040 28209 28224 28226 28230 28232 28235 28236 28241 28242 28244 28245 28248 28249 28251 28252 28256 34512 34520 34527 34528 34563 34571 34587 34590 39578 39581 40372 40681 40687 40726 40851 41055
NODE_NUM = 91
FILE aes_secworks_sub_344.aig

# Subcircuit 345
SUB_ID 345
LO (14):  34563 34571 34587 34590 34616 34652 34660 34671 35132 35192 40681 43588 45803 46317
LI (72):  65 192 194 196 202 1030 1158 1286 1287 1414 1415 1542 1670 1798 1799 1926 1927 2054 2182 2310 2311 2438 2439 2566 2567 2695 3026 3039 3042 3059 28209 28224 28226 28230 28232 28235 28236 28241 28242 28244 28245 28248 28249 28251 28252 28256 28293 28294 29410 34570 34578 34585 34586 34613 34631 34632 34639 34647 34648 34651 35083 35091 35122 35130 35144 35152 35183 35191 36676 36679 43558 46314
NODE_NUM = 100
FILE aes_secworks_sub_345.aig

# Subcircuit 346
SUB_ID 346
LO (19):  34639 34647 34651 34713 34721 34771 34779 39581 40687 40851 43558 43576 43629 43672 44374 45707 45839 45869 46350
LI (72):  67 69 1031 1032 1159 1160 1288 1416 1543 1544 1671 1672 1800 1928 2055 2056 2183 2184 2312 2440 2568 2696 2697 3041 3043 3044 3046 28209 28224 28226 28230 28232 28235 28236 28241 28242 28244 28245 28248 28249 28251 28252 28256 34646 34692 34693 34700 34707 34708 34709 34743 34751 34767 34770 36676 36679 39182 39322 39575 40369 40684 40857 43168 43573 43597 43626 43664 43665 43671 44371 45837 46347
NODE_NUM = 99
FILE aes_secworks_sub_346.aig

# Subcircuit 347
SUB_ID 347
LO (16):  34743 34751 34767 34770 34829 34837 34887 34895 39578 40372 41316 43707 43744 45905 45935 46449
LI (75):  71 73 1033 1034 1161 1162 1289 1290 1417 1418 1545 1546 1673 1674 1801 1802 1929 1930 2057 2058 2185 2186 2313 2314 2441 2442 2569 2570 2698 2699 3045 3047 3048 3050 28209 28224 28226 28230 28232 28235 28236 28241 28242 28244 28245 28248 28249 28251 28252 28256 34750 34758 34765 34766 34808 34809 34816 34823 34824 34825 34859 34867 34883 34886 35954 36676 36679 39442 41288 41303 41312 43704 43714 45903 46446
NODE_NUM = 98
FILE aes_secworks_sub_347.aig

# Subcircuit 348
SUB_ID 348
LO (24):  34859 34867 34883 34886 34903 34942 34950 40359 40384 40387 40411 40550 40568 40705 40708 40726 40878 40881 43450 43642 44399 46212 46272 46305
LI (57):  75 92 282 1035 1163 1291 1419 1547 1675 1803 1931 2059 2187 2315 2443 2571 2700 3049 3053 28209 28224 28226 28230 28232 28235 28236 28241 28242 28244 28245 28248 28249 28251 28252 28256 34866 34874 34881 34882 34914 34922 34938 34941 36676 39590 39596 40352 40356 40390 40393 40408 40547 40565 40699 40702 40723 40875
NODE_NUM = 100
FILE aes_secworks_sub_348.aig

# Subcircuit 349
SUB_ID 349
LO (16):  34914 34922 34938 34941 34964 35003 35011 35380 35438 40526 40547 40702 43508 46005 46163 46251
LI (68):  77 106 188 190 268 282 693 760 1036 1164 1292 1420 1548 1676 1804 1932 2060 2188 2316 2444 2572 2701 3019 3051 3052 3055 28209 28224 28226 28230 28232 28235 28236 28241 28242 28244 28245 28248 28249 28251 28252 28256 28293 33950 34921 34929 34936 34937 34975 34983 34999 35002 35954 36676 36679 39593 39599 39611 40521 43483 43492 43504 45447 45997 45999 46004 46239 46242
NODE_NUM = 99
FILE aes_secworks_sub_349.aig

# Subcircuit 350
SUB_ID 350
LO (24):  34975 34983 34999 35002 35013 35022 35061 35069 39614 40390 40393 40672 40696 40699 40875 41040 41055 41174 43525 43681 43720 44564 46371 46440
LI (53):  79 96 270 1037 1165 1293 1421 1549 1677 1805 1933 2061 2189 2317 2445 2573 2702 3054 3058 28209 28224 28226 28230 28232 28235 28236 28241 28242 28244 28245 28248 28249 28251 28252 28256 29289 34982 34990 34997 34998 35012 35033 35041 35057 35060 36676 39590 39593 39599 39611 40872 41037 41052
NODE_NUM = 93
FILE aes_secworks_sub_350.aig

# Subcircuit 351
SUB_ID 351
LO (16):  35033 35041 35057 35060 35083 35122 35130 35144 35554 35653 40842 40869 40872 40899 43573 44465
LI (65):  81 194 196 272 274 276 282 686 697 1038 1166 1294 1422 1550 1678 1806 1934 2062 2190 2318 2446 2574 2703 3026 3057 3059 3061 28209 28224 28226 28230 28232 28235 28236 28241 28242 28244 28245 28248 28249 28251 28252 28256 28293 28294 34134 34198 35040 35048 35055 35056 35094 35102 35118 35121 35613 35644 35652 36676 39590 40705 40708 40881 40896 43570
NODE_NUM = 100
FILE aes_secworks_sub_351.aig

# Subcircuit 352
SUB_ID 352
LO (20):  35094 35102 35118 35121 35183 35191 39599 41019 41037 41303 43615 44371 44510 44609 45975 46100 46130 46196 46242 46341
LI (66):  83 1039 1167 1295 1423 1551 1679 1807 1935 2063 2191 2319 2447 2575 2704 3060 3063 28209 28224 28226 28230 28232 28235 28236 28241 28242 28244 28245 28248 28249 28251 28252 28256 35101 35109 35116 35117 35155 35163 35179 35182 36676 36679 39590 39593 39596 40352 40384 40387 40878 40881 41014 41300 43600 43609 44368 44495 44504 44594 44603 45447 45967 45969 45974 46098 46338
NODE_NUM = 100
FILE aes_secworks_sub_352.aig

# Subcircuit 353
SUB_ID 353
LO (13):  35155 35163 35179 35182 35202 35241 35249 39596 41159 41186 44550 46398 46431
LI (68):  85 102 276 1040 1168 1296 1424 1552 1680 1808 1936 2064 2192 2320 2321 2448 2449 2576 2577 2705 3062 3065 28209 28224 28226 28230 28232 28235 28236 28241 28242 28244 28245 28248 28249 28251 28252 28256 35162 35170 35177 35178 35220 35221 35237 35240 35954 36676 39593 40872 41040 41174 41183 44528 44537 44546 45447 46368 46371 46377 46386 46394 46397 46401 46410 46419 46427 46430
NODE_NUM = 100
FILE aes_secworks_sub_353.aig

# Subcircuit 354
SUB_ID 354
LO (9):  35220 35237 35240 35309 35318 35357 35728 39593 41279
LI (74):  87 102 104 106 198 200 278 280 1041 1042 1169 1170 1297 1298 1425 1426 1553 1554 1681 1682 1809 1810 1937 1938 2065 2066 2193 2194 2322 2450 2578 2706 2707 3032 3064 3066 3067 28209 28224 28226 28230 28232 28235 28236 28241 28242 28244 28245 28248 28249 28251 28252 28256 28293 28294 29593 35228 35235 35236 35260 35268 35278 35279 35286 35293 35294 35295 35299 35307 35329 35337 35353 35356 36676
NODE_NUM = 99
FILE aes_secworks_sub_354.aig

# Subcircuit 355
SUB_ID 355
LO (23):  35329 35337 35353 35356 35365 35422 39605 39611 40405 40562 40720 40723 41180 41183 41398 43453 43489 43528 44368 44402 44570 46215 46230
LI (51):  91 1043 1171 1299 1427 1555 1683 1811 1939 2067 2195 2323 2451 2579 2708 3068 3069 3071 28209 28224 28226 28230 28232 28235 28236 28241 28242 28244 28245 28248 28249 28251 28252 28256 28294 29711 35336 35344 35351 35352 35357 35382 35384 35392 35408 35411 36676 39608 40402 40559 40714
NODE_NUM = 100
FILE aes_secworks_sub_355.aig

# Subcircuit 356
SUB_ID 356
LO (12):  35384 35392 35408 35411 35470 35478 35496 35537 40556 40565 46266 46293
LI (78):  94 95 192 270 272 1044 1045 1172 1173 1300 1301 1428 1429 1556 1557 1684 1685 1812 1813 1940 1941 2068 2069 2196 2197 2324 2325 2452 2453 2580 2581 2709 2710 3056 3070 3072 3073 3075 28209 28224 28226 28230 28232 28235 28236 28241 28242 28244 28245 28248 28249 28251 28252 28256 28293 28294 35391 35399 35406 35407 35449 35450 35457 35464 35465 35466 35498 35500 35508 35524 35527 36676 40562 42299 45447 46258 46259 46265
NODE_NUM = 99
FILE aes_secworks_sub_356.aig

# Subcircuit 357
SUB_ID 357
LO (17):  35500 35508 35524 35527 35586 35594 35644 35652 40887 40896 41300 43609 43684 44504 46328 46344 46359
LI (70):  99 1046 1047 1174 1175 1302 1303 1430 1431 1558 1559 1686 1687 1814 1815 1942 1943 2070 2071 2198 2199 2326 2327 2454 2455 2582 2583 2711 2712 3074 3076 3077 3079 28209 28224 28226 28230 28232 28235 28236 28241 28242 28244 28245 28248 28249 28251 28252 28256 35507 35515 35522 35523 35565 35566 35573 35580 35581 35582 35616 35624 35640 35643 36676 40559 40893 41180 42591 43606 46325
NODE_NUM = 96
FILE aes_secworks_sub_357.aig

# Subcircuit 358
SUB_ID 358
LO (19):  35616 35624 35640 35643 35702 35710 39608 40893 41052 43606 43664 43723 43732 44537 46361 46377 46394 46410 46457
LI (58):  101 1048 1176 1304 1432 1560 1688 1816 1944 2072 2200 2328 2456 2584 2713 3078 3081 28209 28224 28226 28230 28232 28235 28236 28241 28242 28244 28245 28248 28249 28251 28252 28256 35623 35631 35638 35639 35674 35682 35698 35701 35954 36676 36679 40559 40887 40890 41049 42756 42893 43639 43642 43645 43660 43684 43717 43720 46359
NODE_NUM = 91
FILE aes_secworks_sub_358.aig

# Subcircuit 359
SUB_ID 359
LO (14):  35674 35682 35698 35701 35760 35768 35827 40559 41046 41049 43645 44474 46427 46458
LI (74):  105 1049 1050 1177 1178 1305 1306 1433 1434 1561 1562 1689 1690 1817 1818 1945 1946 2073 2074 2201 2202 2329 2330 2457 2458 2585 2586 2714 2715 3080 3082 3083 3085 28209 28224 28226 28230 28232 28235 28236 28241 28242 28244 28245 28248 28249 28251 28252 28256 28294 35681 35689 35696 35697 35739 35740 35747 35754 35755 35756 35788 35790 35798 35814 35817 36676 40402 40556 40714 40720 41180 43010 44465 46424
NODE_NUM = 98
FILE aes_secworks_sub_359.aig

# Subcircuit 360
SUB_ID 360
LO (18):  35790 35798 35814 35817 35857 35860 35901 35947 36015 37041 37208 37211 44182 44209 45002 45035 45714 45802
LI (66):  19 28 55 213 1051 1179 1307 1435 1563 1691 1819 1947 2075 2203 2331 2459 2587 3084 3087 5717 5720 28226 28230 28232 28235 28236 28241 28242 28244 28245 28248 28249 28251 28252 28256 31473 35797 35805 35812 35813 35838 35895 35946 35954 35962 36008 36009 36014 37029 37032 37035 37202 37205 37373 44179 44999 45032 45447 45684 45690 45702 45710 45713 45780 45786 45798
NODE_NUM = 100
FILE aes_secworks_sub_360.aig

# Subcircuit 361
SUB_ID 361
LO (21):  36014 36025 36034 36051 36057 36220 36232 36339 36346 36349 36675 36857 37003 37173 37350 37442 37490 37610 37729 43163 45677
LI (84):  51 53 115 117 179 181 243 245 247 5717 35876 35877 35962 35967 36021 36030 36037 36038 36041 36043 36048 36050 36056 36057 36079 36157 36203 36219 36221 36226 36230 36231 36252 36257 36267 36331 36333 36337 36338 36344 36345 36372 36395 36399 36401 36409 36507 36519 36624 36672 36855 36946 36957 36972 36987 36988 36997 37111 37124 37127 37128 37138 37155 37169 37262 37265 37282 37347 37489 37549 37557 37561 37562 37567 37575 37605 37665 37675 37681 37684 37694 37725 43162 45676
NODE_NUM = 100
FILE aes_secworks_sub_361.aig

# Subcircuit 362
SUB_ID 362
LO (23):  36056 36072 36079 36143 36145 36156 36267 36269 36335 36372 36441 36442 36551 36672 36855 36972 36987 37169 37347 37489 37549 37605 37725
LI (86):  36043 36050 36051 36052 36054 36061 36062 36063 36069 36071 36077 36078 36120 36139 36140 36142 36144 36146 36154 36243 36249 36263 36266 36303 36349 36351 36353 36358 36365 36370 36475 36525 36592 36634 36645 36648 36660 36669 36774 36778 36781 36854 36959 36963 36971 36979 36982 36983 37141 37145 37153 37154 37160 37163 37165 37297 37314 37317 37328 37344 37408 37430 37431 37440 37449 37452 37453 37460 37461 37470 37485 37538 37539 37547 37591 37593 37595 37597 37602 37603 37709 37712 37713 37719 37721 37723
NODE_NUM = 100
FILE aes_secworks_sub_362.aig

# Subcircuit 363
SUB_ID 363
LO (24):  36077 36157 36507 36557 36592 36778 36854 36946 36959 36971 37111 37138 37153 37282 37294 37328 37408 37430 37539 37557 37591 37665 37675 37719
LI (91):  36069 36071 36072 36073 36075 36082 36087 36089 36104 36121 36154 36156 36196 36197 36315 36389 36415 36423 36430 36440 36457 36459 36460 36461 36464 36468 36469 36482 36492 36505 36520 36527 36534 36536 36540 36543 36544 36548 36549 36554 36556 36558 36566 36573 36589 36590 36777 36801 36821 36828 36831 36832 36851 36924 36929 36930 36935 36943 36966 36970 37090 37093 37109 37133 37137 37148 37152 37268 37273 37281 37324 37326 37415 37418 37419 37421 37424 37426 37432 37551 37555 37579 37580 37590 37654 37655 37663 37667 37670 37672 37718
NODE_NUM = 100
FILE aes_secworks_sub_363.aig

# Subcircuit 364
SUB_ID 364
LO (26):  36104 36109 36121 36203 36331 36457 36492 36505 36566 36634 36781 36801 36828 36943 36957 37124 37265 37273 37314 37415 37440 37547 37555 37590 37659 37709
LI (76):  36052 36092 36094 36096 36099 36101 36106 36108 36111 36112 36120 36159 36165 36167 36169 36175 36183 36201 36284 36288 36296 36330 36384 36430 36437 36446 36451 36488 36489 36491 36504 36543 36565 36578 36587 36603 36608 36619 36625 36631 36655 36786 36792 36795 36798 36822 36827 36937 36942 36948 36949 36955 37113 37115 37116 37117 37119 37120 37272 37306 37307 37312 37411 37414 37432 37433 37435 37436 37542 37546 37553 37586 37588 37696 37700 37708
NODE_NUM = 100
FILE aes_secworks_sub_364.aig

# Subcircuit 365
SUB_ID 365
LO (28):  36108 36111 36112 36120 36139 36175 36207 36219 36395 36409 36608 36631 36821 36988 36997 37093 37155 37160 37297 37306 37344 37449 37485 37551 37561 37562 37681 37694
LI (65):  36048 36052 36054 36092 36096 36099 36101 36106 36110 36115 36123 36129 36138 36206 36209 36213 36215 36218 36228 36253 36261 36377 36379 36394 36398 36400 36401 36406 36407 36420 36607 36620 36628 36630 36804 36812 36820 36991 36993 36995 37092 37156 37157 37285 37286 37296 37299 37300 37302 37304 37332 37334 37343 37442 37445 37447 37474 37476 37484 37558 37560 37676 37678 37690 37692
NODE_NUM = 98
FILE aes_secworks_sub_365.aig

# Subcircuit 366
SUB_ID 366
LO (44):  36138 36140 36142 36144 36154 36315 36330 36370 36459 36527 36534 36543 36544 36645 36648 36669 36774 36818 36820 36851 36929 36930 36935 36982 37137 37145 37152 37163 37262 37307 37343 37414 37433 37452 37453 37460 37461 37470 37484 37538 37571 37602 37690 37712
LI (74):  36061 36069 36073 36075 36087 36099 36131 36137 36147 36149 36152 36153 36188 36300 36305 36311 36313 36316 36320 36328 36357 36362 36364 36365 36368 36385 36458 36465 36471 36477 36524 36526 36533 36539 36588 36635 36639 36641 36642 36646 36647 36659 36661 36666 36667 36770 36772 36815 36817 36838 36842 36845 36849 36850 36922 36926 36928 36933 36980 37135 37143 37150 37162 37337 37342 37451 37459 37469 37479 37483 37537 37600 37689 37710
NODE_NUM = 100
FILE aes_secworks_sub_366.aig

# Subcircuit 367
SUB_ID 367
LO (53):  36149 36152 36153 36159 36165 36167 36169 36178 36183 36230 36231 36252 36266 36284 36344 36377 36384 36385 36389 36394 36482 36488 36489 36491 36565 36603 36607 36777 36792 36795 36812 36948 36949 36955 36963 36976 37088 37092 37117 37120 37285 37286 37411 37436 37451 37472 37476 37537 37579 37654 37667 37684 37696
LI (65):  36037 36041 36048 36052 36054 36069 36075 36092 36094 36096 36101 36106 36110 36147 36167 36168 36182 36228 36232 36253 36255 36257 36265 36276 36279 36280 36318 36326 36342 36373 36386 36387 36388 36390 36391 36415 36423 36476 36478 36485 36486 36490 36502 36552 36561 36563 36564 36605 36606 36609 36776 36787 36788 36789 36791 36794 36808 36809 36947 36962 37091 37114 37433 37536 37577
NODE_NUM = 100
FILE aes_secworks_sub_367.aig

# Subcircuit 368
SUB_ID 368
LO (43):  36182 36188 36195 36196 36201 36311 36312 36437 36504 36520 36573 36587 36588 36589 36639 36641 36789 36822 36827 36838 36937 36942 36970 36983 37109 37133 37143 37162 37268 37272 37296 37312 37324 37418 37426 37432 37536 37546 37553 37655 37672 37700 37708
LI (57):  36048 36054 36069 36087 36092 36096 36110 36131 36154 36185 36193 36199 36200 36249 36274 36278 36310 36350 36351 36366 36386 36422 36424 36428 36430 36434 36466 36490 36496 36502 36511 36512 36515 36519 36540 36551 36570 36571 36577 36580 36582 36613 36635 36825 36940 36969 37096 37098 37108 37290 37294 37295 37310 37322 37417 37703 37705
NODE_NUM = 100
FILE aes_secworks_sub_368.aig

# Subcircuit 369
SUB_ID 369
LO (60):  36197 36199 36209 36213 36215 36218 36221 36225 36226 36239 36241 36255 36257 36261 36263 36265 36310 36337 36398 36399 36407 36440 36446 36556 36605 36606 36624 36625 36628 36630 36653 36662 36663 36664 36808 36809 36979 36991 36995 37108 37113 37115 37127 37128 37302 37304 37332 37342 37424 37445 37447 37474 37483 37558 37567 37595 37663 37676 37692 37713
LI (57):  36038 36043 36050 36071 36075 36087 36092 36096 36101 36115 36123 36195 36207 36211 36214 36216 36217 36224 36228 36238 36256 36259 36272 36335 36338 36339 36345 36396 36398 36406 36433 36439 36445 36550 36552 36554 36604 36617 36620 36622 36626 36630 36654 36840 36975 36976 37106 37107 37114 37126 37330 37341 37423 37472 37482 37660 37662
NODE_NUM = 98
FILE aes_secworks_sub_369.aig

# Subcircuit 370
SUB_ID 370
LO (66):  36228 36243 36249 36253 36259 36272 36274 36276 36288 36290 36296 36313 36318 36320 36342 36362 36373 36400 36401 36415 36416 36424 36445 36451 36464 36465 36469 36604 36617 36619 36626 36654 36655 36659 36660 36661 36666 36667 36772 36798 36817 36825 36831 36840 36842 36924 36926 36962 36966 36975 37090 37106 37156 37165 37275 37281 37299 37310 37341 37419 37423 37560 37585 37662 37703 37710
LI (59):  36037 36038 36048 36050 36069 36071 36073 36082 36087 36099 36101 36123 36214 36224 36225 36239 36241 36269 36273 36287 36291 36294 36307 36308 36310 36312 36319 36339 36346 36360 36414 36420 36423 36441 36442 36443 36450 36466 36468 36511 36533 36609 36610 36615 36616 36653 36657 36659 36660 36663 36664 36770 36841 36923 36925 36974 37088 37277 37279
NODE_NUM = 99
FILE aes_secworks_sub_370.aig

# Subcircuit 371
SUB_ID 371
LO (68):  36278 36279 36280 36291 36294 36300 36305 36307 36308 36316 36319 36328 36350 36351 36357 36358 36420 36422 36423 36433 36434 36460 36461 36475 36476 36485 36496 36502 36511 36512 36515 36519 36525 36526 36533 36536 36539 36540 36571 36616 36646 36657 36770 36786 36787 36788 36794 36845 36849 36922 36923 36940 36947 37141 37148 37290 37317 37417 37459 37469 37479 37575 37580 37586 37593 37597 37670 37718
LI (56):  36043 36052 36054 36057 36061 36062 36069 36082 36094 36096 36099 36101 36109 36110 36143 36185 36214 36224 36238 36241 36273 36290 36302 36303 36327 36353 36391 36415 36421 36422 36432 36442 36472 36473 36474 36477 36478 36484 36486 36500 36510 36514 36517 36518 36524 36531 36532 36535 36787 36818 36847 37316 37571 37572 37585 37669
NODE_NUM = 98
FILE aes_secworks_sub_371.aig

# Subcircuit 372
SUB_ID 372
LO (89):  36326 36327 36338 36364 36365 36366 36368 36386 36414 36421 36428 36430 36443 36450 36466 36468 36471 36472 36473 36474 36477 36478 36486 36490 36510 36524 36531 36535 36552 36561 36563 36577 36578 36580 36582 36609 36613 36615 36620 36622 36635 36642 36647 36682 36695 36696 36698 36815 36832 36847 36867 36925 36933 36980 37013 37091 37096 37150 37183 37277 37279 37316 37337 37360 37500 37542 37577 37588 37600 37620 37660 37689 37705 37739 38530 38699 38845 39015 39192 39332 39452 39571 40362 40531 40677 40847 41024 41164 44642
LI (74):  235 237 239 241 243 245 247 249 251 253 255 257 259 261 263 265 267 269 271 273 275 277 28286 36043 36048 36050 36052 36061 36063 36069 36071 36073 36075 36082 36087 36092 36094 36099 36101 36106 36110 36115 36131 36143 36145 36147 36185 36193 36214 36273 36287 36290 36302 36325 36363 36367 36416 36473 36484 36550 36551 36557 36575 36579 36610 36614 36662 36689 36691 36692 36693 37275 37659 44639
NODE_NUM = 100
FILE aes_secworks_sub_372.aig

# Subcircuit 373
SUB_ID 373
LO (61):  36735 37114 37330 37519 37823 37843 37883 37884 37885 37887 37888 37889 37890 37891 37893 37897 37898 37899 37900 37902 37903 37908 37909 37911 37912 37955 38059 38065 38076 38077 38078 38089 38090 38091 38100 38101 38102 38183 38184 38185 38190 38191 38192 38195 38196 38197 38245 38246 38247 38448 38491 38492 38494 38642 38961 39274 39294 39546 39552 45101 45891
LI (24):  123 231 31992 35876 35962 35967 36178 36220 36318 36458 37220 37516 37808 37811 37822 37842 37882 37892 37895 37906 44293 45095 45879 45882
NODE_NUM = 93
FILE aes_secworks_sub_373.aig

# Subcircuit 374
SUB_ID 374
LO (66):  37808 37811 37822 37842 37892 37914 37918 37919 37920 37922 37923 37925 37928 37929 37930 37931 37932 37934 37935 37937 37941 37942 37943 37944 37945 37946 37949 37967 37969 37970 37972 37973 37975 38042 38043 38044 38073 38092 38094 38117 38126 38285 38331 38332 38334 38335 38336 38356 38357 38358 38402 38403 38404 38471 38473 38475 38476 38636 38657 38665 38782 39118 39394 39419 39488 39529
LI (28):  59 61 125 129 187 189 251 253 5717 35876 35877 35962 35967 37817 37823 37827 37830 37841 37884 37887 37903 37911 37912 37916 37927 37939 37966 37968
NODE_NUM = 99
FILE aes_secworks_sub_374.aig

# Subcircuit 375
SUB_ID 375
LO (74):  37827 37830 37841 37882 37895 37906 37916 37927 37939 37951 37952 37953 37954 37956 37960 37962 37963 37964 37968 37976 37992 38007 38008 38009 38010 38018 38019 38020 38025 38026 38027 38030 38034 38038 38069 38114 38118 38136 38147 38152 38153 38154 38164 38167 38225 38229 38234 38265 38286 38287 38288 38305 38306 38307 38337 38338 38341 38343 38374 38375 38427 38428 38429 38430 38439 38461 38480 38481 38501 38502 38677 38783 39104 39107
LI (24):  63 65 127 137 191 193 255 257 5717 35876 35877 35962 35967 37836 37847 37850 37861 37881 37894 37897 37899 37904 37938 37955
NODE_NUM = 97
FILE aes_secworks_sub_375.aig

# Subcircuit 376
SUB_ID 376
LO (22):  37847 37850 37861 37881 37894 37904 37938 37966 38520 38689 38835 39005 39182 39322 39372 39442 39561 43477 44686 45710 45740 45773
LI (84):  67 69 71 73 131 133 135 195 197 199 201 259 261 263 265 5717 35876 35877 35962 35967 37856 37866 37875 37880 37893 37911 37923 37951 37954 37956 37960 37964 37965 38058 38179 38217 38222 38224 38225 38239 38251 38255 38352 38353 38394 38405 38410 38435 38470 38516 38606 38610 38611 38614 38633 38636 38644 38652 38684 38686 38834 39004 39116 39129 39132 39134 39136 39145 39177 39180 39240 39262 39320 39321 39440 39560 43168 43469 43472 43476 44685 45709 45739 45772
NODE_NUM = 100
FILE aes_secworks_sub_376.aig

# Subcircuit 377
SUB_ID 377
LO (15):  37985 37986 37988 37990 38179 38217 38516 38684 38834 38978 39004 39177 39320 39440 39560
LI (88):  37906 37908 37914 37918 37920 37925 37932 37967 37975 37976 37982 37999 38000 38144 38156 38178 38194 38202 38204 38207 38209 38210 38213 38479 38480 38490 38492 38494 38496 38506 38512 38668 38670 38674 38682 38756 38758 38760 38776 38789 38804 38811 38813 38815 38830 38833 38943 38956 38963 38966 38967 38971 38974 38975 38986 38992 38994 38998 39161 39168 39169 39174 39272 39281 39284 39286 39303 39310 39311 39315 39318 39381 39389 39408 39423 39428 39431 39432 39497 39507 39519 39521 39525 39541 39542 39547 39555 39557
NODE_NUM = 100
FILE aes_secworks_sub_377.aig

# Subcircuit 378
SUB_ID 378
LO (25):  37999 38004 38130 38178 38352 38394 38410 38606 38610 38611 38633 38682 38776 38789 38956 38986 39116 39145 39240 39303 39378 39381 39485 39491 39497
LI (77):  37920 37935 37937 37941 37944 37946 37951 37953 37956 37992 37998 38005 38012 38013 38020 38028 38046 38113 38129 38133 38141 38160 38175 38230 38260 38268 38282 38291 38296 38303 38322 38338 38351 38358 38365 38379 38385 38386 38389 38393 38406 38409 38448 38602 38604 38607 38608 38619 38623 38624 38627 38631 38677 38681 38754 38763 38765 38767 38775 38785 38948 38954 38978 38981 38982 39098 39114 39115 39139 39144 39296 39301 39369 39380 39486 39488 39495
NODE_NUM = 99
FILE aes_secworks_sub_378.aig

# Subcircuit 379
SUB_ID 379
LO (32):  38005 38012 38013 38028 38033 38046 38113 38194 38222 38239 38351 38409 38418 38435 38607 38623 38624 38627 38668 38775 38804 38811 38943 39155 39168 39248 39310 39369 39408 39423 39519 39532
LI (82):  37882 37889 37893 37914 37935 37937 37939 37946 37949 37951 38009 38010 38027 38030 38032 38034 38045 38065 38074 38077 38081 38096 38098 38100 38102 38110 38123 38126 38186 38187 38192 38219 38220 38230 38231 38238 38328 38335 38340 38341 38343 38347 38408 38414 38434 38442 38450 38620 38621 38626 38655 38657 38667 38770 38774 38792 38794 38803 38807 38809 38921 38922 38923 38926 38930 38940 38941 38987 39163 39167 39305 39309 39368 39393 39394 39399 39407 39409 39414 39422 39513 39514
NODE_NUM = 100
FILE aes_secworks_sub_379.aig

# Subcircuit 380
SUB_ID 380
LO (31):  38032 38045 38053 38081 38224 38255 38282 38312 38313 38315 38414 38434 38458 38470 38479 38621 38631 38774 38803 38830 38930 38992 39114 39129 39161 39262 39272 39281 39389 39507 39541
LI (81):  37890 37920 37922 37932 37937 37941 37946 37960 37964 38030 38038 38042 38044 38054 38060 38063 38080 38223 38225 38231 38248 38252 38253 38265 38269 38270 38273 38275 38279 38308 38310 38311 38338 38356 38396 38403 38422 38425 38429 38433 38453 38464 38466 38467 38476 38630 38772 38799 38800 38820 38825 38827 38928 38989 38990 39101 39105 39113 39117 39118 39121 39124 39126 39153 39155 39159 39247 39253 39255 39259 39271 39275 39279 39383 39387 39499 39502 39503 39533 39536 39537
NODE_NUM = 100
FILE aes_secworks_sub_380.aig

# Subcircuit 381
SUB_ID 381
LO (43):  38058 38060 38063 38080 38083 38096 38110 38175 38186 38205 38207 38248 38251 38252 38253 38450 38453 38498 38500 38506 38512 38644 38650 38651 38809 38825 38827 38948 38963 39131 39134 39167 39174 39271 39279 39315 39393 39399 39428 39495 39513 39524 39542
LI (70):  37843 37883 37885 37888 37895 37932 37946 37960 37968 37970 38053 38059 38062 38065 38069 38071 38073 38079 38087 38095 38105 38106 38107 38109 38151 38154 38156 38174 38180 38183 38184 38185 38247 38252 38439 38443 38448 38449 38466 38467 38471 38473 38488 38497 38499 38505 38509 38510 38638 38640 38642 38672 38783 38824 38944 38946 38958 38959 38961 39166 39265 39270 39392 39398 39426 39492 39494 39509 39510 39511
NODE_NUM = 100
FILE aes_secworks_sub_381.aig

# Subcircuit 382
SUB_ID 382
LO (56):  38074 38079 38087 38095 38098 38105 38106 38107 38109 38119 38129 38138 38141 38219 38220 38259 38260 38267 38268 38269 38291 38398 38401 38405 38462 38464 38505 38509 38604 38614 38630 38667 38753 38756 38794 38807 38923 38940 38967 38989 38998 39113 39132 39144 39166 39255 39305 39309 39311 39392 39426 39432 39494 39514 39535 39547
LI (68):  37882 37893 37895 37898 37900 37916 37918 37920 37932 37937 37941 37972 38059 38069 38073 38076 38078 38091 38094 38101 38114 38117 38118 38120 38128 38135 38136 38153 38190 38191 38205 38211 38265 38285 38286 38287 38288 38292 38295 38378 38397 38399 38404 38441 38454 38455 38460 38461 38488 38494 38501 38502 38504 38510 38666 38755 38805 38936 38937 38987 38996 39109 39111 39131 39143 39307 39425 39546
NODE_NUM = 100
FILE aes_secworks_sub_382.aig

# Subcircuit 383
SUB_ID 383
LO (48):  38123 38128 38133 38135 38144 38151 38209 38210 38211 38213 38279 38295 38296 38340 38347 38365 38454 38460 38488 38490 38619 38620 38674 38760 38772 38792 38799 38815 38936 38954 38981 39098 39109 39111 39124 39169 39247 39253 39270 39284 39380 39387 39409 39422 39492 39502 39533 39555
LI (77):  37843 37888 37891 37914 37939 37944 37951 37976 38004 38026 38030 38043 38059 38091 38118 38126 38127 38130 38145 38150 38208 38229 38259 38260 38265 38277 38287 38292 38295 38306 38312 38331 38332 38336 38339 38343 38345 38356 38358 38359 38363 38406 38433 38455 38458 38461 38462 38476 38484 38486 38487 38500 38619 38672 38782 38791 38797 38953 38979 39107 39123 39246 39248 39252 39268 39282 39373 39375 39378 39386 39421 39491 39501 39529 39532 39549 39554
NODE_NUM = 100
FILE aes_secworks_sub_383.aig

# Subcircuit 384
SUB_ID 384
LO (41):  38145 38150 38156 38160 38174 38202 38204 38238 38308 38328 38379 38385 38486 38487 38608 38626 38652 38681 38754 38755 38765 38785 38926 38966 38974 38982 39139 39143 39153 39265 39282 39286 39296 39301 39407 39414 39431 39499 39501 39549 39554
LI (71):  37843 37888 37902 37906 37914 37927 37928 37930 37941 37946 37954 37976 37992 38007 38033 38089 38090 38091 38147 38165 38166 38167 38172 38196 38197 38198 38200 38201 38202 38234 38303 38307 38310 38315 38317 38318 38319 38322 38325 38326 38367 38369 38371 38376 38377 38378 38380 38381 38382 38384 38404 38485 38647 38650 38651 38679 38780 38784 38965 39118 39148 39150 39152 39290 39292 39294 39403 39404 39413 39429 39552
NODE_NUM = 99
FILE aes_secworks_sub_384.aig

# Subcircuit 385
SUB_ID 385
LO (79):  38165 38180 38187 38198 38201 38208 38223 38230 38231 38270 38273 38277 38292 38303 38310 38311 38317 38318 38319 38322 38325 38339 38345 38359 38367 38369 38376 38377 38378 38380 38382 38386 38389 38396 38397 38399 38422 38425 38433 38449 38466 38467 38484 38485 38602 38638 38647 38666 38670 38679 38758 38763 38780 38813 38921 38928 38937 38944 38946 38953 38975 38990 38994 39105 39117 39136 39159 39163 39246 39252 39259 39268 39368 39386 39486 39511 39521 39536 39537
LI (68):  37843 37882 37885 37888 37893 37895 37906 37908 37914 37916 37918 37920 37927 37928 37929 37932 37937 37939 37943 37944 37945 37946 37960 37962 37963 37976 37990 37992 38007 38008 38009 38025 38026 38030 38038 38053 38059 38092 38100 38118 38119 38138 38147 38164 38195 38229 38313 38336 38338 38374 38375 38398 38428 38429 38430 38458 38475 38481 38512 38665 38753 38780 38783 39104 39158 39257 39485 39535
NODE_NUM = 100
FILE aes_secworks_sub_385.aig

# Subcircuit 386
SUB_ID 386
LO (31):  38406 38408 38441 38442 38443 38455 38497 38510 38534 38655 38672 38770 38784 38791 38797 38800 38805 38824 38891 38965 38979 39058 39061 39275 43264 43300 45170 45284 45309 45967 46056
LI (59):  123 32588 35954 37752 37773 37885 37893 37914 37918 37922 37931 37932 37934 37942 37944 37951 37968 37975 38019 38069 38073 38094 38152 38205 38229 38246 38260 38306 38307 38334 38337 38343 38357 38439 38498 38782 38783 38879 38882 38885 39052 39055 39214 39274 44390 45167 45254 45260 45272 45280 45283 45287 45293 45305 45945 45957 45963 46044 46047
NODE_NUM = 100
FILE aes_secworks_sub_386.aig

# Subcircuit 387
SUB_ID 387
LO (75):  38987 39101 39123 39150 39158 39257 39290 39307 39373 39375 39413 39421 39425 39429 39445 39503 39509 39525 39590 39655 39675 39715 39716 39717 39719 39720 39721 39722 39723 39725 39729 39730 39731 39732 39734 39735 39740 39741 39743 39744 39787 39891 39897 39908 39909 39910 39921 39922 39923 39932 39933 39934 40015 40016 40017 40022 40023 40024 40027 40028 40029 40077 40078 40079 40280 40323 40324 40326 40474 40793 41106 41126 41378 41384 44858
LI (52):  89 139 263 29160 35357 35876 35962 35967 37909 37919 37929 37931 37934 37952 37969 37972 37973 37985 37986 37988 38018 38019 38027 38083 38130 38234 38245 38267 38305 38313 38337 38399 38401 38402 38418 38427 38439 38475 38491 38501 39372 39419 39524 39640 39643 39654 39674 39714 39724 39727 39738 43021
NODE_NUM = 99
FILE aes_secworks_sub_387.aig

# Subcircuit 388
SUB_ID 388
LO (66):  39640 39643 39654 39674 39724 39746 39750 39751 39752 39754 39755 39757 39760 39761 39762 39763 39764 39766 39767 39769 39773 39774 39775 39776 39777 39778 39781 39799 39801 39802 39804 39805 39807 39874 39875 39876 39905 39924 39926 39949 39958 40117 40163 40164 40166 40167 40168 40188 40189 40190 40234 40235 40236 40303 40305 40307 40308 40468 40489 40497 40614 40950 41226 41251 41320 41361
LI (28):  75 77 141 145 203 205 267 269 5717 35876 35877 35962 35967 39649 39655 39659 39662 39673 39716 39719 39735 39743 39744 39748 39759 39771 39798 39800
NODE_NUM = 99
FILE aes_secworks_sub_388.aig

# Subcircuit 389
SUB_ID 389
LO (74):  39659 39662 39673 39714 39727 39738 39748 39759 39771 39783 39784 39785 39786 39788 39792 39794 39795 39796 39800 39808 39824 39839 39840 39841 39842 39850 39851 39852 39857 39858 39859 39862 39866 39870 39901 39946 39950 39968 39979 39984 39985 39986 39996 39999 40057 40061 40066 40097 40118 40119 40120 40137 40138 40139 40169 40170 40173 40175 40206 40207 40259 40260 40261 40262 40271 40293 40312 40313 40333 40334 40509 40615 40936 40939
LI (24):  79 81 143 153 207 209 271 273 5717 35876 35877 35962 35967 39668 39679 39682 39693 39713 39726 39729 39731 39736 39770 39787
NODE_NUM = 97
FILE aes_secworks_sub_389.aig

# Subcircuit 390
SUB_ID 390
LO (19):  39679 39682 39693 39713 39726 39736 39770 39798 40352 40521 40667 40837 41014 41154 41274 41281 41393 46034 46067
LI (83):  83 85 87 89 147 149 151 211 213 215 217 275 277 279 281 5717 35876 35877 35962 35967 39688 39698 39707 39712 39725 39743 39755 39783 39786 39788 39792 39796 39797 39890 40011 40049 40054 40056 40057 40071 40083 40087 40184 40185 40226 40237 40242 40267 40302 40348 40438 40442 40443 40446 40465 40468 40476 40484 40516 40518 40666 40836 40948 40961 40964 40966 40968 40977 41009 41012 41072 41094 41152 41153 41202 41203 41211 41271 41272 41280 41392 46033 46066
NODE_NUM = 99
FILE aes_secworks_sub_390.aig

# Subcircuit 391
SUB_ID 391
LO (14):  39817 39818 39820 39822 40011 40049 40348 40516 40666 40836 41009 41152 41271 41392
LI (88):  39738 39740 39746 39750 39752 39757 39764 39799 39807 39808 39814 39831 39832 39976 39988 40010 40026 40034 40036 40039 40041 40042 40045 40311 40312 40322 40324 40326 40328 40338 40344 40500 40502 40506 40514 40588 40590 40592 40608 40621 40636 40643 40645 40647 40662 40665 40775 40788 40795 40798 40799 40803 40806 40807 40817 40818 40824 40826 40830 40993 41000 41001 41006 41104 41113 41116 41118 41135 41142 41143 41147 41150 41221 41240 41255 41260 41263 41264 41329 41339 41351 41353 41357 41373 41374 41379 41387 41389
NODE_NUM = 100
FILE aes_secworks_sub_391.aig

# Subcircuit 392
SUB_ID 392
LO (25):  39831 39962 40010 40184 40226 40242 40438 40442 40443 40465 40514 40608 40621 40788 40817 40948 40977 41072 41077 41135 41202 41210 41317 41323 41329
LI (77):  39752 39767 39769 39773 39776 39778 39783 39785 39788 39824 39830 39837 39844 39845 39852 39860 39878 39945 39961 39965 39973 39992 40007 40062 40092 40100 40114 40123 40128 40135 40154 40170 40183 40190 40197 40211 40217 40218 40221 40225 40238 40241 40280 40286 40308 40434 40436 40439 40440 40451 40455 40456 40459 40463 40509 40513 40586 40595 40597 40599 40607 40617 40780 40786 40813 40814 40930 40946 40947 40971 40976 41128 41133 41201 41318 41320 41327
NODE_NUM = 100
FILE aes_secworks_sub_392.aig

# Subcircuit 393
SUB_ID 393
LO (32):  39837 39844 39845 39860 39865 39878 39945 40026 40054 40071 40183 40241 40250 40267 40439 40455 40456 40459 40500 40607 40636 40643 40775 40987 41000 41080 41142 41201 41240 41255 41351 41364
LI (82):  39714 39721 39725 39746 39767 39769 39771 39778 39781 39783 39841 39842 39859 39862 39864 39866 39877 39897 39906 39909 39913 39928 39930 39932 39934 39942 39955 39958 40018 40019 40024 40051 40052 40062 40063 40070 40160 40167 40172 40173 40175 40179 40240 40246 40266 40274 40282 40452 40453 40458 40487 40489 40499 40602 40606 40624 40626 40635 40639 40641 40753 40754 40755 40758 40762 40772 40773 40819 40995 40999 41137 41141 41200 41225 41226 41231 41239 41241 41246 41254 41345 41346
NODE_NUM = 100
FILE aes_secworks_sub_393.aig

# Subcircuit 394
SUB_ID 394
LO (31):  39864 39877 39885 39913 40056 40087 40114 40144 40145 40147 40246 40266 40290 40302 40311 40453 40463 40606 40635 40662 40762 40824 40946 40961 40993 41094 41104 41113 41221 41339 41373
LI (81):  39722 39752 39754 39764 39769 39773 39778 39792 39796 39862 39870 39874 39876 39886 39892 39895 39912 40055 40057 40063 40080 40084 40085 40097 40101 40102 40105 40107 40111 40140 40142 40143 40170 40188 40228 40235 40254 40257 40261 40265 40285 40296 40298 40299 40308 40462 40604 40631 40632 40652 40657 40659 40760 40821 40822 40933 40937 40945 40949 40950 40953 40956 40958 40985 40987 40991 41079 41085 41087 41091 41103 41107 41111 41215 41219 41331 41334 41335 41365 41368 41369
NODE_NUM = 100
FILE aes_secworks_sub_394.aig

# Subcircuit 395
SUB_ID 395
LO (43):  39890 39892 39895 39912 39915 39928 39942 40007 40018 40037 40039 40080 40083 40084 40085 40282 40285 40330 40332 40338 40344 40476 40482 40483 40641 40657 40659 40780 40795 40963 40966 40999 41006 41103 41111 41147 41225 41231 41260 41327 41345 41356 41374
LI (70):  39675 39715 39717 39720 39727 39764 39778 39792 39800 39802 39885 39891 39894 39897 39901 39903 39905 39911 39919 39927 39937 39938 39939 39941 39983 39986 39988 40006 40012 40015 40016 40017 40079 40084 40271 40275 40280 40281 40298 40299 40303 40305 40320 40329 40331 40337 40341 40342 40470 40472 40474 40504 40615 40656 40776 40778 40790 40791 40793 40998 41097 41102 41224 41230 41258 41324 41326 41341 41342 41343
NODE_NUM = 100
FILE aes_secworks_sub_395.aig

# Subcircuit 396
SUB_ID 396
LO (56):  39906 39911 39919 39927 39930 39937 39938 39939 39941 39951 39961 39970 39973 40051 40052 40091 40092 40099 40100 40101 40123 40230 40233 40237 40294 40296 40337 40341 40436 40446 40462 40499 40585 40588 40626 40639 40755 40772 40799 40821 40830 40945 40964 40976 40998 41087 41137 41141 41143 41224 41258 41264 41326 41346 41367 41379
LI (68):  39714 39725 39727 39730 39732 39748 39750 39752 39764 39769 39773 39804 39891 39901 39905 39908 39910 39923 39926 39933 39946 39949 39950 39952 39960 39967 39968 39985 40022 40023 40037 40043 40097 40117 40118 40119 40120 40124 40127 40210 40229 40231 40236 40273 40286 40287 40292 40293 40320 40326 40333 40334 40336 40342 40498 40587 40637 40768 40769 40819 40828 40941 40943 40963 40975 41139 41257 41378
NODE_NUM = 100
FILE aes_secworks_sub_396.aig

# Subcircuit 397
SUB_ID 397
LO (51):  39955 39960 39965 39967 39976 39983 40041 40042 40043 40045 40111 40124 40127 40128 40172 40179 40197 40199 40200 40286 40292 40319 40320 40322 40451 40452 40506 40592 40604 40624 40631 40647 40768 40786 40813 40930 40941 40943 40956 41001 41085 41102 41116 41211 41219 41241 41254 41324 41334 41365 41387
LI (71):  39675 39720 39723 39738 39746 39771 39776 39778 39783 39808 39858 39862 39875 39891 39923 39950 39958 39959 39982 40040 40061 40091 40092 40097 40109 40119 40127 40138 40144 40163 40164 40168 40171 40175 40177 40188 40190 40191 40195 40238 40265 40287 40290 40293 40294 40316 40318 40332 40451 40504 40614 40623 40629 40785 40811 40939 40955 41080 41084 41100 41114 41207 41210 41218 41253 41323 41333 41361 41364 41381 41386
NODE_NUM = 100
FILE aes_secworks_sub_397.aig

# Subcircuit 398
SUB_ID 398
LO (45):  39982 39988 39992 40006 40012 40019 40034 40036 40062 40070 40140 40154 40160 40217 40281 40318 40440 40458 40470 40484 40513 40586 40587 40597 40617 40778 40798 40806 40814 40949 40971 40975 40985 40995 41114 41118 41128 41133 41239 41246 41263 41331 41333 41381 41386
LI (67):  39675 39714 39720 39727 39734 39746 39759 39760 39762 39773 39776 39786 39808 39824 39839 39865 39891 39921 39923 39932 39979 39996 39997 39998 39999 40004 40028 40029 40030 40032 40061 40066 40135 40139 40142 40147 40149 40150 40151 40157 40158 40200 40208 40209 40212 40215 40317 40319 40479 40482 40483 40511 40612 40616 40797 40950 40980 40984 41097 41122 41124 41126 41235 41236 41245 41261 41384
NODE_NUM = 100
FILE aes_secworks_sub_398.aig

# Subcircuit 399
SUB_ID 399
LO (74):  40030 40040 40055 40063 40102 40105 40109 40135 40142 40143 40149 40150 40151 40157 40171 40177 40191 40208 40209 40210 40211 40212 40215 40218 40221 40228 40229 40231 40238 40240 40254 40257 40265 40272 40287 40298 40299 40316 40317 40434 40479 40498 40502 40511 40590 40595 40612 40645 40753 40758 40760 40769 40776 40785 40807 40822 40826 40933 40937 40968 40984 40991 41079 41084 41091 41097 41100 41200 41218 41318 41343 41353 41368 41369
LI (74):  39675 39717 39720 39725 39738 39740 39746 39748 39750 39751 39752 39759 39760 39761 39764 39769 39771 39773 39775 39776 39777 39778 39783 39792 39794 39795 39800 39808 39822 39824 39839 39840 39841 39857 39858 39862 39870 39885 39891 39922 39924 39950 39951 39970 39979 39996 40027 40145 40168 40170 40199 40200 40204 40206 40207 40230 40236 40260 40261 40262 40290 40307 40313 40344 40497 40585 40615 40936 40982 40990 41077 41089 41317 41367
NODE_NUM = 100
FILE aes_secworks_sub_399.aig

# Subcircuit 400
SUB_ID 400
LO (62):  40273 40274 40275 40329 40342 40355 40356 40408 40487 40504 40602 40616 40623 40629 40632 40637 40656 40797 40811 40819 40890 40955 40982 40990 41089 41107 41122 41139 41203 41207 41245 41253 41257 41261 41284 41335 41341 41357 41403 41416 41463 41483 41523 41524 41525 41526 41527 41528 41529 41530 41531 41552 41699 41885 41886 41887 43570 45431 46259 46314 46325 46424
LI (81):  155 267 279 281 29275 35876 35962 35967 36679 36695 39741 39746 39754 39761 39763 39766 39774 39776 39784 39801 39804 39805 39807 39817 39818 39820 39850 39851 39859 39901 39905 39915 39926 39962 39984 40037 40061 40066 40077 40078 40092 40099 40137 40138 40139 40145 40166 40169 40175 40189 40233 40234 40250 40259 40271 40272 40307 40323 40330 40333 40399 40402 40405 40614 40615 40714 40720 41046 41106 41251 41356 41413 41448 41451 41462 41482 41522 42186 44657 45425 46308
NODE_NUM = 96
FILE aes_secworks_sub_400.aig

# Subcircuit 401
SUB_ID 401
LO (57):  41448 41451 41462 41482 41533 41537 41539 41541 41542 41554 41558 41559 41560 41562 41563 41565 41572 41577 41581 41584 41586 41595 41682 41683 41684 41706 41708 41744 41745 41746 41747 41750 41756 41757 41820 41824 41826 41927 41931 42042 42043 42044 42089 42090 42091 42214 42249 42275 42404 42524 42543 42582 42684 42885 42992 43053 43111
LI (25):  91 93 157 161 219 221 283 285 5717 35876 35877 35962 35967 41457 41463 41467 41470 41481 41524 41527 41531 41535 41551 41552 41556
NODE_NUM = 97
FILE aes_secworks_sub_401.aig

# Subcircuit 402
SUB_ID 402
LO (79):  41467 41470 41481 41502 41522 41535 41545 41546 41547 41548 41549 41550 41551 41555 41556 41566 41567 41568 41608 41616 41617 41625 41632 41670 41678 41701 41705 41709 41710 41723 41725 41741 41758 41762 41801 41810 41811 41812 41830 41831 41845 41846 41848 41849 41850 41852 41858 41871 41876 41882 41883 41898 41918 41919 41943 41944 41951 41999 42000 42002 42026 42035 42036 42037 42039 42060 42061 42062 42064 42099 42111 42228 42236 42283 42411 42418 42583 42724 42865
LI (24):  95 97 159 169 223 225 287 289 5717 35876 35877 35962 35967 41476 41483 41487 41490 41501 41521 41525 41528 41534 41544 41558
NODE_NUM = 96
FILE aes_secworks_sub_402.aig

# Subcircuit 403
SUB_ID 403
LO (57):  41487 41490 41501 41521 41534 41544 41578 41579 41583 41585 41589 41591 41594 41599 41600 41601 41602 41603 41605 41643 41644 41645 41646 41651 41652 41657 41693 41695 41766 41770 41864 41865 41867 41869 41889 41938 41939 41974 41977 41978 42107 42222 42265 42365 42377 42378 42379 42421 42536 42670 42693 42847 42943 42978 42987 43056 43094
LI (33):  103 105 165 167 231 233 295 297 5717 35876 35877 35962 35967 41496 41502 41506 41509 41520 41533 41537 41539 41554 41555 41560 41565 41566 41575 41577 41581 41584 41586 41595 41641
NODE_NUM = 99
FILE aes_secworks_sub_403.aig

# Subcircuit 404
SUB_ID 404
LO (24):  41506 41509 41520 41571 41574 41575 42160 42299 42430 42591 42732 42734 42756 42893 43010 43126 44086 44313 45181 45280 45346 46232 46299 46464
LI (90):  99 101 163 227 229 291 293 5717 35876 35877 35962 35967 41515 41554 41560 41567 41568 41573 41574 41639 41819 41897 41942 41944 41945 41946 41949 41954 41967 41977 41990 41993 42005 42021 42033 42058 42076 42156 42216 42219 42225 42296 42351 42356 42357 42362 42370 42384 42385 42390 42398 42426 42428 42529 42542 42549 42551 42555 42564 42566 42570 42586 42587 42730 42731 42754 42813 42818 42824 42827 42829 42891 43008 43125 43168 44078 44081 44085 44312 45180 45279 45345 45447 46231 46291 46294 46298 46456 46459 46463
NODE_NUM = 100
FILE aes_secworks_sub_404.aig

# Subcircuit 405
SUB_ID 405
LO (18):  41573 41641 41819 42005 42156 42296 42369 42398 42551 42566 42586 42730 42754 42818 42822 43008 43082 43125
LI (87):  41567 41572 41577 41581 41584 41608 41613 41614 41623 41639 41640 41643 41659 41672 41688 41700 41713 41721 41728 41731 41733 41734 41738 41751 41762 41816 41885 41951 41983 42004 42025 42079 42082 42092 42104 42106 42110 42113 42155 42243 42245 42254 42262 42266 42268 42277 42293 42294 42367 42394 42396 42574 42577 42585 42690 42703 42706 42709 42719 42729 42735 42738 42740 42749 42751 42815 42817 42938 42941 42945 42957 42961 42963 42967 42975 43005 43007 43051 43053 43060 43072 43073 43077 43083 43087 43089 43122
NODE_NUM = 100
FILE aes_secworks_sub_405.aig

# Subcircuit 406
SUB_ID 406
LO (32):  41613 41623 41626 41627 41628 41629 41630 41631 41640 41713 41721 41816 41897 42008 42012 42019 42113 42155 42262 42356 42426 42549 42555 42585 42749 42817 42891 42967 42975 43005 43087 43122
LI (84):  41546 41554 41560 41572 41586 41608 41616 41617 41622 41625 41639 41658 41701 41702 41704 41712 41714 41718 41783 41784 41790 41796 41798 41814 41834 41844 41847 41849 41850 41853 41896 42007 42011 42018 42073 42080 42111 42124 42126 42135 42144 42146 42151 42152 42258 42259 42353 42414 42417 42418 42423 42545 42547 42554 42580 42584 42743 42748 42843 42852 42855 42857 42860 42863 42865 42873 42874 42877 42879 42882 42886 42887 42965 42972 42973 42991 42996 42999 43000 43086 43106 43107 43112 43120
NODE_NUM = 100
FILE aes_secworks_sub_406.aig

# Subcircuit 407
SUB_ID 407
LO (37):  41639 41658 41659 41662 41663 41664 41688 41716 41828 41861 41896 41967 42079 42082 42084 42085 42086 42216 42219 42243 42357 42384 42529 42542 42570 42690 42703 42706 42843 42852 42873 42875 42938 42961 42991 43051 43080
LI (74):  41522 41537 41539 41571 41577 41581 41584 41586 41595 41608 41632 41638 41646 41652 41657 41667 41668 41686 41687 41746 41811 41868 41870 41873 41875 41876 41886 41895 41908 41931 41938 41943 41961 41963 41964 42029 42037 42050 42080 42212 42214 42234 42237 42241 42349 42374 42378 42379 42382 42508 42510 42512 42527 42532 42533 42541 42568 42689 42694 42702 42705 42835 42838 42840 42845 42851 42872 42936 42937 42958 42960 42979 42980 42990
NODE_NUM = 98
FILE aes_secworks_sub_407.aig

# Subcircuit 408
SUB_ID 408
LO (40):  41667 41672 41679 41681 41686 41912 41942 41983 41990 42058 42068 42071 42072 42073 42076 42124 42126 42234 42266 42268 42293 42370 42382 42396 42414 42527 42561 42580 42678 42702 42729 42824 42855 42936 42937 42941 42957 43069 43103 43106
LI (66):  41533 41539 41554 41572 41577 41589 41595 41616 41670 41678 41680 41684 41685 41763 41796 41835 41851 41871 41907 41909 41915 41919 41941 41944 41975 41980 41981 41987 42000 42041 42052 42054 42055 42056 42065 42066 42067 42074 42120 42230 42232 42265 42279 42284 42292 42365 42369 42381 42406 42409 42411 42506 42514 42516 42526 42696 42701 42820 42823 42835 42854 42940 42952 42954 43095 43105
NODE_NUM = 100
FILE aes_secworks_sub_408.aig

# Subcircuit 409
SUB_ID 409
LO (49):  41680 41700 41702 41704 41712 41714 41718 41722 41726 41727 41728 41847 41868 41895 42065 42066 42080 42092 42104 42110 42140 42144 42145 42146 42148 42152 42225 42232 42245 42254 42277 42389 42417 42423 42506 42508 42514 42533 42689 42709 42716 42827 42835 42838 42851 42958 43083 43089 43105
LI (84):  41522 41523 41525 41528 41530 41533 41560 41581 41585 41600 41608 41678 41682 41693 41695 41699 41701 41702 41705 41706 41708 41709 41710 41716 41723 41725 41737 41793 41828 41846 41858 41861 41864 41867 41883 41887 41888 41889 41891 41892 42060 42061 42062 42064 42085 42086 42091 42097 42099 42102 42106 42107 42108 42134 42139 42142 42147 42151 42222 42224 42244 42250 42252 42273 42275 42378 42416 42421 42507 42532 42670 42672 42673 42676 42678 42687 42707 42826 42836 42847 43080 43082 43101 43103
NODE_NUM = 100
FILE aes_secworks_sub_409.aig

# Subcircuit 410
SUB_ID 410
LO (47):  41731 41733 41737 41738 41751 41759 41775 41783 41814 41834 41835 41844 41870 41873 41905 41907 41908 41909 41941 41945 41946 42102 42134 42135 42241 42250 42273 42292 42385 42394 42406 42510 42532 42547 42564 42681 42719 42735 42738 42845 42857 42879 42963 42985 42996 42999 43120
LI (79):  41522 41529 41530 41535 41537 41539 41541 41546 41547 41549 41550 41554 41567 41572 41586 41631 41645 41662 41699 41716 41741 41742 41750 41756 41757 41758 41768 41771 41774 41779 41780 41788 41802 41804 41813 41820 41826 41828 41831 41832 41838 41843 41850 41869 41872 41900 41906 41931 41935 41939 41943 41960 42001 42010 42089 42101 42126 42133 42239 42249 42286 42291 42392 42402 42404 42559 42563 42715 42716 42723 42724 42734 42736 42885 42994 42997 43114 43116 43118
NODE_NUM = 100
FILE aes_secworks_sub_410.aig

# Subcircuit 411
SUB_ID 411
LO (65):  41763 41768 41771 41774 41779 41780 41784 41787 41788 41789 41790 41796 41798 41807 41808 41813 41838 41842 41843 41851 41853 41899 41900 41935 41953 41954 41956 41958 41971 41980 41987 42001 42004 42016 42022 42046 42054 42094 42095 42097 42230 42257 42290 42349 42351 42353 42367 42381 42507 42538 42559 42672 42687 42721 42743 42820 42854 42862 42945 42973 42979 42980 43000 43060 43095
LI (53):  41483 41525 41528 41531 41533 41539 41545 41554 41558 41560 41578 41579 41581 41584 41591 41616 41646 41670 41699 41758 41762 41766 41767 41770 41794 41795 41812 41848 41852 41869 41898 41950 41951 41972 41976 41979 41999 42000 42002 42091 42140 42147 42212 42228 42350 42352 42681 42686 42943 42978 43056 43059 43094
NODE_NUM = 97
FILE aes_secworks_sub_411.aig

# Subcircuit 412
SUB_ID 412
LO (59):  41793 41794 41795 41802 41804 41872 41891 41906 41915 41949 41950 41960 41961 41963 41964 41972 41975 41976 41979 42018 42021 42025 42029 42033 42067 42101 42108 42139 42142 42147 42151 42212 42239 42244 42284 42286 42352 42362 42374 42402 42545 42568 42694 42701 42707 42715 42723 42731 42748 42813 42829 42872 42886 42972 42990 43059 43072 43107 43114
LI (69):  41483 41533 41537 41554 41567 41568 41572 41577 41579 41584 41586 41595 41600 41601 41632 41651 41678 41699 41709 41710 41758 41766 41787 41789 41801 41807 41808 41810 41811 41845 41865 41871 41908 41944 41958 41971 41974 41978 42008 42016 42019 42022 42025 42027 42028 42035 42042 42043 42068 42090 42141 42145 42148 42283 42401 42543 42692 42693 42699 42713 42721 42746 42812 42836 42885 42970 42986 42987 43071
NODE_NUM = 99
FILE aes_secworks_sub_412.aig

# Subcircuit 413
SUB_ID 413
LO (61):  41981 42007 42010 42011 42027 42028 42041 42050 42052 42056 42106 42120 42133 42141 42170 42237 42252 42258 42259 42279 42291 42309 42350 42390 42392 42409 42440 42512 42526 42541 42554 42563 42574 42577 42584 42601 42644 42676 42686 42696 42699 42705 42736 42746 42766 42812 42815 42823 42826 42836 42840 42863 42877 42882 42900 42940 42986 42994 42997 43071 43077
LI (120):  283 285 287 289 291 293 36695 41526 41533 41537 41539 41542 41546 41548 41551 41556 41558 41559 41560 41562 41563 41572 41577 41581 41583 41584 41586 41591 41595 41599 41600 41602 41603 41605 41616 41617 41626 41627 41628 41629 41632 41644 41645 41663 41664 41670 41679 41683 41693 41699 41705 41709 41722 41723 41726 41727 41744 41745 41747 41759 41770 41775 41824 41828 41830 41842 41846 41858 41864 41883 41899 41900 41912 41918 41919 41927 41956 42008 42012 42026 42035 42036 42037 42039 42044 42046 42049 42051 42062 42072 42084 42090 42094 42102 42228 42236 42257 42290 42349 42377 42389 42522 42524 42536 42538 42540 42561 42582 42583 42638 42641 42684 42732 42822 42862 42875 42985 42992 43066 43070
NODE_NUM = 100
FILE aes_secworks_sub_413.aig

# Subcircuit 414
SUB_ID 414
LO (61):  42952 42954 42960 42965 43017 43066 43070 43073 43086 43101 43112 43118 43133 43149 43162 43168 43170 43174 43204 43209 43228 43237 43243 43248 43252 43255 43287 43326 43365 43404 43443 43476 43516 43554 43593 43632 43671 43710 43749 43779 43815 43857 43896 43935 43974 44013 44052 44085 44121 44160 44199 44238 44277 44316 44355 44419 44685 44749 45180 45260 46047
LI (92):  171 173 175 177 179 181 183 185 187 189 191 193 195 197 199 201 203 205 207 209 211 213 215 217 219 221 223 225 227 229 231 233 295 297 32180 32238 36676 36679 36689 36691 36692 36695 36753 37752 37758 37767 38555 38582 38703 38858 38867 38873 39019 39040 39205 41562 41574 41594 41630 41681 41741 41745 41759 41775 41810 41831 41838 41882 41905 41953 41958 41978 42071 42072 42095 42107 42111 42144 42236 42693 43069 43111 43143 43146 43161 43165 43219 43225 43234 43514 44684 45179
NODE_NUM = 98
FILE aes_secworks_sub_414.aig

# Subcircuit 415
SUB_ID 415
LO (22):  43273 43276 43281 43294 43321 43333 43436 43469 43472 43483 43492 43510 43547 45046 45323 45739 45772 46122 46239 46278 46291 46292
LI (43):  32366 34540 35886 35954 36676 36679 37241 38906 38909 39037 39043 39079 39208 39342 39620 40366 40369 40399 40535 40538 40556 43408 43414 43420 43432 43447 43450 43453 43462 43465 43471 43480 43489 43525 43528 43534 43543 45738 45771 46110 46116 46281 46287
NODE_NUM = 99
FILE aes_secworks_sub_415.aig

# Subcircuit 416
SUB_ID 416
LO (24):  43549 43597 43600 43693 43762 43773 43786 43804 43822 43834 43846 43852 43867 43876 43921 43930 43969 43987 44032 44078 44081 44715 44774 45570
LI (51):  29403 29527 29586 31651 34598 35886 35895 35910 35954 36676 36679 36708 36860 37006 38692 38838 40402 40854 40860 41028 41157 41407 42195 42204 42340 42433 42447 42459 42462 42480 42594 42623 42659 42803 42928 43678 43681 43684 43759 43819 43831 43843 43873 43984 44026 44029 44059 44065 44068 44074 44705
NODE_NUM = 100
FILE aes_secworks_sub_416.aig

# Subcircuit 417
SUB_ID 417
LO (49):  44104 44164 44188 44203 44218 44254 44293 44312 44338 44381 44383 44390 44392 44418 44425 44444 44458 44491 44524 44557 44590 44623 44653 44689 44722 44755 44788 44821 44854 44887 44920 44953 44986 44990 45019 45052 45085 45118 45151 45184 45217 45250 45283 45316 45350 45382 45415 45780 45819
LI (68):  107 109 111 113 115 117 119 121 123 125 127 129 131 133 135 137 139 141 143 145 147 149 151 153 155 157 159 161 163 165 167 169 33999 35954 36676 36689 36691 36692 37023 37077 37190 37193 37217 37220 37241 37364 37367 37382 40399 40550 40696 44098 44101 44215 44310 44311 44329 44335 44374 44377 44387 44396 44399 44402 44414 44429 44438 45348
NODE_NUM = 97
FILE aes_secworks_sub_417.aig

# Subcircuit 418
SUB_ID 418
LO (20):  44438 44451 44452 44477 44486 44518 44583 44603 44633 44648 44672 44684 44705 44717 44738 44768 44906 44915 44946 44947
LI (55):  28804 28866 28925 31181 34186 35954 36676 36679 36702 36708 37020 38549 38692 38739 39073 40399 40402 40524 40556 40559 40562 40887 42186 42313 42328 42433 42453 42483 42594 42605 43789 44444 44447 44462 44474 44561 44564 44570 44579 44630 44657 44666 44696 44702 44729 44735 44762 44765 44894 44897 44900 44930 44933 44936 44942
NODE_NUM = 98
FILE aes_secworks_sub_418.aig

# Subcircuit 419
SUB_ID 419
LO (46):  44972 44980 45008 45014 45023 45032 45068 45078 45134 45167 45179 45210 45233 45254 45279 45408 45440 45446 45447 45449 45482 45515 45548 45581 45614 45647 45680 45713 45743 45776 45809 45842 45875 45908 45941 45974 46004 46037 46070 46103 46136 46169 46202 46235 46265 46298
LI (73):  43 45 47 49 51 53 55 57 59 61 63 65 67 69 71 73 75 77 79 81 83 85 87 89 91 93 95 28289 31361 33535 33709 35954 36676 36679 36689 36691 36692 37080 37193 37217 37226 37241 37504 38543 38549 38555 38703 38712 38861 38870 38879 39019 44960 44963 44966 45062 45065 45071 45074 45128 45131 45161 45164 45197 45200 45206 45227 45230 45386 45392 45395 45404 45444
NODE_NUM = 100
FILE aes_secworks_sub_419.aig

# Subcircuit 420
SUB_ID 420
LO (21):  45475 45477 45508 45510 45528 45543 45558 45621 45709 45726 45738 45759 45771 45798 45837 45868 45924 45957 45985 45986 45997
LI (55):  28382 28441 28506 30772 30830 30952 35892 35954 36676 36702 37241 37764 37767 37773 38703 40524 40670 41277 41440 42433 42471 42480 42594 42635 42641 43825 43984 44125 45453 45456 45465 45486 45492 45495 45504 45707 45708 45717 45720 45750 45753 45756 45795 45846 45849 45852 45864 45912 45915 45918 45951 45978 45984 45987 45993
NODE_NUM = 100
FILE aes_secworks_sub_420.aig

# Subcircuit 421
SUB_ID 421
LO (31):  45987 45993 45999 46008 46020 46026 46033 46044 46066 46077 46098 46110 46140 46152 46195 46221 46231 46258 46281 46294 46308 46331 46338 46347 46364 46397 46430 46446 46456 46459 46463
LI (61):  97 99 101 103 105 33126 33184 33245 33306 35954 36676 36679 37749 38540 38582 38703 38739 39019 39022 39028 39196 39605 40402 40696 40869 40872 40878 43195 43234 43723 45446 45985 45986 46014 46017 46041 46107 46146 46149 46176 46179 46182 46191 46206 46212 46215 46230 46251 46254 46272 46278 46292 46293 46305 46341 46344 46440 46449 46452 46457 46458
NODE_NUM = 93
FILE aes_secworks_sub_421.aig

