# Subcircuit 0
SUB_ID 0
LO (27):  3783 14431 14436 14440 14448 14456 14459 14461 14465 14468 14471 14473 14476 14478 14491 14515 14520 14562 14604 14605 14606 14628 14637 24322 24367 24389 49618
LI (41):  1 2 3 4 10 18 21 111 118 454 455 456 534 535 536 537 662 663 664 790 791 792 793 918 919 920 1046 1047 1048 1174 1175 1176 1302 1303 1304 1430 1431 1432 1558 1559 1560
NODE_NUM = 197
FILE aes_xcrypt_sub_0.aig

# Subcircuit 1
SUB_ID 1
LO (72):  3784 3786 3787 3814 3841 3842 3896 3897 3898 3953 4007 4009 4010 4011 4012 4013 4014 4015 4016 4017 4018 4019 4020 4040 4042 4060 4061 4062 4063 4064 4065 4067 4069 4070 4071 4073 4074 4118 4145 4223 4224 4226 4228 4229 4256 4312 4313 4314 4315 4693 4850 4931 4944 5023 5044 5247 5449 8831 8832 8842 8844 8854 14410 14413 14421 19946 20633 20744 20847 21999 22211 22588
LI (22):  5 8 9 3785 3790 3812 3817 3839 3845 3867 3872 3894 3901 3923 3928 3950 3956 3978 3983 4005 4038 4058
NODE_NUM = 106
FILE aes_xcrypt_sub_1.aig

# Subcircuit 2
SUB_ID 2
LO (68):  3785 3790 8838 8843 9626 9628 9746 9748 9861 9863 9981 9983 10084 10086 10192 10194 10296 10298 10402 10404 10477 10479 10480 10482 10483 10485 10486 10488 10489 10491 10492 10494 10495 10497 10498 10500 10573 10575 10576 10578 10579 10581 10582 10584 10585 10587 10588 10590 10591 10593 10594 10596 10669 10671 10672 10674 10675 10677 10678 10680 10681 10683 10684 10686 10687 10690 14409 14419
LI (73):  5 6 7 58 3784 3786 3787 3789 3817 3845 3872 3901 3928 3956 3983 8831 8832 8842 8844 8854 9607 9613 9619 9627 9727 9733 9739 9747 9842 9848 9854 9862 9962 9968 9974 9982 10065 10071 10077 10085 10173 10179 10185 10193 10277 10283 10289 10297 10383 10389 10395 10478 10481 10484 10487 10490 10493 10496 10499 10574 10577 10580 10583 10586 10589 10592 10595 10670 10673 10676 10679 10682 10685
NODE_NUM = 200
FILE aes_xcrypt_sub_2.aig

# Subcircuit 3
SUB_ID 3
LO (133):  3789 3812 8880 8906 8958 8961 8962 8965 8968 8970 8974 8975 8977 8978 8980 9021 9022 9072 9075 9076 9077 9081 9082 9084 9086 9087 9114 9131 9132 9133 9134 9136 9149 9150 9162 9170 9171 9172 9173 9174 9175 9176 9213 9214 9222 9223 9224 9225 9227 9252 9253 9254 9255 9256 9257 9258 9267 9268 9269 9270 9272 9273 9283 9284 9285 9286 9287 9288 9289 9290 9299 9300 9301 9303 9356 9358 9360 9411 9412 9413 9414 9416 9417 9418 9419 9420 9421 9458 9459 9460 9462 9533 9541 9543 9576 9582 9591 9676 9692 9702 9712 9766 9775 9777 9788 9899 10006 10089 10092 10096 10099 10214 10222 10300 20047 20061 20080 20284 20301 20309 21079 21091 21094 21102 21261 21414 21443 21833 21836 21847 22472 22474 22489
LI (22):  5 18 21 59 108 397 3787 3799 3811 8856 8857 8866 8879 8905 8957 8960 8964 8967 8972 8973 8976 8979
NODE_NUM = 156
FILE aes_xcrypt_sub_3.aig

# Subcircuit 4
SUB_ID 4
LO (132):  3799 4274 4275 4276 4277 4278 4279 4281 4283 4285 4286 4292 4293 4294 4295 4296 4297 4301 4302 4303 4304 4305 4306 4307 4341 4375 4376 4377 4378 4383 4384 4385 4390 4399 4400 4401 4402 4403 4404 4405 4406 4435 4436 4439 4440 4441 4483 4484 4486 4487 4489 4522 4524 4525 4527 4528 4618 4620 4621 4623 4624 4657 4658 4659 4660 4661 4662 4670 4671 4672 4691 4736 4742 4793 4800 4824 4860 4868 4907 4919 4938 4958 5020 5035 5054 5060 5077 5080 5084 5139 5140 5188 5194 5195 5201 5203 5244 5282 5349 5351 5365 5386 5410 5455 5498 5517 10899 11259 19949 19954 20632 20656 20661 20679 20682 20706 20740 20760 20767 20814 20840 20857 21655 21663 21666 21678 21987 21988 22029 22043 22227 33116
LI (23):  18 21 50 52 3787 3794 3841 4042 4061 4064 4067 4069 4105 4107 4110 4112 4136 4162 4190 4256 4257 4270 4340
NODE_NUM = 183
FILE aes_xcrypt_sub_4.aig

# Subcircuit 5
SUB_ID 5
LO (124):  3794 3811 4270 10772 11068 33124 33125 33126 33129 33130 33133 33135 33136 33137 33141 33142 33143 33146 33149 33150 33151 33166 33176 33178 33179 33180 33202 33203 33209 33210 33212 33237 33238 33239 33240 33248 33253 33254 33280 33281 33302 33305 33337 33342 33343 33344 33359 33363 33366 33367 33368 33375 33376 33377 33380 33388 33389 33390 33392 33433 33434 33435 33436 33446 33447 33450 33451 33452 33466 33467 33484 33485 33486 33525 33526 33530 33531 33555 33556 33559 33581 33582 33585 33586 33591 33592 33616 33617 33637 33638 33643 33644 33665 33667 33668 33721 33722 33726 33727 33728 33733 33734 33782 33835 34722 34791 34795 34834 36640 36706 36778 36811 36818 36903 38440 38453 38470 38517 39055 39170 39507 40120 40126 40163
LI (23):  18 21 51 54 56 109 3787 3804 3809 4264 10426 11066 33106 33115 33116 33123 33128 33132 33134 33139 33140 33145 33148
NODE_NUM = 144
FILE aes_xcrypt_sub_5.aig

# Subcircuit 6
SUB_ID 6
LO (138):  3804 3817 5550 5552 5577 5603 5655 5658 5659 5662 5665 5667 5671 5672 5674 5675 5677 5718 5719 5769 5772 5773 5774 5778 5779 5781 5783 5784 5811 5829 5838 5848 5849 5861 5869 5870 5871 5872 5873 5874 5875 5928 5929 5930 5931 5933 5936 5937 5938 5939 5941 5949 5957 5958 5959 5960 5961 5962 5963 5972 5973 5974 5976 6003 6004 6005 6007 6051 6052 6053 6054 6055 6056 6057 6108 6109 6110 6111 6113 6114 6115 6116 6117 6118 6141 6142 6143 6144 6146 6179 6180 6183 6184 6230 6238 6240 6284 6289 6371 6387 6400 6404 6459 6468 6470 6481 6590 6718 6777 6780 6784 6787 6844 6901 6909 6934 6986 10297 10426 10522 20129 20145 20155 20914 20929 20937 20944 21180 21559 21582 21593 21748 21761 21779 22087 22300 22302 22320
LI (21):  5 21 48 55 3787 3816 5537 5538 5546 5551 5562 5576 5602 5654 5657 5661 5664 5669 5670 5673 5676
NODE_NUM = 160
FILE aes_xcrypt_sub_6.aig

# Subcircuit 7
SUB_ID 7
LO (77):  3816 3839 4162 4163 4214 4215 4216 4217 4218 4219 4255 4325 4327 4328 4329 4331 4334 4337 4339 4340 4361 4363 4364 4365 4572 4576 4577 4578 4580 4582 4584 4585 4591 4592 4686 4700 4702 4703 4722 4796 4812 4834 4844 4976 4983 5047 5103 5154 5172 5184 5249 5250 5251 5274 5371 5372 5373 5471 5483 5506 5511 8879 10897 11256 19964 19974 20630 20722 20748 21636 21672 22008 22239 22598 22602 22635 33120
LI (44):  5 18 21 40 42 49 106 394 3787 3814 3821 3826 3838 3897 4009 4012 4016 4019 4042 4061 4064 4067 4069 4093 4095 4098 4100 4105 4107 4110 4112 4117 4144 4145 4146 4159 4187 4206 4213 4253 4323 8868 8869 8878
NODE_NUM = 155
FILE aes_xcrypt_sub_7.aig

# Subcircuit 8
SUB_ID 8
LO (38):  3821 3838 3845 4159 5448 5576 10193 10425 10521 10617 10706 10770 10834 10898 11065 20779 20803 21215 21400 21826 22190 22567 22685 22694 22714 22739 22760 22793 22796 22973 22976 23036 23057 23060 23174 23243 23360 33123
LI (57):  5 18 21 38 41 44 45 46 107 1687 1695 3787 3836 3844 4153 5421 5422 5430 5434 5442 5447 5574 10423 10424 10520 10616 10705 10833 10897 11063 20344 20524 20703 20774 20785 20802 21135 21212 21215 21293 21382 21399 21718 21814 21825 22163 22178 22189 22543 22552 22566 22661 22673 22684 22718 22730 33120
NODE_NUM = 200
FILE aes_xcrypt_sub_8.aig

# Subcircuit 9
SUB_ID 9
LO (76):  3844 3867 8905 8973 9012 9014 9016 9017 9018 9033 9039 9041 9043 9048 9052 9055 9057 9058 9062 9063 9065 9068 9069 9070 9071 9098 9099 9100 9101 9102 9103 9104 9105 9106 9108 9109 9113 9522 9524 9525 9553 9554 9556 9647 9648 9649 9653 9752 9755 9796 9937 9941 9942 10010 10030 10126 10149 10196 10218 10219 10220 10233 10322 10332 20041 20042 20050 20282 20543 20560 21106 21258 21427 21452 21861 21889
LI (34):  5 18 21 39 104 391 3787 3854 3866 8880 8881 8882 8891 8904 8957 8960 8964 8967 8972 8976 8979 8981 8987 8989 8992 8994 8999 9001 9004 9006 9011 9029 9078 9095
NODE_NUM = 137
FILE aes_xcrypt_sub_9.aig

# Subcircuit 10
SUB_ID 10
LO (79):  3854 4136 4138 4140 4141 4142 4144 4175 4181 4183 4185 4187 4190 4194 4197 4199 4200 4204 4205 4206 4207 4210 4211 4212 4213 4240 4241 4242 4243 4244 4245 4246 4247 4248 4250 4251 4253 4682 4684 4685 4713 4714 4716 4805 4806 4807 4811 4908 4911 4952 5091 5095 5096 5163 5183 5277 5300 5346 5368 5369 5370 5383 5470 5480 10895 11253 19958 19959 19967 20631 20649 20747 20821 21674 22012 22037 22224 22254 33111
LI (29):  18 21 30 32 3787 3842 3849 3896 4009 4012 4016 4019 4042 4060 4064 4067 4069 4093 4095 4098 4100 4105 4107 4110 4112 4118 4119 4132 4237
NODE_NUM = 132
FILE aes_xcrypt_sub_10.aig

# Subcircuit 11
SUB_ID 11
LO (159):  3849 3866 4132 10768 11062 33115 33140 33154 33155 33160 33161 33162 33164 33167 33168 33171 33172 33173 33174 33175 33182 33183 33184 33185 33186 33187 33188 33190 33191 33192 33193 33194 33196 33223 33262 33263 33264 33265 33266 33267 33270 33271 33272 33275 33287 33310 33313 33314 33315 33316 33331 33334 33335 33336 33360 33396 33404 33413 33423 33424 33489 33492 33493 33494 33514 33515 33516 33517 33519 33523 33542 33565 33566 33598 33599 33600 33601 33602 33603 33605 33607 33608 33609 33651 33652 33653 33654 33655 33656 33657 33658 33659 33660 33684 33685 33687 33688 33690 33691 33692 33693 33694 33695 33745 33747 33771 33781 33787 33788 33792 33803 33806 34686 34701 34821 34828 34833 36602 36653 36686 36692 36694 36695 36696 36722 36799 36804 36852 36874 36875 38399 38422 38433 38436 38443 38452 38462 38469 38473 38475 39072 39073 39074 39080 39096 39116 39178 39440 39459 39488 39550 40078 40097 40110 40118 40124 40149 40159 40168
LI (30):  18 21 31 34 36 105 3787 3859 3864 4126 10420 11060 33106 33110 33111 33124 33128 33137 33141 33145 33151 33153 33157 33159 33165 33166 33169 33181 33189 33195
NODE_NUM = 195
FILE aes_xcrypt_sub_11.aig

# Subcircuit 12
SUB_ID 12
LO (81):  3859 3872 5343 5345 5602 5670 5709 5711 5713 5714 5715 5730 5736 5738 5740 5745 5749 5752 5754 5755 5759 5760 5762 5765 5766 5767 5768 5795 5796 5797 5798 5799 5800 5801 5802 5803 5805 5806 5810 6219 6221 6222 6250 6251 6253 6342 6343 6344 6348 6445 6448 6489 6628 6632 6633 6700 6720 6814 6837 6883 6905 6906 6907 6920 7007 7017 10085 10420 10516 20127 20364 20382 20941 21177 21572 21597 21741 21742 21750 22100 22130
LI (33):  5 21 28 35 3787 3871 5330 5331 5339 5344 5577 5587 5601 5654 5657 5661 5664 5669 5673 5676 5678 5684 5686 5689 5691 5696 5698 5701 5703 5708 5726 5775 5792
NODE_NUM = 140
FILE aes_xcrypt_sub_12.aig

# Subcircuit 13
SUB_ID 13
LO (33):  3871 3894 4058 5239 5601 8904 10419 10515 10611 10702 10766 10830 10894 11251 22451 22543 22566 22649 22661 22684 22715 22730 22907 22937 22940 22970 23000 23123 23180 23201 23312 23369 33110
LI (55):  5 18 19 20 21 22 29 102 388 1688 1691 1716 1717 3787 3881 3893 4044 4057 5212 5213 5221 5227 5233 5238 5599 8893 8894 8903 10418 10514 10609 10610 10701 10765 10829 11249 22279 22363 22448 22451 22537 22644 22658 22694 22697 22714 22724 22904 22928 22943 22961 22979 22982 22999 33109
NODE_NUM = 189
FILE aes_xcrypt_sub_13.aig

# Subcircuit 14
SUB_ID 14
LO (93):  3893 3901 4057 5227 8957 8960 8964 8967 8972 8976 8979 8981 8982 8983 8987 8988 8989 8990 8992 8993 8994 8997 8999 9000 9001 9002 9003 9004 9006 9007 9008 9009 9011 9023 9024 9029 9073 9074 9078 9088 9089 9090 9091 9092 9093 9094 9095 9151 9154 9155 9157 9158 9159 9160 9198 9199 9200 9201 9202 9203 9532 9540 9555 9638 9645 9654 9661 9786 9795 9891 9909 9911 10002 10013 10114 10123 10145 10221 10331 10335 10339 10765 11059 20043 20542 21050 21068 21430 21884 21887 22486 22516 33109
LI (32):  5 18 21 24 25 26 76 77 103 403 3787 3891 4051 5225 8906 8918 8919 8920 8929 8956 8970 8971 8974 8978 8980 8986 8998 9022 9072 9077 9087 11057
NODE_NUM = 143
FILE aes_xcrypt_sub_14.aig

# Subcircuit 15
SUB_ID 15
LO (153):  3923 33106 33128 33132 33134 33139 33145 33148 33153 33157 33159 33165 33169 33177 33181 33189 33195 33198 33199 33205 33207 33208 33213 33216 33217 33218 33219 33220 33221 33225 33226 33227 33228 33229 33230 33233 33236 33241 33242 33243 33245 33247 33249 33250 33252 33303 33306 33338 33345 33346 33347 33369 33370 33371 33374 33391 33406 33407 33408 33429 33443 33445 33453 33454 33463 33464 33468 33469 33528 33540 33543 33548 33551 33553 33554 33567 33568 33575 33576 33577 33579 33580 33589 33593 33594 33610 33611 33612 33613 33614 33615 33618 33723 33724 33754 33755 33756 33757 33758 33759 33762 33763 33779 33824 33830 33832 33844 34698 34700 34729 34738 34787 34792 34806 34831 36626 36634 36641 36652 36666 36669 36676 36680 36688 36815 36833 36840 36854 36882 36912 38405 38408 38423 38434 38456 38482 39057 39061 39070 39089 39103 39109 39156 39185 39424 39427 39528 39556 39564 40069 40148 40154 40160
LI (28):  18 21 71 3910 3922 33096 33100 33103 33131 33138 33142 33152 33164 33176 33180 33182 33192 33193 33194 33196 33203 33209 33210 33212 33223 33237 33240 33248
NODE_NUM = 187
FILE aes_xcrypt_sub_15.aig

# Subcircuit 16
SUB_ID 16
LO (101):  3910 3922 3928 4885 4897 4904 4906 5654 5657 5661 5664 5669 5673 5676 5678 5679 5680 5684 5685 5686 5687 5689 5690 5691 5694 5696 5697 5698 5699 5700 5701 5703 5704 5705 5706 5708 5720 5721 5726 5770 5771 5775 5785 5786 5787 5788 5789 5790 5791 5792 5850 5853 5854 5856 5857 5858 5859 5897 5898 5899 5900 5901 5902 6229 6237 6252 6333 6340 6349 6356 6479 6488 6582 6600 6602 6691 6703 6802 6811 6833 6908 7016 7020 7024 9627 10504 10760 10888 11050 11242 20363 20884 20902 21575 21690 21743 22125 22128 22314 22343 33103
LI (39):  5 18 21 66 68 69 70 72 73 74 75 3787 3920 3927 4879 4880 4888 4892 4900 4905 5603 5615 5625 5653 5667 5668 5671 5675 5677 5683 5695 5719 5769 5774 5784 10408 10600 11048 11240
NODE_NUM = 160
FILE aes_xcrypt_sub_16.aig

# Subcircuit 17
SUB_ID 17
LO (32):  3927 3950 4788 5615 8918 10407 10503 10599 10694 10758 10822 10886 11239 20344 20802 20873 21135 21399 21814 22169 22178 22775 22781 22817 22856 22877 23030 23081 23105 23216 23270 33100
LI (56):  5 17 18 21 60 61 62 67 400 1694 1697 1703 1704 3787 3937 3949 4761 4762 4770 4776 4782 4787 5613 8907 8908 8917 10406 10502 10597 10598 10693 10757 10821 11237 20107 20184 20259 20338 20868 21132 21802 21808 22166 22169 22172 22742 22766 22787 22805 22808 22829 22832 22838 22855 22874 33097
NODE_NUM = 196
FILE aes_xcrypt_sub_17.aig

# Subcircuit 18
SUB_ID 18
LO (126):  3949 3956 3978 4093 4094 4095 4096 4098 4099 4100 4101 4102 4103 4105 4106 4107 4108 4109 4110 4111 4112 4113 4114 4115 4117 4230 4231 4232 4233 4234 4235 4236 4237 4316 4317 4318 4319 4320 4321 4322 4323 4343 4345 4347 4348 4411 4413 4414 4416 4419 4428 4429 4430 4431 4432 4433 4434 4444 4445 4446 4447 4448 4449 4450 4459 4460 4461 4462 4464 4465 4475 4541 4542 4543 4544 4545 4546 4692 4715 4776 4790 4803 4819 4839 4872 4913 4942 4969 4980 5045 5063 5098 5155 5196 5241 5265 5267 5268 5301 5456 5479 5487 8956 8971 8986 8998 9862 10757 10889 11047 11244 19943 19945 19981 20660 20663 20704 20822 21629 22009 22249 22252 22577 22616 33088 33097
LI (51):  5 13 18 21 63 64 65 78 80 81 86 87 406 3787 3898 3947 3953 3960 3965 3977 4007 4011 4015 4018 4040 4062 4073 4074 4075 4088 4229 4255 4293 4315 4341 4342 4357 4373 4375 4408 4412 4426 4441 4457 4472 4774 8932 8933 8942 8955 11045
NODE_NUM = 193
FILE aes_xcrypt_sub_18.aig

# Subcircuit 19
SUB_ID 19
LO (41):  3960 3977 3983 4088 5019 5653 5668 5683 5695 9982 10413 10509 10605 10698 10762 10826 10890 11053 21718 21825 22057 22163 22189 22552 22664 22673 22829 22855 22862 22898 22928 22949 23075 23129 23156 23264 23318 33096 33131 33138 33152
LI (54):  5 18 21 79 82 83 84 85 96 1708 1709 1712 1713 3787 3975 3982 4082 4992 4993 5001 5005 5013 5018 5638 5652 10411 10412 10508 10604 10697 10825 10889 11051 20107 21048 21700 21703 21706 21712 22052 22160 22166 22664 22667 22742 22766 22784 22805 22820 22868 22874 22889 33088 33095
NODE_NUM = 195
FILE aes_xcrypt_sub_19.aig

# Subcircuit 20
SUB_ID 20
LO (45):  3982 4005 4038 4044 4051 4075 4082 4119 4126 4146 4153 4257 4264 4342 4366 4367 4368 4369 4912 5137 5652 8955 10416 10512 10608 10700 10764 10828 10892 11056 11248 22160 22270 22279 22617 22667 22697 22868 22904 22961 22982 23117 23306 23357 33095
LI (75):  5 18 21 23 27 33 37 43 47 53 57 88 89 90 91 92 93 94 95 97 98 99 100 101 409 1710 1711 1713 3787 3992 4002 4004 4009 4012 4016 4037 4163 4190 5110 5111 5119 5123 5125 5131 5136 5650 8944 8945 8954 10415 10511 10606 10607 10699 10827 11054 11246 20107 22148 22151 22157 22166 22265 22664 22742 22805 22862 22874 22949 23108 23246 23297 23339 23356 33094
NODE_NUM = 200
FILE aes_xcrypt_sub_20.aig

# Subcircuit 21
SUB_ID 21
LO (39):  4353 4355 4357 4553 4561 4563 4564 4565 4639 4640 4668 4761 4799 4815 4879 4992 5024 5025 5110 5143 5212 5318 5324 5330 5361 5421 5462 5478 5497 5516 19989 19993 20676 20732 21681 21986 22222 22245 22613
LI (128):  4009 4012 4016 4019 4042 4064 4067 4069 4093 4095 4098 4100 4105 4107 4110 4112 4136 4163 4228 4278 4343 4347 4361 4393 4403 4411 4497 4503 4539 4546 4577 4591 4601 4634 4636 4637 4638 4643 4658 4665 4674 4690 4695 4697 4702 4703 4707 4718 4724 4734 4757 4795 4798 4800 4808 4813 4821 4828 4831 4838 4839 4844 4853 4875 4930 4935 4939 4946 4949 4955 4963 4973 4979 4980 4985 5022 5023 5042 5058 5075 5078 5080 5089 5097 5098 5103 5141 5142 5148 5150 5165 5187 5190 5195 5196 5206 5257 5259 5263 5272 5280 5283 5285 5297 5314 5321 5327 5352 5353 5356 5362 5366 5374 5376 5393 5401 5403 5405 5415 5453 5457 5460 5463 5467 5477 5489 5492 5493
NODE_NUM = 200
FILE aes_xcrypt_sub_21.aig

# Subcircuit 22
SUB_ID 22
LO (43):  4373 4674 4690 5058 5165 5259 5537 10620 10900 20014 20107 20524 20697 20703 20774 21382 21802 21808 22052 22166 22658 22718 22724 22742 22754 22766 22799 22805 22832 22838 22874 22889 22943 22979 22999 23006 23009 23012 23147 23192 23222 23336 23384
LI (69):  21 1688 1695 1700 3787 4019 4339 4342 4345 4365 4367 4368 4369 4544 4654 4668 4673 4675 4680 4688 4789 5046 5047 5053 5056 5154 5155 5160 5164 5449 5462 5478 5497 5505 5506 5511 5519 5528 5534 10619 10899 19933 19941 20006 20101 20433 20521 20611 20612 20621 20689 20693 20717 20719 20723 20728 20771 21379 21799 21989 21992 21993 22049 22760 22793 22796 22886 22940 22976
NODE_NUM = 187
FILE aes_xcrypt_sub_22.aig

# Subcircuit 23
SUB_ID 23
LO (48):  4393 4396 4408 4634 4636 4637 4638 4643 4654 4665 4675 4680 4757 4831 4875 4930 4949 5042 5056 5075 5148 5150 5164 5187 5257 5283 5285 5347 5352 5362 5366 5403 5477 19941 20006 20621 20689 20717 20771 20868 21694 21697 21700 22049 22229 22241 22608 22623
LI (137):  21 1704 3897 4009 4012 4016 4019 4042 4064 4067 4069 4093 4095 4098 4100 4105 4107 4110 4112 4292 4331 4348 4353 4390 4400 4401 4404 4405 4406 4419 4553 4565 4578 4608 4609 4611 4633 4639 4640 4662 4668 4679 4682 4693 4741 4744 4755 4797 4805 4815 4830 4859 4862 4873 4916 4920 4922 4927 5028 5041 5044 5055 5060 5066 5074 5147 5163 5179 5180 5185 5241 5245 5252 5253 5256 5282 5346 5349 5351 5365 5368 5472 5476 19937 19938 19956 19969 19970 19975 19988 19989 19994 20002 20617 20619 20637 20659 20671 20677 20685 20709 20710 20715 20736 20739 20740 20754 20770 20813 20816 20818 20824 20825 20834 20842 20852 20863 21129 21620 21622 21625 21640 21641 21649 21657 21669 21676 21678 21682 21690 22007 22017 22018 22022 22031 22037 22045
NODE_NUM = 195
FILE aes_xcrypt_sub_23.aig

# Subcircuit 24
SUB_ID 24
LO (65):  4412 4426 4457 4472 4476 4478 4482 4531 4533 4534 4539 4669 4673 4707 4744 4755 4792 4795 4828 4830 4862 4873 4920 4926 4927 4932 4935 4963 4973 5022 5037 5074 5089 5138 5147 5160 5206 5263 5314 5356 5393 5415 5467 5492 5505 19937 20002 20659 20668 20671 20685 20709 20719 20770 20813 20842 21620 21640 21657 21669 22022 22045 22195 22265 22644
LI (146):  21 3897 4009 4012 4016 4019 4042 4064 4067 4069 4093 4274 4275 4293 4294 4295 4296 4297 4376 4384 4385 4402 4414 4416 4430 4432 4436 4439 4446 4453 4459 4460 4461 4462 4475 4477 4480 4481 4484 4489 4505 4512 4513 4521 4522 4528 4615 4618 4668 4670 4672 4686 4742 4751 4753 4791 4793 4800 4824 4827 4829 4860 4868 4872 4919 4931 4933 4942 4958 4959 4960 4966 4970 4972 5020 5025 5036 5070 5071 5084 5088 5159 5202 5203 5241 5261 5302 5305 5306 5312 5385 5388 5389 5411 5490 5499 5501 5504 19936 20001 20651 20653 20657 20662 20663 20670 20679 20684 20705 20706 20758 20761 20763 20768 20805 20808 20809 20836 20841 21619 21631 21633 21639 21653 21655 21659 21664 21668 21986 21987 22039 22044 22192 22196 22197 22201 22207 22220 22226 22227 22231 22260 22568 22570 22584 22642
NODE_NUM = 200
FILE aes_xcrypt_sub_24.aig

# Subcircuit 25
SUB_ID 25
LO (68):  4477 4480 4481 4497 4503 4505 4512 4513 4521 4601 4724 4741 4751 4797 4798 4821 4827 4859 4933 4939 4959 4966 4985 5036 5041 5070 5159 5179 5190 5202 5245 5272 5305 5312 5385 5401 5453 5472 5476 5499 5501 5504 19970 19988 20612 20617 20637 20653 20670 20705 20728 20736 20761 20763 20805 20808 20816 20863 21653 21668 21992 22018 22031 22207 22220 22260 22584 22642
LI (143):  4009 4012 4016 4019 4042 4064 4093 4095 4098 4100 4103 4115 4229 4244 4275 4276 4277 4279 4281 4283 4285 4301 4303 4305 4306 4307 4315 4322 4328 4329 4334 4342 4345 4413 4432 4439 4440 4459 4462 4483 4484 4486 4487 4504 4512 4520 4522 4524 4527 4533 4542 4543 4546 4585 4592 4597 4598 4616 4702 4703 4722 4736 4740 4796 4818 4819 4824 4855 4858 4938 4958 4983 5020 5035 5037 5068 5159 5171 5172 5177 5188 5201 5244 5249 5265 5267 5268 5304 5379 5384 5398 5400 5449 5450 5451 5470 5471 5474 5498 19979 19982 19983 19985 20616 20624 20628 20630 20636 20668 20704 20706 20726 20732 20734 20760 20807 20814 20856 20857 20861 21652 21666 21990 22029 22204 22206 22213 22216 22235 22239 22247 22259 22579 22580 22588 22596 22598 22603 22604 22605 22610 22640 22641
NODE_NUM = 200
FILE aes_xcrypt_sub_25.aig

# Subcircuit 26
SUB_ID 26
LO (98):  4597 4598 4608 4609 4611 4615 4616 4633 4679 4688 4695 4697 4718 4734 4753 4762 4770 4774 4782 4787 4789 4791 4808 4813 4818 4838 4853 4858 4880 4888 4892 4900 4905 4916 4922 4946 4955 4960 4970 4972 4979 4993 5001 5005 5013 5018 5028 5046 5053 5055 5078 5142 5261 5353 5376 5389 5405 5451 5474 5519 10406 10410 10412 10502 10506 10508 10598 10602 10604 19936 19969 19994 20001 20616 20651 20684 20715 20739 20809 20818 20825 20834 20841 21625 21633 21664 21682 21990 22007 22044 22197 22201 22231 22235 22247 22596 22610 22640
LI (176):  5 10 11 12 14 15 16 110 111 112 113 114 115 116 117 118 119 120 121 122 123 124 3787 4009 4010 4012 4014 4016 4019 4020 4067 4069 4070 4071 4093 4095 4098 4100 4113 4175 4204 4207 4211 4212 4214 4215 4219 4228 4232 4233 4240 4241 4251 4304 4307 4314 4317 4321 4323 4325 4334 4339 4342 4363 4368 4369 4375 4376 4377 4378 4399 4429 4433 4434 4439 4445 4446 4448 4449 4489 4543 4544 4577 4615 4616 4618 4620 4621 4623 4624 4632 4640 4657 4658 4659 4660 4684 4685 4686 4691 4692 4693 4713 4714 4715 4716 4733 4790 4792 4796 4803 4806 4807 4811 4812 4834 4837 4850 4852 4907 4908 4911 4912 4913 4915 4919 4926 4932 4942 4944 4952 4969 4976 5044 5045 5054 5077 5139 5194 5372 5455 5514 5518 10408 10504 10600 19958 19963 19964 19967 19993 20000 20643 20644 20649 20682 20714 20738 20833 20840 21663 21681 22005 22043 22229 22241 22246 22591 22595 22608 22619 22621 22624 22632 22635 22639
NODE_NUM = 200
FILE aes_xcrypt_sub_26.aig

# Subcircuit 27
SUB_ID 27
LO (89):  5066 5068 5071 5097 5111 5119 5123 5131 5136 5141 5171 5177 5180 5185 5213 5221 5225 5233 5238 5252 5253 5280 5297 5302 5304 5321 5327 5331 5339 5344 5374 5379 5384 5388 5400 5411 5422 5430 5434 5442 5447 5457 5460 5463 5489 5490 5493 5514 5518 5528 5534 5538 5546 5551 5562 10415 10418 10422 10424 10428 10511 10514 10518 10520 10524 10607 10610 10614 10616 10619 10852 11188 24353 24399 24421 24424 24434 24447 24457 24469 24479 24496 24497 24503 24517 24522 24560 41730 41745
LI (154):  5 18 21 31 51 125 126 127 128 129 130 131 132 133 134 135 136 137 138 139 140 141 142 143 144 145 146 147 148 149 150 151 152 153 154 155 156 157 158 159 180 182 183 1763 1765 1767 1769 3787 4013 4017 4070 4094 4102 4109 4111 4115 4138 4142 4183 4199 4200 4210 4214 4215 4216 4217 4218 4223 4224 4230 4231 4233 4235 4286 4296 4316 4331 4337 4345 4348 4376 4405 4431 4435 4444 4449 4464 4525 4527 4531 4533 4542 4543 4576 4582 4661 4669 4670 4671 4684 4803 4811 4908 5047 5054 5063 5091 5096 5138 5140 5170 5183 5184 5247 5251 5274 5277 5279 5294 5300 5301 5370 5373 5383 5386 5410 5455 5456 5479 5480 5483 5487 5488 5516 5517 5555 5560 10420 10426 10516 10522 10546 10612 11186 24330 24331 24332 24341 24342 24398 24400 24401 24410 24411
NODE_NUM = 200
FILE aes_xcrypt_sub_27.aig

# Subcircuit 28
SUB_ID 28
LO (66):  5555 5574 5587 5599 5613 5625 5638 5650 5813 5816 5818 6013 6015 6016 6018 6019 6059 6061 6063 6064 6065 6070 6071 6072 6205 6206 6310 6316 6329 6365 6463 6469 6568 6572 6605 6675 6738 6795 6841 6847 6923 6992 10429 10621 10838 10840 10842 10844 10846 10848 10850 11167 11170 11173 11176 11179 11182 11185 20177 20401 21190 21611 21732 21762 22287 22293
LI (101):  18 21 165 168 169 170 171 172 173 174 175 176 177 178 179 181 184 185 186 187 188 189 190 191 192 193 194 195 196 197 198 3787 5572 5585 5597 5611 5623 5636 5648 5654 5657 5661 5664 5669 5673 5676 5678 5684 5686 5689 5691 5696 5698 5701 5703 5745 5810 5811 5822 5826 5827 5846 5877 5946 6012 6026 6042 6048 6058 6083 6203 6209 6226 6231 6235 6239 6242 6243 6272 6274 6277 6285 6286 6291 6301 6307 6313 10525 10528 10531 10534 10537 10540 10543 11165 11168 11171 11174 11177 11180 11183
NODE_NUM = 198
FILE aes_xcrypt_sub_28.aig

# Subcircuit 29
SUB_ID 29
LO (67):  5822 5823 5825 5826 5827 6021 6026 6029 6030 6033 6035 6036 6038 6039 6042 6274 6277 6416 6441 6443 6474 6475 6495 6529 6554 6556 6647 6672 6674 6749 6774 6776 6781 6794 6806 6810 6851 6887 7036 7185 7211 7260 7284 7317 7337 7368 10432 10435 10438 10441 10528 10531 10534 10537 10624 10627 10630 10633 20109 20166 20365 21155 21197 21550 21586 21768 22284
LI (95):  3787 5654 5657 5661 5664 5669 5673 5676 5678 5684 5686 5689 5691 5694 5696 5698 5701 5703 5709 5811 5852 6013 6018 6057 6061 6063 6105 6153 6205 6239 6241 6328 6329 6346 6354 6355 6356 6368 6391 6392 6395 6411 6419 6425 6431 6437 6442 6467 6472 6483 6493 6494 6499 6525 6532 6538 6544 6550 6555 6558 6563 6567 6568 6573 6595 6604 6605 6610 6643 6650 6656 6662 6668 6673 6682 6685 6687 6702 6724 6728 6744 6752 6758 6764 6770 6775 6779 6780 6793 6801 6804 6805 6839 6846 6847
NODE_NUM = 197
FILE aes_xcrypt_sub_29.aig

# Subcircuit 30
SUB_ID 30
LO (71):  5834 5836 5846 5920 5921 5946 5989 5992 5993 5994 5997 5999 6001 6002 6012 6207 6209 6285 6361 6368 6411 6444 6467 6499 6525 6610 6643 6744 6779 6793 6801 6846 6902 6958 6983 6985 7062 7087 7089 7113 7137 7138 7188 7288 7291 7292 7295 7439 7550 8524 10447 10450 10543 10546 10639 10642 20144 20148 20204 20385 20396 20413 20883 20922 21141 21486 21547 21558 22067 22074 22281
LI (108):  3787 5654 5657 5661 5664 5669 5673 5676 5678 5684 5686 5689 5691 5696 5698 5701 5703 5709 5829 5845 5911 5919 5944 5959 5980 5983 5987 6003 6007 6008 6009 6044 6052 6155 6205 6206 6221 6223 6279 6284 6340 6360 6362 6366 6402 6406 6408 6445 6452 6461 6462 6463 6497 6507 6509 6524 6609 6613 6618 6622 6642 6736 6738 6777 6789 6791 6797 6798 6842 6844 6885 6887 6892 6894 6900 6901 6911 6913 6922 6925 6926 6954 6961 6967 6973 6979 6984 6990 6995 7015 7026 7027 7032 7036 7038 7041 7057 7065 7071 7077 7083 7088 7111 7135 7187 7287 7290 7294
NODE_NUM = 199
FILE aes_xcrypt_sub_30.aig

# Subcircuit 31
SUB_ID 31
LO (33):  5845 5980 6286 6355 6406 6461 6494 6622 6682 6839 6842 6954 7015 20181 20184 20430 20433 20961 20964 21048 21132 21209 21212 21617 21703 21796 21799 22145 22148 22360 22363 22784 22880
LI (125):  21 1691 1694 1700 1703 1705 1708 1712 1716 5696 5698 5703 5838 5843 5844 5953 5964 5969 5971 5972 5973 5974 5975 5976 6001 6009 6045 6049 6053 6142 6164 6205 6395 6404 6451 6455 6460 6469 6590 6620 6675 6681 6695 6787 6837 6841 6932 6934 6937 6938 6945 6946 6951 7005 7010 7012 20111 20114 20116 20119 20122 20123 20131 20133 20135 20172 20177 20355 20370 20384 20385 20390 20392 20393 20398 20403 20419 20426 20894 20897 20898 20906 20953 20957 21045 21129 21139 21141 21145 21190 21202 21205 21556 21567 21585 21587 21606 21611 21613 21728 21739 21760 21763 21764 21770 21785 21792 22069 22072 22078 22079 22081 22096 22102 22107 22136 22138 22141 22298 22309 22316 22318 22322 22351 22356
NODE_NUM = 191
FILE aes_xcrypt_sub_31.aig

# Subcircuit 32
SUB_ID 32
LO (61):  5843 5852 5877 5879 5880 5881 5882 5884 5885 5895 5903 6044 6045 6048 6049 6058 6081 6203 6235 6272 6366 6391 6392 6450 6483 6524 6573 6595 6609 6695 6702 6724 6789 6803 6913 6925 6937 6990 7057 20111 20114 20133 20172 20355 20384 20403 20898 20953 21139 21164 21202 21567 21585 21728 22072 22081 22120 22136 22298 22316 22351
LI (162):  5654 5675 5684 5686 5689 5691 5694 5701 5706 5718 5721 5736 5745 5791 5813 5838 5848 5849 5850 5859 5861 5867 5869 5871 5872 5873 5875 5876 5893 5894 5950 5959 5976 5987 5994 6005 6033 6049 6051 6054 6055 6057 6059 6101 6107 6108 6117 6122 6124 6125 6126 6131 6133 6136 6184 6202 6234 6255 6258 6260 6263 6266 6267 6269 6362 6365 6372 6373 6378 6382 6390 6480 6482 6516 6519 6572 6582 6585 6586 6591 6593 6694 6696 6701 6708 6710 6714 6716 6719 6720 6780 6781 6785 6787 6901 6923 6986 6988 7044 7048 7056 20108 20109 20113 20139 20141 20150 20151 20152 20159 20161 20164 20166 20169 20345 20349 20353 20376 20377 20382 20401 20925 20936 20937 20942 20950 21138 21159 21173 21175 21177 21182 21183 21188 21190 21191 21192 21198 21200 21565 21577 21579 21583 21720 21722 22071 22111 22112 22113 22123 22135 22282 22285 22287 22291 22295 22311 22315 22338 22344 22345 22348
NODE_NUM = 200
FILE aes_xcrypt_sub_32.aig

# Subcircuit 33
SUB_ID 33
LO (89):  5890 5892 5893 5894 6098 6101 6102 6105 6107 6173 6176 6177 6202 6212 6226 6241 6242 6243 6258 6336 6346 6352 6354 6360 6378 6493 6509 6519 6561 6562 6563 6618 6642 6680 6681 6701 6728 6736 6855 6880 6882 6892 6894 6898 6900 6945 6995 7005 7032 7056 7187 7339 7340 7343 7344 7346 7348 7349 7384 7387 7391 7392 7393 7395 7412 7970 8097 8229 8301 8443 8542 8726 10444 10540 10636 20405 20409 20890 20948 20984 21162 21498 21545 21772 21775 21926 22098 22121 22327
LI (97):  3787 5654 5657 5661 5664 5669 5673 5676 5678 5684 5686 5689 5691 5696 5698 5701 5703 5709 5718 5783 5806 5880 5884 5898 5930 5933 5940 6083 6114 6170 6171 6172 6174 6175 6180 6184 6195 6200 6205 6211 6217 6225 6240 6335 6337 6345 6350 6365 6376 6486 6492 6517 6560 6617 6634 6635 6640 6679 6700 6732 6733 6794 6810 6817 6820 6822 6834 6851 6858 6864 6870 6876 6881 6890 6899 6940 6942 6994 7000 7004 7030 7052 7054 7138 7160 7186 7300 7320 7338 7342 7345 7347 7381 7383 7385 7388 7390
NODE_NUM = 179
FILE aes_xcrypt_sub_33.aig

# Subcircuit 34
SUB_ID 34
LO (95):  5911 5913 5919 5981 5983 5987 6078 6079 6080 6083 6131 6133 6136 6153 6155 6158 6160 6164 6170 6199 6200 6211 6217 6260 6279 6328 6335 6337 6376 6390 6395 6451 6452 6497 6507 6517 6567 6585 6591 6593 6604 6613 6635 6685 6694 6710 6731 6732 6733 6791 6797 6798 6817 6820 6890 6922 6926 6942 6951 6988 7027 7041 7044 7052 20108 20141 20150 20164 20345 20349 20353 20370 20390 20419 20894 20925 20936 20950 21159 21166 21168 21549 21556 21603 21720 21729 21753 21782 22073 22106 22111 22311 22321 22334 22338
LI (115):  5654 5657 5661 5664 5669 5673 5676 5678 5684 5686 5689 5691 5696 5698 5701 5703 5745 5784 5829 5871 5879 5881 5882 5884 5892 5895 5898 5900 5902 5903 5920 5941 5942 6004 6019 6026 6081 6082 6098 6114 6119 6142 6146 6149 6150 6152 6154 6191 6192 6195 6196 6198 6214 6326 6327 6333 6342 6384 6389 6448 6450 6458 6463 6565 6589 6590 6596 6603 6684 6691 6692 6795 6811 6816 6818 6921 6950 6992 7050 20146 20148 20352 20362 20363 20364 20365 20388 20407 20409 20413 20417 20886 20889 20890 20909 20916 20920 20922 20927 20929 20935 20946 20948 21149 21153 21158 21162 21164 21548 21551 21552 21719 22327 22328 22337
NODE_NUM = 200
FILE aes_xcrypt_sub_34.aig

# Subcircuit 35
SUB_ID 35
LO (103):  5940 5942 5944 5950 5953 5964 5969 5971 5975 6008 6009 6119 6122 6124 6125 6126 6149 6150 6152 6171 6172 6174 6175 6191 6192 6195 6196 6198 6214 6223 6225 6231 6234 6291 6327 6362 6402 6408 6455 6458 6460 6462 6486 6516 6558 6565 6589 6617 6620 6640 6679 6684 6687 6692 6805 6818 6822 6885 6899 6940 6946 6950 6994 7004 7010 7038 7048 7050 7054 20113 20116 20123 20131 20139 20393 20398 20407 20417 20897 20909 20946 21138 21149 21153 21173 21188 21565 21577 21579 21606 21739 21760 21764 21785 22069 22078 22113 22123 22282 22291 22309 22337 22345
LI (127):  5678 5684 5686 5689 5691 5696 5698 5701 5703 5760 5771 5838 5861 5870 5890 5899 5900 5901 5928 5929 5930 5931 5933 5936 5937 5938 5939 5941 5943 5949 5957 5958 5959 5960 5961 5962 5963 5972 5973 5976 5993 5997 6003 6005 6007 6055 6114 6115 6116 6117 6118 6141 6144 6158 6173 6176 6179 6184 6219 6221 6222 6229 6230 6279 6289 6333 6348 6352 6400 6459 6479 6495 6511 6515 6562 6638 6731 6803 6883 6905 6992 7007 7009 20127 20129 20137 20396 20405 20416 20884 20896 20944 21151 21155 21166 21168 21169 21187 21545 21561 21562 21569 21576 21593 21597 21605 21731 21732 21736 21737 21752 21753 21758 21772 21776 21777 21780 21782 22067 22075 22118 22122 22281 22290 22300 22308 22334
NODE_NUM = 200
FILE aes_xcrypt_sub_35.aig

# Subcircuit 36
SUB_ID 36
LO (99):  6239 6255 6266 6267 6269 6301 6307 6313 6323 6325 7287 7290 7294 7297 7298 7300 7320 7342 7345 7347 7371 7372 7373 7375 7376 7377 7378 7379 7380 7381 7383 7385 7388 7390 7416 7418 7419 7420 7421 7422 7453 7454 7455 7459 7461 7462 7463 7465 7485 7488 7489 7490 7491 7588 7589 7590 7591 7593 7594 7595 7596 7598 7599 7963 7991 7993 8011 8081 8082 8084 8089 8209 8220 8230 8232 8322 8323 8324 8369 8446 8460 8645 8646 8647 8748 8763 10430 10526 10622 19861 20202 20462 20469 21022 21322 21501 21523 21941 21964
LI (34):  5 160 162 163 164 165 166 167 3787 5659 5665 5680 5759 5767 5774 5854 5858 6237 6238 6251 6252 6253 6316 6318 7188 7212 7234 7286 7292 7295 7319 7370 7382 7415
NODE_NUM = 138
FILE aes_xcrypt_sub_36.aig

# Subcircuit 37
SUB_ID 37
LO (91):  6318 6345 6350 6372 6373 6384 6389 6419 6425 6431 6437 6442 6472 6480 6482 6492 6511 6515 6532 6538 6544 6550 6555 6560 6596 6603 6634 6638 6650 6656 6662 6668 6673 6696 6708 6714 6719 6752 6758 6764 6770 6775 6785 6804 6816 6834 6858 6864 6870 6876 6881 6911 6921 6932 6961 6967 6973 6979 6984 7000 7012 7026 7030 7065 7071 7077 10434 10437 10440 10443 10446 10449 10451 10530 10533 10536 10539 10542 10545 10548 10626 10629 10632 10635 10638 10641 10644 20122 21752 22096 22348
LI (173):  5 161 169 173 177 181 188 192 196 199 200 201 202 203 204 205 206 207 208 209 210 211 212 213 214 215 216 217 218 219 220 221 222 223 224 225 226 227 228 229 230 231 232 233 234 235 236 237 238 239 240 241 244 246 247 248 3787 5655 5658 5662 5672 5680 5685 5700 5711 5715 5720 5730 5738 5754 5755 5762 5765 5766 5767 5769 5770 5772 5773 5778 5779 5783 5785 5786 5787 5788 5790 5795 5796 5818 5823 5853 5858 5871 5874 5882 5885 5897 6029 6035 6056 6070 6109 6111 6113 6183 6222 6250 6340 6344 6348 6349 6371 6387 6445 6468 6469 6470 6479 6481 6488 6489 6600 6602 6628 6633 6703 6707 6718 6784 6802 6803 6806 6814 6833 6907 6908 6909 6920 7016 7017 7020 7024 7025 7076 10432 10435 10438 10441 10444 10447 10528 10531 10534 10537 10540 10543 10546 10624 10627 10630 10633 10636 10639 10642 20121 21741 21746 21748 21750 22089 22092 22093
NODE_NUM = 200
FILE aes_xcrypt_sub_37.aig

# Subcircuit 38
SUB_ID 38
LO (151):  7076 7083 7088 7111 35128 35129 35130 35134 35144 35146 35150 35152 35154 35157 35160 35162 35163 35164 35166 35169 35180 35182 35187 35188 35192 35205 35214 35215 35223 35225 35245 35246 35247 35257 35278 35292 35293 35294 35296 35297 35298 35307 35308 35310 35311 35312 35323 35325 35329 35338 35342 35343 35347 35349 35356 35364 35367 35397 35398 35400 35402 35410 35412 35449 35455 35456 35457 35458 35459 35462 35493 35494 35495 35496 35497 35522 35547 35550 35551 35553 35554 35566 35579 35582 35588 35589 35590 35592 35599 35600 35602 35603 35604 35607 35628 35632 35643 35697 35703 35704 35705 35706 35728 35729 35730 35731 35732 35735 35772 35776 35784 35803 35816 36057 36084 36113 36173 36183 36941 36964 36978 37002 37021 37024 37028 37058 37082 37466 37473 37488 37529 37546 37573 38330 38356 38364 38555 38599 38611 38621 38694 39274 39303 39338 39342 39633 39636 39641 39644 39714 43745
LI (25):  5 18 21 242 243 245 329 1881 3787 7097 7109 35086 35107 35108 35109 35127 35132 35136 35139 35143 35149 35151 35156 35159 35161
NODE_NUM = 186
FILE aes_xcrypt_sub_38.aig

# Subcircuit 39
SUB_ID 39
LO (133):  7097 7552 7553 7554 7555 7556 7561 7563 7564 7569 7570 7571 7572 7573 7574 7575 7577 7578 7579 7617 7651 7652 7653 7654 7655 7656 7657 7658 7659 7669 7671 7672 7674 7677 7680 7681 7682 7683 7685 7738 7740 7741 7742 7743 7785 7786 7789 7790 7791 7807 7808 7809 7810 7812 7813 7928 7929 7933 7934 7936 7937 7939 7940 7941 7948 7949 7950 7975 8014 8025 8030 8071 8078 8096 8102 8139 8145 8185 8197 8216 8298 8310 8332 8346 8356 8361 8417 8418 8472 8477 8479 8481 8521 8538 8581 8587 8626 8628 8642 8688 8732 8768 8778 8795 10803 11115 19856 19883 19892 20199 20213 20238 20240 20453 20474 20482 20485 20504 21000 21008 21011 21311 21315 21333 21361 21474 21475 21512 21526 21529 21946 22370 32342
LI (23):  18 21 281 283 3787 7092 7137 7320 7339 7342 7345 7347 7383 7385 7388 7390 7414 7440 7468 7534 7547 7550 7616
NODE_NUM = 194
FILE aes_xcrypt_sub_39.aig

# Subcircuit 40
SUB_ID 40
LO (147):  7092 7109 7547 10932 11308 32350 32360 32361 32364 32365 32367 32370 32372 32376 32377 32378 32379 32382 32383 32384 32386 32387 32389 32390 32391 32392 32412 32413 32414 32415 32416 32436 32442 32443 32444 32445 32456 32457 32458 32465 32466 32467 32491 32492 32493 32498 32499 32500 32501 32507 32515 32516 32517 32533 32534 32535 32536 32558 32571 32572 32573 32581 32582 32583 32588 32589 32590 32591 32604 32612 32613 32614 32647 32648 32658 32659 32660 32696 32697 32698 32704 32705 32706 32733 32734 32735 32741 32742 32749 32750 32751 32759 32760 32761 32782 32783 32784 32785 32793 32794 32795 32798 32799 32800 32805 32806 32807 32829 32830 32831 32846 32847 32848 32856 32857 32858 32877 32878 32879 32887 32888 32889 32895 32896 32897 33057 33073 35923 35989 36272 36289 36308 36376 36384 36387 37155 37172 37204 37787 37794 37872 38116 38160 38944 39036 39771 39835
LI (23):  18 21 282 285 287 330 3787 7102 7107 7541 10666 11306 32341 32342 32349 32359 32363 32366 32369 32371 32375 32381 32385
NODE_NUM = 170
FILE aes_xcrypt_sub_40.aig

# Subcircuit 41
SUB_ID 41
LO (78):  7102 7135 7440 7441 7492 7493 7494 7495 7496 7497 7533 7601 7603 7604 7605 7607 7610 7613 7615 7616 7637 7639 7640 7641 7849 7850 7854 7855 7856 7858 7860 7862 7863 7866 7868 7869 7870 7964 7978 7980 7981 8000 8074 8090 8112 8122 8254 8261 8325 8381 8432 8449 8461 8526 8527 8528 8551 8648 8649 8650 8749 8761 8784 8789 10801 11112 19872 19875 20983 21020 21327 21336 21495 21954 22394 22398 22432 32346
LI (39):  18 21 273 275 286 327 3787 7113 7116 7121 7133 7187 7287 7290 7294 7297 7320 7339 7342 7345 7347 7371 7373 7376 7378 7383 7385 7388 7390 7395 7422 7423 7436 7439 7465 7484 7491 7531 7599
NODE_NUM = 146
FILE aes_xcrypt_sub_41.aig

# Subcircuit 42
SUB_ID 42
LO (52):  7116 7133 7160 7414 7415 7436 7468 7472 7475 7476 7477 7478 7480 7482 7483 7484 7518 7519 7520 7522 7523 7524 7525 7526 7528 7529 7531 7960 7962 7994 8083 8186 8189 8373 8374 8440 8623 8660 10799 10930 11109 11305 19871 20452 20468 21320 21321 21499 21522 21969 32349 32351
LI (42):  18 21 265 267 274 277 278 279 325 328 3787 7131 7138 7141 7146 7158 7186 7287 7290 7294 7297 7320 7338 7342 7345 7347 7371 7373 7376 7378 7383 7385 7388 7390 7396 7409 7412 7430 7515 10663 11303 32346
NODE_NUM = 106
FILE aes_xcrypt_sub_42.aig

# Subcircuit 43
SUB_ID 43
LO (153):  7141 7158 7409 10928 11302 32359 32366 32375 32402 32403 32404 32405 32406 32407 32408 32409 32423 32424 32425 32426 32427 32428 32429 32432 32433 32434 32435 32437 32438 32439 32440 32482 32483 32484 32485 32486 32487 32488 32525 32526 32527 32528 32529 32531 32541 32552 32596 32597 32598 32662 32663 32667 32668 32670 32671 32672 32673 32674 32675 32676 32677 32678 32679 32680 32688 32689 32690 32691 32692 32718 32719 32720 32721 32722 32723 32724 32771 32772 32774 32775 32777 32814 32816 32817 32821 32822 32823 32825 32826 32827 32861 32862 32863 32864 32865 32866 32867 32868 32869 32870 32871 32915 32916 32927 32935 32959 32968 32985 33000 33013 33021 33045 35869 35899 35948 35963 35986 36233 36234 36240 36251 36260 36267 36295 36310 36322 36323 36324 36347 37120 37157 37185 37188 37213 37783 37798 37802 37815 38086 38122 38129 38142 38159 38198 38213 38907 38910 39004 39738 39741 39756 39797 39809
LI (41):  18 21 266 269 271 326 3787 7151 7156 7403 10660 11300 32341 32350 32351 32358 32363 32369 32371 32381 32382 32385 32389 32394 32397 32400 32412 32417 32419 32422 32436 32447 32449 32452 32461 32472 32476 32478 32481 32523 32540
NODE_NUM = 197
FILE aes_xcrypt_sub_43.aig

# Subcircuit 44
SUB_ID 44
LO (119):  7151 7186 7212 7338 10798 10926 11107 11299 32341 32358 32363 32369 32371 32381 32385 32394 32395 32397 32398 32399 32400 32417 32418 32419 32420 32421 32422 32447 32449 32450 32451 32452 32459 32460 32461 32462 32463 32464 32468 32469 32470 32471 32472 32473 32474 32475 32476 32477 32478 32479 32481 32494 32495 32496 32497 32518 32519 32520 32543 32546 32548 32549 32551 32599 32600 32601 32636 32637 32638 32643 32644 32645 32655 32656 32657 32693 32694 32695 32708 32709 32710 32711 32713 32714 32756 32757 32758 32912 32919 32920 32921 32940 32982 33001 33022 33025 35949 35969 36239 36339 36358 37130 37175 37189 37193 37209 37221 37769 37780 37861 37881 38084 38108 38138 39021 39733 39764 39768 39860
LI (45):  18 21 257 258 259 261 262 263 270 298 323 324 3787 7170 7180 7182 7185 7196 7208 7211 7321 7328 7334 7337 10465 10657 11105 11297 32331 32334 32339 32357 32360 32368 32380 32383 32392 32413 32416 32442 32445 32446 32458 32467 32493
NODE_NUM = 181
FILE aes_xcrypt_sub_44.aig

# Subcircuit 45
SUB_ID 45
LO (43):  7196 7208 7234 7286 7319 7321 7328 7370 7382 7396 7403 7423 7430 7501 7507 7515 7971 8045 8222 10790 10792 10794 10796 10918 10920 10922 10924 11095 11098 11101 11104 11287 11290 11293 11296 20252 21538 32331 32334 32339 32368 32380 32446
LI (96):  18 21 252 256 260 264 268 272 276 280 289 290 291 292 293 294 295 296 297 299 300 301 302 303 304 305 306 307 308 309 310 311 312 313 314 315 316 317 318 319 320 321 322 3787 7206 7220 7230 7232 7245 7255 7257 7260 7269 7279 7281 7284 7285 7297 7314 7317 7318 7340 7365 7368 7502 7505 7506 7514 7946 7968 7969 7970 7976 7988 8036 8042 10453 10456 10459 10462 10645 10648 10651 10654 11093 11096 11099 11102 11285 11288 11291 11294 32325 32326 32329 32336
NODE_NUM = 197
FILE aes_xcrypt_sub_45.aig

# Subcircuit 46
SUB_ID 46
LO (42):  7502 7505 7506 7508 7510 7514 8184 8223 8288 8622 8891 8929 10456 10458 10459 10470 10554 10555 10566 10648 10650 10651 10660 10662 10728 10736 10800 10856 10864 19931 20256 20259 20518 20521 20785 21042 21045 21540 22172 22448 23258 49595
LI (106):  21 1686 1690 1693 1701 1702 1715 3787 7287 7290 7294 7340 7344 7346 7371 7377 7509 7513 7518 7596 7830 7946 8088 8110 8124 8127 8128 8153 8160 8166 8172 8178 8183 8208 8219 8221 8222 8267 8273 8279 8285 8534 8550 8554 8565 8567 8568 8570 8573 8591 8598 8604 8610 8616 8621 10457 10469 10553 10565 10649 10661 10727 10735 10799 10855 10863 19867 19881 19896 19898 19906 19921 19927 20194 20211 20226 20229 20233 20246 20252 20444 20458 20460 20463 20471 20479 20508 20975 20988 20991 20992 20996 21005 21033 21697 22382 22393 22408 22423 22425 22428 22434 22441 22820 22877 23249
NODE_NUM = 197
FILE aes_xcrypt_sub_46.aig

# Subcircuit 47
SUB_ID 47
LO (78):  7509 7513 7534 7541 7618 7619 7621 7623 7624 7642 7644 7645 7647 7689 7819 7820 7821 7822 7823 7824 7848 7871 7872 7873 7952 8117 8124 8192 8258 8326 8376 8473 8516 8543 8570 8725 8785 8830 8866 8878 8903 10465 10467 10473 10476 10563 10569 10572 10657 10659 10663 10665 10666 10668 10734 10738 10740 10802 10804 10862 10866 10868 19927 20233 20434 20460 21033 21332 21376 21379 21496 21959 21985 22151 22395 22414 22425 22441
LI (111):  18 21 284 288 1698 1711 3787 7287 7290 7294 7297 7320 7340 7342 7371 7373 7376 7378 7379 7383 7385 7387 7388 7390 7441 7461 7468 7478 7519 7520 7523 7526 7533 7590 7617 7633 7641 7686 7831 7847 7946 8113 8123 8373 8431 8442 8448 8451 8453 8463 8485 8492 8498 8504 8510 8515 8637 8654 8657 8658 8660 8669 8694 8701 8707 8713 8719 8724 8739 8756 8759 8762 8763 8774 8799 8806 8812 8818 8824 8829 10466 10472 10475 10562 10568 10571 10658 10664 10667 10733 10737 10739 10801 10803 10861 10865 10867 20232 21017 21020 21022 21031 21371 21925 21936 21948 21963 21966 21968 21970 21981
NODE_NUM = 197
FILE aes_xcrypt_sub_47.aig

# Subcircuit 48
SUB_ID 48
LO (57):  7631 7633 7775 7830 7831 7839 7841 7842 7843 7847 7946 7976 7988 8036 8077 8088 8093 8110 8123 8219 8267 8302 8388 8415 8421 8431 8485 8550 8565 8567 8637 8638 8654 8694 8739 8756 8774 8799 8954 10462 10464 10560 10654 10656 10732 10860 19896 20194 20497 20990 21029 21352 21355 21473 21938 21960 22409
LI (133):  3787 7287 7290 7294 7297 7320 7342 7345 7347 7371 7373 7376 7378 7383 7385 7388 7390 7414 7441 7619 7623 7637 7642 7672 7674 7680 7689 7753 7768 7771 7774 7782 7815 7855 7869 7913 7916 7918 7920 7944 7946 7952 7964 7975 7980 7981 7985 7996 8002 8012 8035 8073 8076 8078 8086 8091 8099 8106 8109 8117 8122 8213 8217 8227 8233 8241 8251 8257 8258 8263 8299 8300 8301 8320 8336 8353 8356 8358 8367 8375 8376 8381 8391 8397 8403 8409 8414 8419 8420 8426 8428 8467 8472 8473 8483 8536 8540 8549 8557 8560 8562 8629 8630 8639 8643 8651 8653 8678 8680 8682 8692 8730 8734 8737 8740 8745 8755 8770 8771 8783 8790 8793 8795 10463 10559 10655 10731 10859 19883 19895 20186 20189 20190
NODE_NUM = 198
FILE aes_xcrypt_sub_48.aig

# Subcircuit 49
SUB_ID 49
LO (53):  7662 7665 7686 7695 7702 7711 7715 7753 7968 8035 8109 8153 8208 8241 8312 8320 8329 8336 8350 8353 8367 8426 8428 8442 8520 8534 8591 8624 8629 8639 8643 8678 8745 8755 8793 19867 19881 19895 19921 20189 20211 20226 20444 20508 20975 21005 21017 21314 21340 21527 21932 22374 22401
LI (139):  7187 7287 7290 7294 7297 7320 7342 7345 7347 7371 7373 7376 7378 7383 7385 7388 7390 7552 7570 7574 7575 7578 7615 7656 7657 7659 7685 7692 7693 7694 7696 7747 7749 7752 7760 7786 7790 7797 7801 7805 7862 7925 7940 7951 7952 7957 7960 7966 7971 8017 8019 8026 8032 8075 8083 8108 8137 8144 8147 8194 8198 8200 8205 8236 8240 8306 8311 8313 8318 8322 8328 8333 8345 8348 8349 8361 8366 8425 8435 8436 8440 8518 8521 8522 8526 8527 8529 8530 8533 8579 8581 8583 8589 8623 8628 8642 8645 8673 8677 8744 8750 8754 8791 19859 19862 19865 19868 19873 19880 19889 19894 19910 19914 19916 19919 20188 20196 20200 20206 20207 20218 20220 20222 20436 20438 20441 20483 20485 20491 20499 20505 20967 20969 20971 21001 21002 21009 21011 21016
NODE_NUM = 200
FILE aes_xcrypt_sub_49.aig

# Subcircuit 50
SUB_ID 50
LO (67):  7692 7693 7694 7728 7744 7745 7747 7748 7749 7752 7898 7944 7969 8026 8032 8073 8108 8144 8198 8213 8240 8251 8299 8300 8318 8349 8366 8425 8435 8463 8483 8549 8560 8579 8583 8669 8673 8692 8730 8734 8740 8770 8791 19857 19859 19880 19889 19894 20186 20188 20206 20222 20436 20438 20479 20499 20505 20988 21031 21371 21479 21490 21925 21957 22404 22416 22420
LI (124):  21 7187 7287 7290 7294 7297 7320 7342 7345 7347 7371 7373 7376 7378 7383 7385 7388 7390 7529 7573 7607 7651 7652 7654 7658 7662 7681 7683 7738 7740 7742 7743 7774 7805 7807 7880 7886 7891 7893 7895 7934 7936 7939 7942 7946 7980 8025 8030 8067 8072 8089 8102 8106 8139 8141 8189 8197 8209 8210 8220 8245 8247 8298 8317 8326 8364 8432 8457 8462 8479 8481 8543 8544 8546 8558 8577 8623 8645 8665 8667 8688 8726 8728 8732 8768 19855 19856 19875 19878 19892 20202 20204 20434 20474 20476 20478 20493 20498 20504 20980 20987 21025 21030 21298 21301 21302 21306 21310 21311 21316 21318 21339 21342 21343 21350 21357 21363 21365 21478 21908 21911 21913 21914 21922
NODE_NUM = 200
FILE aes_xcrypt_sub_50.aig

# Subcircuit 51
SUB_ID 51
LO (70):  7760 7768 7771 7774 7782 7793 7795 7797 7798 7801 7803 7805 7815 7957 8017 8067 8099 8137 8147 8200 8205 8236 8245 8247 8306 8311 8313 8317 8331 8333 8348 8420 8467 8518 8536 8540 8589 8630 8665 8667 8728 8744 8754 8783 19865 19910 19914 20196 20220 20246 20458 20481 20491 20967 20987 21001 21007 21016 21310 21350 21544 21706 21908 21911 21920 21922 21936 22382 22393 22408
LI (118):  21 1707 7287 7290 7294 7297 7371 7373 7376 7378 7381 7393 7522 7553 7554 7555 7556 7561 7563 7564 7569 7575 7577 7578 7591 7598 7781 7789 7791 7799 7802 7805 7807 7808 7810 7812 7813 7824 7855 7948 7952 7981 8014 8074 8084 8096 8097 8135 8145 8185 8204 8243 8310 8326 8332 8346 8417 8419 8432 8440 8538 8587 8664 8753 8778 8780 8782 19857 19875 19913 20239 20240 20244 20451 20452 20453 20966 20983 20984 21000 21309 21347 21473 21474 21476 21479 21480 21485 21486 21491 21493 21494 21511 21512 21514 21515 21517 21533 21536 21538 21540 21907 21909 21921 21926 21935 22364 22366 22369 22370 22375 22376 22383 22388 22390 22400 22401 22406
NODE_NUM = 200
FILE aes_xcrypt_sub_51.aig

# Subcircuit 52
SUB_ID 52
LO (82):  7880 7886 7891 7893 7895 7913 7916 7918 7920 7925 7942 7951 7966 7985 7996 8002 8012 8042 8066 8072 8075 8076 8086 8091 8106 8113 8127 8128 8141 8160 8204 8210 8217 8227 8345 8358 8364 8419 8451 8546 8558 8562 8657 8680 8682 8737 8750 8753 8782 8917 10453 10455 10551 10645 10647 10649 10726 10854 19855 19878 20200 20207 20218 20239 20451 20471 20493 20980 21002 21025 21030 21301 21357 21363 21511 21533 21909 21948 21963 22383 22390 22423
LI (140):  5 249 250 251 252 253 254 255 256 300 331 337 3787 7287 7290 7292 7294 7297 7344 7345 7347 7349 7371 7373 7376 7378 7462 7478 7482 7485 7490 7493 7497 7507 7601 7610 7618 7624 7639 7644 7645 7669 7671 7672 7674 7677 7681 7682 7741 7821 7822 7839 7841 7843 7848 7856 7863 7870 7871 7872 7873 7886 7894 7898 7928 7929 7934 7937 7939 7941 7949 7950 7962 7963 7964 7991 7993 7994 8000 8011 8045 8054 8060 8071 8074 8082 8083 8084 8089 8090 8102 8112 8200 8216 8331 8337 8344 8350 8417 8418 8449 8542 8656 8748 8749 10725 10853 20199 20213 20214 20215 20238 20446 20450 20465 20470 21029 21299 21352 21354 21355 21361 21504 21507 21524 21525 21528 21529 21943 21946 21949 21954 21957 21961 21962 22409 22414 22415 22418 22420
NODE_NUM = 199
FILE aes_xcrypt_sub_52.aig

# Subcircuit 53
SUB_ID 53
LO (105):  8166 8172 8178 8183 8194 8221 8233 8257 8263 8273 8279 8285 8297 8328 8344 8375 8391 8397 8403 8409 8414 8448 8453 8457 8462 8492 8498 8504 8510 8515 8529 8530 8544 8554 8557 8573 8577 8598 8604 8610 8616 8621 8651 8653 8656 8658 8664 8677 8701 8707 8713 8719 8724 8759 8762 8771 8790 8806 8812 8818 8824 8829 8856 8857 8942 10457 10461 10463 10466 10469 10472 10475 10553 10557 10559 10562 10565 10568 10571 10653 10655 10658 10661 10664 10667 10730 10756 11043 20244 21339 21943 23402 23412 23424 23434 23447 23457 23493 23503 23515 23525 23538 23548 23560 23570
LI (154):  5 18 21 258 262 266 270 274 278 282 286 296 304 308 312 316 332 333 334 335 336 338 339 340 341 342 343 344 345 346 347 348 349 350 351 352 353 354 355 356 357 358 359 360 361 362 363 364 365 366 367 368 369 370 371 372 373 374 375 376 377 378 379 380 396 398 3787 7288 7291 7348 7372 7375 7379 7380 7387 7393 7416 7420 7421 7454 7476 7477 7480 7488 7489 7491 7492 7493 7494 7495 7496 7501 7508 7510 7528 7599 7605 7607 7613 7621 7624 7680 7820 7821 7854 7860 7872 7948 7991 8081 8185 8186 8189 8192 8220 8229 8230 8232 8254 8261 8288 8324 8325 8326 8332 8369 8374 8443 8446 8460 8461 8524 8528 8542 8543 8551 8556 8647 8650 8761 8784 8785 8789 10402 10459 10555 10651 10729 21022 21325 21328 21338 21938 21942
NODE_NUM = 200
FILE aes_xcrypt_sub_53.aig

# Subcircuit 54
SUB_ID 54
LO (59):  8868 8869 8881 8882 8893 8894 8907 8908 8919 8920 8932 8933 8944 8945 9116 9117 9118 9123 9125 9128 9332 9335 9336 9337 9339 9340 9341 9343 9344 9508 9510 9607 9666 9727 9751 9842 9962 10065 10167 10199 10215 10310 20028 20322 20331 20579 20604 21049 21084 21122 21221 21402 21442 21468 21827 21899 21901 22453 22530
LI (112):  18 21 387 389 390 392 393 395 399 401 402 404 405 407 408 410 8957 8960 8964 8967 8972 8976 8979 8981 8987 8989 8992 8994 8997 8999 9001 9004 9006 9012 9113 9114 9147 9153 9178 9249 9297 9315 9324 9327 9330 9370 9372 9377 9386 9506 9509 9529 9544 9546 9551 9575 9576 9580 9596 9604 9645 9652 9664 9665 9667 9671 9696 9700 9708 9709 9714 9724 9752 9759 9768 9769 9770 9779 9783 9790 9808 9814 9816 9831 9839 9873 9876 9882 9904 9913 9914 9919 9952 9959 10001 10012 10034 10038 10046 10047 10052 10062 10089 10094 10101 10103 10108 10112 10121 10148 10151 10158
NODE_NUM = 198
FILE aes_xcrypt_sub_54.aig

# Subcircuit 55
SUB_ID 55
LO (74):  9140 9141 9143 9147 9317 9318 9322 9324 9325 9326 9327 9328 9329 9330 9348 9350 9351 9352 9353 9362 9363 9366 9367 9368 9369 9370 9372 9374 9377 9519 9529 9551 9631 9642 9652 9664 9700 9709 9808 9814 9881 9900 9914 9990 10047 10052 10112 10277 10302 10350 10383 20026 20068 20098 20101 20263 20299 20317 20573 20575 20608 20611 21083 21092 21126 21129 21277 21290 21293 21839 21854 22460 22465 22490
LI (100):  21 1689 1696 1699 1701 8957 8960 8964 8967 8972 8976 8979 8981 8987 8989 8992 8994 8999 9001 9004 9006 9048 9114 9131 9133 9134 9136 9145 9146 9220 9253 9276 9296 9306 9349 9352 9356 9360 9417 9508 9516 9517 9528 9534 9538 9550 9632 9636 9640 9641 9650 9659 9662 9800 9802 9806 10051 10210 10227 10235 10238 10239 10267 10274 10313 10330 10349 10351 10353 10356 10372 10380 20025 20031 20034 20035 20089 20093 20534 20548 20562 20563 20568 20598 20604 21060 21072 21090 21093 21094 21100 21116 21122 21227 21239 21266 21269 21271 21275 21279
NODE_NUM = 200
FILE aes_xcrypt_sub_55.aig

# Subcircuit 56
SUB_ID 56
LO (62):  9153 9178 9180 9181 9183 9185 9186 9205 9206 9208 9209 9249 9381 9382 9383 9384 9385 9386 9410 9426 9427 9428 9429 9430 9431 9432 9514 9575 9681 9696 9758 9790 9824 9831 9904 9944 10034 10043 10098 10115 10227 10238 10267 10372 20015 20025 20335 20338 20562 21112 21116 21245 21266 21424 21472 21712 21879 21905 22157 22502 22534 22537
LI (124):  21 1692 1706 1710 1714 8957 8960 8964 8967 8978 8987 8989 8992 8994 8999 9001 9004 9006 9009 9021 9024 9039 9048 9149 9150 9151 9160 9162 9168 9170 9173 9174 9176 9177 9195 9203 9248 9312 9393 9404 9409 9434 9436 9508 9558 9561 9563 9566 9569 9570 9572 9677 9678 9683 9687 9695 9787 9789 9823 9826 9891 9894 9895 9900 9902 10018 10020 10024 10033 10214 10225 10236 10249 10266 10359 10363 10371 20017 20020 20021 20076 20274 20281 20286 20287 20294 20304 20305 20306 20313 20325 20326 20331 20554 20555 20560 21102 21107 21115 21254 21256 21264 21412 21420 21463 21468 21846 21857 21868 21870 21871 21872 21882 21894 21899 21901 22470 22481 22496 22511 22517 22518 22522 22530
NODE_NUM = 199
FILE aes_xcrypt_sub_56.aig

# Subcircuit 57
SUB_ID 57
LO (53):  9195 9393 9403 9404 9409 9506 9538 9544 9546 9550 9561 9641 9659 9683 9695 9783 9800 9826 9873 9952 10001 10038 10046 10148 10210 10211 10225 10266 10313 10330 10349 10371 20017 20089 20274 20281 20294 20325 20548 20598 21060 21090 21115 21254 21412 21420 21437 21463 21846 21850 21859 21880 22497
LI (141):  8957 8960 8964 8967 8972 8976 8979 8981 8987 8989 8992 8994 8999 9001 9004 9006 9012 9021 9086 9181 9185 9199 9206 9234 9242 9381 9417 9431 9442 9456 9460 9473 9475 9476 9477 9478 9480 9482 9487 9495 9503 9514 9537 9542 9543 9547 9654 9655 9666 9670 9681 9689 9694 9775 9782 9793 9799 9824 9867 9868 9869 9891 9897 9918 9924 9926 9935 9943 9944 9949 9989 9990 9996 9998 10042 10043 10096 10129 10132 10134 10146 10202 10203 10206 10212 10216 10224 10253 10255 10265 10304 10308 10311 10314 10319 10329 10341 10344 10345 10367 10369 20015 20060 20072 20074 20076 20086 20266 20269 20270 20277 20279 20293 20317 20324 20536 20538 20547 20582 20585 20596 21052 21053 21057 21073 21081 21089 21111 21112 21217 21245 21253 21403 21411 21416 21418 21432 21433 21462 21827 21845
NODE_NUM = 200
FILE aes_xcrypt_sub_57.aig

# Subcircuit 58
SUB_ID 58
LO (87):  9220 9231 9233 9234 9235 9236 9237 9248 9276 9278 9279 9280 9306 9307 9309 9311 9312 9315 9474 9475 9476 9477 9489 9490 9491 9492 9493 9495 9516 9517 9585 9596 9635 9665 9669 9708 9768 9769 9782 9806 9866 9876 9882 9897 9935 9989 10012 10093 10103 10151 10152 10158 10197 10200 10212 10249 10265 10301 10329 10367 20035 20072 20270 20277 20279 20287 20304 20544 20563 20582 20596 21053 21072 21087 21227 21235 21250 21269 21275 21433 21462 21845 21857 21868 22470 22496 22505
LI (127):  8972 8976 8979 8981 8987 8989 8992 8999 9001 9004 9006 9012 9132 9134 9140 9213 9214 9222 9223 9224 9225 9227 9229 9245 9246 9247 9253 9254 9255 9256 9257 9258 9267 9268 9273 9276 9277 9279 9281 9282 9295 9298 9299 9300 9301 9303 9310 9311 9312 9344 9348 9464 9514 9588 9591 9593 9639 9647 9702 9707 9758 9762 9766 9767 9776 9804 9874 9881 9899 9930 9934 9986 10008 10010 10099 10149 10154 10155 10218 10246 10264 10324 10325 10327 10365 20063 20064 20071 20276 20300 20301 20573 20575 20581 20590 20592 20593 21063 21064 21071 21219 21221 21225 21267 21273 21437 21446 21453 21455 21459 21832 21833 21834 21836 21843 21849 21852 21854 21863 21864 22454 22457 22460 22467 22488 22491 22492
NODE_NUM = 200
FILE aes_xcrypt_sub_58.aig

# Subcircuit 59
SUB_ID 59
LO (91):  9242 9245 9246 9277 9291 9293 9295 9296 9297 9298 9456 9464 9465 9467 9468 9469 9473 9487 9503 9509 9537 9547 9580 9588 9632 9636 9667 9670 9671 9707 9762 9770 9776 9779 9793 9804 9816 9867 9868 9913 9919 9924 9934 9986 9996 10003 10008 10033 10042 10117 10121 10132 10155 10203 10235 10239 10253 10264 10304 10308 10344 10365 10369 20020 20060 20063 20074 20081 20086 20266 20283 20293 20534 20568 20585 20593 21064 21089 21111 21217 21219 21225 21253 21453 21459 21832 21864 21882 22456 22492 22511
LI (113):  8957 8960 8964 8967 8972 8976 8979 8981 8987 8989 8992 8994 8999 9001 9004 9006 9048 9109 9186 9213 9222 9235 9237 9258 9280 9283 9284 9285 9286 9287 9288 9289 9290 9303 9351 9382 9432 9458 9459 9460 9462 9463 9471 9472 9481 9483 9484 9485 9489 9490 9491 9492 9493 9495 9542 9582 9584 9585 9631 9635 9669 9706 9751 9766 9775 9777 9786 9866 9894 9905 9912 9918 9933 9994 10002 10007 10027 10032 10116 10118 10228 10234 10300 10301 10302 10307 10343 20018 20052 20053 20058 20061 20082 20263 20525 20526 20527 20531 20566 21085 21087 21109 21218 21223 21248 21250 21447 21452 21831 21877 21881 22503 22506
NODE_NUM = 200
FILE aes_xcrypt_sub_59.aig

# Subcircuit 60
SUB_ID 60
LO (110):  9310 9434 9436 9442 9478 9481 9482 9483 9484 9485 9528 9534 9542 9558 9563 9569 9570 9572 9593 9604 9613 9619 9639 9640 9650 9655 9662 9677 9678 9689 9694 9714 9724 9733 9739 9747 9759 9787 9789 9799 9823 9839 9848 9854 9869 9874 9894 9902 9912 9918 9926 9943 9949 9959 9968 9974 9994 9998 10007 10018 10020 10024 10027 10032 10051 10062 10071 10077 10094 10097 10108 10118 10129 10134 10206 10228 10255 10324 10327 10356 10359 10363 10478 10481 10484 10487 10490 10574 10577 10580 10583 10586 10670 10673 10676 10679 10682 20052 20053 20076 21081 21109 21267 21863 21870 21872 22481 22488 22503 22522
LI (181):  5 381 382 383 384 385 386 411 412 413 414 415 416 417 418 419 420 421 422 423 424 425 426 427 428 429 430 431 432 433 434 435 3787 8957 8958 8960 8961 8962 8964 8965 8967 8968 8972 8975 8976 8979 8981 8983 8988 8994 9003 9014 9023 9033 9041 9062 9063 9065 9068 9069 9070 9072 9073 9075 9077 9081 9086 9087 9088 9090 9091 9098 9099 9141 9154 9155 9159 9162 9172 9175 9180 9183 9198 9200 9201 9205 9208 9214 9231 9233 9236 9270 9272 9278 9307 9311 9337 9350 9356 9368 9382 9383 9384 9403 9410 9412 9414 9417 9419 9420 9421 9427 9431 9432 9440 9474 9490 9517 9519 9522 9524 9525 9532 9533 9540 9541 9553 9554 9555 9556 9638 9645 9647 9649 9653 9654 9661 9676 9692 9712 9752 9755 9758 9786 9788 9795 9796 9822 9897 9899 9900 9909 9911 9937 9942 10006 10013 10017 10030 10092 10093 10096 10114 10123 10128 10322 10362 20041 20046 20047 20050 21077 21080 21235 21859 21862 22472 22480 22487 22497 22502
NODE_NUM = 200
FILE aes_xcrypt_sub_60.aig

# Subcircuit 61
SUB_ID 61
LO (111):  10101 10116 10128 10146 10154 10173 10179 10185 10202 10216 10224 10234 10236 10246 10274 10283 10289 10307 10311 10314 10319 10341 10343 10345 10351 10353 10362 10380 10389 10395 10408 10431 10452 10493 10496 10499 10525 10527 10589 10592 10595 10600 10612 10623 10685 10689 10692 10693 10696 10697 10699 10701 10704 10705 10708 10710 10712 10714 10716 10718 10720 10722 10724 10725 10727 10729 10731 10733 10735 10737 10739 10742 10744 10746 10748 10750 10752 10754 10896 10951 10954 10957 10960 10963 10966 10969 10972 10975 10978 10981 10984 10987 10990 10993 10996 10999 11002 11005 11008 11011 11014 11017 11020 11023 11026 11029 11032 11035 11038 11040 20269
LI (174):  5 387 390 393 399 402 405 408 436 437 438 439 440 441 442 443 444 445 446 447 448 449 450 451 452 453 454 455 456 457 458 459 460 461 462 463 464 465 466 467 468 469 470 471 472 473 474 475 476 477 3787 4885 4897 4904 5324 5343 5550 6310 6323 6441 6554 6672 6774 6880 6983 7087 9018 9057 9058 9072 9076 9081 9082 9089 9091 9093 9118 9132 9143 9171 9186 9252 9269 9286 9293 9307 9325 9328 9336 9340 9341 9352 9362 9366 9416 9429 9467 9469 9524 9626 9653 9746 9861 9981 10084 10097 10098 10099 10114 10115 10126 10145 10152 10167 10192 10196 10197 10199 10200 10214 10215 10220 10221 10222 10233 10296 10310 10331 10332 10335 10339 10340 10350 10429 10430 10450 10451 10526 10621 10622 10687 10690 10895 10949 10952 10955 10958 10961 10964 10967 10970 10973 10976 10979 10982 10985 10988 10991 10994 10997 11000 11003 11006 11009 11012 11015 11018 11021 11024 11027 11030 11033 11036 20267
NODE_NUM = 200
FILE aes_xcrypt_sub_61.aig

# Subcircuit 62
SUB_ID 62
LO (106):  10774 10776 10778 10780 10782 10784 10786 10788 10806 10808 10810 10812 10814 10816 10818 10820 10821 10824 10825 10827 10829 10832 10833 10836 10853 10855 10858 10859 10861 10863 10865 10867 10870 10872 10874 10876 10878 10880 10882 10884 10902 10904 10906 10908 10910 10912 10914 10916 10934 10936 10938 10940 10942 11071 11074 11077 11080 11083 11086 11089 11092 11119 11122 11125 11128 11131 11134 11137 11140 11143 11146 11149 11152 11155 11158 11161 11164 11191 11194 11197 11200 11203 11206 11209 11212 11215 11218 11221 11224 11227 11230 11233 11236 11263 11266 11269 11272 11275 11278 11281 11284 11311 11314 11317 11320 11323
LI (148):  478 479 480 481 482 483 484 485 486 487 488 489 490 491 492 493 494 495 496 497 498 499 500 501 502 503 504 505 506 507 508 509 510 511 512 513 514 515 516 517 518 519 520 521 522 523 524 525 526 527 528 529 530 3787 10429 10432 10435 10438 10441 10444 10447 10450 10477 10480 10483 10486 10489 10492 10495 10498 10504 10516 10522 10555 10573 10576 10579 10582 10585 10588 10591 10594 10621 10624 10627 10630 10633 10636 10639 10642 10669 10672 10675 10678 10681 11069 11072 11075 11078 11081 11084 11087 11090 11117 11120 11123 11126 11129 11132 11135 11138 11141 11144 11147 11150 11153 11156 11159 11162 11189 11192 11195 11198 11201 11204 11207 11210 11213 11216 11219 11222 11225 11228 11231 11234 11261 11264 11267 11270 11273 11276 11279 11282 11309 11312 11315 11318 11321
NODE_NUM = 200
FILE aes_xcrypt_sub_62.aig

# Subcircuit 63
SUB_ID 63
LO (128):  10944 10946 10948 10949 10952 10955 10958 10961 10964 10967 10970 10973 10976 10979 10982 10985 10988 10991 10994 10997 11000 11003 11006 11009 11012 11015 11018 11021 11024 11027 11030 11033 11036 11041 11044 11045 11048 11051 11054 11057 11060 11063 11066 11069 11072 11075 11078 11081 11084 11087 11090 11093 11096 11099 11102 11105 11110 11113 11116 11117 11120 11123 11126 11129 11326 11329 11332 11335 11338 11341 11344 11347 11350 11353 11356 11359 11362 11365 11368 11371 11374 11377 11380 11383 11386 11389 11392 11395 11398 11401 11404 11407 11410 11413 11416 11419 11422 11425 11428 11431 11434 11437 11440 11443 11446 11449 11452 11455 11458 11461 11464 11467 11470 11473 11476 11479 11482 11485 11488 11491 11494 11497 11500 11503 11506 11509 11512 11515
LI (137):  531 532 533 534 535 536 537 538 539 540 541 542 543 544 545 546 547 548 549 550 551 552 553 554 555 556 557 558 559 560 561 562 563 564 565 566 567 568 569 570 571 572 573 574 575 576 577 578 579 580 581 582 583 584 585 586 587 588 589 590 591 592 593 594 3787 10684 10687 10690 11040 11043 11109 11112 11115 11324 11327 11330 11333 11336 11339 11342 11345 11348 11351 11354 11357 11360 11363 11366 11369 11372 11375 11378 11381 11384 11387 11390 11393 11396 11399 11402 11405 11408 11411 11414 11417 11420 11423 11426 11429 11432 11435 11438 11441 11444 11447 11450 11453 11456 11459 11462 11465 11468 11471 11474 11477 11480 11483 11486 11489 11492 11495 11498 11501 11504 11507 11510 11513
NODE_NUM = 200
FILE aes_xcrypt_sub_63.aig

# Subcircuit 64
SUB_ID 64
LO (130):  11132 11135 11138 11141 11144 11147 11150 11153 11156 11159 11162 11165 11168 11171 11174 11177 11180 11183 11186 11189 11192 11195 11198 11201 11204 11207 11210 11213 11216 11219 11222 11225 11228 11231 11234 11237 11240 11245 11246 11249 11254 11257 11260 11261 11264 11267 11270 11273 11276 11279 11282 11285 11288 11291 11294 11297 11300 11303 11306 11309 11312 11315 11318 11321 11324 11518 11521 11524 11527 11530 11533 11536 11539 11542 11545 11548 11551 11554 11557 11560 11563 11566 11569 11572 11575 11578 11581 11584 11587 11590 11593 11596 11599 11602 11605 11608 11611 11614 11617 11620 11623 11626 11629 11632 11635 11638 11641 11644 11647 11650 11653 11656 11659 11662 11665 11668 11671 11674 11677 11680 11683 11686 11689 11692 11695 11698 11701 11704 11707 11710
LI (135):  595 596 597 598 599 600 601 602 603 604 605 606 607 608 609 610 611 612 613 614 615 616 617 618 619 620 621 622 623 624 625 626 627 628 629 630 631 632 633 634 635 636 637 638 639 640 641 642 643 644 645 646 647 648 649 650 651 652 653 654 655 656 657 658 659 3787 11244 11253 11256 11259 11516 11519 11522 11525 11528 11531 11534 11537 11540 11543 11546 11549 11552 11555 11558 11561 11564 11567 11570 11573 11576 11579 11582 11585 11588 11591 11594 11597 11600 11603 11606 11609 11612 11615 11618 11621 11624 11627 11630 11633 11636 11639 11642 11645 11648 11651 11654 11657 11660 11663 11666 11669 11672 11675 11678 11681 11684 11687 11690 11693 11696 11699 11702 11705 11708
NODE_NUM = 199
FILE aes_xcrypt_sub_64.aig

# Subcircuit 65
SUB_ID 65
LO (134):  11327 11330 11333 11336 11339 11342 11345 11348 11351 11354 11357 11360 11363 11366 11369 11372 11375 11378 11381 11384 11387 11390 11393 11396 11399 11402 11405 11408 11411 11414 11417 11420 11423 11426 11429 11432 11435 11438 11441 11444 11447 11450 11453 11456 11459 11462 11465 11468 11471 11474 11477 11480 11483 11486 11489 11492 11495 11498 11501 11504 11507 11510 11513 11516 11519 11522 11525 11713 11716 11719 11722 11725 11728 11731 11734 11737 11740 11743 11746 11749 11752 11755 11758 11761 11764 11767 11770 11773 11776 11779 11782 11785 11788 11791 11794 11797 11800 11803 11806 11809 11812 11815 11818 11821 11824 11827 11830 11833 11836 11839 11842 11845 11848 11851 11854 11857 11860 11863 11866 11869 11872 11875 11878 11881 11884 11887 11890 11893 11896 11899 11902 11905 11908 11910
LI (134):  660 661 662 663 664 665 666 667 668 669 670 671 672 673 674 675 676 677 678 679 680 681 682 683 684 685 686 687 688 689 690 691 692 693 694 695 696 697 698 699 700 701 702 703 704 705 706 707 708 709 710 711 712 713 714 715 716 717 718 719 720 721 722 723 724 725 726 3787 11711 11714 11717 11720 11723 11726 11729 11732 11735 11738 11741 11744 11747 11750 11753 11756 11759 11762 11765 11768 11771 11774 11777 11780 11783 11786 11789 11792 11795 11798 11801 11804 11807 11810 11813 11816 11819 11822 11825 11828 11831 11834 11837 11840 11843 11846 11849 11852 11855 11858 11861 11864 11867 11870 11873 11876 11879 11882 11885 11888 11891 11894 11897 11900 11903 11906
NODE_NUM = 200
FILE aes_xcrypt_sub_65.aig

# Subcircuit 66
SUB_ID 66
LO (134):  11528 11531 11534 11537 11540 11543 11546 11549 11552 11555 11558 11561 11564 11567 11570 11573 11576 11579 11582 11585 11588 11591 11594 11597 11600 11603 11606 11609 11612 11615 11618 11621 11624 11627 11630 11633 11636 11639 11642 11645 11648 11651 11654 11657 11660 11663 11666 11669 11672 11675 11678 11681 11684 11687 11690 11693 11696 11699 11702 11705 11708 11711 11714 11717 11720 11723 11726 11914 11917 11920 11923 11926 11929 11932 11935 11938 11941 11944 11947 11950 11953 11956 11959 11962 11965 11968 11971 11974 11977 11980 11983 11986 11989 11992 11995 11998 12001 12004 12007 12010 12013 12016 12019 12022 12025 12028 12031 12034 12037 12040 12043 12046 12049 12052 12055 12058 12061 12064 12067 12070 12073 12076 12079 12082 12085 12088 12091 12094 12097 12100 12103 12106 12109 12111
LI (134):  727 728 729 730 731 732 733 734 735 736 737 738 739 740 741 742 743 744 745 746 747 748 749 750 751 752 753 754 755 756 757 758 759 760 761 762 763 764 765 766 767 768 769 770 771 772 773 774 775 776 777 778 779 780 781 782 783 784 785 786 787 788 789 790 791 792 793 3787 11912 11915 11918 11921 11924 11927 11930 11933 11936 11939 11942 11945 11948 11951 11954 11957 11960 11963 11966 11969 11972 11975 11978 11981 11984 11987 11990 11993 11996 11999 12002 12005 12008 12011 12014 12017 12020 12023 12026 12029 12032 12035 12038 12041 12044 12047 12050 12053 12056 12059 12062 12065 12068 12071 12074 12077 12080 12083 12086 12089 12092 12095 12098 12101 12104 12107
NODE_NUM = 200
FILE aes_xcrypt_sub_66.aig

# Subcircuit 67
SUB_ID 67
LO (132):  11729 11732 11735 11738 11741 11744 11747 11750 11753 11756 11759 11762 11765 11768 11771 11774 11777 11780 11783 11786 11789 11792 11795 11798 11801 11804 11807 11810 11813 11816 11819 11822 11825 11828 11831 11834 11837 11840 11843 11846 11849 11852 11855 11858 11861 11864 11867 11870 11873 11876 11879 11882 11885 11888 11891 11894 11897 11900 11903 11906 11911 11912 11915 11918 11921 11924 12115 12118 12121 12124 12127 12130 12133 12136 12139 12142 12145 12148 12151 12154 12157 12160 12163 12166 12169 12172 12175 12178 12181 12184 12187 12190 12193 12196 12199 12202 12205 12208 12211 12214 12217 12220 12223 12226 12229 12232 12235 12238 12241 12244 12247 12250 12253 12256 12259 12262 12265 12268 12271 12274 12277 12280 12283 12286 12289 12292 12295 12298 12301 12304 12307 12310
LI (134):  794 795 796 797 798 799 800 801 802 803 804 805 806 807 808 809 810 811 812 813 814 815 816 817 818 819 820 821 822 823 824 825 826 827 828 829 830 831 832 833 834 835 836 837 838 839 840 841 842 843 844 845 846 847 848 849 850 851 852 853 854 855 856 857 858 859 3787 11910 12113 12116 12119 12122 12125 12128 12131 12134 12137 12140 12143 12146 12149 12152 12155 12158 12161 12164 12167 12170 12173 12176 12179 12182 12185 12188 12191 12194 12197 12200 12203 12206 12209 12212 12215 12218 12221 12224 12227 12230 12233 12236 12239 12242 12245 12248 12251 12254 12257 12260 12263 12266 12269 12272 12275 12278 12281 12284 12287 12290 12293 12296 12299 12302 12305 12308
NODE_NUM = 199
FILE aes_xcrypt_sub_67.aig

# Subcircuit 68
SUB_ID 68
LO (132):  11927 11930 11933 11936 11939 11942 11945 11948 11951 11954 11957 11960 11963 11966 11969 11972 11975 11978 11981 11984 11987 11990 11993 11996 11999 12002 12005 12008 12011 12014 12017 12020 12023 12026 12029 12032 12035 12038 12041 12044 12047 12050 12053 12056 12059 12062 12065 12068 12071 12074 12077 12080 12083 12086 12089 12092 12095 12098 12101 12104 12107 12112 12113 12116 12119 12122 12313 12316 12319 12322 12325 12328 12331 12334 12337 12340 12343 12346 12349 12352 12355 12358 12361 12364 12367 12370 12373 12376 12379 12382 12385 12388 12391 12394 12397 12400 12403 12406 12409 12412 12415 12418 12421 12424 12427 12430 12433 12436 12439 12442 12445 12448 12451 12454 12457 12460 12463 12466 12469 12472 12475 12478 12481 12484 12487 12490 12493 12496 12499 12502 12505 12508
LI (134):  860 861 862 863 864 865 866 867 868 869 870 871 872 873 874 875 876 877 878 879 880 881 882 883 884 885 886 887 888 889 890 891 892 893 894 895 896 897 898 899 900 901 902 903 904 905 906 907 908 909 910 911 912 913 914 915 916 917 918 919 920 921 922 923 924 925 3787 12111 12311 12314 12317 12320 12323 12326 12329 12332 12335 12338 12341 12344 12347 12350 12353 12356 12359 12362 12365 12368 12371 12374 12377 12380 12383 12386 12389 12392 12395 12398 12401 12404 12407 12410 12413 12416 12419 12422 12425 12428 12431 12434 12437 12440 12443 12446 12449 12452 12455 12458 12461 12464 12467 12470 12473 12476 12479 12482 12485 12488 12491 12494 12497 12500 12503 12506
NODE_NUM = 199
FILE aes_xcrypt_sub_68.aig

# Subcircuit 69
SUB_ID 69
LO (134):  12125 12128 12131 12134 12137 12140 12143 12146 12149 12152 12155 12158 12161 12164 12167 12170 12173 12176 12179 12182 12185 12188 12191 12194 12197 12200 12203 12206 12209 12212 12215 12218 12221 12224 12227 12230 12233 12236 12239 12242 12245 12248 12251 12254 12257 12260 12263 12266 12269 12272 12275 12278 12281 12284 12287 12290 12293 12296 12299 12302 12305 12308 12311 12314 12317 12320 12323 12511 12514 12517 12520 12523 12526 12529 12532 12535 12538 12541 12544 12547 12550 12553 12556 12559 12562 12565 12568 12571 12574 12577 12580 12583 12586 12589 12592 12595 12598 12601 12604 12607 12610 12613 12616 12619 12622 12625 12628 12631 12634 12637 12640 12643 12646 12649 12652 12655 12658 12661 12664 12667 12670 12673 12676 12679 12682 12685 12688 12691 12694 12697 12700 12703 12706 12708
LI (134):  926 927 928 929 930 931 932 933 934 935 936 937 938 939 940 941 942 943 944 945 946 947 948 949 950 951 952 953 954 955 956 957 958 959 960 961 962 963 964 965 966 967 968 969 970 971 972 973 974 975 976 977 978 979 980 981 982 983 984 985 986 987 988 989 990 991 992 3787 12509 12512 12515 12518 12521 12524 12527 12530 12533 12536 12539 12542 12545 12548 12551 12554 12557 12560 12563 12566 12569 12572 12575 12578 12581 12584 12587 12590 12593 12596 12599 12602 12605 12608 12611 12614 12617 12620 12623 12626 12629 12632 12635 12638 12641 12644 12647 12650 12653 12656 12659 12662 12665 12668 12671 12674 12677 12680 12683 12686 12689 12692 12695 12698 12701 12704
NODE_NUM = 200
FILE aes_xcrypt_sub_69.aig

# Subcircuit 70
SUB_ID 70
LO (134):  12326 12329 12332 12335 12338 12341 12344 12347 12350 12353 12356 12359 12362 12365 12368 12371 12374 12377 12380 12383 12386 12389 12392 12395 12398 12401 12404 12407 12410 12413 12416 12419 12422 12425 12428 12431 12434 12437 12440 12443 12446 12449 12452 12455 12458 12461 12464 12467 12470 12473 12476 12479 12482 12485 12488 12491 12494 12497 12500 12503 12506 12509 12512 12515 12518 12521 12524 12712 12715 12718 12721 12724 12727 12730 12733 12736 12739 12742 12745 12748 12751 12754 12757 12760 12763 12766 12769 12772 12775 12778 12781 12784 12787 12790 12793 12796 12799 12802 12805 12808 12811 12814 12817 12820 12823 12826 12829 12832 12835 12838 12841 12844 12847 12850 12853 12856 12859 12862 12865 12868 12871 12874 12877 12880 12883 12886 12889 12892 12895 12898 12901 12904 12907 12909
LI (134):  993 994 995 996 997 998 999 1000 1001 1002 1003 1004 1005 1006 1007 1008 1009 1010 1011 1012 1013 1014 1015 1016 1017 1018 1019 1020 1021 1022 1023 1024 1025 1026 1027 1028 1029 1030 1031 1032 1033 1034 1035 1036 1037 1038 1039 1040 1041 1042 1043 1044 1045 1046 1047 1048 1049 1050 1051 1052 1053 1054 1055 1056 1057 1058 1059 3787 12710 12713 12716 12719 12722 12725 12728 12731 12734 12737 12740 12743 12746 12749 12752 12755 12758 12761 12764 12767 12770 12773 12776 12779 12782 12785 12788 12791 12794 12797 12800 12803 12806 12809 12812 12815 12818 12821 12824 12827 12830 12833 12836 12839 12842 12845 12848 12851 12854 12857 12860 12863 12866 12869 12872 12875 12878 12881 12884 12887 12890 12893 12896 12899 12902 12905
NODE_NUM = 200
FILE aes_xcrypt_sub_70.aig

# Subcircuit 71
SUB_ID 71
LO (132):  12527 12530 12533 12536 12539 12542 12545 12548 12551 12554 12557 12560 12563 12566 12569 12572 12575 12578 12581 12584 12587 12590 12593 12596 12599 12602 12605 12608 12611 12614 12617 12620 12623 12626 12629 12632 12635 12638 12641 12644 12647 12650 12653 12656 12659 12662 12665 12668 12671 12674 12677 12680 12683 12686 12689 12692 12695 12698 12701 12704 12709 12710 12713 12716 12719 12722 12913 12916 12919 12922 12925 12928 12931 12934 12937 12940 12943 12946 12949 12952 12955 12958 12961 12964 12967 12970 12973 12976 12979 12982 12985 12988 12991 12994 12997 13000 13003 13006 13009 13012 13015 13018 13021 13024 13027 13030 13033 13036 13039 13042 13045 13048 13051 13054 13057 13060 13063 13066 13069 13072 13075 13078 13081 13084 13087 13090 13093 13096 13099 13102 13105 13108
LI (134):  1060 1061 1062 1063 1064 1065 1066 1067 1068 1069 1070 1071 1072 1073 1074 1075 1076 1077 1078 1079 1080 1081 1082 1083 1084 1085 1086 1087 1088 1089 1090 1091 1092 1093 1094 1095 1096 1097 1098 1099 1100 1101 1102 1103 1104 1105 1106 1107 1108 1109 1110 1111 1112 1113 1114 1115 1116 1117 1118 1119 1120 1121 1122 1123 1124 1125 3787 12708 12911 12914 12917 12920 12923 12926 12929 12932 12935 12938 12941 12944 12947 12950 12953 12956 12959 12962 12965 12968 12971 12974 12977 12980 12983 12986 12989 12992 12995 12998 13001 13004 13007 13010 13013 13016 13019 13022 13025 13028 13031 13034 13037 13040 13043 13046 13049 13052 13055 13058 13061 13064 13067 13070 13073 13076 13079 13082 13085 13088 13091 13094 13097 13100 13103 13106
NODE_NUM = 199
FILE aes_xcrypt_sub_71.aig

# Subcircuit 72
SUB_ID 72
LO (132):  12725 12728 12731 12734 12737 12740 12743 12746 12749 12752 12755 12758 12761 12764 12767 12770 12773 12776 12779 12782 12785 12788 12791 12794 12797 12800 12803 12806 12809 12812 12815 12818 12821 12824 12827 12830 12833 12836 12839 12842 12845 12848 12851 12854 12857 12860 12863 12866 12869 12872 12875 12878 12881 12884 12887 12890 12893 12896 12899 12902 12905 12910 12911 12914 12917 12920 13111 13114 13117 13120 13123 13126 13129 13132 13135 13138 13141 13144 13147 13150 13153 13156 13159 13162 13165 13168 13171 13174 13177 13180 13183 13186 13189 13192 13195 13198 13201 13204 13207 13210 13213 13216 13219 13222 13225 13228 13231 13234 13237 13240 13243 13246 13249 13252 13255 13258 13261 13264 13267 13270 13273 13276 13279 13282 13285 13288 13291 13294 13297 13300 13303 13306
LI (134):  1126 1127 1128 1129 1130 1131 1132 1133 1134 1135 1136 1137 1138 1139 1140 1141 1142 1143 1144 1145 1146 1147 1148 1149 1150 1151 1152 1153 1154 1155 1156 1157 1158 1159 1160 1161 1162 1163 1164 1165 1166 1167 1168 1169 1170 1171 1172 1173 1174 1175 1176 1177 1178 1179 1180 1181 1182 1183 1184 1185 1186 1187 1188 1189 1190 1191 3787 12909 13109 13112 13115 13118 13121 13124 13127 13130 13133 13136 13139 13142 13145 13148 13151 13154 13157 13160 13163 13166 13169 13172 13175 13178 13181 13184 13187 13190 13193 13196 13199 13202 13205 13208 13211 13214 13217 13220 13223 13226 13229 13232 13235 13238 13241 13244 13247 13250 13253 13256 13259 13262 13265 13268 13271 13274 13277 13280 13283 13286 13289 13292 13295 13298 13301 13304
NODE_NUM = 199
FILE aes_xcrypt_sub_72.aig

# Subcircuit 73
SUB_ID 73
LO (134):  12923 12926 12929 12932 12935 12938 12941 12944 12947 12950 12953 12956 12959 12962 12965 12968 12971 12974 12977 12980 12983 12986 12989 12992 12995 12998 13001 13004 13007 13010 13013 13016 13019 13022 13025 13028 13031 13034 13037 13040 13043 13046 13049 13052 13055 13058 13061 13064 13067 13070 13073 13076 13079 13082 13085 13088 13091 13094 13097 13100 13103 13106 13109 13112 13115 13118 13121 13309 13312 13315 13318 13321 13324 13327 13330 13333 13336 13339 13342 13345 13348 13351 13354 13357 13360 13363 13366 13369 13372 13375 13378 13381 13384 13387 13390 13393 13396 13399 13402 13405 13408 13411 13414 13417 13420 13423 13426 13429 13432 13435 13438 13441 13444 13447 13450 13453 13456 13459 13462 13465 13468 13471 13474 13477 13480 13483 13486 13489 13492 13495 13498 13501 13504 13506
LI (134):  1192 1193 1194 1195 1196 1197 1198 1199 1200 1201 1202 1203 1204 1205 1206 1207 1208 1209 1210 1211 1212 1213 1214 1215 1216 1217 1218 1219 1220 1221 1222 1223 1224 1225 1226 1227 1228 1229 1230 1231 1232 1233 1234 1235 1236 1237 1238 1239 1240 1241 1242 1243 1244 1245 1246 1247 1248 1249 1250 1251 1252 1253 1254 1255 1256 1257 1258 3787 13307 13310 13313 13316 13319 13322 13325 13328 13331 13334 13337 13340 13343 13346 13349 13352 13355 13358 13361 13364 13367 13370 13373 13376 13379 13382 13385 13388 13391 13394 13397 13400 13403 13406 13409 13412 13415 13418 13421 13424 13427 13430 13433 13436 13439 13442 13445 13448 13451 13454 13457 13460 13463 13466 13469 13472 13475 13478 13481 13484 13487 13490 13493 13496 13499 13502
NODE_NUM = 200
FILE aes_xcrypt_sub_73.aig

# Subcircuit 74
SUB_ID 74
LO (134):  13124 13127 13130 13133 13136 13139 13142 13145 13148 13151 13154 13157 13160 13163 13166 13169 13172 13175 13178 13181 13184 13187 13190 13193 13196 13199 13202 13205 13208 13211 13214 13217 13220 13223 13226 13229 13232 13235 13238 13241 13244 13247 13250 13253 13256 13259 13262 13265 13268 13271 13274 13277 13280 13283 13286 13289 13292 13295 13298 13301 13304 13307 13310 13313 13316 13319 13322 13510 13513 13516 13519 13522 13525 13528 13531 13534 13537 13540 13543 13546 13549 13552 13555 13558 13561 13564 13567 13570 13573 13576 13579 13582 13585 13588 13591 13594 13597 13600 13603 13606 13609 13612 13615 13618 13621 13624 13627 13630 13633 13636 13639 13642 13645 13648 13651 13654 13657 13660 13663 13666 13669 13672 13675 13678 13681 13684 13687 13690 13693 13696 13699 13702 13705 13707
LI (134):  1259 1260 1261 1262 1263 1264 1265 1266 1267 1268 1269 1270 1271 1272 1273 1274 1275 1276 1277 1278 1279 1280 1281 1282 1283 1284 1285 1286 1287 1288 1289 1290 1291 1292 1293 1294 1295 1296 1297 1298 1299 1300 1301 1302 1303 1304 1305 1306 1307 1308 1309 1310 1311 1312 1313 1314 1315 1316 1317 1318 1319 1320 1321 1322 1323 1324 1325 3787 13508 13511 13514 13517 13520 13523 13526 13529 13532 13535 13538 13541 13544 13547 13550 13553 13556 13559 13562 13565 13568 13571 13574 13577 13580 13583 13586 13589 13592 13595 13598 13601 13604 13607 13610 13613 13616 13619 13622 13625 13628 13631 13634 13637 13640 13643 13646 13649 13652 13655 13658 13661 13664 13667 13670 13673 13676 13679 13682 13685 13688 13691 13694 13697 13700 13703
NODE_NUM = 200
FILE aes_xcrypt_sub_74.aig

# Subcircuit 75
SUB_ID 75
LO (132):  13325 13328 13331 13334 13337 13340 13343 13346 13349 13352 13355 13358 13361 13364 13367 13370 13373 13376 13379 13382 13385 13388 13391 13394 13397 13400 13403 13406 13409 13412 13415 13418 13421 13424 13427 13430 13433 13436 13439 13442 13445 13448 13451 13454 13457 13460 13463 13466 13469 13472 13475 13478 13481 13484 13487 13490 13493 13496 13499 13502 13507 13508 13511 13514 13517 13520 13711 13714 13717 13720 13723 13726 13729 13732 13735 13738 13741 13744 13747 13750 13753 13756 13759 13762 13765 13768 13771 13774 13777 13780 13783 13786 13789 13792 13795 13798 13801 13804 13807 13810 13813 13816 13819 13822 13825 13828 13831 13834 13837 13840 13843 13846 13849 13852 13855 13858 13861 13864 13867 13870 13873 13876 13879 13882 13885 13888 13891 13894 13897 13900 13903 13906
LI (134):  1326 1327 1328 1329 1330 1331 1332 1333 1334 1335 1336 1337 1338 1339 1340 1341 1342 1343 1344 1345 1346 1347 1348 1349 1350 1351 1352 1353 1354 1355 1356 1357 1358 1359 1360 1361 1362 1363 1364 1365 1366 1367 1368 1369 1370 1371 1372 1373 1374 1375 1376 1377 1378 1379 1380 1381 1382 1383 1384 1385 1386 1387 1388 1389 1390 1391 3787 13506 13709 13712 13715 13718 13721 13724 13727 13730 13733 13736 13739 13742 13745 13748 13751 13754 13757 13760 13763 13766 13769 13772 13775 13778 13781 13784 13787 13790 13793 13796 13799 13802 13805 13808 13811 13814 13817 13820 13823 13826 13829 13832 13835 13838 13841 13844 13847 13850 13853 13856 13859 13862 13865 13868 13871 13874 13877 13880 13883 13886 13889 13892 13895 13898 13901 13904
NODE_NUM = 199
FILE aes_xcrypt_sub_75.aig

# Subcircuit 76
SUB_ID 76
LO (132):  13523 13526 13529 13532 13535 13538 13541 13544 13547 13550 13553 13556 13559 13562 13565 13568 13571 13574 13577 13580 13583 13586 13589 13592 13595 13598 13601 13604 13607 13610 13613 13616 13619 13622 13625 13628 13631 13634 13637 13640 13643 13646 13649 13652 13655 13658 13661 13664 13667 13670 13673 13676 13679 13682 13685 13688 13691 13694 13697 13700 13703 13708 13709 13712 13715 13718 13909 13912 13915 13918 13921 13924 13927 13930 13933 13936 13939 13942 13945 13948 13951 13954 13957 13960 13963 13966 13969 13972 13975 13978 13981 13984 13987 13990 13993 13996 13999 14002 14005 14008 14011 14014 14017 14020 14023 14026 14029 14032 14035 14038 14041 14044 14047 14050 14053 14056 14059 14062 14065 14068 14071 14074 14077 14080 14083 14086 14089 14092 14095 14098 14101 14104
LI (134):  1392 1393 1394 1395 1396 1397 1398 1399 1400 1401 1402 1403 1404 1405 1406 1407 1408 1409 1410 1411 1412 1413 1414 1415 1416 1417 1418 1419 1420 1421 1422 1423 1424 1425 1426 1427 1428 1429 1430 1431 1432 1433 1434 1435 1436 1437 1438 1439 1440 1441 1442 1443 1444 1445 1446 1447 1448 1449 1450 1451 1452 1453 1454 1455 1456 1457 3787 13707 13907 13910 13913 13916 13919 13922 13925 13928 13931 13934 13937 13940 13943 13946 13949 13952 13955 13958 13961 13964 13967 13970 13973 13976 13979 13982 13985 13988 13991 13994 13997 14000 14003 14006 14009 14012 14015 14018 14022 14025 14028 14031 14034 14037 14040 14043 14046 14049 14052 14055 14058 14061 14064 14067 14070 14073 14076 14079 14082 14085 14088 14091 14094 14097 14100 14103
NODE_NUM = 199
FILE aes_xcrypt_sub_76.aig

# Subcircuit 77
SUB_ID 77
LO (134):  13721 13724 13727 13730 13733 13736 13739 13742 13745 13748 13751 13754 13757 13760 13763 13766 13769 13772 13775 13778 13781 13784 13787 13790 13793 13796 13799 13802 13805 13808 13811 13814 13817 13820 13823 13826 13829 13832 13835 13838 13841 13844 13847 13850 13853 13856 13859 13862 13865 13868 13871 13874 13877 13880 13883 13886 13889 13892 13895 13898 13901 13904 13907 13910 13913 13916 13919 14107 14110 14113 14116 14119 14122 14125 14128 14131 14134 14137 14140 14143 14146 14149 14152 14155 14158 14161 14164 14167 14170 14173 14176 14179 14182 14185 14188 14191 14194 14197 14200 14203 14206 14209 14212 14215 14218 14221 14224 14227 14230 14233 14236 14239 14242 14245 14248 14251 14254 14257 14260 14263 14266 14269 14272 14275 14278 14281 14284 14287 14290 14293 14296 14299 14302 14303
LI (134):  1458 1459 1460 1461 1462 1463 1464 1465 1466 1467 1468 1469 1470 1471 1472 1473 1474 1475 1476 1477 1478 1479 1480 1481 1482 1483 1484 1485 1486 1487 1488 1489 1490 1491 1492 1493 1494 1495 1496 1497 1498 1499 1500 1501 1502 1503 1504 1505 1506 1507 1508 1509 1510 1511 1512 1513 1514 1515 1516 1517 1518 1519 1520 1521 1522 1523 1524 3787 14106 14109 14112 14115 14118 14121 14124 14127 14130 14133 14136 14139 14142 14145 14148 14151 14154 14157 14160 14163 14166 14169 14172 14175 14178 14181 14184 14187 14190 14193 14196 14199 14202 14205 14208 14211 14214 14217 14220 14223 14226 14229 14232 14235 14238 14241 14244 14247 14250 14253 14256 14259 14262 14265 14268 14271 14274 14277 14280 14283 14286 14289 14292 14295 14298 14301
NODE_NUM = 200
FILE aes_xcrypt_sub_77.aig

# Subcircuit 78
SUB_ID 78
LO (161):  13922 13925 13928 13931 13934 13937 13940 13943 13946 13949 13952 13955 13958 13961 13964 13967 13970 13973 13976 13979 13982 13985 13988 13991 13994 13997 14000 14003 14006 14009 14012 14015 14018 14022 14025 14028 14031 14034 14037 14040 14043 14046 14049 14052 14055 14058 14061 14064 14067 14070 14073 14076 14079 14082 14085 14088 14091 14094 14097 14100 14103 14106 14109 14112 14115 14118 14121 14124 14127 14130 14133 14136 14139 14142 14145 14148 14151 14154 14157 14160 14163 14166 14169 14172 14175 14178 14181 14184 14187 14190 14193 14196 14199 14202 14205 14208 14211 14214 14217 14220 14223 14226 14229 14232 14235 14238 14241 14244 14247 14250 14253 14256 14259 14262 14265 14268 14271 14274 14277 14280 14283 14286 14289 14292 14295 14298 14301 14305 14308 14311 14314 14317 14320 14323 14326 14329 14332 14335 14338 14341 14344 14347 14350 14353 14356 14359 14362 14365 14368 14371 14374 14377 14380 14383 14386 14389 14392 14395 14398 14401 14404
LI (163):  1525 1526 1527 1528 1529 1530 1531 1532 1533 1534 1535 1536 1537 1538 1539 1540 1541 1542 1543 1544 1545 1546 1547 1548 1549 1550 1551 1552 1553 1554 1555 1556 1557 1558 1559 1560 1561 1562 1563 1564 1565 1566 1567 1568 1569 1570 1571 1572 1573 1574 1575 1576 1577 1578 1579 1580 1581 1582 1583 1584 1585 1586 1587 1588 1589 1590 1591 1592 1593 1594 1595 1596 1597 1598 1599 1600 1601 1602 1603 1604 1605 1606 1607 1608 1609 1610 1611 1612 1613 1614 1615 1616 1617 1618 1619 1620 1621 1622 1623 1624 1625 1626 1627 1628 1629 1630 1631 1632 1633 1634 1635 1636 1637 1638 1639 1640 1641 1642 1643 1644 1645 1646 1647 1648 1649 1650 1651 1652 1653 1654 1655 1656 1657 3787 14303 14322 14325 14328 14331 14334 14337 14340 14343 14346 14349 14352 14355 14358 14361 14364 14367 14370 14373 14376 14379 14382 14385 14388 14391 14394 14397 14400 14403
NODE_NUM = 200
FILE aes_xcrypt_sub_78.aig

# Subcircuit 79
SUB_ID 79
LO (60):  14322 14325 14328 14331 14334 14337 14340 14343 14346 14349 14352 14355 14358 14361 14364 14367 14370 14373 14376 14379 14382 14385 14388 14391 14394 14397 14400 14403 14412 14420 14428 14646 18720 18762 18804 18846 18888 18930 18972 19014 19056 19098 19140 19182 19224 19266 19308 19350 19371 19398 19440 19482 19524 19566 19608 19650 19692 19734 19776 19818
LI (135):  8 9 21 665 1561 1658 1659 1660 1661 1662 1663 1664 1665 1666 1667 1668 1669 1670 1671 1672 1673 1674 1675 1676 1677 1678 1679 1680 1681 1682 1683 1684 1685 3786 3787 8838 8843 14410 14413 14419 14421 14461 14465 14491 14605 14606 14611 14619 14620 14623 14645 18683 18685 18693 18697 18719 18725 18727 18735 18739 18761 18767 18769 18777 18781 18803 18809 18811 18819 18823 18845 18851 18853 18861 18865 18887 18893 18895 18903 18907 18929 18935 18937 18945 18949 18971 18977 18979 18987 18991 19013 19019 19021 19029 19033 19055 19061 19063 19071 19075 19097 19103 19105 19113 19117 19139 19145 19147 19155 19159 19181 19187 19189 19197 19201 19223 19229 19231 19239 19243 19265 19271 19273 19281 19285 19307 19313 19315 19323 19327 19349 19355 19357 19365 19369
NODE_NUM = 200
FILE aes_xcrypt_sub_79.aig

# Subcircuit 80
SUB_ID 80
LO (79):  14611 14619 14623 14645 14688 14730 24342 24411 24444 24490 24491 24494 24495 24498 24500 24501 24502 24505 24507 24519 24520 24548 24549 24558 24602 24613 24626 24635 24645 24646 24650 24724 24725 24726 24727 24731 24732 24733 24769 24779 24788 24789 24862 24863 24872 24873 24878 24879 24880 24920 24921 24946 24947 24950 24951 24956 24957 24968 24969 24975 24976 24977 25002 25003 25008 25009 25015 25016 25103 25104 25208 28102 28143 28158 29805 30793 30798 31556 41746
LI (78):  18 21 125 132 139 457 458 459 538 539 665 666 667 794 795 921 922 923 1049 1050 1051 1177 1178 1179 1305 1306 1307 1433 1434 1435 1561 1562 1563 1771 3783 3787 14431 14459 14461 14465 14468 14471 14473 14476 14478 14491 14515 14618 14628 14629 14630 14637 14639 14650 14660 14661 14662 14672 14674 14677 14687 14692 14702 14703 14704 14716 14719 14724 24399 24421 24431 24432 24434 24489 24493 24497 24499 24506
NODE_NUM = 195
FILE aes_xcrypt_sub_80.aig

# Subcircuit 81
SUB_ID 81
LO (127):  14772 24489 24506 24531 24532 24533 24537 24539 24540 24541 24542 24543 24545 24546 24566 24567 24568 24569 24571 24572 24573 24574 24575 24576 24581 24582 24583 24584 24618 24619 24620 24621 24622 24670 24682 24683 24684 24685 24686 24692 24693 24694 24696 24700 24701 24711 24712 24718 24743 24756 24776 24794 24797 24812 24813 24828 24829 24830 24888 24890 24893 24899 24900 24901 24926 24927 24928 25039 25040 25041 25091 25092 25093 25094 25095 25096 25110 25119 25120 25121 25126 25127 25140 25171 25187 25197 26050 26051 26052 26080 26137 26141 26177 27979 27988 28031 28053 28071 28088 28094 28170 28245 28247 29744 29773 29790 29801 29848 29861 30452 30468 30513 30792 30844 30849 30853 30891 30914 30919 30922 31454 31485 31520 31522 31545 31549 41755
LI (51):  18 21 146 460 540 668 796 924 1052 1180 1308 1436 1564 1775 3783 3787 14431 14459 14461 14465 14468 14471 14473 14476 14478 14491 14515 14734 14744 14745 14746 14765 14766 14771 24399 24444 24466 24476 24477 24479 24493 24505 24510 24519 24522 24524 24530 24534 24554 24560 24565
NODE_NUM = 193
FILE aes_xcrypt_sub_81.aig

# Subcircuit 82
SUB_ID 82
LO (121):  14814 24466 41759 41760 41761 41764 41765 41768 41770 41771 41772 41776 41777 41778 41781 41784 41785 41786 41801 41811 41813 41814 41815 41837 41838 41844 41845 41847 41872 41873 41874 41875 41883 41888 41889 41915 41916 41937 41940 41972 41977 41978 41979 41994 41998 42001 42002 42003 42010 42011 42012 42015 42023 42024 42025 42027 42068 42069 42070 42071 42081 42082 42085 42086 42087 42101 42102 42119 42120 42121 42160 42161 42165 42166 42190 42191 42194 42216 42217 42220 42221 42226 42227 42251 42252 42272 42273 42278 42279 42300 42302 42303 42356 42357 42361 42362 42363 42368 42369 42417 42470 43357 43426 43430 43469 45275 45341 45413 45446 45453 45538 47075 47088 47105 47152 47690 47805 48142 48755 48761 48798
LI (48):  18 21 153 461 541 669 797 925 1053 1181 1309 1437 1565 1779 3783 3787 14431 14459 14461 14465 14468 14471 14473 14476 14478 14491 14515 14776 14786 14787 14788 14807 14808 14813 24454 24455 24457 41741 41750 41753 41758 41763 41767 41769 41774 41775 41780 41783
NODE_NUM = 175
FILE aes_xcrypt_sub_82.aig

# Subcircuit 83
SUB_ID 83
LO (86):  14856 35086 35132 35136 35139 35149 35151 35156 35159 35161 35167 35171 35172 35173 35174 35175 35176 35177 35178 35179 35181 35183 35184 35186 35189 35191 35193 35194 35195 35196 35216 35262 35289 35290 35291 35322 35326 35334 35470 35529 35530 35548 35560 35563 35564 35565 35568 35576 35577 35578 35583 35591 35594 35612 35613 35616 35617 35618 35619 35620 35621 35622 35782 35791 35792 35793 36058 36085 36117 36166 36209 36954 36990 37004 37047 37069 37460 37518 38255 38280 38357 39234 39248 39262 39299 39357
LI (46):  18 21 161 542 670 798 926 1054 1182 1310 1438 1566 1867 3787 14431 14459 14461 14465 14468 14471 14473 14476 14478 14491 14515 14818 14828 14829 14830 14836 14849 14850 14855 35053 35054 35055 35085 35148 35155 35158 35170 35180 35182 35187 35188 35192
NODE_NUM = 147
FILE aes_xcrypt_sub_83.aig

# Subcircuit 84
SUB_ID 84
LO (12):  14836 14898 14940 14982 15024 35053 35055 35085 35100 35148 35155 35158
LI (96):  18 21 199 208 215 222 462 463 464 465 543 544 545 546 671 672 673 674 799 800 801 802 927 928 929 930 1055 1056 1057 1058 1183 1184 1185 1186 1311 1312 1313 1314 1439 1440 1441 1442 1567 1568 1569 1570 1869 1871 1873 3783 3787 14431 14459 14461 14465 14468 14471 14473 14476 14478 14491 14515 14860 14870 14871 14872 14891 14892 14897 14902 14912 14913 14914 14926 14929 14934 14944 14954 14955 14956 14968 14971 14976 14986 14996 14997 14998 15004 15010 15013 15018 35044 35073 35083 35084 35098
NODE_NUM = 200
FILE aes_xcrypt_sub_84.aig

# Subcircuit 85
SUB_ID 85
LO (126):  15004 15066 35098 35107 35143 35168 35170 35197 35200 35201 35202 35203 35206 35208 35210 35212 35213 35229 35230 35231 35232 35234 35235 35236 35237 35238 35241 35242 35243 35244 35248 35249 35253 35263 35268 35269 35270 35272 35281 35283 35284 35285 35286 35287 35299 35314 35315 35318 35320 35330 35401 35427 35443 35487 35488 35490 35491 35492 35503 35504 35505 35506 35507 35508 35510 35512 35515 35555 35556 35557 35649 35656 35658 35664 35670 35671 35672 35717 35718 35720 35721 35743 35745 35746 35748 35753 35755 35756 35757 35758 35778 35779 35780 35798 36086 36101 36132 36136 36153 36942 36957 37030 37076 37482 37492 37510 37512 37532 37535 37540 38244 38247 38358 38567 38587 38659 38680 38686 38690 39259 39283 39313 39350 39630 39650 39663
LI (58):  18 21 229 466 547 675 803 931 1059 1187 1315 1443 1571 1877 3783 3787 14431 14459 14461 14465 14468 14471 14473 14476 14478 14491 14515 15028 15038 15039 15040 15046 15059 15060 15065 35087 35088 35106 35128 35132 35139 35149 35151 35159 35161 35166 35167 35169 35174 35179 35186 35189 35193 35196 35205 35220 35228 35247
NODE_NUM = 200
FILE aes_xcrypt_sub_85.aig

# Subcircuit 86
SUB_ID 86
LO (40):  15046 15108 15150 15192 23489 23490 23582 23583 23584 23586 23590 23592 23614 23617 23638 23640 23680 23682 23864 23865 23866 23876 23877 23878 23879 23880 23881 23882 24186 24233 27293 27345 27600 27750 28486 30283 35088 35109 35127 40973
LI (80):  18 21 236 243 249 467 468 469 548 549 550 676 677 678 804 805 806 932 933 934 1060 1061 1062 1188 1189 1190 1316 1317 1318 1444 1445 1446 1572 1573 1574 1720 1879 3783 3787 14431 14459 14461 14465 14468 14471 14473 14476 14478 14491 14515 15070 15080 15081 15082 15101 15102 15107 15112 15122 15123 15124 15136 15139 15144 15154 15164 15165 15166 15172 15178 15181 15186 23444 23466 23467 23468 23487 23581 23589 35118
NODE_NUM = 181
FILE aes_xcrypt_sub_86.aig

# Subcircuit 87
SUB_ID 87
LO (106):  15172 15234 23466 23468 40975 40976 40996 40997 40998 41004 41005 41006 41007 41009 41012 41013 41014 41016 41020 41026 41028 41029 41030 41031 41032 41033 41034 41035 41052 41054 41094 41096 41195 41196 41197 41256 41257 41258 41266 41267 41268 41276 41279 41283 41284 41292 41293 41294 41296 41337 41340 41341 41342 41384 41385 41386 41387 41388 41389 41390 41571 41600 41611 41623 41624 41647 41668 41669 41681 41682 41683 44530 44531 44532 44538 44564 44570 44591 44608 44615 44626 44870 44901 44904 44965 45012 45020 45756 45774 45778 45857 46438 46495 46501 46736 46744 46753 46808 46816 46836 47553 47555 47618 47638 48430 48466
LI (46):  18 21 332 470 471 551 679 807 935 1063 1191 1319 1447 1575 1724 3783 3787 14431 14459 14461 14465 14468 14471 14473 14476 14478 14491 14515 15196 15206 15207 15208 15227 15228 15233 23445 23447 23465 40966 40967 40974 40995 41002 41003 41011 41015
NODE_NUM = 186
FILE aes_xcrypt_sub_87.aig

# Subcircuit 88
SUB_ID 88
LO (112):  15276 23444 23589 23602 23605 23606 23607 23608 23611 23612 23613 23615 23616 23618 23619 23620 23621 23625 23626 23627 23628 23629 23630 23668 23669 23670 23671 23672 23676 23686 23687 23688 23689 23690 23691 23692 23693 23694 23695 23696 23697 23698 23699 23700 23702 23736 23737 23738 23739 23741 23742 23763 23764 23767 23769 23770 23772 23857 23858 23859 23891 23892 23894 23895 23896 23897 23929 23930 23931 23932 23933 23934 23935 24141 24164 24222 24243 24246 27314 27334 27341 27351 27604 27613 27626 27646 27669 27687 27690 27704 27715 27738 27741 28495 28554 28558 28574 28586 29133 29134 29135 29139 29148 29221 29246 29581 30330 30386 31133 31156 31196 40963
LI (52):  18 21 339 472 552 680 808 936 1064 1192 1320 1448 1576 1728 3783 14431 14459 14461 14465 14468 14471 14473 14476 14478 14491 14515 15238 15248 15249 15250 15269 15270 15275 23421 23422 23424 23442 23489 23581 23583 23595 23600 23604 23614 23617 23623 23634 23652 23662 23663 23666 23685
NODE_NUM = 179
FILE aes_xcrypt_sub_88.aig

# Subcircuit 89
SUB_ID 89
LO (106):  15318 23421 40966 41003 41015 41082 41083 41084 41085 41086 41109 41111 41112 41113 41114 41116 41117 41118 41119 41120 41121 41122 41123 41143 41144 41145 41146 41148 41149 41157 41177 41178 41181 41182 41198 41199 41200 41201 41202 41203 41204 41205 41240 41241 41242 41243 41244 41245 41259 41260 41261 41263 41264 41265 41271 41272 41273 41289 41305 41306 41309 41310 41311 41343 41344 41345 41346 41347 41348 41349 41350 41352 41555 41616 41636 41657 41660 41701 44584 44593 44604 44607 44660 44874 44911 44916 44957 44964 44974 45765 45824 45827 45828 45845 45846 46404 46409 46432 46449 46506 46530 46735 46765 46820 47619 48492
LI (74):  18 21 346 473 553 681 809 937 1065 1193 1321 1449 1577 1732 3783 3787 14431 14459 14461 14465 14468 14471 14473 14476 14478 14491 14515 15280 15290 15291 15292 15311 15312 15317 23400 23402 23420 40958 40965 40975 40995 40997 41002 41011 41018 41028 41031 41037 41046 41048 41058 41066 41076 41077 41080 41107 41141 41142 41156 41176 41190 41197 41220 41238 41239 41253 41258 41268 41276 41284 41304 41318 41335 41342
NODE_NUM = 196
FILE aes_xcrypt_sub_89.aig

# Subcircuit 90
SUB_ID 90
LO (114):  15360 23580 23581 23587 23588 23591 23593 23595 23596 23597 23598 23599 23600 23604 23622 23623 23634 23635 23636 23637 23639 23644 23646 23647 23648 23653 23654 23655 23656 23677 23678 23679 23712 23713 23714 23716 23719 23720 23722 23724 23754 23755 23756 23757 23759 23779 23781 23802 23803 23804 23825 23842 23868 23869 23883 23884 23885 23887 23898 23899 23900 23954 23955 23956 23980 23981 23982 23992 23993 23994 23996 24003 24004 24005 24006 24019 24020 24021 24023 24026 24027 24028 24035 24036 24037 24050 24051 24052 24054 24156 24206 24225 24267 27247 27268 27352 27374 27614 27625 27686 28496 28577 28584 29147 29217 29481 29539 30328 30397 30404 31160 31193 31221 40991
LI (46):  18 21 353 474 554 682 810 938 1066 1194 1322 1450 1578 1736 3783 14431 14459 14461 14465 14468 14471 14473 14476 14478 14491 14515 15322 15332 15333 15334 15353 15354 15359 23490 23535 23557 23558 23560 23578 23584 23586 23590 23592 23603 23633 23638
NODE_NUM = 169
FILE aes_xcrypt_sub_90.aig

# Subcircuit 91
SUB_ID 91
LO (133):  15402 23557 40994 40995 41001 41002 41010 41011 41018 41019 41021 41022 41036 41037 41038 41039 41040 41041 41042 41043 41044 41046 41048 41049 41050 41051 41058 41059 41060 41061 41067 41100 41101 41103 41104 41105 41106 41126 41127 41128 41133 41134 41135 41136 41161 41162 41163 41164 41166 41167 41168 41169 41170 41171 41184 41185 41186 41206 41207 41208 41209 41210 41212 41239 41297 41298 41299 41376 41377 41378 41379 41380 41381 41406 41408 41417 41425 41426 41427 41428 41429 41430 41431 41433 41434 41435 41457 41458 41459 41460 41461 41462 41464 41465 41466 41512 41513 41515 41516 41517 41518 41550 41578 41586 41619 41635 41642 44512 44535 44558 44611 44614 44656 44883 44896 44935 44982 44985 45764 45821 45848 46418 46450 46502 46759 46837 47601 47671 47674 48391 48411 48422 48483
LI (51):  18 21 360 475 555 683 811 939 1067 1195 1323 1451 1579 1740 3783 3787 14431 14459 14461 14465 14468 14471 14473 14476 14478 14491 14515 15364 15374 15375 15376 15395 15396 15401 23536 23538 23556 40976 40985 40986 40993 40998 41009 41014 41016 41017 41020 41029 41032 41035 41047
NODE_NUM = 196
FILE aes_xcrypt_sub_91.aig

# Subcircuit 92
SUB_ID 92
LO (98):  15444 23535 23603 23633 23658 23659 23660 23661 23662 23663 23664 23665 23666 23728 23729 23730 23731 23734 23735 23743 23809 23810 23812 23813 23814 23815 23817 23818 23819 23822 23834 23835 23836 23838 23875 23908 23909 23910 24074 24077 24079 24082 24083 24084 24085 24087 24088 24113 24117 24118 24120 24122 24126 24140 24148 24170 24179 24239 24242 24287 27277 27298 27316 27323 27389 27393 27616 27617 27618 27641 27645 27656 27673 27720 28522 28537 28550 28573 29151 29161 29187 29212 29259 29263 29449 29463 29506 29508 29527 29559 29578 30273 30389 30406 31150 31219 31227 40982
LI (60):  18 21 367 476 556 684 812 940 1068 1196 1324 1452 1580 1744 3783 14431 14459 14461 14465 14468 14471 14473 14476 14478 14491 14515 15406 15416 15417 15418 15437 15438 15443 23490 23512 23513 23515 23533 23580 23584 23587 23596 23602 23606 23615 23622 23638 23640 23656 23668 23670 23676 23697 23699 23711 23727 23742 23808 23832 23872
NODE_NUM = 182
FILE aes_xcrypt_sub_92.aig

# Subcircuit 93
SUB_ID 93
LO (122):  15486 23512 40985 41017 41047 41072 41073 41074 41075 41076 41077 41078 41080 41142 41150 41151 41152 41153 41155 41156 41223 41224 41225 41226 41227 41228 41229 41232 41233 41235 41238 41248 41249 41250 41251 41252 41253 41323 41324 41325 41326 41327 41329 41330 41331 41482 41484 41485 41486 41489 41490 41491 41492 41493 41494 41504 41506 41507 41508 41519 41521 41522 41527 41528 41532 41533 41554 41557 41562 41568 41576 41584 41590 41632 41643 41653 41685 44537 44548 44583 44586 44594 44632 44663 44886 44887 44888 44909 44940 44943 44960 44990 45771 45781 45792 45801 45809 45820 45879 45882 46403 46421 46429 46490 46526 46529 46533 46719 46733 46734 46797 46829 46843 46848 46851 47532 47582 47676 48376 48414 48418 48469
LI (55):  18 21 374 477 557 685 813 941 1069 1197 1325 1453 1581 1748 3783 3787 14431 14459 14461 14465 14468 14471 14473 14476 14478 14491 14515 15448 15458 15459 15460 15479 15480 15485 23491 23493 23511 40976 40977 40984 40994 40998 41001 41004 41010 41016 41020 41029 41032 41036 41052 41054 41070 41094 41096
NODE_NUM = 200
FILE aes_xcrypt_sub_93.aig

# Subcircuit 94
SUB_ID 94
LO (7):  15528 15570 15612 15654 15665 15683 15696
LI (102):  21 67 76 87 97 399 402 405 408 558 559 560 561 562 686 687 688 689 690 814 815 816 817 818 942 943 944 945 1070 1071 1072 1073 1198 1199 1200 1201 1326 1327 1328 1329 1330 1454 1455 1456 1457 1458 1582 1583 1584 1585 1586 3783 14431 14459 14461 14465 14468 14471 14473 14476 14478 14491 14515 15490 15500 15501 15502 15521 15522 15527 15532 15542 15543 15544 15556 15559 15564 15574 15584 15585 15586 15598 15601 15606 15616 15626 15627 15628 15640 15643 15648 15658 15664 15666 15669 15670 15673 15676 15682 15685 15686 15690
NODE_NUM = 200
FILE aes_xcrypt_sub_94.aig

# Subcircuit 95
SUB_ID 95
LO (12):  15664 15666 15669 15673 15676 15685 15686 15738 15780 15822 15864 15906
LI (104):  13 21 29 39 49 59 63 387 390 393 396 563 564 565 566 567 691 692 693 694 695 819 820 821 822 823 946 947 948 949 950 1074 1075 1076 1077 1078 1202 1203 1204 1205 1206 1331 1332 1333 1334 1459 1460 1461 1462 1587 1588 1589 1590 3783 14431 14459 14461 14465 14468 14471 14473 14476 14478 14491 14515 15665 15683 15700 15710 15711 15712 15731 15732 15737 15742 15752 15753 15754 15766 15769 15774 15784 15794 15795 15796 15808 15811 15816 15826 15836 15837 15838 15850 15853 15858 15868 15880 15883 15886 15892 15895 15896 15900 15903
NODE_NUM = 200
FILE aes_xcrypt_sub_95.aig

# Subcircuit 96
SUB_ID 96
LO (13):  15880 15883 15886 15892 15895 15896 15903 15948 15990 16032 16074 16095 16112
LI (102):  21 24 25 34 35 72 73 82 83 92 93 568 569 570 571 572 696 697 698 699 824 825 826 827 951 952 953 954 955 1079 1080 1081 1082 1083 1207 1208 1209 1210 1211 1335 1336 1337 1338 1339 1463 1464 1465 1466 1467 1591 1592 1593 1594 1595 3783 14431 14459 14461 14465 14468 14471 14473 14476 14478 14491 14515 15878 15879 15910 15920 15921 15922 15934 15937 15942 15952 15962 15963 15964 15976 15979 15984 15994 16004 16005 16006 16018 16021 16026 16036 16046 16047 16048 16060 16063 16068 16078 16090 16093 16096 16097 16110
NODE_NUM = 199
FILE aes_xcrypt_sub_96.aig

# Subcircuit 97
SUB_ID 97
LO (56):  16078 16090 16093 16096 16097 16110 16116 16158 16200 43699 43721 43766 43767 43769 43770 43771 43772 43773 43774 43775 43777 43781 43784 43785 43786 43787 43789 43824 43828 43913 43914 44040 44110 44111 44112 44113 44128 44129 44130 44131 44132 44278 44279 44280 44411 44438 44691 44719 44808 44809 44810 45578 45637 46111 47190 47973
LI (74):  18 21 44 45 54 55 163 573 574 700 701 702 828 829 830 956 957 958 1084 1085 1086 1212 1213 1214 1340 1341 1342 1468 1469 1470 1596 1597 1598 1931 3783 3787 14431 14459 14461 14465 14468 14471 14473 14476 14478 14491 14515 16088 16089 16095 16109 16112 16120 16130 16131 16132 16144 16147 16152 16162 16172 16173 16174 16180 16186 16189 16194 43688 43689 43690 43720 43764 43779 43783
NODE_NUM = 177
FILE aes_xcrypt_sub_97.aig

# Subcircuit 98
SUB_ID 98
LO (76):  16180 16242 16284 43688 43690 43720 43783 43791 43792 43794 43795 43796 43797 43798 43799 43801 43802 43806 43807 43808 43809 43810 43811 43812 43813 43814 43816 43817 43818 43819 43821 43851 43897 43969 44114 44115 44116 44118 44119 44164 44165 44195 44196 44211 44212 44213 44215 44216 44217 44218 44219 44220 44221 44273 44274 44275 44276 44277 44417 44426 44437 44693 44710 44791 44792 44793 44801 45589 45682 45685 46153 46160 46866 46915 47869 47897
LI (67):  18 21 202 210 478 479 575 576 703 704 831 832 959 960 1087 1088 1215 1216 1343 1344 1471 1472 1599 1600 1933 1935 3783 3787 14431 14459 14461 14465 14468 14471 14473 14476 14478 14491 14515 16204 16214 16215 16216 16235 16236 16241 16246 16256 16257 16258 16264 16270 16273 16278 43679 43699 43700 43708 43719 43764 43766 43770 43773 43777 43789 43805 43815
NODE_NUM = 180
FILE aes_xcrypt_sub_98.aig

# Subcircuit 99
SUB_ID 99
LO (85):  16264 16326 16368 43700 43719 43742 43764 43778 43779 43803 43805 43815 43822 43825 43826 43827 43829 43830 43831 43832 43833 43834 43864 43865 43866 43867 43868 43869 43870 43871 43872 43915 43916 43918 43919 43920 43921 43922 43924 43925 43926 43958 43965 44036 44037 44038 44121 44124 44125 44126 44138 44145 44147 44182 44190 44203 44226 44227 44228 44229 44230 44231 44253 44254 44255 44256 44266 44433 44468 44720 44721 44722 44763 44821 45577 45640 45721 46095 46174 46992 47202 47246 47853 47894 48265
LI (66):  18 21 217 224 480 481 577 578 705 706 833 834 961 962 1089 1090 1217 1218 1345 1346 1473 1474 1601 1602 1937 1939 3783 3787 14431 14459 14461 14465 14468 14471 14473 14476 14478 14491 14515 16288 16298 16299 16300 16319 16320 16325 16330 16340 16341 16342 16348 16354 16357 16362 43718 43731 43732 43733 43763 43784 43786 43794 43802 43804 43824 43828
NODE_NUM = 184
FILE aes_xcrypt_sub_99.aig

# Subcircuit 100
SUB_ID 100
LO (89):  16348 16410 16452 43731 43733 43763 43804 43840 43841 43842 43843 43844 43847 43848 43849 43850 43852 43853 43854 43855 43857 43858 43859 43860 43861 43873 43876 43877 43878 43879 43881 43892 43893 43894 43895 43896 43977 43978 43982 43983 43984 43991 43995 44013 44015 44026 44069 44070 44071 44072 44073 44074 44077 44078 44079 44169 44323 44324 44326 44331 44332 44333 44335 44336 44364 44732 44832 45611 45698 46096 46105 46122 46163 46178 46196 46201 46897 46924 46970 47218 47229 47918 47985 47988 48253 48286 48315 48340 48344
LI (72):  18 21 231 238 482 483 579 580 707 708 835 836 963 964 1091 1092 1219 1220 1347 1348 1475 1476 1603 1604 1941 1943 3783 3787 14431 14459 14461 14465 14468 14471 14473 14476 14478 14491 14515 16372 16382 16383 16384 16403 16404 16409 16414 16424 16425 16426 16432 16438 16441 16446 43722 43752 43753 43754 43767 43774 43778 43791 43794 43796 43801 43802 43803 43809 43814 43839 43851 43872
NODE_NUM = 194
FILE aes_xcrypt_sub_100.aig

# Subcircuit 101
SUB_ID 101
LO (8):  16432 16494 16536 16578 16620 16662 43752 43754
LI (103):  18 21 245 252 289 295 296 303 304 484 485 581 582 583 584 585 709 710 711 712 713 837 838 839 840 841 965 966 967 968 1093 1094 1095 1096 1221 1222 1223 1224 1349 1350 1351 1352 1477 1478 1479 1480 1605 1606 1607 1608 1945 3783 3787 14431 14459 14461 14465 14468 14471 14473 14476 14478 14491 14515 16456 16466 16467 16468 16487 16488 16493 16498 16508 16509 16510 16522 16525 16530 16540 16550 16551 16552 16564 16567 16572 16582 16592 16593 16594 16606 16609 16614 16624 16636 16639 16642 16648 16651 16652 16656 16659 43743 43745
NODE_NUM = 200
FILE aes_xcrypt_sub_101.aig

# Subcircuit 102
SUB_ID 102
LO (13):  16636 16639 16642 16648 16651 16652 16659 16704 16746 16788 16830 16851 16868
LI (102):  21 257 258 265 266 273 274 281 282 311 312 586 587 588 589 590 714 715 716 717 842 843 844 845 969 970 971 972 973 1097 1098 1099 1100 1101 1225 1226 1227 1228 1229 1353 1354 1355 1356 1357 1481 1482 1483 1484 1485 1609 1610 1611 1612 1613 3783 14431 14459 14461 14465 14468 14471 14473 14476 14478 14491 14515 16634 16635 16666 16676 16677 16678 16690 16693 16698 16708 16718 16719 16720 16732 16735 16740 16750 16760 16761 16762 16774 16777 16782 16792 16802 16803 16804 16816 16819 16824 16834 16846 16849 16852 16853 16866
NODE_NUM = 199
FILE aes_xcrypt_sub_102.aig

# Subcircuit 103
SUB_ID 103
LO (118):  16834 16846 16849 16852 16853 16866 16872 25292 25314 25316 25317 25319 25321 25325 25326 25327 25329 25330 25331 25334 25335 25336 25337 25338 25342 25344 25361 25365 25375 25376 25403 25404 25405 25414 25416 25420 25421 25424 25425 25426 25435 25438 25439 25440 25441 25512 25513 25514 25515 25516 25518 25519 25520 25521 25522 25523 25550 25551 25552 25769 25770 25771 25772 25773 25774 25775 25777 25779 25780 25781 25782 25885 25886 25887 25918 25919 25938 25952 25978 26002 26012 26035 26224 26229 26263 26301 26317 26382 27776 27787 27867 27868 27903 27914 28671 28686 28717 28745 28755 28996 29011 29038 29067 29308 29309 29317 29318 29319 29365 29389 29390 29400 30126 30211 30213 30225 31308 31371
LI (38):  18 21 382 486 718 846 974 1102 1230 1358 1486 1614 1785 3783 3787 14459 14461 14465 14468 14471 14473 14476 14478 14491 14515 16844 16845 16851 16865 16868 25271 25281 25282 25313 25320 25324 25333 25341
NODE_NUM = 167
FILE aes_xcrypt_sub_103.aig

# Subcircuit 104
SUB_ID 104
LO (80):  16914 16956 25281 25313 25320 25341 25350 25351 25352 25354 25355 25356 25357 25358 25359 25360 25400 25401 25402 25428 25430 25431 25432 25433 25434 25451 25452 25453 25454 25455 25456 25457 25458 25469 25470 25471 25472 25473 25474 25478 25480 25482 25484 25485 25498 25499 25500 25510 25525 25526 25528 25529 25531 25539 25867 25894 25982 25989 25995 26290 26325 26333 26339 27786 27799 27800 27801 27887 28639 28697 28758 28772 28983 29037 29063 29070 29427 30150 30227 31305
LI (81):  18 21 412 419 487 591 592 719 720 847 848 975 976 1103 1104 1231 1232 1359 1360 1487 1488 1615 1616 1787 1789 3783 3787 14431 14459 14461 14465 14468 14471 14473 14476 14478 14491 14515 16876 16886 16887 16888 16907 16908 16913 16918 16928 16929 16930 16936 16942 16945 16950 25271 25272 25292 25302 25303 25311 25316 25324 25330 25333 25335 25348 25371 25389 25397 25399 25405 25427 25441 25450 25466 25467 25479 25493 25497 25508 25524 25538
NODE_NUM = 199
FILE aes_xcrypt_sub_104.aig

# Subcircuit 105
SUB_ID 105
LO (70):  16936 16998 17040 25270 25271 25302 25303 25322 25324 25332 25333 25339 25340 25343 25345 25346 25348 25363 25364 25368 25369 25370 25377 25381 25393 25444 25445 25446 25448 25459 25460 25461 25462 25463 25467 25542 25543 25544 25545 25547 25575 25599 25600 25601 25608 25617 25619 25620 25621 25736 25791 25793 25794 25795 25838 25839 25840 25842 25953 25958 26241 26250 26343 28743 29053 29332 29356 30189 30240 30243
LI (66):  18 21 425 431 488 489 593 594 721 722 849 850 977 978 1105 1106 1233 1234 1361 1362 1489 1490 1617 1618 1791 1793 3783 3787 14431 14459 14461 14465 14468 14471 14473 14476 14478 14491 14515 16960 16970 16971 16972 16991 16992 16997 17002 17012 17013 17014 17020 17026 17029 17034 25249 25259 25260 25261 25301 25323 25329 25338 25342 25344 25361 25362
NODE_NUM = 167
FILE aes_xcrypt_sub_105.aig

# Subcircuit 106
SUB_ID 106
LO (83):  17020 17082 17124 25249 25259 25261 25323 25362 25398 25399 25410 25411 25413 25415 25417 25419 25427 25479 25487 25488 25489 25490 25493 25495 25496 25497 25503 25504 25507 25508 25672 25673 25674 25675 25676 25678 25682 25683 25684 25690 25691 25692 25704 25705 25706 25707 25708 25709 25710 25711 25712 25715 25716 25717 25866 25957 25983 26019 26223 26279 26285 26291 26336 26368 27798 27861 27885 27894 27928 28652 28689 28695 28775 28978 29025 29051 29059 29301 29418 30116 30190 31270 31300
LI (72):  18 21 437 443 490 491 595 596 723 724 851 852 979 980 1107 1108 1235 1236 1363 1364 1491 1492 1619 1620 1795 1797 3783 3787 14431 14459 14461 14465 14468 14471 14473 14476 14478 14491 14515 17044 17054 17055 17056 17075 17076 17081 17086 17096 17097 17098 17104 17110 17113 17118 25238 25239 25240 25250 25270 25314 25317 25321 25322 25326 25331 25332 25336 25361 25365 25414 25416 25426
NODE_NUM = 194
FILE aes_xcrypt_sub_106.aig

# Subcircuit 107
SUB_ID 107
LO (85):  17104 17166 17208 24398 24493 24499 24504 24508 24510 24511 24513 24514 24515 24516 24518 24524 24525 24526 24527 24529 24530 24534 24551 24552 24553 24554 24555 24556 24557 24592 24594 24610 24611 24612 24614 24627 24653 24735 24768 24778 24868 24869 24870 24871 24874 24875 24876 24881 24882 24883 24915 24918 24919 24930 24931 24958 24959 25021 25022 25023 25025 25026 25027 25105 25106 25151 25238 25240 26065 26114 26156 26159 26198 28060 28165 29800 29881 30437 30465 30508 30537 31431 31450 31514 41734
LI (69):  15 18 21 449 492 493 597 598 725 726 853 854 981 982 1109 1110 1237 1238 1365 1366 1493 1494 1621 1622 1753 1799 3783 3787 14431 14459 14461 14465 14468 14471 14473 14476 14478 14491 14515 17128 17138 17139 17140 17159 17160 17165 17170 17180 17181 17182 17188 17194 17197 17202 24353 24354 24355 24374 24397 24496 24502 24503 24507 24517 24520 24523 24549 24550 25229
NODE_NUM = 194
FILE aes_xcrypt_sub_107.aig

# Subcircuit 108
SUB_ID 108
LO (114):  17188 17250 24355 24397 41741 41763 41767 41769 41774 41780 41783 41788 41792 41793 41794 41795 41796 41797 41799 41800 41804 41806 41807 41808 41809 41810 41812 41824 41830 41862 41864 41922 41924 41965 41966 41967 41969 41971 41973 41997 42026 42030 42033 42036 42143 42144 42145 42147 42150 42155 42158 42159 42163 42291 42292 42293 42295 42296 42298 42358 42359 42380 42381 42383 42386 42387 42388 42389 42390 42391 42392 42394 42395 42396 42416 42441 42465 43321 43362 43388 43429 43444 43463 43468 45236 45257 45300 45308 45323 45330 45358 45434 45457 45472 45523 47071 47146 47150 47738 47746 47791 47796 47809 48062 48068 48123 48156 48701 48732 48734 48746 48753 48784 48797
LI (49):  18 21 115 494 599 727 855 983 1111 1239 1367 1495 1623 1757 3783 3787 14431 14459 14461 14465 14468 14471 14473 14476 14478 14491 14515 17212 17222 17223 17224 17230 17243 17244 17249 24376 24377 24396 41731 41735 41736 41766 41772 41773 41786 41787 41790 41802 41811
NODE_NUM = 194
FILE aes_xcrypt_sub_108.aig

# Subcircuit 109
SUB_ID 109
LO (15):  17230 17292 17334 17376 17418 24330 24332 24377 24401 24431 41731 41749 41766 41773 41787
LI (97):  18 21 122 129 136 143 495 496 497 498 499 600 601 602 603 728 729 730 731 856 857 858 859 984 985 986 987 1112 1113 1114 1115 1240 1241 1242 1243 1368 1369 1370 1371 1496 1497 1498 1499 1624 1625 1626 1627 1761 1773 3783 3787 14431 14459 14461 14465 14468 14471 14473 14476 14478 14491 14515 17254 17264 17265 17266 17285 17286 17291 17296 17306 17307 17308 17320 17323 17328 17338 17348 17349 17350 17362 17365 17370 17380 17390 17391 17392 17404 17407 17412 24309 24329 24422 24424 41723 41730 41746
NODE_NUM = 200
FILE aes_xcrypt_sub_109.aig

# Subcircuit 110
SUB_ID 110
LO (10):  17460 17502 17544 17586 17607 17624 24454 24476 41753 41758
LI (101):  18 21 150 157 165 184 187 188 500 501 604 605 606 607 608 732 733 734 735 860 861 862 863 988 989 990 991 1116 1117 1118 1119 1244 1245 1246 1247 1372 1373 1374 1375 1500 1501 1502 1503 1628 1629 1630 1631 1777 1781 3783 3787 14431 14459 14461 14465 14468 14471 14473 14476 14478 14491 14515 17422 17432 17433 17434 17453 17454 17459 17464 17474 17475 17476 17488 17491 17496 17506 17516 17517 17518 17530 17533 17538 17548 17558 17559 17560 17572 17575 17580 17590 17602 17605 17608 17609 17622 24445 24447 24467 24469 41755
NODE_NUM = 200
FILE aes_xcrypt_sub_110.aig

# Subcircuit 111
SUB_ID 111
LO (11):  17590 17602 17605 17608 17609 17622 17628 17670 17712 17754 17796
LI (100):  21 168 169 172 173 176 177 191 192 195 196 609 610 611 612 736 737 738 739 740 864 865 866 867 868 992 993 994 995 996 1120 1121 1122 1123 1124 1248 1249 1250 1251 1252 1376 1377 1378 1379 1380 1504 1505 1506 1507 1508 1632 1633 1634 1635 1636 3783 14431 14459 14461 14465 14468 14471 14473 14476 14478 14491 14515 17600 17601 17607 17621 17624 17632 17642 17643 17644 17656 17659 17664 17674 17684 17685 17686 17698 17701 17706 17716 17726 17727 17728 17740 17743 17748 17758 17768 17769 17770 17782 17785 17790
NODE_NUM = 199
FILE aes_xcrypt_sub_111.aig

# Subcircuit 112
SUB_ID 112
LO (10):  17838 17880 17922 17964 23442 23465 23487 40962 40967 40974
LI (96):  18 21 180 181 254 336 343 502 503 504 613 614 615 616 741 742 743 744 869 870 871 872 997 998 999 1000 1125 1126 1127 1128 1253 1254 1255 1256 1381 1382 1383 1384 1509 1510 1511 1512 1637 1638 1639 1640 1718 1722 1726 3783 3787 14431 14459 14461 14465 14468 14471 14473 14476 14478 14491 14515 17800 17810 17811 17812 17831 17832 17837 17842 17852 17853 17854 17866 17869 17874 17884 17894 17895 17896 17908 17911 17916 17926 17936 17937 17938 17950 17953 17958 23432 23434 23455 23457 23477 40973
NODE_NUM = 200
FILE aes_xcrypt_sub_112.aig

# Subcircuit 113
SUB_ID 113
LO (11):  18006 18048 18090 18132 23420 23524 23556 23578 40958 40986 40993
LI (97):  18 21 350 357 364 371 505 506 507 508 617 618 619 620 745 746 747 748 873 874 875 876 1001 1002 1003 1004 1129 1130 1131 1132 1257 1258 1259 1260 1385 1386 1387 1388 1513 1514 1515 1516 1641 1642 1643 1644 1730 1734 1738 3783 3787 14431 14459 14461 14465 14468 14471 14473 14476 14478 14491 14515 17968 17978 17979 17980 17999 18000 18005 18010 18020 18021 18022 18034 18037 18042 18052 18062 18063 18064 18076 18079 18084 18094 18104 18105 18106 18118 18121 18126 23410 23412 23546 23548 23568 23570 40992
NODE_NUM = 200
FILE aes_xcrypt_sub_113.aig

# Subcircuit 114
SUB_ID 114
LO (69):  18174 18216 23511 33927 33949 33951 33952 33954 33956 33960 33961 33962 33964 33965 33966 33969 33970 33971 33972 33973 34009 34010 34011 34038 34039 34040 34049 34051 34055 34056 34059 34060 34061 34147 34148 34149 34150 34185 34186 34187 34410 34412 34414 34415 34416 34520 34521 34522 34553 34554 34573 34587 34647 34859 34864 34952 36422 36549 37306 37380 37390 37943 37953 38024 38025 38761 38848 39943 40977
LI (63):  18 21 378 384 509 621 622 749 750 877 878 1005 1006 1133 1134 1261 1262 1389 1390 1517 1518 1645 1646 1746 1849 3783 3787 14431 14459 14461 14465 14468 14471 14473 14476 14478 14491 14515 18136 18146 18147 18148 18167 18168 18173 18178 18188 18189 18190 18196 18202 18205 18210 23501 23503 33906 33916 33917 33918 33948 33955 33959 33968
NODE_NUM = 175
FILE aes_xcrypt_sub_114.aig

# Subcircuit 115
SUB_ID 115
LO (92):  18196 18258 18300 33916 33918 33948 33955 33977 33978 33979 33980 33981 33985 33986 33987 33990 33991 33992 33993 33994 33995 33996 34000 34001 34002 34003 34004 34005 34006 34008 34012 34013 34014 34024 34035 34036 34037 34041 34131 34132 34133 34134 34135 34136 34219 34220 34221 34403 34404 34405 34406 34407 34408 34409 34435 34436 34437 34439 34440 34441 34466 34467 34469 34470 34471 34472 34542 34569 34617 34624 34633 34877 34901 34974 35020 36435 36450 37293 37294 37300 37357 37642 37670 37672 37693 37702 37967 38801 38875 38878 39940 39946
LI (71):  18 21 414 421 510 511 623 624 751 752 879 880 1007 1008 1135 1136 1263 1264 1391 1392 1519 1520 1647 1648 1851 1853 3783 3787 14431 14459 14461 14465 14468 14471 14473 14476 14478 14491 14515 18220 18230 18231 18232 18251 18252 18257 18262 18272 18273 18274 18280 18286 18289 18294 33907 33927 33937 33938 33946 33951 33964 33965 33968 33970 33973 33975 33998 34011 34023 34034 34040
NODE_NUM = 200
FILE aes_xcrypt_sub_115.aig

# Subcircuit 116
SUB_ID 116
LO (70):  18280 18342 18384 33905 33906 33937 33938 33957 33959 33967 33968 33974 33975 33998 34016 34017 34018 34019 34020 34021 34022 34023 34025 34028 34029 34030 34031 34094 34102 34177 34188 34193 34197 34200 34201 34202 34204 34224 34225 34226 34228 34229 34230 34231 34243 34244 34245 34246 34247 34371 34387 34390 34391 34392 34418 34419 34420 34422 34549 34600 34948 36424 37339 37937 37985 38760 38792 39891 39949 40003
LI (64):  18 21 427 433 512 513 625 626 753 754 881 882 1009 1010 1137 1138 1265 1266 1393 1394 1521 1522 1649 1650 1855 1857 3783 3787 14431 14459 14461 14465 14468 14471 14473 14476 14478 14491 14515 18304 18314 18315 18316 18335 18336 18341 18346 18356 18357 18358 18364 18370 18373 18378 33884 33894 33895 33896 33936 33949 33952 33958 33971 33997
NODE_NUM = 167
FILE aes_xcrypt_sub_116.aig

# Subcircuit 117
SUB_ID 117
LO (76):  18364 18426 18468 33884 33894 33896 33958 33997 34033 34034 34045 34048 34050 34052 34054 34113 34114 34115 34117 34118 34119 34120 34121 34122 34123 34124 34125 34138 34139 34140 34141 34143 34307 34308 34309 34311 34330 34331 34332 34333 34334 34335 34338 34339 34340 34342 34345 34346 34347 34348 34350 34351 34503 34592 34618 34623 34640 34654 34858 34860 34920 34946 34971 36433 36520 36522 37329 37410 37613 37634 37660 37694 38059 38825 38863 39907
LI (76):  18 21 439 445 514 515 627 628 755 756 883 884 1011 1012 1139 1140 1267 1268 1395 1396 1523 1524 1651 1652 1859 1861 3783 3787 14431 14459 14461 14465 14468 14471 14473 14476 14478 14491 14515 18388 18398 18399 18400 18419 18420 18425 18430 18440 18441 18442 18448 18454 18457 18462 33873 33874 33875 33885 33905 33949 33952 33956 33957 33961 33966 33967 33985 33987 33990 33992 34044 34049 34051 34061 34077 34111
NODE_NUM = 186
FILE aes_xcrypt_sub_117.aig

# Subcircuit 118
SUB_ID 118
LO (8):  18448 18510 18552 18594 18636 18678 33873 33875
LI (103):  17 18 21 60 68 69 78 79 451 516 517 629 630 631 632 633 757 758 759 760 885 886 887 888 889 1013 1014 1015 1016 1141 1142 1143 1144 1269 1270 1271 1272 1397 1398 1399 1400 1525 1526 1527 1528 1653 1654 1655 1656 1863 3783 3787 14431 14459 14461 14465 14468 14471 14473 14476 14478 14491 14515 18472 18482 18483 18484 18503 18504 18509 18514 18524 18525 18526 18538 18541 18546 18556 18566 18567 18568 18580 18583 18588 18598 18608 18609 18610 18622 18625 18630 18639 18640 18652 18655 18658 18659 18664 18667 18668 18672 18675 33864
NODE_NUM = 199
FILE aes_xcrypt_sub_118.aig

# Subcircuit 119
SUB_ID 119
LO (35):  18639 18652 18655 18658 18659 18664 18667 18668 18675 18683 18685 18693 18697 18719 18725 18727 18735 18739 18761 18767 18769 18777 18781 18803 18809 18811 18819 18823 18845 18851 18853 18861 18865 18887 26428
LI (109):  18 19 20 21 30 31 40 41 50 51 88 89 167 634 635 636 637 638 761 762 763 764 765 766 890 891 892 893 894 1017 1018 1019 1020 1021 1022 1145 1146 1147 1148 1149 1150 1273 1274 1275 1276 1277 1278 1401 1402 1403 1404 1405 1406 1529 1530 1531 1532 1533 1534 1657 1658 1659 1660 1661 1803 3783 3787 14431 14459 14461 14465 14468 14471 14473 14476 14478 14491 14515 18650 18651 18682 18692 18706 18709 18714 18724 18734 18748 18751 18756 18766 18776 18790 18793 18798 18808 18818 18832 18835 18840 18850 18860 18868 18874 18877 18882 18885 26419 26420
NODE_NUM = 198
FILE aes_xcrypt_sub_119.aig

# Subcircuit 120
SUB_ID 120
LO (100):  18868 18885 18893 18895 18903 18907 18929 26420 26451 26497 26499 26501 26504 26505 26507 26514 26515 26516 26517 26519 26521 26522 26524 26525 26526 26528 26529 26531 26532 26539 26544 26554 26558 26581 26627 26644 26767 26769 26771 26840 26842 26844 26845 26846 26850 26858 26859 26861 26862 26990 26991 26992 26993 26995 26997 26998 27001 27006 27007 27009 27011 27012 27141 27167 27168 27169 27181 27421 27449 27486 27490 27512 27538 27539 27540 27548 28308 28325 28368 28415 28442 28447 28842 28867 28890 28924 29596 29711 29719 29920 29935 29972 29977 30007 30043 30591 30606 30703 30976 31006
LI (41):  18 21 205 518 639 767 895 1023 1151 1279 1407 1535 1662 1805 3783 3787 14431 14459 14461 14468 14471 14473 14476 14478 14491 14515 18892 18902 18910 18912 18923 18927 26409 26410 26428 26450 26494 26509 26513 26520 26523
NODE_NUM = 176
FILE aes_xcrypt_sub_120.aig

# Subcircuit 121
SUB_ID 121
LO (65):  18910 18912 18927 18935 18937 18945 18949 18971 18977 18979 18987 18991 19013 19019 19021 19029 19033 19055 26410 26450 26472 26494 26508 26509 26513 26520 26523 26533 26535 26536 26537 26538 26540 26545 26548 26552 26562 26564 26565 26566 26594 26595 26648 26690 26852 26868 26869 26870 26871 26913 26920 26921 26922 26933 26934 26947 26948 26949 27035 27531 28322 28413 28900 30055 30664
LI (79):  18 21 213 220 227 519 520 521 639 640 641 642 768 769 770 896 897 898 1024 1025 1026 1152 1153 1154 1280 1281 1282 1408 1409 1410 1536 1537 1538 1663 1664 1665 1807 1809 1811 3783 3787 14431 14459 14461 14465 14468 14471 14473 14476 14478 14491 14515 18934 18944 18965 18966 18976 18986 19000 19003 19008 19018 19028 19036 19042 19045 19050 19053 26438 26448 26449 26461 26462 26463 26493 26526 26532 26534 26539
NODE_NUM = 174
FILE aes_xcrypt_sub_121.aig

# Subcircuit 122
SUB_ID 122
LO (111):  19036 19053 19061 19063 19071 19075 19097 19103 19105 19113 19117 19139 26461 26463 26493 26534 26570 26571 26572 26573 26574 26577 26578 26579 26580 26582 26583 26584 26585 26587 26588 26589 26590 26591 26603 26606 26608 26609 26610 26611 26612 26621 26622 26623 26624 26625 26626 26707 26708 26712 26713 26714 26721 26725 26743 26745 26755 26756 26757 26799 26800 26801 26802 26803 26804 26807 26808 26809 26899 27053 27054 27056 27061 27062 27063 27065 27066 27067 27068 27088 27094 27422 27462 27473 27562 28341 28373 28389 28428 28437 28826 28835 28852 28893 28908 28926 28931 29627 29654 29700 29948 29959 30644 30648 30715 30718 30983 31016 31045 31070 31074
LI (69):  18 21 234 241 522 523 643 644 771 772 899 900 1027 1028 1155 1156 1283 1284 1411 1412 1539 1540 1666 1667 1813 1815 3783 3787 14431 14459 14461 14465 14468 14471 14473 14476 14478 14491 14515 19060 19070 19091 19102 19112 19120 19126 19129 19134 19137 26451 26452 26482 26483 26484 26497 26504 26508 26521 26524 26526 26531 26532 26533 26539 26544 26569 26581 26602 26620
NODE_NUM = 194
FILE aes_xcrypt_sub_122.aig

# Subcircuit 123
SUB_ID 123
LO (31):  19120 19137 19145 19147 19155 19159 19181 19187 19189 19197 19201 19223 19229 19231 19239 19243 19265 19271 19273 19281 19285 19307 19313 19315 19323 19327 19349 19355 19392 26482 26484
LI (108):  18 21 248 256 292 299 300 307 308 315 316 524 525 645 646 647 648 649 650 773 774 775 776 777 778 901 902 903 904 905 906 1029 1030 1031 1032 1033 1157 1158 1159 1160 1161 1285 1286 1287 1288 1289 1413 1414 1415 1416 1417 1541 1542 1543 1544 1545 1668 1669 1670 1671 1672 1673 1817 3783 3787 14431 14459 14461 14465 14468 14471 14473 14476 14478 14491 14515 19144 19154 19175 19186 19196 19210 19213 19218 19228 19238 19252 19255 19260 19270 19280 19294 19297 19302 19312 19322 19336 19339 19344 19354 19371 19372 19378 19381 19382 19386 19389 26473
NODE_NUM = 200
FILE aes_xcrypt_sub_123.aig

# Subcircuit 124
SUB_ID 124
LO (20):  19357 19365 19369 19372 19378 19381 19382 19389 19434 19476 19518 19560 42562 42584 42586 42587 42600 42601 42605 42606
LI (106):  18 21 261 262 269 270 277 278 285 286 386 651 652 653 654 779 780 781 782 907 908 909 910 1034 1035 1036 1037 1038 1162 1163 1164 1165 1166 1290 1291 1292 1293 1294 1418 1419 1420 1421 1422 1546 1547 1548 1549 1550 1674 1675 1676 1677 1913 3783 3787 14431 14459 14461 14465 14468 14471 14473 14476 14478 14491 14515 19364 19396 19398 19406 19407 19408 19418 19420 19423 19433 19438 19440 19448 19449 19450 19462 19465 19470 19480 19482 19490 19491 19492 19504 19507 19512 19522 19524 19532 19533 19534 19540 19546 19549 19554 19557 42551 42552 42553 42583
NODE_NUM = 195
FILE aes_xcrypt_sub_124.aig

# Subcircuit 125
SUB_ID 125
LO (70):  19540 19557 19602 19644 42551 42553 42583 42590 42591 42595 42596 42597 42611 42612 42613 42614 42615 42616 42618 42619 42620 42621 42622 42623 42624 42625 42626 42635 42648 42686 42721 42722 42723 42724 42786 42787 42788 42789 42820 43029 43030 43031 43033 43038 43039 43040 43041 43045 43046 43047 43048 43101 43102 43103 43105 43156 43188 43189 43265 43268 43305 43499 45137 45935 46254 46355 46361 46587 47436 48575
LI (68):  18 21 416 423 526 527 655 656 783 784 911 912 1039 1040 1167 1168 1295 1296 1423 1424 1551 1552 1678 1679 1915 1917 3783 3787 14431 14459 14461 14465 14468 14471 14473 14476 14478 14491 14515 19564 19566 19574 19575 19576 19595 19601 19606 19608 19616 19617 19618 19624 19630 19633 19638 19641 42542 42562 42572 42573 42581 42586 42589 42594 42603 42605 42608 42610
NODE_NUM = 166
FILE aes_xcrypt_sub_125.aig

# Subcircuit 126
SUB_ID 126
LO (97):  19624 19641 19686 19728 42540 42541 42572 42573 42589 42592 42594 42602 42603 42604 42607 42608 42609 42610 42628 42644 42645 42646 42673 42674 42675 42701 42725 42729 42737 42742 42782 42783 42784 42785 42824 42825 42860 42861 42864 42865 42866 42867 42868 42878 42879 42880 42881 42882 42884 42885 42905 42932 43006 43017 43022 43023 43024 43025 43026 43027 43028 43053 43054 43055 43057 43058 43059 43104 43155 43184 43202 43213 43235 43238 43282 43509 43583 43587 43602 45057 45060 45139 45184 45189 45920 45930 46020 46312 46578 46620 46659 46660 47395 47438 48537 48578 48584
LI (67):  18 21 429 435 528 529 657 658 785 786 913 914 1041 1042 1169 1170 1297 1298 1425 1426 1553 1554 1680 1681 1919 1921 3783 3787 14431 14459 14461 14465 14468 14471 14473 14476 14478 14491 14515 19648 19650 19658 19659 19660 19679 19685 19690 19692 19700 19701 19702 19708 19714 19717 19722 19725 42519 42529 42530 42531 42571 42584 42587 42593 42601 42606 42627
NODE_NUM = 199
FILE aes_xcrypt_sub_126.aig

# Subcircuit 127
SUB_ID 127
LO (91):  19708 19725 19770 19812 42519 42529 42531 42593 42632 42633 42634 42636 42637 42638 42639 42640 42641 42643 42651 42652 42653 42654 42655 42656 42657 42659 42660 42661 42662 42668 42669 42766 42767 42794 42828 42829 42830 42854 42855 42856 42973 42974 42976 42977 42978 42979 42988 42990 42992 42994 42995 42996 42997 42999 43001 43002 43108 43109 43110 43111 43112 43113 43114 43145 43228 43239 43244 43512 43549 43605 43612 43646 43648 45067 45198 45929 45960 45974 45992 46006 46047 46320 46328 46356 46631 46648 47388 47427 47510 48526 48606
LI (73):  18 21 441 447 530 531 659 660 787 788 915 916 1043 1044 1171 1172 1299 1300 1427 1428 1555 1556 1682 1683 1923 1925 3783 3787 14431 14459 14461 14465 14468 14471 14473 14476 14478 14491 14515 19732 19734 19742 19743 19744 19763 19769 19774 19776 19784 19785 19786 19792 19798 19801 19806 19809 42508 42509 42510 42520 42584 42587 42592 42601 42606 42609 42612 42614 42618 42630 42631 42635 42650
NODE_NUM = 197
FILE aes_xcrypt_sub_127.aig

# Subcircuit 128
SUB_ID 128
LO (80):  19792 19809 19854 19862 19868 19873 19898 19906 19916 19919 19933 19938 19956 19963 19975 19979 19982 20018 20021 20031 20034 20046 20058 20071 20082 20121 20137 20146 20152 20159 20169 20190 20215 20229 20232 20267 20276 20286 20300 20306 20313 20324 20352 20362 20376 20377 20388 20426 20441 20446 20450 20463 20465 20470 20476 20483 20498 20525 20527 20531 20536 20538 20547 20554 20555 20566 20581 20590 20619 20624 20628 20635 21063 21071 21416 21949 22005 22632 42508 42510
LI (249):  18 21 453 532 533 661 789 917 1045 1173 1301 1429 1557 1684 1685 1927 3783 3787 4106 4114 4223 4236 4247 4313 4318 4319 4476 4525 4528 4534 4592 4685 4692 4811 4812 4815 4868 5143 5154 5155 5247 5369 5674 5687 5690 5706 5714 5740 5752 5768 5779 5788 5790 5800 5805 5849 5856 5901 5929 6030 6065 6071 6102 6109 6117 6222 6229 6240 6349 6352 6361 6474 6814 6855 6906 7298 7343 7391 7419 7455 7459 7463 7475 7483 7514 7524 7528 7563 7590 7595 7603 7604 7631 7640 7647 7785 7798 7801 7819 7842 7849 7850 7858 7866 7868 7872 7963 7970 8090 8093 8192 8197 8473 8626 8646 8977 8982 8990 8993 8997 9000 9008 9009 9017 9043 9055 9071 9081 9082 9091 9093 9094 9103 9105 9108 9117 9125 9128 9150 9157 9160 9199 9202 9255 9273 9278 9309 9317 9318 9335 9337 9360 9363 9369 9374 9412 9413 9420 9432 9525 9532 9543 9653 10002 10003 10010 10092 10093 10098 10126 10218 10219 10300 14431 14459 14461 14465 14468 14471 14473 14476 14478 14491 14515 19816 19818 19826 19827 19828 19847 19853 19861 19871 19872 19905 19943 19945 19946 19949 19954 19955 19959 19974 19981 20015 20026 20028 20030 20042 20043 20068 20080 20081 20129 20144 20145 20155 20158 20204 20282 20283 20284 20299 20309 20312 20322 20361 20375 20462 20468 20469 20481 20482 20497 20542 20543 20544 20553 20579 20631 20632 20633 21061 21068 21415 22000 22004 22629 42499
NODE_NUM = 200
FILE aes_xcrypt_sub_128.aig

# Subcircuit 129
SUB_ID 129
LO (95):  20636 20643 20644 20657 20662 20677 20693 20710 20714 20723 20734 20754 20758 20768 20807 20824 20833 20852 20856 20861 20886 20889 20906 20916 20920 20927 20935 20942 20957 20966 20969 20971 20991 20992 20996 21009 21052 21057 21061 21073 21077 21080 21085 21093 21100 21107 21145 21151 21158 21175 21182 21187 21192 21198 21205 21218 21223 21239 21248 21256 21264 21271 21273 21279 21298 21299 21302 21316 21325 21328 21338 21342 21347 21403 21411 21415 21418 21432 21446 21447 21476 21478 21480 21485 21491 21493 21504 21507 21649 21731 21862 22102 22135 22226 22434
LI (288):  21 4020 4065 4096 4099 4113 4115 4140 4141 4181 4185 4194 4197 4205 4213 4224 4228 4233 4235 4236 4243 4245 4246 4250 4312 4319 4327 4328 4347 4355 4364 4366 4465 4482 4541 4561 4564 4572 4576 4580 4584 4624 4640 4662 4907 5138 5140 5250 5277 5318 5346 5456 5674 5679 5704 5706 5713 5738 5749 5778 5781 5783 5786 5789 5791 5798 5801 5816 5823 5825 5854 5958 5989 5999 6002 6004 6015 6039 6056 6064 6113 6177 6212 6336 6342 6343 6416 6444 6459 6470 6675 6700 6784 6787 6958 7007 7384 7392 7418 7485 7492 7501 7514 7525 7572 7579 7588 7593 7615 7637 7702 7711 7715 7775 7789 7791 7803 7823 7831 7870 7933 7978 8077 8093 8223 8298 8302 8323 8329 8421 8520 8524 8527 8646 8975 9002 9007 9009 9016 9041 9052 9074 9084 9086 9089 9092 9094 9101 9104 9116 9199 9202 9209 9273 9279 9307 9309 9322 9326 9332 9336 9341 9353 9363 9367 9372 9385 9411 9416 9418 9428 9430 9459 9465 9474 9514 9540 9631 9632 9648 9700 9755 9766 9777 9866 10092 10099 10115 10117 10200 10218 10322 10350 19861 20363 20364 20434 20542 20630 20633 20635 20642 20656 20660 20661 20676 20722 20744 20747 20748 20752 20753 20767 20821 20822 20847 20850 20851 20883 20884 20902 20914 20941 20983 20990 21007 21008 21049 21050 21068 21079 21083 21084 21091 21092 21106 21155 21180 21197 21217 21233 21235 21238 21258 21261 21263 21277 21314 21315 21320 21321 21322 21327 21332 21333 21336 21337 21340 21402 21410 21414 21424 21427 21430 21431 21442 21443 21473 21475 21490 21495 21496 21498 21499 21501 21503 21558 21646 21729 21861 22099 22100 22125 22128 22134 22223 22224 22432
NODE_NUM = 200
FILE aes_xcrypt_sub_129.aig

# Subcircuit 130
SUB_ID 130
LO (96):  21515 21524 21528 21548 21551 21552 21561 21562 21569 21576 21583 21587 21605 21613 21619 21622 21631 21639 21641 21646 21652 21659 21676 21719 21722 21736 21746 21758 21763 21770 21776 21780 21792 21831 21843 21849 21852 21877 21881 21894 21913 21914 21921 21935 21942 21961 21966 21970 21981 21989 21993 22000 22004 22017 22039 22071 22075 22079 22089 22092 22093 22099 22107 22122 22134 22141 22196 22204 22213 22216 22223 22246 22259 22285 22295 22308 22315 22318 22322 22328 22344 22356 22364 22369 22375 22388 22400 22406 22418 22428 22454 22457 22467 22480 22487 22491
LI (294):  21 4063 4101 4108 4113 4114 4175 4183 4223 4226 4231 4234 4242 4286 4297 4302 4313 4317 4343 4361 4366 4383 4416 4444 4447 4450 4478 4542 4545 4592 4662 4700 4799 4815 4834 4931 5024 5045 5095 5163 5247 5250 5268 5368 5371 5672 5694 5697 5699 5705 5713 5730 5774 5778 5779 5786 5797 5799 5802 5803 5834 5836 5857 5885 5898 5913 5921 5963 5976 5981 5992 6004 6016 6021 6033 6036 6038 6056 6061 6064 6071 6072 6078 6079 6080 6110 6143 6160 6173 6176 6183 6199 6207 6237 6329 6337 6348 6352 6356 6371 6459 6468 6475 6529 6561 6582 6632 6647 6680 6749 6784 6841 6898 6902 6906 6908 7062 7391 7418 7453 7472 7497 7501 7571 7574 7589 7594 7653 7655 7665 7695 7728 7741 7744 7745 7748 7793 7795 7805 7809 8071 8078 8093 8112 8209 8299 8312 8331 8388 8477 8624 8638 8642 8648 8649 9007 9016 9077 9081 9089 9100 9102 9123 9290 9329 9339 9343 9358 9362 9462 9468 9510 9642 9653 9661 9676 9782 9941 10047 10197 10211 10215 10221 19861 19946 20127 20141 20202 20282 20365 20544 20631 20632 20704 20821 20822 20902 21050 21414 21522 21523 21526 21527 21545 21547 21549 21550 21558 21559 21572 21575 21582 21586 21603 21604 21629 21636 21672 21674 21742 21743 21761 21762 21768 21775 21779 21839 21842 21847 21850 21879 21880 21884 21887 21889 21892 21893 21920 21932 21934 21941 21959 21960 21964 21969 21986 21988 21999 22008 22009 22012 22015 22016 22073 22074 22087 22098 22106 22120 22121 22130 22133 22195 22211 22222 22245 22249 22252 22254 22257 22258 22284 22293 22302 22307 22314 22320 22321 22343 22374 22394 22395 22398 22399 22404 22416 22453 22456 22465 22474 22479 22486 22489 22490
NODE_NUM = 200
FILE aes_xcrypt_sub_130.aig

# Subcircuit 131
SUB_ID 131
LO (32):  22506 22517 22518 22568 22579 22591 22595 22603 22605 22619 22624 22629 22787 22820 22886 23024 23045 23069 23093 23108 23144 23168 23189 23210 23231 23246 23249 23282 23297 23333 23339 23356
LI (97):  21 1686 1689 1690 1692 1693 1698 1702 1705 1706 1707 1714 1715 4140 4219 4224 4231 4248 4304 4320 4396 4428 4436 4464 4534 4563 4742 4811 4819 4938 5347 5361 5365 9082 9089 9106 9158 9200 9291 9300 9426 20704 20964 21215 21697 21700 22169 22451 22505 22516 22577 22602 22613 22616 22617 22623 22781 22784 22799 22877 22880 22907 22973 23006 23012 23023 23030 23036 23044 23057 23060 23075 23081 23092 23105 23123 23129 23143 23147 23156 23159 23174 23180 23188 23192 23201 23216 23222 23230 23243 23264 23270 23281 23312 23318 23332 23336
NODE_NUM = 200
FILE aes_xcrypt_sub_131.aig

# Subcircuit 132
SUB_ID 132
LO (44):  23378 23399 23400 23410 23422 23432 23445 23455 23467 23477 23491 23501 23513 23533 23536 23546 23558 23568 23652 27405 27408 28139 29276 29279 29282 29288 29300 29455 29595 29907 29919 30078 30758 30761 31584 31662 31665 31743 31755 31758 31761 31836 32304 40984
LI (81):  18 21 1696 1699 1719 1721 1723 1725 1727 1729 1731 1733 1735 1737 1739 1741 1742 1743 1745 1747 1749 1821 1825 1826 1835 3787 22754 22907 22940 23009 23360 23369 23384 23398 23524 23525 23530 23634 23635 23637 23639 23640 23651 23678 24132 24136 26405 26408 27230 27311 27332 27350 27365 27367 27371 27397 27414 28130 28551 28800 28960 29119 29199 29208 29224 29243 29251 29253 29257 29265 29299 29453 29454 29460 29520 29589 29901 29904 29913 30075 40983
NODE_NUM = 186
FILE aes_xcrypt_sub_132.aig

# Subcircuit 133
SUB_ID 133
LO (32):  23651 27311 27769 27772 27775 28130 28631 28637 28800 29208 29299 29901 30419 30743 30746 30782 31241 31244 31247 31396 31704 31707 31740 31785 31800 31827 31872 31905 31971 31988 32025 32157
LI (79):  21 1802 1830 1832 1839 1841 1843 23640 23644 23647 23648 23683 23700 23828 24005 24052 24076 24132 27251 27254 27256 27271 27307 27317 27597 27602 27603 27604 27610 27682 27765 28127 28305 28473 28484 28500 28518 28529 28536 28539 28540 28627 28794 29200 29201 29206 29898 30282 30293 30295 30298 30306 30334 30357 30364 30381 30383 30387 30395 30409 30576 30740 30749 30761 31096 31115 31125 31140 31141 31146 31154 31168 31184 31192 31205 31207 31208 31232 31393
NODE_NUM = 198
FILE aes_xcrypt_sub_133.aig

# Subcircuit 134
SUB_ID 134
LO (29):  23685 24308 27307 27397 27682 28124 28127 28540 28627 28960 29119 29589 30381 31608 31635 31659 31695 31713 31716 31737 31776 31818 31857 31890 31920 32091 32139 32169 32286
LI (73):  21 1750 1783 1823 1828 23634 23639 23679 23680 23683 23705 23706 24032 24048 24132 24138 24151 24163 24214 24304 27297 27299 27303 27379 27396 27630 27652 27659 27662 27679 27950 28118 28565 28582 28602 28608 28614 28617 28618 28957 29116 29537 29547 29549 29551 29561 29586 30365 30372 30380 31626 31638 31650 31671 31674 31677 31694 31710 31719 31736 31749 31764 31775 31791 31806 31817 31833 31842 31856 31866 31878 31889 31911
NODE_NUM = 199
FILE aes_xcrypt_sub_134.aig

# Subcircuit 135
SUB_ID 135
LO (40):  23683 23705 23706 23711 23727 23983 24132 24151 24214 24304 27271 27297 27317 27332 27367 27610 27630 27652 27765 28500 28518 28536 28565 29199 29243 29253 29460 29520 29547 29549 29586 30282 30295 30298 30372 30387 31125 31140 31158 31232
LI (186):  21 23604 23634 23636 23637 23640 23644 23647 23666 23668 23670 23678 23682 23686 23693 23694 23695 23696 23697 23699 23702 23708 23714 23716 23726 23734 23763 23799 23814 23828 23829 23875 23938 23969 23973 23976 23978 23980 23982 23988 23999 24002 24006 24016 24034 24035 24036 24037 24039 24048 24051 24052 24055 24063 24064 24107 24119 24129 24132 24142 24143 24144 24150 24155 24156 24157 24164 24166 24168 24196 24201 24203 24207 24210 24226 24228 24238 24245 24246 24250 24251 24256 24257 24258 24264 24274 24299 27263 27265 27269 27279 27282 27283 27296 27315 27316 27331 27346 27609 27623 27628 27644 27647 27649 27695 27702 27719 27722 27724 27726 27729 27731 27744 27747 27760 27761 28488 28489 28499 28510 28513 28515 28532 28534 28552 28554 28560 28562 28564 29120 29129 29143 29144 29149 29157 29158 29161 29162 29166 29178 29180 29184 29192 29225 29234 29235 29237 29241 29459 29476 29478 29479 29482 29483 29492 29493 29502 29509 29512 29513 29541 29542 29546 29548 29571 29573 29575 29584 30264 30266 30280 30370 30386 31118 31120 31121 31127 31129 31131 31139 31156 31217 31219 31220 31221 31230
NODE_NUM = 200
FILE aes_xcrypt_sub_135.aig

# Subcircuit 136
SUB_ID 136
LO (52):  23726 23752 23795 23808 23969 23999 24172 24196 24201 24210 24226 24238 24266 24299 27251 27254 27303 27331 27365 27602 27628 27659 27662 27702 27719 28484 28488 28529 28560 28582 28602 28608 29120 29129 29178 29200 29224 29251 29476 29487 29537 29571 30264 30280 30293 30334 30357 30364 31115 31121 31184 31192
LI (162):  23602 23606 23615 23621 23640 23653 23654 23656 23719 23720 23722 23724 23751 23752 23755 23761 23774 23777 23791 23796 23805 23854 23882 23902 23903 23912 23935 23940 23941 23943 23945 23948 23949 23950 23953 23955 23956 23957 23958 23962 23967 23971 23976 23981 23990 23991 23992 23994 23996 24017 24083 24108 24148 24171 24173 24182 24195 24197 24198 24199 24209 24224 24225 24230 24231 24235 24280 24282 24298 27231 27232 27233 27234 27238 27245 27248 27253 27300 27316 27326 27328 27343 27357 27360 27362 27601 27614 27625 27626 27653 27658 27661 27688 27690 27701 27706 27707 27711 27716 27718 28476 28478 28482 28487 28519 28524 28557 28558 28567 28571 28581 28588 28589 28593 28601 28604 28607 29123 29128 29173 29175 29210 29214 29223 29248 29249 29468 29470 29474 29526 29529 29530 29535 29564 29566 29568 29570 30263 30274 30277 30285 30286 30291 30321 30326 30328 30331 30340 30344 30351 30363 31099 31102 31103 31108 31112 31174 31179 31180 31186 31187 31191
NODE_NUM = 199
FILE aes_xcrypt_sub_136.aig

# Subcircuit 137
SUB_ID 137
LO (82):  23751 23761 23774 23777 23791 23872 23938 23941 23945 23948 23957 23958 23967 24129 24171 24173 24195 24209 24228 24230 24250 24251 24256 27263 27296 27299 27350 27357 27371 27379 27609 27623 27644 27661 27695 27701 27706 27711 27744 27747 27760 28476 28478 28489 28510 28513 28557 28571 28588 28589 28601 28604 28607 29123 29157 29175 29206 29210 29214 29265 29453 29468 29483 29541 29546 29561 29564 30263 30285 30291 30321 30326 30351 30363 31112 31118 31138 31168 31179 31180 31186 31228
LI (158):  21 23588 23593 23598 23600 23616 23618 23629 23640 23653 23654 23655 23668 23680 23682 23722 23729 23754 23755 23756 23757 23759 23769 23772 23779 23781 23785 23787 23788 23790 23796 23836 23856 23859 23869 23870 23888 23896 23906 23912 23921 23922 23925 23926 23932 23935 23940 23942 23944 23947 23948 23954 23962 23963 23965 23972 23983 23991 24025 24073 24080 24096 24105 24113 24128 24170 24184 24186 24187 24188 24193 24199 24209 24218 24229 24249 24267 27239 27259 27261 27289 27290 27294 27298 27323 27333 27334 27336 27338 27340 27343 27345 27347 27353 27355 27370 27374 27378 27617 27619 27620 27632 27636 27639 27641 27687 27693 27694 27700 27703 27704 27737 27740 27741 27755 27756 28474 28503 28506 28511 28569 28585 28586 28596 28600 29131 29134 29153 29155 29205 29212 29217 29259 29264 29452 29463 29464 29474 29506 29540 29555 29560 30283 30289 30310 30312 30320 30323 30325 30347 30349 30359 30362 31117 31136 31161 31166 31178
NODE_NUM = 200
FILE aes_xcrypt_sub_137.aig

# Subcircuit 138
SUB_ID 138
LO (86):  23785 23787 23788 23796 23799 23805 23828 23829 23832 23988 23990 23991 24016 24017 24025 24032 24034 24128 24138 24155 24163 24166 24188 24199 24207 24249 24298 27233 27245 27259 27282 27289 27315 27333 27378 27396 27603 27649 27679 27700 27724 28482 28499 28503 28515 28524 28551 28552 28567 28593 28596 28617 28618 29128 29173 29192 29205 29234 29241 29248 29264 29454 29479 29492 29512 29530 29548 29560 29575 30266 30274 30306 30320 30362 30380 30395 31108 31127 31139 31154 31166 31174 31205 31207 31208 31217
LI (140):  23588 23605 23607 23608 23618 23637 23655 23668 23670 23672 23680 23682 23697 23699 23702 23719 23720 23724 23731 23757 23764 23802 23803 23804 23815 23825 23834 23835 23879 23880 23894 23909 23911 23913 23942 23992 24010 24013 24014 24015 24018 24019 24020 24021 24022 24023 24025 24026 24027 24028 24039 24044 24052 24055 24060 24090 24093 24098 24099 24102 24107 24109 24111 24118 24122 24127 24137 24147 24154 24162 24164 24206 24221 24242 24289 24291 24296 27239 27243 27269 27280 27288 27314 27321 27328 27341 27376 27388 27389 27393 27394 27665 27670 27673 27677 27687 27698 28481 28493 28496 28497 28501 28522 28550 28592 28615 29127 29169 29171 29187 29189 29191 29229 29233 29239 29246 29263 29478 29488 29490 29559 30269 30273 30302 30319 30376 30377 30391 31106 31133 31138 31150 31151 31164 31193 31197 31204 31206 31214 31216
NODE_NUM = 193
FILE aes_xcrypt_sub_138.aig

# Subcircuit 139
SUB_ID 139
LO (100):  23854 23856 23870 23888 23902 23903 23906 23911 23912 23913 23921 23922 23972 23973 23976 24090 24093 24096 24157 24162 24182 24184 24193 24197 24198 24224 24264 24274 24282 27256 27261 27279 27290 27300 27321 27326 27328 27338 27355 27376 27601 27620 27653 27670 27698 27707 27737 27740 27755 27756 28474 28481 28493 28511 28519 28562 28569 28581 28585 28614 29127 29143 29144 29169 29201 29223 29225 29233 29239 29452 29459 29488 29502 29509 29529 29535 29551 29555 29566 29573 29584 30286 30302 30310 30325 30347 30349 30370 30391 30409 31099 31102 31103 31106 31120 31178 31187 31191 31204 31214
LI (152):  23588 23590 23591 23592 23597 23599 23600 23607 23611 23613 23615 23618 23619 23620 23623 23627 23628 23630 23640 23647 23658 23660 23663 23668 23669 23670 23680 23682 23697 23699 23713 23729 23737 23767 23804 23815 23822 23838 23842 23847 23854 23855 23857 23864 23865 23866 23868 23869 23882 23883 23885 23887 23892 23895 23897 23898 23899 23900 23908 23909 23910 23920 23926 23932 23970 23971 23975 23976 23980 23981 24010 24013 24076 24085 24087 24088 24091 24111 24122 24140 24177 24179 24181 24191 24218 24219 24222 24223 24246 24263 24266 24267 24268 24270 24271 27274 27278 27314 27320 27324 27325 27352 27600 27669 27686 27735 27738 27750 27754 28550 28573 28574 28577 28579 28584 28610 28612 28613 29131 29135 29142 29167 29218 29222 29232 29449 29487 29494 29499 29501 29504 29508 29528 29533 29578 29583 30300 30309 30346 30369 30389 30397 30402 30405 30406 30408 31098 31101 31119 31200 31203 31213
NODE_NUM = 199
FILE aes_xcrypt_sub_139.aig

# Subcircuit 140
SUB_ID 140
LO (129):  23925 23926 23940 23942 23943 23944 23947 23949 23950 23962 23963 23965 23970 23971 23978 24010 24013 24014 24015 24022 24039 24044 24048 24055 24060 24063 24073 24076 24080 24098 24099 24102 24105 24107 24108 24109 24111 24119 24127 24136 24137 24142 24143 24144 24147 24150 24154 24177 24191 24203 24218 24221 24223 24229 24245 24263 24289 24291 24296 27231 27232 27239 27253 27265 27269 27274 27278 27324 27325 27343 27346 27347 27360 27362 27370 27388 27639 27665 27677 27703 27716 27722 27729 27754 28487 28501 28532 28539 28579 28600 28610 28612 28615 29131 29180 29184 29189 29218 29222 29237 29257 29470 29478 29499 29501 29504 29526 29528 29533 29570 29583 30309 30312 30319 30344 30346 30377 30383 30402 30405 31101 31119 31136 31141 31146 31151 31200 31206 31216
LI (113):  23588 23590 23592 23597 23602 23604 23606 23615 23618 23625 23626 23639 23640 23644 23648 23653 23656 23659 23668 23670 23678 23680 23682 23691 23692 23695 23697 23698 23699 23714 23728 23730 23735 23736 23737 23739 23743 23754 23759 23770 23809 23810 23813 23814 23817 23825 23842 23891 23931 23956 23981 24003 24004 24005 24006 24019 24020 24026 24036 24037 24050 24054 24074 24077 24079 24082 24083 24085 24113 24115 24117 24118 24126 24140 24141 24148 24186 24222 24233 24239 24240 24243 24244 24287 24294 27247 27268 27277 27323 27341 27345 27382 27386 27637 27675 27715 27720 27753 28486 28495 28531 28537 28577 29183 29217 29221 29498 29527 29581 30317 30342 30401 30404
NODE_NUM = 198
FILE aes_xcrypt_sub_140.aig

# Subcircuit 141
SUB_ID 141
LO (48):  24235 24244 24258 24280 24294 24309 24329 24331 24341 24354 24374 24376 24396 24400 24410 24422 24432 24445 24455 24467 24477 24523 26222 26405 26408 27248 28305 30084 30102 30576 31230 31423 31569 31572 31575 31605 31626 31638 31650 31833 31856 32001 32076 32100 32121 41723 41735 41736
LI (84):  18 21 1751 1752 1754 1755 1756 1758 1759 1760 1762 1764 1766 1768 1770 1772 1774 1776 1778 1780 1782 1784 1823 1844 1845 3787 23647 23677 23687 23738 23810 23880 23884 23896 23996 24027 24233 24242 24243 24322 24326 24367 24371 24389 24393 24520 24522 24640 25133 26129 26216 26402 27247 28302 29288 29919 30078 30081 30101 30573 30948 31225 31229 31244 31247 31393 31396 31414 31442 31453 31468 31481 31487 31488 31492 31565 31578 31584 31587 31617 31644 31824 31827 41734
NODE_NUM = 197
FILE aes_xcrypt_sub_141.aig

# Subcircuit 142
SUB_ID 142
LO (23):  24550 24565 24964 24966 25133 25228 26129 26216 27947 27950 28045 28115 28118 28296 28299 28302 29840 29892 29897 30441 30805 31555 31565
LI (147):  21 1783 1784 1825 24510 24515 24522 24549 24557 24558 24561 24562 24596 24601 24617 24625 24626 24628 24629 24630 24639 24651 24657 24703 24785 24787 24793 24802 24804 24838 24839 24868 24877 24887 24912 24923 24928 24929 24931 24932 24962 24965 24973 24986 24996 25000 25003 25037 25096 25107 25131 25133 25142 25144 25149 25150 25151 25161 25165 25173 25177 25221 26053 26054 26057 26059 26062 26067 26072 26074 26076 26077 26098 26110 26117 26118 26123 26136 26143 26145 26148 26150 26154 26169 26170 26173 26174 26179 26188 26213 27414 27944 27963 27970 27983 27998 28000 28008 28025 28028 28036 28043 28044 28067 28083 28090 28106 28156 28175 28178 28179 28189 28200 28202 28210 28231 28234 28235 28242 28256 28259 28260 28288 28289 29746 29748 29750 29756 29757 29763 29768 29813 29831 29837 29838 29839 29857 29860 29861 29887 31510 31518 31523 31525 31529 31538 31560
NODE_NUM = 198
FILE aes_xcrypt_sub_142.aig

# Subcircuit 143
SUB_ID 143
LO (27):  24561 24562 24601 24793 25221 26098 26213 28008 28083 30567 30573 30942 30945 30948 31414 31523 31587 31749 31775 31791 31817 31878 31989 32013 32064 32205 32280
LI (87):  21 1834 1835 1836 1837 1840 1841 24504 24529 24546 24558 24560 24566 24569 24571 24573 24574 24575 24576 24582 24586 24598 24776 24789 24791 25133 25193 25196 25199 25200 25220 26090 26093 26095 26195 26212 28004 28005 28070 28071 28073 28082 28130 28637 29288 29901 29904 29907 29913 30434 30448 30464 30472 30475 30476 30486 30563 30743 30749 30844 30862 30881 30889 30892 30903 30933 31520 31522 31662 31704 31740 31743 31785 31788 31869 31872 31956 31971 31977 31988 32004 32043 32063 32169 32196 32262 32279
NODE_NUM = 193
FILE aes_xcrypt_sub_143.aig

# Subcircuit 144
SUB_ID 144
LO (83):  24586 24591 24595 24596 24598 24678 24679 24785 24799 24800 24802 24815 24816 24817 24818 24819 24820 24838 24905 24907 24912 25049 25051 25053 25056 25057 25058 25059 25112 25118 25131 25142 25189 25193 25199 26057 26090 26093 26095 26117 26123 26164 26165 26169 26173 26179 26188 27954 27955 27956 27970 27998 28004 28025 28033 28036 28041 28043 28067 28082 28090 28163 28169 28200 28217 28218 28219 28254 29838 29854 29857 30435 30461 30464 30481 30497 30523 30563 30824 30852 30933 31455 31487
LI (137):  21 24399 24493 24497 24499 24504 24510 24513 24518 24522 24524 24530 24531 24534 24548 24554 24560 24572 24574 24575 24583 24584 24592 24594 24597 24622 24660 24664 24666 24669 24670 24687 24689 24693 24696 24698 24701 24704 24716 24718 24721 24722 24760 24784 24796 24798 24812 24814 24822 24824 24828 24837 24898 24900 24902 24904 24979 24990 25039 25047 25048 25081 25084 25102 25109 25111 25117 25122 25128 25130 25133 25137 25141 25171 25181 25183 25187 25190 25197 26051 26065 26078 26083 26085 26087 26092 26111 26116 26121 26162 26172 26177 26184 26185 27953 27965 27966 27990 27992 27995 28003 28012 28024 28032 28034 28039 28040 28050 28055 28062 28066 28076 28081 28086 28088 28159 28193 28195 28198 29848 29856 30450 30452 30454 30463 30507 30517 30519 30524 30532 30558 30918 30920 30922 30931 31483 31485
NODE_NUM = 200
FILE aes_xcrypt_sub_144.aig

# Subcircuit 145
SUB_ID 145
LO (60):  24617 24625 24628 24629 24630 24791 24898 24929 24932 24940 24962 24965 24986 25109 25137 25144 25149 25220 26054 26074 26085 26136 26172 26184 27953 27963 27965 27983 27990 28024 28039 28055 28070 28156 28179 28189 28193 28231 28256 28288 29813 29831 29837 29856 29887 30434 30454 30472 30475 30507 30548 30550 30862 30892 30918 30920 31442 31453 31488 31510
LI (175):  21 24504 24513 24514 24518 24524 24539 24553 24554 24555 24558 24596 24602 24608 24610 24612 24613 24614 24616 24618 24619 24620 24621 24622 24626 24627 24642 24697 24733 24756 24769 24772 24779 24795 24813 24832 24892 24894 24915 24926 24927 24928 24941 24947 24948 24950 24957 24961 24980 24981 24983 24984 25016 25023 25059 25087 25088 25089 25092 25096 25100 25103 25108 25118 25133 25137 25144 25147 25148 25197 25207 25210 25211 25218 26049 26051 26132 26134 26137 26141 26183 27952 27954 27959 27961 27962 27972 27976 27982 27985 27989 28016 28018 28023 28038 28050 28053 28069 28147 28148 28149 28154 28184 28188 28192 28223 28227 28229 28249 28250 28254 28272 28279 28280 28285 29771 29777 29781 29782 29785 29789 29790 29796 29811 29812 29821 29823 29826 29827 29833 29834 29851 29855 29871 29878 29881 29882 30420 30423 30433 30465 30470 30473 30499 30501 30502 30503 30547 30785 30802 30804 30815 30828 30831 30832 30842 30848 30849 30854 30856 30891 30910 30916 30919 31424 31426 31428 31440 31445 31446 31451 31502 31504 31506 31508
NODE_NUM = 200
FILE aes_xcrypt_sub_145.aig

# Subcircuit 146
SUB_ID 146
LO (67):  24639 24640 24642 24657 24784 24837 24847 24887 24996 25000 25020 25037 25165 25181 26049 26053 26067 26110 26116 26132 26145 26154 26162 26212 27972 27982 28023 28044 28050 28062 28106 28147 28154 28234 28242 28272 29748 29757 29811 29823 29826 29827 29839 29860 29871 29878 30420 30433 30448 30450 30463 30517 30558 30785 30815 30828 30831 30881 30910 30931 31424 31446 31468 31481 31506 31518 31560
LI (160):  24500 24501 24502 24504 24510 24511 24513 24516 24524 24525 24526 24530 24540 24560 24635 24643 24645 24646 24650 24655 24656 24719 24729 24732 24738 24743 24744 24748 24749 24783 24822 24834 24836 24844 24845 24846 24853 24854 24856 24858 24863 24864 24877 24886 24956 24960 24972 24990 24994 24995 24997 24998 25002 25003 25004 25008 25011 25012 25015 25016 25018 25022 25023 25034 25035 25146 25151 25160 25163 25167 25169 25180 26050 26052 26065 26105 26107 26114 26152 26156 26158 26159 26200 26201 26211 27978 27981 28060 28061 28098 28101 28102 28141 28146 28153 28166 28233 28240 28269 28271 29744 29765 29804 29807 29818 29822 29825 29858 29859 29866 29870 29874 29876 30429 30431 30440 30441 30447 30457 30462 30508 30509 30514 30516 30534 30539 30541 30542 30548 30550 30555 30556 30783 30807 30808 30811 30813 30816 30818 30827 30830 30864 30880 30906 30908 30925 30930 31456 31457 31467 31470 31471 31480 31511 31515 31517 31544 31547 31549 31558
NODE_NUM = 200
FILE aes_xcrypt_sub_146.aig

# Subcircuit 147
SUB_ID 147
LO (85):  24651 24655 24660 24664 24666 24716 24721 24729 24738 24822 24824 24854 24856 24858 24864 24994 25018 25035 25084 25141 25167 25169 25173 25177 25190 25207 25218 26072 26083 26105 26121 26143 26185 26195 26211 27952 27966 27995 28038 28069 28098 28101 28146 28149 28153 28175 28178 28227 28249 28259 28269 28279 29756 29765 29768 29781 29807 29822 29874 29876 30429 30440 30462 30486 30499 30501 30514 30541 30783 30816 30830 30842 30848 30864 30880 30903 30906 30925 31428 31440 31467 31470 31502 31511 31538
LI (136):  24399 24493 24497 24499 24501 24504 24510 24513 24518 24520 24522 24524 24527 24530 24534 24548 24554 24560 24567 24573 24581 24592 24594 24635 24650 24653 24654 24692 24713 24719 24724 24725 24726 24727 24728 24737 24748 24798 24799 24800 24816 24819 24858 24863 24875 24888 24899 24990 24992 24993 25003 25026 25027 25031 25034 25041 25043 25046 25053 25080 25082 25089 25139 25140 25146 25159 25168 25172 25174 25176 25189 25206 25216 26071 26078 26080 26099 26104 26137 26142 26191 26193 26207 26209 28033 28041 28045 28095 28096 28100 28145 28163 28168 28169 28170 28176 28221 28245 28248 28258 28268 28278 29755 29762 29763 29779 29782 29805 29821 29873 30426 30427 30435 30439 30461 30482 30484 30494 30497 30513 30838 30839 30844 30847 30866 30875 30877 30899 30901 31436 31438 31462 31466 31500 31534 31536
NODE_NUM = 192
FILE aes_xcrypt_sub_147.aig

# Subcircuit 148
SUB_ID 148
LO (122):  24669 24687 24689 24697 24698 24703 24704 24713 24719 24728 24760 24783 24795 24796 24798 24832 24834 24836 24844 24845 24846 24892 24894 25030 25031 25034 25043 25046 25047 25048 25080 25081 25082 25087 25088 25089 25111 25117 25147 25148 25160 25161 25174 25196 25200 25206 26078 26087 26092 26111 26118 26142 26150 26174 26209 27962 27976 27978 27981 27989 28005 28016 28032 28073 28076 28085 28095 28096 28100 28148 28188 28192 28195 28198 28221 28223 28248 28258 28268 28278 28285 29763 29771 29777 29782 29804 29818 29832 29859 29870 29873 30427 30457 30476 30484 30509 30519 30524 30532 30555 30818 30838 30847 30866 30885 30899 30901 30908 30916 31436 31437 31445 31449 31466 31480 31483 31500 31529 31534 31540 31544 31553
LI (125):  21 24490 24497 24499 24500 24501 24504 24510 24513 24532 24533 24537 24541 24542 24543 24545 24568 24571 24583 24591 24592 24594 24595 24614 24619 24678 24682 24683 24684 24685 24686 24694 24696 24700 24701 24711 24712 24718 24758 24759 24761 24762 24782 24794 24797 24800 24808 24815 24817 24828 24830 24834 24841 24842 24868 24869 24870 24880 24888 24889 24890 24893 24894 24902 24903 24907 24966 24992 24998 25029 25039 25040 25041 25049 25056 25058 25089 25095 25101 25107 25110 25119 25123 25126 25146 25147 25159 25171 25194 26141 27962 27975 27980 27988 28031 28094 28186 28218 28219 28247 28276 28283 28284 29773 29800 29801 30523 30527 30528 30529 30554 30805 30837 30898 30914 31432 31434 31443 31465 31475 31477 31528 31533 31541 31543
NODE_NUM = 200
FILE aes_xcrypt_sub_148.aig

# Subcircuit 149
SUB_ID 149
LO (113):  24737 24744 24748 24758 24761 24772 24782 24804 24808 24814 24841 24842 24877 24886 24902 24903 24904 24923 24948 24960 24961 24972 24973 24979 24980 24981 24983 24990 24992 24993 24995 24997 24998 25004 25011 25012 25029 25100 25101 25102 25107 25108 25122 25123 25128 25139 25150 25159 25172 25183 25210 25211 25216 26062 26104 26107 26134 26152 26191 26207 27959 27961 27975 27985 28012 28034 28040 28066 28081 28086 28145 28159 28184 28202 28210 28233 28235 28240 28250 29746 29762 29789 29796 29821 29825 29834 29851 29866 29882 30423 30426 30431 30447 30494 30516 30527 30534 30554 30802 30811 30827 30875 30889 30930 31434 31465 31471 31492 31504 31515 31517 31525 31547
LI (134):  24490 24491 24494 24495 24497 24499 24507 24508 24510 24518 24522 24524 24530 24532 24534 24541 24543 24551 24554 24558 24560 24568 24569 24571 24572 24592 24594 24602 24611 24612 24618 24627 24645 24682 24731 24732 24733 24735 24743 24756 24768 24769 24773 24774 24776 24778 24779 24813 24844 24863 24869 24871 24873 24874 24875 24876 24880 24883 24885 24893 24900 24901 24914 24915 24918 24919 24921 24931 24946 24947 24948 24951 24955 24957 24959 24964 24968 24969 24976 24977 24979 25008 25009 25030 25091 25092 25093 25094 25104 25105 25106 25112 25120 25121 25127 25140 25171 25208 26102 26201 27955 27956 28031 28065 28080 28085 28143 28145 28158 28164 28165 28205 28209 28217 29744 29761 29787 29794 29795 29838 30790 30794 30795 30798 30800 30824 30826 30871 30873 30883 30887 30929 31514 31545
NODE_NUM = 200
FILE aes_xcrypt_sub_149.aig

# Subcircuit 150
SUB_ID 150
LO (43):  25146 25163 25229 25239 25250 25260 25272 25282 25301 25311 25371 26048 26399 26402 27414 27941 27944 29447 29913 30261 30749 31390 31393 31578 31644 31674 31677 31719 31752 31764 31794 31797 31806 31866 31869 31889 31902 31911 31926 31929 31932 32142 32259
LI (103):  18 21 1786 1788 1790 1792 1794 1796 1798 1800 1801 1819 1820 1824 1834 1838 1842 3787 24879 24883 25095 25106 25363 25364 25365 25370 25395 25453 25458 25800 25803 25865 25872 25877 25878 25902 25905 25906 25916 25929 25935 25946 25948 26044 26237 26254 26261 26264 26265 26276 26305 26310 26323 26347 26348 26357 26365 26390 26405 27597 27772 27775 27785 27804 27810 27813 27814 27825 27854 27937 27947 29279 29314 29327 29345 29352 29368 29441 30075 30181 30256 31265 31276 31289 31304 31310 31312 31316 31333 31341 31343 31346 31353 31360 31381 31665 31716 31743 31761 31785 31803 31860 31908
NODE_NUM = 198
FILE aes_xcrypt_sub_150.aig

# Subcircuit 151
SUB_ID 151
LO (25):  25389 25865 25877 25906 25946 26044 26265 26276 26347 27810 27854 27937 28791 28794 29113 29116 29368 29441 30181 30256 31265 31289 31299 31314 31333
LI (168):  21 1827 1829 25317 25340 25351 25365 25376 25377 25381 25383 25385 25387 25388 25391 25446 25558 25607 25681 25735 25745 25751 25752 25753 25756 25757 25760 25763 25764 25765 25770 25773 25782 25788 25789 25796 25798 25809 25830 25835 25837 25840 25842 25848 25856 25860 25865 25868 25874 25876 25878 25931 25936 25945 26042 26239 26271 26275 26331 26333 26338 26339 26343 26344 27797 27807 27808 27838 27845 27848 27850 27870 27877 27892 27899 27901 27905 27910 27911 27915 27917 27932 27933 28649 28651 28652 28663 28681 28692 28699 28702 28703 28709 28728 28742 28747 28749 28751 28754 28757 28758 28783 28963 28965 28975 28982 28983 29014 29016 29028 29031 29049 29066 29073 29074 29079 29081 29084 29086 29104 29308 29360 29362 29366 29375 29377 29383 29385 29388 29389 29390 29395 29397 29398 29406 29409 29411 29421 29437 29438 30124 30135 30137 30139 30141 30144 30146 30178 30183 30200 30209 30224 30238 30241 30243 30251 31250 31253 31255 31257 31262 31278 31282 31288 31297 31326 31327 31331
NODE_NUM = 200
FILE aes_xcrypt_sub_151.aig

# Subcircuit 152
SUB_ID 152
LO (55):  25383 25385 25387 25391 25395 25397 25450 25558 25607 25830 25878 25902 26042 26264 26271 26275 26323 26357 26390 27785 27813 27825 27848 27877 27892 27899 27901 27910 27932 28649 28681 28702 28728 28742 28783 28975 29014 29028 29049 29073 29104 29314 29345 29360 29406 29409 30124 30178 30224 31250 31312 31316 31326 31341 31381
LI (168):  25314 25317 25331 25336 25346 25363 25365 25368 25370 25376 25381 25393 25396 25444 25446 25448 25451 25454 25478 25512 25541 25547 25548 25557 25563 25569 25571 25604 25644 25648 25693 25739 25772 25800 25802 25804 25808 25814 25816 25817 25818 25819 25823 25828 25831 25838 25847 25850 25851 25853 25855 25888 25891 25901 25919 25958 25973 25993 25995 25999 26007 26016 26017 26023 26025 26029 26033 26035 26037 26263 26274 26311 26313 26322 26352 26356 26374 26375 26380 26388 27776 27784 27812 27819 27824 27862 27864 27876 27880 27882 27891 27895 27897 27909 27923 27925 27931 28639 28641 28644 28645 28657 28666 28667 28671 28680 28701 28716 28717 28727 28735 28740 28767 28774 28777 28779 28970 28974 28991 28993 29001 29013 29020 29022 29027 29034 29039 29043 29047 29048 29067 29072 29096 29099 29101 29306 29309 29312 29337 29340 29341 29356 29357 29358 29377 29401 29403 29408 30105 30108 30111 30113 30121 30156 30158 30162 30177 30217 30218 30222 31249 31314 31324 31339 31366 31368 31372 31379
NODE_NUM = 196
FILE aes_xcrypt_sub_152.aig

# Subcircuit 153
SUB_ID 153
LO (80):  25466 25524 25534 25535 25537 25538 25554 25557 25590 25604 25655 25656 25718 25722 25725 25726 25727 25731 25735 25874 25876 25901 25916 25973 25974 25985 25993 26016 26237 26239 26254 26274 26305 26313 26322 26335 26338 26352 26374 26380 27784 27804 27838 27862 27880 27923 27925 27931 28641 28692 28699 28735 28740 28757 28767 28777 28974 28982 28991 29013 29020 29042 29043 29047 29050 29066 29074 29082 29084 29324 29337 29403 29415 29419 30120 30125 30156 31252 31276 31336
LI (149):  25314 25317 25321 25326 25331 25336 25339 25342 25344 25361 25365 25376 25398 25402 25405 25414 25416 25457 25459 25460 25461 25462 25463 25474 25488 25489 25529 25531 25549 25552 25566 25576 25588 25594 25599 25602 25609 25614 25620 25634 25636 25637 25639 25641 25654 25662 25666 25668 25673 25674 25676 25678 25692 25702 25705 25717 25774 25840 25873 25895 25896 25897 25911 25913 25935 25956 25957 25964 25967 25968 25974 25978 25980 25984 25986 25990 25992 26011 26013 26227 26230 26231 26235 26238 26243 26247 26253 26280 26282 26288 26304 26319 26334 26336 26368 26369 26373 26379 27780 27782 27792 27793 27803 27829 27830 27837 27861 27879 27922 27928 28638 28639 28658 28683 28687 28688 28689 28690 28695 28697 28731 28733 28737 28755 28763 28766 28775 28969 28979 28980 28983 28989 29004 29012 29018 29045 29051 29055 29061 29065 29083 29329 29336 29402 30152 30154 31268 31270 31274
NODE_NUM = 200
FILE aes_xcrypt_sub_153.aig

# Subcircuit 154
SUB_ID 154
LO (84):  25541 25548 25549 25566 25569 25571 25576 25588 25594 25602 25641 25644 25654 25828 25897 25905 25911 25956 25968 26023 26033 26231 26235 26242 26243 26280 26304 26319 26331 26334 26365 26388 27780 27792 27829 27837 27876 27882 27895 28638 28651 28659 28663 28680 28683 28687 28722 28727 28731 28749 28963 28969 28970 28980 28989 29016 29018 29045 29055 29058 29061 29101 29306 29327 29352 29383 29395 29408 29437 30105 30108 30135 30137 30144 30177 30218 30238 30251 31249 31268 31288 31343 31353 31379
LI (150):  25314 25317 25321 25326 25331 25336 25342 25365 25399 25401 25414 25416 25426 25448 25455 25467 25470 25495 25496 25500 25510 25514 25521 25522 25523 25528 25529 25531 25539 25542 25543 25544 25545 25547 25554 25575 25579 25585 25586 25587 25590 25599 25600 25601 25620 25629 25632 25634 25645 25648 25650 25652 25653 25667 25668 25710 25711 25715 25718 25731 25781 25815 25824 25825 25827 25903 25938 25952 25953 26019 26022 26031 26224 26229 26230 26233 26241 26279 26292 26293 26303 26318 26327 26333 26359 26364 26382 26386 26387 27779 27788 27790 27799 27800 27827 27835 27864 27869 27872 27873 27889 27894 28643 28657 28658 28660 28679 28686 28720 28722 28729 28748 28962 29034 29053 29060 29301 29304 29318 29320 29321 29326 29341 29347 29350 29351 29381 29394 29430 29432 29435 30103 30106 30127 30130 30132 30142 30169 30175 30230 30236 30248 30249 31267 31285 31286 31349 31352 31375 31377
NODE_NUM = 200
FILE aes_xcrypt_sub_154.aig

# Subcircuit 155
SUB_ID 155
LO (101):  25585 25609 25614 25629 25632 25634 25636 25637 25639 25648 25650 25652 25653 25662 25666 25667 25668 25681 25693 25699 25702 25870 25872 25873 25895 25896 25913 25945 25967 25986 25990 26007 26022 26031 26238 26253 26282 26288 26293 26311 26327 26364 26386 26387 27790 27797 27803 27824 27827 27830 27835 27845 27864 27869 27870 27872 27873 27879 27897 27922 28643 28644 28657 28763 28774 28779 28979 29001 29027 29072 29079 29304 29326 29329 29340 29350 29375 29385 29394 29397 29421 29426 30111 30132 30139 30154 30200 30209 30228 30248 30249 31253 31255 31257 31262 31286 31301 31304 31331 31352 31366
LI (135):  25314 25317 25321 25326 25331 25336 25342 25344 25350 25352 25355 25357 25365 25399 25410 25411 25414 25416 25419 25434 25440 25451 25454 25455 25457 25459 25460 25462 25471 25472 25479 25482 25487 25488 25490 25503 25513 25515 25518 25519 25539 25542 25551 25608 25617 25618 25619 25621 25622 25636 25637 25638 25649 25664 25672 25674 25675 25678 25683 25684 25689 25690 25691 25692 25701 25704 25706 25708 25709 25727 25743 25765 25822 25826 25852 25868 25886 25894 25938 25939 25943 25944 25960 25966 25989 26003 26005 26248 26252 26285 26311 26325 26326 26363 26385 27786 27802 27822 27840 27841 27843 27868 27870 28642 28768 28770 28772 28978 28998 29025 29037 29064 29071 29077 29324 29338 29415 29420 29425 30110 30188 30191 30192 30196 30198 30204 30206 30247 31252 31254 31292 31293 31303 31351 31365
NODE_NUM = 200
FILE aes_xcrypt_sub_155.aig

# Subcircuit 156
SUB_ID 156
LO (101):  25739 25743 25745 25751 25752 25753 25756 25760 25763 25764 25765 25788 25789 25796 25800 25802 25803 25804 25805 25806 25807 25808 25809 25810 25812 25814 25831 25835 25837 25852 25860 25883 25888 25929 25931 25935 25936 25943 25944 25999 26011 26029 26230 26233 26248 26261 26303 26348 26356 26359 26363 26373 26375 26385 27782 27807 27814 27819 27822 27840 27889 27891 27905 27911 27915 28645 28658 28660 28666 28667 28679 28703 28716 28737 28747 28770 28962 29004 29012 29096 29099 29321 29336 29341 29377 29402 29411 30142 30158 30162 30169 30175 30188 30217 30222 30241 31282 31310 31339 31346 31360
LI (112):  25314 25317 25319 25321 25326 25331 25336 25337 25338 25340 25343 25345 25350 25352 25355 25356 25357 25360 25363 25365 25370 25377 25404 25414 25416 25420 25421 25433 25441 25445 25462 25473 25514 25736 25742 25749 25750 25769 25770 25771 25773 25777 25779 25780 25785 25791 25793 25794 25795 25813 25817 25838 25839 25847 25848 25851 25855 25857 25858 25870 25887 25918 25919 25922 25923 25927 25931 25984 25998 26010 26028 26242 26247 26256 26258 26260 26298 26302 27798 27806 27885 27886 27887 27903 27914 28665 28678 28743 28746 28768 29006 29011 29092 29093 29097 29332 29334 29335 30160 30174 30187 30212 30213 30215 30221 30240 31280 31305 31309 31338 31355 31357
NODE_NUM = 200
FILE aes_xcrypt_sub_156.aig

# Subcircuit 157
SUB_ID 157
LO (92):  25815 25816 25817 25818 25819 25822 25823 25824 25825 25826 25827 25847 25848 25850 25851 25853 25855 25856 25857 25858 25868 25891 25927 25939 25960 25964 25984 26003 26005 26013 26099 26158 26183 26193 26200 26201 26227 26247 26252 26258 26292 26302 26318 26326 26369 26379 26409 26419 26438 26448 26452 26462 26473 26483 26541 26542 26569 27129 27230 27594 27597 27779 27850 27980 28414 28470 28473 28642 28678 28748 28751 28768 28832 28954 28957 28998 29034 29071 29077 29312 29320 29358 29362 29425 29667 29669 29738 30204 30236 31278 31327 49598
LI (156):  18 21 1804 1806 1808 1810 1812 1814 1816 1818 1819 1822 1828 1831 3787 24494 24555 24613 24732 24797 24878 24881 24956 24958 25095 25104 25321 25326 25345 25350 25351 25352 25355 25357 25375 25381 25393 25401 25403 25414 25415 25416 25420 25430 25431 25432 25435 25438 25445 25470 25480 25485 25490 25498 25500 25507 25528 25543 25682 25704 25712 25794 25802 25805 25809 25810 25824 25840 25842 25866 25867 25957 25958 25960 25982 25983 26002 26012 26156 26198 26223 26224 26241 26250 26290 26291 26301 26317 26325 26524 26535 26536 26537 26538 26540 26550 26561 26568 26603 26635 26690 26791 26819 26834 26939 27128 27154 27155 27157 27161 27171 27220 27435 27442 27443 27444 27454 27506 27589 27979 28318 28337 28354 28361 28363 28380 28403 28410 28411 28413 28417 28463 28659 28766 28817 28830 28831 28836 28843 28855 28870 28889 28907 28922 28929 28945 28996 29070 29317 29319 29622 29624 29631 29639 29665 30202
NODE_NUM = 199
FILE aes_xcrypt_sub_157.aig

# Subcircuit 158
SUB_ID 158
LO (28):  26550 27128 27154 27442 27589 28337 28410 28830 29665 29743 29904 30072 30075 30740 31093 31096 31824 31860 31908 32037 32043 32063 32130 32229 32235 32251 32292 49601
LI (104):  21 1826 1833 1836 1838 1839 1840 1843 1844 26541 26544 26545 26549 26599 26879 26941 26943 26944 26950 26954 26962 26988 27001 27011 27040 27046 27127 27129 27136 27139 27144 27146 27149 27151 27438 27439 27517 27520 27522 27527 27539 27588 28324 28325 28336 28406 28408 28819 28822 28829 28960 29643 29644 29648 29664 29670 29676 29678 29682 29736 29738 29996 29998 30001 30002 30065 30084 30598 30609 30623 30626 30628 30637 30651 30676 30684 30699 30713 30720 30722 30725 30743 30945 30948 30954 30956 30967 31025 31030 31032 31086 31244 31572 31575 31584 31617 31662 31869 31902 31905 32028 32121 32220 32247
NODE_NUM = 200
FILE aes_xcrypt_sub_158.aig

# Subcircuit 159
SUB_ID 159
LO (41):  26549 26557 26561 26568 26688 26791 26939 26950 26962 27161 27220 27443 27454 27506 27517 27522 27553 27588 28318 28336 28361 28380 28403 28406 28463 28817 28829 28922 29639 29643 29682 29736 29996 30065 30598 30623 30676 30722 30967 31032 31086
LI (179):  21 26514 26516 26524 26545 26548 26552 26554 26559 26567 26599 26606 26619 26641 26646 26653 26655 26660 26663 26666 26686 26687 26692 26700 26736 26788 26789 26825 26831 26840 26852 26885 26894 26896 26911 26913 26916 26918 26921 26923 26936 26947 26948 26949 26953 26955 26959 26960 26971 26984 26998 27015 27030 27034 27057 27117 27129 27133 27179 27182 27183 27190 27192 27194 27197 27199 27202 27218 27219 27448 27449 27451 27469 27472 27473 27479 27483 27488 27504 27505 27511 27512 27516 27546 27549 27550 27571 27572 27574 27579 27584 27585 28310 28311 28316 28329 28335 28355 28360 28368 28369 28379 28392 28398 28399 28405 28411 28416 28432 28435 28437 28446 28449 28450 28460 28462 28806 28807 28812 28814 28824 28826 28914 28915 28917 28918 29633 29636 29638 29642 29680 29694 29710 29718 29721 29723 29727 29731 29929 29942 29963 29965 29969 29974 29977 29981 29989 30013 30016 30020 30022 30033 30036 30038 30048 30054 30055 30060 30063 30579 30582 30584 30588 30595 30614 30622 30660 30663 30666 30667 30673 30958 30962 30966 31042 31057 31059 31060 31084
NODE_NUM = 200
FILE aes_xcrypt_sub_159.aig

# Subcircuit 160
SUB_ID 160
LO (67):  26559 26567 26599 26602 26614 26616 26620 26646 26653 26700 26788 26867 26885 26928 26929 26936 27029 27030 27034 27040 27155 27182 27183 27190 27197 27435 27469 27504 27511 27520 27550 27571 28310 28398 28399 28446 28450 28455 28812 28814 28855 28870 28889 28907 29622 29664 29694 29710 29718 29723 29929 29963 29974 30033 30048 30054 30582 30595 30626 30651 30684 30725 30956 31025 31030 31042 31057
LI (162):  26499 26514 26515 26516 26524 26537 26544 26552 26554 26558 26562 26565 26566 26574 26582 26587 26588 26590 26595 26602 26615 26618 26619 26644 26647 26651 26655 26661 26665 26674 26675 26694 26699 26760 26765 26767 26769 26771 26786 26842 26846 26864 26866 26867 26869 26870 26871 26874 26878 26879 26880 26882 26926 26927 26935 26965 26969 26986 26991 26993 27012 27027 27028 27030 27033 27034 27035 27066 27136 27142 27150 27181 27188 27425 27429 27430 27432 27461 27462 27467 27492 27503 27514 27519 27561 27562 27569 28306 28308 28393 28397 28442 28445 28811 28846 28854 28859 28860 28864 28868 28876 28881 28885 28903 29609 29611 29613 29617 29618 29620 29651 29655 29663 29692 29702 29703 29708 29711 29715 29717 29922 29924 29926 29947 29948 29953 29962 29973 30023 30027 30031 30032 30043 30044 30047 30050 30052 30580 30591 30592 30625 30643 30644 30649 30677 30682 30683 30979 30986 30987 30991 30995 30999 31007 31022 31023 31029 31038 31040 31050 31053 31054
NODE_NUM = 198
FILE aes_xcrypt_sub_160.aig

# Subcircuit 161
SUB_ID 161
LO (83):  26615 26618 26619 26629 26633 26634 26635 26641 26686 26753 26760 26805 26819 26866 26892 26896 26911 27110 27114 27117 27127 27144 27146 27179 27218 27432 27467 27483 27503 27514 27516 27519 27561 27569 28311 28316 28354 28360 28379 28411 28432 28435 28449 28822 28836 28843 28846 28854 28859 28864 28875 28881 28891 28903 28914 28929 28945 29609 29611 29613 29636 29638 29655 29663 29674 29676 29680 29692 29708 29924 29926 29953 29962 29984 30609 30616 30696 30960 30979 30980 30999 31002 31054
LI (137):  26451 26497 26501 26504 26514 26516 26521 26524 26526 26532 26539 26540 26544 26548 26554 26558 26570 26581 26582 26584 26585 26588 26594 26595 26608 26614 26621 26625 26626 26627 26660 26677 26678 26683 26684 26706 26748 26749 26751 26752 26756 26758 26795 26797 26800 26804 26807 26809 26816 26818 26825 26832 26869 26891 26895 26898 26910 26947 26968 26973 27049 27056 27057 27065 27078 27081 27085 27091 27104 27105 27107 27142 27143 27173 27178 27204 27209 27211 27215 27421 27466 27482 27499 27515 27553 27554 27559 27565 27568 28315 28346 28349 28351 28358 28375 28376 28425 28428 28434 28447 28835 28838 28842 28848 28853 28858 28863 28876 28880 28890 28895 28902 28910 28911 28925 28926 28937 28940 28942 29610 29654 29658 29662 29671 29673 29685 29686 29687 29691 29706 29952 29961 30599 30608 30971 30978 30998
NODE_NUM = 200
FILE aes_xcrypt_sub_161.aig

# Subcircuit 162
SUB_ID 162
LO (102):  26651 26655 26660 26661 26663 26665 26666 26674 26678 26687 26816 26864 26879 26880 26916 26918 26923 26954 26955 26959 26984 26986 26988 27015 27027 27093 27095 27096 27097 27098 27099 27100 27101 27102 27104 27133 27139 27149 27151 27157 27171 27437 27448 27451 27488 27527 27535 27546 27549 27574 28329 28349 28355 28363 28369 28386 28393 28434 28445 28819 28858 28902 28915 28925 28942 29620 29670 29671 29691 29715 29720 29727 29942 29965 29969 29973 29981 30002 30013 30027 30044 30052 30584 30588 30608 30614 30622 30625 30628 30666 30667 30673 30682 30713 30958 30966 30978 30987 30991 30995 30998 31084
LI (129):  26497 26501 26504 26514 26516 26517 26535 26536 26538 26545 26548 26552 26554 26557 26558 26562 26564 26579 26611 26612 26648 26659 26673 26677 26691 26765 26769 26785 26813 26815 26826 26844 26850 26853 26858 26861 26862 26867 26871 26878 26892 26905 26915 26916 26919 26921 26922 26926 26929 26934 26953 26968 26975 26976 26978 26982 26990 26992 26993 26995 26997 27006 27013 27014 27016 27018 27019 27020 27032 27035 27086 27092 27094 27134 27138 27141 27150 27164 27170 27486 27526 27532 27536 27537 27538 27544 27548 28347 28445 28824 28878 28898 28900 28924 29596 29597 29601 29604 29667 29669 29690 29714 29934 29937 29938 29968 29972 29980 30009 30011 30586 30604 30606 30612 30616 30621 30664 30680 30701 30703 30712 30974 30977 30990 31068 31076 31077 31081 31083
NODE_NUM = 200
FILE aes_xcrypt_sub_162.aig

# Subcircuit 163
SUB_ID 163
LO (106):  26673 26675 26677 26683 26684 26691 26692 26694 26699 26891 26894 26895 26898 26905 26910 26915 26926 26927 26935 26965 26968 26969 26971 26973 26975 26976 26978 27085 27086 27091 27092 27134 27136 27138 27150 27188 27199 27211 27215 27425 27439 27466 27472 27479 27482 27499 27515 27526 27579 28306 28324 28347 28351 28358 28408 28460 28807 28811 28831 28860 28863 28876 28885 28895 28898 28910 28918 29597 29610 29617 29642 29644 29658 29678 29703 29731 29922 29934 29937 29938 29952 29980 29998 30001 30020 30036 30050 30060 30579 30599 30637 30660 30663 30699 30712 30954 30962 30971 30974 30986 30990 31022 31050 31059 31076 31081
LI (113):  26451 26472 26497 26501 26504 26514 26516 26521 26524 26526 26532 26535 26539 26544 26552 26554 26558 26570 26571 26572 26573 26581 26591 26608 26610 26627 26688 26690 26808 26859 26868 26869 26870 26899 26900 26901 26902 26903 26920 26928 26933 26934 26941 26948 26949 27020 27028 27043 27048 27088 27094 27097 27099 27100 27101 27137 27421 27422 27427 27437 27470 27497 27512 27541 28308 28320 28322 28333 28389 28395 28413 28456 28802 28806 28809 28875 28882 28883 28890 28893 28897 28908 29616 29920 29933 29935 30000 30015 30019 30034 30049 30058 30578 30631 30636 30659 30661 30692 30696 30697 30711 30952 30960 30980 30985 31014 31016 31020 31045 31049 31070 31075 31080
NODE_NUM = 195
FILE aes_xcrypt_sub_163.aig

# Subcircuit 164
SUB_ID 164
LO (86):  26706 26736 26747 26748 26765 26785 26786 26795 26797 26813 26815 26825 26826 26831 26832 26834 27043 27046 27070 27081 27137 27170 27178 27192 27202 27209 27427 27429 27438 27444 27461 27470 27544 27559 27565 27568 27572 28335 28346 28376 28392 28405 28416 28417 28425 28806 28824 28838 28853 28868 28878 28880 28911 28937 28940 29604 29631 29662 29686 29687 29690 29702 29947 29989 30000 30009 30023 30031 30038 30580 30604 30636 30643 30659 30692 30697 30701 30711 30717 30952 31007 31009 31014 31049 31060 31075
LI (122):  21 26451 26472 26497 26499 26501 26504 26505 26507 26514 26515 26516 26521 26522 26524 26525 26526 26532 26538 26539 26544 26548 26554 26558 26577 26578 26581 26608 26609 26622 26626 26627 26707 26708 26712 26713 26719 26723 26724 26727 26742 26743 26745 26746 26756 26780 26781 26782 26783 26800 26801 27009 27042 27044 27045 27051 27052 27055 27058 27060 27061 27063 27065 27066 27067 27068 27072 27074 27078 27102 27167 27169 27177 27208 27422 27428 27437 27458 27531 27540 27541 27558 27565 28331 28333 28339 28341 28342 28388 28389 28396 28415 28422 28804 28826 28852 28867 28878 28933 28935 28938 28939 29628 29661 29674 29701 29944 29945 29985 30007 30030 30603 30635 30640 30685 30690 30696 30710 31002 31006 31011 31074
NODE_NUM = 200
FILE aes_xcrypt_sub_164.aig

# Subcircuit 165
SUB_ID 165
LO (145):  26719 26723 26724 26727 26742 26746 26749 26751 26752 26758 26781 26782 26783 26853 26878 26901 26902 26941 26943 26944 26953 27013 27014 27016 27018 27020 27028 27032 27033 27042 27044 27045 27048 27049 27051 27055 27057 27058 27074 27078 27105 27142 27173 27177 27204 27208 27283 27288 27294 27353 27382 27386 27458 27492 27532 27536 27541 27554 27584 27619 27632 27647 27658 27688 27693 27735 27753 27788 27802 27808 27812 27843 27886 27909 27992 28000 28018 28164 28166 28168 28176 28186 28209 28260 28271 28276 28280 28284 28315 28331 28333 28375 28388 28395 28396 28397 28422 28456 28497 28506 28531 28534 28802 28804 28848 28897 28933 28935 28939 29616 29628 29633 29648 29673 29701 29706 29933 29944 29968 29985 30015 30016 30030 30034 30047 30049 30578 30586 30592 30603 30612 30621 30635 30640 30649 30661 30680 30710 30720 30985 31011 31020 31029 31038 31077
LI (178):  23612 23619 23620 23625 23636 23637 23646 23654 23661 23665 23688 23689 23690 23695 23712 23739 23818 23858 23876 23878 23879 23892 23898 24004 24120 24495 24511 24516 24526 24527 24556 24583 24610 24724 24728 24788 24820 24830 24878 24882 24901 24905 24918 24920 25015 25021 25057 25092 25105 25119 25358 25413 25445 25452 25456 25526 25675 25775 26343 26451 26497 26501 26504 26514 26516 26521 26524 26526 26529 26532 26539 26544 26545 26554 26558 26562 26578 26579 26580 26581 26583 26588 26589 26594 26622 26623 26624 26625 26627 26629 26633 26634 26648 26708 26714 26721 26725 26743 26745 26753 26755 26757 26799 26801 26802 26803 26840 26845 26852 26913 26920 26921 26922 26998 27007 27029 27030 27053 27054 27056 27062 27070 27093 27094 27095 27096 27098 27114 27141 27168 27293 27316 27351 27352 27449 27490 27531 27535 27538 27582 27583 27604 27613 27614 27618 27645 27646 27656 27686 27687 27786 27787 27798 27801 27885 28165 28167 28373 28386 28396 28455 28495 28496 28832 28891 28931 29596 29627 29700 29920 29932 29984 30620 30648 30715 30719 30983 31009
NODE_NUM = 200
FILE aes_xcrypt_sub_165.aig

# Subcircuit 166
SUB_ID 166
LO (142):  28665 28720 28729 28733 28746 28766 28882 28965 29022 29039 29060 29064 29065 29083 29097 29142 29149 29153 29162 29171 29183 29232 29334 29366 29401 29420 29430 29464 29474 29482 29490 29498 29540 29542 29624 29717 29721 29750 29755 29779 29794 29833 29855 29895 29898 29961 30019 30081 30101 30113 30121 30127 30130 30152 30160 30174 30183 30187 30191 30196 30202 30206 30212 30215 30230 30247 30269 30300 30323 30331 30340 30365 30369 30376 30401 30439 30470 30482 30529 30539 30547 30620 30631 30677 30685 30719 30790 30794 30807 30832 30839 30854 30871 30873 30877 30883 30887 30898 30929 30977 31098 31117 31129 31161 31197 31203 31213 31225 31229 31254 31267 31274 31280 31285 31292 31293 31297 31303 31309 31324 31338 31349 31351 31355 31365 31372 31375 31377 31432 31438 31443 31451 31456 31457 31462 31475 31533 31541 31543 31558 31617 31668
LI (293):  21 1832 1837 23582 23605 23612 23613 23625 23660 23664 23671 23672 23677 23698 23712 23713 23714 23722 23734 23741 23752 23772 23795 23812 23819 23859 23865 23877 23880 23881 23883 23884 23891 23895 23910 23929 23930 23931 23933 23934 23956 23982 23993 24037 24050 24084 24172 24266 24498 24552 24556 24611 24613 24614 24626 24630 24679 24686 24712 24724 24768 24799 24818 24829 24845 24847 24862 24870 24872 24874 24875 24880 24888 24901 24920 24921 24926 24928 24930 24940 24956 24958 24964 24975 25002 25008 25020 25021 25022 25025 25026 25051 25058 25059 25103 25105 25122 25127 25325 25327 25334 25346 25354 25359 25369 25370 25400 25413 25417 25424 25425 25428 25439 25462 25463 25469 25480 25484 25485 25497 25499 25504 25512 25515 25516 25520 25523 25525 25528 25534 25535 25537 25550 25554 25575 25601 25617 25619 25655 25656 25674 25675 25682 25690 25691 25699 25707 25716 25722 25725 25726 25770 25773 25777 25779 25806 25807 25812 25883 25885 25974 25985 25989 26156 26164 26165 26241 26335 26336 26339 26519 26528 26538 26542 26566 26616 26747 26801 26805 26808 27063 27110 27408 27613 27616 27787 27798 27861 27867 27885 28053 28060 28299 28308 28386 28413 28414 28415 28486 28554 28722 28745 28893 28900 29037 29038 29042 29050 29053 29058 29059 29063 29082 29133 29139 29141 29147 29148 29151 29365 29390 29400 29418 29419 29426 29427 29449 29455 29463 29481 29527 29539 29719 29720 29832 29840 29854 29892 29897 29919 29959 30116 30120 30125 30126 30150 30189 30190 30211 30225 30227 30228 30283 30330 30435 30437 30468 30481 30508 30537 30717 30718 30746 30758 30792 30793 30805 30852 30853 30885 30976 31158 31160 31196 31227 31228 31299 31300 31301 31308 31336 31371 31431 31437 31449 31450 31454 31455 31540 31553 31555 31556 31665
NODE_NUM = 199
FILE aes_xcrypt_sub_166.aig

# Subcircuit 167
SUB_ID 167
LO (24):  31671 31694 31710 31736 31803 31842 31944 31956 31965 31977 32004 32028 32088 32109 32154 32181 32196 32220 32247 32256 32262 32279 32301 32322
LI (67):  21 1750 1801 1802 1820 1821 1822 1824 1827 1829 1831 1833 1842 27230 27408 27597 27775 27950 28124 28299 28302 29119 29282 30758 31247 31608 31662 31668 31704 31707 31713 31740 31752 31755 31758 31794 31797 31800 31827 31836 31926 31932 31943 31956 32001 32025 32070 32076 32087 32091 32100 32139 32142 32145 32157 32160 32169 32180 32214 32235 32251 32259 32286 32292 32300 32304 32313
NODE_NUM = 200
FILE aes_xcrypt_sub_167.aig

# Subcircuit 168
SUB_ID 168
LO (31):  32313 32523 33087 36040 36046 36756 36765 36774 36940 37595 37923 37935 38230 38542 38545 38737 38974 40243 40300 40303 40333 40351 40378 40390 40471 40582 40591 40636 40768 40801 40918
LI (61):  21 1846 1885 1889 1896 1899 1901 31827 31860 31929 32419 32497 32498 32499 32501 32503 32522 32724 32911 32931 32947 32975 32977 32978 32990 33003 33005 33009 33015 33080 35043 35865 35946 35954 35961 35964 36034 36049 36410 36585 36753 36934 37432 37435 37592 37920 37934 38156 38224 38536 38539 38548 38713 38719 38917 38928 38942 38956 38961 38963 38966
NODE_NUM = 200
FILE aes_xcrypt_sub_168.aig

# Subcircuit 169
SUB_ID 169
LO (34):  32503 36404 36407 36410 37911 37914 37917 37920 38224 38713 39054 39378 39393 39396 39417 39876 39879 39882 40058 40216 40219 40252 40297 40309 40393 40420 40462 40507 40540 40564 40678 40698 40939 40945
LI (72):  21 1866 1890 1903 1905 1907 1909 32417 32498 32500 32721 32733 32765 32911 35040 36046 36232 36320 36337 36354 36357 36358 36368 36379 36396 36579 36765 37213 37754 37834 37843 37850 37851 37857 37903 38101 38172 38182 38197 38206 38209 38219 38545 38710 38974 38992 38999 39016 39031 39033 39037 39043 39211 39375 39384 39402 39586 39731 39750 39752 39759 39805 39819 39827 39828 39832 39839 39846 39867 40028 40049 40210
NODE_NUM = 193
FILE aes_xcrypt_sub_169.aig

# Subcircuit 170
SUB_ID 170
LO (31):  32522 32931 32947 33080 35946 35961 36320 37266 37272 37432 37834 38156 38206 38536 38942 38956 39033 39399 39402 39827 40049 40339 40372 40411 40453 40477 40603 40684 40795 40852 40876
LI (91):  21 1894 1895 1900 32387 32447 32451 32507 32509 32511 32512 32521 32552 32616 32758 32766 32871 32911 32918 32925 32926 32928 32933 32938 32946 33007 33036 33054 33062 33065 33067 33076 35886 35907 35921 35923 35930 35941 35957 35959 36247 36265 36271 36274 36275 36286 36315 36765 36940 37108 37111 37112 37117 37128 37182 37200 37207 37215 37259 37429 37765 37778 37793 37796 37798 37829 37923 38097 38111 38113 38120 38127 38153 38204 38533 38931 38941 38945 38947 38955 39825 40037 40321 40336 40363 40381 40402 40426 40432 40452 40471
NODE_NUM = 199
FILE aes_xcrypt_sub_170.aig

# Subcircuit 171
SUB_ID 171
LO (45):  32509 32511 32512 32521 32538 32540 32616 32911 32975 33007 33009 33036 33062 35886 35907 36034 36315 36354 36357 36396 37112 37182 37200 37215 37755 37765 37843 37850 37851 37857 37903 38097 38111 38153 38172 38182 38204 38917 38928 38992 39750 39759 39805 39810 39819
LI (167):  32417 32419 32449 32476 32478 32507 32517 32520 32525 32526 32533 32534 32535 32536 32587 32589 32592 32603 32611 32612 32614 32651 32691 32714 32717 32724 32725 32735 32736 32737 32741 32743 32745 32746 32747 32755 32762 32775 32778 32779 32854 32870 32895 32909 32912 32953 32961 32974 32978 32988 33008 33019 33023 33024 33026 33027 33028 33035 33046 33059 33061 35872 35874 35880 35882 35883 35885 35889 35890 35899 35901 35902 35906 35975 35978 35979 35980 36008 36013 36015 36016 36023 36026 36027 36259 36294 36295 36314 36340 36341 36342 36353 36356 36383 36390 36391 37109 37123 37134 37181 37191 37194 37195 37197 37210 37211 37213 37756 37764 37835 37838 37840 37844 37849 37856 37878 37879 37883 37885 37886 37889 37891 37900 38087 38090 38096 38103 38105 38110 38137 38140 38142 38151 38159 38161 38171 38176 38177 38181 38198 38203 38897 38902 38909 38910 38913 38920 38923 38924 38977 38990 39734 39735 39744 39755 39756 39775 39782 39784 39788 39790 39796 39797 39801 39811 39814 39815
NODE_NUM = 199
FILE aes_xcrypt_sub_171.aig

# Subcircuit 172
SUB_ID 172
LO (68):  32574 32577 32579 32580 32585 32587 32651 32701 32703 32707 32715 32717 32764 32765 32766 32767 32768 32769 32770 32778 32974 33005 33011 33028 33033 33035 35872 35906 35921 35964 35975 36008 36026 36247 36265 36271 36337 36353 36383 37111 37181 37195 37207 37259 37756 37758 37793 37829 37864 37900 38096 38101 38103 38120 38171 38176 38197 38909 38920 38990 38999 39744 39769 39775 39796 39815 39825 39867
LI (163):  21 32367 32372 32379 32394 32395 32408 32417 32419 32432 32434 32435 32447 32449 32459 32476 32478 32496 32498 32527 32541 32548 32551 32552 32558 32569 32573 32575 32578 32583 32585 32586 32635 32638 32639 32648 32649 32658 32659 32667 32673 32677 32685 32690 32691 32700 32702 32705 32706 32714 32762 32771 32777 32804 32852 32869 32872 32963 32965 32968 32972 32973 33034 35868 35869 35894 35896 35898 35901 35902 35914 35915 35919 35951 35963 35968 35969 35971 35973 35978 35980 36000 36003 36005 36024 36237 36242 36243 36252 36254 36255 36264 36267 36270 36322 36327 36328 36329 36335 36347 36351 36381 37109 37138 37141 37152 37156 37157 37163 37179 37180 37188 37194 37203 37204 37220 37221 37229 37231 37235 37258 37766 37769 37781 37783 37792 37804 37806 37812 37828 37894 37899 38092 38094 38098 38099 38117 38165 38170 38175 38189 38190 38195 38904 38908 38918 38982 38984 38989 38994 38996 38997 39740 39741 39767 39770 39771 39793 39824 39852 39859 39861 39862
NODE_NUM = 200
FILE aes_xcrypt_sub_172.aig

# Subcircuit 173
SUB_ID 173
LO (73):  32575 32578 32592 32603 32605 32607 32611 32801 32804 32810 32852 32854 32882 32909 32913 32914 32918 32926 32928 32942 32946 32961 32990 33003 33054 33065 33076 35875 35878 35880 35890 35902 35914 35941 36000 36005 36013 36015 36024 36027 36274 36286 36314 36335 36342 37134 37138 37152 37179 37203 37229 37231 37258 37764 37796 37828 37840 37879 37899 38137 38195 38203 38209 38931 38940 38947 38977 39016 39755 39787 39814 39846 39859
LI (158):  32397 32417 32419 32429 32433 32447 32451 32461 32464 32486 32493 32498 32543 32572 32588 32590 32591 32596 32598 32601 32604 32606 32608 32610 32691 32695 32707 32710 32715 32718 32721 32722 32756 32790 32794 32797 32799 32800 32805 32807 32809 32823 32844 32845 32847 32848 32849 32853 32856 32858 32861 32866 32867 32873 32875 32877 32878 32879 32881 32882 32883 32885 32890 32893 32894 32898 32900 32901 32904 32905 32907 32912 32916 32927 32940 32943 32944 32957 32959 32976 32983 32985 32989 32998 33002 33012 33022 33033 33044 33049 33051 33063 33070 33075 35868 35874 35908 35910 35912 35940 35963 35992 35993 35995 35996 36011 36272 36281 36283 36285 36300 36305 36313 36333 37128 37131 37132 37137 37147 37149 37151 37167 37168 37171 37172 37177 37201 37211 37225 37226 37238 37242 37246 37250 37254 37256 37257 37760 37762 37794 37816 37818 37822 37824 38131 38133 38193 38201 38208 38930 38939 39008 39011 39012 39813 39845 39854 39858
NODE_NUM = 200
FILE aes_xcrypt_sub_173.aig

# Subcircuit 174
SUB_ID 174
LO (93):  32606 32608 32610 32635 32639 32649 32685 32700 32702 32725 32736 32737 32743 32745 32746 32755 32762 32809 32881 32938 32953 32972 32976 32977 32989 33019 33034 33044 33046 33049 33051 33061 33063 35889 35896 35915 35930 35940 35957 35973 35979 36011 36242 36255 36259 36264 36270 36275 36294 36313 36333 36340 36368 36379 36391 37128 37156 37163 37197 37201 37210 37211 37220 37225 37762 37778 37781 37792 37804 37812 37838 37844 37878 37885 38127 38131 38151 38170 38181 38189 38201 38219 38913 38923 38941 38961 38982 38984 38989 39031 39793 39824 39852
LI (162):  32367 32376 32377 32378 32379 32386 32392 32394 32397 32399 32400 32402 32406 32409 32417 32419 32447 32449 32459 32461 32462 32476 32478 32492 32494 32501 32527 32531 32533 32538 32546 32572 32573 32583 32604 32613 32633 32643 32644 32645 32647 32648 32657 32660 32662 32668 32670 32674 32676 32677 32678 32679 32680 32684 32692 32695 32698 32704 32711 32721 32733 32734 32741 32742 32749 32750 32751 32754 32755 32758 32759 32760 32761 32777 32793 32796 32798 32818 32834 32884 32888 32890 32892 32914 32919 32927 32935 32940 32951 32988 32998 33025 33033 33039 33042 33045 33047 35868 35888 35926 35929 35936 35939 35949 35955 35987 35996 36241 36249 36261 36262 36289 36293 36308 36312 36339 36364 36366 36372 36373 36377 37155 37161 37209 37219 37766 37770 37777 37780 37788 37789 37802 37809 37837 37861 37869 37871 37877 38109 38122 38126 38129 38146 38150 38168 38187 38188 38213 38218 38922 38935 38940 38958 38959 38981 39023 39026 39027 39791 39823 39848 39851
NODE_NUM = 199
FILE aes_xcrypt_sub_174.aig

# Subcircuit 175
SUB_ID 175
LO (115):  32790 32796 32797 32818 32834 32844 32849 32853 32872 32873 32875 32884 32885 32890 32892 32893 32894 32898 32900 32904 32925 32933 32943 32951 32957 32963 32965 32978 32983 32988 32998 33002 33008 33012 33015 33023 33026 33027 33039 33042 33059 33067 33070 33075 33255 35874 35882 35883 35901 35910 35912 35919 35954 35959 35993 35996 36003 36023 36243 36283 36293 36300 36312 36327 36351 36356 36364 36372 36381 37117 37123 37131 37132 37191 37235 37246 37250 37766 37788 37822 37824 37837 37849 37877 37891 38092 38094 38098 38099 38105 38113 38150 38161 38168 38218 38897 38902 38908 38930 38955 39008 39023 39026 39027 39043 39735 39767 39782 39784 39788 39813 39839 39845 39854 39861
LI (163):  32361 32365 32370 32394 32397 32405 32417 32419 32423 32426 32435 32437 32438 32439 32447 32449 32459 32461 32465 32468 32470 32473 32476 32478 32481 32484 32485 32487 32488 32496 32507 32515 32516 32517 32518 32529 32534 32580 32581 32588 32597 32599 32605 32607 32613 32645 32657 32659 32668 32688 32695 32696 32703 32704 32711 32756 32759 32775 32782 32783 32784 32785 32792 32793 32795 32796 32798 32801 32814 32816 32817 32820 32822 32825 32827 32829 32830 32831 32834 32842 32843 32848 32857 32861 32862 32864 32867 32870 32871 32887 32889 32890 32896 32897 32920 32921 32922 32982 33000 33001 33011 33013 33021 33022 33025 33057 33073 33195 33253 35899 35908 35950 35951 35963 36001 36017 36022 36240 36292 36310 36323 36324 36350 36362 36370 37115 37120 37121 37130 37185 37190 37244 37768 37787 37848 37873 37875 38089 38090 38149 38160 38217 38901 38907 38951 38952 39002 39005 39017 39022 39025 39039 39042 39762 39764 39766 39778 39779 39787 39836 39837 39844 39860
NODE_NUM = 200
FILE aes_xcrypt_sub_175.aig

# Subcircuit 176
SUB_ID 176
LO (25):  33863 34857 35040 35043 36585 38530 38533 38719 39211 39586 40240 40270 40294 40321 40330 40363 40492 40525 40555 40705 40711 40735 40756 40780 40894
LI (55):  21 1847 1848 1883 1887 1892 1896 33174 33236 33252 33254 33255 33259 33267 33292 33420 33768 33859 34764 34851 35037 36232 36407 36579 37923 38451 38466 38479 38492 38495 38497 38522 39208 39583 39882 40210 40216 40219 40222 40246 40252 40255 40276 40306 40309 40315 40329 40360 40468 40480 40491 40495 40516 40531 40546
NODE_NUM = 199
FILE aes_xcrypt_sub_176.aig

# Subcircuit 177
SUB_ID 177
LO (36):  33259 33768 33859 34851 36750 36753 36931 36934 37754 38451 39202 39208 39577 39583 40037 40204 40210 40222 40255 40276 40381 40426 40452 40459 40468 40491 40495 40516 40531 40543 40627 40651 40819 40846 40867 40903
LI (80):  21 1847 1889 1901 1904 1905 1908 1909 33189 33230 33233 33253 33258 33277 33332 33425 33441 33473 33563 33573 33767 33791 33813 33816 33818 33827 33838 33855 34686 34768 34771 34774 34775 34781 34850 36587 36592 36604 36662 36745 36849 36858 36860 36864 36925 37751 38450 38539 38542 38548 39126 39134 39136 39140 39195 39375 39378 39384 39495 39516 39524 39526 39530 39538 39568 39731 39879 40028 40133 40198 40273 40297 40360 40378 40420 40462 40504 40507 40528 40540
NODE_NUM = 199
FILE aes_xcrypt_sub_177.aig

# Subcircuit 178
SUB_ID 178
LO (32):  33258 33277 33282 33283 33292 33473 33729 33767 33813 34684 34764 34781 34850 36662 36745 36776 36849 36925 38379 38450 38492 38495 38522 39126 39195 39420 39437 39495 40107 40133 40141 40198
LI (178):  33136 33139 33148 33153 33160 33161 33165 33175 33188 33190 33253 33266 33270 33271 33272 33275 33280 33281 33285 33290 33291 33367 33382 33391 33411 33457 33461 33469 33471 33485 33562 33595 33602 33607 33623 33629 33631 33633 33638 33639 33647 33669 33671 33720 33725 33728 33735 33737 33739 33741 33743 33751 33752 33764 33797 33804 33812 34687 34691 34692 34696 34712 34733 34745 34748 34749 34759 34779 34791 34805 34816 34817 34822 34824 34832 34835 34846 36608 36610 36612 36616 36661 36684 36685 36687 36688 36697 36701 36718 36725 36733 36736 36737 36743 36781 36786 36788 36791 36810 36813 36815 36824 36835 36837 36845 36846 36872 36875 36878 36891 36894 36895 36923 38380 38384 38385 38449 38484 38486 38490 38493 38494 38504 38506 38509 38511 38520 39055 39069 39075 39076 39082 39083 39090 39098 39123 39143 39144 39149 39151 39168 39177 39184 39187 39188 39418 39430 39431 39435 39439 39450 39463 39465 39469 39477 39478 39483 39484 39489 40077 40080 40081 40086 40091 40092 40102 40116 40122 40125 40126 40131 40145 40153 40174 40179 40182 40184 40193
NODE_NUM = 200
FILE aes_xcrypt_sub_178.aig

# Subcircuit 179
SUB_ID 179
LO (81):  33285 33290 33295 33297 33299 33300 33349 33351 33364 33420 33457 33458 33461 33495 33497 33510 33573 33661 33671 33697 33699 33702 33703 33704 33705 33706 33708 33711 33712 33714 33720 33804 33808 33812 33827 33838 33840 34691 34705 34712 34756 34773 34805 34820 34843 36587 36604 36608 36661 36684 36737 36784 36785 36806 36810 36845 36860 36879 38384 38400 38449 38455 38474 38497 38507 38511 39069 39082 39131 39149 39177 39425 39435 39465 39524 39568 40077 40086 40102 40174 40193
LI (137):  33106 33128 33132 33133 33134 33136 33139 33145 33148 33153 33155 33157 33159 33162 33165 33169 33183 33189 33195 33198 33202 33225 33227 33229 33270 33287 33289 33308 33325 33341 33348 33354 33360 33361 33363 33372 33378 33386 33418 33449 33455 33488 33493 33494 33498 33506 33514 33517 33519 33521 33555 33572 33580 33627 33628 33638 33644 33654 33655 33659 33660 33662 33665 33666 33669 33696 33717 33781 33787 33803 33807 33809 33811 33823 33824 33831 33832 33836 34689 34700 34703 34706 34710 34767 34769 34790 34793 34795 34803 36600 36602 36606 36645 36648 36650 36654 36658 36671 36672 36677 36681 36793 36797 36809 36840 38382 38404 38413 38414 38419 38447 39060 39064 39066 39081 39148 39171 39172 39176 39523 39553 39559 39561 39565 40061 40064 40065 40070 40074 40084 40097 40101 40166 40169 40171 40188 40192
NODE_NUM = 200
FILE aes_xcrypt_sub_179.aig

# Subcircuit 180
SUB_ID 180
LO (61):  33308 33325 33328 33341 33353 33354 33572 33696 33717 33791 33823 33855 34692 34733 34759 34775 34793 34803 34846 36589 36592 36616 36645 36733 36736 36781 36786 36788 36797 36824 36864 36891 36894 36923 38404 38419 38479 38484 38490 38494 38509 39066 39090 39098 39123 39134 39136 39148 39168 39188 39463 39477 39483 39516 39538 39545 39551 40089 40114 40152 40167
LI (146):  33106 33128 33132 33134 33139 33145 33148 33153 33154 33157 33159 33165 33169 33189 33195 33202 33207 33220 33227 33228 33229 33283 33300 33302 33303 33305 33306 33314 33316 33331 33332 33340 33349 33434 33458 33504 33505 33533 33540 33541 33542 33543 33545 33571 33629 33684 33691 33693 33694 33695 33697 33699 33705 33706 33721 33748 33751 33755 33773 33774 33790 33822 33840 33854 34717 34720 34722 34732 34755 34756 34773 34791 34792 34799 34801 34842 34843 36591 36597 36613 36625 36628 36629 36636 36638 36642 36668 36675 36732 36780 36785 36796 36805 36807 36820 36822 36863 36879 36883 36890 36892 36907 36908 36913 36917 36919 38394 38397 38401 38418 38472 38473 38474 38475 38480 38483 38489 38507 39062 39089 39094 39096 39107 39114 39116 39120 39129 39131 39155 39157 39163 39164 39167 39453 39458 39459 39472 39474 39479 39482 39498 39515 39534 39535 39544 39550
NODE_NUM = 199
FILE aes_xcrypt_sub_180.aig

# Subcircuit 181
SUB_ID 181
LO (76):  33332 33340 33348 33361 33372 33378 33382 33386 33418 33488 33503 33504 33505 33506 33533 33629 33631 33647 33739 33741 33751 33752 33764 33797 33807 34706 34732 34745 34755 34767 34771 34790 34816 36594 36600 36610 36625 36658 36671 36699 36701 36718 36800 36809 36813 36835 36872 36890 38380 38394 38413 38466 38489 38504 39094 39107 39143 39151 39155 39157 39163 39184 39450 39467 39482 39489 39515 39523 39530 39534 39561 40101 40116 40145 40153 40166
LI (174):  33125 33126 33134 33135 33137 33139 33148 33151 33159 33160 33167 33184 33192 33218 33226 33229 33230 33241 33262 33265 33272 33280 33310 33313 33315 33331 33335 33336 33337 33338 33344 33347 33359 33360 33368 33371 33374 33377 33380 33384 33385 33390 33391 33392 33394 33396 33397 33404 33408 33412 33413 33417 33443 33477 33479 33480 33486 33487 33523 33526 33532 33598 33599 33601 33607 33624 33628 33630 33643 33644 33645 33646 33654 33687 33706 33724 33738 33740 33747 33748 33749 33750 33758 33763 33782 33792 33793 33794 33806 34685 34701 34705 34727 34729 34740 34741 34753 34770 34785 34786 34787 34801 34808 34810 34812 34814 36590 36595 36599 36619 36623 36624 36657 36666 36670 36705 36707 36711 36716 36717 36799 36801 36808 36811 36828 36829 36833 36852 36854 36867 36871 36885 36887 38393 38407 38408 38411 38458 38464 38501 39073 39081 39092 39101 39105 39106 39153 39156 39162 39178 39183 39440 39442 39444 39445 39446 39488 39502 39514 39519 39521 39529 39532 40100 40105 40107 40115 40136 40144 40150 40152 40158 40161 40163
NODE_NUM = 200
FILE aes_xcrypt_sub_181.aig

# Subcircuit 182
SUB_ID 182
LO (100):  33411 33412 33425 33441 33449 33455 33471 33477 33479 33487 33532 33541 33562 33563 33571 33595 33623 33624 33628 33630 33639 33645 33666 33669 33735 33737 33773 33774 33790 33794 33831 33854 34689 34703 34710 34741 34768 34770 34808 34817 34842 36597 36599 36606 36648 36650 36657 36672 36675 36677 36681 36685 36687 36711 36716 36780 36828 36858 36863 36867 36871 36907 38393 38397 38407 38414 38447 38472 38486 38501 38520 39060 39076 39101 39105 39114 39129 39140 39162 39171 39418 39431 39439 39446 39453 39458 39526 39532 39553 39559 40061 40064 40074 40084 40091 40100 40138 40179 40182 40188
LI (167):  33125 33129 33130 33136 33143 33150 33151 33157 33159 33165 33169 33177 33195 33196 33198 33208 33213 33227 33229 33238 33239 33243 33247 33253 33254 33255 33280 33313 33336 33342 33347 33377 33380 33388 33389 33406 33424 33429 33435 33436 33440 33445 33447 33452 33454 33464 33467 33469 33484 33485 33486 33515 33526 33528 33530 33531 33540 33548 33551 33554 33556 33559 33563 33566 33568 33570 33577 33580 33582 33586 33589 33592 33594 33596 33601 33609 33615 33616 33617 33618 33622 33626 33627 33637 33643 33657 33658 33665 33667 33668 33688 33690 33708 33722 33725 33727 33728 33733 33734 33757 33771 33778 33779 33783 33784 33788 33806 33808 33830 33849 33850 34698 34702 34709 34769 34772 34799 34806 34841 36587 36589 36594 36598 36647 36676 36680 36686 36714 36778 36826 36852 36857 36904 36905 38396 38405 38424 38425 38429 38431 38446 38456 38471 38516 38517 39055 39058 39103 39110 39111 39138 39170 39420 39422 39437 39456 39468 39545 39546 39551 39558 40059 40063 40089 40176 40178 40181
NODE_NUM = 200
FILE aes_xcrypt_sub_182.aig

# Subcircuit 183
SUB_ID 183
LO (58):  33626 33627 33633 33725 33738 33740 33748 33750 33783 33793 33809 33816 33818 33822 33836 33849 33850 33864 33874 33885 33895 33907 33917 33936 33946 34044 34683 34740 34753 34785 34832 34841 35034 35037 36049 36576 36579 36725 36822 36917 37748 37751 38082 38548 38896 39384 39472 39514 40115 40246 40273 40315 40348 40360 40387 40429 40528 40798
LI (141):  18 21 1850 1852 1854 1856 1858 1860 1862 1864 1865 1884 1888 1891 1898 1902 3787 33125 33132 33146 33153 33167 33184 33189 33213 33227 33271 33275 33280 33380 33404 33406 33423 33466 33468 33492 33510 33523 33525 33565 33567 33585 33610 33611 33613 33638 33653 33661 33667 33722 33723 33724 33726 33745 33754 33757 33781 33782 33792 33806 33835 33844 33845 33966 33981 34008 34016 34018 34019 34024 34025 34031 34041 34316 34435 34491 34500 34517 34523 34526 34536 34582 34679 34734 34739 34829 34831 34945 34958 34966 34973 34976 34978 35026 36494 36512 36527 36542 36545 36546 36550 36568 36719 36724 36756 36916 37592 37611 37623 37626 37628 37636 37648 37664 37684 37701 37708 37709 37714 37740 37914 37943 38007 38010 38012 38022 38075 38710 38713 38816 38818 38835 38890 39505 39506 39507 39513 40110 40114 40243 40351
NODE_NUM = 199
FILE aes_xcrypt_sub_183.aig

# Subcircuit 184
SUB_ID 184
LO (22):  34077 34582 34679 34945 34966 35026 36494 36512 36527 37426 37429 37623 37636 37648 37684 37708 38007 38075 38816 38890 40025 40028
LI (155):  21 1893 1906 33906 33969 33977 33979 33985 33987 33990 33992 33996 34000 34009 34010 34039 34050 34076 34105 34115 34125 34253 34325 34403 34408 34420 34471 34487 34500 34525 34531 34552 34557 34560 34561 34581 34608 34621 34623 34628 34635 34637 34641 34651 34674 34872 34876 34889 34912 34924 34931 34934 34936 34949 34959 34965 34993 34996 34998 35025 36419 36420 36422 36426 36430 36432 36438 36490 36501 36502 36506 36510 36513 36518 36526 37276 37279 37281 37345 37347 37348 37350 37351 37362 37363 37373 37377 37389 37392 37394 37418 37617 37620 37632 37635 37640 37643 37645 37671 37672 37683 37704 37732 37941 37942 37943 37947 37949 37962 37965 37968 37975 37977 38004 38027 38028 38032 38034 38040 38048 38073 38074 38759 38770 38771 38775 38783 38791 38794 38796 38812 38813 38844 38859 38864 38865 38868 38870 38887 39884 39899 39900 39903 39905 39909 39955 39968 39976 39996 39998 40000 40004 40006 40014 40015
NODE_NUM = 191
FILE aes_xcrypt_sub_184.aig

# Subcircuit 185
SUB_ID 185
LO (58):  34111 34151 34153 34155 34156 34463 34500 34517 34523 34552 34597 34608 34628 34635 34674 34889 34912 34924 34949 34958 34993 34996 35025 36419 36430 36490 36497 36502 36518 36542 37276 37281 37345 37350 37355 37389 37418 37611 37626 37628 37683 37701 37942 37952 37962 38004 38032 38040 38060 38747 38775 38812 38844 38884 39899 39955 39968 39996
LI (169):  33959 33962 33977 33979 33985 33996 34000 34002 34003 34005 34011 34025 34028 34084 34087 34090 34091 34092 34096 34110 34113 34145 34147 34148 34150 34158 34174 34185 34187 34197 34202 34240 34275 34282 34328 34370 34389 34434 34449 34450 34451 34453 34454 34457 34461 34462 34463 34466 34491 34496 34499 34507 34512 34514 34518 34522 34539 34544 34547 34549 34554 34591 34594 34595 34596 34603 34606 34610 34612 34614 34627 34630 34634 34658 34665 34668 34669 34879 34880 34881 34887 34896 34897 34902 34904 34907 34909 34919 34922 34946 34948 34957 34983 34992 34994 35009 35016 35018 35022 36414 36418 36428 36445 36446 36451 36460 36489 36495 36496 36498 36517 36530 36532 36541 37273 37299 37316 37319 37320 37326 37334 37335 37340 37348 37351 37382 37387 37399 37401 37417 37600 37602 37605 37609 37625 37678 37682 37685 37687 37689 37696 37700 37958 37960 37989 37990 37994 38002 38039 38774 38804 38806 38810 38838 38842 39886 39898 39924 39939 39945 39946 39949 39951 39960 39967 39977 39981 39988 39995
NODE_NUM = 200
FILE aes_xcrypt_sub_185.aig

# Subcircuit 186
SUB_ID 186
LO (72):  34087 34090 34091 34096 34105 34108 34110 34209 34210 34236 34240 34370 34512 34531 34536 34547 34610 34612 34627 34630 34641 34651 34668 34872 34876 34879 34909 34919 34931 34957 34965 34973 34978 34992 36428 36438 36489 36513 36526 36532 36545 36568 37319 37326 37334 37373 37377 37392 37417 37617 37620 37625 37664 37696 37740 37958 37960 37965 37994 38062 38759 38774 38791 38806 38824 38842 38859 38887 39898 39929 39988 39995
LI (150):  33959 33960 33977 33979 33987 33990 33992 33996 34000 34011 34029 34048 34094 34102 34104 34109 34124 34139 34161 34167 34181 34208 34213 34214 34217 34222 34226 34230 34231 34233 34244 34251 34259 34261 34267 34269 34274 34280 34281 34282 34288 34290 34291 34293 34294 34296 34300 34313 34327 34355 34369 34420 34475 34508 34510 34511 34520 34530 34534 34546 34602 34609 34619 34621 34625 34640 34646 34647 34649 34666 34862 34867 34868 34875 34877 34914 34918 34926 34927 34954 34964 34967 34972 34987 34991 36432 36433 36435 36462 36467 36472 36473 36476 36478 36487 36520 36524 36543 36554 36555 36557 36561 36566 37293 37318 37325 37330 37332 37366 37367 37370 37371 37372 37390 37405 37407 37416 37614 37615 37619 37650 37663 37695 37723 37739 37955 37956 37964 37993 38740 38743 38745 38749 38756 38787 38789 38840 38846 38851 38858 38880 38882 38885 39889 39893 39897 39985 39986 39991 39993
NODE_NUM = 199
FILE aes_xcrypt_sub_186.aig

# Subcircuit 187
SUB_ID 187
LO (85):  34104 34145 34161 34167 34169 34172 34174 34213 34214 34217 34222 34233 34322 34324 34325 34327 34328 34336 34355 34357 34360 34366 34369 34505 34507 34510 34530 34532 34534 34581 34603 34606 34609 34621 34649 34658 34867 34922 34926 34959 34964 34967 34970 34972 35009 35016 36418 36472 36476 36478 36495 36530 36566 37299 37310 37316 37325 37362 37367 37399 37416 37605 37609 37640 37663 37682 37685 37687 37709 37723 37739 37941 37964 37989 38058 38065 38068 38740 38755 38785 38882 39905 39925 39971 39985
LI (122):  33949 33952 33956 33961 33966 33971 33974 33977 33979 33985 33987 33990 33992 33996 34000 34033 34036 34037 34040 34045 34049 34051 34054 34061 34102 34117 34119 34121 34122 34123 34124 34125 34135 34136 34143 34219 34220 34221 34228 34231 34249 34252 34272 34281 34308 34309 34310 34314 34317 34319 34321 34327 34331 34332 34333 34335 34340 34345 34346 34350 34352 34409 34503 34570 34572 34573 34579 34592 34602 34654 34657 34864 34865 34920 34971 35002 35004 35008 35012 35014 36417 36425 36470 36475 36524 36529 36563 37278 37286 37288 37298 37308 37309 37314 37324 37355 37357 37410 37415 37597 37604 37639 37658 37660 37685 37694 37717 37722 37731 37734 37735 37940 37981 37986 37988 38051 38053 38057 38061 38062 38066 38738
NODE_NUM = 199
FILE aes_xcrypt_sub_187.aig

# Subcircuit 188
SUB_ID 188
LO (92):  34181 34208 34249 34251 34252 34253 34259 34261 34272 34274 34278 34280 34281 34288 34293 34445 34447 34449 34454 34462 34496 34508 34514 34518 34539 34544 34591 34602 34614 34646 34666 34865 34875 34887 34954 34983 35012 36417 36425 36426 36446 36460 36467 36506 36510 36517 36550 36561 37273 37278 37279 37288 37298 37308 37309 37314 37335 37348 37394 37415 37602 37604 37614 37615 37650 37658 37678 37689 37704 37714 37981 37986 38002 38022 38048 38066 38738 38743 38789 38818 38835 38858 38868 38885 39886 39903 39924 39939 39967 39976 40004 40014
LI (146):  33954 33962 33966 33972 33977 33979 33996 33998 34000 34006 34014 34021 34028 34030 34031 34051 34059 34094 34147 34149 34150 34151 34156 34177 34187 34188 34191 34193 34195 34197 34198 34199 34200 34201 34202 34204 34205 34207 34209 34224 34225 34243 34244 34246 34247 34256 34260 34262 34264 34265 34266 34267 34271 34273 34275 34276 34279 34284 34287 34291 34366 34374 34378 34407 34437 34440 34441 34442 34443 34446 34460 34461 34479 34480 34487 34494 34521 34538 34543 34587 34589 34600 34644 34859 34873 34886 34946 34953 34975 35010 36424 36454 36457 36459 36465 36499 36504 36508 36549 36560 37277 37291 37297 37301 37303 37306 37312 37357 37371 37414 37597 37599 37601 37613 37656 37702 37713 37953 37985 37996 38000 38001 38016 38019 38021 38047 38741 38823 38826 38827 38833 38857 38884 39902 39912 39917 39923 39927 39929 39938 39962 39966 39974 40003 40010 40012
NODE_NUM = 199
FILE aes_xcrypt_sub_188.aig

# Subcircuit 189
SUB_ID 189
LO (118):  34260 34262 34264 34266 34267 34269 34271 34275 34276 34279 34282 34284 34287 34290 34291 34294 34300 34310 34313 34314 34316 34317 34319 34321 34352 34372 34373 34374 34378 34380 34383 34385 34389 34425 34429 34431 34434 34556 34557 34558 34560 34567 34572 34634 34644 34657 34665 34669 34873 34880 34881 34896 34914 34918 34934 34994 34998 35002 35008 35010 35018 35022 36432 36445 36462 36465 36470 36487 36496 36499 36501 36523 36529 36554 36557 36563 37291 37320 37324 37330 37351 37379 37385 37401 37405 37414 37597 37635 37717 37729 37940 37947 37966 37975 38010 38012 38051 38053 38073 38745 38749 38756 38770 38783 38787 38796 38823 38827 38833 38840 39889 39893 39897 39923 39938 39941 39998 40010
LI (122):  33956 33961 33971 33977 33979 33980 33985 33987 33990 33992 33996 34000 34012 34034 34035 34049 34050 34094 34114 34115 34117 34119 34122 34123 34131 34138 34140 34141 34148 34153 34155 34177 34186 34193 34200 34201 34220 34229 34243 34245 34247 34259 34278 34307 34308 34309 34311 34319 34320 34324 34338 34339 34340 34342 34343 34348 34351 34371 34376 34387 34388 34390 34392 34400 34401 34404 34405 34406 34408 34417 34422 34424 34441 34457 34461 34470 34483 34492 34553 34554 34567 34569 34571 34578 34633 34661 34891 34895 34916 35020 36443 36481 36486 36497 36498 37310 37329 37404 37634 37672 37937 37938 37946 37973 38058 38065 38068 38747 38755 38762 38765 38766 38777 38782 38785 38821 38831 39891 39920 39934 39936 40009
NODE_NUM = 199
FILE aes_xcrypt_sub_189.aig

# Subcircuit 190
SUB_ID 190
LO (118):  34376 34388 34400 34417 34424 34442 34443 34446 34450 34451 34453 34457 34460 34461 34475 34479 34480 34483 34487 34491 34492 34494 34525 34526 34543 34570 34571 34578 34579 34594 34595 34596 34619 34625 34661 34685 34687 34702 34709 34717 34720 34734 34739 34748 34749 34769 34772 34774 34779 34799 34801 34810 34812 34822 34829 34835 34862 34868 34886 34891 34895 34897 34902 34907 34953 34975 34976 34991 36414 36451 36454 36457 36486 36498 36541 37277 37297 37312 37371 37372 37387 37404 37619 37632 37639 37671 37722 37731 37734 37735 37946 37955 37977 37988 37993 37996 38019 38027 38047 38777 38782 38794 38804 38810 38838 38857 38880 39479 39529 39884 39912 39917 39934 39966 39981 39991 39993 40158
LI (168):  33146 33171 33185 33188 33199 33205 33216 33217 33255 33306 33313 33338 33345 33347 33349 33363 33368 33370 33375 33376 33443 33446 33447 33450 33453 33492 33495 33543 33576 33580 33581 33591 33593 33603 33608 33616 33651 33956 33961 33966 33973 33975 33977 33978 33979 33980 33985 33986 33987 33990 33991 33992 33995 33996 33998 34000 34004 34005 34006 34010 34013 34014 34016 34017 34018 34019 34020 34021 34022 34025 34028 34029 34030 34049 34051 34055 34056 34108 34135 34193 34336 34347 34371 34387 34391 34396 34405 34408 34409 34414 34415 34416 34418 34419 34420 34422 34431 34436 34440 34445 34467 34469 34470 34471 34472 34478 34493 34525 34542 34569 34592 34600 34617 34618 34623 34624 34660 34686 34700 34701 34738 34773 34820 34821 34828 34833 34834 34858 34859 34860 34901 34905 34952 34974 34990 36433 36450 36535 36537 36538 37293 37294 37385 37670 37721 37726 37729 37730 37732 37937 37952 37954 38024 38025 38046 38781 38792 38801 38802 38809 38855 38875 38879 39528 39915 39932 39990 40156
NODE_NUM = 200
FILE aes_xcrypt_sub_190.aig

# Subcircuit 191
SUB_ID 191
LO (31):  35004 35014 35044 35054 35073 35083 35087 35106 35108 35118 35218 35220 35865 36229 36232 37031 37105 37108 37589 37592 38378 38539 38707 38710 39375 39728 39731 40744 40765 49604 49607
LI (107):  18 21 1846 1868 1870 1872 1874 1875 1876 1878 1880 1882 1883 1886 1890 1892 1895 1897 1900 1904 1908 3787 34036 34038 34133 34339 35100 35104 35179 35210 35212 35214 35215 35216 35222 35234 35266 35268 35426 35433 35446 35451 35472 35537 35574 35763 35857 36070 36090 36096 36098 36102 36111 36140 36164 36181 36196 36198 36204 36221 36410 36953 36972 36974 36975 36979 36988 37016 37027 37029 37030 37036 37099 37100 37508 37524 37542 37557 37565 37572 37575 37577 37595 37754 38243 38257 38275 38284 38287 38288 38298 38372 38629 38641 38657 38660 38662 38666 38675 38698 38719 39290 39366 39661 39722 40735 40756
NODE_NUM = 199
FILE aes_xcrypt_sub_191.aig

# Subcircuit 192
SUB_ID 192
LO (46):  35222 35228 35258 35259 35260 35261 35306 35309 35360 35372 35378 35379 35380 35381 35382 35383 35384 35390 35426 35433 35500 35536 35574 35767 35808 35857 36098 36111 36164 36953 37063 37099 37508 37542 37566 38257 38262 38287 38372 38629 39290 39353 39366 39653 39661 39722
LI (174):  35086 35156 35161 35167 35168 35173 35174 35175 35179 35183 35184 35193 35212 35214 35223 35225 35227 35230 35232 35241 35245 35246 35248 35249 35253 35254 35257 35262 35266 35274 35275 35304 35308 35311 35312 35320 35330 35336 35337 35341 35349 35355 35358 35359 35369 35377 35381 35424 35427 35430 35432 35499 35507 35508 35518 35526 35527 35530 35545 35572 35573 35590 35603 35661 35778 35789 35794 35795 35806 35807 35814 35817 35819 35823 35828 35829 35854 36056 36107 36108 36152 36153 36158 36159 36161 36945 36947 36951 37055 37067 37069 37073 37085 37097 37452 37455 37464 37506 37527 37529 37535 37537 37540 37541 38246 38247 38248 38252 38256 38286 38319 38321 38322 38326 38328 38329 38332 38334 38344 38369 38557 38558 38562 38564 38577 38582 38583 38588 38590 38593 38595 38626 39233 39234 39243 39244 39246 39248 39257 39273 39278 39280 39284 39287 39311 39313 39317 39321 39326 39333 39363 39364 39604 39606 39613 39614 39628 39631 39633 39642 39643 39649 39650 39655 39671 39679 39680 39684 39688 39691 39698 39702 39718 39719
NODE_NUM = 199
FILE aes_xcrypt_sub_192.aig

# Subcircuit 193
SUB_ID 193
LO (58):  35266 35274 35300 35304 35424 35499 35513 35514 35516 35518 35666 35667 35669 35751 35763 35777 35789 35794 35814 35828 35854 36152 36204 36221 36945 36947 36951 36972 37029 37036 37055 37452 37506 37524 37527 37557 38243 38288 38319 38349 38562 38641 38657 38675 38698 39233 39245 39311 39333 39604 39613 39623 39628 39655 39671 39674 39679 39698
LI (166):  35086 35129 35136 35156 35157 35189 35191 35197 35243 35262 35263 35270 35272 35278 35287 35291 35294 35298 35299 35302 35303 35315 35318 35372 35377 35383 35384 35385 35386 35393 35422 35440 35441 35467 35478 35479 35480 35498 35512 35515 35585 35624 35635 35637 35642 35644 35662 35665 35671 35672 35674 35676 35685 35716 35739 35741 35746 35748 35751 35752 35758 35759 35774 35776 35778 35780 35787 35793 35808 35813 35827 35838 35845 35848 35850 36058 36146 36147 36148 36150 36157 36200 36203 36208 36215 36216 36941 36942 36950 36959 36961 36963 36965 36967 36969 37021 37028 37034 37039 37044 37045 37048 37049 37051 37053 37437 37442 37446 37447 37448 37468 37470 37478 37479 37482 37483 37488 37505 37516 37519 37521 37522 37525 37529 37545 37546 37556 38235 38237 38242 38306 38308 38314 38315 38318 38555 38640 38648 38649 38650 38653 38655 38670 38674 38681 38697 39232 39293 39310 39329 39330 39589 39590 39602 39608 39612 39616 39620 39627 39653 39663 39667 39668 39677 39693 39697
NODE_NUM = 200
FILE aes_xcrypt_sub_193.aig

# Subcircuit 194
SUB_ID 194
LO (109):  35336 35341 35352 35355 35357 35358 35359 35369 35377 35409 35413 35414 35418 35419 35420 35422 35430 35432 35446 35451 35460 35461 35463 35464 35465 35466 35467 35472 35678 35679 35681 35682 35683 35684 35685 35686 35696 35698 35699 35700 35701 35709 35710 35711 35713 35716 35801 35805 35813 35827 35839 35845 36070 36079 36090 36091 36176 36177 36178 36181 36200 36203 36967 36974 36975 36979 37011 37022 37025 37051 37057 37437 37459 37478 37483 37513 37515 37545 37570 38237 38242 38265 38308 38321 38322 38331 38341 38566 38595 38618 38622 38626 38640 38660 38664 38673 38684 38697 39243 39270 39278 39326 39335 39363 39618 39645 39649 39684 39718
LI (113):  21 35086 35132 35136 35139 35149 35151 35156 35159 35161 35167 35174 35177 35179 35189 35193 35213 35216 35229 35243 35244 35257 35261 35262 35285 35286 35322 35323 35325 35326 35329 35330 35334 35335 35338 35342 35343 35345 35349 35354 35356 35358 35364 35367 35398 35408 35410 35412 35419 35438 35445 35449 35450 35458 35459 35462 35466 35471 35644 35694 35697 35698 35706 35708 35730 35753 35804 35812 35841 35842 36057 36060 36061 36062 36068 36072 36076 36081 36089 36168 36170 36180 36978 37023 37461 37473 37477 37514 37544 38241 38610 38613 38614 38624 38634 38639 38659 38685 38686 38696 39238 39242 39276 39325 39340 39343 39345 39362 39646 39683 39707 39708 39717
NODE_NUM = 200
FILE aes_xcrypt_sub_194.aig

# Subcircuit 195
SUB_ID 195
LO (71):  35385 35386 35393 35408 35438 35440 35441 35445 35478 35479 35637 35642 35644 35694 35804 35838 35841 36056 36060 36108 36140 36147 36180 36196 36208 36950 36961 36969 36988 37016 37073 37442 37461 37464 37477 37505 37556 37565 37572 37575 38275 38284 38326 38334 38577 38582 38588 38593 38610 38613 38639 38648 38653 38666 39232 39242 39257 39273 39276 39284 39310 39317 39340 39362 39612 39620 39667 39677 39683 39697 39702
LI (173):  35129 35130 35132 35136 35144 35146 35150 35151 35152 35159 35162 35186 35189 35193 35195 35203 35212 35213 35216 35223 35237 35258 35259 35260 35262 35263 35268 35269 35281 35284 35314 35360 35378 35379 35381 35390 35392 35398 35400 35401 35402 35406 35438 35442 35443 35457 35461 35475 35493 35496 35514 35516 35617 35618 35626 35627 35628 35633 35636 35638 35640 35641 35643 35653 35659 35679 35682 35684 35689 35690 35691 35705 35710 35721 35723 35731 35740 35751 35755 35757 35800 35803 35836 35839 36059 36075 36079 36083 36085 36124 36126 36127 36128 36134 36136 36138 36173 36178 36188 36190 36194 36956 36967 36984 36986 37000 37002 37006 37010 37011 37014 37049 37071 37082 37438 37440 37459 37460 37467 37494 37500 37555 37558 37562 37563 37566 37571 37573 38267 38271 38273 38282 38324 38569 38571 38575 38578 38581 38587 38591 38605 38611 38638 38643 38647 38664 39217 39224 39225 39229 39240 39253 39255 39259 39264 39267 39271 39272 39274 39283 39296 39309 39316 39336 39338 39350 39354 39361 39618 39666 39673 39674 39695
NODE_NUM = 200
FILE aes_xcrypt_sub_195.aig

# Subcircuit 196
SUB_ID 196
LO (85):  35442 35471 35480 35498 35526 35527 35537 35545 35572 35585 35624 35633 35636 35638 35640 35641 35739 35774 35787 35795 35836 35850 36061 36068 36076 36081 36107 36124 36150 36157 36158 36161 36168 36190 36215 36956 36959 36965 36984 37000 37010 37034 37044 37048 37049 37097 37438 37446 37448 37494 37500 37519 37537 37544 37555 37562 38235 38252 38282 38298 38314 38344 38557 38558 38569 38575 38605 38634 38638 38647 38670 38681 38696 39217 39240 39267 39309 39329 39343 39589 39590 39602 39666 39693 39707
LI (165):  35129 35136 35156 35160 35167 35174 35179 35182 35184 35206 35215 35216 35230 35237 35238 35243 35262 35307 35308 35310 35323 35325 35326 35400 35443 35470 35492 35494 35497 35508 35514 35522 35535 35536 35538 35547 35548 35551 35554 35557 35563 35565 35566 35568 35571 35577 35578 35579 35582 35583 35585 35590 35591 35592 35594 35597 35602 35604 35606 35607 35609 35612 35616 35618 35621 35622 35623 35631 35632 35635 35650 35660 35665 35669 35672 35678 35681 35699 35717 35718 35721 35722 35723 35729 35734 35735 35738 35743 35753 35758 35768 35772 35782 35784 35786 35832 35834 35847 36062 36066 36075 36080 36105 36119 36120 36153 36157 36167 36211 36213 36955 36957 36964 36983 36992 36994 36999 37009 37024 37042 37047 37076 37080 37088 37091 37093 37096 37437 37444 37492 37497 37510 37518 37532 37536 37553 38234 38245 38251 38277 38281 38293 38297 38339 38343 38555 38568 38574 38601 38603 38645 38677 38680 38692 38694 39215 39301 39303 39308 39342 39587 39594 39596 39601 39705
NODE_NUM = 198
FILE aes_xcrypt_sub_196.aig

# Subcircuit 197
SUB_ID 197
LO (111):  35606 35609 35626 35631 35635 35650 35653 35659 35660 35661 35662 35665 35691 35722 35723 35734 35738 35740 35741 35768 35800 35806 35812 35817 35819 35823 35832 35834 35842 35847 35848 35868 35894 35908 35929 35936 35939 35950 35951 35968 35978 35980 35987 35992 36001 36017 36022 36059 36062 36066 36072 36075 36080 36083 36089 36096 36102 36105 36119 36120 36128 36134 36167 36170 36188 36194 36198 36216 36328 36986 36992 36994 36999 37009 37039 37080 37085 37088 37091 37455 37497 37536 37553 37883 38089 38241 38245 38246 38271 38277 38297 38343 38369 38571 38574 38601 38677 39215 39225 39229 39246 39301 39361 39596 39601 39608 39616 39627 39642 39708 39717
LI (211):  32364 32370 32377 32387 32399 32415 32421 32425 32427 32443 32469 32474 32536 32549 32574 32579 32582 32601 32636 32655 32656 32658 32696 32701 32757 32760 32766 32768 32769 32771 32774 32827 32877 32912 32915 35086 35134 35136 35139 35144 35149 35150 35156 35167 35174 35178 35179 35181 35182 35189 35193 35194 35197 35202 35206 35214 35216 35225 35231 35234 35235 35236 35242 35258 35260 35262 35269 35283 35290 35297 35306 35307 35309 35323 35326 35329 35343 35347 35352 35357 35381 35384 35402 35413 35420 35427 35455 35459 35460 35463 35465 35466 35487 35488 35491 35493 35495 35496 35500 35504 35505 35510 35513 35536 35548 35550 35553 35555 35556 35566 35568 35579 35582 35602 35603 35607 35628 35632 35649 35653 35656 35658 35660 35661 35664 35666 35670 35679 35683 35696 35701 35704 35705 35706 35709 35718 35720 35721 35731 35732 35735 35743 35748 35755 35767 35791 35798 35803 35805 35816 35878 35948 35949 35986 35989 35991 36057 36058 36079 36084 36085 36086 36088 36091 36095 36101 36113 36115 36117 36132 36166 36183 36187 36239 36954 36983 36990 37082 37086 37087 37090 37453 37459 37495 37535 37558 37881 38240 38244 38295 38341 38346 38349 38350 38352 38353 38360 38361 38363 38364 38599 39227 39245 39299 39357 39360 39623 39624 39636 39641 39716
NODE_NUM = 200
FILE aes_xcrypt_sub_197.aig

# Subcircuit 198
SUB_ID 198
LO (140):  36211 36213 36237 36241 36249 36252 36254 36261 36262 36281 36292 36305 36350 36366 36370 36373 36377 36390 36443 36475 36481 36524 36535 36538 36543 36546 36590 36591 36595 36613 36619 36623 36628 36629 36636 36638 36642 36654 36668 36670 36697 36705 36707 36714 36719 36724 36732 36796 36801 36805 36807 36808 36820 36826 36829 36837 36857 36883 36885 36892 36895 36904 36908 36913 36916 36919 36955 36983 37006 37023 37027 37067 37071 37086 37093 37109 37121 37141 37147 37149 37161 37167 37168 37177 37190 37194 37219 37226 37238 37244 37254 37301 37303 37340 37366 37382 37440 37453 37467 37468 37470 37514 37516 37521 37522 37558 37571 37577 37599 37600 37601 37643 37645 37695 37732 37760 37768 37770 37777 37789 37806 37809 37816 37818 37835 37848 37856 37869 38000 38175 38411 38446 38581 39183 39444 39734 39932 40081 40136 40144
LI (289):  32364 32365 32386 32391 32395 32398 32403 32415 32416 32418 32428 32438 32439 32440 32443 32444 32456 32460 32465 32466 32468 32469 32474 32477 32482 32484 32485 32491 32492 32494 32495 32499 32515 32516 32518 32519 32534 32549 32551 32571 32577 32597 32600 32637 32638 32643 32644 32655 32657 32658 32659 32671 32672 32675 32694 32698 32703 32706 32708 32713 32721 32723 32734 32750 32761 32765 32767 32774 32784 32846 32862 33045 33130 33149 33161 33174 33177 33178 33179 33186 33191 33213 33218 33220 33225 33245 33250 33263 33265 33297 33299 33302 33303 33305 33306 33331 33345 33346 33359 33392 33423 33433 33434 33447 33451 33452 33457 33466 33467 33489 33510 33523 33528 33553 33555 33556 33575 33585 33603 33605 33614 33685 33692 33703 33704 33711 33722 33723 33724 33727 33733 33734 33747 33754 33759 33835 33969 33991 33993 34003 34005 34013 34021 34029 34031 34039 34052 34059 34372 34373 34380 34383 34391 34392 34403 34406 34410 34412 34414 34419 34425 34439 34556 34624 34791 34971 34974 34975 35176 35188 35191 35192 35210 35212 35223 35225 35260 35272 35281 35285 35297 35312 35315 35325 35367 35397 35418 35460 35464 35491 35512 35529 35551 35556 35576 35577 35589 35591 35599 35604 35607 35612 35628 35703 35777 35801 36176 36200 36209 36233 36234 36239 36240 36251 36253 36260 36324 36339 36376 36384 36387 36389 36424 36435 36522 36523 36626 36634 36640 36641 36652 36653 36669 36692 36694 36696 36699 36706 36722 36804 36806 36818 36854 36882 36903 36912 36954 37004 37021 37022 37024 37025 37057 37058 37063 37065 37066 37175 37185 37188 37189 37193 37300 37339 37379 37380 37466 37512 37515 37570 37642 37693 37694 37755 37758 37769 37776 37815 37864 37868 38174 38439 38440 38444 39131 39182 39733 40138 40143
NODE_NUM = 200
FILE aes_xcrypt_sub_198.aig

# Subcircuit 199
SUB_ID 199
LO (141):  37868 37871 37873 37875 37889 37894 37954 37956 37968 38028 38034 38057 38061 38087 38090 38109 38110 38117 38126 38133 38140 38149 38165 38174 38177 38187 38190 38193 38208 38217 38234 38240 38251 38256 38267 38281 38286 38295 38306 38315 38324 38328 38332 38339 38352 38360 38361 38382 38385 38396 38401 38418 38424 38425 38429 38439 38444 38458 38464 38471 38480 38483 38516 38568 38578 38583 38591 38603 38614 38624 38643 38645 38649 38650 38662 38674 38685 38692 38741 38762 38765 38766 38771 38821 38826 38831 38846 38851 38855 38864 38870 38879 38901 38904 38918 38924 38935 38939 38945 38951 38952 38958 38963 38966 38981 38996 39002 39005 39011 39012 39017 39022 39025 39037 39039 39042 39058 39062 39064 39075 39081 39110 39111 39120 39138 39144 39153 39164 39172 39176 39182 39187 39218 39224 39253 39606 39752 39778 39791 39858 40080
LI (298):  32361 32384 32390 32391 32398 32404 32407 32414 32416 32418 32420 32421 32424 32427 32428 32444 32457 32462 32463 32474 32475 32479 32482 32483 32484 32485 32487 32492 32520 32531 32549 32551 32581 32585 32591 32598 32599 32605 32636 32638 32643 32659 32660 32662 32663 32674 32689 32690 32692 32693 32697 32698 32701 32709 32710 32713 32719 32720 32735 32749 32751 32770 32771 32785 32799 32801 32806 32810 32816 32825 32826 32830 32831 32857 32862 32863 32866 32868 32871 32878 32882 32897 32913 32942 33000 33021 33028 33168 33172 33191 33220 33221 33249 33264 33287 33295 33336 33337 33338 33343 33351 33359 33364 33366 33407 33429 33433 33463 33464 33466 33510 33516 33525 33528 33531 33577 33579 33582 33591 33593 33612 33652 33656 33661 33688 33694 33702 33724 33762 33779 33782 33787 33986 33994 34035 34048 34060 34105 34118 34134 34135 34229 34236 34334 34350 34357 34374 34385 34390 34405 34412 34416 34429 34454 34463 34503 34505 34518 34532 34558 34567 35154 35163 35171 35172 35177 35183 35184 35201 35218 35234 35246 35270 35289 35292 35299 35356 35379 35380 35382 35409 35455 35466 35487 35491 35507 35518 35529 35547 35560 35564 35578 35588 35589 35592 35594 35600 35602 35603 35619 35620 35664 35667 35684 35700 35713 35745 35746 35756 35776 35798 35875 36084 36132 36166 36176 36177 36308 36422 36433 36523 37051 37460 37513 37540 37693 37872 37952 37953 37966 37967 38059 38060 38084 38086 38108 38116 38138 38255 38262 38265 38266 38280 38330 38331 38356 38357 38358 38399 38400 38422 38423 38433 38434 38436 38438 38443 38452 38453 38455 38456 38462 38469 38470 38482 38566 38567 38618 38621 38622 38673 38684 38690 38760 38761 38824 38825 38848 38863 38878 38944 39004 39021 39036 39057 39061 39070 39074 39080 39109 39185 39219 39223 39234 39251 39440 39776 40078
NODE_NUM = 200
FILE aes_xcrypt_sub_199.aig

# Subcircuit 200
SUB_ID 200
LO (105):  39219 39223 39238 39251 39255 39264 39271 39280 39293 39296 39308 39316 39321 39325 39330 39336 39345 39354 39430 39456 39468 39469 39474 39484 39498 39502 39505 39513 39519 39521 39535 39544 39546 39558 39565 39587 39594 39631 39646 39668 39673 39680 39688 39695 39716 39740 39762 39770 39776 39801 39811 39823 39828 39832 39836 39837 39844 39848 39851 39862 39902 39909 39915 39920 39927 39936 39945 39960 39962 39974 39977 39990 40000 40006 40009 40059 40063 40065 40070 40092 40105 40122 40125 40143 40150 40156 40161 40169 40171 40178 40181 40184 40192 40306 40329 40336 40402 40432 40480 40504 40537 40546 40840 40870 40886
LI (246):  21 1886 32378 32384 32390 32395 32429 32439 32450 32471 32495 32501 32528 32574 32579 32600 32614 32693 32696 32719 32721 32764 32769 32772 32799 32810 32821 32831 32865 32916 33133 33135 33173 33179 33187 33219 33221 33239 33242 33282 33295 33328 33334 33346 33347 33353 33367 33369 33404 33435 33450 33451 33453 33454 33458 33468 33497 33503 33505 33525 33530 33567 33575 33593 33599 33600 33603 33610 33611 33614 33637 33643 33655 33661 33704 33712 33714 33721 33723 33729 33733 33756 33779 33824 33981 34001 34010 34030 34035 34120 34132 34150 34169 34172 34210 34236 34322 34330 34342 34351 34360 34404 34408 34447 34518 34597 34609 34684 34858 34876 34877 34881 34970 35160 35164 35173 35183 35200 35208 35218 35235 35244 35293 35296 35300 35310 35378 35401 35402 35409 35414 35419 35420 35456 35465 35490 35503 35506 35529 35536 35594 35612 35613 35632 35649 35667 35678 35686 35698 35703 35711 35720 35728 35729 35745 35751 35779 35782 35792 36084 36173 36520 36676 36680 36688 36695 36776 36784 36800 36874 37025 37030 37031 37518 37532 37573 37670 38012 38025 38379 38452 38453 38566 38567 38760 39070 39072 39218 39262 39270 39335 39353 39424 39425 39427 39429 39467 39556 39564 39630 39644 39645 39714 39738 39768 39769 39809 39810 39835 39907 39925 39940 39941 39943 39971 39973 40069 40118 40120 40124 40141 40148 40149 40154 40159 40160 40167 40168 40297 40300 40303 40333 40360 40378 40387 40390 40393 40420 40429 40477 40543 40804 40822 40839 40867 40882
NODE_NUM = 196
FILE aes_xcrypt_sub_200.aig

# Subcircuit 201
SUB_ID 201
LO (18):  40579 40600 40624 40648 40672 40699 40723 40789 40804 40816 40822 40839 40864 40882 40891 40915 40924 40936
LI (70):  21 1865 1866 1884 1885 1891 1893 1894 1897 1898 1899 1902 1903 1906 35040 36940 37272 37754 37917 39393 39396 39399 40219 40243 40309 40339 40351 40387 40429 40462 40495 40537 40540 40564 40570 40582 40591 40603 40615 40627 40630 40636 40647 40651 40663 40678 40684 40698 40705 40711 40722 40768 40780 40795 40798 40801 40815 40819 40846 40852 40863 40870 40876 40886 40894 40897 40903 40914 40918 40927
NODE_NUM = 200
FILE aes_xcrypt_sub_201.aig

# Subcircuit 202
SUB_ID 202
LO (37):  40927 40957 40965 40983 40992 41066 41722 44675 44678 44681 44884 45039 45042 45045 45391 45400 45409 45901 45904 45907 46230 46558 46570 46725 46809 46862 47176 48878 48935 48974 48986 49025 49070 49226 49337 49436 49553
LI (82):  21 1888 1910 1930 1949 1953 1958 1960 3787 40348 40459 40495 40924 40939 40945 40948 40962 40963 40982 40991 41048 41049 41050 41051 41052 41055 41065 41095 41112 41546 41550 41566 41582 41610 41615 41616 41621 41624 41718 43678 44500 44581 44602 44620 44635 44637 44641 44667 44684 44867 44882 44883 44888 44892 44899 44951 45035 45220 45388 45575 45743 45754 45770 45788 45799 45806 45809 45811 45821 45897 46064 46227 46555 46723 46724 46730 46790 46807 46808 46814 46816 46857
NODE_NUM = 199
FILE aes_xcrypt_sub_202.aig

# Subcircuit 203
SUB_ID 203
LO (30):  41055 43678 45575 46546 46552 46555 47372 48028 48031 48052 48693 48854 48875 48887 48905 48929 48932 48941 48960 48989 49022 49028 49064 49193 49271 49295 49346 49370 49382 49574
LI (51):  21 1951 1954 1969 1973 41048 41054 41092 41546 43672 43675 44681 45400 45572 46389 46469 46478 46494 46513 46521 46523 46527 46535 46558 47180 47189 47345 47351 47357 47371 47843 48016 48022 48025 48034 48037 48051 48218 48666 48684 48851 48857 48860 48874 48884 48890 48893 48904 48920 48938 48956
NODE_NUM = 196
FILE aes_xcrypt_sub_203.aig

# Subcircuit 204
SUB_ID 204
LO (35):  41065 41621 44581 44667 44882 46478 46790 47689 48016 48022 48218 48511 48517 48666 48851 48857 48874 48890 48920 49055 49088 49094 49097 49127 49130 49136 49155 49175 49178 49286 49310 49391 49481 49502 49538
LI (70):  21 1912 1967 1968 1971 1972 41052 41058 41059 41061 41063 41242 41436 41466 41490 41512 41546 41619 44521 44524 44526 44541 44577 44587 44651 44654 44656 44665 44872 44873 44874 44880 46470 46471 46476 46746 46763 46772 46773 46778 46786 47552 47563 47565 47568 47576 47604 47685 48010 48019 48215 48366 48443 48454 48462 48475 48477 48478 48502 48663 48842 48848 48914 48932 48995 49052 49079 49118 49133 49139
NODE_NUM = 200
FILE aes_xcrypt_sub_204.aig

# Subcircuit 205
SUB_ID 205
LO (35):  41063 41070 41091 41092 41093 41190 41546 41566 41718 44521 44541 44577 44587 44602 44620 44872 44951 45035 45770 45799 45806 45811 45897 46469 46470 46513 46521 46730 46807 46814 47552 47685 48443 48462 48502
LI (168):  21 41004 41006 41035 41048 41054 41058 41067 41097 41106 41114 41155 41163 41164 41186 41187 41188 41209 41212 41213 41220 41289 41296 41352 41354 41369 41372 41383 41385 41397 41398 41405 41406 41408 41410 41419 41448 41452 41454 41459 41462 41478 41534 41543 41546 41547 41549 41550 41558 41562 41565 41623 41638 41639 41644 41650 41715 44502 44503 44505 44520 44533 44535 44539 44567 44569 44570 44585 44586 44596 44597 44598 44610 44613 44614 44615 44616 44871 44887 44922 44929 44931 44941 44944 44946 44949 44958 44960 44965 44971 44980 44982 44986 45032 45758 45759 45769 45795 45802 45803 45822 45824 45827 45828 45833 45838 45839 45851 45894 45895 46390 46393 46398 46401 46404 46413 46436 46443 46445 46463 46497 46498 46503 46512 46519 46729 46776 46799 46800 46805 46812 47534 47536 47544 47546 47547 47610 47626 47627 47629 47632 47634 47636 47642 47650 47651 47653 47657 47665 47679 48369 48372 48373 48378 48382 48385 48395 48410 48411 48416 48424 48431 48436 48438 48459 48461 48485 48501
NODE_NUM = 199
FILE aes_xcrypt_sub_205.aig

# Subcircuit 206
SUB_ID 206
LO (57):  41095 41097 41107 41141 41173 41174 41176 41213 41220 41371 41372 41383 41397 41398 41547 41582 41615 41639 41715 44502 44520 44533 44597 44610 44613 44651 44899 45032 45754 45803 45833 45839 45894 46390 46413 46424 46436 46494 46497 46746 46763 46786 46812 46857 47568 47604 47632 47636 47642 47679 48395 48410 48431 48436 48454 48475 48478
LI (158):  41013 41018 41048 41052 41054 41080 41093 41094 41096 41106 41116 41117 41119 41120 41127 41128 41133 41134 41135 41136 41140 41148 41167 41168 41169 41171 41177 41186 41197 41212 41216 41217 41243 41317 41356 41359 41367 41368 41370 41381 41386 41387 41390 41394 41395 41400 41402 41404 41446 41521 41569 41570 41571 41577 41580 41612 41642 41656 41659 41660 41664 41665 41670 41679 41684 41685 41690 41694 41696 41712 41713 41714 44501 44515 44518 44532 44539 44604 44609 44611 44649 44898 44992 44994 44996 44999 45001 45014 45018 45025 45028 45031 45746 45749 45751 45832 45848 45853 45857 45860 45864 45871 45872 45878 45884 45887 45888 46406 46408 46409 46419 46427 46435 46485 46486 46492 46495 46736 46742 46744 46748 46749 46752 46753 46762 46782 46783 46819 46821 46831 46841 46843 46845 46854 46856 47591 47596 47598 47601 47640 47668 47672 47678 48387 48388 48390 48391 48402 48403 48408 48426 48430 48434 48446 48449 48451 48467 48474
NODE_NUM = 200
FILE aes_xcrypt_sub_206.aig

# Subcircuit 207
SUB_ID 207
LO (84):  41187 41188 41216 41217 41304 41317 41318 41335 41354 41356 41359 41367 41400 41402 41404 41405 41410 41569 41570 41610 41612 41684 41690 41694 41696 44503 44505 44515 44524 44567 44596 44598 44649 44873 44898 44922 44958 44971 44980 45025 45746 45749 45758 45769 45788 45838 45871 45878 46393 46398 46408 46419 46443 46471 46476 46498 46519 46723 46749 46762 46772 46799 46831 46841 47534 47536 47544 47546 47547 47563 47591 47596 47598 47626 47665 48369 48372 48373 48434 48449 48451 48459 48461 48501
LI (159):  41004 41006 41019 41021 41022 41034 41037 41039 41042 41044 41052 41054 41067 41077 41082 41084 41094 41096 41111 41113 41133 41143 41145 41161 41162 41163 41166 41173 41184 41186 41195 41207 41208 41210 41276 41294 41296 41298 41299 41306 41309 41325 41326 41327 41329 41330 41331 41340 41342 41349 41362 41363 41364 41366 41372 41378 41381 41386 41390 41404 41406 41408 41424 41501 41525 41554 41568 41597 41601 41607 41611 41683 41692 44511 44512 44513 44523 44556 44558 44560 44564 44565 44584 44591 44594 44595 44648 44894 44896 44901 44905 44913 44921 44957 44967 44969 44976 44977 44982 45020 45024 45745 45748 45757 45768 45780 45781 45786 45820 45837 45843 45866 45870 45873 45877 46396 46407 46418 46438 46442 46474 46515 46516 46718 46719 46748 46761 46765 46769 46771 46798 46826 46830 46834 46838 46840 47532 47538 47543 47555 47558 47560 47580 47582 47590 47594 47614 47615 47620 47624 47659 47664 48368 48371 48447 48457 48494 48495 48499
NODE_NUM = 200
FILE aes_xcrypt_sub_207.aig

# Subcircuit 208
SUB_ID 208
LO (82):  41362 41363 41364 41368 41369 41370 41394 41395 41419 41424 41436 41438 41444 41445 41446 41448 41469 41478 41549 41558 41565 41577 41580 41597 41607 41679 41692 41712 44501 44510 44511 44513 44517 44518 44556 44616 44635 44654 44894 44921 44929 44931 44941 44944 44946 44976 44986 44999 45018 45024 45757 45780 45786 45860 45884 45887 45888 46401 46406 46427 46463 46474 46485 46512 46534 46742 46780 46798 46805 47558 47560 47565 47585 47590 47615 47650 47664 47678 48382 48424 48446 48470
LI (139):  41004 41006 41018 41051 41054 41082 41084 41086 41094 41096 41103 41111 41113 41119 41150 41151 41153 41168 41170 41197 41206 41224 41239 41240 41241 41243 41259 41264 41371 41376 41380 41417 41423 41425 41427 41428 41429 41431 41434 41435 41437 41447 41453 41454 41458 41460 41461 41464 41466 41468 41470 41512 41515 41519 41524 41527 41555 41556 41557 41564 41576 41578 41585 41586 41590 41595 41596 41605 41616 41623 41642 41648 41672 41678 41681 41698 41703 41704 41707 41708 44510 44537 44543 44548 44549 44552 44627 44629 44631 44633 44652 44884 44917 44923 44928 44935 44940 44943 44975 44985 45017 45023 45756 45765 45771 45779 45845 45879 45883 46390 46405 46423 46424 46451 46453 46455 46457 46458 46479 46484 46506 46509 46511 46533 46738 46740 46797 46804 47556 47586 47587 47646 47648 47663 47674 47677 48420 48422 48444
NODE_NUM = 200
FILE aes_xcrypt_sub_208.aig

# Subcircuit 209
SUB_ID 209
LO (107):  41437 41452 41453 41454 41468 41501 41524 41525 41534 41543 41556 41564 41585 41595 41601 41605 41638 41644 41648 41650 41656 41659 41670 41672 41678 41698 41703 41708 41750 41775 41789 41790 41802 41818 41819 41820 41821 41822 41823 41828 41858 41899 41900 41901 41905 41906 41945 42124 42125 42126 42233 42234 42319 42320 42321 42421 43336 44523 44526 44552 44569 44665 44871 44880 44917 44928 44977 44992 45327 45357 45751 45768 45802 45832 45837 45866 45870 45873 46396 46435 46457 46484 46729 46748 46769 46771 46778 46782 46804 46840 46854 47087 47110 47543 47576 47580 47614 47640 47653 47659 47707 48402 48408 48420 48477 48494 48499
LI (141):  41005 41006 41021 41034 41040 41052 41058 41061 41072 41073 41082 41084 41091 41094 41096 41101 41105 41111 41113 41142 41149 41152 41157 41196 41204 41205 41206 41212 41223 41225 41229 41232 41235 41239 41242 41243 41244 41245 41248 41250 41252 41256 41266 41271 41298 41305 41310 41311 41323 41345 41346 41349 41350 41377 41378 41417 41433 41457 41464 41465 41482 41484 41485 41486 41491 41492 41493 41494 41504 41506 41507 41508 41510 41513 41518 41519 41521 41522 41525 41528 41533 41542 41554 41555 41562 41584 41600 41632 41635 41636 41642 41643 41647 41649 41653 41655 41657 41669 41676 41701 41745 41749 41759 41776 41788 41792 41794 41801 44551 44591 44660 44664 44870 44878 44916 44927 44990 45764 45765 45801 46429 46434 46483 46768 46776 46780 46850 46851 47571 47574 47575 47579 47613 47638 48397 48401 48407 48418 48488 48493 48498
NODE_NUM = 187
FILE aes_xcrypt_sub_209.aig

# Subcircuit 210
SUB_ID 210
LO (27):  41825 41826 42403 42498 43471 43492 43675 45220 45299 45379 48884 48904 48914 48956 49007 49079 49118 49133 49190 49214 49424 49451 49499 49526 49550 49571 49592
LI (75):  21 1911 1912 1929 1951 1955 1956 41799 41810 41812 41815 41819 41822 41823 41824 41834 41835 41849 41869 42002 42056 42109 42136 42140 42155 42207 42402 42403 42493 42494 43399 43418 43440 43459 43465 43470 43472 43481 43482 44867 45042 45214 45298 45333 45335 45378 48881 48950 48980 48995 49006 49076 49097 49115 49130 49166 49181 49196 49213 49406 49423 49430 49439 49450 49481 49487 49498 49505 49514 49525 49541 49553 49562 49577 49591
NODE_NUM = 195
FILE aes_xcrypt_sub_210.aig

# Subcircuit 211
SUB_ID 211
LO (31):  41834 42109 42207 43399 43418 45298 45385 45388 45566 45569 45572 46389 47165 47168 47171 47189 47351 47371 47837 47840 47843 48034 48212 48215 48684 48839 48842 48938 49013 49016 49319
LI (102):  21 1911 1953 1960 1965 1969 1973 41780 41785 41828 41831 41832 41866 41921 42063 42072 42074 42108 42182 42193 42199 42201 42202 42243 42403 42443 43331 43332 43337 43346 43397 43406 43413 43415 44678 44684 45233 45240 45253 45268 45270 45278 45295 45299 45306 45313 45314 45379 45400 45419 45426 45445 45448 45449 45459 45470 45481 45501 45504 45505 45512 45559 45904 45907 46064 46386 46558 47024 47026 47027 47038 47083 47101 47114 47127 47130 47131 47157 47177 47183 47186 47704 47710 47712 47717 47759 47779 47833 48074 48076 48084 48128 48135 48136 48149 48205 48712 48713 48722 48766 48835 48935
NODE_NUM = 193
FILE aes_xcrypt_sub_211.aig

# Subcircuit 212
SUB_ID 212
LO (38):  41831 41832 41849 41853 41854 41856 41869 42063 42072 42108 42402 42467 42493 43331 43346 43397 43440 43459 45278 45306 45378 45470 45481 45559 47024 47083 47101 47704 47759 47779 47833 48128 48135 48191 48205 48712 48789 48835
LI (173):  21 41771 41774 41792 41794 41806 41815 41824 41826 41828 41830 41838 41842 41844 41845 41847 41849 41855 41856 41867 41868 41878 41900 41938 41939 41967 41977 41978 41981 41984 42010 42011 42046 42059 42061 42068 42070 42071 42078 42083 42087 42095 42107 42159 42198 42202 42232 42233 42234 42243 42256 42266 42270 42273 42307 42366 42377 42401 42403 42426 42431 42435 42447 42463 42466 42468 42469 42470 42474 42477 42484 42487 43323 43326 43327 43342 43344 43349 43351 43359 43363 43365 43367 43396 43420 43424 43439 43441 43446 43448 43450 43458 45274 45275 45301 45302 45303 45340 45341 45343 45352 45353 45360 45376 45461 45466 45469 45472 45480 45508 45516 45525 45529 45531 45533 45558 47016 47019 47020 47040 47045 47047 47055 47063 47065 47081 47089 47090 47100 47691 47695 47702 47726 47728 47732 47734 47742 47745 47746 47756 47767 47777 47778 47784 47786 47790 47792 47802 47828 47829 48098 48113 48114 48115 48117 48125 48133 48159 48162 48173 48203 48694 48711 48780 48788 48791 48800 48808 48809 48814 48821 48824 48826
NODE_NUM = 200
FILE aes_xcrypt_sub_212.aig

# Subcircuit 213
SUB_ID 213
LO (52):  41855 41866 41867 41878 42056 42095 42232 42414 42426 42463 42468 42477 42484 43359 43365 43396 43406 43439 45240 45274 45295 45303 45313 45352 45426 45445 45466 45480 45501 45504 45505 45525 47019 47032 47038 47040 47100 47114 47127 47695 47710 47726 47777 47790 48065 48103 48113 48159 48173 48711 48766 48780
LI (169):  41767 41768 41769 41788 41797 41844 41858 41862 41864 41872 41874 41875 41877 41886 41892 41903 41927 41928 41930 41934 41936 41939 41940 41957 41960 41963 41966 41967 41971 41988 41992 42013 42033 42049 42054 42082 42085 42086 42087 42094 42098 42133 42155 42185 42188 42211 42213 42214 42216 42217 42218 42221 42227 42230 42250 42329 42339 42412 42413 42417 42418 42422 42423 42440 42451 42453 42455 42458 42460 42476 42478 42483 43335 43348 43355 43357 43371 43372 43379 43380 43381 43386 43394 43402 43403 43432 43437 45223 45224 45239 45273 45281 45294 45300 45308 45309 45310 45334 45348 45349 45411 45412 45415 45417 45418 45419 45424 45428 45432 45444 45465 45476 45478 45488 45491 45494 45499 45500 45502 45520 45524 47018 47031 47034 47037 47096 47097 47102 47106 47113 47118 47122 47123 47126 47690 47691 47707 47709 47720 47722 47724 47768 47769 47770 47774 47775 47788 48060 48064 48105 48108 48110 48152 48157 48169 48171 48697 48710 48738 48739 48743 48750 48751 48753 48756 48763 48771 48778 48779
NODE_NUM = 200
FILE aes_xcrypt_sub_213.aig

# Subcircuit 214
SUB_ID 214
LO (76):  41877 41886 41892 41896 41898 41903 42054 42059 42061 42074 42193 42199 42230 42256 42376 42377 42401 42412 42413 42422 42453 43326 43332 43335 43337 43355 43403 43413 43432 43458 45223 45233 45239 45253 45281 45333 45334 45335 45340 45418 45424 45449 45494 45499 45550 45558 47016 47055 47063 47081 47122 47131 47157 47691 47724 47742 47745 47770 47774 47802 47828 48074 48084 48098 48102 48125 48162 48169 48203 48694 48697 48722 48738 48763 48788 48800
LI (159):  41741 41765 41777 41778 41788 41809 41819 41823 41824 41825 41830 41864 41872 41873 41874 41883 41885 41888 41889 41897 41900 41901 41902 41912 41914 41967 41994 42003 42005 42022 42026 42037 42039 42041 42043 42044 42046 42050 42058 42103 42161 42165 42166 42185 42186 42191 42192 42194 42197 42198 42201 42217 42227 42228 42250 42251 42252 42276 42293 42323 42355 42357 42363 42367 42368 42369 42370 42374 42375 42377 42388 42399 42406 42410 42467 43321 43325 43336 43407 43409 43410 43426 43429 43431 43453 43457 45222 45229 45231 45232 45236 45238 45242 45246 45247 45248 45249 45320 45322 45323 45332 45339 45423 45497 45542 45545 45547 45556 47015 47050 47054 47059 47060 47068 47073 47080 47088 47141 47148 47151 47152 47690 47735 47740 47743 47796 47801 47812 47815 47817 47826 48056 48072 48080 48082 48090 48091 48096 48119 48124 48161 48168 48188 48194 48197 48198 48716 48718 48719 48730 48733 48734 48759 48762 48782 48784 48787 48794 48799
NODE_NUM = 200
FILE aes_xcrypt_sub_214.aig

# Subcircuit 215
SUB_ID 215
LO (83):  41897 41912 41914 41921 41927 42022 42050 42107 42136 42140 42201 42266 42270 42276 42307 42375 42435 42440 42447 42451 42476 43323 43342 43344 43379 43386 43394 43402 43415 43424 43472 43481 45242 45246 45294 45314 45320 45322 45332 45376 45444 45497 45502 45512 45529 45531 47018 47050 47068 47080 47096 47097 47106 47130 47148 47702 47720 47728 47735 47778 47784 47815 47826 48076 48080 48082 48090 48105 48149 48152 48188 48197 48710 48716 48719 48730 48731 48743 48759 48778 48805 48814 48821
LI (151):  41770 41771 41772 41774 41780 41783 41793 41795 41796 41800 41810 41819 41821 41830 41862 41901 41905 41906 41915 41916 41920 41924 41925 41926 41989 41995 41999 42002 42008 42013 42014 42015 42017 42018 42049 42092 42104 42105 42106 42115 42116 42119 42120 42121 42128 42129 42130 42133 42135 42140 42147 42173 42200 42211 42226 42233 42242 42245 42248 42260 42263 42265 42269 42271 42272 42273 42274 42278 42279 42281 42282 42284 42285 42288 42292 42293 42301 42304 42305 42311 42352 42356 42386 42414 42416 42421 42433 42437 42439 42441 42445 42449 43320 43322 43341 43377 43384 43388 43393 43422 43475 43480 45244 45248 45290 45321 45328 45330 45368 45371 45372 45434 45436 45442 45443 45508 45509 45527 47077 47095 47105 47128 47144 47146 47701 47708 47783 47820 47825 48079 48086 48088 48100 48104 48140 48144 48148 48176 48178 48187 48195 48702 48704 48709 48726 48727 48741 48810 48812 48817 48819
NODE_NUM = 200
FILE aes_xcrypt_sub_215.aig

# Subcircuit 216
SUB_ID 216
LO (114):  41920 41930 41934 41936 41938 41939 41946 41948 41949 41950 41984 41992 41995 42008 42013 42078 42092 42094 42098 42103 42104 42105 42106 42128 42129 42130 42133 42175 42176 42177 42178 42179 42180 42285 42288 42324 42325 42326 42327 42328 42329 42330 42339 42355 42406 42443 42445 42460 42487 43341 43349 43371 43381 43393 43409 43420 43436 43457 43465 43480 45222 45248 45268 45290 45321 45339 45347 45368 45371 45372 45412 45419 45423 45442 45448 45516 45527 45542 45545 47026 47034 47037 47045 47077 47090 47113 47118 47144 47151 47732 47756 47768 47788 47801 47812 48060 48086 48088 48110 48115 48140 48148 48157 48161 48171 48176 48178 48702 48709 48725 48739 48771 48782 48808
LI (116):  21 41741 41763 41767 41768 41769 41774 41780 41783 41786 41788 41792 41794 41800 41804 41818 41824 41826 41830 41837 41838 41845 41856 41858 41862 41864 41905 41937 41962 41971 41976 41983 41989 41994 41998 41999 42007 42012 42018 42068 42069 42070 42082 42085 42086 42101 42102 42124 42125 42126 42158 42169 42210 42228 42260 42262 42291 42295 42296 42313 42316 42323 42331 42350 42352 42359 42410 42429 42441 42444 42486 43336 43348 43369 43392 43407 43430 43456 43461 43463 43479 45254 45259 45260 45263 45286 45287 45365 45366 45370 45440 45446 45491 45515 45540 47025 47033 47044 47052 47075 47108 47111 47143 47150 47731 47752 47753 47767 47800 47810 48147 48156 48701 48708 48804 48805
NODE_NUM = 200
FILE aes_xcrypt_sub_216.aig

# Subcircuit 217
SUB_ID 217
LO (116):  41957 41960 41962 41963 41976 41981 41983 41988 41989 41999 42005 42007 42014 42083 42115 42116 42169 42173 42182 42185 42186 42188 42192 42228 42260 42262 42263 42269 42299 42301 42304 42305 42311 42313 42316 42331 42350 42352 42410 42429 42431 42458 42486 43320 43322 43327 43348 43363 43369 43384 43392 43407 43410 43422 43437 43461 43479 45224 45231 45249 45286 45287 45310 45328 45348 45360 45365 45366 45370 45415 45432 45436 45440 45459 45476 45488 45515 45540 45556 47015 47025 47027 47033 47052 47054 47095 47102 47108 47111 47123 47141 47143 47701 47722 47752 47783 47800 47810 47820 47825 48056 48072 48079 48096 48108 48187 48194 48198 48707 48726 48727 48750 48791 48804 48810 48822
LI (125):  41741 41760 41763 41764 41765 41767 41769 41770 41774 41777 41780 41781 41783 41786 41788 41789 41792 41794 41800 41804 41822 41824 41830 41837 41844 41854 41862 41864 41937 41940 41945 41946 41949 41950 41959 41966 41967 41969 41971 41972 41973 41975 41979 41997 41998 42002 42003 42069 42081 42082 42120 42121 42144 42145 42150 42168 42175 42177 42178 42179 42180 42190 42191 42202 42210 42226 42238 42247 42265 42267 42268 42274 42298 42300 42303 42319 42322 42326 42329 42330 42356 42360 42383 42386 42390 42457 43321 43362 43426 43436 45229 45301 45310 45327 45347 45355 45359 45413 45431 45440 45455 45457 45487 45539 45552 45554 47053 47110 47140 47751 47805 47809 47824 48065 48068 48094 48107 48183 48185 48190 48191 48725 48747 48789 48803
NODE_NUM = 200
FILE aes_xcrypt_sub_217.aig

# Subcircuit 218
SUB_ID 218
LO (135):  42017 42018 42037 42039 42041 42043 42046 42049 42058 42168 42197 42198 42200 42202 42210 42211 42213 42214 42238 42242 42243 42245 42247 42248 42250 42265 42267 42268 42274 42322 42323 42360 42366 42367 42370 42374 42399 42418 42423 42433 42449 42457 42466 42478 42483 42499 42509 42520 42530 42542 42552 42571 42581 42627 42751 42752 42768 42770 42799 42801 42809 42921 42922 42923 42967 42969 42971 43074 43075 43076 43095 43097 43098 43126 43128 43135 43173 43175 43176 43372 43453 43475 43656 45052 45134 45229 45232 45244 45263 45349 45355 45411 45431 45455 45487 45508 45509 45552 45916 45948 46274 46304 46305 46306 46315 47020 47031 47053 47059 47060 47065 47708 47709 47712 47717 47731 47740 47743 47786 47792 47824 48064 48091 48094 48133 48144 48183 48190 48548 48704 48713 48747 48803 48817 48826
LI (145):  18 1914 1916 1918 1920 1922 1924 1926 1928 3787 41741 41763 41767 41769 41781 41783 41788 41792 41794 41800 41804 41812 41815 41819 41824 41828 41862 41864 41872 41888 41896 41899 41906 41915 41946 41971 42001 42023 42024 42025 42026 42027 42036 42120 42155 42158 42159 42160 42161 42163 42166 42167 42194 42220 42234 42242 42247 42251 42302 42320 42321 42328 42329 42357 42359 42361 42362 42363 42368 42369 42374 42376 42386 42388 42392 42394 42396 42416 42417 42421 42422 42465 42600 42619 42633 42651 42652 42663 42669 42680 42748 42749 42750 42755 42763 42767 42769 42778 42793 42794 42797 42798 42808 42812 42838 42875 42909 42916 42919 42920 42939 42956 42963 42966 42968 43003 43069 43072 43073 43083 43091 43094 43096 43115 43122 43125 43127 43174 43426 45261 45335 45453 45550 47064 47087 47110 47707 47738 47791 48062 48103 48142 48181 48746 48816
NODE_NUM = 199
FILE aes_xcrypt_sub_218.aig

# Subcircuit 219
SUB_ID 219
LO (69):  42630 42631 42647 42649 42650 42706 42707 42711 42718 42719 42728 42733 42735 42736 42748 42790 42791 42792 42793 42817 42818 42845 42846 42875 42887 42888 42892 42909 42953 42954 42955 42956 42961 42962 42963 43042 43043 43223 43318 43520 43544 43632 44684 45046 45140 45987 46231 46383 46386 46670 46717 47183 47186 47402 47531 48019 48550 48881 48950 48995 49046 49115 49166 49439 49475 49514 49541 49577 49591
LI (100):  21 1948 1952 1955 1962 1966 42541 42594 42600 42603 42610 42611 42624 42626 42628 42646 42648 42663 42679 42680 42697 42704 42705 42710 42716 42717 42727 42729 42732 42734 42737 42744 42749 42785 42788 42789 42812 42815 42816 42826 42842 42844 42849 42857 42873 42878 42885 42886 42891 42908 42948 42951 42952 42959 42960 43041 43135 43152 43153 43172 43200 43207 43212 43213 43314 45388 45391 46227 46303 46306 46308 46318 46377 46574 46642 46649 46657 46710 47174 47180 47451 47471 47479 47482 47484 47493 47523 48878 48974 48989 48992 49010 49019 49034 49045 49436 49457 49463 49538 49574
NODE_NUM = 199
FILE aes_xcrypt_sub_219.aig

# Subcircuit 220
SUB_ID 220
LO (38):  42663 42664 42665 42679 42714 42715 42716 42717 42832 42834 42842 43089 43091 43092 43094 43096 43152 43172 43232 43314 43621 43669 43672 45211 45214 45983 45984 46061 46064 46303 46318 46323 46325 46695 47382 47440 48582 48613
LI (134):  21 1929 1952 1957 42584 42587 42591 42596 42601 42602 42606 42612 42614 42620 42622 42625 42632 42635 42638 42640 42641 42643 42646 42659 42660 42662 42676 42684 42686 42718 42721 42722 42724 42728 42817 42828 42830 42837 42841 42910 43095 43114 43126 43135 43142 43147 43153 43157 43162 43171 43174 43226 43229 43230 43241 43245 43263 43265 43269 43277 43286 43309 43507 43514 43515 43516 43522 43531 43533 43537 43546 43575 43581 43583 43592 43617 43620 43622 43626 43629 43634 43660 45046 45054 45062 45063 45073 45080 45086 45095 45124 45147 45150 45152 45161 45165 45167 45176 45179 45186 45190 45193 45195 45201 45919 45934 45936 45937 45941 45950 45962 45969 45970 45975 45988 45997 46012 46017 46022 46031 46053 46246 46258 46260 46262 46271 46283 46286 46290 46292 46297 46313 46317 46324
NODE_NUM = 200
FILE aes_xcrypt_sub_220.aig

# Subcircuit 221
SUB_ID 221
LO (69):  42676 42680 42681 42683 42687 42697 42757 42763 42769 42857 42958 42959 42960 42965 42966 42968 42980 42981 42983 42985 42986 43003 43138 43140 43142 43171 43212 43256 43263 43277 43493 43507 43522 43575 43581 43592 43606 43617 43660 45068 45073 45124 45150 45161 45165 45179 45201 45913 45919 45934 45964 46012 46038 46270 46283 46321 46329 46377 46571 46599 46642 46694 47451 47467 47523 48540 48571 48660 48663
LI (140):  21 1970 42540 42584 42587 42591 42596 42601 42606 42612 42614 42620 42622 42625 42635 42668 42669 42673 42675 42684 42686 42696 42702 42705 42726 42727 42750 42752 42753 42770 42797 42851 42852 42856 42945 42950 42952 42954 42961 42966 42967 42969 42979 42992 42995 42997 43002 43135 43136 43138 43170 43205 43208 43209 43227 43244 43245 43250 43251 43253 43255 43259 43261 43272 43274 43496 43506 43520 43554 43560 43565 43566 43569 43571 43586 43587 43591 43595 43596 43598 43604 43605 43615 43644 43647 43648 43658 45059 45067 45068 45069 45103 45110 45114 45122 45140 45148 45160 45163 45198 45911 45912 45917 45921 45923 45933 45999 46004 46011 46036 46274 46282 46336 46351 46359 46366 46369 46370 46576 46580 46641 47394 47405 47419 47420 47425 47433 47447 47496 47498 47507 47522 48535 48546 48559 48560 48565 48573 48588 48656
NODE_NUM = 200
FILE aes_xcrypt_sub_221.aig

# Subcircuit 222
SUB_ID 222
LO (97):  42684 42695 42696 42777 42778 42804 42805 42808 42821 42826 42851 42895 42899 42908 42914 42916 42938 42939 43012 43013 43032 43034 43049 43051 43069 43081 43082 43083 43121 43122 43136 43166 43167 43170 43193 43200 43205 43207 43208 43226 43227 43229 43241 43250 43255 43269 43286 43309 43496 43506 43531 43586 43591 43598 43626 43629 45054 45095 45122 45147 45148 45152 45155 45160 45163 45176 45911 45912 45917 45927 45933 45941 45950 45991 45997 46004 46017 46022 46031 46053 46232 46238 46243 46251 46347 46588 46595 46601 46651 46678 46704 47373 47476 47490 48522 48551 48607
LI (141):  21 42541 42589 42590 42594 42595 42600 42603 42610 42615 42633 42640 42651 42656 42675 42692 42694 42711 42729 42737 42749 42755 42773 42775 42776 42784 42785 42791 42794 42802 42803 42806 42812 42820 42825 42828 42847 42849 42861 42866 42878 42884 42894 42897 42898 42907 42912 42913 42918 42926 42927 42928 42934 42937 42948 42955 42962 43006 43009 43011 43019 43020 43022 43028 43031 43033 43041 43044 43046 43047 43048 43058 43067 43079 43080 43097 43107 43109 43117 43118 43119 43128 43187 43192 43194 43197 43203 43204 43223 43224 43228 43235 43240 43249 43268 43281 43283 43290 43294 43299 43303 43305 43307 43495 43498 43499 43511 43525 43530 43587 43613 43624 45048 45053 45090 45093 45094 45116 45121 45131 45134 45142 45159 45172 45173 45909 45916 45932 45946 45948 45990 45992 45996 46013 46020 46030 46037 46038 46043 46047 46049
NODE_NUM = 200
FILE aes_xcrypt_sub_222.aig

# Subcircuit 223
SUB_ID 223
LO (70):  42692 42694 42702 42704 42705 42710 42726 42727 42732 42734 42926 42927 42928 42934 42935 42937 43187 43197 43245 43272 43530 43554 43565 43571 43595 43596 43613 43615 43624 45062 45103 45114 45167 45173 45193 45909 45962 45969 46011 46030 46037 46041 46043 46258 46260 46271 46282 46308 46336 46351 46352 46359 46366 46580 46641 46710 47394 47419 47423 47433 47447 47484 47496 47507 47516 48525 48546 48573 48627 48656
LI (163):  21 42541 42591 42596 42604 42607 42608 42612 42614 42620 42621 42622 42625 42626 42635 42644 42645 42674 42686 42687 42701 42706 42707 42714 42722 42723 42724 42725 42729 42733 42740 42750 42790 42793 42820 42836 42869 42879 42887 42890 42894 42902 42904 42917 42932 42946 42960 43030 43038 43053 43054 43055 43106 43135 43144 43160 43166 43179 43181 43185 43193 43196 43256 43511 43550 43552 43564 43611 43612 45057 45061 45067 45099 45100 45113 45192 45928 45953 45957 45961 45965 45967 46006 46007 46008 46029 46034 46036 46042 46235 46252 46255 46267 46270 46278 46280 46332 46339 46350 46353 46357 46362 46364 46367 46577 46578 46595 46597 46600 46603 46610 46612 46615 46624 46625 46629 46630 46633 46635 46662 46663 46667 46671 46672 46674 46683 46708 46709 47375 47378 47380 47382 47391 47406 47408 47410 47418 47429 47431 47436 47438 47446 47503 47505 48538 48540 48544 48568 48572 48595 48602 48603 48611 48614 48623 48630 48633 48635 48639 48641 48649 48650 48651
NODE_NUM = 200
FILE aes_xcrypt_sub_223.aig

# Subcircuit 224
SUB_ID 224
LO (79):  42740 42744 42749 42750 42753 42755 42773 42775 42776 42797 42798 42802 42803 42806 42844 42847 42849 42852 42869 42873 42945 42946 42948 42950 42951 42952 43147 43181 43209 43283 43290 43303 43511 43514 43515 43550 43560 43604 43622 43644 45069 45099 45113 45131 45159 45190 45921 45946 45953 45965 45967 45990 46034 46042 46255 46290 46297 46332 46350 46353 46597 46610 46624 46708 47391 47405 47406 47420 47471 47522 48535 48544 48559 48560 48565 48572 48623 48630 48633
LI (117):  42584 42587 42591 42596 42601 42602 42606 42612 42614 42620 42622 42625 42635 42668 42686 42737 42742 42751 42757 42770 42794 42799 42804 42805 42824 42845 42855 42865 42866 42868 42887 42890 42894 42902 42932 42935 42953 42958 42961 42976 42978 42985 42988 42992 42996 42999 43034 43076 43082 43144 43145 43167 43208 43213 43282 43288 43301 43510 43512 43549 43602 43605 43612 43639 43640 43641 43643 45097 45137 45158 45189 45920 45944 45964 46254 46288 46326 46330 46349 46590 46591 46596 46609 46621 46623 46688 46690 46692 46693 46696 46698 46705 46706 47388 47397 47400 47402 47455 47456 47460 47464 47468 47491 47515 47516 47520 48520 48523 48529 48553 48555 48556 48563 48571 48622 48626 48627
NODE_NUM = 178
FILE aes_xcrypt_sub_224.aig

# Subcircuit 225
SUB_ID 225
LO (113):  42812 42815 42816 42836 42837 42838 42841 42886 42890 42891 42894 42897 42898 42902 42904 42907 42910 42912 42913 42917 42918 42919 42920 43009 43011 43019 43020 43044 43067 43070 43071 43072 43073 43077 43078 43079 43080 43153 43174 43178 43185 43192 43194 43203 43224 43249 43274 43281 43299 43301 43510 43516 43525 43552 43564 43569 43634 43643 43647 43658 45053 45059 45061 45080 45097 45110 45158 45172 45186 45192 45195 45936 45944 45957 45975 45988 46013 46049 46246 46278 46292 46313 46324 46339 46349 46364 46369 46574 46576 46577 46591 46603 46609 46633 46649 46657 46677 47378 47431 47446 47456 47464 47503 47505 47520 48520 48529 48538 48588 48595 48611 48639 48649
LI (127):  42540 42584 42587 42591 42596 42597 42601 42606 42612 42614 42615 42620 42622 42625 42626 42631 42632 42633 42635 42647 42648 42674 42686 42721 42725 42742 42752 42766 42789 42824 42825 42830 42832 42855 42866 42878 42880 42882 42899 42903 42905 42914 42921 42994 43001 43006 43012 43017 43023 43026 43039 43040 43043 43054 43057 43059 43089 43092 43096 43105 43114 43127 43140 43145 43173 43176 43184 43188 43189 43202 43204 43280 43509 43512 43632 43646 43652 43657 45052 45060 45068 45079 45155 45171 45182 45185 45935 45956 45974 45984 45987 45991 46237 46238 46243 46244 46277 46304 46305 46312 46337 46347 46367 46571 46574 46588 46601 46631 46648 46653 46655 47376 47440 47445 47462 48518 48525 48526 48537 48575 48579 48587 48608 48610 48637 48645 48647
NODE_NUM = 200
FILE aes_xcrypt_sub_225.aig

# Subcircuit 226
SUB_ID 226
LO (79):  43106 43107 43115 43117 43118 43119 43125 43127 43144 43157 43160 43162 43179 43204 43230 43240 43259 43280 43288 43294 43325 43431 43446 43448 43456 43470 43498 43533 43537 43546 43611 43620 43639 43652 43657 43679 43689 43708 43718 43722 43732 43743 43753 43835 43839 44306 44307 44399 44500 44864 44867 45093 45121 45171 45740 45743 45923 45999 46170 46224 46227 46235 46237 46267 46590 46612 46629 46683 46940 46995 47008 47321 47418 47479 47491 47493 48553 48602 49610
LI (178):  18 21 1932 1934 1936 1938 1940 1942 1944 1946 1947 1950 1956 1959 3787 41820 41945 41973 42030 42147 42325 42381 42422 42589 42591 42596 42616 42620 42621 42622 42623 42625 42628 42634 42637 42640 42645 42648 42651 42652 42653 42654 42655 42657 42662 42686 42719 42723 42736 42768 42782 42784 42786 42789 42790 42799 42801 42809 42854 42879 42888 42971 42974 43001 43022 43027 43030 43043 43047 43071 43073 43074 43075 43080 43103 43104 43105 43110 43112 43113 43114 43121 43125 43128 43153 43155 43156 43175 43178 43235 43238 43239 43429 43430 43444 43468 43469 43509 43544 43545 43606 43621 43656 43796 43798 43821 43831 43832 43833 43834 43915 43921 44061 44116 44210 44259 44282 44297 44304 44305 44336 44397 44424 44428 44431 44441 44490 44492 44695 44700 44702 44777 44799 44816 44841 44842 44855 45119 45140 45654 45735 45929 46087 46100 46114 46116 46124 46140 46159 46166 46168 46169 46176 46217 46233 46234 46587 46589 46679 46680 46878 46892 46893 46901 46909 46935 46991 46992 47413 47417 47472 47477 47489 47490 48548 48552 48597 48599
NODE_NUM = 200
FILE aes_xcrypt_sub_226.aig

# Subcircuit 227
SUB_ID 227
LO (29):  43887 44061 44137 44210 44397 44431 44490 44695 44777 44799 44816 45654 45735 46100 46114 46159 46176 46878 46892 47013 47174 47180 47342 47345 48010 48249 48363 48366 49613
LI (151):  21 1961 1964 1968 1972 43721 43808 43814 43819 43849 43861 43865 43876 43879 43881 43885 43888 43890 43910 43939 43946 43976 44059 44062 44065 44067 44071 44088 44107 44134 44135 44142 44143 44153 44161 44162 44165 44180 44207 44208 44225 44238 44277 44351 44362 44363 44364 44372 44395 44399 44413 44430 44457 44458 44463 44489 44691 44693 44698 44725 44739 44742 44743 44775 44787 44788 44793 44796 44803 44805 44815 45578 45580 45582 45583 45584 45653 45657 45661 45672 45690 45702 45704 45708 45732 45734 46090 46099 46102 46106 46113 46151 46154 46157 46175 46871 46873 46876 46881 46882 46887 46891 46940 46954 46956 46957 46961 46963 47005 47008 47177 47190 47192 47193 47197 47263 47266 47269 47274 47292 47294 47302 47310 47333 47335 47868 47869 47878 47879 47893 47908 47913 47915 47919 47946 47954 47956 47961 47968 47998 48003 48241 48248 48297 48306 48314 48315 48319 48326 48333 48354
NODE_NUM = 200
FILE aes_xcrypt_sub_227.aig

# Subcircuit 228
SUB_ID 228
LO (76):  43885 43888 43899 43903 43904 43905 43906 43908 43910 43949 44023 44059 44062 44075 44088 44135 44140 44141 44142 44143 44162 44376 44378 44380 44381 44384 44387 44391 44395 44413 44414 44424 44457 44482 44489 44700 44702 44739 44775 44787 44788 44841 45584 45653 45672 45681 45690 45702 45732 46087 46106 46113 46116 46124 46129 46145 46161 46175 46197 46879 46882 46907 46935 46944 46963 46977 47196 47227 47263 47325 47886 47948 47966 48250 48272 48297
LI (135):  43721 43767 43771 43774 43784 43786 43791 43794 43796 43802 43809 43814 43818 43824 43828 43840 43851 43854 43855 43858 43860 43864 43865 43895 43896 43897 43947 43948 43953 43954 43965 43971 44006 44018 44019 44021 44022 44028 44057 44058 44070 44074 44077 44079 44086 44102 44138 44142 44217 44240 44243 44326 44327 44355 44361 44375 44377 44399 44409 44412 44420 44422 44443 44448 44456 44473 44474 44479 44485 44699 44731 44734 44736 44750 44752 44758 44766 44769 44781 44783 44785 44823 44824 44829 44834 44835 44838 45607 45616 45619 45621 45627 45628 45634 45642 45645 45646 45668 45670 45680 45688 45695 45698 45716 45717 45722 45730 46077 46082 46083 46105 46108 46112 46118 46123 46128 46174 46890 46919 46921 46925 46933 47212 47217 47218 47223 47232 47261 48239 48249 48263 48266 48268 48277 48292
NODE_NUM = 200
FILE aes_xcrypt_sub_228.aig

# Subcircuit 229
SUB_ID 229
LO (56):  43939 43948 44153 44207 44225 44259 44362 44363 44372 44409 44422 44463 44750 44758 44781 44783 44805 44823 45580 45582 45607 45619 45621 45627 45668 45670 45680 45716 46082 46090 46217 46871 46876 46891 46954 46961 47005 47261 47274 47292 47302 47333 47868 47893 47908 47946 47954 47998 48239 48248 48263 48266 48268 48306 48314 48326
LI (170):  43767 43771 43774 43806 43815 43818 43822 43826 43827 43828 43832 43849 43872 43881 43914 43920 43922 43924 43926 43936 43937 43938 43943 43947 43961 44035 44036 44112 44126 44145 44147 44148 44171 44183 44184 44185 44192 44199 44206 44212 44215 44221 44223 44227 44229 44231 44238 44258 44262 44291 44295 44296 44302 44306 44341 44353 44355 44358 44361 44369 44370 44404 44408 44417 44418 44420 44462 44749 44756 44782 44792 44818 44822 45576 45577 45578 45598 45605 45617 45625 45667 45676 45678 45681 45684 45712 45715 46076 46081 46089 46148 46180 46182 46186 46189 46190 46191 46200 46207 46210 46211 46216 46866 46867 46875 46890 46906 46945 46953 46960 46980 46982 46983 46987 47003 47235 47239 47244 47245 47248 47250 47259 47272 47279 47280 47291 47296 47301 47313 47314 47317 47332 47849 47851 47855 47857 47865 47884 47885 47886 47891 47896 47897 47907 47930 47931 47944 47953 47983 47990 47993 47994 48224 48225 48237 48245 48250 48255 48256 48257 48259 48260 48265 48300 48304 48308 48309 48312 48322 48325
NODE_NUM = 199
FILE aes_xcrypt_sub_229.aig

# Subcircuit 230
SUB_ID 230
LO (80):  43943 43946 43947 43953 43954 43971 44161 44168 44180 44238 44240 44243 44258 44353 44355 44358 44360 44361 44404 44408 44458 44485 44725 44736 44742 44769 44785 44796 44855 45576 45617 45628 45645 45678 45708 45722 45730 46077 46081 46128 46140 46146 46151 46154 46157 46166 46180 46189 46867 46881 46919 46933 46953 46980 46991 47003 47192 47193 47197 47212 47223 47239 47269 47280 47310 47332 47849 47851 47907 47915 47968 47983 47994 48224 48237 48245 48260 48285 48325 48354
LI (133):  43721 43742 43767 43771 43774 43784 43786 43791 43794 43796 43802 43809 43814 43824 43828 43840 43841 43842 43843 43851 43866 43870 43877 43878 43897 43925 43963 43965 43969 44073 44078 44129 44140 44142 44147 44164 44169 44170 44171 44172 44173 44195 44211 44219 44228 44247 44255 44256 44257 44307 44313 44318 44364 44367 44369 44370 44378 44407 44412 44482 44697 44708 44710 44716 44724 44740 44767 44791 44846 44854 45644 45659 45683 45706 45721 45726 46072 46076 46079 46129 46132 46138 46145 46150 46153 46160 46162 46163 46178 46879 46913 46915 46918 46927 46932 46952 46972 46973 46978 46989 46995 46998 47190 47196 47203 47207 47209 47221 47238 47304 47309 47319 47323 47324 47327 47328 47848 47901 47906 47967 47975 47981 48222 48229 48230 48236 48243 48324 48339 48340 48345 48348 48350
NODE_NUM = 200
FILE aes_xcrypt_sub_230.aig

# Subcircuit 231
SUB_ID 231
LO (100):  43961 43963 43976 44006 44033 44035 44057 44083 44086 44090 44094 44096 44097 44100 44101 44102 44107 44183 44184 44185 44192 44199 44206 44247 44248 44257 44420 44427 44428 44448 44462 44473 44479 44697 44699 44706 44708 44716 44749 44752 44803 44812 44815 44829 44838 44846 45598 45616 45625 45642 45646 45661 45665 45667 45683 45684 45688 45695 45704 45706 46094 46099 46102 46108 46123 46132 46138 46150 46167 46168 46182 46193 46200 46207 46872 46873 46887 46890 46901 46906 46909 46913 46932 46956 46957 46960 46972 46998 47217 47250 47257 47272 47291 47878 47912 47944 47956 47970 48222 48333
LI (129):  21 43721 43742 43767 43769 43771 43774 43777 43784 43786 43791 43794 43796 43802 43805 43809 43811 43814 43818 43821 43822 43824 43826 43828 43847 43851 43879 43892 43897 43908 43921 43924 43958 43962 43978 43980 43989 43997 44042 44053 44054 44056 44106 44121 44182 44190 44191 44196 44200 44202 44203 44218 44249 44254 44255 44256 44263 44265 44276 44290 44295 44298 44300 44312 44328 44331 44333 44335 44360 44376 44426 44435 44437 44447 44467 44468 44478 44698 44707 44718 44802 44810 44811 44828 44835 44845 45590 45592 45597 45603 45609 45612 45638 45640 45659 45666 45682 45685 45687 45692 46096 46097 46122 46131 46137 46148 46194 46198 46203 46205 46886 46898 46905 46907 46931 46967 46968 46970 46996 47215 47287 47288 47874 47876 47935 47939 47943 47966 48332
NODE_NUM = 200
FILE aes_xcrypt_sub_231.aig

# Subcircuit 232
SUB_ID 232
LO (95):  43980 43989 43997 44014 44016 44018 44019 44020 44021 44022 44024 44025 44028 44053 44054 44056 44065 44067 44312 44313 44318 44327 44328 44341 44351 44375 44407 44441 44443 44447 44474 44478 44698 44731 44740 44743 44766 44811 44824 44828 44835 44842 45590 45605 45609 45612 45657 45659 45676 45687 45692 46072 46076 46118 46148 46202 46205 46210 46886 46896 46918 46931 46945 46952 46978 46987 47203 47215 47259 47287 47301 47304 47309 47317 47319 47848 47891 47906 47913 47931 47943 47961 47967 47975 47981 47990 48225 48236 48255 48288 48292 48300 48308 48319 48332
LI (106):  21 43721 43767 43771 43774 43775 43784 43786 43789 43791 43794 43796 43799 43802 43808 43809 43814 43824 43828 43847 43848 43851 43864 43878 43879 43892 43893 43895 43896 43897 43977 43978 43982 43983 43984 43991 43993 43995 44013 44015 44016 44023 44026 44033 44069 44071 44072 44073 44216 44323 44324 44325 44326 44327 44329 44331 44332 44333 44335 44336 44364 44381 44384 44391 44435 44439 44719 44760 44765 44808 45589 45601 45603 45611 45674 45685 46095 46866 46944 46951 46977 47190 47202 47214 47258 47286 47300 47307 47890 47904 47910 47912 47942 47960 47966 47970 47974 47979 47986 47988 48235 48253 48281 48291 48298 48331
NODE_NUM = 200
FILE aes_xcrypt_sub_232.aig

# Subcircuit 233
SUB_ID 233
LO (108):  44042 44106 44134 44148 44171 44172 44191 44223 44262 44263 44265 44282 44290 44291 44295 44296 44297 44298 44300 44302 44304 44305 44367 44369 44370 44412 44418 44430 44435 44439 44456 44467 44539 44543 44551 44560 44585 44595 44609 44627 44631 44633 44637 44641 44648 44652 44664 44707 44718 44724 44734 44756 44760 44765 44782 44818 44845 44854 45592 45597 45634 45638 45644 45666 45712 45717 45726 45883 46083 46089 46112 46131 46137 46169 46186 46194 46821 46875 46905 46982 46983 47207 47209 47235 47238 47244 47248 47279 47286 47313 47314 47327 47855 47865 47876 47896 47935 47942 47953 48235 48241 48243 48257 48277 48304 48309 48339 48348
LI (156):  41012 41038 41041 41043 41060 41109 41119 41128 41164 41178 41196 41201 41210 41241 41259 41263 41271 41305 41325 41331 41388 41406 41430 41490 41516 41522 43721 43767 43771 43772 43774 43779 43781 43784 43785 43786 43791 43792 43796 43797 43809 43813 43814 43815 43817 43824 43829 43831 43832 43849 43850 43851 43853 43857 43858 43867 43869 43872 43873 43897 43916 43918 43919 44028 44037 44038 44040 44096 44110 44111 44113 44114 44115 44118 44119 44121 44124 44125 44126 44128 44130 44131 44132 44133 44137 44145 44183 44190 44213 44226 44227 44229 44230 44231 44253 44262 44266 44268 44271 44273 44274 44275 44277 44280 44296 44300 44306 44411 44417 44433 44437 44438 44455 44466 44537 44538 44583 44584 44593 44594 44607 44608 44626 44632 44663 44719 44720 44722 44732 44763 45589 45596 45637 45725 45882 46094 46111 46161 46193 46820 47206 47242 47246 47278 47325 47853 47864 47869 47894 47941 47949 47951 48273 48275 48303 48337
NODE_NUM = 200
FILE aes_xcrypt_sub_233.aig

# Subcircuit 234
SUB_ID 234
LO (138):  44802 44822 44834 44878 44892 44905 44913 44923 44927 44967 44975 45001 45014 45023 45028 45048 45063 45079 45086 45090 45100 45116 45119 45142 45182 45185 45254 45259 45261 45270 45301 45302 45359 45428 45461 45491 45520 45524 45539 45554 45596 45601 45603 45674 45745 45748 45759 45779 45795 45822 45843 45851 45853 45877 45928 45932 45937 45956 45961 45970 45996 46007 46029 46036 46097 46162 46198 46203 46211 46233 46252 46262 46277 46280 46286 46288 46317 46326 46330 46337 46357 46362 46367 46370 46405 46407 46423 46434 46442 46445 46451 46453 46479 46483 46486 46492 46503 46509 46516 46523 46527 46535 46589 46596 46600 46621 46623 46625 46635 46653 46655 46662 46663 46671 46672 46674 46679 46680 46688 46692 46696 46705 46718 46724 46738 46752 46761 46768 46773 46776 46783 46800 46818 47397 47400 47413 47482 47677
LI (302):  40996 41012 41030 41033 41038 41041 41050 41061 41075 41078 41083 41091 41100 41112 41117 41118 41120 41122 41123 41126 41134 41136 41144 41146 41166 41170 41173 41174 41181 41185 41199 41201 41206 41226 41227 41232 41245 41251 41257 41260 41264 41265 41266 41267 41268 41272 41292 41293 41294 41297 41306 41310 41324 41329 41330 41341 41342 41343 41344 41348 41372 41378 41379 41385 41387 41427 41464 41465 41469 41489 41494 41504 41533 41635 41642 41681 41682 41765 41784 41796 41812 41813 41814 41815 41821 41898 41900 41950 42027 42102 42124 42143 42145 42178 42279 42327 42357 42358 42389 42392 42395 42604 42607 42613 42628 42636 42641 42646 42649 42653 42656 42661 42664 42683 42687 42695 42715 42717 42719 42735 42736 42770 42777 42782 42783 42787 42792 42809 42818 42829 42830 42846 42860 42864 42867 42881 42892 42899 42914 42921 42923 42938 42976 42980 42983 42985 42986 42990 43023 43024 43033 43038 43040 43041 43045 43049 43058 43070 43074 43076 43078 43079 43080 43101 43102 43104 43108 43109 43110 43122 43126 43138 43153 43189 43202 43205 43227 43238 43239 43499 43656 43769 43852 43860 43866 43871 43903 44014 44019 44020 44072 44438 44510 44513 44530 44586 44593 44604 44611 44614 44710 44719 44721 44801 44809 44821 44832 44874 44886 44904 44909 44911 44957 44964 44965 44974 44985 45012 45013 45046 45068 45137 45139 45140 45184 45257 45300 45357 45358 45523 45538 45756 45774 45778 45792 45794 45820 45821 45845 45846 45848 45850 45913 45929 45930 45960 46095 46096 46160 46161 46196 46197 46201 46202 46231 46232 46251 46254 46315 46320 46321 46325 46328 46329 46355 46356 46361 46403 46404 46421 46432 46449 46450 46490 46501 46502 46526 46529 46530 46534 46587 46588 46595 46599 46620 46651 46659 46660 46670 46677 46678 46694 46695 46704 46734 46735 46736 46759 47395 47398 47480 47676
NODE_NUM = 200
FILE aes_xcrypt_sub_234.aig

# Subcircuit 235
SUB_ID 235
LO (129):  46819 46826 46830 46834 46838 46850 46865 46893 46898 46921 46925 46951 46968 46989 46996 47044 47064 47073 47089 47140 47177 47214 47221 47232 47242 47258 47278 47294 47296 47300 47307 47323 47375 47376 47380 47398 47408 47417 47425 47429 47445 47455 47460 47462 47468 47472 47477 47480 47489 47498 47515 47538 47556 47571 47574 47575 47579 47586 47587 47594 47610 47613 47620 47624 47629 47646 47648 47657 47663 47668 47672 47751 47753 47767 47857 47874 47884 47890 47901 47904 47910 47919 47930 47939 47949 47951 47974 47979 47986 47993 48100 48104 48107 48117 48119 48124 48136 48147 48168 48181 48185 48229 48230 48273 48275 48291 48298 48303 48322 48324 48331 48345 48350 48368 48371 48378 48387 48390 48397 48401 48403 48407 48416 48426 48444 48447 48457 48467 49457
LI (294):  21 1963 41026 41039 41092 41104 41109 41120 41122 41128 41136 41143 41155 41162 41166 41173 41182 41186 41200 41202 41203 41229 41233 41244 41245 41249 41261 41263 41273 41279 41283 41293 41298 41326 41337 41345 41346 41371 41376 41384 41389 41426 41431 41436 41438 41444 41445 41460 41506 41507 41512 41517 41532 41578 41632 41643 41657 41660 41668 41807 41808 41814 41853 41922 41948 41965 41972 41979 41994 41998 42030 42115 42160 42165 42176 42178 42226 42234 42272 42278 42291 42296 42319 42321 42324 42358 42377 42380 42383 42387 42417 42613 42621 42639 42647 42649 42681 42716 42732 42752 42818 42821 42834 42887 42895 42905 42922 42935 42965 42969 42973 42974 42978 42981 43024 43025 43029 43032 43034 43040 43051 43071 43077 43081 43098 43108 43113 43155 43213 43775 43785 43787 43792 43795 43797 43807 43808 43810 43812 43816 43818 43819 43825 43830 43835 43844 43852 43858 43859 43868 43869 43878 43887 43894 43895 43899 43903 43904 43905 43906 43913 43919 43920 43926 43949 44016 44020 44021 44024 44025 44026 44037 44070 44071 44075 44077 44078 44083 44090 44094 44097 44100 44101 44138 44141 44162 44164 44168 44182 44217 44220 44227 44247 44248 44253 44273 44278 44279 44327 44333 44335 44380 44387 44414 44417 44427 44502 44517 44531 44537 44583 44706 44719 44801 44808 44812 44943 44957 45057 45665 45824 45846 45992 46146 46153 46163 46167 46170 46174 46232 46312 46320 46323 46506 46571 46578 46648 46719 46725 46733 46735 46797 46809 46818 46829 46836 46837 46848 46862 46872 46896 46897 46924 46944 47071 47087 47088 47176 47227 47229 47231 47257 47321 47373 47423 47427 47467 47476 47510 47514 47553 47585 47618 47619 47671 47853 47918 47948 47973 47985 48102 48103 48123 48272 48285 48286 48288 48290 48344 48376 48414 48466 48974 49049
NODE_NUM = 200
FILE aes_xcrypt_sub_235.aig

# Subcircuit 236
SUB_ID 236
LO (64):  48474 48485 48488 48493 48495 48498 48518 48523 48552 48555 48556 48563 48568 48579 48587 48597 48608 48610 48614 48622 48635 48637 48641 48645 48647 48708 48733 48741 48756 48762 48787 48794 48799 48819 48824 48848 48965 48980 48992 49006 49010 49019 49034 49045 49049 49052 49076 49139 49160 49181 49196 49213 49235 49241 49254 49406 49423 49430 49450 49463 49487 49505 49525 49562
LI (136):  21 1947 1948 1949 1950 1957 1959 1961 1964 1970 41007 41059 41074 41085 41092 41121 41198 41228 41264 41279 41347 41549 41586 41761 41820 41856 41896 42014 42160 42278 42299 42302 42391 42595 42616 42636 42645 42660 42665 42733 42767 42782 42785 42786 42788 42804 42824 42829 42845 42885 42887 42922 42977 42986 43013 43039 43042 43073 43101 43105 43111 43232 43244 43471 43493 44500 44678 45045 45214 45569 45572 45743 45904 45927 45983 45987 46006 46041 46352 47032 47108 47168 47171 47174 47840 48028 48031 48469 48470 48473 48483 48492 48522 48550 48551 48578 48582 48584 48586 48606 48607 48613 48707 48731 48732 48755 48761 48797 48798 48822 48932 48935 48941 48960 48974 48977 48986 48989 49013 49016 49022 49025 49028 49055 49064 49067 49070 49094 49136 49155 49175 49178 49193 49226 49250 49502
NODE_NUM = 199
FILE aes_xcrypt_sub_236.aig

# Subcircuit 237
SUB_ID 237
LO (12):  49250 49259 49283 49307 49334 49358 49379 49400 49498 49619 49620 49621
LI (46):  5 21 1910 1930 1954 1958 1963 1966 1967 1971 1974 1975 8843 45045 45907 46227 46230 46389 46552 47174 47843 48517 48854 48878 48887 49226 49241 49254 49265 49271 49282 49286 49295 49298 49310 49313 49319 49333 49337 49340 49346 49357 49370 49382 49391 49481
NODE_NUM = 114
FILE aes_xcrypt_sub_237.aig

