# Subcircuit 0
SUB_ID 0
LO (14):  260 281 305 334 382 424 471 538 599 665 750 830 915 916
LI (25):  1 3 65 278 302 329 331 375 378 417 420 466 468 533 535 592 595 658 661 746 747 827 907 910 911
NODE_NUM = 50
FILE multiplier_sub_0.aig

# Subcircuit 1
SUB_ID 1
LO (11):  263 278 289 302 375 378 414 417 420 15897 16281
LI (15):  3 6 65 66 267 273 283 287 297 352 356 365 371 400 407
NODE_NUM = 48
FILE multiplier_sub_1.aig

# Subcircuit 2
SUB_ID 2
LO (14):  267 269 271 273 283 287 293 297 313 329 331 335 346 392
LI (9):  1 2 3 65 66 67 68 310 328
NODE_NUM = 48
FILE multiplier_sub_2.aig

# Subcircuit 3
SUB_ID 3
LO (14):  328 356 361 363 365 371 403 407 466 468 491 495 528 559
LI (13):  3 4 6 65 66 67 68 313 341 355 360 433 465
NODE_NUM = 41
FILE multiplier_sub_3.aig

# Subcircuit 4
SUB_ID 4
LO (12):  341 352 389 400 454 465 479 533 535 543 545 546
LI (17):  3 68 69 267 335 347 385 386 395 450 451 460 475 476 485 532 542
NODE_NUM = 50
FILE multiplier_sub_4.aig

# Subcircuit 5
SUB_ID 5
LO (22):  347 355 360 385 386 395 429 430 433 460 505 510 512 515 571 574 638 703 766 768 854 931
LI (19):  4 5 6 7 65 66 69 70 263 269 271 346 392 394 414 456 457 504 509
NODE_NUM = 47
FILE multiplier_sub_5.aig

# Subcircuit 6
SUB_ID 6
LO (15):  450 451 456 457 475 476 485 501 558 592 595 619 658 661 668
LI (19):  3 6 69 70 71 72 269 271 293 363 491 495 546 547 591 607 608 610 657
NODE_NUM = 48
FILE multiplier_sub_6.aig

# Subcircuit 7
SUB_ID 7
LO (7):  504 509 532 591 657 679 723
LI (12):  7 8 9 501 515 520 529 567 580 628 632 646
NODE_NUM = 48
FILE multiplier_sub_7.aig

# Subcircuit 8
SUB_ID 8
LO (14):  520 529 542 606 607 733 746 747 813 827 835 837 848 911
LI (21):  3 9 72 73 267 429 430 528 543 602 603 726 729 730 739 806 809 810 819 834 843
NODE_NUM = 47
FILE multiplier_sub_8.aig

# Subcircuit 9
SUB_ID 9
LO (8):  547 567 907 910 1020 1022 1109 1111
LI (21):  6 69 73 271 356 361 389 558 559 562 848 849 889 890 891 892 916 989 990 1014 1108
NODE_NUM = 46
FILE multiplier_sub_9.aig

# Subcircuit 10
SUB_ID 10
LO (7):  580 602 603 1108 1138 1208 1245
LI (18):  9 67 73 74 289 505 512 574 575 1041 1077 1078 1082 1105 1109 1151 1155 1200
NODE_NUM = 45
FILE multiplier_sub_10.aig

# Subcircuit 11
SUB_ID 11
LO (9):  608 610 628 726 739 752 989 990 1105
LI (26):  6 69 70 73 74 269 271 356 361 403 454 619 623 667 668 670 718 723 735 736 918 919 988 1095 1096 1098
NODE_NUM = 50
FILE multiplier_sub_11.aig

# Subcircuit 12
SUB_ID 12
LO (11):  632 683 688 690 718 764 779 790 791 872 966
LI (12):  9 10 12 65 66 67 263 289 679 682 687 712
NODE_NUM = 47
FILE multiplier_sub_12.aig

# Subcircuit 13
SUB_ID 13
LO (10):  646 667 670 712 882 888 889 933 988 1041
LI (25):  9 67 68 71 313 356 361 479 505 510 512 638 640 641 702 703 704 850 854 881 886 931 934 980 985
NODE_NUM = 50
FILE multiplier_sub_13.aig

# Subcircuit 14
SUB_ID 14
LO (11):  682 687 702 704 729 730 1461 1480 1492 1560 1577
LI (22):  9 10 11 12 67 74 75 341 505 571 1362 1363 1364 1418 1419 1420 1422 1446 1458 1550 1551 1553
NODE_NUM = 49
FILE multiplier_sub_14.aig

# Subcircuit 15
SUB_ID 15
LO (11):  735 736 806 843 849 919 1217 1218 1219 1220 1244
LI (23):  6 71 73 75 271 293 356 363 403 545 752 756 757 758 798 839 841 1137 1138 1139 1140 1142 1208
NODE_NUM = 46
FILE multiplier_sub_15.aig

# Subcircuit 16
SUB_ID 16
LO (11):  756 798 809 810 886 1098 1142 1155 1714 1723 1823
LI (22):  9 68 72 75 76 361 389 505 571 764 766 768 770 791 1154 1609 1610 1689 1690 1691 1693 1711
NODE_NUM = 48
FILE multiplier_sub_16.aig

# Subcircuit 17
SUB_ID 17
LO (12):  819 834 839 841 1003 1014 1029 1117 1119 1124 1126 1127
LI (22):  3 74 75 76 77 267 269 271 293 818 835 999 1000 1004 1005 1022 1025 1026 1031 1033 1111 1123
NODE_NUM = 50
FILE multiplier_sub_17.aig

# Subcircuit 18
SUB_ID 18
LO (13):  850 881 945 950 952 961 980 1042 1054 1057 1060 1182 1494
LI (14):  12 13 15 65 66 263 289 454 505 790 878 944 949 974
NODE_NUM = 44
FILE multiplier_sub_18.aig

# Subcircuit 19
SUB_ID 19
LO (9):  878 890 1580 1610 1688 1689 1711 1720 1722
LI (20):  12 68 313 356 606 683 690 872 873 1479 1480 1491 1492 1493 1532 1538 1560 1577 1685 1718
NODE_NUM = 50
FILE multiplier_sub_19.aig

# Subcircuit 20
SUB_ID 20
LO (12):  891 892 918 934 944 949 974 1685 1816 1834 1890 1987
LI (23):  12 13 14 15 72 74 341 356 363 403 512 683 733 933 969 1616 1681 1688 1723 1734 1745 1815 1823
NODE_NUM = 48
FILE multiplier_sub_20.aig

# Subcircuit 21
SUB_ID 21
LO (8):  969 1077 1200 1344 1363 1364 1365 1458
LI (22):  12 68 69 688 690 966 968 1042 1043 1044 1045 1069 1194 1197 1225 1243 1244 1245 1300 1301 1315 1332
NODE_NUM = 50
FILE multiplier_sub_21.aig

# Subcircuit 22
SUB_ID 22
LO (17):  985 999 1000 1005 1025 1026 1031 1033 1043 1044 1137 1983 1986 2011 2023 2104 2189
LI (23):  3 12 70 77 78 79 269 271 389 683 690 882 888 1127 1128 1129 1889 1890 1901 1902 1959 1960 1964
NODE_NUM = 47
FILE multiplier_sub_22.aig

# Subcircuit 23
SUB_ID 23
LO (9):  1045 1069 1194 1197 1300 1301 1399 1418 1493
LI (19):  15 67 68 779 952 961 1054 1060 1172 1176 1180 1184 1283 1284 1298 1365 1394 1395 1412
NODE_NUM = 50
FILE multiplier_sub_23.aig

# Subcircuit 24
SUB_ID 24
LO (21):  1078 1082 1095 1096 1123 1232 1243 1351 1362 1419 1446 1462 1482 1553 1599 1724 1894 2012 2016 2177 2179
LI (24):  3 6 71 72 76 79 80 267 356 363 505 510 545 571 813 1124 1228 1229 1238 1347 1348 1357 1436 1440
NODE_NUM = 49
FILE multiplier_sub_24.aig

# Subcircuit 25
SUB_ID 25
LO (15):  1128 1129 1139 1140 1151 1154 1172 1332 1357 1412 1550 1693 1745 1960 2338
LI (32):  6 9 12 71 73 77 78 80 271 293 356 363 454 505 510 606 683 690 837 1166 1167 1322 1326 1353 1355 1402 1406 1735 1736 1737 2328 2332
NODE_NUM = 49
FILE multiplier_sub_25.aig

# Subcircuit 26
SUB_ID 26
LO (18):  1166 1176 1252 1257 1259 1268 1283 1284 1298 1378 1381 1384 1514 1638 1751 1753 1908 2039
LI (18):  12 15 16 18 65 66 69 70 263 289 688 779 1251 1256 1281 1288 1289 1291
NODE_NUM = 48
FILE multiplier_sub_26.aig

# Subcircuit 27
SUB_ID 27
LO (12):  1180 1184 1224 1225 1228 1229 3170 3173 3214 3229 3333 3360
LI (24):  15 67 80 81 313 945 950 1119 1182 1217 1218 1219 1220 1223 3014 3015 3026 3125 3126 3127 3128 3141 3149 3163
NODE_NUM = 47
FILE multiplier_sub_27.aig

# Subcircuit 28
SUB_ID 28
LO (11):  1238 1251 1256 1281 1355 1479 2780 2782 2851 2941 3127
LI (26):  3 15 16 17 18 69 79 80 81 269 271 293 341 945 952 1237 1275 1276 1469 1470 1472 2677 2678 2682 2761 2779
NODE_NUM = 49
FILE multiplier_sub_28.aig

# Subcircuit 29
SUB_ID 29
LO (9):  1275 1288 1289 1394 1395 1815 1902 1959 2099
LI (24):  15 67 68 72 479 683 690 950 1057 1367 1368 1370 1393 1747 1784 1785 1786 1787 1812 1816 1942 1943 1944 1946
NODE_NUM = 49
FILE multiplier_sub_29.aig

# Subcircuit 30
SUB_ID 30
LO (16):  1291 1315 1322 1326 1420 1422 1440 1538 1551 1616 1690 1737 1812 1964 2115 2116
LI (33):  9 12 71 73 74 75 76 77 356 361 403 505 510 512 571 688 733 1003 1309 1310 1439 1534 1535 1612 1613 1802 1803 1804 1962 2102 2103 2104 2105
NODE_NUM = 50
FILE multiplier_sub_30.aig

# Subcircuit 31
SUB_ID 31
LO (11):  1347 1348 1353 1367 1368 3342 3390 3393 3547 3572 3580
LI (19):  15 70 81 82 271 389 945 952 3202 3213 3214 3225 3226 3230 3328 3333 3355 3360 3389
NODE_NUM = 50
FILE multiplier_sub_31.aig

# Subcircuit 32
SUB_ID 32
LO (8):  1370 1393 1532 1681 1747 1784 1942 2036
LI (19):  18 67 69 950 1259 1268 1378 1384 1399 1504 1508 1522 1634 1672 1748 1777 1778 1936 1939
NODE_NUM = 50
FILE multiplier_sub_32.aig

# Subcircuit 33
SUB_ID 33
LO (10):  1402 1406 1436 1535 2314 2315 2327 2420 2421 2469
LI (19):  12 71 72 356 545 683 688 779 1029 2175 2176 2187 2193 2271 2276 2298 2303 2311 2417
NODE_NUM = 48
FILE multiplier_sub_33.aig

# Subcircuit 34
SUB_ID 34
LO (13):  1439 1468 1469 1587 1718 1841 1860 1865 1867 1868 1882 1995 2003
LI (17):  3 78 82 83 267 361 1462 1583 1584 1593 1714 1720 1834 1837 1838 1847 1864
NODE_NUM = 48
FILE multiplier_sub_34.aig

# Subcircuit 35
SUB_ID 35
LO (9):  1470 1472 1491 1593 1604 2157 2298 2303 2311
LI (27):  6 78 79 82 83 269 271 356 361 403 1126 1482 1486 1589 1590 1600 1602 1999 2000 2001 2003 2125 2130 2151 2288 2289 2291
NODE_NUM = 49
FILE multiplier_sub_35.aig

# Subcircuit 36
SUB_ID 36
LO (17):  1504 1508 1634 1651 1656 1658 1661 1764 1767 1787 1924 2051 2204 2206 2346 2533 2730
LI (18):  15 18 19 65 66 69 70 71 263 950 952 1057 1494 1498 1624 1625 1650 1655
NODE_NUM = 50
FILE multiplier_sub_36.aig

# Subcircuit 37
SUB_ID 37
LO (9):  1522 1534 1672 1748 2414 2417 2515 2520 2591
LI (24):  18 67 68 74 313 690 1252 1257 1259 1514 1516 1517 1637 1638 1639 1669 2338 2339 2340 2379 2380 2384 2407 2518
NODE_NUM = 50
FILE multiplier_sub_37.aig

# Subcircuit 38
SUB_ID 38
LO (14):  1583 1584 1589 1590 1600 1602 1609 1734 1847 1889 1998 1999 2001 2291
LI (25):  3 6 80 81 82 83 84 271 293 361 363 1599 1604 1724 1726 1728 1843 1845 1868 1869 1871 1879 1883 1990 1995
NODE_NUM = 49
FILE multiplier_sub_38.aig

# Subcircuit 39
SUB_ID 39
LO (15):  1612 1613 1624 1625 1637 1639 1786 1962 2102 2271 2339 2340 2382 2518 2921
LI (26):  15 18 67 72 73 75 341 479 690 779 945 952 1252 1381 2024 2028 2036 2042 2088 2094 2099 2250 2251 2265 2267 2268
NODE_NUM = 50
FILE multiplier_sub_39.aig

# Subcircuit 40
SUB_ID 40
LO (12):  1650 1655 1669 1777 1778 1936 1939 2088 2250 2251 2379 2528
LI (17):  19 20 21 1661 1666 1760 1773 1914 1918 1932 2085 2201 2230 2231 2248 2373 2376
NODE_NUM = 48
FILE multiplier_sub_40.aig

# Subcircuit 41
SUB_ID 41
LO (12):  1666 1691 1726 1735 1736 1760 1901 3328 3541 3551 3554 3774
LI (23):  9 18 21 78 79 80 389 403 505 512 1029 1252 1508 1755 1891 1895 3242 3320 3325 3437 3448 3538 3547
NODE_NUM = 47
FILE multiplier_sub_41.aig

# Subcircuit 42
SUB_ID 42
LO (8):  1755 1773 1785 1932 2761 2916 2935 3121
LI (22):  21 67 68 289 545 945 1381 1651 1658 1751 1753 1767 1768 1922 1926 2689 2690 2727 2733 2755 2915 2929
NODE_NUM = 49
FILE multiplier_sub_42.aig

# Subcircuit 43
SUB_ID 43
LO (12):  1802 1803 1804 1837 1838 2105 3026 3225 3437 3787 3790 3835
LI (22):  12 74 76 84 85 683 690 779 813 3016 3020 3215 3219 3427 3428 3430 3631 3632 3633 3635 3777 3783
NODE_NUM = 49
FILE multiplier_sub_43.aig

# Subcircuit 44
SUB_ID 44
LO (13):  1843 1845 1864 1869 1871 2140 2151 2164 2175 2453 2472 2473 2474
LI (20):  3 84 85 86 267 269 271 1865 2136 2137 2142 2143 2160 2161 2170 2446 2449 2450 2459 2469
NODE_NUM = 49
FILE multiplier_sub_44.aig

# Subcircuit 45
SUB_ID 45
LO (9):  1879 1883 1891 2446 2651 2652 2654 2793 2794
LI (19):  9 81 356 403 505 1126 1468 1882 2315 2326 2327 2421 2427 2473 2491 2620 2623 2639 2790
NODE_NUM = 49
FILE multiplier_sub_45.aig

# Subcircuit 46
SUB_ID 46
LO (19):  1895 1914 1918 2064 2065 2069 2070 2071 2217 2218 2863 2864 3054 3125 3289 3325 4286 4605 4766
LI (20):  18 21 22 65 71 78 263 454 571 1252 1259 1894 1908 1909 2063 2068 3027 3031 3116 3121
NODE_NUM = 45
FILE multiplier_sub_46.aig

# Subcircuit 47
SUB_ID 47
LO (11):  1922 1926 1943 2915 3116 3320 3538 3759 3777 3836 3957
LI (23):  21 67 313 606 945 1651 1656 1924 2901 2907 2916 3109 3112 3316 3317 3459 3530 3531 3541 3653 3664 3758 3774
NODE_NUM = 50
FILE multiplier_sub_47.aig

# Subcircuit 48
SUB_ID 48
LO (15):  1944 1946 1990 2000 2024 2028 2038 2125 2130 2176 2239 2265 3448 3653 3655
LI (29):  9 15 72 73 74 81 356 512 733 945 950 952 1057 1259 1587 1983 1986 1987 2011 2012 2016 2119 2255 2256 2258 3438 3439 3441 3648
NODE_NUM = 50
FILE multiplier_sub_48.aig

# Subcircuit 49
SUB_ID 49
LO (10):  2042 2063 2068 2080 2085 2201 2221 2230 2231 2360
LI (27):  21 22 23 24 66 67 68 71 341 1257 1651 1656 1764 2038 2039 2051 2055 2065 2070 2071 2079 2082 2203 2204 2206 2220 2229
NODE_NUM = 46
FILE multiplier_sub_49.aig

# Subcircuit 50
SUB_ID 50
LO (18):  2079 2103 2119 2136 2137 2142 2143 2160 2161 2170 2187 2276 2459 2491 2676 2954 3154 3346
LI (26):  3 9 24 82 85 86 87 88 269 271 293 512 683 1003 1918 2023 2115 2116 2177 2181 2455 2481 2482 2484 2666 2670
NODE_NUM = 48
FILE multiplier_sub_50.aig

# Subcircuit 51
SUB_ID 51
LO (8):  2181 2193 3002 3003 3015 3149 3176 3177
LI (20):  12 77 81 510 779 2179 2189 2191 2826 2837 2838 2839 2840 2842 2944 2949 2963 2975 2996 3173
NODE_NUM = 46
FILE multiplier_sub_51.aig

# Subcircuit 52
SUB_ID 52
LO (11):  2191 2203 2229 2373 2376 2578 2611 2677 2689 2690 2693
LI (19):  24 78 289 389 688 1651 2064 2080 2221 2351 2355 2369 2515 2526 2528 2539 2577 2591 2605
NODE_NUM = 49
FILE multiplier_sub_52.aig

# Subcircuit 53
SUB_ID 53
LO (10):  2220 2248 3316 3317 3530 3531 3758 3859 3860 3930
LI (27):  18 24 66 71 72 545 1252 1257 1381 2069 2218 2239 2243 3249 3286 3287 3288 3289 3314 3512 3514 3528 3737 3740 3755 3759 3929
NODE_NUM = 46
FILE multiplier_sub_53.aig

# Subcircuit 54
SUB_ID 54
LO (10):  2255 2256 2258 2288 2407 3966 3999 4001 4050 4201
LI (21):  15 75 76 356 813 945 950 952 1841 2397 2398 2399 3812 3823 3834 3835 3836 3842 3960 3979 3990
NODE_NUM = 49
FILE multiplier_sub_54.aig

# Subcircuit 55
SUB_ID 55
LO (10):  2289 2326 2328 2332 2639 2825 2826 2975 3427 3971
LI (25):  6 78 84 85 86 356 361 363 403 683 779 1126 1867 2320 2321 2331 2629 2630 2652 2654 2655 2656 2658 2794 2819
NODE_NUM = 50
FILE multiplier_sub_55.aig

# Subcircuit 56
SUB_ID 56
LO (17):  2331 2351 2355 2556 2561 2563 2572 2577 2692 2704 2707 2710 2883 3462 5324 5499 5755
LI (17):  21 24 25 27 65 66 79 263 289 454 688 1651 2346 2552 2555 2560 2578
NODE_NUM = 43
FILE multiplier_sub_56.aig

# Subcircuit 57
SUB_ID 57
LO (11):  2369 2380 2384 2397 2552 2925 3512 3514 3737 3740 4131
LI (28):  24 66 67 73 313 606 837 945 1252 1257 2064 2069 2217 2360 2364 2382 2542 2543 2545 2924 3500 3502 3503 3506 3666 3667 3669 3736
NODE_NUM = 49
FILE multiplier_sub_57.aig

# Subcircuit 58
SUB_ID 58
LO (19):  2398 2399 2427 2449 2450 2620 2623 2670 2682 3439 3563 3625 3648 3826 3842 4636 4883 4956 5366
LI (24):  9 75 77 81 82 83 88 89 510 512 571 952 1057 2426 2493 2494 2619 2669 2681 3560 3644 3646 3838 3840
NODE_NUM = 46
FILE multiplier_sub_58.aig

# Subcircuit 59
SUB_ID 59
LO (15):  2455 2480 2481 2482 2808 2819 2985 2996 3014 3182 3184 3195 3203 3416 3610
LI (17):  3 6 89 90 267 271 356 2474 2804 2805 2814 2981 2982 2991 3009 3181 3190
NODE_NUM = 48
FILE multiplier_sub_59.aig

# Subcircuit 60
SUB_ID 60
LO (11):  2484 2493 2494 2619 2790 2838 2949 3016 4197 4200 4250
LI (24):  12 81 84 89 269 505 512 683 690 1232 1587 2508 2509 2611 2616 2676 2780 2782 2793 4049 4050 4179 4180 4184
NODE_NUM = 47
FILE multiplier_sub_60.aig

# Subcircuit 61
SUB_ID 61
LO (10):  2508 2526 2539 2779 3109 3112 3242 3459 3937 4064
LI (28):  12 18 21 72 75 79 80 479 688 733 779 1252 1259 1651 1658 2520 2521 2533 2534 2769 2770 2772 3042 3043 3108 3241 3449 3453
NODE_NUM = 50
FILE multiplier_sub_61.aig

# Subcircuit 62
SUB_ID 62
LO (12):  2542 2543 2545 2555 2560 2605 2727 2901 3108 3249 4375 4376
LI (25):  15 24 25 26 27 68 69 341 945 1003 2064 2069 2071 2600 2692 2693 2694 2695 2719 2895 2898 3103 3105 4290 4374
NODE_NUM = 48
FILE multiplier_sub_62.aig

# Subcircuit 63
SUB_ID 63
LO (12):  2600 2616 2629 2630 2681 2944 3141 4425 4427 4503 4638 4884
LI (25):  15 76 77 78 87 356 363 950 952 1057 2140 2414 2420 2599 2850 2851 2853 2935 2941 4250 4261 4262 4266 4410 4416
NODE_NUM = 50
FILE multiplier_sub_63.aig

# Subcircuit 64
SUB_ID 64
LO (12):  2655 2656 2658 2666 2669 2678 2837 3355 4669 4672 4739 4751
LI (27):  6 9 15 84 87 88 356 361 363 505 510 945 1029 1841 2164 2827 2828 2829 3346 3347 3350 4425 4502 4503 4634 4640 4662
NODE_NUM = 47
FILE multiplier_sub_64.aig

# Subcircuit 65
SUB_ID 65
LO (9):  2694 2695 2719 2895 2898 3103 3105 3251 3257
LI (22):  24 27 67 68 70 2071 2217 2563 2572 2704 2710 2873 2877 2881 2885 3051 3052 3054 3099 3102 3250 3256
NODE_NUM = 48
FILE multiplier_sub_65.aig

# Subcircuit 66
SUB_ID 66
LO (10):  2733 2755 2769 2907 2924 3031 3042 3314 3528 3858
LI (32):  18 21 72 73 74 75 76 683 813 1252 1257 1259 1351 1381 1656 1658 2730 2732 2749 2750 2904 2920 2921 3030 3040 3304 3306 3308 3518 3519 3520 3853
NODE_NUM = 50
FILE multiplier_sub_66.aig

# Subcircuit 67
SUB_ID 67
LO (11):  2770 2772 2804 2805 2842 4261 4662 4923 4925 4950 4952
LI (19):  12 81 82 90 91 688 690 4251 4255 4652 4654 4737 4738 4739 4740 4741 4742 4898 4916
NODE_NUM = 49
FILE multiplier_sub_67.aig

# Subcircuit 68
SUB_ID 68
LO (12):  2814 2827 2828 2829 2991 3009 3190 3213 3584 3587 3612 3799
LI (26):  6 87 89 90 91 269 271 293 356 363 403 2453 2813 2987 3008 3186 3188 3203 3206 3207 3415 3416 3417 3419 3575 3580
NODE_NUM = 47
FILE multiplier_sub_68.aig

# Subcircuit 69
SUB_ID 69
LO (13):  2839 2840 2850 2853 2873 3438 3646 5120 5121 5215 5344 5352 5998
LI (24):  24 69 79 83 683 690 945 950 1126 1468 2217 2863 2864 2866 4964 4975 4986 4987 4988 4990 5093 5099 5107 5116
NODE_NUM = 49
FILE multiplier_sub_69.aig

# Subcircuit 70
SUB_ID 70
LO (16):  2866 2877 3078 3083 3085 3099 3250 3266 3277 3279 3280 3484 3694 3875 4077 4352
LI (14):  27 28 30 65 66 67 70 263 289 2069 3074 3077 3082 3262
NODE_NUM = 50
FILE multiplier_sub_70.aig

# Subcircuit 71
SUB_ID 71
LO (10):  2881 2885 2904 3929 3933 3960 4062 4129 4130 4169
LI (21):  27 67 72 313 1764 2556 2561 2883 3858 3859 3860 3871 3908 3909 3910 3911 3924 3930 3946 3957 4126
NODE_NUM = 45
FILE multiplier_sub_71.aig

# Subcircuit 72
SUB_ID 72
LO (9):  2920 2929 2963 4410 4634 4898 4953 5116 5122
LI (23):  9 18 77 84 505 571 1259 1867 2925 2954 2956 2958 4273 4277 4402 4407 4627 4628 4751 4875 4878 4892 5121
NODE_NUM = 48
FILE multiplier_sub_72.aig

# Subcircuit 73
SUB_ID 73
LO (9):  2956 2981 2982 4049 4452 4478 4480 4675 4676
LI (18):  9 85 91 92 510 4039 4040 4041 4236 4238 4249 4427 4428 4429 4430 4443 4472 4672
NODE_NUM = 47
FILE multiplier_sub_73.aig

# Subcircuit 74
SUB_ID 74
LO (12):  2987 3008 3020 3810 3812 3823 4025 4235 4236 4255 4654 5383
LI (25):  6 82 88 89 92 271 361 403 779 3019 3609 3610 3611 3612 3794 3799 3807 3813 3814 3816 4022 4026 4230 4232 4254
NODE_NUM = 50
FILE multiplier_sub_74.aig

# Subcircuit 75
SUB_ID 75
LO (11):  3019 3027 3030 3040 3946 4277 5361 5393 5394 5472 5614
LI (23):  21 73 77 83 688 1003 1252 1257 1764 3936 3937 3939 4275 5125 5215 5226 5227 5228 5230 5347 5352 5374 5391
NODE_NUM = 48
FILE multiplier_sub_75.aig

# Subcircuit 76
SUB_ID 76
LO (7):  3051 3052 3074 3500 3736 3924 4118
LI (25):  27 67 69 72 341 479 2064 2071 2556 2563 2707 3067 3068 3069 3284 3462 3463 3465 3493 3678 3683 3684 3730 4114 4116
NODE_NUM = 47
FILE multiplier_sub_76.aig

# Subcircuit 77
SUB_ID 77
LO (12):  3067 3077 3082 3126 3128 3163 4262 4266 7285 7288 7603 7611
LI (27):  9 27 28 29 30 68 79 85 505 571 945 1057 1232 2140 2561 3154 3156 3158 4265 6984 7133 7134 7135 7136 7259 7264 7278
NODE_NUM = 48
FILE multiplier_sub_77.aig

# Subcircuit 78
SUB_ID 78
LO (16):  3156 3181 3378 3389 3404 3415 3598 3609 3813 4006 4008 4019 4028 4239 4481 4495
LI (19):  3 86 92 93 267 356 510 3182 3374 3375 3384 3400 3401 3410 3594 3595 3604 4005 4014
NODE_NUM = 49
FILE multiplier_sub_78.aig

# Subcircuit 79
SUB_ID 79
LO (16):  3186 3188 3201 3202 3206 3215 3219 3384 3397 3591 3807 3816 4742 5659 5662 5706
LI (29):  12 83 90 92 93 269 271 361 683 779 1841 3003 3170 3176 3177 3195 3218 3380 3381 3390 3393 3584 3587 5470 5471 5641 5642 5643 5645
NODE_NUM = 46
FILE multiplier_sub_79.aig

# Subcircuit 80
SUB_ID 80
LO (12):  3218 3226 3230 3241 3453 3664 3853 4179 4416 4508 4875 4878
LI (28):  15 18 77 78 80 84 688 945 1057 1257 1351 1381 3229 3452 3654 3655 3656 3849 3851 3966 4051 4052 4054 4172 4752 4753 4755 4874
NODE_NUM = 50
FILE multiplier_sub_80.aig

# Subcircuit 81
SUB_ID 81
LO (13):  3256 3262 3284 3286 3287 3288 3909 4116 4374 4598 4619 4622 4763
LI (24):  27 68 69 73 389 545 2064 2071 2556 2561 2707 3251 3257 3279 3280 4296 4297 4299 4366 4371 4380 4526 4597 4612
NODE_NUM = 50
FILE multiplier_sub_81.aig

# Subcircuit 82
SUB_ID 82
LO (9):  3304 3306 3347 6128 6188 6245 6246 6258 6259
LI (20):  21 74 86 571 813 1651 1764 5969 5980 5981 5982 5983 5984 5985 5986 5988 6122 6141 6158 6175
NODE_NUM = 49
FILE multiplier_sub_82.aig

# Subcircuit 83
SUB_ID 83
LO (17):  3374 3375 3380 3381 3400 3401 3410 3417 3419 3604 3611 3814 4014 4230 4232 4238 4244
LI (22):  6 91 92 93 94 95 269 271 293 361 363 3600 3999 4010 4012 4028 4030 4032 4204 4229 4240 4241
NODE_NUM = 48
FILE multiplier_sub_83.aig

# Subcircuit 84
SUB_ID 84
LO (17):  3428 3430 3441 3449 3452 3463 3635 4054 4172 4265 4407 4755 4975 6114 6282 6853 7135
LI (26):  18 27 71 79 82 85 86 688 690 950 1126 1252 1257 2563 4154 4155 4156 4157 4169 4965 4966 4967 6007 6097 6098 6102
NODE_NUM = 49
FILE multiplier_sub_84.aig

# Subcircuit 85
SUB_ID 85
LO (15):  3465 3493 3706 3711 3713 3722 3730 3873 3885 3888 3891 4094 4542 4779 5045
LI (14):  30 31 33 65 66 70 263 289 2561 3277 3490 3702 3705 3710
NODE_NUM = 47
FILE multiplier_sub_85.aig

# Subcircuit 86
SUB_ID 86
LO (8):  3490 3502 4874 4998 5074 5076 5099 5107
LI (20):  30 68 74 313 2071 3078 3085 3484 3485 4763 4774 4775 4814 4815 4819 4829 4843 4867 4871 5073
NODE_NUM = 49
FILE multiplier_sub_86.aig

# Subcircuit 87
SUB_ID 87
LO (9):  3503 3518 3519 3520 4154 4380 4402 4612 4623
LI (22):  24 72 75 77 837 1651 1658 1764 2217 3933 4062 4073 4130 4131 4132 4134 4375 4376 4393 4602 4603 4605
NODE_NUM = 50
FILE multiplier_sub_87.aig

# Subcircuit 88
SUB_ID 88
LO (11):  3560 3575 3594 3595 3783 3794 3990 5431 5458 5459 5462
LI (22):  9 87 95 96 505 571 2453 3342 3551 3554 3563 3568 3572 3787 3790 5212 5213 5397 5398 5399 5401 5425
NODE_NUM = 49
FILE multiplier_sub_88.aig

# Subcircuit 89
SUB_ID 89
LO (9):  3600 3631 5193 5212 5213 5439 5690 5967 5968
LI (23):  9 90 96 271 505 512 2480 3625 3626 4938 4949 4950 5144 5145 5149 5166 5187 5432 5435 5683 5686 5962 5964
NODE_NUM = 50
FILE multiplier_sub_89.aig

# Subcircuit 90
SUB_ID 90
LO (11):  3632 3633 3644 3654 3656 4965 5641 5892 5919 5981 5982
LI (22):  18 79 84 87 683 690 952 1232 1252 1381 2140 5361 5472 5483 5617 5618 5619 5621 5706 5719 5890 5913
NODE_NUM = 49
FILE multiplier_sub_90.aig

# Subcircuit 91
SUB_ID 91
LO (12):  3666 3667 3669 3683 3702 3871 3911 4299 4597 4775 4843 5070
LI (27):  24 27 30 70 71 74 75 341 733 2064 2069 2071 2561 2707 3078 3697 3861 3862 3863 4528 4529 4593 4598 4833 4834 4836 5065
NODE_NUM = 50
FILE multiplier_sub_91.aig

# Subcircuit 92
SUB_ID 92
LO (10):  3697 3705 3710 3755 3908 4126 4366 4371 4593 4829
LI (27):  21 30 31 32 33 68 69 1003 1651 3083 3085 3694 3696 3750 3873 3874 3875 3876 3900 4106 4109 4123 4129 4362 4363 4587 4590
NODE_NUM = 49
FILE multiplier_sub_92.aig

# Subcircuit 93
SUB_ID 93
LO (10):  3750 3834 3939 4073 7033 7034 7121 7122 7126 7431
LI (25):  9 21 76 77 78 91 505 512 1656 1658 1764 2808 3749 3828 3829 4063 4064 4066 6838 6839 6986 6987 6991 7014 7031
NODE_NUM = 48
FILE multiplier_sub_93.aig

# Subcircuit 94
SUB_ID 94
LO (12):  3828 3838 3840 3849 3851 4627 4628 4964 5374 5890 5983 6141
LI (28):  15 18 81 82 84 85 90 510 950 952 1257 1259 3826 4505 4509 4626 4954 4958 5364 5365 5366 5720 5724 5886 5892 6131 6132 6133
NODE_NUM = 50
FILE multiplier_sub_94.aig

# Subcircuit 95
SUB_ID 95
LO (10):  3861 3862 3863 3874 4290 5347 5582 5591 5606 5867
LI (20):  30 74 76 389 813 2064 2071 2217 3078 4286 4288 5248 5249 5250 5256 5314 5333 5344 5506 5581
NODE_NUM = 49
FILE multiplier_sub_95.aig

# Subcircuit 96
SUB_ID 96
LO (9):  3876 3900 4106 4109 4362 4363 4573 4587 4590
LI (18):  33 67 68 3266 3713 3722 3885 3891 4084 4088 4092 4096 4345 4346 4360 4568 4569 4586
NODE_NUM = 47
FILE multiplier_sub_96.aig

# Subcircuit 97
SUB_ID 97
LO (9):  3910 3936 3979 5985 7894 7947 8021 8033 8034
LI (22):  12 27 73 88 683 690 1029 1651 2164 2563 3973 3974 7744 7745 7746 7747 7748 7752 7888 7907 7924 7941
NODE_NUM = 47
FILE multiplier_sub_97.aig

# Subcircuit 98
SUB_ID 98
LO (14):  3973 4005 4218 4229 4461 4472 4691 4708 4713 4715 4716 4934 6168 6250
LI (20):  3 87 96 97 267 688 3971 4006 4214 4215 4224 4457 4458 4467 4480 4684 4687 4688 4697 4712
NODE_NUM = 50
FILE multiplier_sub_98.aig

# Subcircuit 99
SUB_ID 99
LO (16):  4010 4012 4022 4026 4030 4039 4040 4041 4224 4429 4502 4737 4916 4949 5399 5925
LI (32):  6 9 90 92 93 96 97 269 271 403 505 512 571 2985 4001 4019 4220 4221 4492 4493 4495 4727 4728 4730 4906 4907 4909 4939 4940 4942 5921 5923
NODE_NUM = 50
FILE multiplier_sub_99.aig

# Subcircuit 100
SUB_ID 100
LO (10):  4051 4052 4063 4066 4084 5617 5886 5984 6372 8046
LI (23):  21 30 79 86 454 945 952 1126 1651 1656 1867 3078 4079 5489 5609 5614 5731 5732 5733 5878 5879 5882 6367
NODE_NUM = 47
FILE multiplier_sub_100.aig

# Subcircuit 101
SUB_ID 101
LO (19):  4079 4088 4314 4319 4321 4330 4345 4346 4552 4555 4558 4586 4796 5027 5267 5520 5521 5780 6012
LI (20):  30 33 34 36 65 66 69 71 263 289 3085 3266 4077 4078 4313 4318 4343 4576 4577 4579
NODE_NUM = 48
FILE multiplier_sub_101.aig

# Subcircuit 102
SUB_ID 102
LO (8):  4092 4096 4123 5581 5842 5870 6007 6008
LI (20):  27 33 67 313 606 2556 3706 3711 4094 4118 5513 5559 5564 5578 5582 5763 5837 5838 5855 5867
NODE_NUM = 48
FILE multiplier_sub_102.aig

# Subcircuit 103
SUB_ID 103
LO (13):  4114 4132 4134 4155 4156 4288 4529 4834 5609 5878 6121 6122 6390
LI (23):  24 27 74 76 77 83 1252 1259 1468 2069 2071 2563 5591 5592 5596 5606 5742 5743 5744 5870 6118 6380 6384
NODE_NUM = 48
FILE multiplier_sub_103.aig

# Subcircuit 104
SUB_ID 104
LO (15):  4157 4180 4184 4204 4214 4215 4443 5724 6774 6793 6803 6828 7042 8349 8692
LI (23):  12 81 87 88 97 98 683 688 779 1381 2453 4197 4200 4201 5723 6522 6523 6534 6535 6536 6759 6765 6787
NODE_NUM = 49
FILE multiplier_sub_104.aig

# Subcircuit 105
SUB_ID 105
LO (19):  4220 4221 4240 4241 4249 4251 4254 4273 4275 4697 4728 5425 5645 5720 6133 7640 7643 7744 8024
LI (30):  6 18 82 89 94 96 98 271 293 363 403 683 688 1252 1381 1587 2480 4239 4244 4693 4695 5415 5416 5418 7425 7426 7622 7623 7624 7626
NODE_NUM = 48
FILE multiplier_sub_105.aig

# Subcircuit 106
SUB_ID 106
LO (11):  4296 4297 4313 4318 4343 4814 5057 5059 5837 5838 6287
LI (26):  33 34 35 36 67 69 75 341 733 2556 2563 3706 3713 3888 4336 4337 4338 4573 4776 4777 4779 4807 5056 5770 5771 5836
NODE_NUM = 49
FILE multiplier_sub_106.aig

# Subcircuit 107
SUB_ID 107
LO (8):  4336 4360 4393 4579 5056 5314 5564 6593
LI (27):  21 30 33 68 71 72 479 1232 1651 3078 3083 3085 3711 4352 4354 4355 4388 5042 5043 5044 5045 5057 5262 5297 5298 5299 5300
NODE_NUM = 46
FILE multiplier_sub_107.aig

# Subcircuit 108
SUB_ID 108
LO (14):  4388 4428 4430 4457 4458 4526 4867 5980 6463 9009 9334 9336 9692 10238
LI (26):  9 21 79 80 81 91 98 99 505 571 1656 1658 1764 3184 4387 4516 4517 4857 4858 4860 5970 5971 5973 6453 6454 6456
NODE_NUM = 50
FILE multiplier_sub_108.aig

# Subcircuit 109
SUB_ID 109
LO (8):  4467 4684 4695 4937 4938 4940 5166 5671
LI (26):  3 6 95 97 98 99 269 271 293 363 403 4452 4466 4481 4484 4485 4676 4716 4717 4719 4923 4925 4928 4934 5667 5669
NODE_NUM = 47
FILE multiplier_sub_109.aig

# Subcircuit 110
SUB_ID 110
LO (14):  4484 4492 4493 4505 4509 4516 4517 4858 5227 7014 7924 8580 8701 8909
LI (26):  18 21 82 83 94 96 361 505 512 1252 1351 1381 1651 1658 1841 3378 4508 7009 7918 7919 8357 8552 8553 8557 8568 8577
NODE_NUM = 47
FILE multiplier_sub_110.aig

# Subcircuit 111
SUB_ID 111
LO (8):  4528 4568 4569 6097 6358 6396 6707 6715
LI (16):  33 389 813 2556 3706 4546 4567 5842 6008 6063 6069 6091 6282 6357 6372 6390
NODE_NUM = 49
FILE multiplier_sub_111.aig

# Subcircuit 112
SUB_ID 112
LO (9):  4546 4567 4807 5042 5297 5559 5836 6060 6063
LI (23):  36 67 68 69 3711 3888 4321 4330 4542 4552 4558 4790 4794 4798 5038 5039 5291 5294 5551 5554 5829 5832 6059
NODE_NUM = 50
FILE multiplier_sub_112.aig

# Subcircuit 113
SUB_ID 113
LO (13):  4576 4577 4602 4603 4626 4640 4871 6091 6422 6425 6723 6731 8047
LI (26):  24 30 73 79 86 545 1029 1057 2064 2071 3078 3085 4619 4622 4623 4636 4638 6085 6086 6128 6270 6271 6275 6396 6401 6415
NODE_NUM = 46
FILE multiplier_sub_113.aig

# Subcircuit 114
SUB_ID 114
LO (18):  4652 4687 4688 4693 4712 4717 5176 5187 5200 5432 5435 5444 5446 5683 5686 7404 7722 8010
LI (19):  3 99 100 101 267 271 683 2808 4713 5172 5173 5182 5196 5197 5206 5431 5443 5452 5682
NODE_NUM = 50
FILE multiplier_sub_114.aig

# Subcircuit 115
SUB_ID 115
LO (12):  4719 4727 4730 4738 4740 5669 6503 6522 6523 6765 6801 6802
LI (22):  12 97 100 269 356 361 683 2985 4218 4669 4675 6232 6243 6245 6246 6252 6445 6463 6495 6500 6794 6797
NODE_NUM = 49
FILE multiplier_sub_115.aig

# Subcircuit 116
SUB_ID 116
LO (10):  4741 4752 4753 4774 6270 6271 8221 8224 8359 8568
LI (23):  18 24 80 86 92 690 1126 1252 1259 1867 2064 2071 4768 4769 6260 6264 8032 8033 8034 8035 8039 8196 8214
NODE_NUM = 46
FILE multiplier_sub_116.aig

# Subcircuit 117
SUB_ID 117
LO (9):  4768 4776 4777 6984 6986 7145 7242 7264 7586
LI (19):  33 71 79 454 2069 3706 3713 4766 6840 6851 6862 6863 6864 6936 6937 6941 6964 6975 7239
NODE_NUM = 45
FILE multiplier_sub_117.aig

# Subcircuit 118
SUB_ID 118
LO (12):  4790 5007 5012 5014 5038 5039 5278 5289 5291 5294 5541 5814
LI (12):  36 37 39 65 66 67 263 289 5006 5011 5036 5274
NODE_NUM = 47
FILE multiplier_sub_118.aig

# Subcircuit 119
SUB_ID 119
LO (9):  4794 4798 4815 6357 6682 6711 6714 6863 6864
LI (19):  36 67 313 606 3078 4314 4319 4796 6295 6296 6336 6342 6358 6592 6603 6677 6678 6695 6707
NODE_NUM = 47
FILE multiplier_sub_119.aig

# Subcircuit 120
SUB_ID 120
LO (13):  4819 4833 4836 4857 4860 5065 5578 5855 6380 6384 7259 7467 7595
LI (29):  30 72 73 76 82 837 1468 1651 1656 2556 2561 3083 3266 5061 5063 5568 5569 5570 5845 5846 5848 6382 7145 7242 7243 7244 7245 7463 7465
NODE_NUM = 47
FILE multiplier_sub_120.aig

# Subcircuit 121
SUB_ID 121
LO (9):  4892 4906 6445 6759 7035 7053 7056 7330 7338
LI (21):  15 88 505 945 950 2453 3404 4883 4884 4887 6258 6428 6434 6755 6756 6774 6814 6825 6836 7034 7042
NODE_NUM = 50
FILE multiplier_sub_121.aig

# Subcircuit 122
SUB_ID 122
LO (18):  4907 4909 4939 4942 4954 4958 4966 5149 5470 5619 5923 6434 6755 6756 7009 7298 7425 8023
LI (32):  9 15 87 89 94 95 98 356 361 510 512 945 950 1259 2480 4461 4956 5147 5460 5464 6430 6431 6742 6743 6744 6745 7008 7292 7296 7416 7417 7420
NODE_NUM = 48
FILE multiplier_sub_122.aig

# Subcircuit 123
SUB_ID 123
LO (16):  4967 4986 4987 4988 4990 5228 5230 5248 5489 5596 5733 5742 5743 6118 6274 6401
LI (30):  21 24 80 81 82 83 84 85 1232 1381 1587 1651 1656 1658 1764 2064 2069 2071 4980 4981 5238 5240 5242 5485 5594 5996 5998 6000 6114 6121
NODE_NUM = 50
FILE multiplier_sub_123.aig

# Subcircuit 124
SUB_ID 124
LO (11):  5006 5011 5036 5043 5044 5274 5829 5832 6059 6296 6339
LI (26):  36 37 38 39 67 68 72 341 479 3706 3713 4314 4319 4555 5027 5031 5264 5265 5267 5782 5828 6010 6011 6012 6055 6060
NODE_NUM = 50
FILE multiplier_sub_124.aig

# Subcircuit 125
SUB_ID 125
LO (13):  5061 5063 5073 5093 5249 5250 5256 5333 5506 5569 5846 5848 6085
LI (27):  27 74 75 76 77 78 1003 2556 2561 2563 2707 3083 3085 4998 5059 5070 5074 5076 5081 5082 5253 5323 5324 5496 5497 5499 6083
NODE_NUM = 50
FILE multiplier_sub_125.aig

# Subcircuit 126
SUB_ID 126
LO (8):  5125 5144 5145 5147 5391 5397 5471 5913
LI (28):  12 91 92 93 94 505 571 683 688 690 779 3184 3598 4952 4953 5120 5121 5122 5132 5133 5138 5381 5383 5393 5394 5904 5906 5908
NODE_NUM = 47
FILE multiplier_sub_126.aig

# Subcircuit 127
SUB_ID 127
LO (14):  5172 5173 5182 5196 5197 5206 5226 5452 5962 5964 8700 9214 9323 9678
LI (23):  3 18 88 100 101 102 103 269 271 293 1252 1259 2164 5181 5220 5221 5448 5943 5951 5952 5954 8690 8694
NODE_NUM = 49
FILE multiplier_sub_127.aig

# Subcircuit 128
SUB_ID 128
LO (11):  5220 5238 5240 5253 6851 6964 7278 8851 8866 8867 9167
LI (27):  24 30 74 80 86 87 1257 1351 1381 2064 2217 3266 6841 6842 6844 6954 6955 6957 7268 7269 7271 8704 8705 8706 8708 8845 8864
NODE_NUM = 50
FILE multiplier_sub_128.aig

# Subcircuit 129
SUB_ID 129
LO (15):  5264 5265 5298 5299 5300 5323 5770 6010 6011 6937 7888 8161 8163 8168 8176
LI (22):  36 70 71 73 389 545 1029 2556 3706 3713 3888 4314 4321 5769 7759 7770 7771 7777 7854 7880 7885 8160
NODE_NUM = 45
FILE multiplier_sub_129.aig

# Subcircuit 130
SUB_ID 130
LO (15):  5364 5365 5381 5398 5401 5415 5970 6158 6175 6744 6836 7031 7956 7959 8242
LI (22):  12 15 91 96 356 505 510 683 945 952 2808 3378 4008 4691 6153 6170 6831 7026 7732 7738 7947 7952
NODE_NUM = 50
FILE multiplier_sub_130.aig

# Subcircuit 131
SUB_ID 131
LO (12):  5416 5418 5443 5950 5951 6212 6214 6231 6232 6238 6500 6780
LI (20):  3 6 99 100 103 104 267 361 363 5444 5946 5947 5968 6188 6189 6193 6204 6211 6220 6235
NODE_NUM = 46
FILE multiplier_sub_131.aig

# Subcircuit 132
SUB_ID 132
LO (8):  5448 5460 5464 7691 7969 7988 7993 7998
LI (20):  9 97 104 271 505 510 4218 5462 7391 7392 7393 7394 7395 7656 7675 7680 7688 7964 7965 7982
NODE_NUM = 49
FILE multiplier_sub_132.aig

# Subcircuit 133
SUB_ID 133
LO (8):  5483 5485 5719 6153 6742 6838 6839 7128
LI (25):  15 21 86 90 91 92 945 950 952 1057 1658 2985 5477 5478 5709 5710 6149 6151 6548 6559 6560 6564 6726 6731 7127
NODE_NUM = 50
FILE multiplier_sub_133.aig

# Subcircuit 134
SUB_ID 134
LO (10):  5496 5497 5513 7239 7589 7615 7618 7746 7747 7885
LI (20):  33 74 80 1126 2556 2563 3713 5512 7224 7225 7229 7439 7450 7461 7472 7585 7586 7595 7603 7611
NODE_NUM = 47
FILE multiplier_sub_134.aig

# Subcircuit 135
SUB_ID 135
LO (22):  5512 5533 5551 5554 5789 5793 5794 5798 5799 5800 6036 6037 6342 6879 7160 7163 7498 7499 7785 7787 8137 8419
LI (23):  36 39 40 65 70 72 73 263 454 3711 3888 4314 4319 5289 5520 5521 5524 5547 5550 5792 5797 6338 6339
NODE_NUM = 50
FILE multiplier_sub_135.aig

# Subcircuit 136
SUB_ID 136
LO (7):  5547 5568 8160 8510 8528 8716 8842
LI (18):  39 68 313 837 3078 5007 5014 5541 5542 8079 8080 8086 8149 8161 8403 8414 8509 8525
NODE_NUM = 47
FILE multiplier_sub_136.aig

# Subcircuit 137
SUB_ID 137
LO (12):  5570 5592 5594 5618 5621 7245 7268 7450 9556 9699 9700 9702
LI (24):  24 30 75 81 88 1252 1257 1468 2064 2217 2453 3266 7440 7441 7443 9354 9355 9356 9357 9359 9522 9540 9545 9553
NODE_NUM = 47
FILE multiplier_sub_137.aig

# Subcircuit 138
SUB_ID 138
LO (9):  5642 5643 5682 5943 5969 6204 7334 7337 7653
LI (21):  6 12 95 356 683 690 3404 4715 5458 5459 5659 5662 5671 5676 5703 5932 5933 7108 7315 7321 7330
NODE_NUM = 50
FILE multiplier_sub_138.aig

# Subcircuit 139
SUB_ID 139
LO (9):  5667 5703 5709 6193 6235 8605 8656 8917 8925
LI (21):  6 15 100 101 102 356 361 363 403 945 3184 5176 5697 5698 8324 8335 8341 8580 8585 8593 8602
NODE_NUM = 47
FILE multiplier_sub_139.aig

# Subcircuit 140
SUB_ID 140
LO (12):  5710 5723 5731 5732 5744 6415 7008 7439 7907 9206 9209 9553
LI (26):  21 24 82 87 89 93 952 1257 1651 1658 2140 2217 6405 6409 7006 7429 7433 7897 7898 7900 9018 9019 9188 9189 9190 9192
NODE_NUM = 48
FILE multiplier_sub_140.aig

# Subcircuit 141
SUB_ID 141
LO (10):  5763 5769 5782 6102 6338 7585 7759 7770 8079 8409
LI (29):  27 33 36 72 74 80 81 1232 2556 2561 2563 3711 4321 5755 5757 5758 5781 6100 7473 7474 7475 7581 7589 7760 7761 7762 8069 8073 8408
NODE_NUM = 46
FILE multiplier_sub_141.aig

# Subcircuit 142
SUB_ID 142
LO (8):  5781 5792 5797 5828 6055 6328 6333 6629
LI (17):  40 41 42 66 70 4555 5780 5789 5794 5799 5800 5808 5822 6032 6045 6311 6325
NODE_NUM = 44
FILE multiplier_sub_142.aig

# Subcircuit 143
SUB_ID 143
LO (9):  5808 5822 5845 6032 8509 8816 8845 9043 9161
LI (25):  39 42 68 69 341 1003 3078 5007 5012 5014 5533 5814 5816 5817 6022 6023 6024 8495 8501 8510 8716 8727 8815 8837 8842
NODE_NUM = 50
FILE multiplier_sub_143.aig

# Subcircuit 144
SUB_ID 144
LO (17):  5904 5906 5921 5932 5933 5946 5947 6536 6831 7108 7394 8254 8257 8326 8328 8593 8671
LI (23):  9 12 95 96 99 104 105 505 512 688 690 4461 5919 5925 6827 6828 7098 7102 8009 8010 8014 8245 8250
NODE_NUM = 49
FILE multiplier_sub_144.aig

# Subcircuit 145
SUB_ID 145
LO (15):  5952 5954 5971 5973 5986 6220 6456 7964 7965 9918 9921 10250 10258 11109 11460
LI (25):  9 21 88 99 100 104 105 269 271 510 512 1658 6216 6217 7711 7712 7713 7963 9676 9687 9688 9692 9901 9906 9914
NODE_NUM = 48
FILE multiplier_sub_145.aig

# Subcircuit 146
SUB_ID 146
LO (9):  5988 5996 6022 10940 10976 11119 11131 11155 11290
LI (18):  39 87 389 1656 1841 2064 5007 10553 10774 10775 10776 10787 10898 10904 10927 10931 10953 10970
NODE_NUM = 47
FILE multiplier_sub_146.aig

# Subcircuit 147
SUB_ID 147
LO (9):  6023 6024 6677 6678 6936 7224 7484 7485 7559
LI (19):  39 68 70 5014 5278 6616 6617 6618 6620 6668 6673 6682 6912 6915 6930 7158 7212 7213 7558
NODE_NUM = 46
FILE multiplier_sub_147.aig

# Subcircuit 148
SUB_ID 148
LO (7):  6045 6069 6325 8815 9055 9067 9078
LI (25):  42 66 67 76 289 3713 5793 5798 5800 6037 6039 6040 6068 6315 6316 6317 8493 8739 8794 8795 8799 8816 9068 9069 9070
NODE_NUM = 47
FILE multiplier_sub_148.aig

# Subcircuit 149
SUB_ID 149
LO (15):  6068 6083 6098 6100 6131 6132 6695 6941 7762 8864 9540 10583 10586 11297 11495
LI (29):  27 30 33 74 75 77 80 91 1252 1259 1351 2556 2707 2808 3266 3711 3888 6685 6686 6687 6940 8859 9530 9531 9533 10400 10401 10403 10582
NODE_NUM = 47
FILE multiplier_sub_149.aig

# Subcircuit 150
SUB_ID 150
LO (11):  6149 6151 6170 6189 6430 7026 7315 7656 7952 7963 8250
LI (25):  15 93 94 95 97 356 690 779 950 952 5200 6168 6169 7025 7109 7110 7111 7112 7308 7414 7640 7643 7653 7956 7959
NODE_NUM = 43
FILE multiplier_sub_150.aig

# Subcircuit 151
SUB_ID 151
LO (13):  6211 6484 6495 6510 6794 6797 7065 7067 7084 7086 7093 7665 7972
LI (18):  3 105 106 267 356 6212 6480 6481 6490 6506 6507 6516 6793 6802 7060 7064 7073 7092
NODE_NUM = 49
FILE multiplier_sub_151.aig

# Subcircuit 152
SUB_ID 152
LO (10):  6216 6217 6243 6252 6516 8934 8956 8959 8983 8995
LI (23):  6 12 98 104 106 271 293 356 690 5446 6238 6251 6512 6514 8655 8656 8667 8668 8672 8920 8925 8947 8952
NODE_NUM = 48
FILE multiplier_sub_152.aig

# Subcircuit 153
SUB_ID 153
LO (12):  6251 6260 6264 6275 6559 7941 8039 8552 8885 8900 8901 10031
LI (28):  18 24 84 90 91 96 779 1252 1257 1381 2217 2985 6250 6274 6549 6550 6552 7931 7932 7933 8038 8359 8360 8361 8363 8544 8884 8898
NODE_NUM = 50
FILE multiplier_sub_153.aig

# Subcircuit 154
SUB_ID 154
LO (9):  6295 6336 6673 6871 7854 8080 8086 8498 8731
LI (29):  33 39 69 71 76 77 454 837 3706 3711 3713 5007 5014 5278 6287 6289 6290 6300 6301 6302 6328 6333 6867 6869 7562 7837 7838 7842 8085
NODE_NUM = 49
FILE multiplier_sub_154.aig

# Subcircuit 155
SUB_ID 155
LO (15):  6300 6311 6633 6638 6640 6649 6668 6877 6889 6892 6895 7180 7797 8096 8430
LI (13):  42 43 45 65 66 70 263 289 5012 6629 6632 6637 6662
NODE_NUM = 38
FILE multiplier_sub_155.aig

# Subcircuit 156
SUB_ID 156
LO (12):  6315 6316 6317 6912 6915 7212 7213 7558 7562 7581 7771 7783
LI (23):  42 66 68 313 5793 5800 6036 6876 6877 6878 6879 6881 6904 7192 7195 7210 7484 7485 7496 7549 7552 7559 7575
NODE_NUM = 48
FILE multiplier_sub_156.aig

# Subcircuit 157
SUB_ID 157
LO (11):  6367 6382 6405 6409 6603 6957 8196 8529 8532 8541 8708
LI (25):  27 30 78 79 80 81 87 1651 1764 2453 2707 3083 3085 3266 6366 6408 6593 7894 8179 8180 8181 8183 8382 8386 8528
NODE_NUM = 47
FILE multiplier_sub_157.aig

# Subcircuit 158
SUB_ID 158
LO (14):  6408 6428 6431 6453 6454 6548 7918 8920 9237 9275 9276 9299 9606 10370
LI (24):  15 88 93 101 505 512 1057 1656 4715 6259 6422 6425 7916 8679 8680 8682 8912 8917 8934 8994 8995 9234 9249 9273
NODE_NUM = 50
FILE multiplier_sub_158.aig

# Subcircuit 159
SUB_ID 159
LO (14):  6480 6481 6490 6506 6507 6512 6514 6534 7073 7373 7688 7712 8009 8319
LI (25):  3 9 102 105 106 107 108 269 271 293 505 512 5176 6489 6528 6529 7069 7086 7349 7357 7358 7360 7999 8003 8318
NODE_NUM = 50
FILE multiplier_sub_159.aig

# Subcircuit 160
SUB_ID 160
LO (11):  6528 6535 6549 6550 6552 6825 8357 9231 9234 9332 9570
LI (27):  9 18 92 93 100 101 510 571 683 1252 1257 1259 3184 4461 6815 6816 6818 8352 9006 9212 9213 9214 9215 9227 9322 9323 9324
NODE_NUM = 48
FILE multiplier_sub_160.aig

# Subcircuit 161
SUB_ID 161
LO (14):  6560 6564 6592 6726 6840 6842 6844 6991 7269 7271 7440 7443 7461 8381
LI (26):  24 27 85 86 87 88 89 1587 1651 1656 1764 2064 2069 2071 2140 2217 2480 2556 6575 6576 6587 6718 6723 6990 7456 8376
NODE_NUM = 49
FILE multiplier_sub_161.aig

# Subcircuit 162
SUB_ID 162
LO (9):  6587 6616 6862 7136 8727 9157 9160 9367 9369
LI (24):  27 36 75 82 83 84 733 2561 2563 2707 4314 4321 6586 6610 6611 6852 6853 8717 8721 9042 9043 9044 9048 9150
NODE_NUM = 49
FILE multiplier_sub_162.aig

# Subcircuit 163
SUB_ID 163
LO (13):  6610 6617 6618 6620 6632 6637 6662 6867 6869 6930 7210 7496 7497
LI (28):  36 39 42 43 44 45 71 72 73 74 341 479 4319 4555 5007 5012 5014 5793 6657 6920 6921 6923 7200 7202 7204 7486 7487 7488
NODE_NUM = 46
FILE multiplier_sub_163.aig

# Subcircuit 164
SUB_ID 164
LO (12):  6657 6685 6686 6881 7192 7195 9496 9497 9715 9727 9731 10103
LI (23):  42 67 68 69 78 1003 3706 3713 5798 5800 6036 6656 7160 7161 7163 7191 9378 9389 9390 9470 9471 9475 9492
NODE_NUM = 46
FILE multiplier_sub_164.aig

# Subcircuit 165
SUB_ID 165
LO (11):  6687 6718 6743 6745 6975 12896 12897 13015 13039 13258 13266
LI (22):  33 76 94 945 1057 3598 3888 6711 6714 6715 12624 12635 12646 12647 12648 12649 12651 12853 12871 12876 12884 12892
NODE_NUM = 49
FILE multiplier_sub_165.aig

# Subcircuit 166
SUB_ID 166
LO (14):  6787 6814 6815 6816 6818 6827 7092 7102 7393 7410 7675 7711 7723 8003
LI (31):  6 100 102 103 104 105 106 356 361 363 403 505 510 512 690 5200 5950 6214 6780 6781 6782 6808 6809 7088 7100 7404 7408 7665 7666 7668 8001
NODE_NUM = 47
FILE multiplier_sub_166.aig

# Subcircuit 167
SUB_ID 167
LO (10):  6841 6852 6876 7748 12059 12079 12082 12289 12459 12467
LI (18):  39 545 1841 2064 2164 2556 5007 6871 11874 11875 11877 11888 11899 12027 12033 12042 12050 12072
NODE_NUM = 49
FILE multiplier_sub_167.aig

# Subcircuit 168
SUB_ID 168
LO (9):  6878 6904 7191 7549 7552 7837 8131 8149 8416
LI (19):  45 67 389 5793 6640 6649 6889 6895 7174 7188 7507 7544 7545 7783 7794 7823 7826 8128 8143
NODE_NUM = 50
FILE multiplier_sub_168.aig

# Subcircuit 169
SUB_ID 169
LO (14):  6920 6921 6923 6940 6954 6955 7158 7575 7777 8179 8525 8533 8717 9047
LI (28):  33 36 75 76 78 82 813 1351 3078 3085 3711 4314 4319 4321 7148 7149 7150 7565 7569 7773 7774 8056 8057 8058 8059 8163 8168 8176
NODE_NUM = 50
FILE multiplier_sub_169.aig

# Subcircuit 170
SUB_ID 170
LO (24):  6987 6990 7006 7025 7060 7064 7112 7349 7356 7357 7374 7433 7680 7933 8557 8898 10733 11100 11740 12269 12906 13281 13453 13456
LI (27):  21 90 92 95 96 108 109 267 950 1057 1381 1651 1656 2808 6803 7053 7056 7065 7342 7345 7352 7353 7431 8555 8888 8889 8890
NODE_NUM = 48
FILE multiplier_sub_170.aig

# Subcircuit 171
SUB_ID 171
LO (11):  7069 7088 7098 7100 7342 7345 7982 8667 9610 9613 9949
LI (23):  6 9 102 107 109 271 363 505 571 5446 7093 7341 7972 7976 8657 8658 8660 9298 9589 9590 9591 9593 9606
NODE_NUM = 47
FILE multiplier_sub_171.aig

# Subcircuit 172
SUB_ID 172
LO (11):  7109 7110 7111 7127 7133 7134 9018 9188 9545 11323 11710
LI (23):  21 27 90 98 945 952 1651 1764 1867 2556 2985 4218 7033 7035 7126 7128 9013 9020 9026 9181 11119 11125 11316
NODE_NUM = 48
FILE multiplier_sub_172.aig

# Subcircuit 173
SUB_ID 173
LO (26):  7148 7149 7150 7161 7174 7513 7518 7520 7523 7774 7810 7813 8113 8493 8495 9069 9081 9406 9778 10507 10870 11249 11250 11251 11531 11914
LI (20):  42 45 46 65 66 71 75 77 263 837 4314 4321 4555 5800 7512 7517 8416 8417 8421 8487
NODE_NUM = 49
FILE multiplier_sub_173.aig

# Subcircuit 174
SUB_ID 174
LO (8):  7188 7200 7544 7545 9145 9147 9390 9391
LI (22):  45 67 68 313 606 5007 6633 6638 6640 7180 7182 7183 7531 7532 7533 7534 9066 9067 9078 9079 9119 9125
NODE_NUM = 47
FILE multiplier_sub_174.aig

# Subcircuit 175
SUB_ID 175
LO (14):  7202 7225 7229 7243 7244 7291 7427 7475 8057 8403 8837 9066 9389 10904
LI (30):  33 39 72 78 79 83 1126 1468 3078 3085 3706 3711 3888 5278 7122 7288 8393 8394 8395 8827 8828 8830 9056 9057 9059 9379 9380 9382 10900 10902
NODE_NUM = 48
FILE multiplier_sub_175.aig

# Subcircuit 176
SUB_ID 176
LO (13):  7292 7296 7308 7321 7341 7392 7408 7426 7732 8694 9215 9324 9687
LI (28):  12 18 93 94 99 100 101 688 690 779 1252 1257 1381 3404 7121 7291 7298 7320 7334 7337 7338 7722 7723 7725 8692 9677 9678 9680
NODE_NUM = 47
FILE multiplier_sub_176.aig

# Subcircuit 177
SUB_ID 177
LO (12):  7352 7353 7358 7360 7380 7391 7698 7996 7997 8282 8284 8285
LI (17):  3 109 110 111 267 269 271 7374 7381 7383 7694 7695 7700 7701 7988 7993 8281
NODE_NUM = 47
FILE multiplier_sub_177.aig

# Subcircuit 178
SUB_ID 178
LO (10):  7383 7395 7414 7416 8680 11006 11051 11060 11072 11084
LI (19):  12 15 99 103 109 293 571 952 7410 10629 10716 10717 10728 10729 10730 10734 11000 11019 11045
NODE_NUM = 47
FILE multiplier_sub_178.aig

# Subcircuit 179
SUB_ID 179
LO (11):  7417 7429 7441 7622 7745 9901 10278 10344 10603 10612 10620
LI (22):  24 90 97 1057 1651 2071 3184 7285 7427 7615 7618 9699 9884 9885 9889 10016 10027 10232 10246 10250 10258 10272
NODE_NUM = 49
FILE multiplier_sub_179.aig

# Subcircuit 180
SUB_ID 180
LO (16):  7456 7463 7465 7472 7473 7474 7752 7880 8056 8058 8386 8393 8394 8828 9042 9509
LI (30):  30 33 81 83 84 85 86 87 1232 1587 2561 2563 2707 3078 3083 3085 3706 3713 7455 7467 7870 7872 7874 8046 8047 8048 8384 9032 9036 9508
NODE_NUM = 50
FILE multiplier_sub_180.aig

# Subcircuit 181
SUB_ID 181
LO (15):  7486 7487 7488 7507 7512 7517 7531 7823 7826 8085 8125 8128 8477 8479 8799
LI (25):  42 46 47 48 71 73 75 733 5007 5014 5278 5798 7497 7498 7499 7523 7528 7806 7819 8084 8103 8107 8121 8476 8797
NODE_NUM = 50
FILE multiplier_sub_181.aig

# Subcircuit 182
SUB_ID 182
LO (11):  7528 7532 7533 7534 7565 8103 10553 10574 10788 10800 10931
LI (23):  45 48 67 69 341 1003 4314 6633 6640 6892 7174 8093 8094 8096 10422 10433 10444 10445 10522 10528 10544 10566 10571
NODE_NUM = 50
FILE multiplier_sub_182.aig

# Subcircuit 183
SUB_ID 183
LO (10):  7569 7623 7624 14453 14488 14502 14505 14625 14831 14861
LI (21):  36 76 77 96 1252 1259 3598 4319 4555 14241 14252 14263 14264 14265 14266 14267 14447 14466 14471 14479 14501
NODE_NUM = 50
FILE multiplier_sub_183.aig

# Subcircuit 184
SUB_ID 184
LO (8):  7626 7666 12164 12167 12229 12241 12253 12266
LI (17):  18 95 108 363 1257 11735 11816 11827 11828 11839 11840 12102 12103 12104 12105 12131 12163
NODE_NUM = 47
FILE multiplier_sub_184.aig

# Subcircuit 185
SUB_ID 185
LO (12):  7668 7694 7695 7700 7701 8301 8302 8606 8609 8623 8947 9273
LI (24):  3 6 107 110 111 112 271 293 361 7997 8277 8285 8286 8288 8303 8304 8305 8605 8937 8938 8939 9263 9264 9265
NODE_NUM = 50
FILE multiplier_sub_185.aig

# Subcircuit 186
SUB_ID 186
LO (10):  7713 7725 7738 8245 8341 8585 8682 9006 9316 9676
LI (26):  15 98 99 100 102 104 571 688 950 952 1057 7737 8227 8228 8229 8242 8339 8340 8996 8999 9000 9312 9313 9666 9667 9669
NODE_NUM = 48
FILE multiplier_sub_186.aig

# Subcircuit 187
SUB_ID 187
LO (10):  7760 7761 7773 7794 10898 11276 11306 11307 11668 11676
LI (20):  42 79 82 545 1351 3706 3713 4321 5793 7789 10788 10794 10890 11153 11155 11166 11273 11274 11290 11304
NODE_NUM = 47
FILE multiplier_sub_187.aig

# Subcircuit 188
SUB_ID 188
LO (7):  7789 7806 7815 8487 8753 8794 9079
LI (26):  45 68 69 71 289 389 6036 6633 6638 6892 7513 7785 7787 7797 7801 7814 8428 8429 8430 8479 8484 8740 8741 8742 8744 8786
NODE_NUM = 49
FILE multiplier_sub_188.aig

# Subcircuit 189
SUB_ID 189
LO (9):  7814 7819 7838 7842 10204 10422 10445 10446 10544
LI (20):  48 67 74 813 5007 5278 7520 7813 7815 7841 10088 10099 10100 10111 10112 10123 10124 10125 10129 10174
NODE_NUM = 50
FILE multiplier_sub_189.aig

# Subcircuit 190
SUB_ID 190
LO (11):  7841 7870 7872 7897 9884 10229 10232 10433 10589 10590 10595
LI (23):  30 39 75 83 1841 2064 2808 3078 3266 5012 9700 9702 9850 9856 9878 10039 10051 10217 10219 10423 10424 10425 10586
NODE_NUM = 50
FILE multiplier_sub_190.aig

# Subcircuit 191
SUB_ID 191
LO (13):  7898 7900 7916 7931 7932 8038 8363 9587 9589 9906 9914 9922 10032
LI (22):  21 90 91 92 97 1252 1259 1764 2069 2071 4008 9299 9310 9321 9332 9333 9334 9336 9556 9562 9570 9578
NODE_NUM = 48
FILE multiplier_sub_191.aig

# Subcircuit 192
SUB_ID 192
LO (10):  7976 8277 8637 8952 8963 9285 9640 9984 10328 10329
LI (24):  6 107 108 361 403 7998 8260 8261 8262 8264 8302 8606 8609 8631 8956 8959 9280 9282 9635 9637 9981 9985 10323 10325
NODE_NUM = 49
FILE multiplier_sub_192.aig

# Subcircuit 193
SUB_ID 193
LO (9):  7999 8001 8014 8032 8335 9249 11374 11446 11447
LI (24):  12 18 102 103 105 505 571 688 779 1252 4218 6484 8027 8325 8326 8328 9239 9240 9242 11006 11106 11107 11349 11355
NODE_NUM = 49
FILE multiplier_sub_193.aig

# Subcircuit 194
SUB_ID 194
LO (10):  8027 8035 8048 8059 9036 12871 14118 14241 14471 14479
LI (25):  30 33 81 84 97 1257 2064 2985 3266 3888 8023 8024 9035 12861 12862 12864 13879 13890 13891 13892 13894 14092 14098 14106 14114
NODE_NUM = 49
FILE multiplier_sub_194.aig

# Subcircuit 195
SUB_ID 195
LO (13):  8069 8073 8084 8093 8408 8739 9059 11273 11274 11643 11650 11664 11667
LI (24):  39 45 76 78 79 454 1126 4314 4319 4555 5012 6633 8407 8729 8730 8731 11178 11179 11185 11265 11276 11526 11640 11663
NODE_NUM = 49
FILE multiplier_sub_195.aig

# Subcircuit 196
SUB_ID 196
LO (15):  8094 8107 8444 8449 8451 8476 8752 8767 8778 8779 9102 9440 10137 10492 10852
LI (14):  48 49 51 65 66 67 71 263 289 6640 8443 8448 8473 8477
NODE_NUM = 48
FILE multiplier_sub_196.aig

# Subcircuit 197
SUB_ID 197
LO (8):  8121 8143 8473 10125 10522 10881 10884 10887
LI (27):  42 48 67 68 74 313 606 5793 5800 7513 7518 7520 8113 8115 8116 8137 8138 8463 8464 8465 10446 10505 10506 10507 10508 10811 10880
NODE_NUM = 49
FILE multiplier_sub_197.aig

# Subcircuit 198
SUB_ID 198
LO (10):  8180 8181 8183 8214 8376 10051 10608 10611 10774 10981
LI (26):  21 27 88 89 95 1651 1658 2453 2556 2561 2563 3404 8208 8209 8372 8373 10045 10046 10377 10388 10389 10390 10391 10590 10595 10604
NODE_NUM = 50
FILE multiplier_sub_198.aig

# Subcircuit 199
SUB_ID 199
LO (12):  8208 8227 8228 8229 8555 8577 11000 11107 11349 11728 11735 11737
LI (24):  21 93 94 101 945 952 1656 1764 4715 8021 8221 8224 10751 10752 10753 10755 10984 10989 10997 11342 11345 11447 11458 11725
NODE_NUM = 50
FILE multiplier_sub_199.aig

# Subcircuit 200
SUB_ID 200
LO (20):  8260 8261 8262 8264 8281 8602 8620 8631 8644 8655 8938 8969 8971 9264 9280 9282 9288 9291 9644 10306
LI (23):  3 109 110 112 113 267 356 361 363 7356 7969 8254 8257 8282 8616 8617 8626 8640 8641 8650 8968 8977 9279
NODE_NUM = 50
FILE multiplier_sub_200.aig

# Subcircuit 201
SUB_ID 201
LO (14):  8286 8288 8303 8304 8305 8626 9265 9298 9981 9985 10323 10325 10672 10715
LI (26):  6 109 111 112 113 269 271 356 363 403 7380 8622 8623 9288 9289 9291 9643 9644 9645 9647 9952 9978 10004 10318 10319 10669
NODE_NUM = 48
FILE multiplier_sub_201.aig

# Subcircuit 202
SUB_ID 202
LO (9):  8318 8324 8325 8339 9310 10272 10629 10648 10729
LI (25):  9 12 15 101 106 107 505 510 571 683 950 5950 6510 8319 9305 10262 10263 10264 10343 10344 10345 10346 10347 10623 10642
NODE_NUM = 48
FILE multiplier_sub_202.aig

# Subcircuit 203
SUB_ID 203
LO (11):  8352 8360 8361 8372 9531 10039 10388 11125 11721 12083 12091
LI (25):  24 27 90 93 98 99 1257 1259 2064 2071 2563 3184 8349 8351 10029 10033 10378 10382 11124 11480 11481 11485 11704 11710 11718
NODE_NUM = 47
FILE multiplier_sub_203.aig

# Subcircuit 204
SUB_ID 204
LO (13):  8373 8382 8384 8395 8407 8414 9508 10205 10207 10566 10582 10776 11146
LI (26):  33 36 80 82 85 88 1232 2140 2707 3078 3266 3888 4314 4319 8409 9507 10077 10078 10079 10204 10411 10412 10414 10561 10574 10579
NODE_NUM = 47
FILE multiplier_sub_204.aig

# Subcircuit 205
SUB_ID 205
LO (10):  8417 8421 8428 9470 9807 9843 9846 10076 10088 10100
LI (19):  45 74 479 733 5793 5798 6633 8419 9391 9397 9462 9501 9714 9715 9726 9727 9738 9806 9835
NODE_NUM = 50
FILE multiplier_sub_205.aig

# Subcircuit 206
SUB_ID 206
LO (12):  8429 8443 8448 8463 8464 8465 9119 9462 9806 10112 10124 10127
LI (25):  48 49 50 51 67 69 72 341 6640 7513 7520 7810 9080 9081 9083 9111 9116 9403 9407 9454 9459 9788 9789 9803 9807
NODE_NUM = 50
FILE multiplier_sub_206.aig

# Subcircuit 207
SUB_ID 207
LO (16):  8484 8501 8544 8553 8616 8617 8704 8884 9019 9020 21052 21053 21140 21142 21312 21587
LI (27):  39 77 78 113 114 1651 3598 5012 5014 8125 8131 8381 8498 8500 8529 8532 8533 8541 8866 8867 8881 8885 20871 20872 20876 21043 21048
NODE_NUM = 49
FILE multiplier_sub_207.aig

# Subcircuit 208
SUB_ID 208
LO (14):  8622 8640 8641 8650 8657 8658 8977 9635 9637 10318 10319 10342 10654 10719
LI (24):  3 9 109 113 114 115 269 271 293 505 512 7067 8649 8973 9616 9624 9625 9627 10286 10287 10291 10302 10316 10653
NODE_NUM = 47
FILE multiplier_sub_208.aig

# Subcircuit 209
SUB_ID 209
LO (15):  8660 8668 8672 8679 8690 8705 9666 9677 10286 10343 10751 13261 13697 14253 15635
LI (25):  12 18 30 104 108 510 683 779 945 1252 2164 3078 4691 5200 6214 8671 9931 10005 10006 10008 10278 10746 13242 13248 13258
NODE_NUM = 48
FILE multiplier_sub_209.aig

# Subcircuit 210
SUB_ID 210
LO (14):  8706 8721 8729 8730 8741 9048 9057 9380 10807 11704 11875 11877 12033 12050
LI (25):  36 79 80 81 88 545 1029 3085 4319 4555 5007 5014 6633 9047 10806 11492 11503 11504 11505 11507 11671 11676 11697 11701 12032
NODE_NUM = 47
FILE multiplier_sub_210.aig

# Subcircuit 211
SUB_ID 211
LO (15):  8742 8744 8786 8795 8797 9083 9116 9125 9397 9407 9788 9789 10129 10508 10872
LI (30):  48 68 69 70 72 73 74 813 5793 6036 6638 6640 7518 7520 7810 8752 8753 8757 8779 9122 9393 9394 9406 9775 9776 9778 9780 10127 10868 10870
NODE_NUM = 50
FILE multiplier_sub_211.aig

# Subcircuit 212
SUB_ID 212
LO (12):  8827 8830 8859 8881 9026 9878 10045 10391 10414 10787 11888 12476
LI (30):  24 27 33 84 89 90 91 94 1841 2064 2071 2561 2563 2707 3378 3706 3711 8858 8875 8876 9022 9868 9872 10043 10777 10778 10779 11883 12472 12473
NODE_NUM = 47
FILE multiplier_sub_212.aig

# Subcircuit 213
SUB_ID 213
LO (14):  8875 8888 8889 8890 8912 8937 9212 9227 9354 9562 9889 10382 14511 14514
LI (28):  21 24 92 93 95 97 356 1651 1658 1764 2069 2217 4008 7698 8700 8701 8900 8901 8909 9206 9209 9344 9345 9346 9888 10381 14235 14510
NODE_NUM = 46
FILE multiplier_sub_213.aig

# Subcircuit 214
SUB_ID 214
LO (14):  8939 8968 9623 9624 9967 9978 9993 10004 10666 10669 10673 11035 11037 11061
LI (20):  3 6 110 115 116 267 356 403 8969 9619 9620 9963 9964 9973 9989 9990 9999 10332 10334 10665
NODE_NUM = 46
FILE multiplier_sub_214.aig

# Subcircuit 215
SUB_ID 215
LO (7):  8973 8994 11424 11443 11786 11788 11810
LI (18):  9 110 116 271 505 512 7356 8988 8989 11060 11071 11072 11073 11077 11382 11416 11421 11785
NODE_NUM = 45
FILE multiplier_sub_215.aig

# Subcircuit 216
SUB_ID 216
LO (12):  8988 8996 8999 9013 11725 12102 12535 12553 12611 12612 13455 13859
LI (25):  21 96 103 108 109 510 571 945 950 1764 5446 9009 9011 11459 11460 11462 11721 11728 12095 12096 12253 12264 12266 12277 12534
NODE_NUM = 50
FILE multiplier_sub_216.aig

# Subcircuit 217
SUB_ID 217
LO (10):  9011 9022 9032 9035 10970 11503 13717 14098 14106 14114
LI (24):  27 33 85 92 97 1656 1867 2563 3706 3711 10960 10964 11493 11494 11495 13240 13475 13476 13477 13478 13675 13693 13697 13711
NODE_NUM = 50
FILE multiplier_sub_217.aig

# Subcircuit 218
SUB_ID 218
LO (13):  9044 9056 9068 9070 9080 10099 10111 11178 12449 12451 12681 12807 13620
LI (22):  39 42 48 75 454 837 1126 1468 4314 5007 5793 6036 7513 10094 10106 11173 12335 12336 12347 12348 12354 12434
NODE_NUM = 49
FILE multiplier_sub_218.aig

# Subcircuit 219
SUB_ID 219
LO (11):  9111 9419 9424 9426 9435 9454 9740 9752 9755 9758 10156
LI (12):  51 52 54 65 66 263 289 8778 9108 9418 9423 9448
NODE_NUM = 42
FILE multiplier_sub_219.aig

# Subcircuit 220
SUB_ID 220
LO (8):  9108 9122 10505 10880 11265 11527 11616 11617
LI (21):  51 68 72 313 6892 8444 8451 9102 9103 10447 10488 10489 10493 10862 10863 10877 10881 11243 11245 11259 11613
NODE_NUM = 45
FILE multiplier_sub_220.aig

# Subcircuit 221
SUB_ID 221
LO (12):  9150 9181 9189 9355 9359 9492 9522 9850 10217 10219 10579 11142
LI (28):  30 88 89 2064 2453 3078 3083 3085 3404 8851 9055 9145 9147 9157 9160 9161 9167 9169 9170 9175 9515 9518 9843 9846 10063 10211 10213 11137
NODE_NUM = 49
FILE multiplier_sub_221.aig

# Subcircuit 222
SUB_ID 222
LO (11):  9190 9192 9213 9239 9240 13747 13832 13844 13856 13868 14122
LI (21):  24 94 95 107 683 690 1252 2069 2071 4715 6484 13275 13427 13438 13439 13450 13452 13463 13464 13468 13717
NODE_NUM = 47
FILE multiplier_sub_222.aig

# Subcircuit 223
SUB_ID 223
LO (12):  9242 9263 9279 9289 9305 9616 9643 9931 9952 10302 11760 11839
LI (26):  12 106 108 114 356 363 688 690 8284 8983 9275 9276 9304 9587 9610 9613 9655 9656 9657 9925 9944 9949 11759 11829 11830 11831
NODE_NUM = 48
FILE multiplier_sub_223.aig

# Subcircuit 224
SUB_ID 224
LO (20):  9304 9312 9313 9321 9322 9333 9344 9657 9667 10263 10264 10347 10377 10378 10623 10734 10997 11459 11480 12625
LI (27):  15 18 21 24 103 105 106 107 688 779 945 952 1057 1252 1651 2064 3598 4461 5176 5950 9316 10361 10372 10615 10620 10733 11475
NODE_NUM = 50
FILE multiplier_sub_224.aig

# Subcircuit 225
SUB_ID 225
LO (12):  9345 9346 9356 9357 9378 10953 11504 11697 12483 12484 12850 14078
LI (27):  30 36 82 90 94 96 1587 2071 2217 2480 3078 3085 4314 4555 9369 9371 9373 10943 10947 11687 11691 12301 12302 12304 12462 12467 12481
NODE_NUM = 48
FILE multiplier_sub_225.aig

# Subcircuit 226
SUB_ID 226
LO (12):  9371 9379 9382 9393 9394 10123 11185 12027 12324 12336 12347 13185
LI (24):  45 73 75 80 83 1232 4319 5007 5012 6640 6892 10113 10114 10116 11184 11650 11900 11901 11902 11904 12001 12020 12337 12341
NODE_NUM = 49
FILE multiplier_sub_226.aig

# Subcircuit 227
SUB_ID 227
LO (12):  9403 9418 9423 9448 9471 9775 10174 10447 10489 11618 11619 12694
LI (27):  48 51 52 53 54 68 69 341 479 1003 5793 7513 8444 8449 8451 9440 9442 9443 9740 9741 9742 9743 9767 10168 10171 11533 11617
NODE_NUM = 48
FILE multiplier_sub_227.aig

# Subcircuit 228
SUB_ID 228
LO (10):  9475 9501 9507 9515 9518 9738 12838 12841 13203 13215
LI (24):  33 42 76 77 86 2140 3706 3711 5798 6036 9367 9496 9497 9509 9514 9728 9729 9731 12680 12818 12819 12820 12821 12834
NODE_NUM = 49
FILE multiplier_sub_228.aig

# Subcircuit 229
SUB_ID 229
LO (16):  9530 9533 9578 9590 9591 16816 16818 16837 16876 16880 16883 16884 16885 16886 16909 17190
LI (24):  27 92 111 505 512 2556 2561 3184 7380 9231 9237 16519 16531 16548 16563 16564 16565 16566 16576 16810 16836 16856 16873 16874
NODE_NUM = 49
FILE multiplier_sub_229.aig

# Subcircuit 230
SUB_ID 230
LO (17):  9593 9619 9620 9625 9627 9645 9647 9973 10316 10332 10334 10723 11038 11077 11785 11816 11827
LI (28):  6 9 110 114 115 116 117 269 271 361 363 510 9969 9970 10306 10308 10310 10719 10720 11075 11771 11772 11773 11774 11786 11817 11818 11819
NODE_NUM = 48
FILE multiplier_sub_230.aig

# Subcircuit 231
SUB_ID 231
LO (12):  9655 9656 9669 9680 9688 10746 12277 13331 13333 13427 13439 13452
LI (25):  18 21 102 105 109 683 690 950 1257 1651 4691 7067 10742 10743 12267 12268 12269 12901 13002 13013 13014 13277 13283 13306 13330
NODE_NUM = 50
FILE multiplier_sub_231.aig

# Subcircuit 232
SUB_ID 232
LO (11):  9714 9718 9726 10211 10213 10425 11166 11663 12030 12314 12672
LI (27):  33 39 80 82 86 87 88 1351 2164 3706 3711 3713 3888 5007 5014 5278 9708 9709 9720 9721 10065 10066 10210 11156 11160 11653 11657
NODE_NUM = 50
FILE multiplier_sub_232.aig

# Subcircuit 233
SUB_ID 233
LO (10):  9720 9728 9729 9741 10444 13212 13214 13511 13523 13616
LI (21):  42 51 79 81 389 1029 5012 5793 5800 8444 9718 10434 10438 12789 12816 13073 13084 13090 13167 13193 13211
NODE_NUM = 47
FILE multiplier_sub_233.aig

# Subcircuit 234
SUB_ID 234
LO (9):  9742 9743 9767 10168 10171 10488 10493 10814 10825
LI (19):  54 67 68 70 8451 8767 9426 9435 9752 9758 10146 10150 10154 10158 10484 10485 10492 10815 10819
NODE_NUM = 44
FILE multiplier_sub_234.aig

# Subcircuit 235
SUB_ID 235
LO (9):  9776 9803 9835 10116 10528 10877 13193 14413 14658
LI (25):  36 45 48 74 75 76 545 813 1841 4314 6633 6638 6640 6892 7513 9797 9798 9830 10524 10526 10872 13188 14298 14304 14406
NODE_NUM = 49
FILE multiplier_sub_235.aig

# Subcircuit 236
SUB_ID 236
LO (11):  9830 9856 10079 10561 11899 12304 12853 13240 13242 13673 13675
LI (25):  36 83 84 85 91 3085 4319 4321 4555 9829 9855 10557 10559 11889 11893 12659 12660 12662 12845 12850 13039 13050 13227 13230 13672
NODE_NUM = 50
FILE multiplier_sub_236.aig

# Subcircuit 237
SUB_ID 237
LO (16):  9855 9868 9872 9885 9888 10043 10063 10403 10947 10960 10964 11124 11137 12072 12488 12491
LI (29):  30 89 90 92 93 96 2064 2069 2556 2561 2707 3083 3266 3378 4008 10053 10054 10056 10962 11123 11133 11135 12062 12063 12064 12290 12291 12293 12487
NODE_NUM = 50
FILE multiplier_sub_237.aig

# Subcircuit 238
SUB_ID 238
LO (13):  9925 9944 9963 9964 10016 10291 10653 11773 11818 12573 12601 12959 12981
LI (23):  9 110 111 112 117 118 505 510 512 571 7698 9918 9921 9922 9938 9939 10652 12217 12228 12229 12230 12231 12561
NODE_NUM = 49
FILE multiplier_sub_238.aig

# Subcircuit 239
SUB_ID 239
LO (14):  9969 9970 9989 9990 9999 10005 10006 10696 11059 11421 12248 12939 13321 13416
LI (25):  3 110 116 117 118 119 269 271 293 683 690 7356 9998 10329 10672 10680 10681 10704 10705 10707 11051 11052 11055 12242 12246
NODE_NUM = 50
FILE multiplier_sub_239.aig

# Subcircuit 240
SUB_ID 240
LO (11):  10008 10027 10029 10361 10743 12104 12534 12892 12901 12920 13014
LI (26):  18 24 102 103 104 109 688 1252 1257 1259 1381 2064 4218 5446 10021 10022 10357 12283 12512 12517 12531 12535 12612 12896 12897 12914
NODE_NUM = 50
FILE multiplier_sub_240.aig

# Subcircuit 241
SUB_ID 241
LO (19):  10033 10053 10054 10056 10065 10066 10077 10078 10094 10778 11153 11304 12301 12302 12462 12844 12845 13067 13489
LI (32):  33 36 39 83 86 89 91 92 1867 2453 2985 3078 3083 3085 3706 3713 4314 4321 5014 10031 10032 10093 11147 11148 11298 11299 12312 12316 12454 12459 12841 13066
NODE_NUM = 50
FILE multiplier_sub_241.aig

# Subcircuit 242
SUB_ID 242
LO (14):  10093 10106 10113 10114 10146 10438 10794 10806 11173 11640 11900 11902 12430 12431
LI (31):  45 51 77 79 80 81 82 454 837 5012 5278 5798 5800 6633 6640 8444 10103 10105 10141 10436 10791 10793 10805 11169 11170 11625 11626 11630 11643 12417 12423
NODE_NUM = 48
FILE multiplier_sub_242.aig

# Subcircuit 243
SUB_ID 243
LO (17):  10141 10150 10453 10458 10460 10469 10484 10485 10826 10829 10832 11213 11577 11927 11929 12366 12761
LI (15):  54 55 57 65 66 69 70 263 289 8449 8767 10137 10452 10457 10482
NODE_NUM = 41
FILE multiplier_sub_243.aig

# Subcircuit 244
SUB_ID 244
LO (10):  10154 10158 10210 10246 10571 21865 21867 22002 22014 22109
LI (21):  21 54 67 313 1651 4715 9419 9424 10076 10156 10205 10207 10241 21733 21744 21755 21761 21830 21835 21843 21864
NODE_NUM = 47
FILE multiplier_sub_244.aig

# Subcircuit 245
SUB_ID 245
LO (13):  10241 10262 10287 10308 12264 15307 15327 15347 15365 15368 15402 15411 15696
LI (25):  15 21 100 101 114 403 505 945 1656 1658 6484 8284 10238 10240 12259 15252 15253 15257 15265 15288 15306 15326 15346 15362 15363
NODE_NUM = 50
FILE multiplier_sub_245.aig

# Subcircuit 246
SUB_ID 246
LO (14):  10345 10346 10357 10372 10381 11330 11342 11345 11458 11856 12531 12624 13019 14494
LI (30):  18 21 98 100 102 105 108 945 952 1259 1658 1764 2069 6510 10370 10371 11108 11109 11111 11324 11325 11326 11341 11448 11452 12521 12522 12524 12614 12618
NODE_NUM = 49
FILE multiplier_sub_246.aig

# Subcircuit 247
SUB_ID 247
LO (19):  10389 10390 10400 10401 10411 10412 10423 11493 11494 11687 12648 12649 12680 14092 14264 14447 14805 14807 15186
LI (24):  39 90 93 96 1587 2480 2556 2563 3078 3085 3184 3598 3706 3713 5007 12675 13902 13908 14067 14072 14086 14440 14443 14804
NODE_NUM = 47
FILE multiplier_sub_247.aig

# Subcircuit 248
SUB_ID 248
LO (11):  10424 10434 10436 10452 10457 10482 12335 15134 15153 15470 15575
LI (23):  42 54 55 56 57 79 84 341 1232 5014 5793 6036 9419 10477 12325 12326 12328 15047 15058 15064 15133 15138 15146
NODE_NUM = 49
FILE multiplier_sub_248.aig

# Subcircuit 249
SUB_ID 249
LO (8):  10477 11243 11245 11613 11975 11995 11998 12360
LI (20):  54 67 69 9426 9755 10475 10476 10847 11193 11194 11196 11224 11242 11549 11605 11606 11616 11922 11974 11988
NODE_NUM = 47
FILE multiplier_sub_249.aig

# Subcircuit 250
SUB_ID 250
LO (8):  10475 10506 10524 14406 14778 15146 15154 15174
LI (19):  54 68 78 733 6640 7513 9424 14310 14311 14312 14313 14381 14399 14403 14656 14658 14669 14744 14768
NODE_NUM = 50
FILE multiplier_sub_250.aig

# Subcircuit 251
SUB_ID 251
LO (8):  10526 10557 14440 14443 14804 15025 15184 15185
LI (17):  45 77 87 4321 6638 14286 14297 14413 14414 14415 14416 14428 14436 14645 14778 14801 15181
NODE_NUM = 47
FILE multiplier_sub_251.aig

# Subcircuit 252
SUB_ID 252
LO (13):  10559 10604 10615 10642 10989 19876 19895 19898 19918 19921 19927 19929 19931
LI (25):  12 36 86 111 683 690 4319 7380 10229 10603 10608 10611 10612 10636 10637 19642 19657 19673 19689 19690 19691 19692 19875 19894 19917
NODE_NUM = 48
FILE multiplier_sub_252.aig

# Subcircuit 253
SUB_ID 253
LO (19):  10636 10652 10665 10679 10680 10703 10704 10717 11019 11399 11759 11831 12599 12602 13337 13340 13824 14548 14933
LI (23):  9 12 109 110 113 119 120 267 505 510 688 779 8620 10342 10648 10654 10673 10699 10700 11009 11010 11012 11757
NODE_NUM = 50
FILE multiplier_sub_253.aig

# Subcircuit 254
SUB_ID 254
LO (13):  10681 10699 10700 10705 10707 10716 10720 10728 11416 13781 13792 13808 13811
LI (23):  3 9 113 120 121 269 271 505 571 8644 10666 10715 10723 11406 11407 11408 13403 13404 13405 13407 13755 13770 13774
NODE_NUM = 48
FILE multiplier_sub_254.aig

# Subcircuit 255
SUB_ID 255
LO (14):  10730 10742 10752 10753 10755 10984 11111 11341 11718 12095 12096 12517 12524 14491
LI (25):  21 24 102 103 106 945 1259 1651 1656 1658 2064 4691 5200 7067 10768 10976 10981 11335 11337 11842 11846 11858 12086 12091 12094
NODE_NUM = 49
FILE multiplier_sub_255.aig

# Subcircuit 256
SUB_ID 256
LO (12):  10768 10775 10777 10779 11326 11475 14466 14846 14865 14866 14983 15001
LI (26):  33 89 98 99 100 2069 2071 2217 2808 3706 3888 4715 10583 10589 10767 11471 11473 14453 14456 14457 14459 14811 14812 14814 14845 14864
NODE_NUM = 45
FILE multiplier_sub_256.aig

# Subcircuit 257
SUB_ID 257
LO (13):  10791 10805 10811 10815 10819 11184 11630 14313 14744 15138 15546 15567 15857
LI (27):  45 54 68 77 78 80 389 6036 6638 6892 9419 9755 10807 10818 11183 11628 14670 14671 14673 14738 14740 15534 15535 15536 15538 15550 15564
NODE_NUM = 48
FILE multiplier_sub_257.aig

# Subcircuit 258
SUB_ID 258
LO (10):  10818 10847 10862 10863 11224 11605 11606 11958 11974 12361
LI (20):  57 67 69 9424 10460 10469 10814 10825 10826 10832 10860 11207 11221 11588 11589 11603 11953 11954 11971 11975
NODE_NUM = 47
FILE multiplier_sub_258.aig

# Subcircuit 259
SUB_ID 259
LO (11):  10860 10868 10890 10900 11179 11242 11988 12423 14304 15564 15863
LI (29):  51 72 73 76 85 545 5014 7520 8444 8449 8451 10800 10852 10854 10855 10884 10887 11232 11233 11234 11978 11982 12419 12420 14303 15554 15558 15859 15860
NODE_NUM = 46
FILE multiplier_sub_259.aig

# Subcircuit 260
SUB_ID 260
LO (15):  10902 10927 10943 10962 11147 11657 12032 12316 13227 13230 13672 13902 14081 14267 15189
LI (29):  36 84 86 87 88 95 2164 2707 3078 3378 4314 4319 4321 4555 5012 10921 10922 11146 11655 12030 12314 13056 13226 13658 13659 13663 13673 14077 14078
NODE_NUM = 48
FILE multiplier_sub_260.aig

# Subcircuit 261
SUB_ID 261
LO (10):  11009 11010 11012 11045 11382 11771 11828 13755 14161 14163
LI (25):  6 12 111 112 118 363 683 688 690 7698 11035 11039 11084 11085 11086 11087 11374 11767 11768 13415 13416 13417 13747 13752 14160
NODE_NUM = 50
FILE multiplier_sub_261.aig

# Subcircuit 262
SUB_ID 262
LO (6):  11039 11071 11813 11814 11815 12163
LI (20):  6 117 118 119 361 363 403 11037 11038 11061 11065 11442 11443 11788 11789 11790 11810 12153 12154 12156
NODE_NUM = 43
FILE multiplier_sub_262.aig

# Subcircuit 263
SUB_ID 263
LO (14):  11073 11075 11085 11086 11087 11106 11767 11768 11840 12242 12246 12259 12931 13438
LI (27):  15 110 111 113 114 505 571 683 690 779 945 952 7356 8284 8971 11100 11101 11446 11737 11738 11742 11765 12245 12258 12921 12925 13433
NODE_NUM = 48
FILE multiplier_sub_263.aig

# Subcircuit 264
SUB_ID 264
LO (16):  11108 11123 11133 11135 11156 11691 12063 12293 18252 18255 18275 18278 18298 18299 18380 18564
LI (22):  39 94 95 97 1651 1867 2561 3083 3085 5007 5446 11689 18020 18035 18051 18052 18058 18226 18244 18248 18274 18297
NODE_NUM = 49
FILE multiplier_sub_264.aig

# Subcircuit 265
SUB_ID 265
LO (13):  11160 11169 11170 11183 11526 11655 11904 12020 12816 12818 12821 13188 13517
LI (26):  42 45 79 81 83 84 85 5012 5278 5800 6036 6638 11516 11520 12010 12013 12014 12681 12682 12683 12684 12810 13184 13185 13513 13514
NODE_NUM = 47
FILE multiplier_sub_265.aig

# Subcircuit 266
SUB_ID 266
LO (21):  11193 11194 11196 11207 11557 11562 11564 11573 11588 11589 11603 11937 11940 11943 12382 13100 13571 13572 13574 13988 14326
LI (20):  54 57 58 60 65 66 70 71 263 289 454 9419 9424 9426 11556 11561 11586 11593 11594 11595
NODE_NUM = 49
FILE multiplier_sub_266.aig

# Subcircuit 267
SUB_ID 267
LO (7):  11221 11232 11586 13619 13948 14006 14031
LI (22):  57 67 68 313 606 8444 10453 10458 10460 11213 11215 11216 11576 11577 11578 13534 13535 13536 13542 13587 13605 13616
NODE_NUM = 49
FILE multiplier_sub_267.aig

# Subcircuit 268
SUB_ID 268
LO (11):  11233 11234 11259 11298 11982 12789 12810 13073 16625 17339 18166
LI (25):  48 51 72 74 76 90 3888 7518 8451 8767 11249 11250 11251 11297 11981 12693 12694 12695 12697 12783 12802 12807 16615 16616 16617
NODE_NUM = 48
FILE multiplier_sub_268.aig

# Subcircuit 269
SUB_ID 269
LO (13):  11316 11324 11325 11335 11337 11355 11452 11492 11701 12105 12635 13270 13271
LI (24):  24 101 105 106 107 1257 1259 1381 2064 2071 4715 10940 11131 11142 11306 11307 11323 11330 11354 12625 12629 13016 13020 13269
NODE_NUM = 45
FILE multiplier_sub_269.aig

# Subcircuit 270
SUB_ID 270
LO (11):  11405 11406 11431 11442 12174 12196 12197 12199 12204 12206 12207
LI (16):  3 121 122 267 11399 11427 11428 11437 11814 11815 12164 12167 12170 12171 12180 12203
NODE_NUM = 46
FILE multiplier_sub_270.aig

# Subcircuit 271
SUB_ID 271
LO (15):  11407 11408 11427 11428 11437 11448 11462 12180 12217 17937 17938 18286 18294 18615 18942
LI (24):  3 21 104 120 121 122 123 269 271 293 1252 1656 6510 11436 12176 12207 12208 12210 17634 17635 17636 17645 17917 17936
NODE_NUM = 46
FILE multiplier_sub_271.aig

# Subcircuit 272
SUB_ID 272
LO (9):  11471 11473 11481 11485 11874 12646 13269 13475 13711
LI (24):  27 97 98 101 102 2069 2071 2556 2561 2707 4461 11864 11865 11867 12636 12637 12638 13027 13028 13261 13266 13701 13702 13704
NODE_NUM = 47
FILE multiplier_sub_272.aig

# Subcircuit 273
SUB_ID 273
LO (14):  11505 11507 11516 11520 11533 11893 13080 13621 14067 14297 14436 14645 15962 16215
LI (27):  42 78 82 83 89 90 1587 4319 4321 5793 5798 6036 7520 11532 11891 13074 13078 13914 13915 13916 14059 14064 14287 14288 14635 14636 14638
NODE_NUM = 49
FILE multiplier_sub_273.aig

# Subcircuit 274
SUB_ID 274
LO (11):  11532 11549 11556 11561 11576 11981 12420 14027 14030 14310 14322
LI (26):  51 57 58 59 60 73 74 75 76 341 733 7810 8444 8449 8451 8767 10453 11531 11543 11544 13947 13948 13954 14000 14006 14020
NODE_NUM = 47
FILE multiplier_sub_274.aig

# Subcircuit 275
SUB_ID 275
LO (17):  11578 11593 11594 11595 11625 11626 11628 12001 12348 12417 12783 13167 13535 13542 14312 15064 16253
LI (34):  54 67 70 72 79 479 1232 6633 6892 9419 9426 9755 10829 11527 11618 11619 11995 11998 12361 12400 12401 12402 12404 12776 12779 13163 13164 13538 13540 15060 15062 16247 16248 16250
NODE_NUM = 50
FILE multiplier_sub_275.aig

# Subcircuit 276
SUB_ID 276
LO (16):  11653 11671 11689 11738 12042 20426 20453 20471 20491 20509 20528 20532 20533 20534 20535 20782
LI (21):  39 94 945 2140 3266 5007 7380 11664 11667 11668 20244 20255 20261 20425 20430 20452 20469 20490 20507 20525 20526
NODE_NUM = 50
FILE multiplier_sub_276.aig

# Subcircuit 277
SUB_ID 277
LO (10):  11742 11757 11765 11772 12258 12987 12988 12989 13001 13355
LI (21):  12 110 112 505 683 779 950 8620 9623 11740 11760 12256 12580 12598 12609 12610 12937 12943 12959 12973 12981
NODE_NUM = 48
FILE multiplier_sub_277.aig

# Subcircuit 278
SUB_ID 278
LO (13):  11774 11789 11790 11817 11819 11829 13330 14160 14581 14591 14592 14973 14982
LI (23):  12 115 116 120 356 363 505 571 683 8644 9967 10679 13325 13826 14157 14161 14194 14205 14561 14580 14585 14604 14969
NODE_NUM = 50
FILE multiplier_sub_278.aig

# Subcircuit 279
SUB_ID 279
LO (11):  11830 11842 11846 16449 16467 16517 16518 16519 16528 16531 16833
LI (22):  21 104 115 690 1651 1764 6214 11845 16414 16415 16416 16418 16426 16448 16465 16485 16486 16499 16501 16509 16514 16527
NODE_NUM = 50
FILE multiplier_sub_279.aig

# Subcircuit 280
SUB_ID 280
LO (13):  11845 11858 11864 11865 11867 12512 12629 12884 13028 13468 13704 13879 14252
LI (27):  27 99 100 101 103 105 1656 2071 2217 2556 2561 2563 4691 11856 11857 12494 12495 12497 12499 12509 12628 13467 13869 13873 14242 14243 14244
NODE_NUM = 45
FILE multiplier_sub_280.aig

# Subcircuit 281
SUB_ID 281
LO (12):  11883 11889 11891 11901 12473 13056 13663 15579 15615 15833 15834 16027
LI (25):  45 89 92 93 94 1351 2808 3711 3713 3888 4314 4555 6633 11882 13052 13054 13662 15435 15436 15447 15453 15578 15583 15591 15605
NODE_NUM = 47
FILE multiplier_sub_281.aig

# Subcircuit 282
SUB_ID 282
LO (8):  11922 11953 11954 12354 15534 15944 15953 16315
LI (24):  48 57 78 79 389 1029 7513 7518 7520 10453 11914 11916 11917 11931 11952 12350 12351 15476 15523 15525 15530 15546 15879 15941
NODE_NUM = 48
FILE multiplier_sub_282.aig

# Subcircuit 283
SUB_ID 283
LO (6):  11931 11952 12400 12756 12775 13097
LI (17):  60 67 68 10829 11564 11573 11927 11929 11937 11943 11958 12372 12376 12380 12384 12755 12769
NODE_NUM = 47
FILE multiplier_sub_283.aig

# Subcircuit 284
SUB_ID 284
LO (14):  11971 11978 12010 12404 12776 12779 13163 13164 15554 16714 16716 16717 16718 16719
LI (24):  54 71 72 73 545 813 1841 5793 8444 9419 9424 9426 9755 11965 11966 12705 12706 12708 12775 13150 13156 16638 16701 16707
NODE_NUM = 49
FILE multiplier_sub_284.aig

# Subcircuit 285
SUB_ID 285
LO (12):  12013 12062 12064 16356 16386 16408 16414 16545 16548 16575 16764 16781
LI (21):  42 84 95 3078 3266 4008 5798 15992 16159 16162 16178 16189 16191 16202 16343 16344 16345 16346 16385 16407 16544
NODE_NUM = 50
FILE multiplier_sub_285.aig

# Subcircuit 286
SUB_ID 286
LO (13):  12086 12103 12131 12153 12256 12509 12925 13306 15733 15753 15754 16110 16822
LI (27):  15 18 110 111 112 356 945 950 952 1057 1252 7067 7698 10703 12079 12082 12083 12125 12126 12924 13301 15396 15403 15714 15732 15751 15752
NODE_NUM = 48
FILE multiplier_sub_286.aig

# Subcircuit 287
SUB_ID 287
LO (11):  12154 12156 12170 12171 12228 12973 13351 13385 13765 13782 13787
LI (21):  6 120 121 123 124 361 363 12218 12219 12220 12963 12967 12988 12989 12990 12992 13350 13355 13376 13761 13762
NODE_NUM = 50
FILE multiplier_sub_287.aig

# Subcircuit 288
SUB_ID 288
LO (14):  12176 12203 12208 12587 12598 13365 13376 13392 13403 13794 13797 13798 14572 14573
LI (18):  3 124 125 127 128 267 271 12204 12583 12584 12593 13361 13362 13370 13371 13389 13397 13398
NODE_NUM = 50
FILE multiplier_sub_288.aig

# Subcircuit 289
SUB_ID 289
LO (13):  12210 12218 12219 12220 12992 14193 14194 14580 14585 14980 15376 15377 15764
LI (26):  6 120 122 124 269 356 363 403 11405 13791 13792 13806 13808 14164 14167 14168 14169 14171 14577 14581 14592 14973 15369 15370 15371 15763
NODE_NUM = 50
FILE multiplier_sub_289.aig

# Subcircuit 290
SUB_ID 290
LO (12):  12230 12231 12245 12267 12561 12610 16114 16133 16140 16142 16451 16508
LI (20):  12 18 115 119 505 512 688 1252 7356 9993 12241 12248 12553 15769 15785 15786 15792 16093 16113 16132
NODE_NUM = 47
FILE multiplier_sub_290.aig

# Subcircuit 291
SUB_ID 291
LO (11):  12268 12283 14927 14946 14966 14969 15265 15285 15288 15305 15306
LI (20):  24 104 110 1259 2071 12282 14488 14609 14613 14865 14866 14886 14887 14903 14904 14926 14945 14965 15283 15302
NODE_NUM = 50
FILE multiplier_sub_291.aig

# Subcircuit 292
SUB_ID 292
LO (11):  12282 12290 12291 12312 13890 14263 16046 16049 16051 16191 16382
LI (23):  30 39 98 102 103 2069 2217 2453 3078 3085 4218 5007 13880 13884 14253 14257 15832 15833 15994 16000 16023 16027 16045
NODE_NUM = 48
FILE multiplier_sub_292.aig

# Subcircuit 293
SUB_ID 293
LO (13):  12325 12326 12328 12337 12341 13658 13935 14054 14059 14064 14072 14416 14428
LI (24):  45 81 85 86 1468 1867 5793 5798 5800 6633 6892 12340 13498 13509 13511 13517 13636 13647 13655 13925 13926 13928 14052 14055
NODE_NUM = 49
FILE multiplier_sub_293.aig

# Subcircuit 294
SUB_ID 294
LO (13):  12340 12350 12351 12372 13078 14052 14055 14298 15133 15530 15550 15932 16640
LI (29):  48 57 71 78 80 82 454 6638 7520 7810 10453 10460 12366 12367 13077 13935 13936 14034 14035 14036 14038 14054 15071 15115 15116 15117 15121 15134 15931
NODE_NUM = 49
FILE multiplier_sub_294.aig

# Subcircuit 295
SUB_ID 295
LO (11):  12376 12723 12728 12730 12755 13098 13113 13124 13125 13560 13967
LI (12):  60 61 63 65 66 67 263 289 12722 12727 12752 12756
NODE_NUM = 44
FILE multiplier_sub_295.aig

# Subcircuit 296
SUB_ID 296
LO (14):  12380 12384 12401 12402 12419 13600 14738 14740 15071 15115 15116 15523 15525 16261
LI (26):  60 67 74 77 313 606 8451 9419 9426 11557 11562 12382 13599 14362 14681 14687 14714 14716 14734 15072 15073 15074 15107 15108 15112 15522
NODE_NUM = 50
FILE multiplier_sub_296.aig

# Subcircuit 297
SUB_ID 297
LO (18):  12434 12454 12472 12481 12487 12494 12495 12497 12521 12647 12693 12834 12876 13892 14864 15252 15420 16958
LI (30):  27 33 95 99 1651 2556 2707 3404 3706 3713 4715 6484 12059 12289 12324 12360 12430 12431 12449 12451 12476 12483 12484 12488 12491 14855 14861 14865 15233 15244
NODE_NUM = 48
FILE multiplier_sub_297.aig

# Subcircuit 298
SUB_ID 298
LO (12):  12522 12579 12580 12583 12584 19302 19313 19314 19601 19602 19603 19631
LI (19):  21 107 125 126 1658 12197 12199 12573 18989 19005 19283 19284 19288 19295 19307 19584 19585 19589 19597
NODE_NUM = 50
FILE multiplier_sub_298.aig

# Subcircuit 299
SUB_ID 299
LO (8):  12593 12609 13370 13397 14561 14962 14965 15342
LI (22):  9 120 124 125 126 269 271 293 505 512 12587 12592 12599 12603 13396 14206 14210 14556 14557 14950 14954 15335
NODE_NUM = 48
FILE multiplier_sub_299.aig

# Subcircuit 300
SUB_ID 300
LO (13):  12603 12614 12618 12628 12636 13283 13467 15233 15714 15786 16073 16085 16426
LI (25):  27 104 106 107 1651 1656 1764 2069 2556 5176 6510 12601 12602 13279 13281 15214 15220 15226 15424 15673 15684 15708 15710 16054 16065
NODE_NUM = 50
FILE multiplier_sub_300.aig

# Subcircuit 301
SUB_ID 301
LO (12):  12637 12638 12651 14814 15673 15831 15832 16044 16045 16054 16159 16162
LI (22):  33 95 100 102 2563 2707 3706 3711 5200 15615 15616 15617 15618 15648 15649 15666 15669 15813 15828 16041 16051 16156
NODE_NUM = 50
FILE multiplier_sub_301.aig

# Subcircuit 302
SUB_ID 302
LO (13):  12659 12660 12662 12675 12682 13054 13066 13908 14286 16343 16757 16759 16984
LI (29):  39 45 89 90 92 93 1587 3184 4314 4319 4321 5012 5014 6633 12672 12674 13064 13905 13907 14276 14277 14278 16208 16334 16335 16340 16356 16738 16753
NODE_NUM = 48
FILE multiplier_sub_302.aig

# Subcircuit 303
SUB_ID 303
LO (15):  12683 12684 12695 12697 12705 12706 13090 13514 14020 14399 14669 15058 15536 15558 16246
LI (28):  51 54 75 77 78 82 84 733 6640 6892 8449 8451 9419 9426 13086 13087 14010 14014 14389 14393 14659 14660 14661 15048 15052 15556 16236 16240
NODE_NUM = 49
FILE multiplier_sub_303.aig

# Subcircuit 304
SUB_ID 304
LO (11):  12708 12722 12727 12752 13587 14000 14362 14377 14378 14687 15511
LI (26):  60 61 62 63 67 69 74 341 9424 11557 11564 11940 12745 12746 12747 13131 13570 13571 13572 13574 13996 13997 14357 14358 14375 14686
NODE_NUM = 48
FILE multiplier_sub_304.aig

# Subcircuit 305
SUB_ID 305
LO (11):  12745 12769 12802 13150 13536 14357 14358 16247 16248 16644 17740
LI (31):  48 57 60 68 71 72 81 479 1232 7513 7520 10453 10458 10460 11562 12761 12763 12764 12796 12797 13097 13133 13134 13135 13136 14324 14325 14326 14356 16640 16641
NODE_NUM = 50
FILE multiplier_sub_305.aig

# Subcircuit 306
SUB_ID 306
LO (8):  12796 12819 12820 15578 15987 15988 16332 16340
LI (22):  48 79 80 87 2140 5793 5800 7518 7810 15459 15460 15461 15568 15570 15575 15579 15845 15856 15960 15961 15962 15964
NODE_NUM = 47
FILE multiplier_sub_306.aig

# Subcircuit 307
SUB_ID 307
LO (12):  12861 12862 12864 12914 13248 17527 17546 17564 17585 17588 17863 17877
LI (23):  18 30 98 99 111 1252 1259 3078 3083 3085 4461 7380 12908 12909 13244 13245 17290 17506 17507 17511 17545 17562 17584
NODE_NUM = 48
FILE multiplier_sub_307.aig

# Subcircuit 308
SUB_ID 308
LO (10):  12908 12921 12924 14157 14556 14557 14923 14926 14944 14945
LI (21):  18 110 113 945 950 1257 8620 12906 13832 13843 13844 13845 13846 13847 14143 14227 14531 14532 14554 14922 14941
NODE_NUM = 50
FILE multiplier_sub_308.aig

# Subcircuit 309
SUB_ID 309
LO (13):  12937 12943 12963 12967 13002 13325 14941 15326 15751 15752 15757 15759 15770
LI (28):  12 115 116 121 356 403 683 688 779 11431 12611 12920 12931 12939 12966 13321 13323 14931 14932 14933 15311 15312 15314 15327 15390 15748 15753 15754
NODE_NUM = 49
FILE multiplier_sub_309.aig

# Subcircuit 310
SUB_ID 310
LO (11):  12966 12990 13013 16856 17254 17255 17257 17604 17605 17606 17607
LI (19):  15 122 356 361 945 8644 12174 13008 16846 16852 16891 16892 16905 16908 16909 16921 17236 17237 17603
NODE_NUM = 48
FILE multiplier_sub_310.aig

# Subcircuit 311
SUB_ID 311
LO (9):  13008 13016 13020 13433 13843 16563 17216 17533 17559
LI (27):  15 24 104 113 114 115 950 952 1057 2064 2217 6214 13007 13019 13429 13833 13834 13836 16549 16550 16552 16560 16816 17197 17198 17199 17201
NODE_NUM = 49
FILE multiplier_sub_311.aig

# Subcircuit 312
SUB_ID 312
LO (12):  13027 13050 13052 13226 13478 13655 14077 14266 15605 17832 17834 17836
LI (25):  33 39 94 95 96 97 2556 2808 3706 3711 3713 3888 4008 4321 5007 5200 13044 13045 13067 13218 13223 15600 17661 17819 17825
NODE_NUM = 48
FILE multiplier_sub_312.aig

# Subcircuit 313
SUB_ID 313
LO (10):  13064 13074 13077 16334 16335 16738 17124 17162 17302 17315
LI (21):  48 81 89 1351 5278 7513 7518 16214 16215 16216 16326 16327 16332 16614 16730 16984 17119 17120 17137 17155 17159
NODE_NUM = 49
FILE multiplier_sub_313.aig

# Subcircuit 314
SUB_ID 314
LO (10):  13084 13086 13087 13131 13133 13947 16687 16692 16693 17403
LI (25):  48 51 60 68 77 79 389 8451 8767 11557 11940 13080 13098 13100 13102 13104 13125 13937 13938 13940 16675 16676 16677 16679 16690
NODE_NUM = 46
FILE multiplier_sub_314.aig

# Subcircuit 315
SUB_ID 315
LO (13):  13102 13134 13135 13136 13156 13954 14375 14686 15121 15938 15941 16306 16698
LI (27):  57 60 69 71 73 76 545 9426 10453 10460 10829 11562 13155 13950 13952 14365 14369 14684 15120 15880 15881 15882 15883 15918 15937 16257 16298
NODE_NUM = 49
FILE multiplier_sub_315.aig

# Subcircuit 316
SUB_ID 316
LO (9):  13155 13184 13599 17119 17120 17359 17432 17440 17448
LI (21):  54 74 75 85 6640 9424 9755 13598 16996 16997 17008 17009 17010 17011 17083 17088 17110 17115 17349 17350 17352
NODE_NUM = 49
FILE multiplier_sub_316.aig

# Subcircuit 317
SUB_ID 317
LO (11):  13211 13218 13223 13244 13509 13647 17812 17819 18052 18220 18222
LI (29):  42 87 88 100 2164 3085 5793 5798 5800 12838 12844 13203 13205 13206 13212 13214 13215 13499 13500 13501 17662 17666 17811 17816 17832 18208 18209 18210 18211
NODE_NUM = 50
FILE multiplier_sub_317.aig

# Subcircuit 318
SUB_ID 318
LO (14):  13245 13275 13277 13279 13301 14235 17511 18604 18608 18628 18632 18651 18652 18914
LI (24):  30 98 109 112 1259 1658 3266 13015 13270 13271 13300 14234 17510 18335 18351 18352 18353 18355 18363 18583 18603 18627 18649 18650
NODE_NUM = 49
FILE multiplier_sub_318.aig

# Subcircuit 319
SUB_ID 319
LO (11):  13300 13323 13350 13450 13752 13774 15708 15710 15792 17226 17571
LI (29):  9 18 110 111 117 121 512 688 1252 1257 1381 9967 13001 13331 13333 13337 13341 13347 13351 13440 13441 13443 15696 15697 15698 15788 15790 17222 17223
NODE_NUM = 46
FILE multiplier_sub_319.aig

# Subcircuit 320
SUB_ID 320
LO (15):  13341 13361 13362 13396 13404 13405 13407 13814 14210 15740 15748 15785 16499 16501 16509
LI (25):  9 119 121 122 126 127 269 505 510 512 571 11405 13340 13365 13797 13810 13811 14209 15741 15770 15771 15772 16489 16491 16508
NODE_NUM = 48
FILE multiplier_sub_320.aig

# Subcircuit 321
SUB_ID 321
LO (15):  13415 13417 13429 13440 13441 13443 13463 13834 14886 14887 14903 14904 15283 16079 16416
LI (28):  18 21 110 112 113 116 117 683 779 952 1252 1257 1259 1658 8284 9993 13453 13457 14873 14877 14884 14890 14894 14901 15273 15275 15277 16078
NODE_NUM = 46
FILE multiplier_sub_321.aig

# Subcircuit 322
SUB_ID 322
LO (12):  13457 13464 13476 13477 13498 19256 19276 19279 19283 19326 19516 19535
LI (22):  39 98 2064 2985 3706 3713 4218 5007 6484 13455 13456 13493 19020 19033 19036 19047 19211 19217 19226 19234 19254 19275
NODE_NUM = 48
FILE multiplier_sub_322.aig

# Subcircuit 323
SUB_ID 323
LO (14):  13493 13499 13500 13501 13513 13905 13915 13926 14288 14656 15181 15453 15583 15591
LI (28):  42 45 86 87 89 90 91 2453 5012 5278 5793 5800 6036 6640 13489 14646 14650 15026 15027 15029 15155 15158 15159 15163 15174 15176 15177 15452
NODE_NUM = 49
FILE multiplier_sub_323.aig

# Subcircuit 324
SUB_ID 324
LO (21):  13534 13538 13540 13550 13552 13555 13940 13952 13961 13962 14393 15476 15931 16250 16652 17046 17384 18465 18763 19109 19426
LI (23):  51 63 64 65 73 74 78 79 80 1126 8444 8449 8451 8767 10458 10460 13124 13528 13529 14392 15473 15475 15929
NODE_NUM = 47
FILE multiplier_sub_324.aig

# Subcircuit 325
SUB_ID 325
LO (10):  13570 13605 13996 13997 14356 14714 14716 17075 17395 17416
LI (23):  54 63 68 313 837 9419 12723 12730 13552 13555 13560 13561 13600 13976 13979 13994 14349 14352 14713 17032 17038 17055 17069
NODE_NUM = 50
FILE multiplier_sub_325.aig

# Subcircuit 326
SUB_ID 326
LO (12):  13598 13636 13659 13662 13936 15538 15879 18188 18202 18205 18419 19996
LI (25):  48 54 76 81 82 94 3404 4314 4319 7518 7810 9424 13523 13619 13620 13621 15869 15870 15871 18065 18066 18067 18068 18182 18201
NODE_NUM = 50
FILE multiplier_sub_326.aig

# Subcircuit 327
SUB_ID 327
LO (11):  13693 13701 13702 13869 13884 14257 14845 15214 15226 15637 15654
LI (24):  30 99 100 101 104 2556 2563 3078 3083 3085 3266 4715 5446 5950 13687 13688 14256 14831 14835 14846 14983 14984 14985 15210
NODE_NUM = 50
FILE multiplier_sub_327.aig

# Subcircuit 328
SUB_ID 328
LO (12):  13761 13762 13770 13790 13791 13806 14205 15362 15363 15760 15763 15766
LI (24):  3 6 123 125 127 293 356 363 403 12206 13765 13781 13782 13787 13797 13798 13800 14195 14198 15351 15353 15365 15377 15759
NODE_NUM = 50
FILE multiplier_sub_328.aig

# Subcircuit 329
SUB_ID 329
LO (12):  13800 13810 13826 14164 14167 15312 15772 16132 16489 16905 16908 17629
LI (25):  9 12 118 120 123 128 269 505 512 690 779 11431 13814 13824 13825 14163 16118 16119 16121 16129 16133 16893 16894 16898 17624
NODE_NUM = 47
FILE multiplier_sub_329.aig

# Subcircuit 330
SUB_ID 330
LO (23):  13833 13836 13845 13846 13847 13873 14143 14234 14531 14532 14877 14894 14901 15253 15273 15698 16415 16418 16566 17181 17276 18262 18905
LI (31):  21 103 110 111 112 114 116 945 950 1252 1259 1381 1651 1656 1658 2707 7380 8620 9623 13856 13859 13861 13862 13872 14135 14232 14511 14514 14529 14875 14893
NODE_NUM = 50
FILE multiplier_sub_330.aig

# Subcircuit 331
SUB_ID 331
LO (11):  13872 13880 13891 13894 16385 16810 17197 17290 17545 17645 17898
LI (24):  33 98 104 2561 3078 3706 3711 4461 5176 16371 16372 16373 16382 16386 16790 16802 16952 17175 17192 17193 17284 17527 17541 17546
NODE_NUM = 48
FILE multiplier_sub_331.aig

# Subcircuit 332
SUB_ID 332
LO (14):  13914 13916 13925 13928 13937 14650 15159 16326 16327 16730 17115 17436 17447 17791
LI (22):  51 86 88 1232 2140 2480 5793 6036 6633 6638 8444 14648 16230 16317 16318 16324 16625 16723 17337 17343 17435 17440
NODE_NUM = 48
FILE multiplier_sub_332.aig

# Subcircuit 333
SUB_ID 333
LO (12):  13938 13950 13976 13979 17386 17435 17685 17697 17709 17710 17752 19427
LI (19):  66 75 81 8451 10460 13550 13962 13975 17359 17370 17381 17383 17384 17396 17411 17416 17424 17432 17436
NODE_NUM = 49
FILE multiplier_sub_333.aig

# Subcircuit 334
SUB_ID 334
LO (8):  13975 13994 14349 14352 15107 15108 15522 15880
LI (24):  60 63 68 69 341 479 11557 12723 12728 12730 13967 13969 13970 13989 14337 14338 14339 14340 15088 15097 15100 15105 15504 15519
NODE_NUM = 49
FILE multiplier_sub_334.aig

# Subcircuit 335
SUB_ID 335
LO (16):  13989 14010 14014 14034 14035 14036 14403 15519 15882 16236 16707 17011 18489 18503 18504 18736
LI (27):  60 72 76 77 84 1003 1587 7513 7520 9419 9424 9755 11564 13988 14027 14030 14031 15509 15513 16703 16704 18450 18451 18455 18488 18493 18501
NODE_NUM = 47
FILE multiplier_sub_335.aig

# Subcircuit 336
SUB_ID 336
LO (9):  14038 14086 14135 14510 14884 18583 18883 18884 19021
LI (21):  24 36 83 2064 3598 4314 6510 7518 13868 14081 14118 14124 14502 14505 18373 18557 18559 18576 18579 18864 18876
NODE_NUM = 49
FILE multiplier_sub_336.aig

# Subcircuit 337
SUB_ID 337
LO (11):  14124 14168 14169 14613 20507 20825 20826 20840 20843 21100 21106
LI (25):  24 106 108 126 356 363 2071 2217 12587 14122 14123 14612 20493 20497 20504 20509 20540 20541 20549 20816 20828 20829 20830 20832 21099
NODE_NUM = 47
FILE multiplier_sub_337.aig

# Subcircuit 338
SUB_ID 338
LO (14):  14171 14195 14198 14206 14209 14227 15335 16465 16873 16874 16893 16921 17270 17273
LI (28):  15 118 123 125 126 356 361 505 510 945 952 9967 11431 12174 13365 14221 14222 15333 16451 16455 16467 16871 16876 16911 16915 17258 17262 17269
NODE_NUM = 49
FILE multiplier_sub_338.aig

# Subcircuit 339
SUB_ID 339
LO (9):  14221 14232 14922 16544 17236 17237 17269 17584 17939
LI (24):  15 21 110 116 117 945 950 1057 1651 1764 9967 9993 14912 14914 16534 16536 16925 16927 16929 17216 17234 17235 17580 17585
NODE_NUM = 48
FILE multiplier_sub_339.aig

# Subcircuit 340
SUB_ID 340
LO (14):  14242 14243 14244 14256 14265 15220 15828 17837 17856 17893 17917 18017 18020 18021
LI (26):  30 36 102 104 106 2556 2563 2707 3083 4008 4314 6214 15216 15218 15818 15819 15820 17655 17836 17855 17873 17874 17891 17910 17913 18016
NODE_NUM = 48
FILE multiplier_sub_340.aig

# Subcircuit 341
SUB_ID 341
LO (12):  14276 14277 14278 14287 14303 15210 15436 15447 15616 15648 15649 17684
LI (28):  39 42 48 83 92 94 2808 3378 5007 5014 5278 5793 7810 14302 15011 15013 15024 15025 15184 15185 15186 15187 15189 15442 15645 17674 17675 17677
NODE_NUM = 48
FILE multiplier_sub_341.aig

# Subcircuit 342
SUB_ID 342
LO (14):  14302 14311 14324 14325 14337 16676 20694 20740 20742 20951 20971 20979 20995 21016
LI (23):  66 73 84 545 1029 7518 9419 11557 11564 13961 14336 20330 20644 20655 20656 20667 20668 20679 20680 20691 20693 20715 20730
NODE_NUM = 50
FILE multiplier_sub_342.aig

# Subcircuit 343
SUB_ID 343
LO (13):  14336 14338 14339 14340 14365 14713 15088 15105 15504 15918 16298 16672 16690
LI (23):  3 63 67 68 70 389 813 10453 12723 12730 13113 13550 14704 14705 15084 15086 15493 15494 15900 15915 16268 16291 16667
NODE_NUM = 49
FILE multiplier_sub_343.aig

# Subcircuit 344
SUB_ID 344
LO (15):  14369 14381 14389 14392 14414 14415 14681 14734 16723 16997 17002 17083 17424 19088 19394
LI (31):  51 57 74 75 81 88 1351 2164 6633 6640 8444 8449 10458 10829 14322 14377 14378 14724 14725 14727 16632 16716 16717 16718 16719 17000 17020 17021 17023 17075 17080
NODE_NUM = 50
FILE multiplier_sub_344.aig

# Subcircuit 345
SUB_ID 345
LO (10):  14456 14457 14459 14501 15244 16963 17491 17855 18051 18363
LI (27):  24 33 99 100 107 109 2071 2217 3706 3711 3713 4691 7067 14491 14494 14495 15234 15235 15237 16962 17841 17845 17856 18037 18038 18039 18252
NODE_NUM = 48
FILE multiplier_sub_345.aig

# Subcircuit 346
SUB_ID 346
LO (11):  14529 14554 14577 14893 15275 16836 17234 17235 19001 19605 19632
LI (30):  3 12 18 113 114 115 121 128 293 683 690 1252 1257 1259 1381 8644 10703 14523 14524 14548 14549 14572 14573 16822 16826 16833 16837 17231 18991 18995
NODE_NUM = 48
FILE multiplier_sub_346.aig

# Subcircuit 347
SUB_ID 347
LO (12):  14604 14609 14612 15353 15390 15769 20816 20828 20829 20832 21364 21365
LI (25):  6 24 109 126 127 128 356 361 363 403 2064 2069 7356 13392 14598 14599 15379 15381 15757 20554 20555 20556 20565 20813 21362
NODE_NUM = 47
FILE multiplier_sub_347.aig

# Subcircuit 348
SUB_ID 348
LO (11):  14635 14636 14638 14811 15011 15013 15024 15029 16753 17137 17321
LI (30):  36 42 91 92 97 98 2985 4218 4314 4319 4321 5793 5798 5800 14625 14627 14628 14805 14807 15010 15014 15015 15016 16743 16747 17129 17131 17132 17317 17318
NODE_NUM = 50
FILE multiplier_sub_348.aig

# Subcircuit 349
SUB_ID 349
LO (15):  14646 14648 14659 14660 14661 14670 15556 15869 16230 17000 17008 18182 18428 18511 18512
LI (22):  51 54 81 83 87 1126 1468 2453 6633 6892 8444 8451 8767 9419 16229 17003 18077 18083 18155 18174 18179 18508
NODE_NUM = 43
FILE multiplier_sub_349.aig

# Subcircuit 350
SUB_ID 350
LO (11):  14671 14673 14684 15062 17748 17793 17794 18065 18077 18152 18179
LI (20):  60 72 79 80 9424 9426 11940 17684 17685 17696 17697 17708 17709 17736 17737 17738 17740 17752 17766 17791
NODE_NUM = 50
FILE multiplier_sub_350.aig

# Subcircuit 351
SUB_ID 351
LO (10):  14704 14705 15086 15493 15494 15900 16291 16659 16675 17032
LI (23):  63 67 69 70 71 454 12723 12728 12730 13113 13961 14697 15483 15484 15486 15893 15897 16280 16281 16284 16653 16672 16687
NODE_NUM = 50
FILE multiplier_sub_351.aig

# Subcircuit 352
SUB_ID 352
LO (11):  14724 14725 14727 14768 15120 15461 17370 17761 18155 18450 18501
LI (28):  48 57 76 77 84 86 837 1867 7513 7520 7810 10453 10458 10460 14761 14762 14763 17360 17364 17757 17758 18093 18094 18147 18152 18440 18441 18442
NODE_NUM = 49
FILE multiplier_sub_352.aig

# Subcircuit 353
SUB_ID 353
LO (8):  14761 14801 18531 18557 18559 18688 18700 18834
LI (22):  39 48 85 95 3404 5007 5014 7518 14795 14796 18188 18380 18391 18392 18403 18405 18416 18417 18418 18419 18528 18529
NODE_NUM = 50
FILE multiplier_sub_353.aig

# Subcircuit 354
SUB_ID 354
LO (11):  14795 14812 14835 15010 17506 17661 17825 17841 17873 17874 18055
LI (26):  33 39 93 94 101 102 3266 3706 3713 5012 5176 5278 14834 15003 17301 17302 17303 17304 17305 17472 17473 17474 17501 17502 17821 17870
NODE_NUM = 50
FILE multiplier_sub_354.aig

# Subcircuit 355
SUB_ID 355
LO (10):  14834 14855 14873 15218 15645 15666 15669 16178 16576 17189
LI (27):  27 30 103 105 106 107 1651 2556 2561 2563 2707 3083 7067 8284 14854 15635 15636 15637 15654 15655 15657 16163 16164 16165 16174 16575 17184
NODE_NUM = 48
FILE multiplier_sub_355.aig

# Subcircuit 356
SUB_ID 356
LO (14):  14875 14890 14912 14914 15302 17562 17636 17936 18309 18310 18311 18312 18318 18637
LI (25):  15 21 111 118 119 950 952 1252 1764 8971 15292 15293 15294 17548 17549 17551 17559 17564 17932 17937 17973 17989 18001 18298 18299
NODE_NUM = 48
FILE multiplier_sub_356.aig

# Subcircuit 357
SUB_ID 357
LO (17):  14931 14932 14950 14954 14984 15333 15732 16118 16129 21098 21099 21101 21108 21109 21323 21355 21402
LI (27):  12 30 105 122 123 124 505 510 571 683 690 3085 11405 12206 15718 15722 15729 15733 20843 20845 20846 20850 21075 21076 21097 21100 21106
NODE_NUM = 50
FILE multiplier_sub_357.aig

# Subcircuit 358
SUB_ID 358
LO (10):  14985 15003 15014 15015 16023 16041 16790 17168 17175 17507
LI (24):  33 36 99 101 103 3266 3711 4314 4321 4461 15001 16013 16017 16031 16032 16033 16581 16585 16766 16767 16783 16784 16968 17166
NODE_NUM = 50
FILE multiplier_sub_358.aig

# Subcircuit 359
SUB_ID 359
LO (10):  15016 15026 15027 15047 17337 18852 18854 19048 19060 19201
LI (23):  48 87 93 97 2140 3184 4555 5793 5800 7513 7520 15041 15042 17331 17332 18700 18711 18712 18812 18813 18817 18834 18848
NODE_NUM = 48
FILE multiplier_sub_359.aig

# Subcircuit 360
SUB_ID 360
LO (18):  15041 15048 15052 15060 15072 15073 15870 16229 16632 16703 17010 17411 17738 18147 18451 18493 18742 19097
LI (26):  60 75 81 82 83 85 86 733 1587 7518 7810 8444 8449 8767 9426 11557 11564 16628 16630 17401 17405 18128 18129 18133 18144 18741
NODE_NUM = 46
FILE multiplier_sub_360.aig

# Subcircuit 361
SUB_ID 361
LO (19):  15074 15084 15097 15100 15117 15155 15158 15163 15484 16284 16653 17055 17383 17396 20352 20355 20681 21502 21779
LI (26):  3 9 60 68 69 72 73 88 1003 6892 10453 11940 12730 13550 13961 15153 15154 15162 16652 16659 17046 17395 20316 20317 20319 20351
NODE_NUM = 47
FILE multiplier_sub_361.aig

# Subcircuit 362
SUB_ID 362
LO (13):  15162 15187 15216 17811 18208 18226 18392 18405 19512 19539 19540 19891 21445
LI (25):  39 45 89 96 108 2563 5014 6638 17673 17793 17794 17795 17796 17797 17812 18202 18205 18220 18222 19341 19342 19346 19511 19516 19538
NODE_NUM = 50
FILE multiplier_sub_362.aig

# Subcircuit 363
SUB_ID 363
LO (10):  15234 15235 15237 15257 15424 15684 16065 16093 16151 16445
LI (25):  21 24 110 111 112 113 1656 1764 2064 2069 2071 7380 15408 15409 15411 15420 15674 15676 16055 16057 16073 16084 16085 16147 16148
NODE_NUM = 48
FILE multiplier_sub_363.aig

# Subcircuit 364
SUB_ID 364
LO (18):  15292 15293 15294 15311 15314 15346 15351 15369 15370 15371 15379 15381 16113 16485 16486 16846 18982 19307
LI (31):  15 118 120 122 356 688 945 952 1057 10679 13794 14923 14927 14944 14946 14962 14966 14982 15342 15347 15368 16098 16101 16110 16114 16482 16842 16844 18665 18666 18979
NODE_NUM = 49
FILE multiplier_sub_364.aig

# Subcircuit 365
SUB_ID 365
LO (16):  15396 15403 15408 15409 15435 16101 16455 16927 17549 17635 20787 20810 20813 20845 21057 21059
LI (27):  36 115 119 120 121 950 952 1057 1651 1658 4314 4691 8644 15285 15395 15402 15430 16454 20582 20585 20591 20767 20768 20785 20809 21052 21053
NODE_NUM = 50
FILE multiplier_sub_365.aig

# Subcircuit 366
SUB_ID 366
LO (10):  15430 15442 15845 16017 16189 16346 17317 17666 18211 18403
LI (24):  36 42 92 93 94 98 99 100 4319 4321 4555 5798 5800 6036 15429 15441 15835 15836 16179 16180 16182 18393 18394 18396
NODE_NUM = 44
FILE multiplier_sub_366.aig

# Subcircuit 367
SUB_ID 367
LO (11):  15452 15459 15460 15473 15856 19804 19836 19837 20006 20073 20089
LI (24):  45 57 77 88 89 90 2164 6638 6892 7513 7520 10829 15846 15847 15849 19747 19748 19749 19750 19752 19803 19815 19830 19834
NODE_NUM = 46
FILE multiplier_sub_367.aig

# Subcircuit 368
SUB_ID 368
LO (15):  15483 15486 15509 15513 15535 15568 15570 15600 16667 17737 22596 22733 22745 22786 23239
LI (28):  60 72 75 97 545 813 1351 5014 9419 11557 11562 12723 12728 15470 15511 15567 15599 16663 16664 22523 22534 22535 22536 22537 22546 22577 22585 22593
NODE_NUM = 47
FILE multiplier_sub_368.aig

# Subcircuit 369
SUB_ID 369
LO (14):  15599 15617 15618 15636 16000 16373 16783 16784 17501 17502 18058 18391 19217 19346
LI (29):  33 39 95 96 101 103 106 3085 3713 3888 5012 5278 15996 15998 16770 16774 16781 17488 17489 17491 17499 18054 18055 18381 18382 18384 19213 19214 19345
NODE_NUM = 47
FILE multiplier_sub_369.aig

# Subcircuit 370
SUB_ID 370
LO (13):  15655 15657 15674 15676 15697 15813 16407 16560 16564 18348 18351 18913 19264
LI (26):  24 27 108 109 110 118 1259 2064 2217 2556 2561 2563 7380 7698 15803 15805 16393 16394 16395 16408 18336 18337 18339 18347 18903 18907
NODE_NUM = 48
FILE multiplier_sub_370.aig

# Subcircuit 371
SUB_ID 371
LO (17):  15718 15722 15729 15741 15767 15771 15788 16145 16482 16514 16871 16894 17222 17580 17932 17992 18991
LI (32):  12 18 119 122 123 125 505 571 683 688 779 1252 1259 11431 12174 13365 13392 15305 15307 15740 15760 15764 15766 16140 16142 16472 16473 16474 16861 16863 17573 17927
NODE_NUM = 50
FILE multiplier_sub_371.aig

# Subcircuit 372
SUB_ID 372
LO (9):  15790 15803 15805 19584 19657 19673 20233 20244 20514
LI (21):  27 108 118 1257 2556 2707 7356 19546 19547 19548 19550 19558 19576 19578 19653 19668 19921 19927 19953 20211 20222
NODE_NUM = 50
FILE multiplier_sub_372.aig

# Subcircuit 373
SUB_ID 373
LO (11):  15818 15819 15820 15835 16802 20170 20173 20422 20430 20449 20609
LI (21):  30 42 105 107 3078 3085 3266 3404 5793 6484 7067 16792 16794 19968 19979 20120 20126 20135 20143 20151 20169
NODE_NUM = 47
FILE multiplier_sub_373.aig

# Subcircuit 374
SUB_ID 374
LO (14):  15836 15846 15847 15849 15954 15957 16208 16996 17472 17473 17474 17673 17816 18164
LI (26):  45 51 91 92 95 1867 2985 5800 6633 6638 6640 8444 15863 15953 16204 16205 16986 16990 17124 17315 17326 17450 17451 17452 17453 17454
NODE_NUM = 47
FILE multiplier_sub_374.aig

# Subcircuit 375
SUB_ID 375
LO (12):  15859 15860 15871 15881 15883 17708 18133 19150 19171 19391 19443 19789
LI (25):  54 60 75 81 84 86 837 8451 8767 9755 11557 11940 17698 17699 17701 18132 19084 19095 19096 19097 19099 19136 19141 19163 19168
NODE_NUM = 48
FILE multiplier_sub_375.aig

# Subcircuit 376
SUB_ID 376
LO (8):  15893 15915 15937 16280 16664 18128 18488 18777
LI (24):  57 63 71 72 73 74 606 733 1126 10453 12723 12728 12730 13113 13550 15909 15910 15932 16270 18100 18106 18120 18484 18489
NODE_NUM = 48
FILE multiplier_sub_376.aig

# Subcircuit 377
SUB_ID 377
LO (14):  15929 15960 15961 15964 15992 15994 15996 16324 19511 19701 19713 19725 19842 22275
LI (26):  48 78 88 98 2453 5014 7513 7518 10829 15834 15857 15954 15957 15987 15988 19354 19365 19366 19377 19379 19477 19478 19479 19480 19481 19512
NODE_NUM = 50
FILE multiplier_sub_377.aig

# Subcircuit 378
SUB_ID 378
LO (18):  15998 16013 16031 16032 16033 16055 16057 16774 17166 17499 18384 18575 19024 19033 19036 19331 19968 20600
LI (25):  33 36 97 102 104 111 2064 2217 3706 3713 3888 4314 4715 5012 5446 7380 8284 16773 16978 17162 17168 18568 19021 19027 19963
NODE_NUM = 48
FILE multiplier_sub_378.aig

# Subcircuit 379
SUB_ID 379
LO (14):  16078 16084 16098 16119 16121 16156 17198 18297 18335 18665 19007 19288 19589 19653
LI (27):  21 24 114 115 124 125 688 690 945 1651 1656 1764 2064 8620 8971 11405 16079 16151 18288 18294 18298 18330 18632 19286 19643 19644 19646
NODE_NUM = 48
FILE multiplier_sub_379.aig

# Subcircuit 380
SUB_ID 380
LO (17):  16147 16148 16163 16164 16165 16174 16179 16180 16952 17655 17870 18353 18373 19254 19558 19691 20255
LI (32):  30 36 102 106 108 112 114 2071 2217 3078 3085 3266 4314 4321 5176 6510 16044 16046 16942 16943 16945 17654 17860 17864 18372 19240 19241 19243 19251 19256 20245 20249
NODE_NUM = 48
FILE multiplier_sub_380.aig

# Subcircuit 381
SUB_ID 381
LO (11):  16182 16202 16204 16766 16767 17155 17159 17796 18201 18411 19188
LI (27):  39 45 93 97 98 99 101 4319 4461 5007 5012 5014 5278 6640 16196 16197 16592 16593 16757 16759 16764 17145 17148 17149 18191 18195 18410
NODE_NUM = 50
FILE multiplier_sub_381.aig

# Subcircuit 382
SUB_ID 382
LO (12):  16205 16214 16216 16240 17331 18508 18812 19178 19198 19200 19379 19456
LI (23):  54 82 88 91 2480 6892 7513 7810 9755 16239 17330 18429 18430 18432 18503 18504 18723 18800 18808 19060 19072 19175 19197
NODE_NUM = 49
FILE multiplier_sub_382.aig

# Subcircuit 383
SUB_ID 383
LO (10):  16239 16257 16268 16270 16663 17069 17381 18741 19136 19414
LI (27):  57 60 63 75 76 78 83 1003 9424 11557 11564 11940 12730 16253 16261 16262 16263 17059 17060 17062 17371 17375 18740 19117 19118 19122 19133
NODE_NUM = 49
FILE multiplier_sub_383.aig

# Subcircuit 384
SUB_ID 384
LO (14):  16317 16318 16344 16345 16371 16372 16393 16394 16638 19365 21300 21314 21315 21429
LI (26):  42 96 105 111 2563 3598 3706 3713 5793 5800 5950 15831 15938 15944 16049 16246 16306 16315 19359 19360 21149 21150 21154 21299 21304 21312
NODE_NUM = 48
FILE multiplier_sub_384.aig

# Subcircuit 385
SUB_ID 385
LO (8):  16395 16448 16826 16852 17223 19917 20211 20504
LI (26):  18 27 109 118 119 120 1252 1257 1259 1381 2707 10679 16438 16439 16445 16449 19903 19904 19906 19914 19918 20192 20193 20194 20196 20204
NODE_NUM = 48
FILE multiplier_sub_385.aig

# Subcircuit 386
SUB_ID 386
LO (10):  16454 16472 16473 17258 17970 17973 17989 18316 18317 18319
LI (24):  15 122 126 683 690 945 950 12587 13365 17620 17621 17630 17633 17937 17938 17939 17940 17941 17985 18309 18310 18311 18312 18318
NODE_NUM = 47
FILE multiplier_sub_386.aig

# Subcircuit 387
SUB_ID 387
LO (11):  16474 16491 16527 16534 18979 19005 19295 19628 19936 19937 19944
LI (25):  9 21 118 124 128 505 510 571 779 1658 13794 18937 18938 18939 18943 18950 18972 18973 18974 19001 19302 19314 19621 19934 19935
NODE_NUM = 48
FILE multiplier_sub_387.aig

# Subcircuit 388
SUB_ID 388
LO (15):  16536 16549 16550 16552 16565 17201 17284 17541 17891 17910 17913 18273 18274 18590 18903
LI (25):  24 27 112 114 115 117 1656 2064 2069 2071 2556 2563 8644 9967 17274 17278 17531 17535 17877 17881 17893 17898 17899 17900 18270
NODE_NUM = 50
FILE multiplier_sub_388.aig

# Subcircuit 389
SUB_ID 389
LO (13):  16581 16585 16592 16593 16614 16978 17304 18711 19873 19875 19981 20135 20143
LI (25):  45 100 101 102 3378 4314 4319 4555 4691 5007 5014 5200 6633 16609 16974 16976 18706 19701 19712 19713 19724 19725 19843 19846 19852
NODE_NUM = 50
FILE multiplier_sub_389.aig

# Subcircuit 390
SUB_ID 390
LO (16):  16609 16615 16616 16617 16628 16990 17003 17110 17454 17675 17696 18068 18174 18525 18526 18714
LI (27):  48 51 88 89 91 92 93 94 2808 6638 6640 6892 7513 7520 7810 8451 16608 17002 17100 17104 17686 17690 18164 18168 18512 18513 18517
NODE_NUM = 49
FILE multiplier_sub_390.aig

# Subcircuit 391
SUB_ID 391
LO (12):  16630 16641 16677 16701 17060 17080 17088 19095 19439 19453 19748 19814
LI (24):  57 60 79 80 87 1351 8449 10453 10829 11564 16644 16692 16693 16698 16714 19085 19086 19088 19150 19402 19403 19407 19438 19443
NODE_NUM = 50
FILE multiplier_sub_391.aig

# Subcircuit 392
SUB_ID 392
LO (13):  16679 16704 16743 16747 18455 20730 22063 22093 22094 22095 22096 22272 22336
LI (24):  54 60 78 83 95 4008 5793 6036 9755 11562 16746 18453 20720 20721 20723 22014 22025 22026 22027 22028 22062 22067 22075 22089
NODE_NUM = 46
FILE multiplier_sub_392.aig

# Subcircuit 393
SUB_ID 393
LO (13):  16746 16770 16773 16792 16794 16945 17845 19724 20755 20758 20760 21043 21304
LI (25):  42 96 105 108 109 3083 3085 3706 3711 5798 6214 17843 19714 19715 19716 20608 20609 20610 20611 20754 20883 20884 20885 21035 21040
NODE_NUM = 46
FILE multiplier_sub_393.aig

# Subcircuit 394
SUB_ID 394
LO (18):  16842 16844 16861 16863 16890 16891 16892 16898 16911 16915 17262 17603 17940 17985 18647 18649 18650 18653
LI (31):  12 15 123 124 126 127 683 688 690 779 945 950 952 1057 12206 13797 16518 16528 16880 16883 16884 16885 16886 16889 17261 17596 17975 17976 18637 18639 18652
NODE_NUM = 50
FILE multiplier_sub_394.aig

# Subcircuit 395
SUB_ID 395
LO (13):  16925 16929 16942 16943 16962 17860 18037 18876 19689 20192 20490 20565 21124
LI (28):  30 33 105 110 118 1656 3078 3085 3706 3888 7356 7698 16545 16818 16961 18866 18868 19674 19678 19685 19898 20173 20184 20486 20491 21114 21115 21117
NODE_NUM = 49
FILE multiplier_sub_395.aig

# Subcircuit 396
SUB_ID 396
LO (12):  16961 16968 16974 16976 16986 17009 17301 18244 20107 20109 20380 20388
LI (26):  33 36 54 103 104 106 1867 3404 3711 4319 4321 6633 9419 16958 16963 17291 17292 17293 18234 18235 18236 19998 20068 20073 20092 20106
NODE_NUM = 47
FILE multiplier_sub_396.aig

# Subcircuit 397
SUB_ID 397
LO (14):  17020 17021 17023 17038 17364 17727 18800 19084 19118 19133 19141 19168 19416 19763
LI (27):  63 75 77 82 83 1351 1468 10453 10458 10460 12723 12730 13113 17036 17037 17362 17723 17725 18735 18736 18747 18749 18753 18764 18766 18777 18791
NODE_NUM = 49
FILE multiplier_sub_397.aig

# Subcircuit 398
SUB_ID 398
LO (11):  17036 17059 17062 17100 18106 21027 21172 21184 21207 21254 21262
LI (21):  60 76 79 1126 2985 7513 11557 11562 12728 18102 18103 20915 20926 20955 20961 20971 20979 20998 21012 21016 21024
NODE_NUM = 48
FILE multiplier_sub_398.aig

# Subcircuit 399
SUB_ID 399
LO (11):  17104 17129 17145 17148 18817 19072 20106 20405 20415 20417 20620
LI (25):  48 90 91 96 100 4715 5007 5012 6036 7518 7810 18815 19062 19063 19065 20096 20097 20098 20279 20290 20291 20392 20393 20394 20396
NODE_NUM = 47
FILE multiplier_sub_399.aig

# Subcircuit 400
SUB_ID 400
LO (13):  17184 17192 17193 17199 17231 17278 18270 18603 18937 18938 19020 19597 20193
LI (28):  18 27 112 113 116 1252 2071 2556 2561 2563 9623 11405 17181 17183 17189 17190 17226 17276 18260 18264 18589 18590 18591 18604 18921 18932 19017 19279
NODE_NUM = 48
FILE multiplier_sub_400.aig

# Subcircuit 401
SUB_ID 401
LO (9):  17261 17274 17291 17292 20245 23373 23593 23594 23595
LI (20):  36 105 125 950 2556 4314 4321 5950 8620 23148 23149 23150 23154 23340 23345 23361 23364 23564 23565 23575
NODE_NUM = 49
FILE multiplier_sub_401.aig

# Subcircuit 402
SUB_ID 402
LO (16):  17293 17303 17305 17318 17326 17330 17343 18393 18723 19065 19359 20384 20387 20915 21269 22005
LI (31):  42 48 51 88 92 97 100 103 4461 4555 5007 5176 5278 5793 6036 7518 8767 17321 17339 17341 18713 18714 18716 19358 20292 20293 20295 20383 20905 20906 20907
NODE_NUM = 48
FILE multiplier_sub_402.aig

# Subcircuit 403
SUB_ID 403
LO (20):  17341 17349 17350 17352 17360 17362 17371 17375 17698 17701 18083 18432 18440 18791 20351 20668 20680 20691 20931 21491
LI (31):  57 63 76 82 86 87 89 1003 1587 2140 2164 8449 9419 9424 9426 10453 10829 12723 13113 17374 18082 18782 18784 20327 20333 20334 20340 20352 20681 20683 20930
NODE_NUM = 50
FILE multiplier_sub_403.aig

# Subcircuit 404
SUB_ID 404
LO (15):  17374 17401 17405 17450 17451 17452 17453 18484 18749 22026 22320 22335 22585 22593 23041
LI (28):  60 63 77 80 96 1232 3598 6633 6640 11557 11562 12728 17403 17447 17448 18467 18470 18471 18472 18473 22271 22272 22283 22284 22285 22286 22287 22319
NODE_NUM = 50
FILE multiplier_sub_404.aig

# Subcircuit 405
SUB_ID 405
LO (13):  17488 17489 17510 17531 17535 18038 19546 19914 20167 20169 20452 20582 20585
LI (26):  30 33 108 110 116 2064 2069 3083 3706 3713 6510 9623 17533 19315 19316 19317 19326 19539 19540 20155 20159 20166 20443 20449 20453 20580
NODE_NUM = 50
FILE multiplier_sub_405.aig

# Subcircuit 406
SUB_ID 406
LO (15):  17548 17551 17573 17596 17619 17620 17621 17624 17630 17633 17634 20525 20526 20541 20549
LI (28):  21 119 122 128 683 688 1257 1651 1656 10679 10703 13794 13797 17255 17257 17270 17273 17571 17588 17604 17605 17606 17607 17629 20514 20515 20528 20543
NODE_NUM = 48
FILE multiplier_sub_406.aig

# Subcircuit 407
SUB_ID 407
LO (13):  17654 17662 17674 17677 18236 19843 19846 20120 20279 20291 21285 21288 21556
LI (24):  48 93 104 105 3378 4319 4555 4691 5793 7513 7518 19731 19836 19837 19842 19981 19992 20107 20109 21173 21174 21175 21282 21283
NODE_NUM = 49
FILE multiplier_sub_407.aig

# Subcircuit 408
SUB_ID 408
LO (13):  17686 17690 17699 17736 18100 18144 18430 22062 22284 22310 22319 22546 22561
LI (23):  75 88 89 90 2808 8444 8449 8767 9426 13961 17386 17710 17712 17732 17748 22038 22049 22051 22053 22063 22307 22309 22320
NODE_NUM = 48
FILE multiplier_sub_408.aig

# Subcircuit 409
SUB_ID 409
LO (10):  17712 17723 17725 17732 17766 19801 19803 20040 20060 20315
LI (22):  57 63 76 78 79 1029 1841 10453 12723 12728 12730 13550 17727 17761 19760 19766 19775 19776 19783 19797 20039 20054
NODE_NUM = 48
FILE multiplier_sub_409.aig

# Subcircuit 410
SUB_ID 410
LO (12):  17757 17758 17795 17797 18442 20926 21533 21567 21569 21733 21835 21843
LI (22):  57 83 85 95 4008 6633 6892 10460 10829 20916 20920 21453 21464 21465 21476 21477 21520 21521 21522 21524 21548 21563
NODE_NUM = 50
FILE multiplier_sub_410.aig

# Subcircuit 411
SUB_ID 411
LO (12):  17821 17843 17864 17881 18921 19213 19251 19275 19576 19578 19886 19979
LI (28):  30 39 103 107 110 113 2707 3078 3266 3888 5014 8644 17863 17880 18883 18884 18885 18887 18916 18917 19271 19276 19575 19880 19881 19883 19969 19973
NODE_NUM = 47
FILE multiplier_sub_411.aig

# Subcircuit 412
SUB_ID 412
LO (10):  17880 17899 17900 17927 19668 20497 21097 21386 21387 21388
LI (24):  24 27 114 116 118 124 1259 2071 2217 2561 17926 19658 19662 20496 21083 21084 21085 21094 21098 21113 21359 21360 21370 21380
NODE_NUM = 43
FILE multiplier_sub_412.aig

# Subcircuit 413
SUB_ID 413
LO (13):  17926 17941 17975 17976 18001 18016 18330 18666 18972 18973 18974 20212 20554
LI (25):  18 24 122 123 124 125 128 945 952 1057 1252 1257 1381 2064 9993 12206 13365 13392 17992 18011 18320 18321 18960 18961 18963
NODE_NUM = 46
FILE multiplier_sub_413.aig

# Subcircuit 414
SUB_ID 414
LO (9):  18011 18035 18339 18589 18932 19316 20184 20465 20572
LI (29):  24 30 111 113 117 118 119 2069 2071 2217 3078 3085 3266 8284 18010 18021 18025 18026 18027 18255 18922 18923 18925 20174 20177 20178 20455 20456 20458
NODE_NUM = 48
FILE multiplier_sub_414.aig

# Subcircuit 415
SUB_ID 415
LO (15):  18025 18039 18054 18066 18067 19538 19685 20767 20768 20906 21048 22104 22111 22112 22980
LI (27):  33 39 48 95 104 108 112 3083 3404 3888 5014 7513 7520 19524 19525 19527 19535 19539 20597 20601 20758 20760 20765 21991 21995 22103 22109
NODE_NUM = 48
FILE multiplier_sub_415.aig

# Subcircuit 416
SUB_ID 416
LO (15):  18082 18093 18102 18103 18753 18784 19438 19760 19766 19783 20039 20327 20340 21224 21225
LI (31):  63 78 80 84 85 87 88 1587 9424 9755 10458 10829 12723 12730 13113 18752 19414 19418 19431 19432 19439 19765 20016 20017 20019 20035 20040 20338 20339 21220 21222
NODE_NUM = 50
FILE multiplier_sub_416.aig

# Subcircuit 417
SUB_ID 417
LO (19):  18120 18129 18132 18167 18467 18470 18764 18766 19117 19431 19432 19775 19776 20035 20333 20334 20959 22309 22562
LI (23):  12 18 76 77 82 91 1468 8449 11557 11562 13550 13961 17386 18117 18465 18466 18763 19110 19113 19428 19772 20028 20330
NODE_NUM = 50
FILE multiplier_sub_417.aig

# Subcircuit 418
SUB_ID 418
LO (14):  18168 18191 18195 18209 18210 18234 18410 19197 19377 19852 21035 21299 21582 21583
LI (28):  45 96 97 101 4218 4314 4715 5793 5800 6484 6633 6638 6892 18166 18167 18409 19192 19367 19368 19369 19848 19850 20899 21027 21032 21295 21300 21579
NODE_NUM = 48
FILE multiplier_sub_418.aig

# Subcircuit 419
SUB_ID 419
LO (13):  18235 18248 18260 18264 18288 20486 20591 22666 22675 22676 22882 22883 22886
LI (27):  27 36 107 115 122 1658 2556 2561 4321 8971 17834 17837 18262 18287 20476 20477 20478 20590 22433 22449 22464 22465 22469 22654 22659 22669 22879
NODE_NUM = 49
FILE multiplier_sub_419.aig

# Subcircuit 420
SUB_ID 420
LO (14):  18287 18320 18321 18336 18337 18347 18352 19953 20455 20493 22183 22184 22185 22186
LI (27):  21 30 120 126 1252 1259 1764 2064 2071 3078 8620 10679 12587 18273 18275 18286 19943 19944 19946 21924 21926 21932 21938 22152 22168 22169 22170
NODE_NUM = 48
FILE multiplier_sub_420.aig

# Subcircuit 421
SUB_ID 421
LO (13):  18355 18372 18381 18382 18394 18864 19226 19234 19715 20126 20249 20590 21731
LI (30):  36 39 42 102 105 106 107 113 3083 4319 4555 5007 5014 5800 5950 18677 18678 18680 18688 18689 18693 18852 18854 18858 18860 20125 20247 20589 21721 21725
NODE_NUM = 48
FILE multiplier_sub_421.aig

# Subcircuit 422
SUB_ID 422
LO (17):  18396 18409 18416 18417 18418 18429 19063 19479 20097 20383 20644 20656 21258 21282 21283 21453 21548
LI (26):  45 54 96 98 101 2480 3598 4461 5798 6633 6638 7513 7520 9419 18411 20308 20373 20375 20380 20384 21184 21190 21257 21263 21277 21285
NODE_NUM = 50
FILE multiplier_sub_422.aig

# Subcircuit 423
SUB_ID 423
LO (16):  18441 18453 18471 18472 18473 18513 18517 19122 19750 20054 21244 21257 21465 21477 21497 22040
LI (30):  60 79 81 82 87 91 1232 2808 3184 8444 8767 10460 11940 12723 12730 13113 18516 19121 20044 20045 20047 21206 21207 21208 21209 21211 21243 21254 21258 21493
NODE_NUM = 48
FILE multiplier_sub_423.aig

# Subcircuit 424
SUB_ID 424
LO (11):  18516 18528 18529 18568 18712 23313 23333 23336 23396 23520 23528
LI (21):  51 92 109 3888 8449 18428 18526 18531 18567 23171 23172 23173 23184 23195 23281 23282 23283 23284 23296 23304 23326
NODE_NUM = 49
FILE multiplier_sub_424.aig

# Subcircuit 425
SUB_ID 425
LO (13):  18567 18576 18579 18591 18627 18960 20159 21085 22422 22424 22427 22429 22461
LI (26):  21 33 110 115 123 1651 1658 2707 3711 11431 18017 18278 18564 18575 18616 18623 18628 20157 22185 22197 22212 22400 22401 22402 22403 22413
NODE_NUM = 48
FILE multiplier_sub_425.aig

# Subcircuit 426
SUB_ID 426
LO (12):  18616 18639 18662 18677 18678 18988 18989 20543 22400 22659 24005 24008
LI (25):  36 109 121 128 950 1764 4314 4321 7067 18317 18319 18615 18647 18651 18653 18982 18983 18985 22213 22217 22394 22396 23993 23994 23998
NODE_NUM = 47
FILE multiplier_sub_426.aig

# Subcircuit 427
SUB_ID 427
LO (12):  18680 18689 18693 18706 19214 19712 19973 19992 20290 21295 21573 21575
LI (26):  39 45 100 104 105 108 4319 5007 5012 5278 6214 6640 18705 19702 19703 19704 19972 19982 19986 20280 20284 21161 21165 21289 21291 21572
NODE_NUM = 47
FILE multiplier_sub_427.aig

# Subcircuit 428
SUB_ID 428
LO (13):  18705 18713 18716 18735 19192 19466 19468 19470 19747 20295 20655 20984 21186
LI (26):  51 54 91 93 98 99 2808 3378 6638 6892 8444 8449 9419 9426 18729 18730 19188 19190 19391 19453 19454 19458 19742 20645 20646 20647
NODE_NUM = 46
FILE multiplier_sub_428.aig

# Subcircuit 429
SUB_ID 429
LO (21):  18729 18740 18747 18752 18782 18808 18813 18815 19086 19163 19402 19765 20047 20306 20319 20679 20930 21222 21493 22285 22768
LI (32):  54 57 60 81 84 88 89 90 95 1841 4008 7513 7810 9424 9755 10460 11557 11562 12728 18511 18525 18742 19153 19154 19156 19392 19396 19763 20669 20670 20671 21491
NODE_NUM = 50
FILE multiplier_sub_429.aig

# Subcircuit 430
SUB_ID 430
LO (10):  18848 18866 19211 19354 21579 21725 21878 21880 21881 21971
LI (24):  42 101 102 103 112 3713 5200 5793 5798 5800 6036 18842 18843 19048 19049 19050 19204 21430 21434 21573 21575 21720 21723 21875
NODE_NUM = 50
FILE multiplier_sub_430.aig

# Subcircuit 431
SUB_ID 431
LO (16):  18868 18885 18887 18907 19243 19678 19883 20785 21075 21076 21359 21360 21397 21400 21641 21642
LI (25):  33 111 114 115 117 2561 3083 3085 3711 18905 19676 20771 20772 20773 20782 20787 21059 21070 21320 21321 21333 21357 21358 21396 21638
NODE_NUM = 47
FILE multiplier_sub_431.aig

# Subcircuit 432
SUB_ID 432
LO (19):  18916 18917 18922 18923 18925 18939 18943 18950 18961 18963 18995 19017 19575 19613 19615 19616 19658 20515 20555
LI (32):  18 24 120 121 122 126 127 1252 1257 1259 1381 1651 1764 2064 2069 2071 10703 11431 12174 13797 18348 18608 18913 18914 18942 19007 19009 19565 19566 19602 19603 19605
NODE_NUM = 48
FILE multiplier_sub_432.aig

# Subcircuit 433
SUB_ID 433
LO (11):  19009 19027 19527 21115 21657 21658 21660 21673 21676 21677 21704
LI (22):  33 112 113 120 2217 3711 3713 19024 19026 21387 21388 21397 21400 21417 21605 21606 21607 21608 21617 21641 21642 21672
NODE_NUM = 50
FILE multiplier_sub_433.aig

# Subcircuit 434
SUB_ID 434
LO (14):  19047 19049 19050 19062 19341 19692 20425 20608 20610 20765 20883 20884 20905 22614
LI (28):  36 42 48 104 108 109 110 4218 4314 4319 4321 4555 5446 5793 5800 7356 7513 19041 19042 19331 19332 20267 20271 20415 20417 20422 20426 22609
NODE_NUM = 50
FILE multiplier_sub_434.aig

# Subcircuit 435
SUB_ID 435
LO (10):  19085 19096 19175 19477 19478 19830 19834 20044 20916 21801
LI (26):  51 93 94 95 1867 2453 3404 8444 8449 8451 8767 10453 11557 19077 19078 19171 19178 19380 19381 19468 19470 19474 19820 19821 19823 21800
NODE_NUM = 47
FILE multiplier_sub_435.aig

# Subcircuit 436
SUB_ID 436
LO (17):  19099 19110 19113 19121 19153 19154 19156 19454 19458 20019 21211 21771 21830 22038 22049 22067 22075
LI (25):  15 63 82 85 91 92 2985 3184 9419 9424 9426 11562 12723 12728 19109 19456 21767 21773 21787 21805 21809 21825 21827 22039 22040
NODE_NUM = 50
FILE multiplier_sub_436.aig

# Subcircuit 437
SUB_ID 437
LO (13):  19190 19204 19240 19241 19366 23564 23565 23604 23607 23631 23778 23780 23791
LI (23):  45 100 116 3078 3085 6638 8971 19198 19200 19201 23313 23384 23395 23396 23397 23398 23399 23530 23531 23549 23560 23603 23777
NODE_NUM = 49
FILE multiplier_sub_437.aig

# Subcircuit 438
SUB_ID 438
LO (13):  19271 19284 19286 19315 20174 20477 21083 21923 21924 21926 22168 22169 22170
LI (26):  27 30 117 119 123 1651 1764 2556 2563 2707 3078 9623 9993 12206 19264 19265 19266 21658 21660 21673 21676 21678 21684 21905 21906 22167
NODE_NUM = 50
FILE multiplier_sub_438.aig

# Subcircuit 439
SUB_ID 439
LO (12):  19317 19332 19342 19345 19358 20271 21434 21720 22654 22688 22847 22953
LI (25):  39 42 104 107 111 115 3266 4321 5007 5012 5798 6510 20269 21432 21710 21711 21712 22476 22477 22478 22479 22480 22629 22648 22844
NODE_NUM = 44
FILE multiplier_sub_439.aig

# Subcircuit 440
SUB_ID 440
LO (14):  19367 19368 19369 19380 19381 19392 19986 20646 21206 21277 22819 22990 23002 23062
LI (24):  51 57 96 100 102 2480 3598 5176 6633 6640 6892 8444 8451 10453 19985 21201 21271 21272 22732 22733 22744 22745 22790 22796
NODE_NUM = 50
FILE multiplier_sub_440.aig

# Subcircuit 441
SUB_ID 441
LO (15):  19396 19403 19407 19418 19428 19480 20338 20671 22283 23052 23081 23197 23252 23271 23707
LI (29):  57 60 83 85 86 89 99 2140 7520 10458 11557 11562 11940 12728 19394 19416 19426 19427 22273 22274 22275 23013 23014 23015 23016 23017 23051 23063 23078
NODE_NUM = 50
FILE multiplier_sub_441.aig

# Subcircuit 442
SUB_ID 442
LO (10):  19481 19524 19525 23957 24010 24012 24014 24040 24183 24189
LI (20):  48 97 114 3706 3713 7810 8620 23812 23823 23834 23835 23836 23837 23838 23840 23951 23970 23981 23989 24008
NODE_NUM = 48
FILE multiplier_sub_442.aig

# Subcircuit 443
SUB_ID 443
LO (19):  19547 19548 19550 19565 19566 19585 19621 19904 19906 19932 19934 19935 19938 20196 20222 20809 21094 21357 21358
LI (31):  24 27 119 120 121 123 1651 2071 2217 2556 2561 2563 10679 12587 19601 19602 19613 19615 19616 19931 19937 20212 20213 20215 20795 20796 20797 20806 20810 21348 21355
NODE_NUM = 49
FILE multiplier_sub_443.aig

# Subcircuit 444
SUB_ID 444
LO (15):  19642 19643 19644 19646 19662 19674 19946 20241 20539 20540 21362 22212 22449 22906 22917
LI (30):  18 30 122 123 126 127 1252 1651 1656 1658 2069 2217 3078 9967 13365 13794 19631 19632 19929 19940 20233 20532 20533 20534 20535 22203 22209 22422 22445 22666
NODE_NUM = 50
FILE multiplier_sub_444.aig

# Subcircuit 445
SUB_ID 445
LO (19):  19676 19690 19702 19703 19704 19714 19716 20261 20597 20611 21154 21430 21711 22394 22396 22476 23117 23121 23123
LI (32):  39 42 104 107 109 116 3266 4314 5007 5014 5278 5793 6036 6214 7067 7698 20257 20259 21153 22224 22225 22226 22228 22386 22387 22388 22966 22967 22968 22970 23114 23115
NODE_NUM = 49
FILE multiplier_sub_445.aig

# Subcircuit 446
SUB_ID 446
LO (16):  19731 19742 19749 19752 19998 20098 20308 20363 20660 20919 21190 21476 21761 22018 22089 22527
LI (32):  54 90 92 93 94 98 99 100 2808 7518 7520 7810 9424 9426 9755 10453 10458 19730 19741 19994 19996 20304 20306 20361 21186 21187 21466 21470 21757 22079 22080 22082
NODE_NUM = 50
FILE multiplier_sub_446.aig

# Subcircuit 447
SUB_ID 447
LO (15):  19772 19797 19815 19820 19821 21520 21767 21787 21809 21825 21827 22053 22286 23886 23888
LI (30):  33 60 81 87 88 97 2164 4008 8444 8451 11557 11562 11564 13961 19466 19789 19791 19792 19814 21233 21488 21489 21500 21502 21517 21533 21782 21784 21823 23884
NODE_NUM = 48
FILE multiplier_sub_447.aig

# Subcircuit 448
SUB_ID 448
LO (14):  19823 19848 19850 19880 19881 19985 21464 21755 23114 23115 23172 23173 23184 24552
LI (29):  45 51 96 102 103 115 3706 3713 6638 6640 8449 8644 21454 21455 21456 21745 21746 21747 22978 23097 23098 23099 23103 23117 23174 23175 23176 24548 24549
NODE_NUM = 48
FILE multiplier_sub_448.aig

# Subcircuit 449
SUB_ID 449
LO (16):  19894 19903 19939 19940 19943 19963 19969 20166 20247 21672 23124 23135 23137 23139 23345 24416
LI (29):  27 33 39 111 112 113 1651 2556 4319 4321 4555 5007 7356 10703 13392 19886 19891 19895 19932 19936 19938 19962 21667 22926 22941 22952 22954 22960 23123
NODE_NUM = 49
FILE multiplier_sub_449.aig

# Subcircuit 450
SUB_ID 450
LO (9):  19972 19982 19994 23777 23835 23836 23951 24143 24151
LI (20):  54 95 109 5012 5446 6633 9426 23654 23655 23666 23667 23668 23672 23739 23741 23752 23766 23858 23936 23939
NODE_NUM = 50
FILE multiplier_sub_450.aig

# Subcircuit 451
SUB_ID 451
LO (12):  20016 20017 20028 20068 20373 20375 20955 21219 21236 21237 21773 22563
LI (26):  21 57 83 86 91 92 1867 2985 10453 10458 10460 12723 12730 13550 20006 20008 20009 20060 20065 20372 20694 20937 20938 20951 21233 21772
NODE_NUM = 48
FILE multiplier_sub_451.aig

# Subcircuit 452
SUB_ID 452
LO (17):  20045 20065 20092 20096 20125 20392 20647 20754 21012 21032 21040 22008 22027 22344 22504 22536 24087
LI (30):  51 89 96 97 98 105 4218 4715 6036 7513 8444 8449 8451 8767 11564 19801 19804 20081 20082 20089 20124 20387 20388 20405 20620 20631 20745 20755 21007 22007
NODE_NUM = 49
FILE multiplier_sub_452.aig

# Subcircuit 453
SUB_ID 453
LO (14):  20124 20151 20155 20157 20177 20194 21333 22386 22387 22388 22403 22477 23326 24039
LI (30):  30 42 106 114 118 122 2563 3078 3083 3706 3888 5798 8971 11431 19873 19876 21323 21324 22236 22370 22371 22372 22373 22374 23316 23317 23318 24029 24030 24031
NODE_NUM = 47
FILE multiplier_sub_453.aig

# Subcircuit 454
SUB_ID 454
LO (11):  20213 20215 20257 20496 23809 23812 23823 23989 23993 24017 24213
LI (21):  39 111 124 125 2069 2071 5014 23594 23595 23604 23607 23618 23619 23623 23784 23786 23791 23813 23817 24012 24014
NODE_NUM = 49
FILE multiplier_sub_454.aig

# Subcircuit 455
SUB_ID 455
LO (16):  20259 20267 20269 20280 20284 20631 20898 21161 21165 21432 21983 22370 22371 22629 22844 22966
LI (28):  45 103 104 106 110 5012 5793 5950 6036 6510 6633 6638 6892 20621 20622 20624 20896 21164 22237 22238 22240 22361 22363 22368 22622 22625 22699 22836
NODE_NUM = 50
FILE multiplier_sub_455.aig

# Subcircuit 456
SUB_ID 456
LO (15):  20292 20293 20304 20316 20317 20330 22790 23014 23063 23695 23701 23733 23735 23882 24304
LI (26):  60 83 90 96 99 2480 4461 8444 8451 9426 11557 11564 13961 20329 22750 22751 22779 22781 22786 23062 23469 23691 23692 23694 23714 23729
NODE_NUM = 48
FILE multiplier_sub_456.aig

# Subcircuit 457
SUB_ID 457
LO (9):  20329 20372 20715 22779 22781 23051 23221 23232 23235
LI (20):  57 84 93 3184 10453 10460 13550 20315 20355 20363 20364 20369 22757 22758 22761 22775 23029 23048 23052 23231
NODE_NUM = 46
FILE multiplier_sub_457.aig

# Subcircuit 458
SUB_ID 458
LO (8):  20361 20393 20394 23281 23522 23523 23667 23752
LI (18):  57 91 102 5176 7513 7520 10829 23197 23208 23209 23210 23212 23266 23271 23429 23440 23503 23520
NODE_NUM = 47
FILE multiplier_sub_458.aig

# Subcircuit 459
SUB_ID 459
LO (9):  20396 20443 24379 24412 24413 24414 24574 24582 24590
LI (20):  48 101 117 3713 7518 20442 24217 24218 24230 24241 24252 24254 24265 24266 24267 24268 24269 24376 24377 24396
NODE_NUM = 50
FILE multiplier_sub_459.aig

# Subcircuit 460
SUB_ID 460
LO (16):  20442 20456 20458 20469 20476 20478 20580 20773 20806 20850 21117 21608 21905 21906 21938 21954
LI (28):  30 33 115 116 119 120 121 2556 2707 3083 3085 3706 3711 3888 11431 20167 20170 20465 20471 20570 20572 20848 21693 21694 21704 21904 21944 21946
NODE_NUM = 50
FILE multiplier_sub_460.aig

# Subcircuit 461
SUB_ID 461
LO (14):  20556 20570 20589 20601 20621 20622 21712 21864 22836 22978 23384 24241 24265 24975
LI (29):  36 39 45 106 110 114 125 2217 3078 4319 5278 6214 6633 6640 10703 20600 21854 21858 22700 22704 22831 22832 23374 23375 23376 24231 24232 24234 24260
NODE_NUM = 50
FILE multiplier_sub_461.aig

# Subcircuit 462
SUB_ID 462
LO (16):  20624 20645 20667 20745 20907 21024 21174 21175 21454 21744 22273 22529 22792 23004 23013 23443
LI (29):  48 57 94 101 102 103 105 3378 4691 5200 6638 7513 7518 7520 7810 8444 10453 10460 20637 20638 20661 20662 20740 20742 21734 21735 21737 22528 23008
NODE_NUM = 49
FILE multiplier_sub_462.aig

# Subcircuit 463
SUB_ID 463
LO (18):  20661 20669 20670 20683 20693 20720 20721 20723 20961 20998 21233 21263 21823 22025 23469 23472 23473 23694
LI (34):  54 57 85 87 91 92 96 97 2808 4008 9419 9424 9426 10829 11557 11564 12728 13550 20660 20960 20983 20984 20985 20995 21231 21262 21813 21814 21816 22015 22016 22018 23467 23470
NODE_NUM = 47
FILE multiplier_sub_463.aig

# Subcircuit 464
SUB_ID 464
LO (19):  20771 20772 20795 20796 20797 20830 20846 21348 21417 21667 21678 21693 21694 22197 22401 22402 22669 23361 23364
LI (29):  27 30 33 118 122 124 128 2071 2556 2563 2707 3078 3706 3713 9967 11405 12174 21344 21346 21406 21413 21666 21677 22186 22188 22424 23349 23350 23354
NODE_NUM = 49
FILE multiplier_sub_464.aig

# Subcircuit 465
SUB_ID 465
LO (8):  20848 20871 21605 21904 22152 22209 22413 22469
LI (27):  36 114 116 120 3266 4314 4321 4555 8971 20864 20865 20866 21418 21419 21421 21598 21601 21900 21901 21954 21955 21957 22135 22136 22140 22412 22468
NODE_NUM = 48
FILE multiplier_sub_465.aig

# Subcircuit 466
SUB_ID 466
LO (13):  20864 20872 20876 20885 20899 21149 21723 21990 22135 22224 22238 22412 22699
LI (30):  39 42 45 107 108 111 112 115 4319 5007 5012 5278 6036 6640 8284 20898 21139 21140 21142 21885 21958 21959 21961 21980 21984 22127 22128 22689 22690 22692
NODE_NUM = 50
FILE multiplier_sub_466.aig

# Subcircuit 467
SUB_ID 467
LO (8):  20896 20920 23936 23939 24158 24266 24278 24357
LI (18):  57 93 105 6892 10829 20919 23869 23870 23871 23873 23927 23932 24051 24062 24073 24134 24143 24151
NODE_NUM = 47
FILE multiplier_sub_467.aig

# Subcircuit 468
SUB_ID 468
LO (9):  20937 20938 20960 20983 21220 23266 23503 23679 23691
LI (22):  63 85 89 90 2453 4218 9419 11940 12723 12730 13961 20931 20932 20959 23221 23232 23235 23241 23260 23452 23464 23487
NODE_NUM = 49
FILE multiplier_sub_468.aig

# Subcircuit 469
SUB_ID 469
LO (12):  20985 21007 21070 21271 21456 22271 25107 25240 25252 25260 25331 25773
LI (28):  33 51 54 96 99 100 101 119 3706 3713 8449 8451 8767 9755 9993 21006 21064 21065 21269 22261 22262 22264 24995 24996 24997 25001 25093 25104
NODE_NUM = 50
FILE multiplier_sub_469.aig

# Subcircuit 470
SUB_ID 470
LO (15):  21064 21084 21112 21113 21114 21129 21320 21321 21413 21419 21617 22136 22879 22941 23349
LI (30):  33 36 117 118 125 2563 3706 3711 3888 4314 4321 9623 10679 20826 21057 21108 21109 21124 21133 21314 21315 21319 22869 22870 22871 22927 22928 22930 22938 23135
NODE_NUM = 50
FILE multiplier_sub_470.aig

# Subcircuit 471
SUB_ID 471
LO (15):  21133 21139 21150 21153 21164 21173 22127 22128 22236 22692 22831 22832 23097 23098 23418
LI (27):  42 48 107 110 115 116 4319 4555 5007 5793 5798 5950 6638 7380 7513 8620 21129 21974 22119 22120 22125 22716 22823 22824 22829 23094 23413
NODE_NUM = 47
FILE multiplier_sub_471.aig

# Subcircuit 472
SUB_ID 472
LO (19):  21187 21201 21208 21209 21231 21243 21289 21291 21488 21489 21517 21522 21524 21800 21816 23029 23231 23467 23470
LI (32):  30 60 63 86 93 94 95 96 97 2480 3184 9755 10458 10460 10829 11557 11564 13961 21172 21200 21219 21224 21225 21236 21237 21244 21288 21478 21482 21799 23028 23223
NODE_NUM = 50
FILE multiplier_sub_472.aig

# Subcircuit 473
SUB_ID 473
LO (11):  21324 21344 21346 21370 21380 21396 21638 22167 22203 22445 22922
LI (28):  24 27 30 121 125 126 128 2217 2556 2561 2563 3266 13797 20840 21101 21364 21365 21391 21628 21629 21630 22159 22199 22201 22435 22436 22438 22917
NODE_NUM = 48
FILE multiplier_sub_473.aig

# Subcircuit 474
SUB_ID 474
LO (13):  21391 21406 21418 21684 24230 24599 24782 24959 25129 25291 25450 25599 25601
LI (28):  36 122 123 2064 3083 3266 4314 9967 13794 21402 21680 21682 24219 24220 24413 24414 24593 24778 24779 24954 24956 25124 25126 25287 25288 25445 25447 25598
NODE_NUM = 50
FILE multiplier_sub_474.aig

# Subcircuit 475
SUB_ID 475
LO (13):  21421 21455 21572 21875 21984 22119 22120 22125 22512 22992 23398 23970 24624
LI (28):  45 51 103 107 109 117 4319 6633 6640 6892 7067 8451 21445 21446 21447 21567 21569 21731 21865 21867 21878 21983 22116 22502 22506 23960 23961 23963
NODE_NUM = 48
FILE multiplier_sub_475.aig

# Subcircuit 476
SUB_ID 476
LO (15):  21466 21478 21482 21500 21521 21563 21799 23015 23078 23739 23741 23932 24344 24346 24514
LI (28):  48 54 57 60 63 92 93 3378 4008 4691 6214 7513 9419 10453 11557 11562 11940 21497 21558 21798 23073 23679 23685 23733 23735 24302 24329 24335
NODE_NUM = 50
FILE multiplier_sub_476.aig

# Subcircuit 477
SUB_ID 477
LO (11):  21558 21598 21601 21885 21900 21901 21995 23186 23758 23766 24051
LI (29):  39 48 104 106 113 115 5007 5014 5278 7520 7810 8644 21429 21556 21557 21582 21583 21587 21588 21589 21880 21881 21898 21994 23756 23760 24041 24042 24044
NODE_NUM = 50
FILE multiplier_sub_477.aig

# Subcircuit 478
SUB_ID 478
LO (14):  21606 21607 21628 21629 21630 21666 22159 22464 22870 22912 22927 22928 23147 23148
LI (23):  33 121 125 126 127 2556 2561 2563 2707 3706 3713 10703 13365 22450 22454 22461 22676 22884 22885 22886 22896 22906 23139
NODE_NUM = 49
FILE multiplier_sub_478.aig

# Subcircuit 479
SUB_ID 479
LO (16):  21680 21682 21710 21721 21734 21735 21932 22478 23195 23837 25430 25445 25447 25453 25470 25592
LI (25):  48 107 124 125 3083 3085 5007 5793 6484 7513 7520 8284 8971 21928 21929 23190 25293 25302 25305 25316 25317 25321 25429 25434 25469
NODE_NUM = 46
FILE multiplier_sub_479.aig

# Subcircuit 480
SUB_ID 480
LO (12):  21737 21745 21746 21747 22361 22363 22622 22625 22727 22823 22824 22829
LI (24):  51 102 104 106 5446 7518 8444 8451 8767 22248 22259 22260 22337 22340 22341 22344 22345 22499 22597 22600 22614 22723 22725 22819
NODE_NUM = 50
FILE multiplier_sub_480.aig

# Subcircuit 481
SUB_ID 481
LO (9):  21757 21772 24329 24516 24569 24707 24715 24723 24743
LI (20):  63 90 101 9426 13113 21771 24314 24315 24316 24318 24449 24460 24461 24472 24513 24514 24530 24535 24543 24557
NODE_NUM = 50
FILE multiplier_sub_481.aig

# Subcircuit 482
SUB_ID 482
LO (18):  21782 21784 21798 21805 21813 21814 21854 21858 22750 23028 23884 24134 24359 24360 24530 24543 24885 25653
LI (27):  24 57 60 89 94 98 108 4218 6633 6892 7356 10453 10460 11562 13550 21779 21801 21857 22748 24074 24078 24128 24130 24289 24349 24357 24525
NODE_NUM = 50
FILE multiplier_sub_482.aig

# Subcircuit 483
SUB_ID 483
LO (8):  21857 21898 24216 24217 24218 24219 24254 24396
LI (23):  36 45 109 119 4314 4321 6638 9993 21892 21893 24028 24039 24040 24161 24162 24163 24164 24183 24199 24201 24208 24213 24253
NODE_NUM = 50
FILE multiplier_sub_483.aig

# Subcircuit 484
SUB_ID 484
LO (17):  21892 21928 21929 21944 21946 22140 22454 22865 22884 22885 22915 22930 22952 23154 23376 23618 23998
LI (27):  36 117 118 122 123 124 126 3085 3266 3711 3713 4319 4555 22139 22452 22677 22678 22679 22864 22882 22883 22942 22943 23608 23609 23610 23997
NODE_NUM = 50
FILE multiplier_sub_484.aig

# Subcircuit 485
SUB_ID 485
LO (22):  21958 21959 21961 21974 21980 21991 21994 22103 22228 22248 22260 22479 22690 22732 22970 23397 23413 23429 23760 24041 24044 24623
LI (33):  51 107 113 114 116 117 5007 5012 5014 5798 5800 5950 6510 6633 7380 7513 7518 8444 9623 21971 21973 22002 22008 22093 22094 22095 22096 22104 22727 23409 23410 23424 23758
NODE_NUM = 50
FILE multiplier_sub_485.aig

# Subcircuit 486
SUB_ID 486
LO (14):  22007 22015 22016 22028 22039 22307 23210 23487 23692 24335 24510 24513 24693 24694
LI (26):  63 93 94 99 104 3378 4461 8449 10453 10460 11940 12723 12730 22005 22300 23472 23473 23478 24331 24333 24483 24493 24495 24496 24500 24690
NODE_NUM = 48
FILE multiplier_sub_486.aig

# Subcircuit 487
SUB_ID 487
LO (10):  22051 22079 22080 24682 24690 24921 25008 25020 25053 25073
LI (16):  90 102 5176 9419 9426 13550 24677 24679 24680 24854 24858 24877 24892 24896 24904 24918
NODE_NUM = 47
FILE multiplier_sub_487.aig

# Subcircuit 488
SUB_ID 488
LO (10):  22082 22116 22139 22368 25692 25744 25745 25746 25747 25859
LI (20):  54 101 119 4319 9424 21990 22111 22112 25602 25613 25614 25615 25616 25617 25618 25691 25709 25731 25733 25738
NODE_NUM = 48
FILE multiplier_sub_488.aig

# Subcircuit 489
SUB_ID 489
LO (19):  22188 22199 22201 22213 22217 22225 22226 22438 22643 22849 23997 24019 24199 24201 24232 24954 24956 25124 25126
LI (27):  36 39 118 119 120 126 127 2556 3083 3085 4314 4319 4555 5007 5014 9967 10703 13794 13797 22642 24189 24191 24784 24785 24786 24950 25123
NODE_NUM = 48
FILE multiplier_sub_489.aig

# Subcircuit 490
SUB_ID 490
LO (15):  22237 22240 22259 22261 22262 22609 22716 23094 23190 23199 23304 23431 23668 24064 24289
LI (31):  48 54 103 107 108 109 111 5200 6633 6638 7067 7513 7518 7520 7698 7810 9419 9426 22253 22254 22605 22714 22715 22980 22981 22984 23088 23090 23186 23188 24284
NODE_NUM = 50
FILE multiplier_sub_490.aig

# Subcircuit 491
SUB_ID 491
LO (11):  22264 22274 22287 22300 23048 23464 23927 24116 24128 24130 24498
LI (26):  60 63 92 95 100 102 9424 10460 11940 13113 22299 23038 23039 23041 23454 23455 23457 23882 23910 23911 23912 23914 24106 24107 24109 24127
NODE_NUM = 48
FILE multiplier_sub_491.aig

# Subcircuit 492
SUB_ID 492
LO (14):  22299 22337 22340 22341 22372 22373 24376 24377 24449 24461 26337 26338 26408 26420
LI (25):  51 63 93 115 5793 5800 6214 8444 8644 12728 22335 22336 24278 24359 24360 24366 24379 26186 26279 26280 26281 26282 26299 26318 26335
NODE_NUM = 49
FILE multiplier_sub_492.aig

# Subcircuit 493
SUB_ID 493
LO (14):  22374 22432 22433 22435 22436 22450 22452 23350 23603 24593 24757 24776 25302 25305
LI (25):  33 42 113 123 128 3078 3085 3706 3888 6036 12206 13392 22184 22427 22429 23598 24426 24427 24428 24430 24577 24582 24590 25294 25296
NODE_NUM = 50
FILE multiplier_sub_493.aig

# Subcircuit 494
SUB_ID 494
LO (14):  22465 22468 22480 22499 23103 23176 24031 24260 24577 24614 24778 24779 24784 24785
LI (26):  45 111 113 114 121 4314 4319 6036 6633 6640 6892 8284 11405 22492 22493 22494 23102 24259 24443 24569 24574 24611 24750 24767 24769 24776
NODE_NUM = 50
FILE multiplier_sub_494.aig

# Subcircuit 495
SUB_ID 495
LO (10):  22492 22502 22506 22523 23073 23208 23440 23858 24284 24644
LI (31):  51 54 102 104 106 112 5446 6484 6638 8444 8449 9419 9426 9755 22504 22516 22517 22518 23071 23072 23203 23430 23431 23433 23848 23849 23850 24283 24634 24635 24637
NODE_NUM = 50
FILE multiplier_sub_495.aig

# Subcircuit 496
SUB_ID 496
LO (12):  22516 22528 22534 22535 22537 22574 22577 23260 23452 23897 24127 24302
LI (29):  57 60 63 96 99 103 3404 4218 4715 9424 10453 10829 11557 11940 12723 22527 22529 22555 22573 23255 23442 23443 23445 24086 24087 24089 24120 24121 24122
NODE_NUM = 50
FILE multiplier_sub_496.aig

# Subcircuit 497
SUB_ID 497
LO (12):  22555 22573 22597 22600 22605 22757 22761 22775 25528 25649 25661 25808
LI (25):  27 63 93 94 95 110 7520 12728 12730 13113 22310 22512 22554 22561 22562 22563 22574 22596 22765 22766 22768 25501 25505 25520 25525
NODE_NUM = 47
FILE multiplier_sub_497.aig

# Subcircuit 498
SUB_ID 498
LO (12):  22642 22648 22677 22678 22679 22864 22938 22954 23171 23395 23623 23817
LI (29):  39 117 118 121 123 4314 4321 4555 5007 5012 5278 9993 11431 22643 22688 22847 22848 22849 22851 22865 22953 23161 23162 23163 23386 23388 23390 23621 23816
NODE_NUM = 49
FILE multiplier_sub_498.aig

# Subcircuit 499
SUB_ID 499
LO (18):  22689 22700 22704 22714 22723 22725 22740 23088 23090 23188 23283 23296 23424 23666 23849 24062 24634 25153
LI (31):  51 107 108 110 112 113 5793 5950 6633 6638 6892 7518 8449 8451 8620 9419 9623 22739 22990 22991 22992 22993 23082 23084 23420 23421 23656 23660 24052 24053 24054
NODE_NUM = 48
FILE multiplier_sub_499.aig

# Subcircuit 500
SUB_ID 500
LO (13):  22739 22744 22748 22758 23071 23203 24483 25027 25057 25186 25200 25216 25354
LI (25):  54 60 92 97 103 104 105 9424 9426 9755 11940 13961 22738 22740 23199 23201 24473 24474 24476 25019 25020 25022 25026 25047 25053
NODE_NUM = 47
FILE multiplier_sub_500.aig

# Subcircuit 501
SUB_ID 501
LO (13):  22765 22766 22796 22848 23008 23714 23910 24120 24121 24122 26728 26735 26810
LI (25):  63 96 100 101 3598 5007 10458 10679 10829 12723 12730 22792 23004 23006 23704 23708 23893 23896 23897 23901 24119 26707 26708 26715 26721
NODE_NUM = 48
FILE multiplier_sub_501.aig

# Subcircuit 502
SUB_ID 502
LO (12):  22851 22869 22871 22896 22923 22926 23575 23816 24028 24426 24767 24769
LI (25):  30 33 39 119 124 127 128 3078 3083 3266 3706 3888 5007 5012 12587 13797 22915 22922 23568 24023 24416 24417 24418 24757 24758
NODE_NUM = 50
FILE multiplier_sub_502.aig

# Subcircuit 503
SUB_ID 503
LO (19):  22942 22943 22960 22967 22968 22981 23163 23317 23549 23784 23786 23981 24023 24252 24732 24822 24987 25144 25605
LI (30):  42 110 118 119 120 121 124 4314 4321 5012 5014 5278 5793 5800 7810 9967 12174 22959 23539 23543 23631 23632 23636 23778 23780 24019 24021 24246 24247 24731
NODE_NUM = 50
FILE multiplier_sub_503.aig

# Subcircuit 504
SUB_ID 504
LO (14):  22991 22993 23006 23016 23017 23038 23455 24078 24474 24892 25418 25477 25478 25534
LI (25):  60 63 98 100 102 107 4008 7067 8444 8767 10458 11564 11940 12723 24076 24882 24883 24885 25351 25352 25364 25370 25389 25393 25407
NODE_NUM = 48
FILE multiplier_sub_504.aig

# Subcircuit 505
SUB_ID 505
LO (11):  23039 23082 23084 23099 23102 26075 26116 26153 26165 26222 26242
LI (20):  63 97 114 6633 6638 8644 12730 23002 23081 26029 26030 26031 26042 26043 26054 26055 26062 26063 26067 26105
NODE_NUM = 50
FILE multiplier_sub_505.aig

# Subcircuit 506
SUB_ID 506
LO (15):  23149 23150 23161 23162 23174 23175 23201 23813 24443 25123 25159 25287 25288 25293 26098
LI (27):  45 106 116 122 4314 5007 5014 6633 6640 8971 9424 11405 12206 22923 23137 24442 24973 24979 25107 25112 25120 25153 25154 25155 25264 25265 25275
NODE_NUM = 50
FILE multiplier_sub_506.aig

# Subcircuit 507
SUB_ID 507
LO (19):  23209 23212 23223 23241 23255 23457 23708 23729 23914 24306 24307 24308 24313 24316 24493 24495 24677 24679 24858
LI (33):  60 63 95 96 98 100 101 103 5446 10453 10458 11562 11564 12730 13113 13550 23239 23240 23252 23254 23707 23719 23723 24101 24304 24312 24484 24489 24667 24668 24670 24678 24856
NODE_NUM = 47
FILE multiplier_sub_507.aig

# Subcircuit 508
SUB_ID 508
LO (13):  23282 23284 23316 23318 23340 23354 23560 24973 24997 25001 26373 26374 26472
LI (28):  42 51 108 117 126 3888 5793 6036 7356 8444 8767 9993 23121 23124 23333 23336 23353 24963 24964 24966 25000 26264 26265 26266 26268 26358 26363 26367
NODE_NUM = 45
FILE multiplier_sub_508.aig

# Subcircuit 509
SUB_ID 509
LO (15):  23353 23374 23375 23386 23388 23399 23609 24234 24950 24979 25112 25120 25595 25722 25738
LI (27):  45 115 122 123 126 127 3711 4314 4321 5012 5014 6892 12587 24807 24808 24809 24811 24936 24938 24943 24975 24977 25454 25455 25457 25587 25592
NODE_NUM = 49
FILE multiplier_sub_509.aig

# Subcircuit 510
SUB_ID 510
LO (21):  23409 23410 23420 23421 23430 23433 23442 23445 23850 23869 24053 24054 24074 24283 24472 24525 24549 24850 24918 25061 25400
LI (32):  54 104 107 109 111 112 114 5950 6510 7520 7810 8451 8767 9419 9424 10453 10458 23859 23860 23861 24281 24462 24463 24464 24521 24522 24844 24845 24846 24908 24909 24910
NODE_NUM = 48
FILE multiplier_sub_510.aig

# Subcircuit 511
SUB_ID 511
LO (11):  23454 23478 23530 23531 23539 23655 26447 26471 26550 26558 26573
LI (22):  60 97 98 5176 5793 10679 11557 12728 13113 23418 23522 23523 23528 26383 26384 26395 26396 26407 26408 26414 26444 26445
NODE_NUM = 48
FILE multiplier_sub_511.aig

# Subcircuit 512
SUB_ID 512
LO (18):  23543 23568 23598 23608 23610 23619 23621 23632 23636 23829 24220 24231 24246 24611 24786 24807 25275 25296
LI (31):  42 118 119 120 122 125 128 3706 3711 4314 4555 5007 5278 5793 5798 6036 10703 12174 13365 13794 13797 23825 23827 24245 24601 24602 24603 24798 24800 24802 25267
NODE_NUM = 47
FILE multiplier_sub_512.aig

# Subcircuit 513
SUB_ID 513
LO (10):  23654 23656 23660 23963 24164 24936 24938 24996 25104 25247
LI (29):  45 51 110 116 117 118 6633 6638 6640 6892 7698 8444 8767 9967 23648 23649 23659 24819 24830 24831 24833 24835 24837 24922 24923 24924 25237 25238 25240
NODE_NUM = 49
FILE multiplier_sub_513.aig

# Subcircuit 514
SUB_ID 514
LO (12):  23659 23672 23685 23861 23871 24464 24703 24745 24746 24819 24831 24843
LI (20):  57 106 107 108 111 8449 9424 9755 10460 23684 24633 24644 24645 24649 24702 24707 24715 24723 24738 24743
NODE_NUM = 48
FILE multiplier_sub_514.aig

# Subcircuit 515
SUB_ID 515
LO (14):  23684 23704 23719 23723 23756 24089 24315 24333 25831 25857 25902 25903 25904 26189
LI (24):  60 101 102 104 105 4691 5200 7513 8644 10458 10829 11557 11562 11940 12723 25769 25770 25781 25782 25793 25794 25800 25828 25829
NODE_NUM = 50
FILE multiplier_sub_515.aig

# Subcircuit 516
SUB_ID 516
LO (13):  23825 23827 23834 23838 23840 23848 24830 24995 25264 25265 25294 25434 25569
LI (28):  42 48 115 116 121 122 5793 5798 5800 7518 7520 8284 8444 11405 23829 24820 24824 24985 24987 24989 25141 25142 25143 25144 25254 25255 25260 25568
NODE_NUM = 48
FILE multiplier_sub_516.aig

# Subcircuit 517
SUB_ID 517
LO (15):  23859 23860 23870 23873 23893 23896 23901 24119 24312 24314 24649 25019 25206 25208 25501
LI (28):  63 99 106 110 6484 6510 7356 9419 9426 10453 10458 12723 13113 23695 23701 23886 23888 23900 24101 24116 24307 24308 24313 24647 25014 25187 25189 25205
NODE_NUM = 48
FILE multiplier_sub_517.aig

# Subcircuit 518
SUB_ID 518
LO (13):  23900 23911 23912 23960 23961 23994 24670 25454 26318 26721 27105 27151 27152
LI (24):  60 100 104 119 4314 5446 6633 6640 9993 11557 11564 12728 13392 26312 26313 26717 26718 27048 27049 27055 27091 27092 27099 27144
NODE_NUM = 50
FILE multiplier_sub_518.aig

# Subcircuit 519
SUB_ID 519
LO (15):  24021 24029 24030 24042 24052 24073 24428 25143 25575 25576 25615 25709 26105 26344 26482
LI (27):  51 54 109 117 123 125 5012 5793 5800 7380 7520 8444 8620 9419 9755 11431 24064 24066 24068 25477 25545 25546 25547 25549 25573 25704 26100
NODE_NUM = 48
FILE multiplier_sub_519.aig

# Subcircuit 520
SUB_ID 520
LO (15):  24066 24076 24086 24101 24846 25520 25691 25770 25782 25794 25828 25829 25950 25952 26056
LI (23):  98 106 110 5950 9424 10829 11557 13961 24100 25514 25516 25637 25648 25649 25650 25654 25669 25680 25688 25692 25826 25831 25949
NODE_NUM = 48
FILE multiplier_sub_520.aig

# Subcircuit 521
SUB_ID 521
LO (16):  24100 24106 24107 24109 24161 24162 24163 24253 24318 26717 26839 26840 26841 26842 26859 26951
LI (26):  63 99 101 102 120 5176 6633 6640 10679 12723 12728 12730 13550 23957 24158 26758 26769 26781 26782 26783 26784 26806 26810 26826 26828 26833
NODE_NUM = 49
FILE multiplier_sub_521.aig

# Subcircuit 522
SUB_ID 522
LO (13):  24191 24208 24245 24259 24442 24811 25724 25725 25887 26017 26140 26263 26264
LI (24):  45 119 120 123 128 4319 5798 6633 6638 6892 24005 24010 24441 25722 25745 25746 25747 25749 25878 26011 26136 26137 26259 26260
NODE_NUM = 49
FILE multiplier_sub_522.aig

# Subcircuit 523
SUB_ID 523
LO (12):  24267 24268 24269 24281 24349 24521 24535 25351 25545 25618 25688 25793
LI (27):  54 57 109 110 116 118 7067 7513 7520 7810 9755 9967 10453 10460 24295 24296 24344 24346 25341 25342 25344 25478 25479 25483 25537 25787 25788
NODE_NUM = 50
FILE multiplier_sub_523.aig

# Subcircuit 524
SUB_ID 524
LO (14):  24295 24331 24366 24522 24633 24702 24896 24904 25169 25399 25483 25491 25637 25800
LI (31):  51 57 60 106 107 108 113 115 8451 8767 10458 10829 11564 24364 24365 24623 24624 24626 24656 24660 24693 24694 24699 24703 25165 25166 25481 25627 25628 25630 25799
NODE_NUM = 50
FILE multiplier_sub_524.aig

# Subcircuit 525
SUB_ID 525
LO (13):  24364 24417 24418 24427 24430 24800 26003 26117 26259 26260 26363 26367 26383
LI (26):  51 114 124 126 128 5014 5278 5793 5798 8449 12206 25902 25986 25987 25988 25989 26223 26226 26227 26228 26229 26250 26252 26257 26375 26376
NODE_NUM = 49
FILE multiplier_sub_525.aig

# Subcircuit 526
SUB_ID 526
LO (19):  24441 24460 24462 24463 24473 24476 24731 25154 25342 25537 25546 25547 25643 25680 25781 26169 26311 26412 26608
LI (30):  48 54 60 106 113 117 118 119 121 6484 6638 7513 7518 7520 7810 8284 9419 9426 9993 11557 11562 24454 24455 25495 25528 25534 25639 25640 25771 25775
NODE_NUM = 49
FILE multiplier_sub_526.aig

# Subcircuit 527
SUB_ID 527
LO (14):  24484 24489 24496 24500 24548 24557 24678 26280 26444 26445 26549 26592 26604 26709
LI (26):  36 51 63 100 103 116 5446 8444 8451 8971 9623 12723 12728 13961 24306 24498 24552 26420 26421 26422 26437 26439 26447 26501 26524 26539
NODE_NUM = 49
FILE multiplier_sub_527.aig

# Subcircuit 528
SUB_ID 528
LO (12):  24601 24602 24603 24626 24750 24809 24943 24977 25141 25316 25704 25769
LI (31):  45 51 116 122 123 124 126 5793 5800 6036 6633 6638 6640 8449 11431 12587 24614 24616 24617 24745 24746 25135 25136 25306 25307 25308 25700 25701 25759 25760 25761
NODE_NUM = 48
FILE multiplier_sub_528.aig

# Subcircuit 529
SUB_ID 529
LO (15):  24635 24637 24645 24647 24656 25254 25255 25328 25352 25393 25419 25420 25421 25422 25481
LI (22):  60 109 113 114 6510 7380 9424 9426 10453 10829 11557 25163 25174 25180 25209 25211 25216 25224 25232 25247 25252 25418
NODE_NUM = 49
FILE multiplier_sub_529.aig

# Subcircuit 530
SUB_ID 530
LO (14):  24660 24667 24668 24680 24877 25014 25654 25826 25949 26043 26055 26062 26177 26183
LI (25):  63 101 105 106 107 5950 11562 11940 12723 12730 13961 24867 24871 25013 25653 25817 25820 25910 25912 25931 25946 25950 26058 26075 26182
NODE_NUM = 47
FILE multiplier_sub_530.aig

# Subcircuit 531
SUB_ID 531
LO (15):  24699 24738 24758 24798 24808 24820 24824 24833 25238 25317 25878 26011 26136 26137 26228
LI (30):  48 118 120 127 5278 5800 6633 7513 7518 7520 8451 10679 10703 12174 24510 24516 24732 24733 24822 25860 25863 25864 25868 25891 25892 25893 26003 26004 26007 26133
NODE_NUM = 50
FILE multiplier_sub_531.aig

# Subcircuit 532
SUB_ID 532
LO (14):  24835 24844 24845 24854 24856 25628 26299 26437 26439 26781 26898 26901 26936 26949
LI (21):  54 57 102 112 117 7698 8449 10453 10460 13961 24850 26292 26296 26432 26436 26711 26770 26772 26870 26881 26887
NODE_NUM = 48
FILE multiplier_sub_532.aig

# Subcircuit 533
SUB_ID 533
LO (18):  24867 24871 24882 24883 24908 24909 24910 25013 25155 25505 25669 26067 26206 26207 26208 26209 26279 26422
LI (29):  63 104 105 109 113 115 6214 7067 7380 8644 9419 9426 9755 11557 11564 12723 12728 13113 25012 25503 25659 25661 26065 26165 26176 26188 26189 26190 26192
NODE_NUM = 46
FILE multiplier_sub_533.aig

# Subcircuit 534
SUB_ID 534
LO (18):  24922 24923 24924 24963 24964 24966 24985 25000 25012 25891 26268 26641 26666 26684 26696 26751 27205 27240
LI (26):  63 106 118 127 128 5793 5798 5800 7513 8449 11405 12728 13392 24843 24921 26591 26592 26603 26604 26615 26616 26617 26618 26638 26639 26663
NODE_NUM = 50
FILE multiplier_sub_534.aig

# Subcircuit 535
SUB_ID 535
LO (12):  25022 25026 25047 25064 25180 25205 25364 25389 25525 25820 25910 25912
LI (31):  39 45 60 104 108 109 110 7356 8284 10453 11557 11562 11564 11940 13550 24682 25027 25041 25042 25063 25176 25202 25206 25357 25359 25360 25379 25380 25382 25818 25907
NODE_NUM = 49
FILE multiplier_sub_535.aig

# Subcircuit 536
SUB_ID 536
LO (13):  25063 25093 25133 25165 25224 25232 25407 25787 26143 26345 26387 26492 26687
LI (28):  54 57 111 113 114 115 116 124 6892 8971 9419 9424 9426 9755 10460 10829 25008 25057 25061 25062 25064 25073 25081 25082 25087 25397 25401 25786
NODE_NUM = 50
FILE multiplier_sub_536.aig

# Subcircuit 537
SUB_ID 537
LO (15):  25135 25142 25163 25166 25174 25176 25187 25380 25659 25817 26063 26407 26769 26870 27070
LI (29):  54 57 60 63 108 111 112 125 6638 7513 7698 8620 10453 10829 11431 11564 12723 12730 25133 25159 25169 25810 26402 26759 26760 26762 26860 26864 27069
NODE_NUM = 50
FILE multiplier_sub_537.aig

# Subcircuit 538
SUB_ID 538
LO (20):  25189 25202 25209 25211 25237 25267 25306 25307 25308 25357 25359 25514 25516 25650 26227 27120 27217 27292 27309 27318
LI (26):  42 105 107 125 127 6036 6633 6640 6892 8444 10679 12728 13365 13550 25186 25200 25208 25356 27118 27252 27267 27268 27275 27276 27303 27314
NODE_NUM = 50
FILE multiplier_sub_538.aig

# Subcircuit 539
SUB_ID 539
LO (15):  25321 25341 25344 25429 25469 25568 25587 25614 25700 25731 25733 25771 25774 25973 26145
LI (31):  51 117 120 121 122 123 7518 7810 8444 8449 8451 9419 9424 9967 10703 25328 25331 25333 25334 25419 25420 25421 25422 25430 25468 25475 25565 25567 25575 25576 25730
NODE_NUM = 50
FILE multiplier_sub_539.aig

# Subcircuit 540
SUB_ID 540
LO (19):  25356 25370 25379 25382 25397 25401 25455 25503 25810 25931 26058 26182 26186 26188 27144 27153 27203 27269 27296
LI (34):  60 63 106 107 108 109 111 128 6640 7698 8644 10453 11557 11562 12728 12730 13113 13550 25354 25369 25399 25400 25808 25921 25922 25924 26056 26177 26180 26183 27107 27108 27138 27140
NODE_NUM = 47
FILE multiplier_sub_540.aig

# Subcircuit 541
SUB_ID 541
LO (11):  25457 25468 25475 25479 25495 26603 26983 26984 27026 27041 27108
LI (27):  48 57 60 111 124 127 6638 7513 7518 8971 10453 11940 12206 25470 25491 25493 26598 26923 26924 26925 26926 26928 26959 26960 26961 26975 26980
NODE_NUM = 49
FILE multiplier_sub_541.aig

# Subcircuit 542
SUB_ID 542
LO (13):  25493 25549 25565 25573 25598 25602 25613 26539 26554 26569 26575 26576 26988
LI (29):  48 51 54 60 112 118 120 126 7513 7520 8767 9424 11562 12587 25453 25569 25595 25599 25607 25608 26480 26481 26482 26529 26530 26531 26553 26568 26573
NODE_NUM = 47
FILE multiplier_sub_542.aig

# Subcircuit 543
SUB_ID 543
LO (14):  25607 25616 25617 25627 25630 26042 26210 26214 26217 26223 26226 26358 26384 26688
LI (27):  54 57 116 120 125 7518 9419 9426 9623 10453 10458 10679 25605 26037 26152 26153 26154 26155 26156 26207 26208 26209 26222 26276 26341 26342 26346
NODE_NUM = 50
FILE multiplier_sub_543.aig

# Subcircuit 544
SUB_ID 544
LO (12):  25639 25640 25648 25701 25730 25749 25946 26530 26707 27107 27190 27201
LI (25):  45 60 112 114 121 6633 8620 8767 11557 11564 11940 13794 13797 25643 25724 25725 25936 25937 25939 26697 26698 26700 27165 27176 27177
NODE_NUM = 48
FILE multiplier_sub_544.aig

# Subcircuit 545
SUB_ID 545
LO (19):  25759 25760 25761 25775 25786 25799 25818 26029 26312 26402 26436 26517 26520 26598 26700 26806 26864 27128 27216
LI (32):  51 60 108 113 114 117 122 124 8444 8451 8767 10458 11562 11940 12174 13961 25773 25774 26019 26020 26022 26311 26398 26399 26435 26515 26594 26595 26796 26797 26799 26862
NODE_NUM = 46
FILE multiplier_sub_545.aig

# Subcircuit 546
SUB_ID 546
LO (16):  25860 25863 25864 25868 25892 25893 25907 26133 26250 26252 26257 27252 27258 27268 27276 27311
LI (22):  48 109 125 126 128 7513 7518 7520 7810 13365 13794 13797 13961 25857 25859 26116 26117 26118 26242 27247 27249 27251
NODE_NUM = 48
FILE multiplier_sub_546.aig

# Subcircuit 547
SUB_ID 547
LO (17):  25921 25922 25924 25936 25937 25939 25986 26030 26031 26054 26156 26190 26281 26421 26509 26616 26617
LI (32):  57 60 112 113 115 116 117 119 8284 8971 9993 10453 10460 10829 11557 11562 11564 12723 12728 12730 25903 25904 25952 25956 25957 25958 25980 26044 26046 26503 26504 26505
NODE_NUM = 49
FILE multiplier_sub_547.aig

# Subcircuit 548
SUB_ID 548
LO (15):  25956 25980 25987 25988 25989 26019 26020 26100 26152 26229 26342 26395 26501 26586 26762
LI (32):  54 57 118 120 122 123 125 126 8444 8451 8767 9419 9426 9755 10458 11405 12206 12587 25973 25974 25975 26099 26142 26143 26145 26389 26390 26491 26492 26493 26582 26584
NODE_NUM = 48
FILE multiplier_sub_548.aig

# Subcircuit 549
SUB_ID 549
LO (13):  26022 26037 26044 26046 26335 26414 26531 26594 26615 27022 27037 27043 27044
LI (29):  57 60 115 118 119 120 125 8449 9623 10458 10460 10829 11557 11940 26036 26325 26326 26328 26410 26412 26605 26606 26608 26985 26986 26988 27021 27036 27041
NODE_NUM = 48
FILE multiplier_sub_549.aig

# Subcircuit 550
SUB_ID 550
LO (13):  26065 26099 26118 26757 26758 26833 26959 26960 26961 27021 27049 27241 27242
LI (25):  54 63 112 121 127 7810 9755 11431 12723 13113 26098 26674 26675 26677 26744 26746 26751 26936 26937 26939 26953 26955 27017 27022 27240
NODE_NUM = 46
FILE multiplier_sub_550.aig

# Subcircuit 551
SUB_ID 551
LO (16):  26142 26154 26155 26176 26180 26296 26432 26491 26529 26796 26887 27091 27092 27116 27133 27134
LI (27):  48 57 60 111 116 118 121 9419 9967 10453 10460 10703 11557 11564 11940 12174 13961 26169 26170 26171 26179 26886 26952 27075 27077 27087 27130
NODE_NUM = 44
FILE multiplier_sub_551.aig

# Subcircuit 552
SUB_ID 552
LO (18):  26179 26192 26265 26266 26276 26282 26292 26325 26326 26341 26396 26435 26914 26939 26975 26980 27006 27077
LI (31):  57 63 112 113 114 122 128 8444 8451 10453 10460 11405 12728 13113 13392 13550 26206 26210 26214 26217 26337 26338 26840 26841 26842 26847 26848 26905 26996 26997 26999
NODE_NUM = 49
FILE multiplier_sub_552.aig

# Subcircuit 553
SUB_ID 553
LO (26):  26328 26346 26375 26376 26389 26398 26399 26410 26478 26480 26481 26493 26503 26579 26584 26595 26606 26673 26674 26675 26698 26760 26847 26923 26986 27176
LI (35):  57 63 120 121 122 123 125 127 8444 8767 9419 9424 9426 9967 10458 10460 10829 11564 12723 13365 13797 26344 26345 26374 26387 26471 26472 26575 26576 26669 26670 26845 26915 26917 27171
NODE_NUM = 50
FILE multiplier_sub_553.aig

# Subcircuit 554
SUB_ID 554
LO (17):  26504 26505 26515 26524 26553 26568 26581 26638 26639 26663 26669 26670 26708 26715 26718 26770 26772
LI (29):  51 63 115 116 118 128 8444 8767 9419 12730 13113 13392 13550 13794 26436 26509 26517 26520 26549 26550 26554 26558 26569 26628 26636 26641 26666 26711 26728
NODE_NUM = 50
FILE multiplier_sub_554.aig

# Subcircuit 555
SUB_ID 555
LO (13):  26582 26591 26605 26618 26628 26677 26744 26746 26826 26828 26925 27228 27238
LI (30):  54 57 63 115 117 126 128 9424 9426 10453 10460 11405 11557 12587 13113 13961 26581 26586 26684 26689 26690 26736 26737 26738 26825 27163 27202 27203 27205 27221
NODE_NUM = 47
FILE multiplier_sub_555.aig

# Subcircuit 556
SUB_ID 556
LO (25):  26689 26697 26711 26736 26737 26738 26759 26782 26783 26784 26797 26799 26886 26937 26985 26997 27017 27069 27087 27118 27129 27163 27165 27221 27249
LI (30):  60 117 119 121 123 124 10453 10703 11431 11557 11562 11564 12723 12730 13113 13365 13550 26687 26688 26696 26709 26735 26952 27006 27007 27068 27130 27154 27155 27218
NODE_NUM = 50
FILE multiplier_sub_556.aig

# Subcircuit 557
SUB_ID 557
LO (12):  26825 26845 26860 26862 26881 27036 27055 27075 27099 27135 27137 27177
LI (28):  54 57 63 122 123 126 128 9419 9755 10453 10829 11405 11557 11940 12206 12587 12723 12730 13794 26875 26876 27026 27037 27051 27053 27070 27120 27134
NODE_NUM = 50
FILE multiplier_sub_557.aig

# Subcircuit 558
SUB_ID 558
LO (26):  26875 26905 26915 26917 26924 26926 26928 26952 26953 26955 26996 26999 27007 27047 27048 27051 27053 27068 27130 27138 27140 27154 27155 27171 27303 27314
LI (38):  63 119 120 121 123 124 125 126 127 128 10453 10458 11562 11564 12174 12723 12728 12730 13113 13797 13961 26859 26898 26901 26949 26951 26984 27043 27044 27116 27128 27129 27133 27135 27137 27252 27296 27311
NODE_NUM = 50
FILE multiplier_sub_558.aig

# Subcircuit 559
SUB_ID 559
LO (9):  27198 27202 27218 27236 27247 27251 27266 27267 27275
LI (23):  63 126 12723 13392 13550 13794 13797 27152 27153 27190 27201 27216 27217 27228 27230 27231 27238 27241 27242 27258 27260 27261 27269
NODE_NUM = 41
FILE multiplier_sub_559.aig

