# Subcircuit 0
SUB_ID 0
LO (22):  193 198 215 242 243 247 250 253 258 262 263 270 275 278 288 292 300 305 306 329 345 372
LI (9):  121 123 124 125 126 127 128 218 256
NODE_NUM = 99
FILE sqrt_sub_0.aig

# Subcircuit 1
SUB_ID 1
LO (23):  218 256 294 296 308 322 336 348 350 353 356 357 363 365 369 409 410 421 423 432 434 438 448
LI (22):  119 120 121 122 123 193 198 215 253 258 262 264 270 275 278 288 292 306 311 317 329 345
NODE_NUM = 84
FILE sqrt_sub_1.aig

# Subcircuit 2
SUB_ID 2
LO (23):  264 311 317 385 443 445 457 470 471 474 476 494 495 506 518 525 528 529 533 541 581 582 595
LI (30):  115 116 117 118 119 122 193 198 215 242 243 247 250 253 263 296 300 305 308 377 380 386 400 414 426 437 441 455 460 466
NODE_NUM = 100
FILE sqrt_sub_2.aig

# Subcircuit 3
SUB_ID 3
LO (24):  377 400 414 426 437 441 449 454 455 466 485 522 535 537 546 593 605 607 617 619 628 630 634 644
LI (39):  117 193 198 215 253 294 296 308 322 336 348 350 353 356 357 363 365 369 372 409 410 421 423 432 434 438 443 445 448 460 470 474 476 494 495 506 518 529 533
NODE_NUM = 84
FILE sqrt_sub_3.aig

# Subcircuit 4
SUB_ID 4
LO (15):  386 460 639 641 653 693 703 715 727 739 746 749 750 754 762
LI (23):  113 114 115 193 198 215 253 294 308 377 385 457 549 552 558 572 586 598 610 622 633 637 651
NODE_NUM = 99
FILE sqrt_sub_4.aig

# Subcircuit 5
SUB_ID 5
LO (29):  549 572 586 598 610 622 633 637 645 651 658 681 732 742 743 756 767 814 816 828 830 838 840 850 852 862 864 873 875
LI (43):  113 193 198 215 253 308 377 457 471 485 494 506 518 522 529 535 537 541 546 581 582 593 595 605 607 617 619 628 630 634 639 641 644 650 657 666 668 693 703 715 727 739 754
NODE_NUM = 100
FILE sqrt_sub_5.aig

# Subcircuit 6
SUB_ID 6
LO (23):  552 558 657 666 668 807 871 884 886 954 956 966 968 980 982 990 992 1002 1004 1013 1015 1019 1029
LI (27):  111 112 113 193 198 215 253 308 377 443 445 449 454 653 656 658 662 770 801 809 819 833 843 855 867 878 882
NODE_NUM = 71
FILE sqrt_sub_6.aig

# Subcircuit 7
SUB_ID 7
LO (24):  650 801 809 935 947 1011 1024 1026 1094 1096 1106 1108 1118 1120 1130 1132 1144 1146 1154 1156 1165 1167 1171 1181
LI (32):  193 198 215 253 308 377 457 525 528 535 537 541 546 549 639 641 645 653 771 773 784 798 898 929 937 959 971 985 995 1007 1018 1022
NODE_NUM = 94
FILE sqrt_sub_7.aig

# Subcircuit 8
SUB_ID 8
LO (29):  656 662 770 771 773 784 798 819 833 843 855 867 878 882 890 895 898 912 915 926 927 928 1027 1035 1058 1070 1071 1082 1084
LI (43):  107 108 109 110 111 193 535 537 541 546 653 681 693 703 715 727 732 739 742 743 750 756 768 770 791 793 814 816 828 830 838 840 850 852 862 864 873 875 884 886 893 901 905
NODE_NUM = 99
FILE sqrt_sub_8.aig

# Subcircuit 9
SUB_ID 9
LO (31):  768 791 893 901 905 1052 1066 1152 1162 1163 1175 1222 1223 1234 1236 1246 1248 1258 1260 1270 1272 1282 1284 1294 1296 1306 1308 1320 1322 1329 1331
LI (30):  105 106 107 198 215 253 308 377 457 549 653 746 749 762 767 770 898 1038 1041 1047 1061 1075 1087 1099 1111 1123 1135 1149 1159 1174
NODE_NUM = 100
FILE sqrt_sub_9.aig

# Subcircuit 10
SUB_ID 10
LO (33):  929 937 959 1038 1075 1087 1095 1097 1123 1195 1200 1201 1208 1340 1342 1354 1367 1368 1371 1373 1386 1389 1392 1487 1499 1506 1509 1510 1514 1522 1562 1563 1576
LI (40):  101 102 103 193 198 215 549 898 912 915 926 927 928 954 958 1024 1026 1030 1035 1038 1070 1071 1082 1084 1094 1096 1119 1121 1190 1292 1295 1297 1301 1311 1325 1334 1338 1352 1357 1363
NODE_NUM = 100
FILE sqrt_sub_10.aig

# Subcircuit 11
SUB_ID 11
LO (32):  958 971 985 995 1041 1047 1135 1149 1159 1190 1204 1221 1229 1311 1325 1334 1338 1357 1363 1403 1413 1527 1530 1544 1547 1558 1559 1560 1750 1751 1762 1764
LI (55):  99 100 101 105 770 807 819 833 884 886 890 895 898 956 966 968 970 980 982 984 990 994 1040 1131 1133 1145 1147 1155 1157 1176 1178 1182 1187 1195 1200 1202 1208 1213 1307 1309 1321 1323 1330 1332 1337 1340 1342 1346 1354 1516 1518 1522 1523 1533 1539
NODE_NUM = 100
FILE sqrt_sub_11.aig

# Subcircuit 12
SUB_ID 12
LO (30):  994 1007 1174 1178 1213 1337 1346 1351 1352 1382 1468 1478 1479 1574 1586 1588 1598 1600 1610 1612 1622 1624 1634 1636 1646 1648 1658 1660 1670 1672
LI (39):  103 193 253 308 377 457 549 653 770 843 898 992 1002 1006 1152 1162 1163 1166 1168 1173 1176 1182 1190 1211 1340 1342 1347 1367 1371 1373 1391 1392 1403 1415 1427 1439 1451 1463 1475
NODE_NUM = 99
FILE sqrt_sub_12.aig

# Subcircuit 13
SUB_ID 13
LO (28):  1006 1018 1022 1030 1040 1061 1099 1182 1187 1211 1292 1301 1347 1463 1475 1663 1675 1691 1704 1706 1870 1872 1882 1884 1893 1895 1899 1909
LI (47):  103 104 193 198 215 253 308 855 867 871 886 898 935 1004 1011 1013 1015 1017 1019 1021 1024 1026 1027 1029 1030 1035 1038 1058 1095 1097 1166 1181 1268 1271 1273 1277 1287 1354 1656 1659 1661 1665 1671 1673 1687 1698 1702
NODE_NUM = 85
FILE sqrt_sub_13.aig

# Subcircuit 14
SUB_ID 14
LO (34):  1111 1119 1121 1131 1133 1145 1147 1155 1157 1166 1168 1173 1176 1202 1268 1277 1287 1415 1427 1439 1451 1615 1627 1639 1644 1650 1653 1822 1824 1834 1836 1846 1848 1860
LI (47):  104 193 308 377 457 549 653 947 1026 1038 1106 1108 1110 1118 1120 1130 1132 1144 1146 1154 1156 1165 1167 1171 1175 1190 1201 1221 1223 1226 1229 1239 1251 1263 1283 1285 1354 1413 1608 1611 1613 1617 1623 1625 1635 1637 1649
NODE_NUM = 100
FILE sqrt_sub_14.aig

# Subcircuit 15
SUB_ID 15
LO (35):  1226 1239 1251 1263 1271 1273 1283 1285 1295 1297 1307 1309 1321 1323 1330 1332 1391 1523 1608 1617 1803 1815 1856 1865 2023 2025 2035 2037 2047 2049 2059 2061 2071 2073 2085
LI (49):  253 308 377 457 549 653 1052 1066 1075 1087 1190 1204 1222 1234 1236 1238 1246 1248 1250 1258 1260 1262 1270 1272 1282 1284 1294 1296 1306 1308 1320 1322 1329 1331 1351 1354 1386 1390 1584 1587 1589 1593 1603 1718 1796 1805 1827 1839 1851
NODE_NUM = 97
FILE sqrt_sub_15.aig

# Subcircuit 16
SUB_ID 16
LO (26):  1390 1516 1518 1533 1539 1687 1698 1702 1710 1715 1718 1732 1746 1749 1755 1758 1759 1907 1915 1938 1953 1955 1963 1965 1975 1977
LI (29):  97 98 99 193 198 215 1190 1204 1340 1342 1346 1351 1354 1389 1479 1487 1489 1499 1510 1514 1530 1544 1704 1706 1713 1721 1725 1750 1751
NODE_NUM = 97
FILE sqrt_sub_16.aig

# Subcircuit 17
SUB_ID 17
LO (22):  1489 1584 1593 1796 1805 2004 2016 2057 2067 2068 2235 2237 2247 2249 2259 2261 2271 2273 2283 2285 2295 2297
LI (25):  215 308 377 457 549 653 770 898 1038 1468 1478 1560 1567 1569 1579 1718 1772 1781 1918 1997 2006 2028 2040 2052 2064
NODE_NUM = 96
FILE sqrt_sub_17.aig

# Subcircuit 18
SUB_ID 18
LO (34):  1567 1569 1579 1587 1589 1603 1611 1613 1623 1625 1635 1637 1656 1665 1721 1725 1863 1904 1906 1918 1931 1932 1935 1937 2084 2100 2107 2110 2111 2115 2123 2163 2164 2177
LI (48):  95 96 97 193 198 215 253 1038 1368 1382 1403 1522 1527 1530 1547 1559 1562 1563 1566 1574 1576 1578 1586 1588 1598 1600 1602 1610 1612 1622 1624 1634 1636 1644 1646 1650 1653 1718 1856 1861 1865 1875 1887 1898 1902 1916 1921 1927
NODE_NUM = 97
FILE sqrt_sub_18.aig

# Subcircuit 19
SUB_ID 19
LO (30):  1649 1659 1661 1671 1673 1713 1772 1781 1997 2006 2228 2317 2326 2471 2473 2483 2485 2495 2497 2507 2509 2519 2521 2531 2533 2543 2545 2555 2557 2568
LI (37):  198 215 253 308 377 457 549 653 770 898 1038 1506 1509 1522 1527 1530 1648 1658 1660 1670 1672 1759 1767 1769 1918 1985 1994 2131 2221 2230 2240 2252 2264 2276 2288 2300 2312
NODE_NUM = 98
FILE sqrt_sub_19.aig

# Subcircuit 20
SUB_ID 20
LO (31):  1767 1769 1827 2052 2131 2132 2135 2142 2288 2360 2365 2366 2577 2579 2591 2604 2605 2608 2610 2623 2626 2796 2808 2815 2818 2819 2823 2831 2871 2872 2885
LI (39):  89 90 91 93 193 198 215 1038 1558 1718 1749 1758 1762 1764 1766 1822 1826 2048 2050 2117 2119 2123 2128 2131 2134 2284 2286 2355 2529 2532 2534 2538 2548 2560 2571 2575 2589 2594 2600
NODE_NUM = 96
FILE sqrt_sub_20.aig

# Subcircuit 21
SUB_ID 21
LO (33):  1826 1839 1851 2064 2076 2104 2117 2119 2159 2221 2230 2300 2307 2309 2319 2321 2330 2332 2336 2346 2399 2401 2411 2413 2423 2425 2437 2439 2447 2449 2459 2461 2548
LI (42):  95 193 198 215 770 898 1038 1190 1354 1530 1615 1627 1718 1824 1834 1836 1838 1846 1850 2060 2062 2069 2072 2074 2078 2088 2100 2111 2115 2144 2148 2150 2152 2168 2180 2194 2204 2216 2296 2298 2544 2546
NODE_NUM = 98
FILE sqrt_sub_21.aig

# Subcircuit 22
SUB_ID 22
LO (30):  1850 1861 1875 1887 1898 1902 1916 2128 2134 2148 2150 2152 2352 2355 2369 2383 2392 2404 2409 2416 2419 2420 2635 2637 2647 2649 2659 2661 2671 2673
LI (45):  93 1354 1530 1639 1663 1675 1718 1848 1860 1870 1872 1874 1882 1884 1886 1893 1897 1901 1904 1906 1910 1915 1918 2107 2110 2117 2119 2123 2131 2132 2133 2136 2145 2159 2168 2341 2343 2347 2360 2365 2367 2399 2401 2411 2413
NODE_NUM = 100
FILE sqrt_sub_22.aig

# Subcircuit 23
SUB_ID 23
LO (24):  1897 1901 1910 1985 1994 2180 2194 2204 2216 2428 2442 2452 2457 2464 2467 2468 2683 2685 2697 2699 2707 2709 2719 2721
LI (35):  97 770 898 1038 1190 1354 1687 1691 1706 1718 1895 1899 1904 1906 1907 1909 1931 1935 1937 1938 1958 1968 1980 2131 2178 2421 2424 2426 2430 2438 2440 2448 2450 2460 2462
NODE_NUM = 97
FILE sqrt_sub_23.aig

# Subcircuit 24
SUB_ID 24
LO (26):  1921 1927 1958 1968 1980 2028 2144 2145 2264 2529 2538 2772 2784 2812 2825 2827 3039 3041 3051 3053 3063 3065 3074 3076 3080 3090
LI (43):  93 94 95 193 198 215 253 308 1704 1706 1710 1715 1732 1746 1755 1918 1953 1955 1957 1963 1965 1967 1975 1977 1979 2023 2027 2131 2143 2260 2262 2505 2508 2510 2514 2524 2591 2765 2774 2796 2808 2819 2823
NODE_NUM = 85
FILE sqrt_sub_24.aig

# Subcircuit 25
SUB_ID 25
LO (35):  2027 2040 2048 2050 2060 2062 2069 2072 2074 2078 2088 2276 2341 2343 2524 2571 2575 2583 2588 2589 2600 2619 2657 2667 2668 2836 2883 2895 2897 2907 2909 2919 2921 2931 2933
LI (48):  91 193 253 1354 1530 1718 1803 1815 1863 1918 2025 2035 2037 2039 2047 2049 2057 2059 2061 2067 2068 2071 2073 2084 2085 2272 2274 2317 2320 2322 2326 2335 2339 2355 2520 2522 2569 2577 2579 2586 2598 2604 2608 2610 2628 2640 2652 2664
NODE_NUM = 98
FILE sqrt_sub_25.aig

# Subcircuit 26
SUB_ID 26
LO (26):  2133 2136 2143 2168 2178 2240 2505 2514 2765 2774 3020 3032 3061 3071 3072 3085 3299 3301 3311 3313 3323 3325 3335 3337 3346 3348
LI (36):  91 92 94 193 198 215 253 308 377 457 1918 1932 2131 2135 2142 2163 2164 2167 2177 2235 2239 2481 2484 2486 2490 2500 2591 2741 2750 2839 3013 3022 3044 3056 3068 3083
NODE_NUM = 99
FILE sqrt_sub_26.aig

# Subcircuit 27
SUB_ID 27
LO (45):  2239 2252 2260 2262 2272 2274 2284 2286 2296 2298 2312 2320 2322 2335 2339 2347 2367 2421 2424 2426 2430 2438 2440 2448 2450 2460 2462 2481 2490 2500 2560 2586 2598 2741 2750 3013 3022 3292 3297 3307 3308 3583 3585 3595 3597
LI (71):  92 308 377 457 549 653 1190 2004 2016 2076 2100 2104 2111 2119 2131 2237 2247 2249 2251 2259 2261 2271 2273 2283 2285 2295 2297 2307 2309 2311 2319 2321 2330 2332 2334 2336 2338 2346 2347 2352 2355 2366 2409 2419 2420 2423 2425 2437 2439 2447 2449 2459 2461 2468 2476 2478 2496 2498 2556 2558 2591 2597 2729 2738 2839 3001 3010 3099 3285 3294 3304
NODE_NUM = 100
FILE sqrt_sub_27.aig

# Subcircuit 28
SUB_ID 28
LO (40):  2476 2478 2484 2486 2496 2498 2508 2510 2520 2522 2532 2534 2544 2546 2556 2558 2569 2594 2597 2853 2867 2929 2939 2940 3131 3132 3143 3145 3155 3157 3167 3169 3179 3181 3191 3193 3203 3205 3215 3217
LI (44):  87 88 89 653 1190 1354 1530 1718 1918 2131 2228 2352 2355 2457 2467 2471 2473 2475 2483 2485 2495 2497 2507 2509 2519 2521 2531 2533 2543 2545 2555 2557 2568 2591 2839 2842 2848 2862 2876 2888 2900 2912 2924 2936
NODE_NUM = 97
FILE sqrt_sub_28.aig

# Subcircuit 29
SUB_ID 29
LO (23):  2628 2900 3184 3285 3294 3475 3477 3487 3489 3499 3501 3511 3513 3523 3525 3535 3537 3549 3551 3559 3561 3571 3573
LI (27):  377 457 549 653 770 898 1038 1190 1354 2369 2591 2623 2627 2896 2898 3177 3180 3182 3186 3196 3208 3220 3232 3244 3258 3268 3280
NODE_NUM = 79
FILE sqrt_sub_29.aig

# Subcircuit 30
SUB_ID 30
LO (30):  2627 2640 2912 3196 3492 3617 3626 3795 3797 3807 3809 3819 3821 3831 3833 3843 3845 3857 3859 3867 3869 3879 3881 3891 3893 3903 3905 3915 3917 3928
LI (34):  198 215 253 308 377 457 549 653 770 898 1038 2369 2591 2626 2635 2639 2908 2910 3192 3194 3485 3488 3490 3494 3504 3516 3528 3540 3554 3564 3576 3588 3600 3612
NODE_NUM = 98
FILE sqrt_sub_30.aig

# Subcircuit 31
SUB_ID 31
LO (31):  2639 2652 2924 3208 3504 3812 3924 3937 3939 4127 4129 4139 4141 4151 4153 4163 4165 4177 4179 4187 4189 4199 4201 4211 4213 4223 4225 4234 4236 4240 4250
LI (36):  193 198 215 253 308 377 457 549 653 770 2383 2591 2637 2647 2651 2920 2922 3204 3206 3500 3502 3805 3808 3810 3814 3824 3836 3848 3862 3872 3884 3896 3908 3920 3931 3935
NODE_NUM = 95
FILE sqrt_sub_31.aig

# Subcircuit 32
SUB_ID 32
LO (28):  2651 2664 2936 3220 3516 3824 4144 4232 4245 4247 4471 4473 4483 4485 4495 4497 4509 4511 4519 4521 4531 4533 4543 4545 4554 4556 4560 4570
LI (34):  193 198 215 253 308 377 457 549 2392 2591 2649 2659 2663 2932 2934 3216 3218 3512 3514 3820 3822 4137 4140 4142 4146 4156 4168 4182 4192 4204 4216 4228 4239 4243
NODE_NUM = 81
FILE sqrt_sub_32.aig

# Subcircuit 33
SUB_ID 33
LO (21):  2663 2729 2738 2948 2960 2974 2984 2989 2996 2999 3000 3227 3229 3239 3241 3253 3255 3263 3265 3275 3277
LI (19):  549 653 770 898 1038 1190 2404 2591 2661 2668 2676 2678 2688 2702 2712 2724 2839 2941 2950
NODE_NUM = 100
FILE sqrt_sub_33.aig

# Subcircuit 34
SUB_ID 34
LO (35):  2676 2678 2688 2702 2712 2724 2839 2862 2876 2888 2896 2898 2908 2910 2920 2922 2932 2934 3044 3056 3068 3079 3083 3087 3091 3099 3104 3109 3110 3117 3122 3360 3368 3391 3403
LI (64):  85 1190 2416 2428 2442 2452 2464 2591 2605 2619 2657 2667 2671 2673 2675 2683 2685 2687 2697 2699 2701 2707 2709 2711 2719 2721 2723 2772 2784 2796 2808 2812 2819 2825 2827 2831 2836 2871 2872 2883 2885 2895 2897 2907 2909 2919 2921 2931 2933 3039 3041 3051 3053 3061 3063 3065 3071 3074 3076 3080 3085 3090 3096 3102
NODE_NUM = 94
FILE sqrt_sub_34.aig

# Subcircuit 35
SUB_ID 35
LO (11):  2842 2848 3177 3186 3408 3411 3420 3432 3444 3456 3468
LI (26):  85 86 87 1530 1718 1918 2131 2355 2577 2579 2583 2588 2591 3099 3104 3109 3111 3117 3122 3136 3148 3160 3172 3371 3403 3410
NODE_NUM = 83
FILE sqrt_sub_35.aig

# Subcircuit 36
SUB_ID 36
LO (26):  2941 2950 3001 3010 3096 3402 3410 3485 3494 3687 3688 3699 3701 3713 3723 3725 3735 3737 3747 3749 3759 3761 3771 3773 3783 3785
LI (38):  457 1038 1190 1354 1530 1718 1918 2131 2355 2591 2815 2818 2825 2827 2831 2836 2839 2929 2939 2940 2989 2999 3000 3085 3087 3091 3099 3372 3374 3385 3399 3411 3420 3432 3444 3456 3468 3480
NODE_NUM = 86
FILE sqrt_sub_36.aig

# Subcircuit 37
SUB_ID 37
LO (28):  3102 3372 3385 3399 3692 3704 3805 3814 4007 4009 4019 4021 4031 4033 4043 4045 4055 4057 4067 4069 4079 4081 4091 4093 4103 4105 4115 4117
LI (29):  83 84 85 898 1038 1190 1354 1530 1718 1918 2131 2355 2591 3371 3394 3686 3689 3690 3694 3700 3702 3716 3728 3740 3752 3764 3776 3788 3800
NODE_NUM = 96
FILE sqrt_sub_37.aig

# Subcircuit 38
SUB_ID 38
LO (35):  3111 3136 3148 3160 3172 3180 3182 3192 3194 3204 3206 3216 3218 3232 3528 3836 4156 4488 4552 4565 4567 4827 4829 4839 4841 4853 4855 4863 4865 4875 4877 4886 4888 4892 4902
LI (52):  86 193 198 215 253 308 377 2853 2867 2876 2888 3099 3110 3131 3132 3135 3143 3145 3147 3155 3157 3159 3167 3169 3171 3179 3181 3191 3193 3203 3205 3215 3217 3227 3231 3524 3526 3832 3834 4152 4154 4481 4484 4486 4490 4500 4514 4524 4536 4548 4559 4563
NODE_NUM = 86
FILE sqrt_sub_38.aig

# Subcircuit 39
SUB_ID 39
LO (29):  3231 3244 3540 3848 4168 4258 4500 4580 4584 4587 4590 4897 4899 4911 4924 4925 4928 4930 5200 5214 5224 5231 5234 5235 5239 5247 5287 5288 5301
LI (37):  73 74 75 193 198 215 253 2948 3099 3229 3239 3243 3536 3538 3844 3846 4164 4166 4247 4251 4256 4259 4496 4498 4579 4837 4840 4842 4846 4858 4868 4880 4891 4895 4909 4914 4920
NODE_NUM = 100
FILE sqrt_sub_39.aig

# Subcircuit 40
SUB_ID 40
LO (38):  3243 3258 3268 3280 3304 3554 3564 3576 3600 3862 3872 3884 3908 4182 4192 4204 4228 4514 4524 4536 4559 4563 4858 4868 4880 4903 4908 4909 4939 4965 4974 4985 5299 5311 5313 5323 5325 5337
LI (74):  75 2960 2974 2984 2996 3099 3241 3253 3255 3257 3263 3265 3267 3275 3277 3279 3299 3303 3371 3550 3552 3560 3562 3572 3574 3596 3598 3655 3858 3860 3868 3870 3880 3882 3904 3906 3951 4178 4180 4188 4190 4200 4202 4224 4226 4510 4512 4520 4522 4532 4534 4552 4555 4557 4562 4565 4567 4571 4579 4854 4856 4864 4866 4876 4878 4897 4899 4902 4904 4924 4928 4930 4948 4960
NODE_NUM = 97
FILE sqrt_sub_40.aig

# Subcircuit 41
SUB_ID 41
LO (37):  3303 3357 3359 3371 3394 3480 3488 3490 3500 3502 3512 3514 3524 3526 3536 3538 3550 3552 3560 3562 3572 3574 3588 3596 3598 3612 3624 3628 3631 3634 3635 3641 3643 3647 3926 3932 3942
LI (42):  193 198 215 253 3020 3099 3184 3292 3301 3308 3316 3318 3328 3340 3351 3355 3369 3392 3475 3477 3487 3489 3499 3501 3511 3513 3523 3525 3535 3537 3549 3551 3559 3561 3571 3573 3583 3585 3595 3597 3617 3626
NODE_NUM = 88
FILE sqrt_sub_41.aig

# Subcircuit 42
SUB_ID 42
LO (30):  3316 3318 3328 3340 3351 3355 3369 3374 3652 3655 3669 3683 3686 3689 3690 3694 3700 3702 3716 3728 3740 3752 3764 3776 3788 3800 3983 3984 3995 3997
LI (60):  81 82 83 253 2839 3032 3044 3056 3099 3297 3307 3311 3313 3315 3323 3325 3327 3335 3337 3339 3346 3350 3354 3357 3359 3363 3368 3371 3408 3420 3432 3444 3456 3468 3480 3492 3641 3643 3647 3658 3687 3688 3699 3701 3711 3713 3723 3725 3735 3737 3747 3749 3759 3761 3771 3773 3783 3785 3795 3797
NODE_NUM = 100
FILE sqrt_sub_42.aig

# Subcircuit 43
SUB_ID 43
LO (30):  3350 3354 3363 3392 3658 3965 3979 4065 4075 4076 4291 4292 4303 4305 4315 4317 4327 4329 4339 4341 4351 4353 4363 4365 4375 4377 4387 4389 4399 4401
LI (33):  79 80 81 193 1530 1718 1918 2131 2355 2591 2839 3068 3072 3079 3087 3099 3348 3360 3371 3391 3655 3951 3954 3960 3974 3988 4000 4012 4024 4036 4048 4060 4072
NODE_NUM = 100
FILE sqrt_sub_43.aig

# Subcircuit 44
SUB_ID 44
LO (41):  3711 3808 3810 3820 3822 3832 3834 3844 3846 3858 3860 3868 3870 3880 3882 3896 4216 4548 4579 4592 4596 4598 4603 4617 4891 4895 4914 4920 4948 4958 5252 5255 5269 5272 5283 5284 5285 5643 5644 5655 5657
LI (50):  71 72 73 3402 3408 3410 3655 3807 3809 3819 3821 3831 3833 3843 3845 3857 3859 3867 3869 3879 3881 3891 3895 3951 4212 4214 4261 4544 4546 4565 4567 4571 4576 4584 4589 4591 4602 4887 4889 4894 4897 4899 4903 4911 5241 5243 5247 5248 5258 5264
NODE_NUM = 87
FILE sqrt_sub_44.aig

# Subcircuit 45
SUB_ID 45
LO (33):  3895 3904 3906 3920 3954 3960 4239 4243 4273 4287 4349 4359 4360 4571 4576 4602 4605 4611 4612 4623 4625 4635 4637 4647 4649 4659 4661 4671 4673 4683 4685 4695 4697
LI (42):  77 78 79 2131 2355 2591 2839 3099 3371 3588 3641 3643 3647 3652 3655 3893 3903 3905 3915 3919 3951 4232 4235 4237 4242 4245 4247 4251 4259 4262 4268 4282 4296 4308 4320 4332 4344 4356 4565 4567 4570 4572
NODE_NUM = 100
FILE sqrt_sub_45.aig

# Subcircuit 46
SUB_ID 46
LO (31):  3919 3931 3935 3951 3974 3988 4000 4012 4024 4036 4048 4060 4072 4084 4096 4108 4113 4120 4123 4124 4251 4256 4280 4411 4413 4423 4425 4435 4437 4447 4449
LI (54):  898 1038 1190 3612 3655 3669 3683 3692 3704 3716 3728 3740 3752 3764 3776 3788 3800 3917 3924 3926 3930 3934 3937 3939 3943 3948 3951 3983 3984 3995 3997 4007 4009 4019 4021 4031 4033 4043 4045 4055 4057 4067 4069 4077 4079 4081 4086 4091 4093 4103 4105 4115 4117 4250
NODE_NUM = 99
FILE sqrt_sub_46.aig

# Subcircuit 47
SUB_ID 47
LO (17):  3930 3934 3943 3948 4077 4086 4137 4146 4268 4481 4490 4837 4846 5164 5167 5176 5188
LI (40):  308 377 457 549 653 770 1354 3624 3628 3631 3634 3635 3641 3643 3647 3652 3655 3928 3932 3937 3939 3942 4065 4075 4076 4124 4132 4134 4259 4262 4265 4457 4466 4476 4579 4801 4810 4832 4911 5166
NODE_NUM = 93
FILE sqrt_sub_47.aig

# Subcircuit 48
SUB_ID 48
LO (44):  4132 4134 4140 4142 4152 4154 4164 4166 4178 4180 4188 4190 4200 4202 4212 4214 4224 4226 4235 4237 4242 4259 4296 4308 4320 4332 4344 4356 4368 4380 4392 4397 4404 4407 4408 4572 4707 4709 4719 4721 4731 4733 4743 4745
LI (66):  770 1354 1530 1718 3812 3939 3951 3965 3979 3988 4000 4012 4024 4036 4048 4060 4072 4113 4123 4127 4129 4131 4139 4141 4151 4153 4163 4165 4177 4179 4187 4189 4199 4201 4211 4213 4223 4225 4234 4236 4240 4245 4256 4258 4291 4292 4303 4305 4315 4317 4327 4329 4339 4341 4351 4353 4361 4363 4365 4370 4375 4377 4387 4389 4399 4401
NODE_NUM = 97
FILE sqrt_sub_48.aig

# Subcircuit 49
SUB_ID 49
LO (21):  4261 4262 4282 4361 4370 4457 4466 4760 4772 4784 4796 4801 4810 5111 5113 5123 5125 5135 5137 5147 5149
LI (25):  75 76 77 549 653 770 898 1038 1190 1918 4245 4247 4280 4349 4359 4360 4408 4416 4418 4428 4440 4452 4579 4753 4762
NODE_NUM = 88
FILE sqrt_sub_49.aig

# Subcircuit 50
SUB_ID 50
LO (41):  4416 4418 4428 4440 4452 4476 4484 4486 4496 4498 4510 4512 4520 4522 4532 4534 4544 4546 4555 4557 4562 4589 4591 4607 4681 4690 4904 4955 4967 4969 4979 4981 4991 4993 5003 5005 5015 5017 5027 5029 5041
LI (65):  76 77 1190 2131 2355 2591 2839 3099 3371 3655 4084 4096 4108 4120 4144 4245 4247 4259 4397 4407 4411 4413 4415 4423 4425 4427 4435 4437 4439 4447 4449 4451 4471 4473 4475 4483 4485 4495 4497 4509 4511 4519 4521 4531 4533 4543 4545 4554 4556 4560 4576 4580 4587 4590 4596 4598 4603 4606 4616 4617 4628 4640 4652 4664 4676
NODE_NUM = 99
FILE sqrt_sub_50.aig

# Subcircuit 51
SUB_ID 51
LO (29):  4606 4616 4972 5109 5118 5335 5347 5349 5359 5361 5371 5373 5383 5385 5395 5397 5407 5409 5419 5421 5431 5433 5443 5445 5455 5457 5467 5469 5481
LI (33):  898 1038 1190 1354 1530 1718 1918 2131 2355 2591 2839 3099 4579 4592 4605 4612 4615 4965 4968 4970 4974 4984 4985 4996 5008 5020 5032 5044 5056 5068 5080 5092 5104
NODE_NUM = 100
FILE sqrt_sub_51.aig

# Subcircuit 52
SUB_ID 52
LO (29):  4615 4628 4984 5352 5477 5486 5727 5729 5739 5741 5751 5753 5763 5765 5775 5777 5787 5789 5799 5801 5811 5813 5823 5825 5835 5837 5847 5849 5861
LI (32):  770 898 1038 1190 1354 1530 1718 1918 2131 2355 2591 4273 4579 4611 4623 4627 4980 4982 5345 5348 5350 5354 5364 5376 5388 5400 5412 5424 5436 5448 5460 5472
NODE_NUM = 97
FILE sqrt_sub_52.aig

# Subcircuit 53
SUB_ID 53
LO (30):  4627 4640 4996 5364 5744 5869 5878 6131 6133 6143 6145 6155 6157 6167 6169 6179 6181 6191 6193 6203 6205 6215 6217 6227 6229 6239 6241 6251 6253 6265
LI (34):  549 653 770 898 1038 1190 1354 1530 1718 1918 2131 4287 4579 4625 4635 4639 4992 4994 5360 5362 5737 5740 5742 5746 5756 5768 5780 5792 5804 5816 5828 5840 5852 5864
NODE_NUM = 99
FILE sqrt_sub_53.aig

# Subcircuit 54
SUB_ID 54
LO (31):  4639 4652 5008 5376 5756 6148 6261 6271 6272 6547 6549 6559 6561 6571 6573 6583 6585 6595 6597 6607 6609 6619 6621 6631 6633 6643 6645 6655 6657 6667 6669
LI (35):  457 549 653 770 898 1038 1190 1354 1530 1718 4296 4579 4637 4647 4651 5004 5006 5372 5374 5752 5754 6141 6144 6146 6150 6160 6172 6184 6196 6208 6220 6232 6244 6256 6268
NODE_NUM = 97
FILE sqrt_sub_54.aig

# Subcircuit 55
SUB_ID 55
LO (32):  4651 4664 5020 5388 5768 6160 6564 6677 6687 6688 6976 6978 6988 6990 7000 7002 7012 7014 7024 7026 7036 7038 7048 7050 7060 7062 7072 7074 7084 7086 7096 7098
LI (37):  308 377 457 549 653 770 898 1038 1190 1354 4308 4579 4649 4659 4663 5016 5018 5384 5386 5764 5766 6156 6158 6557 6560 6562 6566 6576 6588 6600 6612 6624 6636 6648 6660 6672 6684
NODE_NUM = 99
FILE sqrt_sub_55.aig

# Subcircuit 56
SUB_ID 56
LO (31):  4663 4676 5032 5400 5780 6172 6576 6993 7106 7115 7416 7418 7428 7430 7440 7442 7452 7454 7464 7466 7476 7478 7488 7490 7500 7502 7512 7514 7524 7526 7538
LI (38):  215 253 308 377 457 549 653 770 898 1038 4320 4579 4661 4671 4675 5028 5030 5396 5398 5776 5778 6168 6170 6572 6574 6986 6989 6991 6995 7005 7017 7029 7041 7053 7065 7077 7089 7101
NODE_NUM = 97
FILE sqrt_sub_56.aig

# Subcircuit 57
SUB_ID 57
LO (22):  4675 4753 4762 5044 5056 5068 5080 5092 5104 5412 5424 5436 5448 5460 5472 5792 5804 5816 5828 5840 5852 6184
LI (46):  1038 1190 1354 1530 1718 1918 4332 4579 4673 4681 4683 4687 4690 4700 4712 4724 4736 4748 4911 5042 5408 5410 5420 5422 5432 5434 5444 5446 5456 5458 5468 5470 5788 5790 5800 5802 5812 5814 5824 5826 5836 5838 5848 5850 6180 6182
NODE_NUM = 100
FILE sqrt_sub_57.aig

# Subcircuit 58
SUB_ID 58
LO (32):  4687 4700 4712 4724 4736 4748 4832 4840 4842 4854 4856 4864 4866 4876 4878 4887 4889 4894 4960 5248 5345 5354 5708 5720 5737 5746 6095 6097 6107 6109 6119 6121
LI (56):  2355 2591 2839 3099 4344 4356 4368 4380 4392 4404 4488 4567 4579 4685 4695 4697 4699 4707 4709 4711 4719 4721 4723 4731 4733 4735 4743 4745 4747 4827 4829 4831 4839 4841 4853 4855 4863 4865 4875 4877 4886 4888 4892 4908 4911 4955 4959 5321 5324 5326 5330 5340 5611 5701 5710 5732
NODE_NUM = 91
FILE sqrt_sub_58.aig

# Subcircuit 59
SUB_ID 59
LO (40):  4959 4968 4970 4980 4982 4992 4994 5004 5006 5016 5018 5028 5030 5042 5116 5157 5166 5228 5241 5243 5479 5491 5493 5503 5505 5515 5517 5529 5539 5541 5551 5553 5563 5565 5577 5579 5586 5588 5592 5602
LI (41):  193 198 215 253 308 377 457 549 653 770 4607 4911 4958 4967 4969 4979 4981 4991 4993 5003 5005 5015 5017 5027 5029 5041 5109 5111 5115 5118 5128 5140 5152 5167 5176 5188 5200 5214 5224 5235 5239
NODE_NUM = 95
FILE sqrt_sub_59.aig

# Subcircuit 60
SUB_ID 60
LO (24):  5115 5128 5496 5584 5597 5599 5871 5873 5883 5885 5895 5897 5907 5909 5919 5921 5931 5933 5943 5945 5954 5956 5960 5970
LI (26):  193 198 215 253 308 377 457 549 4760 4911 5113 5123 5127 5489 5492 5494 5498 5508 5520 5532 5544 5556 5568 5582 5591 5595
NODE_NUM = 73
FILE sqrt_sub_60.aig

# Subcircuit 61
SUB_ID 61
LO (20):  5127 5140 5508 5965 5967 5979 5984 5989 5990 6280 6292 6304 6316 6328 6335 6338 6339 6343 6351 6391
LI (29):  67 193 198 215 253 308 377 4772 4911 5125 5135 5139 5504 5506 5611 5881 5884 5886 5890 5900 5912 5924 5936 5948 5959 5963 5977 5982 5988
NODE_NUM = 97
FILE sqrt_sub_61.aig

# Subcircuit 62
SUB_ID 62
LO (24):  5139 5152 5258 5264 5520 5625 5639 5701 5710 5900 6011 6012 6023 6025 6035 6037 6047 6049 6059 6061 6071 6073 6083 6085
LI (34):  69 70 71 3099 3371 3655 3951 4259 4579 4784 4796 4897 4899 4903 4908 4911 5137 5147 5149 5151 5255 5516 5518 5611 5614 5620 5634 5648 5660 5672 5684 5696 5896 5898
NODE_NUM = 84
FILE sqrt_sub_62.aig

# Subcircuit 63
SUB_ID 63
LO (24):  5321 5330 5672 5684 5696 6064 6076 6088 6141 6150 6463 6465 6475 6477 6487 6489 6499 6501 6511 6513 6523 6525 6535 6537
LI (28):  1918 2131 2355 2591 2839 3099 3371 3655 3951 4259 5285 5292 5294 5304 5316 5611 6057 6060 6062 6066 6072 6074 6084 6086 6100 6112 6124 6136
NODE_NUM = 99
FILE sqrt_sub_63.aig

# Subcircuit 64
SUB_ID 64
LO (49):  5292 5294 5304 5316 5324 5326 5340 5348 5350 5360 5362 5372 5374 5384 5386 5396 5398 5408 5410 5420 5422 5432 5434 5444 5446 5456 5458 5468 5470 5489 5498 5864 6256 6660 7077 7505 7545 7558 7560 7940 7942 7952 7954 7964 7966 7975 7977 7981 7991
LI (70):  193 198 215 253 653 4259 4925 4939 4948 4972 5255 5272 5284 5287 5288 5291 5299 5301 5303 5311 5313 5315 5323 5325 5335 5337 5339 5347 5349 5359 5361 5371 5373 5383 5385 5395 5397 5407 5409 5419 5421 5431 5433 5443 5445 5455 5457 5467 5469 5477 5479 5483 5486 5611 5862 6252 6254 6656 6658 7073 7075 7498 7501 7503 7507 7517 7529 7541 7552 7556
NODE_NUM = 97
FILE sqrt_sub_64.aig

# Subcircuit 65
SUB_ID 65
LO (36):  5483 5492 5494 5504 5506 5516 5518 5532 5544 5556 5568 5582 5611 5634 5648 5656 5658 5912 5924 5936 5948 5959 5963 5982 5988 6356 6359 6373 6387 6390 6398 6786 6788 6796 6798 6810
LI (61):  65 66 67 5116 5157 5164 5166 5176 5188 5200 5255 5269 5481 5491 5493 5503 5505 5515 5517 5529 5531 5539 5541 5543 5551 5553 5555 5563 5565 5567 5577 5581 5597 5599 5603 5608 5643 5644 5655 5657 5908 5910 5920 5922 5932 5934 5944 5946 5955 5957 5962 5965 5967 5971 5979 6345 6347 6351 6352 6362 6368
NODE_NUM = 99
FILE sqrt_sub_65.aig

# Subcircuit 66
SUB_ID 66
LO (16):  5581 5591 5595 5971 5977 6057 6066 6352 6368 6408 6411 6420 6432 6444 6456 6819
LI (32):  69 3655 3951 4259 4579 4911 5214 5255 5579 5584 5586 5590 5594 5597 5599 5603 5608 5611 5955 5965 5967 5970 5992 5996 5998 6016 6028 6040 6052 6359 6362 6410
NODE_NUM = 90
FILE sqrt_sub_66.aig

# Subcircuit 67
SUB_ID 67
LO (31):  5590 5594 5603 5608 5614 5620 5992 5996 5998 6396 6401 6410 6497 6506 6808 6822 6832 6834 6844 6846 6856 6858 6868 6870 6880 6882 6892 6894 6904 6906 6918
LI (41):  67 68 69 2591 2839 3099 3371 3655 3951 4259 4579 4911 5224 5228 5231 5234 5235 5241 5243 5247 5252 5255 5588 5592 5602 5979 5984 5989 5991 6359 6390 6391 6398 6411 6420 6432 6444 6456 6468 6480 6492
NODE_NUM = 99
FILE sqrt_sub_67.aig

# Subcircuit 68
SUB_ID 68
LO (14):  5660 5732 6052 6124 6557 6566 6986 6995 7373 7376 7385 7397 7409 7807
LI (27):  1190 1354 1530 1718 1918 5283 5611 5656 5658 5727 5731 6048 6050 6120 6122 6521 6524 6526 6530 6540 6552 6751 6938 6947 6981 7156 7375
NODE_NUM = 96
FILE sqrt_sub_68.aig

# Subcircuit 69
SUB_ID 69
LO (48):  5731 5740 5742 5752 5754 5764 5766 5776 5778 5788 5790 5800 5802 5812 5814 5824 5826 5836 5838 5848 5850 5862 5881 5890 6268 6672 7089 7517 7573 7575 7577 7583 7986 7988 8000 8013 8014 8017 8019 8409 8416 8419 8420 8424 8432 8472 8473 8486
LI (54):  57 58 59 193 198 457 5352 5611 5729 5739 5741 5751 5753 5763 5765 5775 5777 5787 5789 5799 5801 5811 5813 5823 5825 5835 5837 5847 5849 5861 5869 5871 5875 5878 5979 6266 6668 6670 7085 7087 7156 7513 7515 7572 7950 7953 7955 7959 7969 7980 7984 7998 8003 8009
NODE_NUM = 100
FILE sqrt_sub_69.aig

# Subcircuit 70
SUB_ID 70
LO (37):  5875 5884 5886 5896 5898 5908 5910 5920 5922 5932 5934 5944 5946 5955 5957 5962 5991 6016 6028 6040 6048 6050 6060 6062 6072 6074 6084 6086 6100 6521 6530 6938 6947 7349 7352 7361 7783
LI (58):  68 1918 2131 2355 5496 5599 5611 5625 5639 5648 5873 5883 5885 5895 5897 5907 5909 5919 5921 5931 5933 5943 5945 5954 5956 5960 5979 5990 6011 6012 6015 6023 6025 6027 6035 6037 6039 6047 6049 6059 6061 6071 6073 6083 6085 6095 6099 6497 6500 6502 6506 6516 6751 6914 6919 6923 7156 7351
NODE_NUM = 91
FILE sqrt_sub_70.aig

# Subcircuit 71
SUB_ID 71
LO (27):  6099 6112 6120 6122 6136 6144 6146 6156 6158 6168 6170 6180 6182 6196 6516 6540 6600 7017 7498 7507 7885 7888 7897 7909 7921 7933 8331
LI (46):  308 377 457 549 653 5708 5720 5744 5979 6097 6107 6109 6111 6119 6121 6131 6133 6135 6143 6145 6155 6157 6167 6169 6179 6181 6191 6195 6512 6514 6536 6538 6596 6598 7013 7015 7438 7441 7443 7447 7457 7469 7481 7493 7572 7887
NODE_NUM = 94
FILE sqrt_sub_71.aig

# Subcircuit 72
SUB_ID 72
LO (35):  6195 6208 6220 6232 6244 6252 6254 6266 6332 6345 6347 6612 6624 6636 6648 6679 6681 6691 6693 6703 6705 6715 6717 6726 6728 6732 6742 7029 7041 7053 7065 7457 7469 7481 7493
LI (61):  193 198 215 253 308 377 5804 5816 5828 5840 5852 5979 6193 6203 6205 6207 6215 6217 6219 6227 6229 6231 6239 6241 6243 6251 6253 6265 6272 6280 6282 6292 6304 6316 6328 6339 6343 6608 6610 6620 6622 6632 6634 6644 6646 7025 7027 7037 7039 7049 7051 7061 7063 7453 7455 7465 7467 7477 7479 7489 7491
NODE_NUM = 89
FILE sqrt_sub_72.aig

# Subcircuit 73
SUB_ID 73
LO (27):  6282 6362 6765 6779 6878 6887 7188 7189 7200 7202 7214 7216 7224 7226 7236 7238 7248 7250 7260 7262 7272 7274 7284 7286 7296 7298 7310
LI (29):  63 64 65 377 3099 3371 3655 3951 4259 4579 4911 5255 5611 5979 6261 6271 6359 6751 6754 6760 6774 6791 6801 6813 6825 6837 6849 6861 6873
NODE_NUM = 97
FILE sqrt_sub_73.aig

# Subcircuit 74
SUB_ID 74
LO (27):  6468 6914 6923 7313 7325 7337 7342 7351 7366 7375 7402 7411 7748 7750 7760 7762 7772 7774 7786 7796 7798 7810 7820 7822 7832 7834 7846
LI (27):  1190 1354 1530 1718 1918 2131 2355 2591 2839 6359 6463 6467 6878 6881 6883 6887 6897 6909 7156 7306 7311 7315 7352 7361 7376 7385 7397
NODE_NUM = 97
FILE sqrt_sub_74.aig

# Subcircuit 75
SUB_ID 75
LO (41):  6467 6480 6492 6500 6502 6512 6514 6524 6526 6536 6538 6552 6560 6562 6572 6574 6588 6897 6909 7005 7438 7447 7873 7878 7887 7938 7948 7949 8320 8322 8334 8344 8346 8356 8358 8368 8370 8380 8382 8392 8394
LI (55):  253 308 377 457 549 653 770 6064 6076 6088 6148 6359 6465 6475 6477 6479 6487 6489 6491 6499 6501 6511 6513 6523 6525 6535 6537 6547 6549 6551 6559 6561 6571 6573 6583 6587 6893 6895 6905 6907 7001 7003 7426 7429 7431 7435 7572 7866 7875 7888 7897 7909 7921 7933 7945
NODE_NUM = 98
FILE sqrt_sub_75.aig

# Subcircuit 76
SUB_ID 76
LO (38):  6587 6596 6598 6608 6610 6620 6622 6632 6634 6644 6646 6656 6658 6668 6670 6684 6689 6737 6739 6751 6774 6791 6801 6813 6825 6837 6849 6861 6873 7101 7125 7132 7135 7136 7140 7148 7529 7969
LI (63):  193 198 215 253 6184 6280 6359 6373 6387 6396 6408 6420 6432 6444 6456 6585 6595 6597 6607 6609 6619 6621 6631 6633 6643 6645 6655 6657 6667 6669 6679 6681 6683 6688 6699 6708 6720 6731 6735 6749 6772 6786 6788 6796 6798 6808 6810 6820 6822 6832 6834 6844 6846 6856 6858 6868 6870 7097 7099 7525 7527 7965 7967
NODE_NUM = 100
FILE sqrt_sub_76.aig

# Subcircuit 77
SUB_ID 77
LO (28):  6699 6754 6760 7113 7142 7144 7156 7170 7184 7193 7198 7205 7208 7209 7537 7548 7551 7552 7556 7564 7604 7605 7616 7618 7628 7630 7640 7642
LI (32):  61 62 63 193 198 5611 5979 6345 6347 6351 6356 6359 6689 6691 6695 6698 6751 6765 6779 7106 7115 7125 7136 7140 7154 7159 7165 7177 7188 7189 7200 7202
NODE_NUM = 98
FILE sqrt_sub_77.aig

# Subcircuit 78
SUB_ID 78
LO (31):  6695 6698 6708 6720 6731 6735 6749 6772 7154 7159 7165 7177 7569 7572 7586 7600 7609 7621 7626 7629 7631 7635 8032 8033 8044 8046 8056 8058 8068 8070 8082
LI (47):  61 253 5611 5979 6292 6304 6316 6359 6677 6687 6693 6703 6705 6707 6715 6717 6719 6726 6730 6734 6737 6739 6743 6748 6751 7132 7135 7142 7144 7148 7156 7158 7170 7184 7558 7560 7564 7573 7575 7577 7584 7604 7605 7616 7618 7628 7630
NODE_NUM = 97
FILE sqrt_sub_78.aig

# Subcircuit 79
SUB_ID 79
LO (50):  6730 6734 6743 6748 6820 6881 6883 6893 6895 6905 6907 6919 6981 6989 6991 7001 7003 7013 7015 7025 7027 7037 7039 7049 7051 7061 7063 7073 7075 7085 7087 7097 7099 7158 7210 7294 7303 7664 7666 7676 7678 7688 7690 7700 7702 7712 7714 7724 7726 7738
LI (65):  59 60 3099 3371 3655 3951 4259 4579 4911 5255 6328 6332 6335 6338 6339 6345 6347 6351 6356 6359 6401 6564 6728 6732 6742 6751 6819 6880 6882 6892 6894 6904 6906 6918 6976 6978 6980 6988 6990 7000 7002 7012 7014 7024 7026 7036 7038 7048 7050 7060 7062 7072 7074 7084 7086 7096 7098 7209 7220 7229 7241 7253 7265 7277 7289
NODE_NUM = 99
FILE sqrt_sub_79.aig

# Subcircuit 80
SUB_ID 80
LO (27):  7220 7659 7782 7791 8106 8108 8116 8118 8128 8130 8140 8142 8152 8154 8164 8166 8176 8178 8188 8190 8200 8202 8212 8214 8224 8226 8238
LI (29):  1918 2131 2355 2591 2839 3099 3371 3655 3951 4259 4579 5255 7198 7208 7210 7219 7572 7650 7652 7669 7681 7693 7705 7717 7729 7741 7753 7765 7777
NODE_NUM = 99
FILE sqrt_sub_80.aig

# Subcircuit 81
SUB_ID 81
LO (29):  7219 7229 7669 8121 8246 8255 8580 8582 8592 8594 8604 8606 8616 8618 8628 8630 8640 8642 8652 8654 8664 8666 8676 8678 8688 8690 8700 8702 8714
LI (34):  1530 1718 1918 2131 2355 2591 2839 3099 3371 3655 3951 6791 7156 7214 7216 7218 7224 7228 7665 7667 8114 8117 8119 8123 8133 8145 8157 8169 8181 8193 8205 8217 8229 8241
NODE_NUM = 99
FILE sqrt_sub_81.aig

# Subcircuit 82
SUB_ID 82
LO (30):  7228 7241 7681 8133 8597 8722 8731 9068 9070 9080 9082 9092 9094 9104 9106 9116 9118 9128 9130 9140 9142 9152 9154 9164 9166 9176 9178 9188 9190 9202
LI (34):  1190 1354 1530 1718 1918 2131 2355 2591 2839 3099 3371 6801 7156 7226 7236 7240 7677 7679 8129 8131 8590 8593 8595 8599 8609 8621 8633 8645 8657 8669 8681 8693 8705 8717
NODE_NUM = 99
FILE sqrt_sub_82.aig

# Subcircuit 83
SUB_ID 83
LO (31):  7240 7253 7693 8145 8609 9085 9198 9208 9209 9568 9570 9580 9582 9592 9594 9604 9606 9616 9618 9628 9630 9640 9642 9652 9654 9664 9666 9676 9678 9688 9690
LI (35):  1038 1190 1354 1530 1718 1918 2131 2355 2591 2839 6813 7156 7238 7248 7252 7689 7691 8141 8143 8605 8607 9078 9081 9083 9087 9097 9109 9121 9133 9145 9157 9169 9181 9193 9205
NODE_NUM = 97
FILE sqrt_sub_83.aig

# Subcircuit 84
SUB_ID 84
LO (32):  7252 7265 7705 8157 8621 9097 9585 9698 9708 9709 10080 10082 10092 10094 10104 10106 10116 10118 10128 10130 10140 10142 10152 10154 10164 10166 10176 10178 10188 10190 10200 10202
LI (37):  770 898 1038 1190 1354 1530 1718 1918 2131 2355 6825 7156 7250 7260 7264 7701 7703 8153 8155 8617 8619 9093 9095 9578 9581 9583 9587 9597 9609 9621 9633 9645 9657 9669 9681 9693 9705
NODE_NUM = 99
FILE sqrt_sub_84.aig

# Subcircuit 85
SUB_ID 85
LO (31):  7264 7277 7717 8169 8633 9109 9597 10097 10210 10219 10604 10606 10616 10618 10628 10630 10640 10642 10652 10654 10664 10666 10676 10678 10688 10690 10700 10702 10712 10714 10726
LI (38):  549 653 770 898 1038 1190 1354 1530 1718 1918 6837 7156 7262 7272 7276 7713 7715 8165 8167 8629 8631 9105 9107 9593 9595 10090 10093 10095 10099 10109 10121 10133 10145 10157 10169 10181 10193 10205
NODE_NUM = 97
FILE sqrt_sub_85.aig

# Subcircuit 86
SUB_ID 86
LO (32):  7276 7289 7729 8181 8645 9121 9609 10109 10621 10734 10743 11140 11142 11152 11154 11164 11166 11176 11178 11188 11190 11200 11202 11212 11214 11224 11226 11236 11238 11248 11250 11262
LI (40):  377 457 549 653 770 898 1038 1190 1354 1530 6849 7156 7274 7284 7288 7725 7727 8177 8179 8641 8643 9117 9119 9605 9607 10105 10107 10614 10617 10619 10623 10633 10645 10657 10669 10681 10693 10705 10717 10729
NODE_NUM = 99
FILE sqrt_sub_86.aig

# Subcircuit 87
SUB_ID 87
LO (32):  7288 7306 7315 7741 8193 8657 9133 9621 10121 10633 11157 11246 11256 11257 11688 11690 11700 11702 11712 11714 11724 11726 11736 11738 11748 11750 11760 11762 11772 11774 11784 11786
LI (42):  377 457 549 653 770 898 1038 1190 2839 6861 7156 7286 7294 7296 7300 7303 7572 7739 8189 8191 8653 8655 9129 9131 9617 9619 10117 10119 10629 10631 11150 11153 11155 11159 11169 11181 11193 11205 11217 11229 11241 11253
NODE_NUM = 97
FILE sqrt_sub_87.aig

# Subcircuit 88
SUB_ID 88
LO (23):  7300 7311 7426 7435 7866 7875 8301 8313 8366 8375 8760 8762 8772 8774 8784 8786 8796 8798 8808 8810 8820 8822 8834
LI (27):  308 377 457 549 653 770 898 1038 6873 7156 7298 7310 7402 7409 7411 7421 7572 7842 7848 7851 8000 8294 8303 8325 8337 8349 8361
NODE_NUM = 97
FILE sqrt_sub_88.aig

# Subcircuit 89
SUB_ID 89
LO (43):  7421 7429 7431 7441 7443 7453 7455 7465 7467 7477 7479 7489 7491 7501 7503 7513 7515 7525 7527 7541 7980 7984 8003 8009 8437 8440 8454 8468 8477 8489 8494 8497 8499 8503 8924 8925 8936 8938 8948 8950 8960 8962 8974
LI (57):  55 56 57 6359 6751 6993 7113 7156 7416 7418 7420 7428 7430 7440 7442 7452 7454 7464 7466 7476 7478 7488 7490 7500 7502 7512 7514 7524 7526 7537 7538 7558 7560 7564 7569 7572 7976 7978 7983 7986 7988 7992 8000 8014 8028 8426 8428 8432 8433 8443 8449 8472 8473 8484 8486 8496 8498
NODE_NUM = 100
FILE sqrt_sub_89.aig

# Subcircuit 90
SUB_ID 90
LO (18):  7584 7650 7652 8114 8123 8549 8561 8575 8590 8599 9020 9022 9032 9034 9046 9048 9056 9058
LI (23):  60 3655 3951 4259 4579 4911 5255 7193 7583 7626 7629 7631 7635 7645 8000 8078 8083 8087 8111 8440 8542 8551 8585
NODE_NUM = 93
FILE sqrt_sub_90.aig

# Subcircuit 91
SUB_ID 91
LO (42):  7645 7665 7667 7677 7679 7689 7691 7701 7703 7713 7715 7725 7727 7739 7753 8205 8669 9145 9633 10133 10645 11169 11705 11794 11803 12248 12250 12260 12262 12272 12274 12284 12286 12296 12298 12308 12310 12320 12322 12332 12334 12346
LI (53):  253 308 377 457 549 653 770 898 7205 7572 7640 7642 7644 7664 7666 7676 7678 7688 7690 7700 7702 7712 7714 7724 7726 7738 7748 7752 8201 8203 8665 8667 9141 9143 9629 9631 10129 10131 10641 10643 11165 11167 11698 11701 11703 11707 11717 11729 11741 11753 11765 11777 11789
NODE_NUM = 100
FILE sqrt_sub_91.aig

# Subcircuit 92
SUB_ID 92
LO (34):  7752 7765 8217 8681 9157 9645 10145 10657 11181 11717 12265 12365 12378 12380 12820 12822 12832 12834 12844 12846 12856 12858 12868 12870 12880 12882 12892 12894 12904 12906 12915 12917 12921 12931
LI (44):  193 198 215 253 308 377 457 549 653 7313 7572 7750 7760 7764 8213 8215 8677 8679 9153 9155 9641 9643 10141 10143 10653 10655 11177 11179 11713 11715 12258 12261 12263 12267 12277 12289 12301 12313 12325 12337 12349 12361 12372 12376
NODE_NUM = 97
FILE sqrt_sub_92.aig

# Subcircuit 93
SUB_ID 93
LO (31):  7764 7777 8229 8693 9169 9657 10157 10669 11193 11729 12277 12837 12913 12926 12928 13404 13406 13416 13418 13428 13430 13440 13442 13452 13454 13464 13466 13475 13477 13481 13491
LI (42):  193 198 215 253 308 377 457 7325 7572 7762 7772 7776 8225 8227 8689 8691 9165 9167 9653 9655 10153 10155 10665 10667 11189 11191 11725 11727 12273 12275 12830 12833 12835 12839 12849 12861 12873 12885 12897 12909 12920 12924
NODE_NUM = 83
FILE sqrt_sub_93.aig

# Subcircuit 94
SUB_ID 94
LO (18):  7776 7842 7851 8241 8253 8265 8277 8289 8294 8303 8705 8712 8724 8726 8736 8738 8748 8750
LI (24):  898 1038 1190 1354 1530 1718 7337 7342 7572 7774 7782 7783 7788 7791 7801 7813 7825 7837 8000 8239 8246 8255 8701 8703
NODE_NUM = 96
FILE sqrt_sub_94.aig

# Subcircuit 95
SUB_ID 95
LO (22):  7788 7801 7813 7825 7837 7848 7945 8426 8428 8878 8880 8884 8889 8892 8915 9336 9340 9348 9353 9354 9377 9827
LI (37):  193 198 7349 7361 7366 7373 7385 7397 7409 7572 7786 7796 7798 7800 7807 7810 7812 7820 7822 7824 7832 7834 7836 7846 7940 7944 8390 8393 8395 8399 8409 8420 8424 8440 8854 8863 8887
NODE_NUM = 99
FILE sqrt_sub_95.aig

# Subcircuit 96
SUB_ID 96
LO (27):  7944 7950 7953 7955 7959 7965 7967 7976 7998 8028 8078 8087 8433 8484 8496 8498 8513 8525 8537 8542 8551 8984 8986 8996 8998 9008 9010
LI (33):  59 215 4911 5255 5611 5979 6359 6751 7505 7572 7938 7942 7948 7949 7952 7954 7964 7966 7975 7986 7988 7992 7997 8013 8017 8019 8037 8049 8061 8073 8440 8506 8515
NODE_NUM = 96
FILE sqrt_sub_96.aig

# Subcircuit 97
SUB_ID 97
LO (30):  7978 7983 7992 7997 8037 8449 8506 8515 8977 9066 9076 9077 9460 9462 9472 9474 9484 9486 9496 9498 9508 9510 9520 9522 9534 9536 9544 9546 9556 9558
LI (44):  3371 3655 3951 4259 4579 4911 5255 5611 5979 7545 7548 7551 7552 7558 7560 7564 7569 7572 7977 7981 7986 7988 7991 8000 8033 8036 8443 8446 8494 8497 8499 8503 8892 8970 8975 8979 8989 9001 9013 9025 9037 9051 9061 9073
NODE_NUM = 98
FILE sqrt_sub_97.aig

# Subcircuit 98
SUB_ID 98
LO (43):  8036 8049 8061 8073 8083 8111 8117 8119 8129 8131 8141 8143 8153 8155 8165 8167 8177 8179 8189 8191 8201 8203 8213 8215 8225 8227 8239 8325 8789 8854 8863 9260 9262 9272 9274 9284 9286 9296 9298 9308 9310 9320 9322
LI (58):  198 215 253 308 377 457 7586 7600 7609 7621 7659 8000 8032 8044 8046 8048 8056 8058 8060 8068 8070 8072 8082 8106 8108 8110 8116 8118 8128 8130 8140 8142 8152 8154 8164 8166 8176 8178 8188 8190 8200 8202 8212 8214 8224 8226 8238 8320 8324 8782 8785 8787 8791 8801 8813 8825 8837 8849
NODE_NUM = 92
FILE sqrt_sub_98.aig

# Subcircuit 99
SUB_ID 99
LO (26):  8324 8337 8801 8893 8895 8896 8903 9342 9344 9356 9361 9369 9370 9371 9372 9765 9777 9789 9801 9808 9811 9812 9816 9824 9864 9865
LI (30):  51 52 53 193 198 215 253 308 7873 7878 8000 8322 8331 8336 8797 8799 8892 9270 9273 9275 9279 9289 9301 9313 9325 9336 9340 9354 9359 9365
NODE_NUM = 97
FILE sqrt_sub_99.aig

# Subcircuit 100
SUB_ID 100
LO (31):  8336 8349 8361 8390 8393 8395 8399 8443 8813 8825 8837 8849 8906 8920 8946 8956 8957 9289 9301 9313 9325 9388 9389 9400 9402 9412 9414 9424 9426 9436 9438
LI (54):  53 54 55 215 253 6751 7156 7572 7885 7897 7909 7921 7933 8000 8334 8344 8346 8348 8356 8358 8360 8366 8368 8370 8372 8375 8380 8382 8384 8385 8392 8394 8440 8809 8811 8821 8823 8835 8892 8897 8902 8904 8915 8929 8941 8953 9285 9287 9297 9299 9309 9311 9321 9323
NODE_NUM = 99
FILE sqrt_sub_100.aig

# Subcircuit 101
SUB_ID 101
LO (12):  8585 9061 9578 9587 10090 10099 10561 10564 10573 10585 10597 11079
LI (22):  2131 2355 2591 2839 3099 8440 8580 8584 9057 9059 9542 9545 9547 9551 9561 9573 9832 10042 10051 10085 10320 10563
NODE_NUM = 92
FILE sqrt_sub_101.aig

# Subcircuit 102
SUB_ID 102
LO (44):  8584 8593 8595 8605 8607 8617 8619 8629 8631 8641 8643 8653 8655 8665 8667 8677 8679 8689 8691 8701 8703 8717 9193 9681 10181 10693 11217 11753 12301 12861 13433 13473 13486 13488 14012 14014 14024 14026 14036 14038 14047 14049 14053 14063
LI (54):  193 198 215 253 8121 8440 8582 8592 8594 8604 8606 8616 8618 8628 8630 8640 8642 8652 8654 8664 8666 8676 8678 8688 8690 8700 8702 8712 8716 9189 9191 9677 9679 10177 10179 10689 10691 11213 11215 11749 11751 12297 12299 12857 12859 13426 13429 13431 13435 13445 13457 13469 13480 13484
NODE_NUM = 77
FILE sqrt_sub_102.aig

# Subcircuit 103
SUB_ID 103
LO (21):  8716 8782 8791 9205 9217 9229 9241 9253 9258 9268 9269 9700 9702 9712 9714 9724 9726 9736 9738 9748 9750
LI (22):  457 549 653 770 898 1038 8253 8440 8714 8722 8724 8728 8731 8741 8753 8765 8777 8892 9203 9210 9219 9265
NODE_NUM = 99
FILE sqrt_sub_103.aig

# Subcircuit 104
SUB_ID 104
LO (37):  8728 8741 8753 8765 8777 8785 8787 8797 8799 8809 8811 8821 8823 8835 8887 8897 8902 8904 8929 9417 9494 9503 9912 9914 9924 9926 9936 9938 9948 9950 9960 9962 9972 9974 9984 9986 9998
LI (59):  54 4579 4911 5255 5611 5979 6359 6751 8265 8277 8289 8301 8313 8416 8419 8426 8428 8432 8437 8440 8726 8736 8738 8740 8748 8750 8752 8760 8762 8764 8772 8774 8776 8784 8786 8796 8798 8808 8810 8820 8822 8834 8892 8893 8895 8896 8903 8925 8928 9410 9413 9415 9419 9429 9441 9453 9465 9477 9489
NODE_NUM = 98
FILE sqrt_sub_104.aig

# Subcircuit 105
SUB_ID 105
LO (26):  8928 8941 9429 9929 10042 10051 10436 10438 10448 10450 10460 10462 10472 10474 10484 10486 10496 10498 10508 10510 10520 10522 10532 10534 10546 10548
LI (30):  3099 3371 3655 3951 4259 4579 4911 5255 5611 5979 8454 8892 8924 8936 8940 9425 9427 9922 9925 9927 9931 9941 9953 9965 9977 9989 10001 10013 10025 10039
NODE_NUM = 88
FILE sqrt_sub_105.aig

# Subcircuit 106
SUB_ID 106
LO (33):  8940 8953 9441 9941 10453 10554 10563 10578 10588 10589 10972 10974 10984 10986 10996 10998 11008 11010 11020 11022 11032 11034 11044 11046 11056 11058 11070 11072 11082 11092 11094 11104 11106
LI (35):  2355 2591 2839 3099 3371 3655 3951 4259 4579 4911 5255 8468 8892 8938 8948 8952 9437 9439 9937 9939 10446 10449 10451 10455 10465 10477 10489 10501 10513 10525 10537 10551 10564 10573 10585
NODE_NUM = 100
FILE sqrt_sub_106.aig

# Subcircuit 107
SUB_ID 107
LO (30):  8952 8970 8979 9453 9953 10465 10989 11090 11100 11101 11520 11522 11532 11534 11544 11546 11556 11558 11568 11570 11580 11582 11592 11594 11606 11608 11616 11618 11628 11630
LI (35):  2355 2591 2839 3099 3371 3655 3951 4259 4579 5979 6359 8477 8892 8950 8957 8965 8967 9356 9949 9951 10461 10463 10982 10985 10987 10991 11001 11013 11025 11037 11049 11061 11075 11085 11097
NODE_NUM = 98
FILE sqrt_sub_107.aig

# Subcircuit 108
SUB_ID 108
LO (32):  8965 8967 8975 8989 9477 9977 10489 11013 11549 11662 11671 12092 12094 12104 12106 12116 12118 12128 12130 12140 12142 12154 12156 12164 12166 12176 12178 12188 12190 12200 12202 12214
LI (42):  1530 1718 1918 2131 2355 2591 2839 3099 3371 3655 6359 8489 8892 8946 8956 8960 8962 8964 8974 8984 8988 9473 9475 9973 9975 10485 10487 11009 11011 11542 11545 11547 11551 11561 11573 11585 11597 11611 11621 11633 11645 11657
NODE_NUM = 100
FILE sqrt_sub_108.aig

# Subcircuit 109
SUB_ID 109
LO (31):  8988 9001 9489 9989 10501 11025 11561 12109 12222 12231 12664 12666 12676 12678 12688 12690 12700 12702 12714 12716 12724 12726 12736 12738 12748 12750 12760 12762 12772 12774 12786
LI (38):  1190 1354 1530 1718 1918 2131 2355 2591 2839 3099 8513 8892 8986 8996 9000 9485 9487 9985 9987 10497 10499 11021 11023 11557 11559 12102 12105 12107 12111 12121 12133 12145 12159 12169 12181 12193 12205 12217
NODE_NUM = 97
FILE sqrt_sub_109.aig

# Subcircuit 110
SUB_ID 110
LO (31):  9000 9013 9542 9551 10001 10013 10025 10039 10513 10525 10537 10551 11037 11049 11061 11075 11573 11585 11597 11611 12121 12133 12145 12159 12681 12686 12692 12695 13248 13250 13262
LI (56):  2591 3371 3655 3951 4259 8525 8892 8998 9008 9012 9494 9497 9499 9503 9513 9525 9539 9832 9999 10509 10511 10521 10523 10533 10535 10547 10549 11033 11035 11045 11047 11057 11059 11071 11073 11569 11571 11581 11583 11593 11595 11607 11609 12117 12119 12129 12131 12141 12143 12155 12157 12674 12677 12679 12683 12691
NODE_NUM = 96
FILE sqrt_sub_110.aig

# Subcircuit 111
SUB_ID 111
LO (49):  9012 9025 9037 9051 9057 9059 9073 9078 9081 9083 9087 9093 9095 9105 9107 9117 9119 9129 9131 9141 9143 9153 9155 9165 9167 9181 9513 9525 9539 9561 9669 10169 10681 11205 11741 12289 12849 13426 13435 14005 14022 14032 14033 14596 14598 14608 14610 14620 14622
LI (77):  215 253 308 3099 8537 8549 8561 8575 8597 8892 9010 9020 9022 9024 9032 9034 9036 9046 9048 9050 9056 9058 9066 9068 9070 9072 9076 9077 9080 9082 9092 9094 9104 9106 9116 9118 9128 9130 9140 9142 9152 9154 9164 9166 9176 9180 9509 9511 9521 9523 9535 9537 9557 9559 9665 9667 10165 10167 10677 10679 11201 11203 11737 11739 12285 12287 12845 12847 13414 13417 13419 13423 13500 13998 14007 14017 14029
NODE_NUM = 98
FILE sqrt_sub_111.aig

# Subcircuit 112
SUB_ID 112
LO (27):  9180 9189 9191 9203 9210 9219 9265 9358 9818 9820 9832 9845 9846 9849 9851 10253 10265 10277 10289 10296 10299 10300 10304 10312 10352 10353 10366
LI (33):  49 50 193 198 215 253 308 898 8705 8892 9178 9188 9190 9198 9202 9208 9209 9260 9264 9356 9746 9749 9751 9755 9765 9777 9789 9801 9812 9816 9830 9835 9841
NODE_NUM = 100
FILE sqrt_sub_112.aig

# Subcircuit 113
SUB_ID 113
LO (30):  9264 9270 9273 9275 9279 9285 9287 9297 9299 9309 9311 9321 9323 9359 9365 9410 9419 9881 9893 9905 9922 9931 10388 10390 10400 10402 10412 10414 10424 10426
LI (38):  51 377 6359 6751 7156 7572 8000 8440 8789 8878 8880 8884 8889 8892 9258 9262 9268 9269 9272 9274 9284 9286 9296 9298 9308 9310 9320 9322 9358 9372 9375 9384 9393 9405 9832 9874 9883 9917
NODE_NUM = 89
FILE sqrt_sub_113.aig

# Subcircuit 114
SUB_ID 114
LO (28):  9375 9384 9393 9405 9413 9415 9425 9427 9437 9439 9465 9965 10477 11001 11542 11551 12102 12111 12645 12657 12674 12683 13212 13214 13224 13226 13236 13238
LI (48):  53 2839 3099 3371 3655 3951 8440 8906 8920 9342 9344 9356 9361 9369 9371 9377 9388 9389 9392 9400 9402 9404 9412 9414 9424 9426 9436 9438 9460 9464 9961 9963 10473 10475 10997 10999 11530 11533 11535 11539 11856 12078 12087 12097 12392 12638 12647 12669
NODE_NUM = 93
FILE sqrt_sub_114.aig

# Subcircuit 115
SUB_ID 115
LO (64):  9464 9473 9475 9485 9487 9497 9499 9509 9511 9521 9523 9535 9537 9545 9547 9557 9559 9573 9581 9583 9593 9595 9605 9607 9617 9619 9629 9631 9641 9643 9653 9655 9665 9667 9677 9679 9693 10193 10705 11229 11765 12313 12873 13445 13498 14029 14073 14077 14079 14083 14629 14642 14644 14656 14669 14670 14673 14675 15228 15231 15232 15284 15285 15298
LI (76):  31 32 33 193 8977 9085 9356 9462 9472 9474 9484 9486 9496 9498 9508 9510 9520 9522 9534 9536 9544 9546 9556 9558 9568 9570 9572 9580 9582 9592 9594 9604 9606 9616 9618 9628 9630 9640 9642 9652 9654 9664 9666 9676 9678 9688 9692 10189 10191 10701 10703 11225 11227 11761 11763 12309 12311 12869 12871 13441 13443 13492 13497 13500 14025 14027 14072 14618 14621 14623 14627 14640 14643 14654 14659 14665
NODE_NUM = 99
FILE sqrt_sub_115.aig

# Subcircuit 116
SUB_ID 116
LO (42):  9692 9705 10205 10717 11241 11777 12325 12393 12395 12396 12403 12885 12940 12945 12954 12955 12956 12968 13457 13505 13510 13518 13532 13533 14045 14058 14060 14072 14086 14100 14103 14104 14107 14111 14632 14635 14636 14688 14689 14700 14702 14714
LI (45):  35 37 38 39 193 9205 9356 9690 9700 9704 10201 10203 10713 10715 11237 11239 11773 11775 12321 12323 12392 12881 12883 12926 12928 12932 12937 12940 12943 12949 13453 13455 13501 13502 14034 14037 14039 14043 14056 14059 14070 14077 14082 14084 14093
NODE_NUM = 99
FILE sqrt_sub_116.aig

# Subcircuit 117
SUB_ID 117
LO (24):  9704 9746 9755 10217 10229 10241 10293 10306 10308 10724 10736 10738 10748 10750 10760 10762 10772 10774 10784 10786 10795 10797 10801 10811
LI (26):  193 198 215 253 308 377 457 549 653 9217 9356 9702 9709 9717 9719 9729 9741 9832 10210 10219 10253 10265 10277 10289 10300 10304
NODE_NUM = 97
FILE sqrt_sub_117.aig

# Subcircuit 118
SUB_ID 118
LO (26):  9717 9719 9729 9741 9749 9751 9830 9835 9841 9860 9874 9883 10317 10320 10334 10348 10351 10359 10365 10370 10381 10852 10853 10864 10866 10878
LI (44):  47 48 49 51 653 8000 8440 8892 9229 9241 9253 9342 9344 9348 9353 9356 9698 9708 9712 9714 9716 9724 9726 9728 9736 9738 9740 9748 9750 9808 9811 9818 9820 9824 9827 9832 9845 9849 9851 9869 10306 10308 10312 10323
NODE_NUM = 100
FILE sqrt_sub_118.aig

# Subcircuit 119
SUB_ID 119
LO (19):  9869 9917 10446 10455 10982 10991 11489 11501 11513 11530 11539 12032 12034 12044 12046 12056 12058 12068 12070
LI (26):  4259 4579 4911 5255 5611 5979 9370 9832 9864 9865 9868 9912 9916 10422 10425 10427 10431 10441 10820 10946 10955 10977 11332 11482 11491 11525
NODE_NUM = 100
FILE sqrt_sub_119.aig

# Subcircuit 120
SUB_ID 120
LO (53):  9916 9925 9927 9937 9939 9949 9951 9961 9963 9973 9975 9985 9987 9999 10085 10093 10095 10105 10107 10117 10119 10129 10131 10141 10143 10153 10155 10165 10167 10177 10179 10189 10191 10201 10203 10323 10834 10848 10886 10896 10897 11364 11365 11376 11378 11388 11390 11400 11402 11412 11414 11424 11426
LI (56):  45 46 47 8000 8440 8892 9356 9417 9585 9832 9914 9924 9926 9936 9938 9948 9950 9960 9962 9972 9974 9984 9986 9998 10080 10082 10084 10092 10094 10104 10106 10116 10118 10128 10130 10140 10142 10152 10154 10164 10166 10176 10178 10188 10190 10200 10202 10320 10820 10823 10829 10843 10857 10869 10881 10893
NODE_NUM = 98
FILE sqrt_sub_120.aig

# Subcircuit 121
SUB_ID 121
LO (19):  10422 10431 10881 10893 10905 10917 10929 10934 10941 10944 10945 11436 11438 11448 11450 11460 11462 11472 11474
LI (21):  6359 6751 7156 7572 8000 8440 10320 10351 10353 10356 10359 10369 10370 10381 10393 10405 10417 10820 10879 10898 10907
NODE_NUM = 100
FILE sqrt_sub_121.aig

# Subcircuit 122
SUB_ID 122
LO (38):  10356 10369 10393 10405 10417 10425 10427 10441 10449 10451 10461 10463 10473 10475 10485 10487 10497 10499 10509 10511 10521 10523 10533 10535 10547 10549 10614 10623 11121 11133 11150 11159 11652 11654 11664 11666 11676 11678
LI (55):  1354 1530 1718 1918 2131 9846 9860 9881 9893 9905 9929 10320 10352 10365 10366 10388 10390 10392 10400 10402 10404 10412 10414 10416 10424 10426 10436 10438 10440 10448 10450 10460 10462 10472 10474 10484 10486 10496 10498 10508 10510 10520 10522 10532 10534 10546 10548 10589 10597 10599 10609 10820 11114 11123 11145
NODE_NUM = 90
FILE sqrt_sub_122.aig

# Subcircuit 123
SUB_ID 123
LO (45):  10599 10609 10617 10619 10629 10631 10641 10643 10653 10655 10665 10667 10677 10679 10689 10691 10701 10703 10713 10715 10729 11253 11789 12337 12897 13469 14056 14059 14640 14648 14653 14654 14684 14722 14732 14733 15296 15308 15310 15320 15322 15332 15334 15344 15346
LI (64):  33 193 2131 10097 10320 10578 10588 10604 10606 10608 10616 10618 10628 10630 10640 10642 10652 10654 10664 10666 10676 10678 10688 10690 10700 10702 10712 10714 10724 10728 11249 11251 11332 11785 11787 11856 12333 12335 12392 12893 12895 12940 13465 13467 14034 14045 14048 14050 14055 14058 14060 14064 14072 14636 14642 14644 14649 14669 14673 14675 14693 14705 14717 14729
NODE_NUM = 98
FILE sqrt_sub_123.aig

# Subcircuit 124
SUB_ID 124
LO (33):  10728 10741 10806 10808 10820 10843 10857 10869 10879 10977 10985 10987 10997 10999 11009 11011 11021 11023 11033 11035 11045 11047 11057 11059 11261 11277 11289 11301 11308 11311 11312 11316 11324
LI (44):  193 198 215 253 308 10217 10320 10334 10348 10453 10726 10734 10736 10740 10743 10753 10765 10777 10789 10800 10804 10818 10841 10852 10853 10864 10866 10878 10972 10974 10984 10986 10996 10998 11008 11010 11020 11022 11032 11034 11044 11046 11056 11058
NODE_NUM = 100
FILE sqrt_sub_124.aig

# Subcircuit 125
SUB_ID 125
LO (29):  10740 10753 10765 10777 10789 10800 10804 10818 10823 10829 10841 11329 11332 11346 11360 11369 11381 11386 11389 11395 11888 11889 11900 11902 11912 11914 11924 11926 11938
LI (48):  43 44 45 8892 9356 9832 10229 10241 10253 10265 10277 10306 10308 10312 10317 10320 10738 10748 10750 10752 10760 10762 10764 10772 10774 10776 10784 10786 10788 10795 10799 10803 10806 10808 10812 10817 10820 10834 10848 11318 11320 11324 11335 11364 11365 11376 11378 11388
NODE_NUM = 100
FILE sqrt_sub_125.aig

# Subcircuit 126
SUB_ID 126
LO (35):  10799 10803 10812 10817 10898 10907 10946 10955 11071 11073 11085 11621 12169 12729 12818 12828 12829 13296 13298 13308 13310 13320 13322 13332 13334 13344 13346 13356 13358 13368 13370 13380 13382 13392 13394
LI (51):  653 770 898 1038 1190 1354 1530 1718 5979 7572 10289 10293 10296 10299 10300 10306 10308 10312 10317 10320 10554 10797 10801 10811 10820 10886 10896 10897 10934 10944 10945 11070 11072 11079 11084 11617 11619 12165 12167 12722 12725 12727 12731 12741 12753 12765 12777 12789 12801 12813 12825
NODE_NUM = 98
FILE sqrt_sub_126.aig

# Subcircuit 127
SUB_ID 127
LO (26):  11084 11097 11633 12181 12741 13313 13414 13423 13892 13894 13904 13906 13916 13918 13928 13930 13940 13942 13952 13954 13964 13966 13976 13978 13988 13990
LI (32):  377 457 549 653 770 898 1038 1190 1354 10561 10820 11082 11092 11096 11629 11631 12177 12179 12737 12739 13306 13309 13311 13315 13325 13337 13349 13361 13373 13385 13397 13409
NODE_NUM = 84
FILE sqrt_sub_127.aig

# Subcircuit 128
SUB_ID 128
LO (26):  11096 11114 11123 11645 12193 12753 13325 13909 13998 14007 14500 14502 14512 14514 14524 14526 14536 14538 14548 14550 14560 14562 14572 14574 14584 14586
LI (34):  308 377 457 549 653 770 898 1038 1918 2131 10573 10820 11094 11101 11109 11111 11332 12189 12191 12749 12751 13321 13323 13902 13905 13907 13911 13921 13933 13945 13957 13969 13981 13993
NODE_NUM = 87
FILE sqrt_sub_128.aig

# Subcircuit 129
SUB_ID 129
LO (25):  11109 11111 11145 11698 11707 12258 12267 12789 12801 12813 13361 13373 13385 13945 13957 13969 14541 14546 14553 14556 14557 15144 15146 15156 15158
LI (44):  549 770 898 1038 1190 2131 10585 10820 11090 11100 11104 11106 11108 11140 11144 11674 11677 11679 11683 11693 11856 12222 12231 12253 12392 12787 13357 13359 13369 13371 13381 13383 13941 13943 13953 13955 13965 13967 14534 14537 14539 14543 14549 14551
NODE_NUM = 97
FILE sqrt_sub_129.aig

# Subcircuit 130
SUB_ID 130
LO (30):  11144 11153 11155 11165 11167 11177 11179 11189 11191 11201 11203 11213 11215 11225 11227 11237 11239 11249 11251 11318 11320 11801 11804 11813 11825 11832 11835 11836 11840 11848
LI (36):  193 198 215 253 308 10621 10820 11142 11152 11154 11164 11166 11176 11178 11188 11190 11200 11202 11212 11214 11224 11226 11236 11238 11248 11250 11257 11265 11267 11277 11289 11301 11312 11316 11332 11803
NODE_NUM = 79
FILE sqrt_sub_130.aig

# Subcircuit 131
SUB_ID 131
LO (28):  11265 11267 11335 11870 11884 11982 11991 12424 12425 12436 12438 12448 12450 12460 12462 12472 12474 12484 12486 12496 12498 12508 12510 12520 12522 12532 12534 12546
LI (32):  41 42 43 308 6751 7156 7572 8000 8440 8892 9356 9832 10320 10741 10820 11246 11256 11261 11262 11332 11856 11859 11865 11879 11893 11905 11917 11929 11941 11953 11965 11977
NODE_NUM = 100
FILE sqrt_sub_131.aig

# Subcircuit 132
SUB_ID 132
LO (11):  11482 11491 11941 11953 11965 11977 11989 11992 12001 12013 12025
LI (24):  5611 5979 6359 6751 7156 7572 8000 8440 10857 11332 11386 11389 11390 11395 11405 11417 11429 11441 11453 11465 11477 11856 11939 11991
NODE_NUM = 98
FILE sqrt_sub_132.aig

# Subcircuit 133
SUB_ID 133
LO (26):  11405 11417 11429 11441 11453 11465 11477 11525 12078 12087 12638 12647 13205 13258 13267 13784 13786 13796 13798 13808 13810 13820 13822 13832 13834 13846
LI (52):  2355 2591 2839 3099 3371 3655 3951 10869 10881 10893 10905 10917 10929 10941 11332 11400 11402 11404 11412 11414 11416 11424 11426 11428 11436 11438 11440 11448 11450 11452 11460 11462 11464 11472 11474 11476 11520 11524 12066 12069 12071 12075 12392 12626 12635 12940 13198 13207 13217 13229 13241 13253
NODE_NUM = 97
FILE sqrt_sub_133.aig

# Subcircuit 134
SUB_ID 134
LO (41):  11524 11533 11535 11545 11547 11557 11559 11569 11571 11581 11583 11593 11595 11607 11609 11617 11619 11629 11631 11657 12205 12765 13337 13921 14534 14543 15125 15137 15178 15187 15740 15742 15752 15754 15764 15766 15776 15778 15788 15790 15802
LI (48):  308 377 457 549 653 770 10989 11332 11522 11532 11534 11544 11546 11556 11558 11568 11570 11580 11582 11592 11594 11606 11608 11616 11618 11628 11630 11652 11656 12201 12203 12761 12763 13333 13335 13917 13919 14510 14513 14515 14519 14529 14656 15118 15127 15149 15161 15173
NODE_NUM = 97
FILE sqrt_sub_134.aig

# Subcircuit 135
SUB_ID 135
LO (41):  11656 11674 11677 11679 11683 11693 11701 11703 11713 11715 11725 11727 11737 11739 11749 11751 11761 11763 11773 11775 11785 11787 11842 11844 11856 11879 11893 11905 11917 11925 12217 12361 12368 12371 12372 12376 12384 12777 13349 13933 14529
LI (63):  193 198 215 1354 11121 11133 11157 11332 11346 11360 11369 11654 11662 11664 11666 11668 11671 11676 11678 11688 11690 11692 11700 11702 11712 11714 11724 11726 11736 11738 11748 11750 11760 11762 11772 11774 11784 11786 11794 11804 11813 11825 11836 11840 11854 11856 11877 11888 11889 11900 11902 11912 11914 11924 12215 12773 12775 13345 13347 13929 13931 14525 14527
NODE_NUM = 100
FILE sqrt_sub_135.aig

# Subcircuit 136
SUB_ID 136
LO (27):  11854 11859 11865 11877 12389 12392 12406 12420 12429 12441 12453 12458 12465 12468 12469 12972 12973 12984 12986 12996 12998 13008 13010 13020 13022 13032 13034
LI (38):  41 9356 9832 10320 10820 11308 11311 11318 11320 11324 11329 11332 11832 11835 11842 11844 11848 11856 11858 11870 11884 11893 11905 12378 12380 12384 12393 12395 12397 12404 12424 12425 12436 12438 12448 12450 12460 12462
NODE_NUM = 97
FILE sqrt_sub_136.aig

# Subcircuit 137
SUB_ID 137
LO (30):  11858 11929 12489 12614 12624 12625 13056 13058 13068 13070 13080 13082 13092 13094 13104 13106 13116 13118 13128 13130 13140 13142 13152 13154 13164 13166 13176 13178 13188 13190
LI (32):  39 40 4259 4579 4911 5255 5611 5979 6359 6751 7156 7572 8000 11381 11856 11925 11926 12482 12485 12487 12491 12501 12513 12525 12537 12549 12561 12573 12585 12597 12609 12621
NODE_NUM = 99
FILE sqrt_sub_137.aig

# Subcircuit 138
SUB_ID 138
LO (20):  11939 12066 12075 12561 12573 12585 12597 12609 12621 13133 13145 13150 13156 13159 13170 13712 13714 13724 13726 13738
LI (25):  4259 4579 4911 5255 5611 5979 6359 11856 11938 11982 11992 12001 12013 12025 12037 12049 12061 12392 13126 13129 13131 13135 13141 13143 13155
NODE_NUM = 100
FILE sqrt_sub_138.aig

# Subcircuit 139
SUB_ID 139
LO (55):  12037 12049 12061 12069 12071 12097 12105 12107 12117 12119 12129 12131 12141 12143 12155 12157 12165 12167 12177 12179 12189 12191 12201 12203 12215 12253 12261 12263 12273 12275 12285 12287 12297 12299 12309 12311 12321 12323 12333 12335 12349 12397 12404 12482 12491 12909 13049 13052 13480 13484 14064 14070 14093 14649 14665
LI (87):  40 8440 8892 11489 11501 11513 11549 11705 11794 11801 11803 11856 12032 12034 12036 12044 12046 12048 12056 12058 12060 12068 12070 12092 12094 12096 12104 12106 12116 12118 12128 12130 12140 12142 12154 12156 12164 12166 12176 12178 12188 12190 12200 12202 12214 12248 12250 12252 12260 12262 12272 12274 12284 12286 12296 12298 12308 12310 12320 12322 12332 12334 12346 12348 12396 12403 12469 12477 12479 12905 12907 12940 13051 13473 13476 13478 13483 13486 13488 13492 13500 14048 14058 14060 14063 14065 14659
NODE_NUM = 97
FILE sqrt_sub_139.aig

# Subcircuit 140
SUB_ID 140
LO (13):  12477 12479 12485 12487 12501 13126 13135 13657 13660 13669 13681 13693 13705
LI (27):  5611 5979 6359 6751 7156 8892 11917 12392 12458 12468 12472 12474 12476 12484 12486 12496 12500 13066 13069 13071 13075 13085 13097 13109 13121 13500 13659
NODE_NUM = 73
FILE sqrt_sub_140.aig

# Subcircuit 141
SUB_ID 141
LO (30):  12500 12513 12525 12537 12549 12626 12635 12669 13085 13097 13109 13121 13241 13825 13902 13911 14416 14418 14428 14430 14440 14442 14452 14454 14466 14468 14476 14478 14488 14490
LI (53):  1190 1354 1530 1718 1918 2131 2355 3951 11941 11953 11965 11977 11982 11989 11991 12392 12498 12508 12510 12512 12520 12522 12524 12532 12534 12536 12546 12548 12614 12624 12625 12664 12668 13081 13083 13093 13095 13105 13107 13117 13119 13237 13239 13818 13821 13823 13827 13837 13849 13861 13875 13885 13897
NODE_NUM = 93
FILE sqrt_sub_141.aig

# Subcircuit 142
SUB_ID 142
LO (19):  12668 12677 12679 12722 12731 13306 13315 13849 13861 13875 13885 14445 14450 14456 14459 14463 15048 15050 15062
LI (28):  1530 1718 1918 2131 2355 12109 12392 12666 12676 12678 12686 12688 12692 12695 12705 12719 12940 13258 13263 13267 13301 13500 13847 14438 14441 14443 14447 14455
NODE_NUM = 99
FILE sqrt_sub_142.aig

# Subcircuit 143
SUB_ID 143
LO (27):  12691 12705 12719 12725 12727 12737 12739 12749 12751 12761 12763 12773 12775 12787 12825 13397 13981 14618 14627 14643 15185 15188 15197 15209 15221 15241 15799
LI (41):  198 215 253 308 12145 12159 12392 12690 12700 12702 12704 12714 12716 12718 12724 12726 12736 12738 12748 12750 12760 12762 12772 12774 12786 12820 12824 13393 13395 13977 13979 14570 14573 14575 14579 14589 14601 14613 14636 14656 15187
NODE_NUM = 80
FILE sqrt_sub_143.aig

# Subcircuit 144
SUB_ID 144
LO (41):  12824 12830 12833 12835 12839 12845 12847 12857 12859 12869 12871 12881 12883 12893 12895 12905 12907 12920 12924 13492 13497 13528 13602 13612 13613 14116 14118 14128 14130 14140 14142 14152 14154 14164 14166 14176 14178 14188 14190 14200 14202
LI (51):  37 549 8892 9356 9832 10320 10820 11332 11856 12265 12392 12818 12822 12828 12829 12832 12834 12844 12846 12856 12858 12868 12870 12880 12882 12892 12894 12904 12906 12913 12915 12919 12923 12926 12928 12932 12937 12940 13486 13488 13491 13513 13517 13519 13537 13549 13561 13573 13585 13597 13609
NODE_NUM = 100
FILE sqrt_sub_144.aig

# Subcircuit 145
SUB_ID 145
LO (31):  12919 12923 12932 12937 12943 12949 13501 13513 13517 13519 14109 14198 14208 14209 14712 14724 14726 14736 14738 14748 14750 14760 14762 14772 14774 14784 14786 14796 14798 14808 14810
LI (41):  35 36 37 8440 8892 9356 9832 10320 10820 11332 11856 12361 12365 12368 12371 12372 12378 12380 12384 12389 12392 12917 12921 12931 13500 13505 13510 13518 14072 14103 14104 14107 14111 14121 14133 14145 14157 14169 14181 14193 14205
NODE_NUM = 99
FILE sqrt_sub_145.aig

# Subcircuit 146
SUB_ID 146
LO (14):  13042 13051 13066 13075 13545 13547 13561 13573 13585 13597 13609 13621 13631 13645
LI (23):  7572 8000 8440 8892 9356 9832 10320 10820 11332 11856 12956 12959 12969 12977 12989 13001 13013 13025 13037 13052 13061 13500 13543
NODE_NUM = 99
FILE sqrt_sub_146.aig

# Subcircuit 147
SUB_ID 147
LO (32):  12959 12969 12977 12989 13001 13013 13025 13037 13061 13069 13071 13081 13083 13093 13095 13105 13107 13117 13119 13129 13131 13141 13143 13198 13207 13543 13741 13744 13753 13765 13777 14331
LI (62):  3655 3951 4259 4579 11856 12406 12420 12429 12441 12453 12465 12489 12940 12945 12955 12968 12972 12973 12976 12984 12986 12988 12996 12998 13000 13008 13010 13012 13020 13022 13024 13032 13034 13036 13056 13058 13060 13068 13070 13080 13082 13092 13094 13104 13106 13116 13118 13128 13130 13140 13142 13150 13152 13156 13159 13169 13170 13181 13193 13500 13739 13743
NODE_NUM = 95
FILE sqrt_sub_147.aig

# Subcircuit 148
SUB_ID 148
LO (14):  13155 13169 13181 13193 13217 13818 13827 14438 14447 15005 15008 15017 15029 15041
LI (33):  1918 2131 2355 2591 2839 12597 12609 12621 12940 13154 13164 13166 13168 13176 13178 13180 13188 13190 13192 13212 13216 13794 13797 13799 13803 13813 14072 14390 14399 14421 14433 14656 15007
NODE_NUM = 90
FILE sqrt_sub_148.aig

# Subcircuit 149
SUB_ID 149
LO (58):  13216 13229 13237 13239 13253 13263 13301 13309 13311 13321 13323 13333 13335 13345 13347 13357 13359 13369 13371 13381 13383 13393 13395 13409 13417 13419 13429 13431 13441 13443 13453 13455 13465 13467 13476 13478 13483 13500 13537 13633 13650 13659 13674 13683 13813 13837 13993 14065 14224 14226 14236 14238 14250 14260 14262 14274 14433 14589
LI (80):  6359 6751 7156 7572 12645 12657 12681 12729 12837 12928 12940 12954 13214 13224 13226 13228 13236 13238 13248 13250 13252 13262 13296 13298 13300 13308 13310 13320 13322 13332 13334 13344 13346 13356 13358 13368 13370 13380 13382 13392 13394 13404 13406 13408 13416 13418 13428 13430 13440 13442 13452 13454 13464 13466 13475 13477 13481 13486 13488 13497 13498 13532 13533 13626 13628 13632 13635 13645 13660 13669 13809 13811 13833 13835 13989 13991 14429 14431 14585 14587
NODE_NUM = 100
FILE sqrt_sub_149.aig

# Subcircuit 150
SUB_ID 150
LO (31):  13502 13549 14145 14753 14878 14888 14889 15368 15370 15380 15382 15392 15394 15404 15406 15416 15418 15428 15430 15440 15442 15452 15454 15464 15466 15476 15478 15488 15490 15500 15502
LI (33):  33 34 5611 5979 6359 6751 7156 7572 8000 8440 8892 9356 9832 12968 13545 13547 14141 14143 14746 14749 14751 14755 14765 14777 14789 14801 14813 14825 14837 14849 14861 14873 14885
NODE_NUM = 100
FILE sqrt_sub_150.aig

# Subcircuit 151
SUB_ID 151
LO (28):  13626 13635 14217 14330 14340 14341 14820 14822 14832 14834 14844 14846 14856 14858 14868 14870 14880 14882 14892 14894 14904 14906 14916 14918 14928 14930 14940 14942
LI (28):  4259 4579 4911 5255 5611 5979 6359 6751 7156 7572 8000 8440 13613 13621 13623 14072 14210 14219 14229 14241 14253 14265 14277 14289 14301 14313 14325 14337
NODE_NUM = 98
FILE sqrt_sub_151.aig

# Subcircuit 152
SUB_ID 152
LO (25):  13623 13628 13632 13734 13743 13794 13803 14272 14284 14286 14296 14298 14308 14310 14320 14322 14334 14344 14346 14356 14358 14368 14370 14380 14382
LI (29):  3099 3371 3655 3951 4259 4579 4911 5255 5611 5979 8440 13042 13049 13051 13602 13612 13631 13674 13681 13683 13693 13705 13717 13729 13744 13753 13765 13777 13789
NODE_NUM = 81
FILE sqrt_sub_152.aig

# Subcircuit 153
SUB_ID 153
LO (31):  13717 14313 14921 14998 15007 15058 15067 15536 15538 15548 15550 15560 15562 15572 15574 15584 15586 15596 15598 15608 15610 15622 15632 15634 15644 15646 15656 15658 15668 15670 15682
LI (32):  1530 1718 1918 2131 2355 2591 2839 3099 3371 3655 3951 4259 13500 13712 13716 14309 14311 14914 14917 14919 14923 14933 14945 14957 14969 14981 14993 15008 15017 15029 15041 15053
NODE_NUM = 100
FILE sqrt_sub_153.aig

# Subcircuit 154
SUB_ID 154
LO (30):  13716 13729 14325 14933 15553 15678 15687 16180 16182 16192 16194 16204 16206 16216 16218 16228 16230 16240 16242 16252 16254 16264 16266 16276 16278 16288 16290 16300 16302 16314
LI (34):  1354 1530 1718 1918 2131 2355 2591 2839 3099 3371 3655 13133 13500 13714 13724 13728 14321 14323 14929 14931 15546 15549 15551 15555 15565 15577 15589 15601 15613 15625 15637 15649 15661 15673
NODE_NUM = 99
FILE sqrt_sub_154.aig

# Subcircuit 155
SUB_ID 155
LO (31):  13728 13739 13789 14390 14399 14993 15613 16245 16346 16356 16357 16884 16886 16896 16898 16908 16910 16920 16922 16932 16934 16944 16946 16956 16958 16970 16972 16980 16982 16992 16994
LI (36):  770 898 1038 1190 1354 1530 1718 1918 2131 2839 13145 13500 13726 13738 13784 13788 14378 14381 14383 14387 14656 15609 15611 16238 16241 16243 16247 16257 16269 16281 16293 16305 16317 16331 16341 16353
NODE_NUM = 100
FILE sqrt_sub_155.aig

# Subcircuit 156
SUB_ID 156
LO (30):  13788 13797 13799 13809 13811 13821 13823 13833 13835 13847 13897 14510 14519 15118 15127 15721 15733 15762 15772 15773 16348 16350 16360 16362 16372 16374 16384 16386 16396 16398
LI (34):  457 549 653 770 898 1038 13205 13500 13786 13796 13798 13808 13810 13820 13822 13832 13834 13846 13892 13896 14486 14489 14491 14495 14505 14656 15094 15103 15252 15714 15723 15745 15757 15769
NODE_NUM = 100
FILE sqrt_sub_156.aig

# Subcircuit 157
SUB_ID 157
LO (50):  13896 13905 13907 13917 13919 13929 13931 13941 13943 13953 13955 13965 13967 13977 13979 13989 13991 14017 14025 14027 14034 14037 14039 14043 14048 14050 14055 14082 14084 14121 14613 14729 15349 15414 15424 15425 15976 15978 15988 15990 16000 16002 16012 16014 16024 16026 16036 16038 16048 16050
LI (63):  34 198 8000 8440 8892 9356 9832 10320 13313 13433 13486 13488 13500 13894 13904 13906 13916 13918 13928 13930 13940 13942 13952 13954 13964 13966 13976 13978 13988 13990 14012 14014 14016 14022 14024 14026 14032 14033 14036 14038 14047 14049 14053 14072 14073 14079 14083 14116 14120 14609 14611 14725 14727 15342 15345 15347 15351 15361 15373 15385 15397 15409 15421
NODE_NUM = 98
FILE sqrt_sub_157.aig

# Subcircuit 158
SUB_ID 158
LO (29):  14120 14133 14746 14755 15361 15993 16094 16104 16105 16632 16634 16644 16646 16656 16658 16668 16670 16680 16682 16692 16694 16704 16706 16716 16718 16728 16730 16740 16742
LI (33):  5979 6359 6751 7156 7572 8000 8440 8892 9356 10320 13528 14072 14118 14128 14132 14734 14737 14739 14743 15252 15986 15989 15991 15995 16005 16017 16029 16041 16053 16065 16077 16089 16101
NODE_NUM = 97
FILE sqrt_sub_158.aig

# Subcircuit 159
SUB_ID 159
LO (33):  14132 14141 14143 14157 14765 15385 16017 16661 16774 16784 16785 17312 17314 17324 17326 17336 17338 17348 17350 17360 17362 17372 17374 17384 17386 17396 17398 17408 17410 17420 17422 17432 17434
LI (37):  4579 4911 5255 5611 5979 6359 6751 7156 7572 8000 13537 14072 14130 14140 14142 14152 14156 14761 14763 15381 15383 16013 16015 16654 16657 16659 16663 16673 16685 16697 16709 16721 16733 16745 16757 16769 16781
NODE_NUM = 99
FILE sqrt_sub_159.aig

# Subcircuit 160
SUB_ID 160
LO (32):  14156 14169 14777 15397 16029 16673 17329 17442 17452 17453 17992 17994 18004 18006 18016 18018 18028 18030 18040 18042 18052 18054 18064 18066 18076 18078 18088 18090 18100 18102 18112 18114
LI (37):  3951 4259 4579 4911 5255 5611 5979 6359 6751 7156 13561 14072 14154 14164 14168 14773 14775 15393 15395 16025 16027 16669 16671 17322 17325 17327 17331 17341 17353 17365 17377 17389 17401 17413 17425 17437 17449
NODE_NUM = 99
FILE sqrt_sub_160.aig

# Subcircuit 161
SUB_ID 161
LO (31):  14168 14181 14789 15409 16041 16685 17341 18009 18122 18131 18684 18686 18696 18698 18708 18710 18720 18722 18732 18734 18744 18746 18756 18758 18768 18770 18780 18782 18792 18794 18806
LI (38):  3371 3655 3951 4259 4579 4911 5255 5611 5979 6359 13573 14072 14166 14176 14180 14785 14787 15405 15407 16037 16039 16681 16683 17337 17339 18002 18005 18007 18011 18021 18033 18045 18057 18069 18081 18093 18105 18117
NODE_NUM = 97
FILE sqrt_sub_161.aig

# Subcircuit 162
SUB_ID 162
LO (32):  14180 14193 14801 15421 16053 16697 17353 18021 18701 18814 18823 19388 19390 19400 19402 19412 19414 19424 19426 19436 19438 19448 19450 19460 19462 19472 19474 19484 19486 19496 19498 19510
LI (40):  2839 3099 3371 3655 3951 4259 4579 4911 5255 5611 13585 14072 14178 14188 14192 14797 14799 15417 15419 16049 16051 16693 16695 17349 17351 18017 18019 18694 18697 18699 18703 18713 18725 18737 18749 18761 18773 18785 18797 18809
NODE_NUM = 99
FILE sqrt_sub_162.aig

# Subcircuit 163
SUB_ID 163
LO (26):  14192 14205 14813 15433 15546 15555 16060 16062 16072 16074 16084 16086 16096 16098 16108 16110 16120 16122 16132 16134 16144 16146 16156 16158 16168 16170
LI (30):  3951 4259 4579 4911 5255 5611 5979 6359 6751 7156 13597 14072 14190 14200 14204 14809 14811 15426 15429 15431 15435 15445 15457 15469 15481 15493 15505 15517 15529 15541
NODE_NUM = 88
FILE sqrt_sub_163.aig

# Subcircuit 164
SUB_ID 164
LO (35):  14204 14210 14219 14229 14837 15457 16089 16733 17389 18057 18737 19429 19530 19540 19541 20128 20130 20140 20142 20152 20154 20164 20166 20176 20178 20188 20190 20200 20202 20212 20214 20224 20226 20236 20238
LI (45):  2131 2355 2591 2839 3099 3371 3655 3951 4259 8000 13609 14072 14198 14202 14208 14209 14224 14228 14833 14835 15453 15455 16085 16087 16729 16731 17385 17387 18053 18055 18733 18735 19422 19425 19427 19431 19441 19453 19465 19477 19489 19501 19513 19525 19537
NODE_NUM = 100
FILE sqrt_sub_164.aig

# Subcircuit 165
SUB_ID 165
LO (34):  14228 14241 14849 15469 16101 16745 17401 18069 18749 19441 20145 20246 20256 20257 20856 20858 20868 20870 20880 20882 20892 20894 20904 20906 20916 20918 20928 20930 20940 20942 20952 20954 20964 20966
LI (43):  1718 1918 2131 2355 2591 2839 3099 3371 3655 13633 14072 14226 14236 14240 14845 14847 15465 15467 16097 16099 16741 16743 17397 17399 18065 18067 18745 18747 19437 19439 20138 20141 20143 20147 20157 20169 20181 20193 20205 20217 20229 20241 20253
NODE_NUM = 99
FILE sqrt_sub_165.aig

# Subcircuit 166
SUB_ID 166
LO (29):  14240 14253 14861 15481 16113 16238 16247 16752 16754 16764 16766 16776 16778 16788 16790 16800 16802 16812 16814 16824 16826 16836 16838 16848 16850 16860 16862 16872 16874
LI (36):  2355 2591 2839 3099 3371 3655 3951 4259 4579 4911 5255 13645 13650 13657 13659 14072 14238 14252 14857 14859 15477 15479 16106 16109 16111 16115 16125 16137 16149 16161 16173 16185 16197 16209 16221 16233
NODE_NUM = 100
FILE sqrt_sub_166.aig

# Subcircuit 167
SUB_ID 167
LO (33):  14252 14265 14873 15493 16125 16769 17425 18093 18773 19465 20169 20885 20986 20995 21601 21603 21613 21615 21625 21627 21637 21639 21649 21651 21661 21663 21673 21675 21685 21687 21697 21699 21711
LI (44):  1190 1354 1530 1718 1918 2131 2355 2591 2839 13657 14072 14250 14260 14264 14869 14871 15489 15491 16121 16123 16765 16767 17421 17423 18089 18091 18769 18771 19461 19463 20165 20167 20878 20881 20883 20887 20897 20909 20921 20933 20945 20957 20969 20981
NODE_NUM = 97
FILE sqrt_sub_167.aig

# Subcircuit 168
SUB_ID 168
LO (34):  14264 14277 14885 15505 16137 16781 17437 18105 18785 19477 20181 20897 21618 21719 21728 22345 22347 22357 22359 22369 22371 22381 22383 22393 22395 22405 22407 22417 22419 22429 22431 22441 22443 22455
LI (46):  898 1038 1190 1354 1530 1718 1918 2131 2355 13669 14072 14262 14272 14276 14881 14883 15501 15503 16133 16135 16777 16779 17433 17435 18101 18103 18781 18783 19473 19475 20177 20179 20893 20895 21611 21614 21616 21620 21630 21642 21654 21666 21678 21690 21702 21714
NODE_NUM = 99
FILE sqrt_sub_168.aig

# Subcircuit 169
SUB_ID 169
LO (29):  14276 14289 14914 14923 15517 15529 16149 16161 16793 16805 16870 16880 16881 17444 17446 17456 17458 17468 17470 17480 17482 17492 17494 17504 17506 17516 17518 17528 17530
LI (36):  2355 2591 2839 3099 3371 3655 3951 4579 4911 13681 14072 14274 14284 14288 14890 14893 14895 14899 14909 15252 16145 16147 16157 16159 16786 16789 16791 16795 16801 16803 16817 16829 16841 16853 16865 16877
NODE_NUM = 99
FILE sqrt_sub_169.aig

# Subcircuit 170
SUB_ID 170
LO (34):  14288 14301 14309 14311 14321 14323 14337 14909 14945 15565 16197 16841 17497 17598 17607 18160 18162 18172 18174 18184 18186 18196 18198 18208 18210 18220 18222 18232 18234 18244 18246 18256 18258 18270
LI (45):  1038 1190 1354 1530 1718 1918 2131 2355 2591 13693 13705 13734 14072 14286 14296 14298 14300 14308 14310 14320 14322 14331 14336 14905 14907 14941 14943 15561 15563 16193 16195 16837 16839 17490 17493 17495 17499 17509 17521 17533 17545 17557 17569 17581 17593
NODE_NUM = 98
FILE sqrt_sub_170.aig

# Subcircuit 171
SUB_ID 171
LO (32):  14336 14378 14387 14957 14969 14981 15577 15589 15601 16209 16221 16233 16853 16865 16877 17509 17521 17533 18177 18189 18201 18206 18216 18217 18852 18854 18864 18866 18876 18878 18888 18890
LI (49):  1718 1918 2131 3099 3371 3655 3951 13741 14072 14334 14341 14349 14351 14361 14373 14656 15573 15575 15585 15587 15597 15599 16205 16207 16217 16219 16229 16231 16849 16851 16861 16863 16873 16875 17505 17507 17517 17519 17529 17531 18170 18173 18175 18179 18185 18187 18197 18199 18213
NODE_NUM = 98
FILE sqrt_sub_171.aig

# Subcircuit 172
SUB_ID 172
LO (20):  14349 14351 14361 14373 14381 14383 14421 14429 14431 14441 14443 14486 14495 15094 15103 15685 15688 15699 15709 16311
LI (44):  1038 1190 1354 1530 3951 13753 13765 13777 13825 14072 14330 14340 14344 14346 14348 14356 14358 14360 14368 14370 14372 14380 14382 14416 14418 14420 14428 14430 14440 14442 14450 14452 14456 14459 14463 14471 14481 14656 15058 15063 15067 15252 15683 15687
NODE_NUM = 95
FILE sqrt_sub_172.aig

# Subcircuit 173
SUB_ID 173
LO (31):  14455 14471 14481 14489 14491 14505 14513 14515 14525 14527 14537 14539 14549 14551 14570 14579 15173 15846 15848 15860 15861 15864 15871 16425 16437 16449 16456 16459 16460 16464 16472
LI (46):  27 193 198 215 253 377 457 13875 13885 13909 14072 14454 14466 14468 14470 14476 14478 14480 14488 14490 14500 14502 14504 14512 14514 14524 14526 14536 14538 14548 14550 14557 14565 14567 14656 15786 15789 15791 15795 15805 15817 15829 15840 15844 15858 15863
NODE_NUM = 100
FILE sqrt_sub_173.aig

# Subcircuit 174
SUB_ID 174
LO (30):  14565 14567 14573 14575 14585 14587 14601 14609 14611 14621 14623 14659 15266 15280 15342 15351 15892 15893 15904 15906 15916 15918 15928 15930 15940 15942 15952 15954 15964 15966
LI (39):  29 30 31 457 10820 11332 11856 12392 12940 13500 13969 14005 14072 14546 14556 14560 14562 14564 14572 14574 14584 14586 14596 14598 14600 14608 14610 14620 14622 14656 15252 15255 15261 15275 15289 15301 15313 15325 15337
NODE_NUM = 88
FILE sqrt_sub_174.aig

# Subcircuit 175
SUB_ID 175
LO (23):  14693 15313 15986 15995 16589 16601 16613 16625 16642 16652 16653 17240 17242 17252 17254 17264 17266 17276 17278 17288 17290 17300 17302
LI (23):  8892 9356 9832 10320 10820 11332 14656 14689 14692 15309 15311 15938 15941 15943 15947 15957 15969 15981 16480 16582 16591 16637 16649
NODE_NUM = 99
FILE sqrt_sub_175.aig

# Subcircuit 176
SUB_ID 176
LO (40):  14692 14705 14717 14725 14727 14734 14737 14739 14743 14749 14751 14761 14763 14773 14775 14785 14787 14797 14799 14809 14811 14825 15325 15337 15445 15957 15969 16077 16721 17377 18045 18725 19422 19431 20138 20147 20837 20840 20849 21552
LI (66):  3951 4259 4579 10820 14086 14100 14109 14656 14688 14700 14702 14704 14712 14714 14716 14722 14724 14726 14732 14733 14736 14738 14748 14750 14760 14762 14772 14774 14784 14786 14796 14798 14808 14810 14820 14824 15321 15323 15333 15335 15441 15443 15953 15955 15965 15967 16073 16075 16717 16719 17373 17375 18041 18043 18721 18723 19410 19413 19415 19419 19760 20114 20123 20133 20452 20839
NODE_NUM = 91
FILE sqrt_sub_176.aig

# Subcircuit 177
SUB_ID 177
LO (46):  14824 14833 14835 14845 14847 14857 14859 14869 14871 14881 14883 14890 14893 14895 14899 14905 14907 14917 14919 14929 14931 14941 14943 15053 15673 16305 16949 17038 17047 17600 17602 17612 17614 17626 17628 17636 17638 17648 17650 17660 17662 17672 17674 17684 17686 17698
LI (52):  308 377 457 549 653 770 898 1038 5255 14217 14656 14822 14832 14834 14844 14846 14856 14858 14868 14870 14878 14880 14882 14888 14889 14892 14894 14904 14906 14916 14918 14928 14930 14940 14942 15048 15052 15669 15671 16301 16303 16942 16945 16947 16951 16961 16975 16985 16997 17009 17021 17033
NODE_NUM = 98
FILE sqrt_sub_177.aig

# Subcircuit 178
SUB_ID 178
LO (27):  15052 15063 15149 15250 15273 15769 15863 15867 16466 16468 16480 16485 16493 16494 16495 16496 17045 17057 17069 17081 17088 17091 17092 17096 17104 17144 17145
LI (32):  25 26 27 193 198 215 253 308 14445 14656 15050 15062 15144 15148 15244 15249 15765 15767 15860 16394 16397 16399 16403 16413 16425 16437 16449 16460 16464 16478 16483 16489
NODE_NUM = 99
FILE sqrt_sub_178.aig

# Subcircuit 179
SUB_ID 179
LO (34):  15148 15161 15238 15240 15252 15275 15289 15301 15309 15311 15321 15323 15333 15335 15345 15347 15373 15381 15383 15393 15395 15405 15407 15417 15786 15795 15817 15829 15836 15839 15840 15844 15852 16413
LI (50):  193 198 215 253 308 14541 14553 14656 14670 14684 14753 15146 15156 15158 15160 15178 15188 15197 15209 15221 15232 15236 15250 15273 15284 15285 15296 15298 15308 15310 15320 15322 15332 15334 15344 15346 15368 15370 15380 15382 15392 15394 15404 15406 15416 15774 15777 15779 15783 15860
NODE_NUM = 100
FILE sqrt_sub_179.aig

# Subcircuit 180
SUB_ID 180
LO (28):  15236 15244 15858 15888 15938 15947 16477 16478 16489 16508 16522 16524 16526 16531 16536 16538 16542 16548 16550 16560 16562 16572 16574 17156 17158 17168 17170 17182
LI (39):  27 29 193 11856 12392 12940 13500 14072 14629 14636 14644 14656 15232 15238 15240 15242 15252 15836 15839 15846 15848 15852 15854 15860 15873 15877 15879 15897 15909 15921 15933 16466 16468 16472 16483 16493 16497 16499 16517
NODE_NUM = 96
FILE sqrt_sub_180.aig

# Subcircuit 181
SUB_ID 181
LO (31):  15242 15249 15255 15261 15854 15873 15877 15879 16517 17173 17262 17272 17273 17836 17838 17848 17850 17860 17862 17872 17874 17884 17886 17896 17898 17908 17910 17920 17922 17932 17934
LI (39):  27 28 29 9832 10320 10820 11332 11856 12392 12940 13500 14629 14632 14635 14642 14644 14648 14653 14656 15228 15231 15241 15860 15865 15870 15872 16480 17166 17169 17171 17175 17185 17197 17209 17221 17233 17245 17257 17269
NODE_NUM = 98
FILE sqrt_sub_181.aig

# Subcircuit 182
SUB_ID 182
LO (29):  15419 15426 15429 15431 15435 15441 15443 15453 15455 15465 15467 15477 15479 15489 15491 15501 15503 15541 16173 16817 17490 17499 18170 18179 18821 18824 18833 18845 19507
LI (41):  2355 2591 2839 3099 7572 15252 15414 15418 15424 15425 15428 15430 15440 15442 15452 15454 15464 15466 15476 15478 15488 15490 15500 15502 15536 15540 16169 16171 16813 16815 17466 17469 17471 17475 17485 17756 18134 18143 18165 18412 18823
NODE_NUM = 88
FILE sqrt_sub_182.aig

# Subcircuit 183
SUB_ID 183
LO (33):  15540 15549 15551 15561 15563 15573 15575 15585 15587 15597 15599 15609 15611 15625 16257 16942 16951 17557 17569 17581 17593 18225 18237 18242 18249 18252 18253 18900 18902 18912 18914 18924 18926
LI (41):  1190 1354 1530 1718 14921 14998 15005 15007 15252 15538 15548 15550 15560 15562 15572 15574 15584 15586 15596 15598 15608 15610 15624 16253 16255 16894 16897 16899 16903 16913 16925 16937 17112 18218 18221 18223 18227 18233 18235 18245 18247
NODE_NUM = 97
FILE sqrt_sub_183.aig

# Subcircuit 184
SUB_ID 184
LO (32):  15624 15637 15649 15661 15669 15671 15683 15714 15723 16269 16281 16293 16331 16341 16913 16925 16937 16975 16985 17631 17641 17670 17679 18294 18296 18304 18306 18316 18318 18328 18330 18342
LI (54):  377 457 549 653 898 1038 1190 15005 15017 15029 15041 15252 15622 15632 15634 15636 15644 15646 15648 15656 15658 15660 15668 15670 15678 15682 15688 15699 15709 15860 16265 16267 16277 16279 16289 16291 16909 16911 16921 16923 16933 16935 16971 16973 16981 16983 17622 17624 17627 17629 17637 17639 17653 17665
NODE_NUM = 98
FILE sqrt_sub_184.aig

# Subcircuit 185
SUB_ID 185
LO (18):  15745 16394 16403 17021 17033 17677 17742 17744 17756 18341 18357 18369 18381 18388 18391 18392 18396 18404
LI (28):  193 198 215 253 308 377 457 15252 15740 15744 16370 16373 16375 16379 16389 16480 17670 17673 17675 17679 17685 17687 17701 17713 17725 17736 17740 17754
NODE_NUM = 99
FILE sqrt_sub_185.aig

# Subcircuit 186
SUB_ID 186
LO (31):  15744 15757 15765 15767 15774 15777 15779 15783 15789 15791 15805 15865 15870 15872 15897 16389 16582 16591 17197 17209 17221 17233 17865 17877 17882 17891 18540 18542 18552 18554 18566
LI (52):  28 377 11332 11856 12392 12940 15125 15137 15178 15185 15238 15240 15252 15742 15752 15754 15756 15762 15764 15766 15772 15773 15776 15778 15788 15790 15799 15802 15804 15860 15861 15864 15867 15871 15893 15896 16385 16387 16534 16537 16539 16543 16553 16565 16577 17112 17858 17861 17863 17867 17873 17875
NODE_NUM = 100
FILE sqrt_sub_186.aig

# Subcircuit 187
SUB_ID 187
LO (27):  15896 15909 15921 15933 15941 15943 15953 15955 15965 15967 15981 15989 15991 16005 16553 16565 16577 16649 17322 17331 18002 18011 18653 18656 18665 18677 19339
LI (52):  6751 7156 7572 8000 15266 15280 15289 15301 15349 15860 15892 15904 15906 15908 15916 15918 15920 15928 15930 15932 15940 15942 15952 15954 15964 15966 15976 15978 15980 15988 15990 16000 16004 16549 16551 16561 16563 16573 16575 16645 16647 17298 17301 17303 17307 17317 17756 17966 17975 17997 18412 18655
NODE_NUM = 100
FILE sqrt_sub_187.aig

# Subcircuit 188
SUB_ID 188
LO (27):  16004 16013 16015 16025 16027 16037 16039 16049 16051 16065 16709 17365 18033 18713 19410 19419 20114 20123 20830 20839 20878 20887 21546 21556 21570 21582 21594
LI (43):  3099 3371 3655 3951 4259 4579 4911 15373 15860 16002 16012 16014 16024 16026 16036 16038 16048 16050 16060 16064 16705 16707 17361 17363 18029 18031 18709 18711 19398 19401 19403 19407 19760 20102 20111 20452 20818 20827 20840 20849 20861 20873 21150
NODE_NUM = 100
FILE sqrt_sub_188.aig

# Subcircuit 189
SUB_ID 189
LO (60):  16064 16073 16075 16085 16087 16097 16099 16106 16109 16111 16115 16121 16123 16133 16135 16145 16147 16157 16159 16169 16171 16185 16193 16195 16205 16207 16217 16219 16229 16231 16241 16243 16253 16255 16265 16267 16277 16279 16289 16291 16301 16303 16317 16829 16961 17485 17622 17624 18285 18314 18324 18325 18960 18962 18974 18976 18984 18986 18996 18998
LI (72):  457 549 653 770 5611 15433 15553 15678 15860 16062 16072 16074 16084 16086 16094 16096 16098 16104 16105 16108 16110 16120 16122 16132 16134 16144 16146 16156 16158 16168 16170 16180 16182 16184 16192 16194 16204 16206 16216 16218 16228 16230 16240 16242 16252 16254 16264 16266 16276 16278 16288 16290 16300 16302 16311 16316 16825 16827 16957 16959 17481 17483 17610 17613 17615 17619 17756 18278 18287 18299 18309 18321
NODE_NUM = 99
FILE sqrt_sub_189.aig

# Subcircuit 190
SUB_ID 190
LO (28):  16316 16353 16997 17653 18321 18413 18415 18416 18423 19066 19068 19080 19085 19093 19094 19095 19096 19693 19705 19717 19729 19736 19739 19740 19744 19752 19792 19793
LI (33):  17 18 19 193 198 215 253 308 15685 15860 16314 16348 16352 16993 16995 17649 17651 18317 18319 18412 18994 18997 18999 19003 19013 19025 19037 19049 19060 19064 19078 19083 19089
NODE_NUM = 100
FILE sqrt_sub_190.aig

# Subcircuit 191
SUB_ID 191
LO (23):  16352 16370 16379 17009 17665 18398 18400 18412 18425 18426 18427 18428 19013 19025 19037 19049 19056 19059 19060 19064 19072 19112 19113
LI (31):  193 198 215 253 308 549 653 15721 15860 16350 16357 16365 16367 16480 17661 17663 17758 18326 18329 18331 18335 18345 18357 18369 18381 18392 18396 18410 18417 18422 18424
NODE_NUM = 96
FILE sqrt_sub_191.aig

# Subcircuit 192
SUB_ID 192
LO (16):  16365 16367 16373 16375 16385 16387 16397 16399 16483 17166 17175 17793 17796 17805 17817 17829
LI (29):  23 24 25 653 14072 14656 15252 15733 15860 16346 16356 16360 16362 16364 16372 16374 16384 16386 16396 16398 16480 17112 17115 17121 17135 17149 17161 17756 17795
NODE_NUM = 75
FILE sqrt_sub_192.aig

# Subcircuit 193
SUB_ID 193
LO (29):  16497 16499 16534 16543 17185 17858 17867 18533 18622 18632 18633 19220 19222 19232 19234 19244 19246 19256 19258 19268 19270 19280 19282 19292 19294 19304 19306 19316 19318
LI (37):  8440 8892 9356 9832 10320 10820 11332 11856 12392 13500 15252 16480 16485 16495 16496 16522 16524 16528 16531 16542 17112 17183 17846 17849 17851 17855 18412 18526 18535 18545 18557 18569 18581 18593 18605 18617 18629
NODE_NUM = 97
FILE sqrt_sub_193.aig

# Subcircuit 194
SUB_ID 194
LO (24):  16528 16537 16539 16549 16551 16561 16563 16573 16575 16637 17298 17307 17966 17975 18646 18655 18694 18703 19333 19336 19343 19357 19369 19381
LI (36):  5979 6359 6751 7156 7572 8000 8440 15888 16480 16526 16536 16538 16548 16550 16560 16562 16572 16574 16632 16636 17286 17289 17291 17295 17756 17954 17963 18412 18634 18643 18656 18665 18677 18689 19080 19335
NODE_NUM = 93
FILE sqrt_sub_194.aig

# Subcircuit 195
SUB_ID 195
LO (64):  16636 16645 16647 16654 16657 16659 16663 16669 16671 16681 16683 16693 16695 16705 16707 16717 16719 16729 16731 16741 16743 16757 16765 16767 16777 16779 16786 16789 16791 16795 16801 16803 16813 16815 16825 16827 16837 16839 16849 16851 16861 16863 16873 16875 16894 16903 17413 17545 18081 18213 18761 18893 18910 18920 18921 19453 19580 19582 19592 19594 19604 19606 20157 20873
LI (81):  1190 1354 1918 2131 4259 8440 15993 16113 16480 16634 16642 16644 16646 16652 16653 16656 16658 16668 16670 16680 16682 16692 16694 16704 16706 16716 16718 16728 16730 16740 16742 16752 16754 16756 16764 16766 16774 16776 16778 16784 16785 16788 16790 16800 16802 16812 16814 16824 16826 16836 16838 16848 16850 16860 16862 16872 16874 16881 16889 16891 17112 17409 17411 18077 18079 18209 18211 18757 18759 18886 18889 18891 18895 18905 18917 19449 19451 20153 20155 20869 20871
NODE_NUM = 100
FILE sqrt_sub_195.aig

# Subcircuit 196
SUB_ID 196
LO (39):  16889 16891 16897 16899 16909 16911 16921 16923 16933 16935 16945 16947 16957 16959 16971 16973 16981 16983 16993 16995 17098 17100 17112 17135 17149 17161 17169 17171 17183 17245 17257 17697 17713 17725 17732 17735 17736 17740 17748
LI (55):  193 198 215 253 2131 16245 16480 16494 16508 16589 16601 16870 16880 16884 16886 16888 16896 16898 16908 16910 16920 16922 16932 16934 16944 16946 16956 16958 16970 16972 16980 16982 16992 16994 17038 17045 17047 17057 17069 17081 17092 17096 17110 17133 17144 17145 17156 17158 17168 17170 17182 17240 17242 17252 17254
NODE_NUM = 100
FILE sqrt_sub_196.aig

# Subcircuit 197
SUB_ID 197
LO (26):  17110 17133 17754 17784 17787 17795 17846 17855 18409 18410 18422 18435 18436 18444 18445 18456 18458 18470 18480 18482 18492 18494 18504 18506 18516 18518
LI (41):  23 12940 13500 14072 14656 15252 15860 16456 16459 16466 16468 16472 16477 16480 17088 17091 17098 17100 17104 17112 17732 17735 17742 17744 17748 17756 17757 17759 17769 17770 17796 17805 17817 17829 17841 18398 18400 18404 18413 18415 18425
NODE_NUM = 98
FILE sqrt_sub_197.aig

# Subcircuit 198
SUB_ID 198
LO (15):  17115 17121 17757 17769 17770 18526 18535 19141 19144 19153 19165 19177 19189 19201 19213
LI (27):  21 22 23 12392 12940 13500 14072 14656 15252 15860 16466 16468 16472 16477 17756 18443 18446 18447 18451 18461 18473 18485 18497 18509 18521 19080 19143
NODE_NUM = 98
FILE sqrt_sub_198.aig

# Subcircuit 199
SUB_ID 199
LO (26):  17269 17954 17963 18617 18629 19309 19321 19326 19335 19398 19407 20008 20010 20020 20022 20034 20044 20046 20056 20058 20068 20070 20080 20082 20092 20094
LI (31):  5255 5611 5979 6359 6751 7156 7572 8000 8440 8892 17112 17264 17268 17930 17933 17935 17939 17949 18412 19302 19305 19307 19311 19317 19319 19336 19345 19357 19369 19381 19393
NODE_NUM = 93
FILE sqrt_sub_199.aig

# Subcircuit 200
SUB_ID 200
LO (48):  17268 17286 17289 17291 17295 17301 17303 17317 17325 17327 17337 17339 17349 17351 17361 17363 17373 17375 17385 17387 17397 17399 17409 17411 17421 17423 17433 17435 17449 17949 18117 18797 19489 20193 20909 21630 22362 22403 22412 23102 23104 23114 23116 23126 23128 23138 23140 23152
LI (68):  1354 1530 1718 1918 8892 9356 16613 16625 16661 17112 17262 17266 17272 17273 17276 17278 17280 17281 17283 17288 17290 17300 17302 17312 17314 17316 17324 17326 17336 17338 17348 17350 17360 17362 17372 17374 17384 17386 17396 17398 17408 17410 17420 17422 17432 17434 17444 17448 17756 18113 18115 18793 18795 19485 19487 20189 20191 20905 20907 21626 21628 22355 22358 22360 22364 22374 22386 22398
NODE_NUM = 98
FILE sqrt_sub_200.aig

# Subcircuit 201
SUB_ID 201
LO (31):  17448 17466 17475 18134 18143 18809 19501 20205 20921 21642 22374 23119 23196 23206 23207 23869 23871 23881 23883 23893 23895 23905 23907 23917 23919 23929 23931 23941 23943 23953 23955
LI (42):  653 770 898 1038 1190 1354 1530 3099 3371 3655 16793 17112 17446 17453 17461 17463 17756 18122 18131 18412 18807 19497 19499 20201 20203 20917 20919 21638 21640 22370 22372 23112 23115 23117 23121 23131 23143 23155 23167 23179 23191 23203
NODE_NUM = 98
FILE sqrt_sub_201.aig

# Subcircuit 202
SUB_ID 202
LO (25):  17461 17463 17469 17471 17481 17483 17493 17495 17505 17507 17517 17519 17529 17531 17610 17619 18278 18287 18994 19003 19645 19648 19657 19671 19681
LI (42):  377 457 549 653 770 898 3655 16805 17112 17442 17452 17456 17458 17460 17468 17470 17480 17482 17492 17494 17504 17506 17516 17518 17528 17530 17598 17600 17604 17607 17756 18266 18271 18275 18412 18946 18955 18965 18979 18989 19080 19647
NODE_NUM = 91
FILE sqrt_sub_202.aig

# Subcircuit 203
SUB_ID 203
LO (40):  17604 17613 17615 17627 17629 17637 17639 17649 17651 17661 17663 17673 17675 17685 17687 17701 17758 17759 17841 17849 17851 17861 17863 17873 17875 17930 17939 18521 18569 18581 18593 18605 19261 19266 19272 19275 19286 19960 19962 19974
LI (54):  19 20 21 9356 9832 10320 10820 16949 17045 17112 17173 17602 17612 17614 17626 17628 17636 17638 17648 17650 17660 17662 17672 17674 17684 17686 17697 17698 17756 17836 17838 17840 17848 17850 17860 17862 17872 17874 17882 17884 17888 17891 17901 17913 17925 18412 18517 18519 18567 19254 19257 19259 19263 19271
NODE_NUM = 94
FILE sqrt_sub_203.aig

# Subcircuit 204
SUB_ID 204
LO (57):  17888 17901 17913 17925 17933 17935 17997 18005 18007 18017 18019 18029 18031 18041 18043 18053 18055 18065 18067 18077 18079 18089 18091 18101 18103 18113 18115 18165 18173 18175 18185 18187 18197 18199 18209 18211 18218 18221 18223 18227 18233 18235 18245 18247 18266 18275 18946 18955 19633 19638 19647 19650 19659 20332 20334 20346 20358
LI (78):  549 653 770 898 1038 1530 17221 17233 17245 17257 17329 17497 17756 17886 17896 17898 17900 17908 17910 17912 17920 17922 17924 17932 17934 17992 17994 17996 18004 18006 18016 18018 18028 18030 18040 18042 18052 18054 18064 18066 18076 18078 18088 18090 18100 18102 18112 18114 18160 18162 18164 18172 18174 18184 18186 18196 18198 18206 18208 18210 18216 18217 18220 18222 18232 18234 18244 18246 18253 18261 18263 18412 18934 18943 19080 19626 19635 19648
NODE_NUM = 100
FILE sqrt_sub_204.aig

# Subcircuit 205
SUB_ID 205
LO (36):  18261 18263 18271 18299 18309 18317 18319 18326 18329 18331 18335 18345 18417 18443 18451 18979 18989 19129 19134 19143 19206 19215 19828 19830 19842 19852 19854 19864 19866 19876 19878 19888 19890 19900 19902 19914
LI (54):  377 1038 12392 12940 13500 14072 14656 15252 15860 16480 17112 17593 17631 17641 17677 17756 18242 18252 18256 18258 18260 18270 18294 18296 18298 18304 18306 18308 18314 18316 18318 18324 18325 18328 18330 18341 18342 18416 18427 18429 18440 18975 18977 18985 18987 19080 19122 19131 19144 19153 19165 19177 19189 19201
NODE_NUM = 98
FILE sqrt_sub_205.aig

# Subcircuit 206
SUB_ID 206
LO (30):  18424 18429 18440 18446 18447 18461 18473 18485 18497 18509 18517 18519 18545 19254 19263 19941 19953 19982 19992 19993 20652 20654 20664 20666 20676 20678 20688 20690 20700 20702
LI (53):  20 21 8892 9356 9832 10320 10820 17112 17784 17787 17793 17795 17805 17817 17829 18412 18423 18425 18428 18435 18436 18439 18444 18445 18456 18458 18460 18470 18472 18480 18482 18484 18492 18494 18496 18504 18506 18508 18516 18518 18540 18544 19230 19233 19235 19239 19249 19760 19934 19943 19965 19977 19989
NODE_NUM = 97
FILE sqrt_sub_206.aig

# Subcircuit 207
SUB_ID 207
LO (34):  18544 18557 18567 18634 18643 18689 18697 18699 18709 18711 18721 18723 18733 18735 18745 18747 18757 18759 18769 18771 18781 18783 18793 18795 18807 18886 18895 19249 19525 19537 19549 19552 19561 19573
LI (52):  1530 1718 1918 2131 2355 2591 8000 17865 17877 18009 18412 18542 18552 18554 18556 18566 18622 18632 18633 18684 18686 18688 18696 18698 18708 18710 18720 18722 18732 18734 18744 18746 18756 18758 18768 18770 18780 18782 18792 18794 18806 18814 18824 18833 18845 18857 18869 18881 19080 19245 19247 19551
NODE_NUM = 100
FILE sqrt_sub_207.aig

# Subcircuit 208
SUB_ID 208
LO (26):  18857 18869 18881 18889 18891 18905 19626 19635 20301 20313 20325 20354 20364 20365 21012 21014 21024 21026 21036 21038 21048 21050 21060 21062 21072 21074
LI (35):  457 549 653 770 898 1038 18177 18189 18201 18412 18852 18854 18856 18864 18866 18868 18876 18878 18880 18888 18890 18900 18904 19590 19593 19595 19599 19609 19621 19760 20294 20303 20337 20349 20361
NODE_NUM = 99
FILE sqrt_sub_208.aig

# Subcircuit 209
SUB_ID 209
LO (26):  18904 18917 18934 18943 18965 18975 18977 18985 18987 18997 18999 19078 19122 19131 19609 19621 19757 19760 19765 19770 19771 19778 19783 19809 19821 20484
LI (54):  15 19 898 1038 16480 17112 18225 18237 18249 18285 18388 18391 18398 18400 18404 18409 18412 18902 18910 18912 18914 18916 18920 18921 18924 18926 18928 18929 18931 18960 18962 18964 18974 18976 18984 18986 18996 18998 19056 19059 19066 19068 19072 19080 19093 19097 19099 19117 19605 19607 19746 19748 19752 19763
NODE_NUM = 99
FILE sqrt_sub_209.aig

# Subcircuit 210
SUB_ID 210
LO (27):  19083 19089 19774 19788 19898 19907 20496 20498 20508 20510 20520 20522 20532 20534 20544 20546 20556 20558 20568 20570 20580 20582 20592 20594 20604 20606 20618
LI (33):  15 16 17 12392 12940 13500 14072 14656 15252 15860 16480 17112 17756 18398 18400 18404 18409 18412 19760 19765 19770 19772 19778 19783 19797 19809 19821 19833 19845 19857 19869 19881 19893
NODE_NUM = 98
FILE sqrt_sub_210.aig

# Subcircuit 211
SUB_ID 211
LO (24):  19097 19099 19117 19230 19239 19934 19943 20633 20645 20686 20696 20697 21349 21351 21361 21363 21373 21375 21385 21387 21397 21399 21409 21411
LI (31):  8892 9356 9832 10320 10820 11332 11856 17756 18426 19080 19085 19095 19096 19112 19113 19116 19206 19213 19215 19225 19760 19910 19916 19919 20452 20626 20635 20657 20669 20681 20693
NODE_NUM = 97
FILE sqrt_sub_211.aig

# Subcircuit 212
SUB_ID 212
LO (29):  19225 19233 19235 19245 19247 19257 19259 19302 19311 19977 19989 20001 20066 20076 20077 20712 20714 20724 20726 20736 20738 20748 20750 20760 20762 20772 20774 20784 20786
LI (37):  5979 6359 6751 7156 7572 8000 8440 8892 9356 18533 19080 19220 19222 19224 19232 19234 19244 19246 19256 19258 19266 19268 19272 19275 19285 19286 19297 19760 19975 19994 20003 20013 20025 20037 20049 20061 20073
NODE_NUM = 98
FILE sqrt_sub_212.aig

# Subcircuit 213
SUB_ID 213
LO (18):  19271 19285 19297 19305 19307 19317 19319 19345 20049 20818 20827 21486 21489 21498 21510 21522 21534 22212
LI (34):  4579 4911 5255 5611 5979 18593 18605 18646 19080 19270 19280 19282 19284 19292 19294 19296 19304 19306 19316 19318 19339 19344 20045 20047 20758 20761 20763 20767 20777 20789 20801 20813 21150 21488
NODE_NUM = 82
FILE sqrt_sub_213.aig

# Subcircuit 214
SUB_ID 214
LO (45):  19344 19393 19401 19403 19413 19415 19425 19427 19437 19439 19449 19451 19461 19463 19473 19475 19485 19487 19497 19499 19513 20102 20111 20217 20813 20933 21654 22386 23131 23886 23939 23949 23950 24645 24649 24658 24662 24669 24673 24682 24686 24693 24697 24706 24710
LI (58):  653 770 898 1038 1190 4911 18653 18701 18814 19080 19343 19388 19390 19392 19400 19402 19412 19414 19424 19426 19436 19438 19448 19450 19460 19462 19472 19474 19484 19486 19496 19498 19507 19512 20090 20093 20095 20099 20213 20215 20452 20929 20931 21650 21652 22382 22384 23127 23129 23879 23882 23884 23888 23898 23910 23922 23934 23946
NODE_NUM = 97
FILE sqrt_sub_214.aig

# Subcircuit 215
SUB_ID 215
LO (16):  19512 19590 19599 20253 20294 20303 20969 20981 20993 20998 21005 21008 21009 21709 21721 21723
LI (24):  1038 1190 1354 1530 1718 1918 18821 19080 19510 19541 19549 19551 19552 19561 19573 19585 19760 20258 20267 20452 20965 20967 20986 20995
NODE_NUM = 100
FILE sqrt_sub_215.aig

# Subcircuit 216
SUB_ID 216
LO (17):  19551 19585 19593 19595 19605 19607 19746 19748 20361 20375 20385 20397 20409 20421 20432 20436 20444
LI (32):  193 198 215 253 308 377 457 1918 18893 19080 19530 19540 19580 19582 19584 19592 19594 19604 19606 19650 19657 19659 19671 19681 19693 19705 19717 19729 19740 19744 19760 20360
NODE_NUM = 100
FILE sqrt_sub_216.aig

# Subcircuit 217
SUB_ID 217
LO (28):  19763 20466 20480 20578 20588 20589 21181 21182 21193 21195 21205 21207 21217 21219 21229 21231 21241 21243 21253 21255 21265 21267 21277 21279 21289 21291 21301 21303
LI (27):  13 14 15 13500 14072 14656 15252 15860 16480 17112 17756 18412 19080 19760 20452 20455 20461 20475 20489 20501 20513 20525 20537 20549 20561 20573 20585
NODE_NUM = 99
FILE sqrt_sub_217.aig

# Subcircuit 218
SUB_ID 218
LO (31):  19772 19797 20513 21234 21359 21369 21370 21961 21963 21973 21975 21985 21987 21997 21999 22009 22011 22021 22023 22033 22035 22045 22047 22057 22059 22069 22071 22081 22083 22093 22095
LI (33):  16 10320 10820 11332 11856 12392 12940 13500 14072 14656 15252 15860 19760 19771 19793 19796 20509 20511 21227 21230 21232 21236 21246 21258 21270 21282 21294 21306 21318 21330 21342 21354 21366
NODE_NUM = 100
FILE sqrt_sub_218.aig

# Subcircuit 219
SUB_ID 219
LO (30):  19796 19833 20549 21270 22002 22127 22136 22742 22744 22754 22756 22766 22768 22778 22780 22790 22792 22802 22804 22814 22816 22826 22828 22838 22840 22850 22852 22862 22864 22876
LI (34):  8440 8892 9356 9832 10320 10820 11332 11856 12392 12940 13500 19094 19760 19792 19828 19832 20545 20547 21266 21268 21995 21998 22000 22004 22014 22026 22038 22050 22062 22074 22086 22098 22110 22122
NODE_NUM = 99
FILE sqrt_sub_219.aig

# Subcircuit 220
SUB_ID 220
LO (31):  19832 19845 20561 21282 22014 22759 22872 22882 22883 23509 23511 23521 23523 23533 23535 23545 23547 23557 23559 23569 23571 23581 23583 23593 23595 23605 23607 23617 23619 23629 23631
LI (37):  8000 8440 8892 9356 9832 10320 10820 11332 11856 12392 19129 19134 19141 19143 19760 19830 19844 20557 20559 21278 21280 22010 22012 22752 22755 22757 22761 22771 22783 22795 22807 22819 22831 22843 22855 22867 22879
NODE_NUM = 99
FILE sqrt_sub_220.aig

# Subcircuit 221
SUB_ID 221
LO (32):  19844 19857 20573 21294 22026 22771 23526 23639 23649 23650 24285 24289 24298 24302 24309 24313 24322 24326 24333 24337 24346 24350 24357 24361 24370 24374 24381 24385 24394 24398 24405 24409
LI (37):  7156 7572 8000 8440 8892 9356 9832 10320 10820 11332 19141 19760 19842 19852 19856 20569 20571 21290 21292 22022 22024 22767 22769 23519 23522 23524 23528 23538 23550 23562 23574 23586 23598 23610 23622 23634 23646
NODE_NUM = 99
FILE sqrt_sub_221.aig

# Subcircuit 222
SUB_ID 222
LO (9):  19856 19869 20585 21306 22038 22783 23538 24497 24499
LI (51):  4579 4911 5255 5611 5979 6359 6751 7156 7572 8000 8440 8892 9356 9832 10320 10820 19153 19760 19854 19864 19868 20581 20583 21302 21304 22034 22036 22779 22781 23534 23536 24294 24296 24299 24303 24315 24328 24339 24352 24363 24376 24387 24400 24411 24424 24435 24448 24459 24472 24483 24496
NODE_NUM = 100
FILE sqrt_sub_222.aig

# Subcircuit 223
SUB_ID 223
LO (27):  19868 19881 19893 19910 19916 19919 19965 20626 20635 20681 21318 21330 21342 21402 21405 22050 22062 22074 22795 22807 22819 23550 23562 23574 24315 24328 24339
LI (64):  11332 11856 12392 19165 19177 19189 19201 19213 19760 19866 19876 19878 19880 19888 19890 19892 19898 19900 19902 19904 19907 19914 19960 19964 20452 20590 20593 20595 20599 20605 20607 20609 20619 20621 20677 20679 21150 21398 21400 21404 22046 22048 22058 22060 22070 22072 22791 22793 22803 22805 22815 22817 23546 23548 23558 23560 23570 23572 24310 24314 24323 24327 24334 24338
NODE_NUM = 97
FILE sqrt_sub_223.aig

# Subcircuit 224
SUB_ID 224
LO (28):  19964 19975 19994 20003 20013 20758 20767 21450 21462 21474 21479 21488 21527 21536 22177 22179 22189 22191 22201 22203 22215 22225 22227 22237 22239 22249 22251 22263
LI (31):  4579 4911 5255 5611 5979 6359 6751 7156 8440 19261 19760 19962 19974 19982 19992 19993 20008 20012 20722 20725 20727 20731 20741 20753 21150 21443 21452 21489 21498 21510 21522
NODE_NUM = 100
FILE sqrt_sub_224.aig

# Subcircuit 225
SUB_ID 225
LO (40):  20012 20025 20037 20045 20047 20061 20073 20090 20093 20095 20099 20133 20141 20143 20153 20155 20165 20167 20177 20179 20189 20191 20201 20203 20213 20215 20229 20741 20753 20777 20789 20801 20945 21666 22398 23143 23898 24689 24692 24703
LI (83):  770 898 1038 5255 5611 19309 19321 19326 19333 19335 19357 19369 19381 19429 19760 20010 20020 20022 20024 20034 20036 20044 20046 20056 20058 20060 20066 20068 20070 20072 20076 20077 20080 20082 20084 20085 20087 20092 20094 20128 20130 20132 20140 20142 20152 20154 20164 20166 20176 20178 20188 20190 20200 20202 20212 20214 20224 20228 20452 20737 20739 20749 20751 20773 20775 20785 20787 20941 20943 21662 21664 22394 22396 23139 23141 23894 23896 24654 24656 24659 24663 24675 24688
NODE_NUM = 99
FILE sqrt_sub_225.aig

# Subcircuit 226
SUB_ID 226
LO (29):  20228 20241 20957 21678 22410 22535 22537 23150 23162 23164 23174 23176 23186 23188 23198 23200 23210 23212 23222 23224 23234 23236 23246 23248 23258 23260 23270 23272 23286
LI (34):  215 253 308 377 457 549 653 770 898 1038 1190 19525 19760 20226 20236 20240 20953 20955 21674 21676 22403 22406 22408 22412 22422 22434 22446 22458 22470 22482 22494 22506 22518 22530
NODE_NUM = 98
FILE sqrt_sub_226.aig

# Subcircuit 227
SUB_ID 227
LO (24):  20240 20258 20267 20337 21053 21129 21142 21144 21769 21771 21781 21783 21793 21795 21807 21809 21817 21819 21829 21831 21840 21842 21846 21856
LI (28):  193 198 215 253 308 377 457 1530 19537 19760 20238 20246 20256 20257 20332 20336 21046 21049 21051 21055 21065 21077 21091 21101 21113 21125 21136 21140
NODE_NUM = 68
FILE sqrt_sub_227.aig

# Subcircuit 228
SUB_ID 228
LO (24):  20336 20349 21065 21152 21851 21853 21859 21864 21871 21872 21873 21874 21880 21881 22518 22530 22544 22554 22565 22569 22577 22599 22610 22611
LI (30):  9 10 193 198 215 253 308 19633 19638 19645 19647 19760 20334 20348 21061 21063 21150 21779 21782 21784 21788 21798 21812 21822 21834 21845 21849 21857 21862 21867
NODE_NUM = 99
FILE sqrt_sub_228.aig

# Subcircuit 229
SUB_ID 229
LO (30):  20348 20360 20366 20438 20440 20452 20475 20489 20501 20509 20511 20525 20537 20545 20547 20557 20559 20569 20571 20581 20583 20593 20595 21101 21113 21125 21136 21140 21148 21170
LI (44):  193 198 215 253 308 377 19645 19657 19760 19774 19788 19809 19821 20346 20358 20365 20376 20385 20397 20409 20421 20432 20436 20450 20473 20484 20496 20498 20508 20510 20520 20522 20532 20534 20544 20546 20556 20558 20568 20570 20580 20582 20592 20594
NODE_NUM = 100
FILE sqrt_sub_229.aig

# Subcircuit 230
SUB_ID 230
LO (14):  20376 20450 20473 21091 21227 21236 21812 21894 21897 21906 21918 21930 21942 21954
LI (33):  377 16480 17112 17756 18412 19080 19736 19739 19746 19748 19752 19757 19760 20354 20364 20366 20375 20438 20440 20444 20452 21151 21153 21164 21177 21186 21198 21210 21222 21808 21810 21859 21896
NODE_NUM = 99
FILE sqrt_sub_230.aig

# Subcircuit 231
SUB_ID 231
LO (21):  20455 20461 20590 20599 20605 20607 20619 20657 21151 21164 21177 21404 21443 21452 22110 22122 22134 22137 22146 22158 22170
LI (37):  11 12 13 7156 7572 8000 8440 8892 9356 12940 19746 19748 19752 19757 20452 20578 20588 20589 20604 20606 20618 20652 20656 21150 21172 21371 21374 21376 21380 21390 21402 21405 21414 21426 21438 21859 22136
NODE_NUM = 98
FILE sqrt_sub_231.aig

# Subcircuit 232
SUB_ID 232
LO (47):  20656 20669 20677 20679 20693 20722 20725 20727 20731 20737 20739 20749 20751 20761 20763 20773 20775 20785 20787 20861 20869 20871 20881 20883 20893 20895 20905 20907 20917 20919 20929 20931 20941 20943 20953 20955 20965 20967 21010 21022 21032 21033 21390 21414 21426 21438 21750
LI (74):  770 898 7572 8000 8440 19941 19953 19977 19989 20001 20145 20452 20654 20664 20666 20668 20676 20678 20686 20688 20690 20692 20696 20697 20700 20702 20704 20705 20707 20712 20714 20716 20717 20724 20726 20736 20738 20748 20750 20760 20762 20772 20774 20784 20786 20856 20858 20860 20868 20870 20880 20882 20892 20894 20904 20906 20916 20918 20928 20930 20940 20942 20952 20954 20964 20966 21009 21020 21029 21150 21386 21388 21410 21412
NODE_NUM = 99
FILE sqrt_sub_232.aig

# Subcircuit 233
SUB_ID 233
LO (22):  21020 21779 21788 22470 22482 22494 22506 23215 23227 23239 23251 23256 23265 23965 23967 23977 23979 23989 23991 24001 24003 24015
LI (28):  253 308 377 457 549 653 20452 21010 21012 21016 21019 21150 21731 21740 21750 21762 21774 21859 23208 23211 23213 23217 23223 23225 23235 23237 23247 23249
NODE_NUM = 99
FILE sqrt_sub_233.aig

# Subcircuit 234
SUB_ID 234
LO (45):  21016 21019 21029 21046 21049 21051 21055 21061 21063 21077 21150 21186 21198 21210 21222 21230 21232 21246 21258 21266 21268 21278 21280 21290 21292 21302 21304 21354 21366 21374 21376 21386 21388 21398 21400 21410 21412 21558 21563 21572 21762 21798 22285 22287 22299
LI (82):  549 653 898 3655 20301 20313 20325 20361 20452 20466 20480 20489 20501 20525 20537 20633 20645 20998 21008 21014 21022 21024 21026 21028 21032 21033 21036 21038 21040 21041 21043 21048 21050 21060 21062 21072 21074 21076 21142 21144 21148 21150 21181 21182 21193 21195 21205 21207 21217 21219 21229 21231 21241 21243 21253 21255 21265 21267 21277 21279 21289 21291 21301 21303 21349 21351 21361 21363 21373 21375 21385 21387 21397 21399 21409 21411 21551 21553 21557 21560 21794 21796
NODE_NUM = 100
FILE sqrt_sub_234.aig

# Subcircuit 235
SUB_ID 235
LO (26):  21153 21172 21371 21380 21551 21560 22266 22278 22355 22364 23006 23008 23018 23020 23030 23032 23042 23044 23054 23056 23066 23068 23078 23080 23090 23092
LI (32):  11 2131 2355 2591 2839 3099 3371 3655 3951 4259 9832 21142 21144 21152 21170 21359 21369 21370 21527 21534 21536 21546 21859 22259 22265 22268 22290 22302 22314 22326 22338 22350
NODE_NUM = 91
FILE sqrt_sub_235.aig

# Subcircuit 236
SUB_ID 236
LO (27):  21553 21557 21611 21620 22302 22314 22326 22338 23047 23059 23071 23083 23100 23110 23111 23797 23799 23809 23811 23821 23823 23833 23835 23845 23847 23857 23859
LI (31):  1918 2131 2355 2591 2839 3099 3371 20830 20837 21552 21556 21563 21570 21572 21582 21594 21606 21859 22301 23040 23043 23045 23049 23055 23057 23067 23069 23079 23081 23095 23107
NODE_NUM = 100
FILE sqrt_sub_236.aig

# Subcircuit 237
SUB_ID 237
LO (28):  21606 21614 21616 21626 21628 21638 21640 21650 21652 21662 21664 21674 21676 21690 21702 21714 21726 22422 22434 22446 23167 23179 23191 23922 23934 23946 24688 24810
LI (77):  193 198 215 253 308 377 457 549 653 20885 20969 20981 20993 21150 21601 21603 21605 21613 21615 21625 21627 21637 21639 21649 21651 21661 21663 21673 21675 21685 21687 21689 21697 21699 21701 21709 21711 21713 21721 21725 22418 22420 22430 22432 22442 22444 23163 23165 23175 23177 23187 23189 23918 23920 23930 23932 23942 23944 24683 24687 24689 24692 24694 24698 24703 24707 24711 24712 24723 24736 24747 24760 24771 24784 24795 24799 24808
NODE_NUM = 100
FILE sqrt_sub_237.aig

# Subcircuit 238
SUB_ID 238
LO (25):  21725 21731 21740 22458 23203 23958 24034 24047 24049 24717 24721 24730 24734 24741 24745 24754 24758 24765 24769 24778 24782 24789 24793 24796 24807
LI (30):  193 198 215 253 308 377 457 770 21005 21150 21719 21723 21726 21728 21859 22457 23199 23201 23951 23954 23956 23960 23970 23982 23994 24006 24018 24030 24041 24045
NODE_NUM = 74
FILE sqrt_sub_238.aig

# Subcircuit 239
SUB_ID 239
LO (31):  21774 21782 21784 21794 21796 21808 21810 21822 21834 21845 21849 21857 22680 22689 23341 23342 23353 23355 23365 23367 23377 23379 23389 23391 23401 23403 23413 23415 23425 23427 23439
LI (49):  16480 17112 17756 18412 19080 19760 20452 21053 21101 21113 21125 21129 21136 21144 21150 21769 21771 21773 21781 21783 21793 21795 21807 21809 21817 21819 21821 21829 21831 21833 21840 21842 21844 21846 21848 21851 21853 21856 21859 22581 22583 22593 22606 22615 22627 22639 22651 22663 22675
NODE_NUM = 98
FILE sqrt_sub_239.aig

# Subcircuit 240
SUB_ID 240
LO (30):  21862 21867 22581 22593 22606 23346 23358 23459 23468 24107 24109 24117 24121 24130 24134 24141 24145 24154 24158 24165 24169 24178 24182 24189 24193 24202 24206 24213 24217 24226
LI (32):  7 8 9 14656 15252 15860 16480 17112 17756 18412 19080 19760 20452 21142 21144 21148 22579 22601 23340 23343 23344 23348 23354 23356 23370 23382 23394 23406 23418 23430 23442 23454
NODE_NUM = 100
FILE sqrt_sub_240.aig

# Subcircuit 241
SUB_ID 241
LO (23):  21875 21888 21896 21995 22004 22622 22636 22646 22648 22658 22660 22670 22672 22682 22684 22694 22696 22706 22708 22718 22720 22730 22732
LI (23):  14072 14656 15252 15860 16480 17112 17756 18412 19080 19760 20452 21874 21886 21897 21906 21918 21930 21942 21954 21966 21978 21990 22621
NODE_NUM = 75
FILE sqrt_sub_241.aig

# Subcircuit 242
SUB_ID 242
LO (14):  21886 21966 22621 22627 22711 22716 22725 22736 23382 23461 23463 23475 24294 24296
LI (50):  11 11332 11856 12392 12940 13500 14072 14656 15252 15860 16480 17112 17756 18412 20452 21859 21864 21871 21873 21875 21880 21881 21884 21885 21961 21965 22579 22623 22704 22707 22709 22713 23378 23380 24137 24140 24142 24146 24160 24171 24184 24195 24208 24219 24232 24243 24256 24267 24280 24291
NODE_NUM = 95
FILE sqrt_sub_242.aig

# Subcircuit 243
SUB_ID 243
LO (16):  21965 21978 21990 21998 22000 22010 22012 22022 22752 22761 23519 23528 24243 24256 24267 24280
LI (36):  11856 12392 12940 13500 14072 21234 21246 21258 21859 21963 21973 21975 21977 21985 21987 21989 21997 21999 22009 22011 22021 22716 22719 22721 22725 22731 22733 22735 22736 22747 23312 23471 23476 23480 23514 24055
NODE_NUM = 100
FILE sqrt_sub_243.aig

# Subcircuit 244
SUB_ID 244
LO (36):  22024 22034 22036 22046 22048 22058 22060 22070 22072 22086 22098 22235 22244 22831 22843 22886 22888 22898 22900 22910 22912 22922 22924 22934 22936 22946 22948 22958 22960 22970 22972 22984 23586 23598 24352 24363
LI (49):  4911 5255 5611 5979 6359 6751 7156 7572 8000 21354 21366 21859 22023 22033 22035 22045 22047 22057 22059 22069 22071 22081 22083 22085 22093 22095 22097 22127 22137 22146 22158 22170 22182 22194 22206 22218 22230 22827 22829 22839 22841 23582 23584 23594 23596 24347 24351 24358 24362
NODE_NUM = 98
FILE sqrt_sub_244.aig

# Subcircuit 245
SUB_ID 245
LO (24):  22182 22927 23040 23049 23677 23679 23689 23691 23701 23703 23713 23715 23725 23727 23737 23739 23749 23751 23761 23763 23773 23775 23785 23787
LI (26):  3099 3371 3655 3951 4259 4579 4911 5255 5611 5979 21859 22177 22181 22920 22923 22925 22929 22939 22951 22963 22975 22987 22999 23011 23023 23035
NODE_NUM = 84
FILE sqrt_sub_245.aig

# Subcircuit 246
SUB_ID 246
LO (29):  22181 22194 22939 23694 23819 23828 24453 24457 24466 24470 24477 24481 24490 24494 24501 24505 24514 24518 24525 24529 24538 24542 24549 24553 24562 24566 24573 24577 24586
LI (32):  2355 2591 2839 3099 3371 3655 3951 4259 4579 4911 5255 21450 21859 22179 22189 22193 22935 22937 23687 23690 23692 23696 23706 23718 23730 23742 23754 23766 23778 23790 23802 23814
NODE_NUM = 97
FILE sqrt_sub_246.aig

# Subcircuit 247
SUB_ID 247
LO (21):  22193 22206 22218 22230 22259 22268 22951 22963 22975 22987 22999 23706 23718 23730 23742 23754 24472 24483 24496 24581 24584
LI (64):  2591 2839 3099 3371 3655 3951 4259 4579 21462 21474 21479 21486 21498 21859 22191 22201 22203 22205 22212 22215 22217 22225 22227 22229 22235 22237 22241 22244 22254 22579 22947 22949 22959 22961 22971 22973 22985 23702 23704 23714 23716 23726 23728 23738 23740 23750 23752 24467 24471 24478 24482 24491 24495 24497 24500 24502 24506 24515 24519 24531 24544 24555 24568 24579
NODE_NUM = 99
FILE sqrt_sub_247.aig

# Subcircuit 248
SUB_ID 248
LO (30):  22241 22254 22265 22290 22301 22350 22358 22360 22370 22372 22382 22384 22394 22396 22406 22408 22418 22420 22430 22432 22442 22444 23035 23095 23790 23879 23888 24555 24654 24656
LI (57):  1190 1354 1530 1718 21510 21522 21534 21558 21570 21618 21859 22239 22249 22251 22253 22263 22285 22287 22289 22299 22345 22347 22349 22357 22359 22369 22371 22381 22383 22393 22395 22405 22407 22417 22419 22429 22431 22441 22443 23031 23033 23091 23093 23786 23788 23843 23846 23848 23852 23862 23874 24055 24550 24554 24606 24608 24651
NODE_NUM = 100
FILE sqrt_sub_248.aig

# Subcircuit 249
SUB_ID 249
LO (40):  22457 22571 22573 22579 22601 22615 22623 22639 22651 22663 22675 22687 22699 22704 22707 22709 22713 22719 22721 22731 22733 22747 22755 22757 22767 22769 22779 22781 22791 22793 22803 22805 23285 23298 23302 23310 23330 23437 23449 23451
LI (58):  193 198 15252 15860 21726 21859 21872 21894 21906 21918 21930 21942 21954 22002 22455 22535 22537 22544 22554 22565 22569 22577 22599 22610 22611 22622 22634 22636 22646 22648 22658 22660 22670 22672 22680 22682 22684 22689 22694 22696 22706 22708 22718 22720 22730 22732 22742 22744 22754 22756 22766 22768 22778 22780 22790 22792 22802 22804
NODE_NUM = 100
FILE sqrt_sub_249.aig

# Subcircuit 250
SUB_ID 250
LO (16):  22583 22634 22815 22817 22827 22829 22839 22841 22853 22855 23340 23348 23610 24137 24140 24376
LI (40):  3 4 5 6 7 19080 19760 20452 21150 21859 21888 21894 21896 22571 22573 22577 22579 22814 22816 22826 22828 22838 22840 22850 22852 22854 23312 23324 23332 23337 23606 23608 24055 24059 24072 24112 24123 24136 24371 24375
NODE_NUM = 100
FILE sqrt_sub_250.aig

# Subcircuit 251
SUB_ID 251
LO (16):  22854 22867 22879 22920 22929 23622 23634 23646 23687 23696 24387 24400 24411 24424 24435 24448
LI (44):  5611 5979 6359 6751 7156 7572 22110 22122 22127 22134 22136 22146 22579 22853 22862 22864 22866 22872 22876 22878 22882 22883 22886 22888 22890 22891 22893 22903 22915 23312 23618 23620 23630 23632 23651 23660 23682 24055 24382 24386 24395 24399 24406 24410
NODE_NUM = 100
FILE sqrt_sub_251.aig

# Subcircuit 252
SUB_ID 252
LO (67):  22903 22915 22923 22925 22935 22937 22947 22949 22959 22961 22971 22973 22985 23011 23023 23031 23033 23043 23045 23055 23057 23067 23069 23079 23081 23091 23093 23107 23112 23115 23117 23121 23127 23129 23139 23141 23155 23163 23165 23175 23177 23187 23189 23199 23201 23208 23211 23213 23217 23223 23225 23235 23237 23247 23249 23263 23268 23277 23766 23778 23862 23910 24013 24027 24531 24544 24675
LI (97):  215 549 1718 22158 22170 22266 22278 22362 22410 22579 22898 22900 22902 22910 22912 22914 22922 22924 22934 22936 22946 22948 22958 22960 22970 22972 22984 23006 23008 23010 23018 23020 23022 23030 23032 23042 23044 23054 23056 23066 23068 23078 23080 23090 23092 23100 23102 23104 23106 23110 23111 23114 23116 23126 23128 23138 23140 23150 23152 23154 23162 23164 23174 23176 23186 23188 23196 23198 23200 23206 23207 23210 23212 23222 23224 23234 23236 23246 23248 23256 23258 23262 23265 23762 23764 23774 23776 23858 23860 23906 23908 24526 24530 24539 24543 24670 24674
NODE_NUM = 99
FILE sqrt_sub_252.aig

# Subcircuit 253
SUB_ID 253
LO (40):  23262 23275 23312 23332 23343 23344 23354 23356 23370 23378 23380 23394 23406 23418 23430 23442 23454 23466 23471 23476 23480 23514 23522 23524 23534 23536 23546 23548 23558 23560 23570 23572 23582 23584 24026 24041 24045 24053 24057 24230
LI (63):  193 198 14072 22518 22579 22615 22639 22651 22663 22675 22687 22699 22711 22759 23260 23268 23270 23274 23277 23289 23298 23302 23310 23330 23341 23342 23353 23355 23365 23367 23377 23379 23389 23391 23401 23403 23413 23415 23425 23427 23437 23439 23449 23451 23459 23461 23463 23468 23475 23509 23511 23521 23523 23533 23535 23545 23547 23557 23559 23569 23571 23581 23583
NODE_NUM = 100
FILE sqrt_sub_253.aig

# Subcircuit 254
SUB_ID 254
LO (46):  23274 23289 23594 23596 23606 23608 23618 23620 23630 23632 23651 23660 23682 23690 23692 23702 23704 23714 23716 23726 23728 23738 23740 23750 23752 23762 23764 23774 23776 23786 23788 23802 23814 23843 23846 23848 23852 23858 23860 23874 23882 23884 24568 24579 24606 24608
LI (80):  1918 2131 6751 22530 22544 22579 22927 23047 23059 23071 23083 23119 23272 23285 23286 23312 23593 23595 23605 23607 23617 23619 23629 23631 23639 23649 23650 23677 23679 23681 23689 23691 23701 23703 23713 23715 23725 23727 23737 23739 23749 23751 23761 23763 23773 23775 23785 23787 23797 23799 23801 23809 23811 23813 23819 23821 23823 23825 23828 23833 23835 23837 23838 23845 23847 23857 23859 23869 23871 23873 23881 23883 24055 24563 24567 24574 24578 24582 24584 24587
NODE_NUM = 100
FILE sqrt_sub_254.aig

# Subcircuit 255
SUB_ID 255
LO (42):  23894 23896 23906 23908 23918 23920 23930 23932 23942 23944 23951 23954 23956 23960 23970 23982 23994 24006 24018 24030 24055 24112 24123 24136 24142 24146 24160 24171 24184 24195 24208 24219 24232 24291 24299 24736 24747 24760 24771 24784 24795 24799
LI (92):  549 23215 23227 23239 23251 23263 23275 23312 23346 23358 23370 23394 23406 23418 23430 23442 23454 23466 23526 23893 23895 23905 23907 23917 23919 23929 23931 23939 23941 23943 23949 23950 23953 23955 23965 23967 23969 23977 23979 23981 23989 23991 23993 24001 24003 24005 24013 24015 24017 24026 24027 24047 24049 24053 24107 24109 24117 24121 24130 24134 24141 24145 24154 24158 24165 24169 24178 24182 24189 24193 24202 24206 24213 24217 24226 24230 24285 24289 24298 24731 24735 24742 24746 24755 24759 24766 24770 24779 24783 24790 24794 24798
NODE_NUM = 100
FILE sqrt_sub_255.aig

# Subcircuit 256
SUB_ID 256
LO (71):  24059 24072 24303 24310 24314 24323 24327 24334 24338 24347 24351 24358 24362 24371 24375 24382 24386 24395 24399 24406 24410 24459 24467 24471 24478 24482 24491 24495 24500 24502 24506 24515 24519 24526 24530 24539 24543 24550 24554 24563 24567 24574 24578 24582 24587 24651 24659 24663 24670 24674 24683 24687 24694 24698 24707 24711 24723 24731 24735 24742 24746 24755 24759 24766 24770 24779 24783 24790 24794 24798 24808
LI (88):  1 2 3 2355 4259 23694 23886 23958 24034 24041 24047 24049 24053 24055 24057 24071 24302 24309 24313 24322 24326 24333 24337 24346 24350 24357 24361 24370 24374 24381 24385 24394 24398 24405 24409 24453 24457 24466 24470 24477 24481 24490 24494 24499 24501 24505 24514 24518 24525 24529 24538 24542 24549 24553 24562 24566 24573 24577 24581 24586 24645 24649 24658 24662 24669 24673 24682 24686 24693 24697 24706 24710 24717 24721 24730 24734 24741 24745 24754 24758 24765 24769 24778 24782 24789 24793 24796 24807
NODE_NUM = 89
FILE sqrt_sub_256.aig

