# Subcircuit 0
SUB_ID 0
LO (24):  193 198 215 253 294 296 300 305 308 313 318 319 326 331 334 348 357 361 369 374 375 398 409 452
LI (12):  119 121 122 123 124 125 126 127 128 218 256 311
NODE_NUM = 163
FILE sqrt_sub_0.aig

# Subcircuit 1
SUB_ID 1
LO (25):  256 311 377 443 445 449 454 457 462 467 468 475 480 483 494 506 518 529 533 541 546 547 570 581 648
LI (28):  115 117 118 119 120 121 193 198 215 253 308 313 318 320 326 331 334 348 357 361 375 380 386 398 409 452 460 464
NODE_NUM = 155
FILE sqrt_sub_1.aig

# Subcircuit 2
SUB_ID 2
LO (35):  320 380 386 460 464 535 537 549 563 577 586 598 610 622 626 629 632 633 639 641 645 688 690 698 700 710 712 722 724 734 736 745 747 751 761
LI (36):  113 114 115 116 117 120 193 198 215 253 294 296 300 305 308 319 369 374 377 457 462 467 469 475 480 483 494 506 518 529 533 547 552 558 570 581
NODE_NUM = 151
FILE sqrt_sub_2.aig

# Subcircuit 3
SUB_ID 3
LO (25):  469 552 558 756 758 770 783 784 787 789 807 808 819 833 843 855 867 874 877 878 882 890 930 931 944
LI (37):  109 110 111 112 113 116 193 198 215 253 308 377 443 445 449 454 457 468 535 537 541 546 549 653 656 662 676 693 703 715 727 739 750 754 768 773 779
NODE_NUM = 137
FILE sqrt_sub_3.aig

# Subcircuit 4
SUB_ID 4
LO (40):  653 676 693 703 715 727 739 750 754 768 773 779 798 884 886 895 898 912 926 929 932 933 937 943 948 959 971 985 995 1007 1014 1017 1018 1022 1030 1070 1071 1082 1084 1096
LI (62):  107 108 109 111 193 198 215 253 308 377 457 535 537 549 563 577 586 598 610 622 626 629 632 633 639 641 645 648 688 690 698 700 710 712 722 724 734 736 745 747 751 756 758 761 770 773 783 787 789 807 808 819 833 843 855 867 878 882 890 901 930 931
NODE_NUM = 196
FILE sqrt_sub_4.aig

# Subcircuit 5
SUB_ID 5
LO (26):  901 1176 1178 1190 1203 1204 1207 1209 1227 1228 1239 1251 1263 1275 1287 1299 1311 1325 1330 1333 1334 1338 1346 1386 1387 1400
LI (37):  103 104 105 106 107 193 198 215 253 308 377 457 549 653 770 884 886 890 895 898 1038 1041 1047 1061 1075 1087 1099 1111 1123 1135 1149 1159 1170 1174 1188 1193 1199
NODE_NUM = 168
FILE sqrt_sub_5.aig

# Subcircuit 6
SUB_ID 6
LO (40):  1038 1061 1075 1087 1099 1111 1123 1135 1149 1159 1170 1174 1182 1187 1188 1199 1218 1316 1326 1327 1351 1398 1410 1412 1422 1424 1434 1436 1446 1448 1458 1460 1470 1472 1482 1484 1494 1496 1505 1507
LI (51):  105 193 198 215 253 308 377 457 549 653 770 784 912 926 929 932 933 937 947 948 959 971 985 995 1007 1018 1022 1036 1059 1070 1071 1082 1084 1096 1176 1178 1185 1197 1203 1207 1209 1227 1228 1239 1251 1263 1275 1287 1299 1311 1325
NODE_NUM = 199
FILE sqrt_sub_6.aig

# Subcircuit 7
SUB_ID 7
LO (30):  947 1036 1059 1185 1193 1197 1516 1518 1530 1535 1540 1541 1548 1567 1579 1591 1603 1615 1627 1639 1651 1663 1675 1687 1694 1697 1698 1702 1710 1750
LI (49):  99 101 102 103 193 198 215 253 308 377 457 549 653 770 798 874 877 884 886 890 895 898 943 944 1014 1017 1030 1038 1190 1193 1354 1357 1363 1377 1391 1403 1415 1427 1439 1451 1463 1475 1487 1499 1510 1514 1528 1533 1539
NODE_NUM = 192
FILE sqrt_sub_7.aig

# Subcircuit 8
SUB_ID 8
LO (49):  1354 1377 1391 1403 1415 1427 1439 1451 1463 1475 1487 1499 1510 1514 1522 1527 1528 1539 1558 1691 1704 1706 1715 1762 1764 1774 1776 1786 1788 1798 1800 1810 1812 1822 1824 1834 1836 1846 1848 1858 1860 1870 1872 1882 1884 1893 1895 1899 1909
LI (72):  101 193 198 215 253 308 377 457 549 653 770 898 1038 1204 1218 1227 1239 1251 1263 1275 1287 1299 1311 1325 1327 1334 1338 1342 1353 1376 1386 1387 1398 1400 1410 1412 1422 1424 1434 1436 1446 1448 1458 1460 1470 1472 1482 1484 1494 1496 1505 1507 1516 1518 1526 1538 1543 1547 1549 1567 1579 1591 1603 1615 1627 1639 1651 1663 1675 1687 1698 1702
NODE_NUM = 172
FILE sqrt_sub_8.aig

# Subcircuit 9
SUB_ID 9
LO (37):  1342 1353 1357 1363 1376 1526 1538 1543 1547 1549 1720 1904 1906 1918 1931 1932 1935 1937 1980 1992 2004 2016 2028 2040 2052 2064 2076 2088 2100 2107 2110 2111 2115 2123 2163 2164 2177
LI (55):  95 96 99 100 101 193 198 215 253 308 377 457 549 653 770 898 1038 1176 1178 1182 1187 1190 1316 1326 1334 1346 1351 1375 1525 1530 1535 1537 1540 1542 1548 1718 1749 1750 1757 1767 1779 1791 1803 1815 1827 1839 1851 1863 1875 1887 1898 1902 1916 1921 1927
NODE_NUM = 198
FILE sqrt_sub_9.aig

# Subcircuit 10
SUB_ID 10
LO (38):  1525 1533 1537 1749 1757 1958 1968 2104 2117 2119 2189 2191 2199 2201 2211 2213 2223 2225 2235 2237 2247 2249 2259 2261 2271 2273 2283 2285 2295 2297 2307 2309 2319 2321 2330 2332 2336 2346
LI (42):  97 98 99 193 198 215 253 308 377 457 549 653 770 898 1038 1190 1330 1333 1346 1351 1354 1530 1718 1721 1727 1741 1918 1949 1951 1980 1992 2004 2016 2028 2040 2052 2064 2076 2088 2100 2111 2115
NODE_NUM = 151
FILE sqrt_sub_10.aig

# Subcircuit 11
SUB_ID 11
LO (50):  1542 1718 1741 1767 1779 1791 1803 1815 1827 1839 1851 1863 1875 1887 1898 1902 1916 1921 1927 1949 1951 2128 2131 2145 2159 2168 2180 2194 2204 2216 2221 2228 2231 2232 2387 2388 2399 2401 2411 2413 2423 2425 2437 2439 2447 2449 2459 2461 2471 2473
LI (83):  93 94 95 97 100 770 898 1038 1190 1354 1530 1541 1558 1567 1579 1591 1603 1615 1627 1639 1651 1663 1675 1687 1691 1698 1704 1706 1710 1715 1762 1764 1774 1776 1786 1788 1798 1800 1810 1812 1822 1824 1834 1836 1846 1848 1858 1860 1870 1872 1882 1884 1893 1895 1899 1904 1906 1909 1915 1918 1931 1932 1935 1937 1958 1968 1980 1992 2117 2119 2123 2134 2163 2164 2177 2189 2191 2199 2201 2211 2213 2223 2225
NODE_NUM = 198
FILE sqrt_sub_11.aig

# Subcircuit 12
SUB_ID 12
LO (45):  1721 1727 1915 2134 2369 2383 2564 2577 2579 2623 2624 2635 2637 2647 2649 2659 2661 2671 2673 2683 2685 2697 2699 2707 2709 2719 2721 2731 2733 2743 2745 2755 2757 2767 2769 2779 2781 2791 2793 2803 2805 2814 2816 2820 2830
LI (54):  91 92 93 97 193 198 215 253 308 377 457 549 653 770 898 1038 1190 1354 1516 1518 1522 1527 1530 1694 1697 1704 1706 1710 1715 1718 1720 1918 2131 2355 2358 2364 2378 2392 2404 2416 2428 2442 2452 2464 2476 2488 2500 2512 2524 2536 2548 2560 2571 2575
NODE_NUM = 163
FILE sqrt_sub_12.aig

# Subcircuit 13
SUB_ID 13
LO (38):  2355 2358 2364 2378 2392 2404 2416 2428 2442 2452 2464 2476 2488 2500 2512 2524 2536 2548 2560 2571 2575 2583 2588 2591 2605 2619 2622 2625 2626 2630 2828 2836 2859 2871 2872 2883 2885 2897
LI (63):  89 90 91 193 198 215 253 308 377 457 549 653 1918 2117 2119 2123 2128 2131 2145 2159 2168 2180 2194 2204 2216 2228 2232 2240 2242 2252 2264 2276 2288 2300 2312 2324 2335 2339 2353 2376 2387 2388 2399 2401 2411 2413 2423 2425 2437 2439 2447 2449 2459 2461 2471 2473 2577 2579 2586 2594 2598 2623 2624
NODE_NUM = 197
FILE sqrt_sub_13.aig

# Subcircuit 14
SUB_ID 14
LO (53):  2240 2242 2252 2264 2276 2288 2300 2312 2324 2335 2339 2353 2376 2586 2594 2598 2853 2867 3037 3046 3131 3132 3143 3145 3155 3157 3167 3169 3179 3181 3191 3193 3203 3205 3215 3217 3227 3229 3239 3241 3253 3255 3263 3265 3275 3277 3287 3289 3299 3301 3311 3313 3325
LI (91):  87 88 89 253 308 377 457 549 653 770 898 1038 1190 1354 1530 1718 1918 2004 2016 2028 2040 2052 2064 2076 2088 2100 2104 2107 2110 2111 2117 2119 2123 2128 2131 2221 2231 2235 2237 2239 2247 2249 2251 2259 2261 2263 2271 2273 2275 2283 2285 2287 2295 2297 2299 2307 2309 2311 2319 2321 2323 2330 2332 2334 2336 2338 2346 2347 2352 2355 2591 2594 2597 2839 2842 2848 2862 2876 2888 2900 2912 2924 2936 2948 2960 2974 2984 2996 3008 3020 3032
NODE_NUM = 200
FILE sqrt_sub_14.aig

# Subcircuit 15
SUB_ID 15
LO (37):  2628 2812 2825 2827 2895 2907 2909 2919 2921 2931 2933 2943 2945 2955 2957 2969 2971 2979 2981 2991 2993 3003 3005 3015 3017 3027 3029 3039 3041 3051 3053 3063 3065 3074 3076 3080 3090
LI (38):  193 198 215 253 308 377 457 549 653 770 898 1038 1190 1354 1530 1718 2369 2622 2625 2626 2630 2640 2652 2664 2676 2688 2702 2712 2724 2736 2748 2760 2772 2784 2796 2808 2819 2823
NODE_NUM = 132
FILE sqrt_sub_15.aig

# Subcircuit 16
SUB_ID 16
LO (36):  2640 2837 2912 3100 3104 3106 3110 3117 3357 3359 3371 3384 3385 3388 3390 3409 3492 3504 3516 3528 3540 3554 3564 3576 3588 3600 3612 3624 3631 3634 3635 3639 3647 3687 3688 3701
LI (46):  83 84 85 193 198 215 253 308 377 457 549 653 770 898 1038 1190 2591 2635 2639 2831 2836 2839 2908 2910 3099 3189 3192 3194 3198 3208 3220 3232 3244 3258 3268 3280 3292 3304 3316 3328 3340 3351 3355 3369 3374 3380
NODE_NUM = 200
FILE sqrt_sub_16.aig

# Subcircuit 17
SUB_ID 17
LO (65):  2639 2652 2664 2676 2688 2702 2712 2724 2736 2748 2760 2772 2842 2848 2924 2936 2948 2960 2974 2984 2996 3008 3020 3032 3044 3085 3087 3099 3113 3127 3136 3148 3160 3165 3168 3170 3174 3208 3220 3232 3244 3258 3268 3280 3292 3304 3316 3324 3340 3347 3350 3351 3355 3363 3403 3404 3415 3417 3427 3429 3439 3441 3451 3453 3465
LI (123):  87 193 198 215 1718 1918 2131 2355 2383 2392 2404 2416 2428 2442 2452 2464 2476 2488 2500 2577 2579 2583 2588 2591 2637 2647 2649 2651 2659 2661 2663 2671 2673 2675 2683 2685 2687 2697 2699 2701 2707 2709 2711 2719 2721 2723 2731 2733 2735 2743 2745 2747 2755 2757 2759 2767 2771 2841 2853 2867 2876 2920 2922 2932 2934 2944 2946 2956 2958 2970 2972 2980 2982 2992 2994 3004 3006 3016 3018 3028 3030 3037 3040 3042 3046 3056 3068 3079 3083 3097 3104 3109 3111 3117 3120 3131 3132 3143 3145 3155 3157 3167 3169 3204 3206 3216 3218 3228 3230 3240 3242 3254 3256 3264 3266 3276 3278 3288 3290 3300 3302 3312 3314
NODE_NUM = 196
FILE sqrt_sub_17.aig

# Subcircuit 18
SUB_ID 18
LO (56):  2771 2784 2796 2808 3056 3068 3079 3083 3368 3369 3399 3628 3641 3643 3652 3699 3711 3713 3723 3725 3735 3737 3747 3749 3759 3761 3771 3773 3783 3785 3795 3797 3807 3809 3819 3821 3831 3833 3843 3845 3857 3859 3867 3869 3879 3881 3891 3893 3903 3905 3915 3917 3926 3928 3932 3942
LI (75):  85 193 198 215 253 308 377 457 549 653 770 898 1038 1190 1354 1530 1718 1918 2131 2355 2512 2524 2536 2591 2769 2779 2781 2783 2791 2793 2795 2803 2807 3052 3054 3064 3066 3075 3077 3082 3085 3087 3091 3099 3347 3350 3357 3359 3363 3364 3384 3388 3390 3408 3409 3420 3432 3444 3456 3468 3480 3492 3504 3516 3528 3540 3554 3564 3576 3588 3600 3612 3624 3635 3639
NODE_NUM = 199
FILE sqrt_sub_18.aig

# Subcircuit 19
SUB_ID 19
LO (76):  2807 2819 2823 2831 2839 2862 2876 2888 2900 2908 2910 2920 2922 2932 2934 2944 2946 2956 2958 2970 2972 2980 2982 2992 2994 3004 3006 3016 3018 3028 3030 3040 3042 3052 3054 3064 3066 3075 3077 3082 3091 3097 3120 3189 3198 3364 3380 3468 3480 3776 3788 3817 3826 4007 4009 4019 4021 4031 4033 4043 4045 4055 4057 4067 4069 4079 4081 4091 4093 4103 4105 4115 4117 4127 4129 4141
LI (99):  770 898 1038 1190 1354 1530 1718 1918 2131 2355 2548 2560 2564 2579 2591 2605 2619 2628 2805 2812 2814 2816 2818 2820 2822 2825 2827 2828 2830 2831 2836 2837 2839 2859 2871 2872 2883 2885 2895 2897 2907 2909 2919 2921 2931 2933 2943 2945 2955 2957 2969 2971 2979 2981 2991 2993 3003 3005 3015 3017 3027 3029 3039 3041 3051 3053 3063 3065 3074 3075 3076 3080 3085 3087 3090 3165 3168 3170 3174 3180 3182 3371 3374 3466 3672 3684 3692 3704 3716 3728 3740 3752 3764 3772 3774 3784 3786 3800 3812
NODE_NUM = 199
FILE sqrt_sub_19.aig

# Subcircuit 20
SUB_ID 20
LO (70):  2841 3109 3111 3180 3182 3192 3194 3204 3206 3216 3218 3228 3230 3240 3242 3254 3256 3264 3266 3276 3278 3288 3290 3300 3302 3312 3314 3328 3374 3672 3684 3988 4000 4173 4183 4184 4315 4317 4327 4329 4339 4341 4351 4353 4363 4365 4375 4377 4387 4389 4399 4401 4411 4413 4423 4425 4435 4437 4447 4449 4459 4461 4471 4473 4483 4485 4495 4497 4509 4511
LI (77):  81 82 83 85 86 377 457 549 653 770 898 1038 1190 1354 1530 1718 1918 2131 2355 2591 2825 2827 2839 3044 3099 3100 3106 3110 3179 3181 3191 3193 3203 3205 3215 3217 3227 3229 3239 3241 3253 3255 3263 3265 3275 3277 3287 3289 3299 3301 3311 3313 3324 3325 3371 3655 3658 3664 3678 3951 3982 3990 4012 4024 4036 4048 4060 4072 4084 4096 4108 4120 4132 4144 4156 4168 4182
NODE_NUM = 199
FILE sqrt_sub_20.aig

# Subcircuit 21
SUB_ID 21
LO (41):  3408 3716 4036 4368 4552 4565 4567 4707 4709 4719 4721 4731 4733 4743 4745 4755 4757 4767 4769 4779 4781 4791 4793 4803 4805 4815 4817 4827 4829 4839 4841 4853 4855 4863 4865 4875 4877 4886 4888 4892 4902
LI (44):  193 198 215 253 308 377 457 549 653 770 898 1038 1190 1354 1530 1718 3371 3404 3407 3712 3714 4032 4034 4361 4364 4366 4370 4380 4392 4404 4416 4428 4440 4452 4464 4476 4488 4500 4514 4524 4536 4548 4559 4563
NODE_NUM = 139
FILE sqrt_sub_21.aig

# Subcircuit 22
SUB_ID 22
LO (30):  3407 3420 3728 4048 4380 4897 4899 4911 4916 4921 4922 5080 5092 5104 5116 5128 5140 5152 5164 5176 5188 5200 5214 5224 5231 5234 5235 5239 5247 5287
LI (49):  73 193 198 215 253 308 377 457 549 653 770 898 1038 1190 1354 3113 3371 3403 3415 3419 3724 3726 4044 4046 4376 4378 4579 4717 4720 4722 4726 4736 4748 4760 4772 4784 4796 4808 4820 4832 4844 4858 4868 4880 4891 4895 4909 4914 4920
NODE_NUM = 197
FILE sqrt_sub_22.aig

# Subcircuit 23
SUB_ID 23
LO (66):  3419 3432 3444 3456 3466 3655 3678 3692 3704 3712 3714 3724 3726 3740 3752 3764 3772 3774 3784 3786 3800 3812 3824 3836 3848 3862 3872 3884 3896 3908 3920 3924 3927 3930 3931 3937 3939 3943 4060 4072 4084 4139 4151 4153 4163 4165 4177 4179 4187 4189 4199 4201 4211 4213 4223 4225 4234 4236 4240 4250 4392 4404 4416 4736 4748 4760
LI (115):  193 198 215 253 308 377 457 549 653 3127 3136 3148 3160 3371 3385 3399 3417 3427 3429 3431 3439 3441 3443 3451 3453 3455 3465 3492 3504 3516 3528 3540 3554 3564 3576 3588 3600 3612 3624 3628 3635 3641 3643 3647 3652 3687 3688 3699 3701 3711 3713 3723 3725 3735 3736 3737 3738 3747 3748 3749 3750 3759 3760 3761 3762 3771 3773 3783 3785 3795 3797 3807 3809 3817 3819 3821 3826 3831 3833 3843 3845 3857 3859 3867 3869 3879 3881 3891 3893 3903 3905 3915 3917 3926 3928 3932 3942 4056 4058 4068 4070 4080 4082 4388 4390 4400 4402 4412 4414 4732 4734 4744 4746 4756 4758
NODE_NUM = 196
FILE sqrt_sub_23.aig

# Subcircuit 24
SUB_ID 24
LO (16):  3658 3664 3982 3990 4361 4370 4717 4726 4996 4999 5008 5020 5032 5044 5056 5068
LI (34):  79 80 81 1530 1718 1918 2131 2355 2591 2839 3099 3357 3359 3363 3368 3371 3655 3951 3954 3960 3974 4259 4290 4298 4320 4332 4344 4356 4579 4633 4642 4712 4911 4998
NODE_NUM = 199
FILE sqrt_sub_24.aig

# Subcircuit 25
SUB_ID 25
LO (47):  3951 3953 3974 4012 4024 4032 4034 4044 4046 4056 4058 4068 4070 4080 4082 4096 4108 4120 4132 4144 4156 4168 4182 4245 4247 4251 4256 4259 4272 4273 4276 4278 4282 4283 4524 4536 4548 4559 4563 4571 4576 4577 4600 4611 4612 4625 4906
LI (80):  77 78 193 198 215 253 3631 3634 3641 3643 3647 3652 3655 3692 3704 3776 3788 3800 3812 3824 3836 3848 3862 3872 3884 3896 3908 3920 3924 3927 3930 3931 3937 3939 3943 4007 4009 4019 4021 4031 4033 4043 4045 4055 4057 4067 4069 4079 4081 4091 4093 4103 4105 4115 4117 4127 4129 4139 4141 4151 4153 4163 4165 4177 4179 4185 4187 4189 4194 4199 4201 4211 4213 4223 4225 4234 4236 4240 4250 4262
NODE_NUM = 190
FILE sqrt_sub_25.aig

# Subcircuit 26
SUB_ID 26
LO (49):  3954 3960 4185 4194 4262 4633 4642 4948 4960 4972 4984 4989 4998 5133 5143 5144 5311 5313 5323 5325 5335 5337 5347 5349 5361 5371 5373 5383 5385 5395 5397 5407 5409 5419 5421 5431 5433 5443 5445 5455 5457 5467 5469 5479 5481 5491 5493 5503 5505
LI (53):  75 76 77 79 308 653 770 898 1038 1190 1354 1530 1718 1918 2131 2355 2591 2839 3099 3371 3641 3643 3647 3652 3655 3951 3953 4173 4183 4184 4259 4579 4582 4588 4602 4616 4628 4911 4942 4950 4999 5008 5020 5032 5044 5056 5068 5080 5092 5104 5116 5128 5140
NODE_NUM = 200
FILE sqrt_sub_26.aig

# Subcircuit 27
SUB_ID 27
LO (65):  4290 4298 4320 4332 4344 4356 4364 4366 4376 4378 4388 4390 4400 4402 4412 4414 4428 4440 4452 4464 4476 4488 4500 4514 4579 4616 4628 4712 4720 4722 4732 4734 4744 4746 4756 4758 4772 4784 4796 4808 4820 4832 4844 4858 4868 4880 4891 4895 4909 4913 4942 4950 5252 5255 5268 5269 5272 5274 5278 5279 5293 5304 5643 5644 5657
LI (147):  71 72 75 79 3371 3951 3988 4000 4012 4024 4096 4108 4120 4132 4144 4156 4168 4182 4259 4272 4273 4276 4278 4282 4283 4286 4315 4317 4319 4327 4329 4331 4339 4341 4343 4351 4353 4355 4363 4365 4368 4375 4377 4387 4389 4399 4401 4411 4413 4423 4425 4427 4435 4437 4439 4447 4449 4451 4459 4461 4463 4471 4473 4475 4483 4485 4487 4495 4497 4499 4509 4511 4513 4524 4536 4548 4552 4559 4565 4567 4577 4579 4611 4612 4625 4626 4707 4709 4719 4721 4731 4733 4743 4745 4755 4757 4767 4768 4769 4770 4779 4780 4781 4782 4791 4792 4793 4794 4803 4804 4805 4806 4815 4816 4817 4818 4827 4828 4829 4830 4839 4840 4841 4842 4853 4854 4855 4856 4863 4865 4875 4877 4886 4888 4892 4897 4899 4902 4908 4911 4924 4928 4930 5241 5243 5247 5258
NODE_NUM = 198
FILE sqrt_sub_27.aig

# Subcircuit 28
SUB_ID 28
LO (55):  4582 4588 4924 4928 4930 5292 5549 5559 5560 5667 5669 5679 5681 5691 5693 5703 5705 5715 5717 5727 5729 5739 5741 5751 5753 5763 5765 5775 5777 5787 5789 5799 5801 5811 5813 5823 5825 5835 5837 5847 5849 5859 5861 5871 5873 5883 5885 5895 5897 5907 5909 5919 5921 5931 5933
LI (60):  73 74 75 253 308 377 457 549 653 770 898 1038 1190 1354 1530 1718 1918 2131 2355 2591 2839 3099 3371 3655 3951 4245 4247 4251 4256 4259 4911 4916 4921 4923 5255 5286 5287 5294 5304 5316 5328 5340 5352 5364 5376 5388 5400 5412 5424 5436 5448 5460 5472 5484 5496 5508 5520 5532 5544 5556
NODE_NUM = 199
FILE sqrt_sub_28.aig

# Subcircuit 29
SUB_ID 29
LO (37):  4602 4908 4914 4920 4923 5241 5243 5258 5520 5532 5544 5556 5597 5599 5603 5608 5611 5625 5639 5642 5648 5651 5652 5948 5959 5963 5971 5976 5977 6000 6011 6012 6023 6025 6035 6037 6354
LI (43):  69 70 71 73 74 193 198 215 253 308 377 457 549 4565 4567 4571 4576 4579 4600 4906 4911 4913 4922 5144 5152 5154 5164 5176 5188 5200 5214 5224 5235 5239 5255 5269 5561 5570 5606 5614 5618 5643 5644
NODE_NUM = 198
FILE sqrt_sub_29.aig

# Subcircuit 30
SUB_ID 30
LO (53):  5154 5286 5294 5660 5929 5938 6047 6049 6059 6061 6071 6073 6083 6085 6095 6097 6107 6109 6119 6121 6131 6133 6143 6145 6155 6157 6167 6169 6179 6181 6191 6193 6203 6205 6215 6217 6227 6229 6239 6241 6251 6253 6263 6265 6275 6277 6287 6289 6299 6301 6311 6313 6325
LI (58):  73 215 253 308 377 457 549 653 770 898 1038 1190 1354 1530 1718 1918 2131 2355 2591 2839 3099 3371 3655 3951 4259 5133 5143 5272 5274 5279 5282 5293 5611 5653 5658 5662 5672 5684 5696 5708 5720 5732 5744 5756 5768 5780 5792 5804 5816 5828 5840 5852 5864 5876 5888 5900 5912 5924
NODE_NUM = 198
FILE sqrt_sub_30.aig

# Subcircuit 31
SUB_ID 31
LO (51):  5282 5316 5696 6088 6332 6345 6347 6487 6489 6499 6501 6511 6513 6523 6525 6535 6537 6547 6549 6559 6561 6571 6573 6583 6585 6595 6597 6607 6609 6619 6621 6631 6633 6643 6645 6655 6657 6667 6669 6679 6681 6691 6693 6703 6705 6715 6717 6726 6728 6732 6742
LI (55):  73 193 198 215 253 308 377 457 549 653 770 898 1038 1190 1354 1530 1718 1918 2131 2355 2591 2839 5255 5268 5278 5311 5315 5692 5694 6081 6084 6086 6090 6100 6112 6124 6136 6148 6160 6172 6184 6196 6208 6220 6232 6244 6256 6268 6280 6292 6304 6316 6328 6339 6343
NODE_NUM = 179
FILE sqrt_sub_31.aig

# Subcircuit 32
SUB_ID 32
LO (48):  5315 5328 5708 6100 6504 6724 6737 6739 6916 6918 6928 6930 6940 6942 6952 6954 6964 6966 6976 6978 6988 6990 7000 7002 7012 7014 7024 7026 7036 7038 7048 7050 7060 7062 7072 7074 7084 7086 7096 7098 7108 7110 7120 7122 7131 7133 7137 7147
LI (52):  193 198 215 253 308 377 457 549 653 770 898 1038 1190 1354 1530 1718 1918 2131 2355 4948 5255 5313 5323 5327 5704 5706 6096 6098 6497 6500 6502 6506 6516 6528 6540 6552 6564 6576 6588 6600 6612 6624 6636 6648 6660 6672 6684 6696 6708 6720 6731 6735
NODE_NUM = 165
FILE sqrt_sub_32.aig

# Subcircuit 33
SUB_ID 33
LO (45):  5327 5340 5720 6112 6516 6933 7129 7142 7144 7356 7358 7368 7370 7380 7382 7392 7394 7404 7406 7416 7418 7428 7430 7440 7442 7452 7454 7464 7466 7476 7478 7488 7490 7500 7502 7512 7514 7524 7526 7536 7538 7547 7549 7553 7563
LI (50):  193 198 215 253 308 377 457 549 653 770 898 1038 1190 1354 1530 1718 1918 4960 5255 5325 5335 5339 5716 5718 6108 6110 6512 6514 6926 6929 6931 6935 6945 6957 6969 6981 6993 7005 7017 7029 7041 7053 7065 7077 7089 7101 7113 7125 7136 7140
NODE_NUM = 151
FILE sqrt_sub_33.aig

# Subcircuit 34
SUB_ID 34
LO (42):  5339 5352 5732 6124 6528 6945 7373 7545 7558 7560 7808 7810 7820 7822 7832 7834 7844 7846 7856 7858 7868 7870 7880 7882 7892 7894 7904 7906 7916 7918 7928 7930 7940 7942 7952 7954 7964 7966 7975 7977 7981 7991
LI (48):  193 198 215 253 308 377 457 549 653 770 898 1038 1190 1354 1530 4972 5255 5337 5347 5351 5728 5730 6120 6122 6524 6526 6941 6943 7366 7369 7371 7375 7385 7397 7409 7421 7433 7445 7457 7469 7481 7493 7505 7517 7529 7541 7552 7556
NODE_NUM = 137
FILE sqrt_sub_34.aig

# Subcircuit 35
SUB_ID 35
LO (35):  5351 5364 5744 6136 6540 6957 7385 7574 7986 7988 8000 8005 8013 8014 8015 8016 8277 8289 8301 8313 8325 8337 8349 8361 8373 8385 8397 8409 8416 8419 8420 8424 8432 8472 8473
LI (54):  57 58 193 198 215 253 308 377 457 549 653 770 898 1038 1190 4984 4989 4996 4998 5255 5349 5363 5740 5742 6132 6134 6536 6538 6953 6955 7381 7383 7572 7818 7821 7823 7827 7837 7849 7861 7873 7885 7897 7909 7921 7933 7945 7957 7969 7980 7984 7998 8003 8009
NODE_NUM = 198
FILE sqrt_sub_35.aig

# Subcircuit 36
SUB_ID 36
LO (88):  5363 5376 5388 5400 5412 5424 5436 5448 5460 5472 5484 5496 5508 5561 5570 5606 5756 5768 5780 5792 5804 5816 5828 5840 5852 5864 5876 5888 6148 6160 6172 6184 6196 6208 6220 6232 6244 6256 6268 6280 6552 6564 6576 6588 6600 6612 6624 6636 6648 6660 6672 6684 6969 6981 6993 7005 7017 7029 7041 7053 7065 7077 7089 7101 7397 7409 7421 7433 7445 7457 7469 7481 7493 7505 7517 7529 7837 7849 7861 7873 7885 7897 7909 7921 7933 7945 7957 7969
LI (203):  215 4996 5008 5020 5032 5044 5056 5068 5080 5092 5104 5116 5128 5140 5231 5234 5247 5252 5255 5361 5371 5373 5375 5383 5385 5387 5395 5397 5399 5407 5409 5411 5419 5421 5423 5431 5433 5435 5443 5445 5447 5455 5457 5459 5467 5469 5471 5479 5481 5483 5491 5493 5495 5503 5505 5507 5549 5559 5560 5752 5754 5764 5766 5776 5778 5788 5790 5800 5802 5812 5814 5824 5826 5836 5838 5848 5850 5860 5862 5872 5874 5884 5886 6144 6146 6156 6158 6168 6170 6180 6182 6192 6194 6204 6206 6216 6218 6228 6230 6240 6242 6252 6254 6264 6266 6276 6278 6548 6550 6560 6562 6572 6574 6584 6586 6596 6598 6608 6610 6620 6622 6632 6634 6644 6646 6656 6658 6668 6670 6680 6682 6965 6967 6977 6979 6989 6991 7001 7003 7013 7015 7025 7027 7037 7039 7049 7051 7061 7063 7073 7075 7085 7087 7097 7099 7393 7395 7405 7407 7417 7419 7429 7431 7441 7443 7453 7455 7465 7467 7477 7479 7489 7491 7501 7503 7513 7515 7525 7527 7833 7835 7845 7847 7857 7859 7869 7871 7881 7883 7893 7895 7905 7907 7917 7919 7929 7931 7941 7943 7953 7955 7965 7967
NODE_NUM = 200
FILE sqrt_sub_36.aig

# Subcircuit 37
SUB_ID 37
LO (32):  5614 5618 6081 6090 6396 6408 6420 6432 6444 6456 6468 6480 6497 6506 6808 6810 6820 6822 6832 6834 6844 6846 6856 6858 6868 6870 6880 6882 6892 6894 6904 6906
LI (30):  67 68 69 2591 2839 3099 3371 3655 3951 4259 4579 4911 5247 5252 5255 5611 5979 5982 5988 6002 6016 6028 6040 6052 6064 6076 6359 6390 6398 6492
NODE_NUM = 184
FILE sqrt_sub_37.aig

# Subcircuit 38
SUB_ID 38
LO (83):  5653 5658 5662 5672 5684 5692 5694 5704 5706 5716 5718 5728 5730 5740 5742 5752 5754 5764 5766 5776 5778 5788 5790 5800 5802 5812 5814 5824 5826 5836 5838 5848 5850 5860 5862 5872 5874 5884 5886 5900 6064 6076 6292 6361 6696 6751 6756 6764 6766 6767 6774 6775 7113 7161 7166 7167 7174 7193 7541 7572 7603 7604 7607 7611 7980 7984 8003 8009 8037 8049 8059 8437 8440 8454 8468 8471 8479 8490 8924 8925 8936 8938 8950
LI (98):  55 56 57 59 60 61 63 64 4259 5292 5304 5611 5642 5651 5652 5657 5667 5669 5671 5679 5681 5683 5691 5693 5703 5705 5715 5717 5727 5729 5739 5741 5751 5753 5763 5765 5775 5777 5787 5789 5799 5801 5811 5813 5823 5825 5835 5837 5847 5849 5859 5861 5871 5873 5883 5885 5895 5899 6060 6062 6072 6074 6288 6290 6359 6692 6694 6737 6739 6743 6748 6751 6754 6760 7109 7111 7156 7537 7539 7558 7560 7564 7569 7575 7581 7976 7978 7983 7986 7988 7992 8000 8426 8428 8432 8433 8443 8449
NODE_NUM = 194
FILE sqrt_sub_38.aig

# Subcircuit 39
SUB_ID 39
LO (56):  5899 5912 6304 6708 7125 7552 7556 7992 7997 7998 8028 8270 8279 8484 8486 8496 8498 8508 8510 8520 8522 8532 8534 8544 8546 8556 8558 8570 8572 8580 8582 8592 8594 8604 8606 8616 8618 8628 8630 8640 8642 8652 8654 8664 8666 8676 8678 8688 8690 8700 8702 8712 8714 8724 8726 8738
LI (67):  59 1190 1354 1530 1718 1918 2131 2355 2591 2839 3099 3371 3655 3951 4259 4579 4911 5255 5520 5611 5897 5907 5911 5979 6300 6302 6359 6704 6706 6751 7121 7123 7545 7548 7550 7555 7558 7560 7564 7572 7986 7988 7991 7993 8013 8017 8019 8037 8049 8061 8073 8085 8097 8111 8121 8133 8145 8157 8169 8181 8193 8205 8217 8229 8241 8253 8265
NODE_NUM = 199
FILE sqrt_sub_39.aig

# Subcircuit 40
SUB_ID 40
LO (101):  5911 5924 5979 5982 5988 6002 6016 6028 6040 6052 6060 6062 6072 6074 6084 6086 6096 6098 6108 6110 6120 6122 6132 6134 6144 6146 6156 6158 6168 6170 6180 6182 6192 6194 6204 6206 6216 6218 6228 6230 6240 6242 6252 6254 6264 6266 6276 6278 6288 6290 6300 6302 6316 6328 6339 6343 6351 6356 6359 6373 6387 6390 6398 6492 6500 6502 6512 6514 6524 6526 6536 6538 6548 6550 6560 6562 6572 6574 6584 6586 6596 6598 6608 6610 6620 6622 6632 6634 6644 6720 6740 6748 6786 6788 6796 6798 7136 7140 7564 7569 7993
LI (131):  65 66 67 193 198 5255 5532 5544 5597 5599 5603 5608 5611 5625 5639 5648 5660 5909 5919 5921 5923 5929 5931 5935 5938 5948 5959 5963 5977 6000 6011 6012 6023 6025 6035 6037 6047 6049 6059 6061 6071 6073 6083 6085 6088 6095 6097 6107 6109 6119 6121 6131 6133 6143 6145 6155 6157 6167 6169 6179 6181 6191 6193 6203 6205 6215 6217 6227 6229 6239 6241 6251 6253 6263 6265 6275 6277 6287 6289 6299 6301 6311 6312 6313 6314 6325 6345 6347 6354 6362 6366 6487 6489 6499 6501 6511 6513 6523 6525 6535 6537 6547 6549 6559 6561 6571 6573 6583 6585 6595 6597 6607 6609 6619 6621 6631 6633 6643 6716 6718 7129 7132 7134 7139 7142 7144 7148 7156 7548 7563 7565
NODE_NUM = 200
FILE sqrt_sub_40.aig

# Subcircuit 41
SUB_ID 41
LO (65):  5935 6362 6366 6646 6656 6658 6668 6670 6680 6682 6692 6694 6704 6706 6716 6718 6731 6735 6754 6760 7148 7153 7156 7170 7184 7205 7219 7229 7241 7253 7265 7277 7289 7301 7313 7318 7325 7328 7329 7616 7618 7628 7630 7640 7642 7654 7656 7664 7666 7676 7678 7688 7690 7700 7702 7712 7714 7724 7726 7736 7738 7748 7750 7760 7762
LI (88):  63 65 2591 2839 3099 3371 3655 3951 4259 4579 4911 5255 5556 5611 5933 5971 5976 5979 6345 6347 6351 6356 6359 6361 6645 6655 6657 6667 6669 6679 6681 6691 6693 6703 6705 6715 6717 6724 6726 6730 6734 6737 6739 6743 6748 6751 6753 6779 6791 6801 6813 6825 6837 6849 6861 6873 6885 6897 7142 7144 7147 7161 7166 7168 7174 7193 7200 7202 7214 7216 7224 7226 7236 7238 7248 7250 7260 7262 7272 7274 7284 7286 7296 7298 7308 7310 7320 7322
NODE_NUM = 197
FILE sqrt_sub_41.aig

# Subcircuit 42
SUB_ID 42
LO (43):  6730 6734 6743 6753 6926 6935 7200 7202 7214 7216 7224 7226 7236 7238 7248 7250 7260 7262 7272 7274 7284 7286 7296 7298 7308 7310 7320 7322 7366 7375 7777 7789 7801 7818 7827 8224 8226 8236 8238 8248 8250 8260 8262
LI (52):  61 62 1354 1530 1718 1918 2131 2355 2591 2839 3099 3371 3655 3951 4259 4579 4911 5255 5611 5979 6328 6332 6347 6359 6728 6732 6740 6742 6767 6770 6780 6791 6801 6813 6825 6837 6849 6861 6873 6885 6897 6909 6921 7156 7199 7330 7339 7361 7572 7770 7779 7813
NODE_NUM = 186
FILE sqrt_sub_42.aig

# Subcircuit 43
SUB_ID 43
LO (110):  6770 6779 6780 6791 6801 6813 6825 6837 6849 6861 6873 6885 6897 6909 6921 6929 6931 6941 6943 6953 6955 6965 6967 6977 6979 6989 6991 7001 7003 7013 7015 7025 7027 7037 7039 7049 7051 7061 7063 7073 7075 7085 7087 7097 7099 7109 7111 7121 7123 7132 7134 7139 7168 7199 7330 7339 7361 7369 7371 7381 7383 7393 7395 7405 7407 7417 7419 7429 7431 7441 7443 7453 7455 7465 7467 7477 7479 7489 7491 7501 7503 7513 7515 7525 7527 7537 7539 7548 7550 7555 7565 7575 7581 7609 7674 7684 7685 8056 8068 8070 8080 8082 8092 8094 8106 8108 8116 8118 8128 8130
LI (163):  59 62 65 2355 4259 4579 4911 5255 5611 5979 6373 6387 6396 6408 6420 6432 6444 6456 6468 6480 6492 6504 6739 6751 6756 6764 6766 6774 6775 6778 6779 6786 6788 6790 6796 6798 6800 6808 6810 6812 6820 6822 6824 6832 6834 6836 6844 6846 6848 6856 6858 6860 6868 6870 6872 6880 6882 6884 6892 6894 6896 6904 6906 6908 6916 6918 6920 6928 6930 6933 6940 6942 6952 6954 6964 6966 6976 6978 6988 6990 7000 7002 7012 7014 7024 7026 7036 7038 7048 7050 7060 7062 7072 7074 7084 7086 7096 7098 7108 7110 7120 7122 7131 7133 7137 7142 7144 7148 7153 7156 7167 7170 7318 7328 7329 7356 7358 7360 7368 7370 7380 7382 7392 7394 7404 7406 7416 7418 7428 7430 7440 7442 7452 7454 7464 7466 7476 7478 7488 7490 7500 7502 7512 7514 7524 7526 7536 7538 7547 7549 7553 7572 7574 7603 7604 7608 7611 7621 7633 7645 7659 7669 7681
NODE_NUM = 197
FILE sqrt_sub_43.aig

# Subcircuit 44
SUB_ID 44
LO (55):  7608 7621 8073 8537 8818 8827 9008 9010 9020 9022 9032 9034 9046 9048 9056 9058 9068 9070 9080 9082 9092 9094 9104 9106 9116 9118 9128 9130 9140 9142 9152 9154 9164 9166 9176 9178 9188 9190 9200 9202 9212 9214 9224 9226 9236 9238 9248 9250 9260 9262 9272 9274 9284 9286 9298
LI (58):  308 377 457 549 653 770 898 1038 1190 1354 1530 1718 1918 2131 2355 2591 2839 3099 3371 3655 3951 4259 4579 4911 7170 7572 7607 7616 7620 8069 8071 8530 8533 8535 8539 8549 8561 8575 8585 8597 8609 8621 8633 8645 8657 8669 8681 8693 8705 8717 8729 8741 8753 8765 8777 8789 8801 8813
NODE_NUM = 200
FILE sqrt_sub_44.aig

# Subcircuit 45
SUB_ID 45
LO (56):  7620 7633 8085 8549 9025 9294 9304 9305 9508 9510 9520 9522 9534 9536 9544 9546 9556 9558 9568 9570 9580 9582 9592 9594 9604 9606 9616 9618 9628 9630 9640 9642 9652 9654 9664 9666 9676 9678 9688 9690 9700 9702 9712 9714 9724 9726 9736 9738 9748 9750 9760 9762 9772 9774 9784 9786
LI (59):  253 308 377 457 549 653 770 898 1038 1190 1354 1530 1718 1918 2131 2355 2591 2839 3099 3371 3655 3951 4259 7184 7572 7618 7628 7632 8081 8083 8545 8547 9018 9021 9023 9027 9037 9051 9061 9073 9085 9097 9109 9121 9133 9145 9157 9169 9181 9193 9205 9217 9229 9241 9253 9265 9277 9289 9301
NODE_NUM = 199
FILE sqrt_sub_45.aig

# Subcircuit 46
SUB_ID 46
LO (55):  7632 7645 8097 8561 9037 9525 9794 9803 10020 10022 10034 10036 10044 10046 10056 10058 10068 10070 10080 10082 10092 10094 10104 10106 10116 10118 10128 10130 10140 10142 10152 10154 10164 10166 10176 10178 10188 10190 10200 10202 10212 10214 10224 10226 10236 10238 10248 10250 10260 10262 10272 10274 10284 10286 10297
LI (60):  198 215 253 308 377 457 549 653 770 898 1038 1190 1354 1530 1718 1918 2131 2355 2591 2839 3099 3371 3655 7193 7572 7630 7640 7644 8093 8095 8557 8559 9033 9035 9518 9521 9523 9527 9539 9549 9561 9573 9585 9597 9609 9621 9633 9645 9657 9669 9681 9693 9705 9717 9729 9741 9753 9765 9777 9789
NODE_NUM = 197
FILE sqrt_sub_46.aig

# Subcircuit 47
SUB_ID 47
LO (56):  7644 7659 8111 8575 9051 9539 10039 10293 10306 10308 10546 10548 10556 10558 10568 10570 10580 10582 10592 10594 10604 10606 10616 10618 10628 10630 10640 10642 10652 10654 10664 10666 10676 10678 10688 10690 10700 10702 10712 10714 10724 10726 10736 10738 10748 10750 10760 10762 10772 10774 10784 10786 10795 10797 10801 10811
LI (62):  193 198 215 253 308 377 457 549 653 770 898 1038 1190 1354 1530 1718 1918 2131 2355 2591 2839 3099 7205 7572 7642 7654 7658 8107 8109 8571 8573 9047 9049 9535 9537 10030 10032 10035 10037 10049 10061 10073 10085 10097 10109 10121 10133 10145 10157 10169 10181 10193 10205 10217 10229 10241 10253 10265 10277 10289 10300 10304
NODE_NUM = 193
FILE sqrt_sub_47.aig

# Subcircuit 48
SUB_ID 48
LO (53):  7658 7669 8121 8585 9061 9549 10049 10561 10793 10806 10808 11080 11082 11092 11094 11104 11106 11116 11118 11128 11130 11140 11142 11152 11154 11164 11166 11176 11178 11188 11190 11200 11202 11212 11214 11224 11226 11236 11238 11248 11250 11260 11262 11272 11274 11284 11286 11296 11298 11307 11309 11313 11323
LI (60):  193 198 215 253 308 377 457 549 653 770 898 1038 1190 1354 1530 1718 1918 2131 2355 2591 7219 7572 7656 7664 7668 8117 8119 8581 8583 9057 9059 9545 9547 10045 10047 10554 10557 10559 10563 10573 10585 10597 10609 10621 10633 10645 10657 10669 10681 10693 10705 10717 10729 10741 10753 10765 10777 10789 10800 10804
NODE_NUM = 179
FILE sqrt_sub_48.aig

# Subcircuit 49
SUB_ID 49
LO (50):  7668 7681 8133 8597 9073 9561 10061 10573 11097 11305 11318 11320 11628 11630 11640 11642 11652 11654 11664 11666 11676 11678 11688 11690 11700 11702 11712 11714 11724 11726 11736 11738 11748 11750 11760 11762 11772 11774 11784 11786 11796 11798 11808 11810 11820 11822 11831 11833 11837 11847
LI (58):  193 198 215 253 308 377 457 549 653 770 898 1038 1190 1354 1530 1718 1918 2131 7229 7572 7666 7676 7680 8129 8131 8593 8595 9069 9071 9557 9559 10057 10059 10569 10571 11090 11093 11095 11099 11109 11121 11133 11145 11157 11169 11181 11193 11205 11217 11229 11241 11253 11265 11277 11289 11301 11312 11316
NODE_NUM = 165
FILE sqrt_sub_49.aig

# Subcircuit 50
SUB_ID 50
LO (64):  7680 7770 7779 8145 8157 8169 8181 8193 8205 8217 8609 8621 8633 8645 8657 8669 8681 9085 9097 9109 9121 9133 9145 9157 9573 9585 9597 9609 9621 9633 9645 10073 10085 10097 10109 10121 10133 10145 10585 10597 10609 10621 10633 10645 10657 11109 11121 11133 11145 11157 11169 11181 11645 11657 11662 11669 11672 11673 12188 12190 12200 12202 12212 12214
LI (115):  1530 1718 2131 2355 2591 2839 3099 3371 3655 3951 7241 7572 7678 7685 7693 7695 7705 7717 7729 7741 7753 7765 8000 8605 8607 8617 8619 8629 8631 8641 8643 8653 8655 8665 8667 8677 8679 9081 9083 9093 9095 9105 9107 9117 9119 9129 9131 9141 9143 9153 9155 9569 9571 9581 9583 9593 9595 9605 9607 9617 9619 9629 9631 9641 9643 10069 10071 10081 10083 10093 10095 10105 10107 10117 10119 10129 10131 10141 10143 10581 10583 10593 10595 10605 10607 10617 10619 10629 10631 10641 10643 10653 10655 11105 11107 11117 11119 11129 11131 11141 11143 11153 11155 11165 11167 11177 11179 11638 11641 11643 11647 11653 11655 11665 11667
NODE_NUM = 198
FILE sqrt_sub_50.aig

# Subcircuit 51
SUB_ID 51
LO (53):  7693 7695 7705 7717 7729 7741 7753 7765 7813 8265 8729 9205 9693 10193 10321 10323 10324 10331 10705 10820 10825 10835 10836 10848 11229 11337 11342 11343 11350 11369 11842 11844 11856 11869 11870 11873 11875 11888 11891 11894 12313 12325 12337 12349 12361 12368 12371 12372 12376 12384 12424 12425 12438
LI (83):  41 42 43 45 46 47 193 198 215 253 308 377 3951 7253 7265 7277 7289 7301 7313 7325 7572 7674 7684 7688 7690 7692 7700 7702 7704 7712 7714 7716 7724 7726 7728 7736 7738 7740 7748 7750 7752 7760 7762 7764 7808 7812 8261 8263 8725 8727 9201 9203 9689 9691 10189 10191 10320 10701 10703 10806 10808 10812 10817 10820 10823 10829 11225 11227 11332 11758 11761 11763 11767 11777 11789 11801 11813 11825 11836 11840 11854 11859 11865
NODE_NUM = 195
FILE sqrt_sub_51.aig

# Subcircuit 52
SUB_ID 52
LO (58):  7812 7821 7823 7833 7835 7845 7847 7857 7859 7869 7871 7881 7883 7893 7895 7905 7907 7917 7919 7929 7931 7941 7943 7953 7955 7965 7967 7976 7978 7983 8017 8019 8061 8433 8530 8539 9018 9027 9518 9527 10030 10032 10501 10513 10525 10537 10554 10563 11020 11022 11032 11034 11044 11046 11056 11058 11070 11072
LI (70):  2839 3099 3371 3655 3951 4259 4579 4911 5255 7156 7373 7560 7572 7810 7820 7822 7832 7834 7844 7846 7856 7858 7868 7870 7880 7882 7892 7894 7904 7906 7916 7918 7928 7930 7940 7942 7952 7954 7964 7966 7975 7977 7981 7997 8000 8005 8015 8016 8056 8060 8518 8521 8523 8527 8892 8994 9003 9013 9356 9482 9491 9513 9832 9982 9991 10025 10320 10494 10503 10551
NODE_NUM = 200
FILE sqrt_sub_52.aig

# Subcircuit 53
SUB_ID 53
LO (50):  8060 8069 8071 8081 8083 8093 8095 8107 8109 8117 8119 8129 8131 8229 8693 9169 9657 10157 10669 11193 11332 11345 11346 11347 11758 11767 11859 11865 12378 12380 12392 12405 12406 12409 12411 12837 12849 12861 12873 12885 12897 12909 12916 12919 12920 12924 12932 12972 12973 12986
LI (67):  39 40 41 193 198 215 253 308 377 457 549 653 7609 8000 8059 8068 8070 8080 8082 8092 8094 8106 8108 8116 8118 8128 8130 8224 8228 8689 8691 9165 9167 9653 9655 10153 10155 10665 10667 10822 11189 11191 11318 11320 11324 11329 11342 11344 11722 11725 11727 11731 11741 11753 11856 12270 12279 12313 12325 12337 12349 12361 12372 12376 12390 12395 12401
NODE_NUM = 200
FILE sqrt_sub_53.aig

# Subcircuit 54
SUB_ID 54
LO (39):  8228 8241 8253 8261 8263 8426 8428 8705 8717 8741 8753 8765 8777 8789 8801 8813 8825 8828 8837 8849 8861 8868 8871 8872 8876 8884 9181 9193 9295 9669 9681 10169 10181 10681 10693 11205 11217 11741 11753
LI (72):  193 198 215 253 308 377 457 549 653 770 898 1038 7777 7789 7801 8000 8226 8236 8238 8240 8248 8250 8252 8260 8262 8270 8277 8279 8289 8301 8313 8325 8337 8349 8361 8373 8385 8397 8409 8420 8424 8440 8701 8703 8713 8715 8740 8827 9177 9179 9189 9191 9665 9667 9677 9679 10165 10167 10177 10179 10677 10679 10689 10691 11201 11203 11213 11215 11737 11739 11749 11751
NODE_NUM = 192
FILE sqrt_sub_54.aig

# Subcircuit 55
SUB_ID 55
LO (30):  8443 8449 8994 9003 9393 9405 9417 9429 9441 9453 9465 9477 9482 9491 9888 9890 9900 9902 9912 9914 9924 9926 9936 9938 9948 9950 9960 9962 9972 9974
LI (30):  53 54 55 4911 5255 5611 5979 6359 6751 7156 7572 7986 7988 7992 7997 8000 8440 8892 8895 8901 8915 8929 8941 8953 8965 8977 8989 9356 9387 9395
NODE_NUM = 178
FILE sqrt_sub_55.aig

# Subcircuit 56
SUB_ID 56
LO (91):  8518 8521 8523 8527 8533 8535 8545 8547 8557 8559 8571 8573 8581 8583 8593 8595 8605 8607 8617 8619 8629 8631 8641 8643 8653 8655 8665 8667 8677 8679 8689 8691 8701 8703 8713 8715 8725 8727 8740 8878 8880 8892 8915 8929 8941 8953 8965 8977 8989 9013 9021 9023 9033 9035 9047 9049 9057 9059 9069 9071 9081 9083 9093 9095 9105 9107 9117 9119 9129 9131 9141 9143 9153 9155 9165 9167 9177 9179 9189 9191 9201 9203 9213 9215 9313 9325 9332 9335 9336 9340 9348
LI (124):  193 198 215 253 5611 5979 6359 6751 8014 8028 8037 8049 8277 8440 8454 8468 8471 8472 8473 8476 8479 8484 8486 8488 8489 8490 8496 8498 8500 8501 8508 8510 8512 8513 8520 8522 8532 8534 8537 8544 8546 8556 8558 8570 8572 8580 8582 8592 8594 8604 8606 8616 8618 8628 8630 8640 8642 8652 8654 8664 8666 8676 8678 8688 8690 8700 8702 8712 8714 8724 8726 8738 8818 8828 8837 8849 8861 8872 8876 8890 8892 8913 8924 8925 8936 8938 8950 8951 9008 9010 9020 9022 9032 9034 9046 9048 9056 9058 9068 9070 9080 9082 9092 9094 9104 9106 9116 9118 9128 9130 9140 9142 9152 9154 9164 9166 9176 9178 9188 9190 9200 9202 9212 9214
NODE_NUM = 199
FILE sqrt_sub_56.aig

# Subcircuit 57
SUB_ID 57
LO (68):  8890 8895 8901 8913 9356 9387 9395 9513 9521 9523 9535 9537 9545 9547 9557 9559 9569 9571 9581 9583 9593 9595 9605 9607 9617 9619 9629 9631 9641 9643 9653 9655 9665 9667 9677 9679 9689 9691 9705 9717 9729 9741 9753 9765 9777 9789 9801 9818 9820 9824 9829 9832 9837 9842 9843 9850 9855 9858 9869 9881 10296 10303 10312 10317 10318 10341 10352 10813
LI (93):  49 51 52 53 193 8000 8416 8419 8426 8428 8432 8437 8440 8868 8871 8878 8880 8884 8892 9025 9217 9229 9241 9253 9265 9277 9289 9301 9313 9325 9329 9332 9335 9336 9342 9344 9348 9359 9508 9510 9520 9522 9534 9536 9544 9546 9556 9558 9568 9570 9580 9582 9592 9594 9604 9606 9616 9618 9628 9630 9640 9642 9652 9654 9664 9666 9676 9678 9688 9690 9700 9702 9712 9714 9724 9726 9736 9738 9748 9750 9760 9762 9772 9774 9784 9786 9794 9796 9798 9803 9807 9809 9835
NODE_NUM = 197
FILE sqrt_sub_57.aig

# Subcircuit 58
SUB_ID 58
LO (30):  9217 9229 9241 9253 9265 9277 9289 9301 9329 9342 9344 9359 9796 9798 9807 9809 9982 9991 10357 10369 10381 10393 10405 10417 10429 10441 10453 10465 10477 10489
LI (77):  49 50 51 193 198 215 4579 4911 5255 5611 5979 6359 6751 7156 7572 8000 8440 8741 8753 8765 8777 8789 8801 8813 8818 8825 8892 9213 9215 9224 9226 9228 9236 9238 9240 9248 9250 9252 9260 9262 9264 9272 9274 9276 9284 9286 9288 9294 9295 9298 9300 9304 9305 9313 9315 9325 9336 9340 9832 9837 9842 9844 9850 9855 9858 9869 9881 9893 9905 9917 9929 9941 9953 9965 9977 10320 10352
NODE_NUM = 200
FILE sqrt_sub_58.aig

# Subcircuit 59
SUB_ID 59
LO (18):  9835 10494 10503 10857 10860 10869 10881 10893 10905 10917 10929 10941 10953 10965 10977 10989 11001 11013
LI (36):  47 48 49 4259 4579 4911 5255 5611 5979 6359 6751 7156 7572 8000 8440 8892 9356 10320 10325 10330 10332 10343 10357 10369 10381 10393 10405 10417 10429 10441 10453 10465 10477 10489 10820 10859
NODE_NUM = 177
FILE sqrt_sub_59.aig

# Subcircuit 60
SUB_ID 60
LO (84):  9844 9893 9905 9917 9929 9941 9953 9965 9977 10025 10035 10037 10045 10047 10057 10059 10069 10071 10081 10083 10093 10095 10105 10107 10117 10119 10129 10131 10141 10143 10153 10155 10165 10167 10177 10179 10189 10191 10205 10217 10229 10241 10253 10265 10717 10729 10741 10753 10765 10777 11241 11253 11265 11277 11289 11301 11777 11789 11801 11813 11825 11836 11840 12389 12390 12420 12494 12504 12505 12984 12996 12998 13008 13010 13020 13022 13032 13034 13044 13046 13056 13058 13068 13070
LI (151):  41 50 8000 8440 8892 9356 9393 9405 9417 9429 9441 9453 9465 9477 9525 9705 9717 9729 9741 9753 9832 9843 9888 9890 9892 9900 9902 9904 9912 9914 9916 9924 9926 9928 9936 9938 9940 9948 9950 9952 9960 9962 9964 9972 9974 9976 10020 10022 10024 10034 10036 10044 10046 10056 10058 10068 10070 10080 10082 10092 10094 10104 10106 10116 10118 10128 10130 10140 10142 10152 10154 10164 10166 10176 10178 10188 10190 10200 10202 10204 10212 10214 10216 10224 10226 10228 10236 10238 10240 10248 10250 10252 10260 10264 10320 10713 10715 10725 10727 10737 10739 10749 10751 10761 10763 10773 10775 10820 11237 11239 11249 11251 11261 11263 11273 11275 11285 11287 11297 11299 11773 11775 11785 11787 11797 11799 11809 11811 11821 11823 11832 11834 11839 11842 11844 11848 11856 12378 12380 12384 12385 12405 12409 12411 12429 12441 12453 12465 12477 12489 12501
NODE_NUM = 198
FILE sqrt_sub_60.aig

# Subcircuit 61
SUB_ID 61
LO (55):  10264 10277 10789 11312 11316 11848 11853 11854 11884 12126 12136 12137 12436 12448 12450 12460 12462 12472 12474 12484 12486 12496 12498 12508 12510 12520 12522 12532 12534 12544 12546 12556 12558 12568 12570 12580 12582 12592 12594 12604 12606 12616 12618 12628 12630 12640 12642 12652 12654 12664 12666 12676 12678 12688 12690
LI (65):  43 2839 3099 3371 3655 3951 4259 4579 4911 5255 5611 5979 6359 6751 7156 7572 8000 8440 8892 9356 9765 9832 10262 10272 10276 10320 10785 10787 11305 11308 11310 11315 11318 11320 11324 11332 11842 11844 11847 11849 11869 11873 11875 11893 11894 11905 11917 11929 11941 11953 11965 11977 11989 12001 12013 12025 12037 12049 12061 12073 12085 12097 12109 12121 12133
NODE_NUM = 197
FILE sqrt_sub_61.aig

# Subcircuit 62
SUB_ID 62
LO (54):  10276 10289 10800 10804 11324 11329 11360 11614 11623 11900 11902 11912 11914 11924 11926 11936 11938 11948 11950 11960 11962 11972 11974 11984 11986 11996 11998 12008 12010 12020 12022 12032 12034 12044 12046 12056 12058 12068 12070 12080 12082 12092 12094 12104 12106 12116 12118 12128 12130 12140 12142 12154 12156 12166
LI (63):  45 2355 2591 2839 3099 3371 3655 3951 4259 4579 4911 5255 5611 5979 6359 6751 7156 7572 8000 8440 8892 9356 9777 9832 10274 10284 10288 10793 10796 10798 10803 10806 10808 10812 10820 11318 11320 11323 11325 11345 11349 11351 11369 11381 11393 11405 11417 11429 11441 11453 11465 11477 11489 11501 11513 11525 11537 11549 11561 11573 11585 11597 11611
NODE_NUM = 200
FILE sqrt_sub_62.aig

# Subcircuit 63
SUB_ID 63
LO (82):  10288 10300 10304 10320 10551 10557 10559 10569 10571 10581 10583 10593 10595 10605 10607 10617 10619 10629 10631 10641 10643 10653 10655 10665 10667 10677 10679 10689 10691 10701 10703 10713 10715 10725 10727 10737 10739 10749 10751 10761 10763 10773 10775 10785 10787 10796 10798 10803 10812 10817 11090 11099 11325 11349 11611 11638 11647 12159 12169 12181 12270 12279 12714 12716 12724 12726 12736 12738 12748 12750 12760 12762 12772 12774 12784 12786 12796 12798 12808 12810 12820 12822
LI (97):  653 770 898 1038 1190 1354 1530 1718 1918 2131 2355 2591 9789 9801 9832 10039 10286 10293 10296 10297 10303 10306 10308 10312 10318 10320 10546 10548 10556 10558 10568 10570 10580 10582 10592 10594 10604 10606 10616 10618 10628 10630 10640 10642 10652 10654 10664 10666 10676 10678 10688 10690 10700 10702 10712 10714 10724 10726 10736 10738 10748 10750 10760 10762 10772 10774 10784 10786 10795 10796 10797 10801 10811 10813 11066 11068 11071 11073 11085 11332 11348 11614 11623 11633 11856 12150 12152 12155 12157 12167 12193 12205 12217 12229 12241 12253 12265
NODE_NUM = 195
FILE sqrt_sub_63.aig

# Subcircuit 64
SUB_ID 64
LO (48):  10325 10330 10332 10343 10822 10823 10829 10837 10851 10859 11066 11068 11376 11390 11400 11402 11412 11414 11424 11426 11436 11438 11448 11450 11460 11462 11472 11474 11484 11486 11496 11498 11508 11510 11520 11522 11532 11534 11544 11546 11556 11558 11568 11570 11580 11582 11592 11594
LI (58):  43 44 45 48 2839 3099 3371 3655 3951 4259 4579 4911 5255 5611 5979 6359 6751 7156 7572 8000 8440 8892 9356 9818 9820 9824 9829 9832 10306 10308 10312 10317 10321 10323 10324 10331 10341 10836 10849 10860 10869 10881 10893 10905 10917 10929 10941 10953 10965 10977 10989 11001 11013 11025 11037 11049 11061 11375
NODE_NUM = 162
FILE sqrt_sub_64.aig

# Subcircuit 65
SUB_ID 65
LO (55):  10849 11375 11381 11929 12489 13061 13330 13339 13640 13642 13652 13654 13664 13666 13676 13678 13688 13690 13700 13702 13712 13714 13724 13726 13736 13738 13748 13750 13760 13762 13772 13774 13784 13786 13796 13798 13808 13810 13820 13822 13832 13834 13844 13846 13856 13858 13870 13872 13880 13882 13892 13894 13904 13906 13918
LI (60):  1190 1354 1530 1718 1918 2131 2355 2591 2839 3099 3371 3655 3951 4259 4579 4911 5255 5611 5979 6359 6751 7156 7572 9832 10825 10835 10837 10848 11332 11377 11925 11927 12485 12487 13054 13057 13059 13063 13073 13085 13097 13109 13121 13133 13145 13157 13169 13181 13193 13205 13217 13229 13241 13253 13265 13277 13291 13301 13313 13325
NODE_NUM = 199
FILE sqrt_sub_65.aig

# Subcircuit 66
SUB_ID 66
LO (51):  11025 11561 12109 12669 12913 12926 12928 13236 13238 13248 13250 13260 13262 13272 13274 13286 13288 13296 13298 13308 13310 13320 13322 13332 13334 13344 13346 13356 13358 13368 13370 13380 13382 13392 13394 13404 13406 13416 13418 13428 13430 13440 13442 13452 13454 13464 13466 13475 13477 13481 13491
LI (54):  193 198 215 253 308 377 457 549 653 770 898 1038 1190 1354 1530 1718 1918 2131 2355 2591 2839 10820 11020 11024 11557 11559 12105 12107 12662 12665 12667 12671 12681 12693 12705 12719 12729 12741 12753 12765 12777 12789 12801 12813 12825 12837 12849 12861 12873 12885 12897 12909 12920 12924
NODE_NUM = 179
FILE sqrt_sub_66.aig

# Subcircuit 67
SUB_ID 67
LO (48):  11024 11037 11573 12121 12681 13253 13837 14045 14058 14060 14428 14430 14440 14442 14452 14454 14466 14468 14476 14478 14488 14490 14500 14502 14512 14514 14524 14526 14536 14538 14548 14550 14560 14562 14572 14574 14584 14586 14596 14598 14608 14610 14620 14622 14631 14633 14637 14647
LI (54):  193 198 215 253 308 377 457 549 653 770 898 1038 1190 1354 1530 1718 1918 2131 10501 10820 11022 11032 11036 11569 11571 12117 12119 12677 12679 13249 13251 13830 13833 13835 13839 13849 13861 13875 13885 13897 13909 13921 13933 13945 13957 13969 13981 13993 14005 14017 14029 14041 14052 14056
NODE_NUM = 161
FILE sqrt_sub_67.aig

# Subcircuit 68
SUB_ID 68
LO (45):  11036 11049 11585 12133 12693 13265 13849 14445 14629 14642 14644 15048 15050 15060 15062 15074 15076 15084 15086 15096 15098 15108 15110 15120 15122 15132 15134 15144 15146 15156 15158 15168 15170 15180 15182 15192 15194 15204 15206 15216 15218 15227 15229 15233 15243
LI (52):  193 198 215 253 308 377 457 549 653 770 898 1038 1190 1354 1530 1718 10513 10820 11034 11044 11048 11581 11583 12129 12131 12689 12691 13261 13263 13845 13847 14438 14441 14443 14447 14457 14471 14481 14493 14505 14517 14529 14541 14553 14565 14577 14589 14601 14613 14625 14636 14640
NODE_NUM = 147
FILE sqrt_sub_68.aig

# Subcircuit 69
SUB_ID 69
LO (43):  11048 11061 11597 12150 12152 12705 13277 13861 14457 15065 15225 15238 15240 15680 15682 15694 15696 15704 15706 15716 15718 15728 15730 15740 15742 15752 15754 15764 15766 15776 15778 15788 15790 15800 15802 15812 15814 15824 15826 15835 15837 15841 15851
LI (52):  193 198 215 253 308 377 457 549 653 770 898 1038 1190 1354 2355 10525 10820 11046 11056 11060 11593 11595 12138 12141 12143 12147 12392 13273 13275 13857 13859 14453 14455 15058 15061 15063 15067 15079 15089 15101 15113 15125 15137 15149 15161 15173 15185 15197 15209 15221 15232 15236
NODE_NUM = 143
FILE sqrt_sub_69.aig

# Subcircuit 70
SUB_ID 70
LO (85):  11060 11071 11073 11085 11093 11095 11105 11107 11117 11119 11129 11131 11141 11143 11153 11155 11165 11167 11177 11179 11189 11191 11201 11203 11213 11215 11225 11227 11237 11239 11249 11251 11261 11263 11273 11275 11285 11287 11297 11299 11308 11310 11315 11344 11348 11351 11377 11393 11849 11941 12501 13073 13657 13830 13839 14248 14250 14260 14262 14272 14274 14284 14286 14296 14298 14308 14310 14320 14322 14332 14334 14344 14346 14356 14358 14368 14370 14380 14382 14392 14394 14404 14406 14416 14418
LI (100):  44 2355 2591 2839 3099 3371 3655 3951 4259 4579 4911 5255 5611 5979 6359 6751 10537 10561 10808 10820 10851 10857 10859 11058 11070 11072 11080 11082 11084 11092 11094 11104 11106 11116 11118 11128 11130 11140 11142 11152 11154 11164 11166 11176 11178 11188 11190 11200 11202 11212 11214 11224 11226 11236 11238 11248 11250 11260 11262 11272 11274 11284 11286 11296 11298 11307 11309 11313 11329 11332 11337 11343 11347 11350 11376 11392 11937 11939 12497 12499 13069 13071 13650 13653 13655 13659 13669 13681 13693 13705 13717 13729 13741 13753 13765 13777 13789 13801 13813 13825
NODE_NUM = 185
FILE sqrt_sub_70.aig

# Subcircuit 71
SUB_ID 71
LO (34):  11392 11405 11953 12662 12671 13085 13097 13109 13121 13133 13145 13157 13169 13181 13193 13205 13217 13229 13669 13681 13693 13705 13717 13729 13741 13753 13765 13777 13789 13801 13813 14265 14268 14867
LI (66):  3099 3371 3655 3951 4259 4579 4911 5255 5611 5979 6359 6751 7156 10857 11332 11390 11400 11404 11949 11951 12506 12509 12511 12515 12525 12537 12549 12561 12573 12585 12597 12609 12621 12633 12645 12657 12940 13665 13667 13677 13679 13689 13691 13701 13703 13713 13715 13725 13727 13737 13739 13749 13751 13761 13763 13773 13775 13785 13787 13797 13799 13809 13811 14261 14263 14267
NODE_NUM = 194
FILE sqrt_sub_71.aig

# Subcircuit 72
SUB_ID 72
LO (74):  11404 11417 11429 11441 11453 11465 11477 11489 11501 11513 11525 11537 11549 11557 11559 11569 11571 11581 11583 11593 11595 11633 11641 11643 11653 11655 11665 11667 11722 11731 11965 11977 11989 12001 12013 12025 12037 12049 12061 12073 12085 12097 12229 12241 12253 12265 12525 12537 12549 12561 12573 12585 12597 12609 12621 12633 12645 12657 12789 12801 12813 12825 13361 13373 13378 13385 13388 13389 13940 13942 13952 13954 13964 13966
LI (146):  653 770 898 1038 1190 1354 10869 10881 10893 10905 10917 10929 10941 10953 10965 10977 10989 11001 11013 11097 11332 11402 11412 11414 11416 11424 11426 11428 11436 11438 11440 11448 11450 11452 11460 11462 11464 11472 11474 11476 11484 11486 11488 11496 11498 11500 11508 11510 11512 11520 11522 11524 11532 11534 11536 11544 11546 11548 11556 11558 11568 11570 11580 11582 11592 11594 11628 11630 11632 11640 11642 11652 11654 11664 11666 11673 11681 11683 11693 11705 11717 11856 11961 11963 11973 11975 11985 11987 11997 11999 12009 12011 12021 12023 12033 12035 12045 12047 12057 12059 12069 12071 12081 12083 12093 12095 12521 12523 12533 12535 12545 12547 12557 12559 12569 12571 12581 12583 12593 12595 12605 12607 12617 12619 12629 12631 12641 12643 12653 12655 12785 12787 12797 12799 12809 12811 12821 12823 13354 13357 13359 13363 13369 13371 13381 13383
NODE_NUM = 200
FILE sqrt_sub_72.aig

# Subcircuit 73
SUB_ID 73
LO (59):  11681 11683 11693 11705 11717 11725 11727 11737 11739 11749 11751 11761 11763 11773 11775 11785 11787 11797 11799 11809 11811 11821 11823 11832 11834 11839 11893 12385 12453 13054 13063 13650 13659 14205 14217 14229 14241 14258 14267 14294 14304 14305 14808 14810 14820 14822 14832 14834 14844 14846 14856 14858 14870 14880 14882 14892 14894 14904 14906
LI (77):  1354 5255 5611 5979 6359 6751 7156 7572 8000 8440 8892 11145 11157 11169 11181 11320 11332 11346 11662 11672 11676 11678 11680 11688 11690 11692 11700 11702 11704 11712 11714 11716 11724 11726 11736 11738 11748 11750 11760 11762 11772 11774 11784 11786 11796 11798 11808 11810 11820 11822 11831 11833 11837 11853 11856 11888 11892 12449 12451 13018 13021 13023 13027 13037 13049 13500 13602 13611 13645 14072 14198 14207 14253 14268 14277 14289 14301
NODE_NUM = 198
FILE sqrt_sub_73.aig

# Subcircuit 74
SUB_ID 74
LO (76):  11892 11905 11917 11925 11927 11937 11939 11949 11951 11961 11963 11973 11975 11985 11987 11997 11999 12009 12011 12021 12023 12033 12035 12045 12047 12057 12059 12069 12071 12081 12083 12093 12095 12105 12107 12117 12119 12129 12131 12138 12141 12143 12147 12155 12157 12167 12193 12465 12477 12753 13037 13049 13325 13909 14505 15113 15846 15848 15860 15865 15870 15871 16365 16377 16389 16401 16413 16425 16437 16449 16456 16459 16460 16464 16472 16512
LI (104):  27 193 198 215 253 308 377 457 549 653 2591 11346 11360 11369 11856 11891 11900 11902 11904 11912 11914 11916 11924 11926 11936 11938 11948 11950 11960 11962 11972 11974 11984 11986 11996 11998 12008 12010 12020 12022 12032 12034 12044 12046 12056 12058 12068 12070 12080 12082 12092 12094 12104 12106 12116 12118 12126 12128 12130 12136 12137 12140 12142 12154 12156 12166 12188 12192 12461 12463 12473 12475 12749 12751 13033 13035 13045 13047 13321 13323 13905 13907 14501 14503 15109 15111 15252 15726 15729 15731 15735 15745 15757 15769 15781 15793 15805 15817 15829 15840 15844 15858 15863 15869
NODE_NUM = 200
FILE sqrt_sub_74.aig

# Subcircuit 75
SUB_ID 75
LO (39):  12192 12205 12217 12395 12401 12765 12777 13018 13027 13354 13363 13537 13549 13561 13573 13585 13597 13602 13611 13921 13933 14128 14130 14140 14142 14152 14154 14164 14166 14176 14178 14188 14190 14517 14529 15125 15137 15745 15757
LI (62):  37 38 39 898 1038 8892 9356 9832 10320 10820 11332 11645 11657 11669 11842 11844 11848 11853 11856 12190 12200 12202 12204 12212 12214 12216 12392 12761 12763 12773 12775 12940 12943 12949 12963 12977 12989 13001 13013 13330 13333 13335 13339 13345 13347 13349 13500 13531 13539 13919 14513 14515 14525 14527 15121 15123 15133 15135 15741 15743 15753 15755
NODE_NUM = 190
FILE sqrt_sub_75.aig

# Subcircuit 76
SUB_ID 76
LO (85):  12429 12441 12449 12451 12461 12463 12473 12475 12485 12487 12497 12499 12506 12509 12511 12515 12521 12523 12533 12535 12545 12547 12557 12559 12569 12571 12581 12583 12593 12595 12605 12607 12617 12619 12629 12631 12641 12643 12653 12655 12665 12667 12677 12679 12689 12691 12719 13001 13013 13291 13875 14471 15079 15726 15735 16331 16341 16353 16453 16466 16468 16970 16972 16980 16982 16992 16994 17004 17006 17016 17018 17028 17030 17040 17042 17052 17054 17064 17066 17076 17078 17087 17089 17093 17103
LI (100):  193 198 215 253 308 377 457 549 653 770 898 1038 7572 11870 11884 12392 12424 12425 12428 12436 12438 12440 12448 12450 12460 12462 12472 12474 12484 12486 12494 12496 12498 12504 12505 12508 12510 12520 12522 12532 12534 12544 12546 12556 12558 12568 12570 12580 12582 12592 12594 12604 12606 12616 12618 12628 12630 12640 12642 12652 12654 12664 12666 12676 12678 12688 12690 12714 12718 12997 12999 13009 13011 13287 13289 13871 13873 14467 14469 15075 15077 15690 15692 15695 15697 15709 15721 15860 16322 16324 16365 16377 16389 16401 16413 16425 16437 16449 16460 16464
NODE_NUM = 196
FILE sqrt_sub_76.aig

# Subcircuit 77
SUB_ID 77
LO (96):  12718 12729 12741 12749 12751 12761 12763 12773 12775 12785 12787 12797 12799 12809 12811 12821 12823 12937 12940 12963 12977 12989 12997 12999 13009 13011 13021 13023 13033 13035 13045 13047 13057 13059 13069 13071 13241 13249 13251 13261 13263 13273 13275 13287 13289 13301 13313 13321 13323 13333 13335 13345 13347 13357 13359 13369 13371 13381 13383 13397 13409 13421 13433 13445 13457 13469 13473 13476 13479 13480 13486 13488 13885 13897 13976 13978 13988 13990 14000 14002 14012 14014 14024 14026 14036 14038 14047 14049 14053 14063 14481 14493 15089 15101 15709 15721
LI (135):  193 198 215 253 308 377 457 12159 12169 12181 12368 12371 12378 12380 12384 12389 12392 12406 12420 12669 12716 12724 12726 12728 12736 12738 12740 12748 12750 12760 12762 12772 12774 12784 12786 12796 12798 12808 12810 12820 12822 12825 12837 12849 12861 12873 12885 12897 12909 12926 12928 12932 12972 12973 12984 12986 12996 12998 13008 13010 13020 13022 13032 13034 13044 13046 13056 13058 13068 13070 13236 13238 13248 13250 13260 13262 13272 13274 13286 13288 13296 13297 13298 13299 13308 13309 13310 13311 13320 13322 13332 13334 13344 13346 13356 13358 13368 13370 13380 13382 13390 13392 13394 13399 13404 13406 13416 13418 13428 13430 13440 13442 13452 13454 13464 13466 13475 13477 13481 13881 13883 13893 13895 14477 14479 14489 14491 15085 15087 15097 15099 15705 15707 15717 15719
NODE_NUM = 200
FILE sqrt_sub_77.aig

# Subcircuit 78
SUB_ID 78
LO (33):  12943 12949 13531 13539 14198 14207 14717 14729 14741 14753 14765 14777 14789 14794 14801 14804 14805 15332 15334 15344 15346 15356 15358 15368 15370 15380 15382 15392 15394 15404 15406 15416 15418
LI (33):  35 36 37 8440 8892 9356 9832 10320 10820 11332 11856 12378 12380 12384 12389 12392 12940 13500 13503 13509 13523 14072 14103 14111 14133 14145 14157 14169 14181 14193 14656 14710 14719
NODE_NUM = 199
FILE sqrt_sub_78.aig

# Subcircuit 79
SUB_ID 79
LO (87):  13390 13399 13500 13503 13509 13523 13645 13653 13655 13665 13667 13677 13679 13689 13691 13701 13703 13713 13715 13725 13727 13737 13739 13749 13751 13761 13763 13773 13775 13785 13787 13797 13799 13809 13811 13825 13833 13835 13845 13847 13857 13859 13871 13873 13881 13883 13893 13895 13905 13907 13919 13945 13957 13969 13981 13993 14005 14017 14029 14041 14052 14056 14064 14069 14072 14086 14100 14103 14111 14133 14145 14157 14169 14181 14193 14253 14261 14263 14277 14285 14645 14653 14676 14688 14689 14700 14702
LI (133):  33 34 35 549 12392 12913 12920 12926 12928 12932 12937 12940 13061 13241 13361 13373 13378 13385 13388 13389 13397 13409 13421 13433 13445 13457 13469 13473 13480 13486 13488 13491 13497 13537 13549 13561 13573 13585 13597 13640 13642 13652 13654 13657 13664 13666 13676 13678 13681 13688 13690 13700 13702 13712 13714 13724 13726 13736 13738 13748 13750 13760 13762 13772 13774 13784 13786 13796 13798 13808 13810 13820 13822 13832 13834 13844 13846 13856 13858 13870 13872 13880 13882 13892 13894 13904 13906 13918 13940 13942 13952 13954 13964 13966 13976 13978 13988 13990 14000 14002 14012 14014 14024 14026 14036 14038 14047 14049 14053 14058 14060 14063 14066 14075 14128 14130 14140 14142 14152 14154 14164 14166 14176 14178 14188 14190 14248 14250 14260 14262 14272 14274 14284
NODE_NUM = 200
FILE sqrt_sub_79.aig

# Subcircuit 80
SUB_ID 80
LO (44):  13497 14066 14075 14710 14719 15289 15301 15313 15325 15474 15483 15916 15918 15928 15930 15940 15942 15952 15954 15964 15966 15976 15978 15988 15990 16000 16002 16012 16014 16024 16026 16036 16038 16048 16050 16060 16062 16072 16074 16084 16086 16096 16098 16110
LI (50):  31 32 33 5979 6359 6751 7156 7572 8000 8440 8892 9356 9832 10320 10820 11332 11856 12392 12916 12919 12926 12928 12932 12937 12940 13476 13479 13500 14072 14656 14659 14665 14679 14693 14705 15252 15283 15291 15337 15349 15361 15373 15385 15397 15409 15421 15433 15445 15457 15469
NODE_NUM = 198
FILE sqrt_sub_80.aig

# Subcircuit 81
SUB_ID 81
LO (19):  14289 15058 15067 15517 15520 15529 15541 15553 15565 15577 15589 15601 15613 15625 15637 15649 15661 15673 16143
LI (37):  1530 1718 1918 2131 2355 2591 2839 3099 3371 3655 3951 4259 4579 4911 13693 14072 14285 14286 14890 14893 14895 14899 14909 14921 14933 14945 14957 14969 14981 14993 15005 15017 15029 15041 15053 15252 15519
NODE_NUM = 175
FILE sqrt_sub_81.aig

# Subcircuit 82
SUB_ID 82
LO (30):  14301 14438 14441 14443 14447 14453 14455 14467 14469 14477 14479 14489 14491 14501 14503 14513 14515 14525 14909 14921 14933 14945 14957 14969 14981 14993 15005 15017 15029 15041
LI (94):  1918 2131 2355 2591 2839 3099 3371 3655 3951 4259 4579 4911 13705 13717 13729 13741 13753 13765 13777 13789 13801 13813 13825 13837 14072 14294 14296 14298 14300 14304 14305 14308 14310 14312 14313 14315 14320 14322 14324 14325 14332 14334 14336 14337 14344 14346 14348 14349 14356 14358 14360 14361 14368 14370 14372 14373 14380 14382 14384 14385 14392 14394 14396 14397 14404 14406 14408 14409 14416 14418 14420 14421 14428 14430 14432 14433 14440 14442 14452 14454 14466 14468 14476 14478 14488 14490 14500 14502 14512 14514 14524 14656 14905 14907
NODE_NUM = 200
FILE sqrt_sub_82.aig

# Subcircuit 83
SUB_ID 83
LO (56):  14527 14541 14553 14565 14577 14589 14601 14613 14659 14665 15149 15161 15173 15185 15197 15209 15221 15252 15283 15291 15337 15349 15361 15373 15385 15397 15409 15421 15433 15445 15457 15469 15769 15781 15793 15805 15817 15829 15840 15844 15863 15869 15897 15909 16477 16480 16494 16508 16511 16519 16530 17144 17145 17156 17158 17170
LI (121):  25 26 27 29 30 31 13500 13945 13957 13969 13981 13993 14005 14058 14060 14064 14069 14072 14526 14536 14538 14540 14548 14550 14552 14560 14562 14564 14572 14574 14576 14584 14586 14588 14596 14598 14600 14608 14612 14656 14717 14729 14741 14753 14765 14777 14789 14801 14813 14825 14837 14849 15145 15147 15157 15159 15169 15171 15181 15183 15193 15195 15205 15207 15217 15219 15238 15240 15244 15249 15255 15261 15332 15334 15344 15346 15356 15358 15368 15370 15380 15382 15392 15394 15404 15406 15416 15418 15428 15430 15440 15442 15452 15454 15464 15466 15765 15767 15777 15779 15789 15791 15801 15803 15813 15815 15825 15827 15836 15838 15843 15846 15848 15852 15860 16466 16468 16472 16473 16483 16489
NODE_NUM = 200
FILE sqrt_sub_83.aig

# Subcircuit 84
SUB_ID 84
LO (55):  14612 14625 15232 15236 15852 15857 15858 15888 16130 16140 16141 16524 16526 16536 16538 16548 16550 16560 16562 16572 16574 16584 16586 16596 16598 16608 16610 16620 16622 16632 16634 16644 16646 16656 16658 16668 16670 16680 16682 16692 16694 16704 16706 16716 16718 16728 16730 16740 16742 16752 16754 16764 16766 16776 16778
LI (62):  29 4911 5255 5611 5979 6359 6751 7156 7572 8000 8440 8892 9356 9832 10320 10820 11332 11856 12392 12940 13500 14017 14072 14610 14620 14624 15225 15228 15230 15235 15238 15240 15244 15252 15846 15848 15851 15853 15873 15877 15879 15897 15909 15921 15933 15945 15957 15969 15981 15993 16005 16017 16029 16041 16053 16065 16077 16089 16101 16113 16125 16137
NODE_NUM = 197
FILE sqrt_sub_84.aig

# Subcircuit 85
SUB_ID 85
LO (75):  14624 14636 14640 14656 14693 14705 14813 14825 14837 14849 14890 14893 14895 14899 14905 14907 15053 15061 15063 15075 15077 15085 15087 15097 15099 15109 15111 15121 15123 15133 15135 15145 15147 15157 15159 15169 15171 15181 15183 15193 15195 15205 15207 15217 15219 15228 15230 15235 15244 15249 15428 15430 15440 15442 15452 15454 15464 15466 15481 15493 15505 15510 15519 15534 15543 15853 16108 16120 16122 16132 16134 16146 16156 16158 16170
LI (95):  4259 4579 4911 5255 5611 5979 6359 6751 7156 7572 14029 14072 14086 14100 14205 14217 14229 14241 14253 14265 14277 14445 14622 14629 14631 14635 14639 14642 14644 14648 14653 14656 14688 14689 14700 14702 14806 14808 14810 14815 14820 14822 14832 14834 14844 14846 14856 14858 14868 14870 14880 14882 14892 14894 14904 14906 15048 15050 15060 15062 15074 15076 15084 15086 15096 15098 15108 15110 15120 15122 15132 15134 15144 15146 15156 15158 15168 15170 15180 15182 15192 15194 15204 15206 15216 15218 15227 15229 15233 15243 15252 15474 15483 15520 15529
NODE_NUM = 198
FILE sqrt_sub_85.aig

# Subcircuit 86
SUB_ID 86
LO (57):  14635 14639 14648 14679 14806 14815 14868 15255 15261 15873 15877 15879 16517 16762 16771 17168 17180 17182 17192 17194 17204 17206 17216 17218 17228 17230 17240 17242 17252 17254 17264 17266 17276 17278 17288 17290 17300 17302 17312 17314 17324 17326 17336 17338 17348 17350 17360 17362 17372 17374 17384 17386 17396 17398 17408 17410 17422
LI (71):  27 28 29 4911 5255 5611 5979 6359 6751 7156 7572 8000 8440 8892 9356 9832 10320 10820 11332 11856 12392 12940 13500 14041 14045 14060 14072 14258 14633 14637 14642 14644 14645 14647 14653 14656 14676 14794 14804 14805 14867 15258 15860 15865 15870 15872 16480 16511 16512 16519 16529 16530 16541 16553 16565 16577 16589 16601 16613 16625 16637 16649 16661 16673 16685 16697 16709 16721 16733 16745 16757
NODE_NUM = 198
FILE sqrt_sub_86.aig

# Subcircuit 87
SUB_ID 87
LO (17):  15690 15692 16173 16176 16185 16197 16209 16221 16233 16245 16257 16269 16281 16293 16305 16317 16811
LI (31):  1190 1354 1530 1718 1918 2131 2355 2591 2839 3099 3371 3655 3951 15534 15541 15543 15553 15565 15577 15589 15601 15613 15625 15637 15649 15661 15673 15685 15860 16172 16175
NODE_NUM = 155
FILE sqrt_sub_87.aig

# Subcircuit 88
SUB_ID 88
LO (76):  15685 15695 15697 15705 15707 15717 15719 15729 15731 15741 15743 15753 15755 15765 15767 15777 15779 15789 15791 15801 15803 15813 15815 15825 15827 15836 15838 15843 15872 15921 16473 16565 17221 17442 17452 17453 17884 17886 17896 17898 17908 17910 17920 17922 17932 17934 17944 17946 17956 17958 17968 17970 17980 17982 17992 17994 18004 18006 18016 18018 18028 18030 18040 18042 18052 18054 18064 18066 18076 18078 18088 18090 18100 18102 18112 18114
LI (83):  28 3951 4259 4579 4911 5255 5611 5979 6359 6751 7156 7572 8000 8440 8892 9356 9832 10320 10820 11332 15065 15240 15252 15680 15682 15684 15694 15696 15704 15706 15716 15718 15728 15730 15740 15742 15752 15754 15764 15766 15776 15778 15788 15790 15800 15802 15812 15814 15824 15826 15835 15837 15841 15857 15860 15871 15916 15920 16561 16563 17214 17217 17219 17223 17233 17245 17257 17269 17281 17293 17305 17317 17329 17341 17353 17365 17377 17389 17401 17413 17425 17437 17449
NODE_NUM = 197
FILE sqrt_sub_88.aig

# Subcircuit 89
SUB_ID 89
LO (56):  15920 15933 16577 17233 17901 18170 18180 18181 18576 18578 18588 18590 18600 18602 18612 18614 18624 18626 18636 18638 18648 18650 18660 18662 18672 18674 18684 18686 18696 18698 18708 18710 18720 18722 18732 18734 18744 18746 18756 18758 18768 18770 18780 18782 18792 18794 18804 18806 18816 18818 18828 18830 18840 18842 18852 18854
LI (59):  2355 2591 2839 3099 3371 3655 3951 4259 4579 4911 5255 5611 5979 6359 6751 7156 7572 8000 8440 8892 9356 9832 10320 15289 15860 15918 15928 15932 16573 16575 17229 17231 17894 17897 17899 17903 17913 17925 17937 17949 17961 17973 17985 17997 18009 18021 18033 18045 18057 18069 18081 18093 18105 18117 18129 18141 18153 18165 18177
NODE_NUM = 199
FILE sqrt_sub_89.aig

# Subcircuit 90
SUB_ID 90
LO (55):  15932 15945 16589 17245 17913 18593 18862 18871 19280 19282 19292 19294 19304 19306 19316 19318 19328 19330 19340 19342 19352 19354 19364 19366 19376 19378 19388 19390 19400 19402 19412 19414 19424 19426 19436 19438 19448 19450 19460 19462 19472 19474 19484 19486 19496 19498 19508 19510 19520 19522 19532 19534 19544 19546 19558
LI (60):  1918 2131 2355 2591 2839 3099 3371 3655 3951 4259 4579 4911 5255 5611 5979 6359 6751 7156 7572 8000 8440 8892 9356 15301 15860 15930 15940 15944 16585 16587 17241 17243 17909 17911 18586 18589 18591 18595 18605 18617 18629 18641 18653 18665 18677 18689 18701 18713 18725 18737 18749 18761 18773 18785 18797 18809 18821 18833 18845 18857
NODE_NUM = 197
FILE sqrt_sub_90.aig

# Subcircuit 91
SUB_ID 91
LO (56):  15944 15957 16601 17257 17925 18605 19297 19566 19575 19996 19998 20008 20010 20020 20022 20032 20034 20044 20046 20056 20058 20068 20070 20080 20082 20092 20094 20104 20106 20116 20118 20128 20130 20140 20142 20152 20154 20164 20166 20176 20178 20188 20190 20200 20202 20212 20214 20224 20226 20236 20238 20248 20250 20260 20262 20274
LI (62):  1530 1718 1918 2131 2355 2591 2839 3099 3371 3655 3951 4259 4579 4911 5255 5611 5979 6359 6751 7156 7572 8000 8440 15313 15860 15942 15952 15956 16597 16599 17253 17255 17921 17923 18601 18603 19290 19293 19295 19299 19309 19321 19333 19345 19357 19369 19381 19393 19405 19417 19429 19441 19453 19465 19477 19489 19501 19513 19525 19537 19549 19561
NODE_NUM = 199
FILE sqrt_sub_91.aig

# Subcircuit 92
SUB_ID 92
LO (57):  15956 15969 16613 17269 17937 18617 19309 20013 20270 20280 20281 20724 20726 20736 20738 20748 20750 20760 20762 20772 20774 20784 20786 20796 20798 20808 20810 20820 20822 20832 20834 20844 20846 20856 20858 20868 20870 20880 20882 20892 20894 20904 20906 20916 20918 20928 20930 20940 20942 20952 20954 20964 20966 20976 20978 20988 20990
LI (63):  1354 1530 1718 1918 2131 2355 2591 2839 3099 3371 3655 3951 4259 4579 4911 5255 5611 5979 6359 6751 7156 7572 15325 15860 15954 15964 15968 16609 16611 17265 17267 17933 17935 18613 18615 19305 19307 20006 20009 20011 20015 20025 20037 20049 20061 20073 20085 20097 20109 20121 20133 20145 20157 20169 20181 20193 20205 20217 20229 20241 20253 20265 20277
NODE_NUM = 197
FILE sqrt_sub_92.aig

# Subcircuit 93
SUB_ID 93
LO (58):  15968 15981 16625 17281 17949 18629 19321 20025 20741 20998 21008 21009 21457 21459 21469 21471 21481 21483 21493 21495 21505 21507 21517 21519 21529 21531 21541 21543 21553 21555 21565 21567 21577 21579 21589 21591 21601 21603 21613 21615 21625 21627 21637 21639 21649 21651 21661 21663 21673 21675 21685 21687 21697 21699 21709 21711 21721 21723
LI (65):  1038 1190 1354 1530 1718 1918 2131 2355 2591 2839 3099 3371 3655 3951 4259 4579 4911 5255 5611 5979 6359 6751 15337 15860 15966 15976 15980 16621 16623 17277 17279 17945 17947 18625 18627 19317 19319 20021 20023 20734 20737 20739 20743 20753 20765 20777 20789 20801 20813 20825 20837 20849 20861 20873 20885 20897 20909 20921 20933 20945 20957 20969 20981 20993 21005
NODE_NUM = 199
FILE sqrt_sub_93.aig

# Subcircuit 94
SUB_ID 94
LO (57):  15980 15993 16637 17293 17961 18641 19333 20037 20753 21474 21731 21740 22201 22203 22213 22215 22225 22227 22237 22239 22249 22251 22261 22263 22273 22275 22285 22287 22297 22299 22309 22311 22321 22323 22333 22335 22345 22347 22357 22359 22369 22371 22381 22383 22393 22395 22405 22407 22417 22419 22429 22431 22441 22443 22453 22455 22467
LI (66):  770 898 1038 1190 1354 1530 1718 1918 2131 2355 2591 2839 3099 3371 3655 3951 4259 4579 4911 5255 5611 5979 15349 15860 15978 15988 15992 16633 16635 17289 17291 17957 17959 18637 18639 19329 19331 20033 20035 20749 20751 21467 21470 21472 21476 21486 21498 21510 21522 21534 21546 21558 21570 21582 21594 21606 21618 21630 21642 21654 21666 21678 21690 21702 21714 21726
NODE_NUM = 197
FILE sqrt_sub_94.aig

# Subcircuit 95
SUB_ID 95
LO (58):  15992 16005 16649 17305 17973 18653 19345 20049 20765 21486 22218 22475 22484 22958 22960 22970 22972 22982 22984 22994 22996 23006 23008 23018 23020 23030 23032 23042 23044 23054 23056 23066 23068 23078 23080 23090 23092 23102 23104 23114 23116 23126 23128 23138 23140 23150 23152 23162 23164 23174 23176 23186 23188 23198 23200 23210 23212 23224
LI (68):  549 653 770 898 1038 1190 1354 1530 1718 1918 2131 2355 2591 2839 3099 3371 3655 3951 4259 4579 4911 5255 15361 15860 15990 16000 16004 16645 16647 17301 17303 17969 17971 18649 18651 19341 19343 20045 20047 20761 20763 21482 21484 22211 22214 22216 22220 22230 22242 22254 22266 22278 22290 22302 22314 22326 22338 22350 22362 22374 22386 22398 22410 22422 22434 22446 22458 22470
NODE_NUM = 199
FILE sqrt_sub_95.aig

# Subcircuit 96
SUB_ID 96
LO (59):  16004 16017 16661 17317 17985 18665 19357 20061 20777 21498 22230 22975 23220 23230 23231 23725 23727 23737 23739 23749 23751 23761 23763 23773 23775 23785 23787 23797 23799 23809 23811 23821 23823 23833 23835 23845 23847 23857 23859 23869 23871 23881 23883 23893 23895 23905 23907 23917 23919 23929 23931 23941 23943 23953 23955 23965 23967 23977 23979
LI (69):  457 549 653 770 898 1038 1190 1354 1530 1718 1918 2131 2355 2591 2839 3099 3371 3655 3951 4259 4579 15373 15860 16002 16012 16016 16657 16659 17313 17315 17981 17983 18661 18663 19353 19355 20057 20059 20773 20775 21494 21496 22226 22228 22968 22971 22973 22977 22987 22999 23011 23023 23035 23047 23059 23071 23083 23095 23107 23119 23131 23143 23155 23167 23179 23191 23203 23215 23227
NODE_NUM = 197
FILE sqrt_sub_96.aig

# Subcircuit 97
SUB_ID 97
LO (60):  16016 16029 16673 17329 17997 18677 19369 20073 20789 21510 22242 22987 23742 23987 23997 23998 24501 24505 24514 24518 24525 24529 24538 24542 24549 24553 24562 24566 24573 24577 24586 24590 24597 24601 24610 24614 24621 24625 24634 24638 24645 24649 24658 24662 24669 24673 24682 24686 24693 24697 24706 24710 24717 24721 24730 24734 24741 24745 24754 24758
LI (71):  308 377 457 549 653 770 898 1038 1190 1354 1530 1718 1918 2131 2355 2591 2839 3099 3371 3655 3951 15385 15860 16014 16024 16028 16669 16671 17325 17327 17993 17995 18673 18675 19365 19367 20069 20071 20785 20787 21506 21508 22238 22240 22983 22985 23735 23738 23740 23744 23754 23766 23778 23790 23802 23814 23826 23838 23850 23862 23874 23886 23898 23910 23922 23934 23946 23958 23970 23982 23994
NODE_NUM = 199
FILE sqrt_sub_97.aig

# Subcircuit 98
SUB_ID 98
LO (36):  16028 16041 16053 16065 16685 16697 16709 17341 17353 17365 18009 18021 18033 18689 18701 18713 19381 19393 19405 20085 20097 20109 20801 20813 20825 21522 21534 21546 22254 22266 22278 22999 23011 23754 23766 24810
LI (130):  193 198 215 253 308 377 457 549 653 770 898 1038 1190 1354 1530 1718 1918 2131 2355 2591 2839 3099 3371 3655 15397 15409 15421 15860 16026 16036 16038 16040 16048 16050 16052 16060 16064 16681 16683 16693 16695 16705 16707 17337 17339 17349 17351 17361 17363 18005 18007 18017 18019 18029 18031 18685 18687 18697 18699 18709 18711 19377 19379 19389 19391 19401 19403 20081 20083 20093 20095 20105 20107 20797 20799 20809 20811 20821 20823 21518 21520 21530 21532 21542 21544 22250 22252 22262 22264 22274 22276 22995 22997 23007 23009 23750 23752 23762 23764 24510 24512 24515 24519 24526 24530 24531 24544 24555 24568 24579 24592 24603 24616 24627 24640 24651 24664 24675 24688 24699 24712 24723 24736 24747 24760 24771 24784 24795 24799 24808
NODE_NUM = 200
FILE sqrt_sub_98.aig

# Subcircuit 99
SUB_ID 99
LO (77):  16064 16077 16089 16101 16113 16125 16721 16733 16745 16757 16769 16882 16891 17377 17389 17401 17413 17420 17432 17434 17444 17446 17456 17458 17468 17470 17480 17482 17492 17494 17504 17506 17516 17518 17528 17530 17542 18045 18057 18069 18081 18725 18737 18749 18761 19417 19429 19441 19453 20121 20133 20145 20157 20837 20849 20861 20873 21558 21570 21582 21594 22290 22302 22314 22326 23035 23047 23059 23071 23790 23802 23814 23826 24555 24568 24579 24592
LI (140):  2131 2355 2591 2839 3099 3371 3655 3951 4259 4579 15433 15445 15457 15469 15481 15860 16062 16072 16074 16076 16084 16086 16088 16096 16098 16100 16108 16110 16112 16120 16124 16717 16719 16729 16731 16741 16743 16753 16755 16762 16765 16767 16771 16781 16793 16805 16817 16829 16841 16853 16865 16877 17373 17375 17385 17387 17397 17399 17409 17411 18041 18043 18053 18055 18065 18067 18077 18079 18721 18723 18733 18735 18745 18747 18757 18759 19413 19415 19425 19427 19437 19439 19449 19451 20117 20119 20129 20131 20141 20143 20153 20155 20833 20835 20845 20847 20857 20859 20869 20871 21554 21556 21566 21568 21578 21580 21590 21592 22286 22288 22298 22300 22310 22312 22322 22324 23031 23033 23043 23045 23055 23057 23067 23069 23786 23788 23798 23800 23810 23812 23822 23824 24550 24554 24563 24567 24574 24578 24587 24591
NODE_NUM = 198
FILE sqrt_sub_99.aig

# Subcircuit 100
SUB_ID 100
LO (34):  16124 16137 16142 16166 16175 16322 16324 16781 16789 16805 16815 16829 16841 16853 16865 16877 16889 16901 16913 16925 16937 16949 16961 17437 18105 18785 19477 20181 20897 21618 22350 23095 23850 24616
LI (65):  1038 1190 1354 1530 1718 1918 2131 2355 2591 2839 3099 3371 3655 3951 4259 4579 15493 15505 15860 16122 16132 16134 16136 16141 16152 16161 16176 16185 16197 16209 16221 16233 16245 16257 16269 16281 16293 16305 16317 16480 16777 16779 16787 17433 17435 18101 18103 18781 18783 19473 19475 20177 20179 20893 20895 21614 21616 22346 22348 23091 23093 23846 23848 24611 24615
NODE_NUM = 199
FILE sqrt_sub_100.aig

# Subcircuit 101
SUB_ID 101
LO (29):  16152 16161 16172 16483 16489 16787 16793 17214 17223 17449 17793 17796 17805 17817 17829 17841 17853 17865 17877 18117 18797 19489 20193 20909 21630 22362 23107 23862 24627
LI (68):  23 24 25 4579 11856 12392 12940 13500 14072 14656 15252 15510 15517 15529 15541 15846 15848 15852 15857 15860 16130 16140 16142 16143 16146 16148 16151 16156 16158 16160 16170 16480 16789 16791 17112 17115 17121 17135 17149 17161 17173 17185 17197 17209 17445 17447 17756 17795 18113 18115 18793 18795 19485 19487 20189 20191 20905 20907 21626 21628 22358 22360 23103 23105 23858 23860 24622 24626
NODE_NUM = 156
FILE sqrt_sub_101.aig

# Subcircuit 102
SUB_ID 102
LO (83):  16529 16541 16553 16561 16563 16573 16575 16585 16587 16597 16599 16609 16611 16621 16623 16633 16635 16645 16647 16657 16659 16669 16671 16681 16683 16693 16695 16705 16707 16717 16719 16729 16731 16741 16743 16753 16755 16765 16767 16777 16779 16817 17185 17197 17209 17473 17670 17679 18136 18138 18148 18150 18160 18162 18172 18174 18184 18186 18196 18198 18208 18210 18220 18222 18232 18234 18244 18246 18256 18258 18268 18270 18280 18282 18294 18296 18304 18306 18316 18318 18328 18330 18342
LI (97):  377 457 549 653 770 898 1038 1190 1354 1530 1718 1918 2131 2355 2591 2839 3099 15888 15897 15909 16166 16480 16524 16526 16528 16536 16538 16540 16548 16550 16552 16560 16562 16572 16574 16584 16586 16596 16598 16608 16610 16620 16622 16632 16634 16644 16646 16656 16658 16668 16670 16680 16682 16692 16694 16704 16706 16716 16718 16728 16730 16740 16742 16752 16754 16764 16766 16776 16778 16811 16816 17181 17183 17193 17195 17205 17207 17466 17469 17471 17475 17485 17497 17509 17521 17533 17545 17557 17569 17581 17593 17605 17617 17631 17641 17653 17665
NODE_NUM = 198
FILE sqrt_sub_102.aig

# Subcircuit 103
SUB_ID 103
LO (39):  16816 17085 17098 17100 17540 17552 17554 17564 17566 17576 17578 17588 17590 17600 17602 17612 17614 17626 17628 17636 17638 17648 17650 17660 17662 17672 17674 17684 17686 17696 17698 17708 17710 17720 17722 17731 17733 17737 17747
LI (40):  193 198 215 253 308 377 457 549 653 770 898 1038 1190 1354 1530 1718 1918 16173 16815 16882 16889 16891 16901 16913 16925 16937 16949 16961 16975 16985 16997 17009 17021 17033 17045 17057 17069 17081 17092 17096
NODE_NUM = 139
FILE sqrt_sub_103.aig

# Subcircuit 104
SUB_ID 104
LO (73):  16975 17112 17135 17149 17161 17173 17181 17183 17193 17195 17205 17207 17217 17219 17229 17231 17241 17243 17253 17255 17265 17267 17277 17279 17289 17291 17301 17303 17313 17315 17325 17327 17337 17339 17349 17351 17361 17363 17373 17375 17385 17387 17397 17631 17761 17766 17767 17774 18398 18400 18412 18425 18426 18429 18431 18444 18447 18450 18979 18989 19001 19013 19025 19037 19049 19056 19059 19060 19064 19072 19112 19113 19126
LI (84):  19 20 21 193 198 215 253 308 377 457 549 16480 16494 16508 16517 16970 16974 17098 17100 17104 17109 17112 17144 17145 17156 17158 17168 17170 17180 17182 17192 17194 17204 17206 17216 17218 17228 17230 17240 17242 17252 17254 17264 17266 17276 17278 17288 17290 17300 17302 17312 17314 17324 17326 17336 17338 17348 17350 17360 17362 17372 17374 17384 17386 17396 17627 17629 17756 18290 18292 18295 18297 18309 18321 18333 18345 18357 18369 18381 18392 18396 18410 18415 18421
NODE_NUM = 200
FILE sqrt_sub_104.aig

# Subcircuit 105
SUB_ID 105
LO (56):  16974 16985 16997 17009 17021 17115 17121 17641 17653 17665 17677 17742 17744 17756 17770 17784 17787 17795 17889 17894 17897 17899 17903 17909 17911 18309 18321 18333 18341 18357 18369 18381 18388 18391 18392 18396 18404 18456 18458 18470 18480 18482 18492 18494 18504 18506 18516 18518 18528 18530 18540 18542 18552 18554 18564 18566
LI (81):  23 193 198 215 253 308 10820 11332 11856 12392 12940 13500 14072 14656 15252 15860 16331 16341 16353 16365 16466 16468 16472 16477 16480 16972 16980 16982 16984 16992 16994 16996 17004 17006 17008 17016 17020 17114 17221 17637 17639 17649 17651 17661 17663 17670 17673 17675 17679 17689 17701 17713 17725 17736 17740 17754 17761 17766 17768 17774 17777 17796 17805 17817 17829 17841 17853 17865 17877 17884 17886 17896 17898 17908 17910 18305 18307 18317 18319 18329 18331
NODE_NUM = 200
FILE sqrt_sub_105.aig

# Subcircuit 106
SUB_ID 106
LO (44):  17020 17033 17045 17057 17069 17081 17689 17701 17713 17725 17736 17740 18409 18410 18440 18586 18595 19077 19079 19124 19136 19138 19148 19150 19160 19162 19172 19174 19184 19186 19196 19198 19208 19210 19220 19222 19232 19234 19244 19246 19256 19258 19268 19270
LI (73):  21 9832 10320 10820 11332 11856 12392 12940 13500 14072 14656 15252 15860 16377 16389 16401 16413 16425 16480 17018 17028 17030 17032 17040 17042 17044 17052 17054 17056 17064 17066 17068 17076 17080 17685 17687 17697 17699 17709 17711 17721 17723 17732 17734 17739 17742 17744 17748 17756 18388 18391 18398 18400 18404 18405 18425 18429 18431 18449 18450 18461 18473 18485 18497 18509 18521 18533 18545 18557 18569 18581 19068 19072
NODE_NUM = 154
FILE sqrt_sub_106.aig

# Subcircuit 107
SUB_ID 107
LO (85):  17080 17092 17096 17104 17109 17114 17399 17409 17411 17425 17433 17435 17445 17447 17466 17469 17471 17475 17485 17497 17509 17521 17748 17754 17777 18093 18129 18153 18165 18177 18189 18206 18215 18405 18421 18773 18809 18833 18845 18857 18864 18866 18876 18878 18890 19465 19501 19525 19537 19549 20169 20205 20229 20241 20253 20885 20921 20945 20957 20969 21606 21642 21666 21678 21690 22338 22374 22398 22410 22422 23083 23119 23143 23155 23167 23838 23874 23898 23910 23922 24603 24640 24664 24675 24688
LI (175):  21 22 1718 1918 3371 3655 16437 16449 16453 16456 16459 16460 16466 16468 16472 16477 16480 16769 16805 16829 16841 16853 17078 17085 17087 17089 17091 17093 17095 17098 17100 17103 17104 17109 17112 17398 17408 17410 17420 17422 17424 17432 17434 17442 17444 17446 17452 17453 17456 17458 17460 17461 17463 17468 17470 17480 17482 17484 17492 17494 17496 17504 17506 17508 17516 17520 17732 17742 17744 17747 17756 18089 18091 18149 18151 18161 18163 18173 18175 18182 18185 18187 18191 18201 18415 18769 18771 18805 18807 18829 18831 18841 18843 18853 18855 19461 19463 19497 19499 19521 19523 19533 19535 19545 19547 20165 20167 20201 20203 20225 20227 20237 20239 20249 20251 20881 20883 20917 20919 20941 20943 20953 20955 20965 20967 21602 21604 21638 21640 21662 21664 21674 21676 21686 21688 22334 22336 22370 22372 22394 22396 22406 22408 22418 22420 23079 23081 23115 23117 23139 23141 23151 23153 23163 23165 23834 23836 23870 23872 23894 23896 23906 23908 23918 23920 24598 24602 24635 24639 24659 24663 24670 24674 24683 24687
NODE_NUM = 197
FILE sqrt_sub_107.aig

# Subcircuit 108
SUB_ID 108
LO (27):  17520 17533 18201 19066 19068 19080 19081 19091 19573 19585 19597 19609 19621 19633 19645 19657 19671 19681 19693 19705 19717 19729 19736 19739 19740 19744 19752
LI (44):  17 193 198 215 253 308 377 457 549 653 770 898 1038 1190 1354 1530 16865 17112 17518 17528 17532 18197 18199 18874 18877 18879 18883 18893 18905 18917 18929 18941 18953 18965 18979 18989 19001 19013 19025 19037 19049 19060 19064 19079
NODE_NUM = 200
FILE sqrt_sub_108.aig

# Subcircuit 109
SUB_ID 109
LO (82):  17532 17545 17557 17569 17581 17593 17605 17617 17627 17629 17637 17639 17649 17651 17661 17663 17673 17675 17685 17687 17697 17699 17709 17711 17721 17723 17732 17734 17739 17768 17921 17923 17933 17935 17945 17947 17957 17959 17969 17971 17981 17983 17993 17995 18005 18007 18017 18019 18029 18031 18041 18043 18053 18055 18065 18067 18077 18079 18089 18091 18101 18103 18113 18115 18141 18290 18292 18821 18893 18905 18917 18929 18941 18953 18965 19513 20217 20933 21654 22386 23131 23885
LI (138):  22 653 770 898 1038 1190 1354 1530 16877 16889 16901 16913 16925 16937 16949 16961 17100 17112 17530 17540 17542 17544 17552 17554 17556 17564 17566 17568 17576 17578 17580 17588 17590 17592 17600 17602 17604 17612 17614 17616 17626 17628 17636 17638 17648 17650 17660 17662 17672 17674 17684 17686 17696 17698 17708 17710 17720 17722 17731 17733 17737 17756 17767 17920 17922 17932 17934 17944 17946 17956 17958 17968 17970 17980 17982 17992 17994 18004 18006 18016 18018 18028 18030 18040 18042 18052 18054 18064 18066 18076 18078 18088 18090 18100 18102 18112 18114 18136 18140 18206 18209 18211 18215 18221 18223 18225 18233 18235 18237 18245 18247 18249 18257 18259 18261 18269 18271 18273 18281 18283 18285 18412 18817 18819 18891 19509 19511 20213 20215 20929 20931 21650 21652 22382 22384 23127 23129 23884
NODE_NUM = 200
FILE sqrt_sub_109.aig

# Subcircuit 110
SUB_ID 110
LO (75):  18140 18149 18151 18161 18163 18173 18175 18182 18185 18187 18191 18197 18199 18209 18211 18221 18223 18233 18235 18245 18247 18257 18259 18269 18271 18281 18283 18295 18297 18305 18307 18317 18319 18329 18331 18345 18415 19094 19108 19290 19299 19792 19793 19804 19806 19816 19818 19828 19830 19840 19842 19852 19854 19864 19866 19876 19878 19888 19890 19900 19902 19912 19914 19924 19926 19936 19938 19948 19950 19960 19962 19972 19974 19984 19986
LI (81):  17 18 19 2131 8892 9356 9832 10320 10820 11332 11856 12392 12940 13500 14072 14656 15252 15860 16480 17112 17473 17677 17756 18138 18148 18150 18160 18162 18170 18172 18174 18180 18181 18184 18186 18196 18198 18208 18210 18220 18222 18232 18234 18244 18246 18256 18258 18268 18270 18280 18282 18294 18296 18304 18306 18316 18318 18328 18330 18341 18342 19080 19085 19090 19092 19103 19117 19129 19141 19153 19165 19177 19189 19201 19213 19225 19237 19249 19261 19273 19285
NODE_NUM = 184
FILE sqrt_sub_110.aig

# Subcircuit 111
SUB_ID 111
LO (19):  18449 19141 20006 20015 20561 20564 20573 20585 20597 20609 20621 20633 20645 20657 20669 20681 20693 20705 20717
LI (39):  8000 8440 8892 9356 9832 10320 10820 11332 11856 12392 12940 13500 14072 14656 17770 18412 18444 18448 19137 19139 19838 19841 19843 19847 19857 19869 19881 19893 19905 19917 19929 19941 19953 19965 19977 19989 20001 20452 20563
NODE_NUM = 176
FILE sqrt_sub_111.aig

# Subcircuit 112
SUB_ID 112
LO (102):  18448 18461 18473 18485 18497 18509 18521 18533 18545 18557 18569 18581 18589 18591 18601 18603 18613 18615 18625 18627 18637 18639 18649 18651 18661 18663 18673 18675 18685 18687 18697 18699 18709 18711 18721 18723 18733 18735 18745 18747 18757 18759 18769 18771 18781 18783 18793 18795 18805 18807 18817 18819 18829 18831 18841 18843 18853 18855 18874 18877 18879 18883 18891 19085 19090 19153 19165 19177 19189 19201 19213 19225 19237 19249 19261 19273 19561 19773 19774 19777 19779 19857 19869 19881 19893 19905 19917 19929 19941 19953 19965 19977 20265 20484 20485 20498 20981 21702 22434 23179 23934 24699
LI (175):  15 16 17 1718 17770 17784 17787 17793 17795 17805 17817 17829 17841 17853 17865 17877 17889 17901 18189 18398 18400 18404 18409 18412 18447 18456 18458 18460 18470 18472 18480 18482 18484 18492 18494 18496 18504 18506 18508 18516 18518 18520 18528 18530 18532 18540 18542 18544 18552 18554 18556 18564 18566 18568 18576 18578 18580 18588 18590 18600 18602 18612 18614 18624 18626 18636 18638 18648 18650 18660 18662 18672 18674 18684 18686 18696 18698 18708 18710 18720 18722 18732 18734 18744 18746 18756 18758 18768 18770 18780 18782 18792 18794 18804 18806 18816 18818 18828 18830 18840 18842 18852 18854 18862 18864 18866 18868 18871 18876 18878 18890 19080 19081 19149 19151 19161 19163 19173 19175 19185 19187 19197 19199 19209 19211 19221 19223 19233 19235 19245 19247 19257 19259 19269 19271 19559 19760 19763 19769 19853 19855 19865 19867 19877 19879 19889 19891 19901 19903 19913 19915 19925 19927 19937 19939 19949 19951 19961 19963 19973 19975 20261 20263 20977 20979 21698 21700 22430 22432 23175 23177 23930 23932 24694 24698
NODE_NUM = 193
FILE sqrt_sub_112.aig

# Subcircuit 113
SUB_ID 113
LO (44):  19092 19103 19117 19838 19847 20537 20549 20554 20563 20734 20743 21253 21255 21265 21267 21279 21289 21291 21301 21303 21313 21315 21325 21327 21337 21339 21349 21351 21361 21363 21373 21375 21385 21387 21397 21399 21409 21411 21421 21423 21433 21435 21445 21447
LI (51):  18 7156 7572 8000 8440 8892 9356 9832 10320 10820 11332 11856 12392 12940 13500 14072 14656 15252 15860 18412 19066 19068 19072 19077 19080 19091 19113 19116 19814 19817 19819 19823 19833 20452 20530 20539 20564 20573 20585 20597 20609 20621 20633 20645 20657 20669 20681 20693 20705 20717 20729
NODE_NUM = 166
FILE sqrt_sub_113.aig

# Subcircuit 114
SUB_ID 114
LO (106):  19116 19129 19137 19139 19149 19151 19161 19163 19173 19175 19185 19187 19197 19199 19209 19211 19221 19223 19233 19235 19245 19247 19257 19259 19269 19271 19285 19293 19295 19305 19307 19317 19319 19329 19331 19341 19343 19353 19355 19365 19367 19377 19379 19389 19391 19401 19403 19413 19415 19425 19427 19437 19439 19449 19451 19461 19463 19473 19475 19485 19487 19497 19499 19509 19511 19521 19523 19533 19535 19545 19547 19559 19733 19746 19748 19833 19989 20272 20284 20286 20296 20298 20308 20310 20320 20322 20332 20334 20344 20346 20356 20358 20370 20372 20380 20382 20392 20394 20404 20406 20416 20418 20427 20429 20433 20443
LI (116):  193 198 215 253 308 377 457 549 653 770 898 1038 1190 1354 18426 18440 18593 19080 19112 19124 19126 19128 19136 19138 19148 19150 19160 19162 19172 19174 19184 19186 19196 19198 19208 19210 19220 19222 19232 19234 19244 19246 19256 19258 19268 19270 19280 19282 19284 19292 19294 19304 19306 19316 19318 19328 19330 19340 19342 19352 19354 19364 19366 19376 19378 19388 19390 19400 19402 19412 19414 19424 19426 19436 19438 19448 19450 19460 19462 19472 19474 19484 19486 19496 19498 19508 19510 19520 19522 19532 19534 19544 19546 19558 19566 19573 19575 19585 19597 19609 19621 19633 19645 19657 19671 19681 19693 19705 19717 19729 19740 19744 19829 19831 19985 19987
NODE_NUM = 197
FILE sqrt_sub_114.aig

# Subcircuit 115
SUB_ID 115
LO (109):  19757 19760 19788 19797 19809 19814 19817 19819 19823 19829 19831 19841 19843 19853 19855 19865 19867 19877 19879 19889 19891 19901 19903 19913 19915 19925 19927 19937 19939 19949 19951 19961 19963 19973 19975 19985 19987 20001 20009 20011 20021 20023 20033 20035 20045 20047 20057 20059 20069 20071 20081 20083 20093 20095 20105 20107 20117 20119 20129 20131 20141 20143 20153 20155 20165 20167 20177 20179 20189 20191 20201 20203 20213 20215 20225 20227 20237 20239 20249 20251 20261 20263 20277 20289 20301 20313 20325 20337 20342 20349 20352 20353 20496 20508 20510 20520 20522 21000 21002 21012 21014 21024 21026 21036 21038 21048 21050 21060 21062
LI (128):  17 549 653 770 898 1038 16480 17112 17756 19056 19059 19066 19068 19072 19077 19080 19094 19108 19297 19573 19585 19597 19609 19621 19633 19645 19746 19748 19752 19773 19777 19779 19792 19793 19804 19806 19816 19818 19828 19830 19840 19842 19852 19854 19864 19866 19876 19878 19888 19890 19900 19902 19912 19914 19924 19926 19936 19938 19948 19950 19960 19962 19972 19974 19984 19986 19996 19998 20008 20010 20020 20022 20032 20034 20044 20046 20056 20058 20068 20070 20080 20082 20092 20094 20104 20106 20116 20118 20128 20130 20140 20142 20152 20154 20164 20166 20176 20178 20188 20190 20200 20202 20212 20214 20224 20226 20236 20238 20248 20250 20260 20262 20272 20274 20282 20284 20286 20291 20296 20298 20308 20310 20320 20322 20332 20334 20344 20346
NODE_NUM = 199
FILE sqrt_sub_115.aig

# Subcircuit 116
SUB_ID 116
LO (41):  19763 19769 20530 20539 21186 21198 21210 21222 21234 21246 21335 21345 21346 21913 21915 21925 21927 21937 21939 21949 21951 21961 21963 21973 21975 21985 21987 21997 21999 22009 22011 22021 22023 22033 22035 22045 22047 22057 22059 22069 22071
LI (41):  13 14 15 11332 11856 12392 12940 13500 14072 14656 15252 15860 16480 17112 17756 18412 19066 19068 19072 19077 19080 19760 20452 20455 20461 20475 20489 20501 20513 20525 21150 21180 21188 21258 21270 21282 21294 21306 21318 21330 21342
NODE_NUM = 199
FILE sqrt_sub_116.aig

# Subcircuit 117
SUB_ID 117
LO (79):  20282 20291 20354 20438 20440 20452 20475 20489 20501 20513 20525 20729 20737 20739 20749 20751 20761 20763 20773 20775 20785 20787 20797 20799 20809 20811 20821 20823 20833 20835 20845 20847 20857 20859 20869 20871 20881 20883 20893 20895 20905 20907 20917 20919 20929 20931 20941 20943 20953 20955 20965 20967 20977 20979 20993 21005 21017 21029 21041 21046 21049 21051 21055 21066 21091 21101 21113 21125 21136 21140 21148 21170 21733 21735 21745 21747 21757 21759 21771
LI (101):  193 198 215 253 308 377 457 549 653 770 1190 19774 19788 19797 19809 20013 20270 20277 20280 20281 20289 20301 20313 20325 20353 20364 20375 20385 20397 20409 20421 20432 20436 20450 20473 20484 20485 20496 20498 20508 20510 20520 20522 20724 20726 20736 20738 20748 20750 20760 20762 20772 20774 20784 20786 20796 20798 20808 20810 20820 20822 20832 20834 20844 20846 20856 20858 20868 20870 20880 20882 20892 20894 20904 20906 20916 20918 20928 20930 20940 20942 20952 20954 20964 20966 20976 20978 20988 20990 21000 21002 21010 21012 21014 21019 21024 21026 21036 21038 21048 21050
NODE_NUM = 192
FILE sqrt_sub_117.aig

# Subcircuit 118
SUB_ID 118
LO (46):  20364 20455 20461 21142 21144 21150 21164 21177 21180 21188 21258 21270 21282 21294 21306 21318 21330 21342 21354 21366 21378 21390 21395 21398 21404 21798 21812 21822 21834 21845 21849 21857 21878 21889 21890 21901 21903 22081 22083 22093 22095 22105 22107 22117 22119 22131
LI (74):  11 12 13 193 198 215 253 308 8892 9356 9832 10320 19080 19746 19748 19752 19757 19760 20354 20356 20360 20363 20452 20537 20549 20561 20573 20585 20597 20609 20621 20633 20645 20657 20669 21070 21079 21091 21101 21113 21125 21136 21140 21148 21153 21159 21170 21253 21255 21265 21267 21277 21279 21289 21291 21301 21303 21313 21315 21325 21327 21337 21339 21347 21349 21351 21356 21361 21363 21373 21375 21385 21387 21397
NODE_NUM = 200
FILE sqrt_sub_118.aig

# Subcircuit 119
SUB_ID 119
LO (41):  20360 20363 20375 20385 20397 20409 20421 20432 20436 20450 20473 21010 21019 21070 21079 21153 21159 21851 21853 21859 21872 21885 21888 21894 21897 21898 22506 22518 22530 22544 22554 22565 22569 22577 22599 22610 22611 22622 22624 22634 22636
LI (84):  9 10 11 193 198 215 253 308 377 457 898 19657 19671 19681 19693 19705 19717 19729 19733 19736 19739 19740 19746 19748 19752 19757 19760 20337 20342 20352 20358 20370 20372 20374 20380 20382 20384 20392 20394 20396 20404 20406 20408 20416 20418 20420 20427 20429 20431 20433 20435 20438 20440 20443 20449 20452 20998 21008 21009 21046 21049 21051 21055 21065 21066 21150 21153 21156 21164 21767 21772 21776 21798 21812 21822 21834 21845 21849 21857 21862 21867 21878 21889 21890
NODE_NUM = 197
FILE sqrt_sub_119.aig

# Subcircuit 120
SUB_ID 120
LO (16):  21065 21277 21347 21356 21467 21476 22211 22220 22879 22882 22891 22903 22915 22927 22939 22951
LI (38):  5611 5979 6359 6751 7156 7572 8000 8440 10820 20349 20452 20554 20561 20563 20681 21060 21062 21064 21150 21335 21345 21346 21395 21398 21399 21404 21414 21426 21438 21450 21462 21859 22127 22132 22136 22206 22579 22881
NODE_NUM = 167
FILE sqrt_sub_120.aig

# Subcircuit 121
SUB_ID 121
LO (78):  21414 21426 21438 21450 21462 21470 21472 21482 21484 21494 21496 21506 21508 21518 21520 21530 21532 21542 21544 21554 21556 21566 21568 21578 21580 21590 21592 21602 21604 21614 21616 21626 21628 21638 21640 21650 21652 21662 21664 21674 21676 21686 21688 21698 21700 21714 21726 21767 21776 22446 22458 22470 22482 22494 22558 22571 22573 23191 23203 23222 23234 23236 23246 23248 23258 23260 23270 23272 23284 23286 23293 23295 23299 23309 23946 23958 24712 24723
LI (111):  193 198 215 253 308 377 457 549 653 20693 20705 20717 20729 20741 20993 21005 21150 21409 21411 21413 21421 21423 21425 21433 21435 21437 21445 21447 21449 21457 21459 21461 21469 21471 21481 21483 21493 21495 21505 21507 21517 21519 21529 21531 21541 21543 21553 21555 21565 21567 21577 21579 21589 21591 21601 21603 21613 21615 21625 21627 21637 21639 21649 21651 21661 21663 21673 21675 21685 21687 21697 21699 21709 21711 21713 21721 21723 21725 21731 21733 21737 21740 21750 21762 21859 22442 22444 22454 22456 22468 22475 22484 22506 22518 22530 22544 22554 22565 22569 23187 23189 23199 23201 23942 23944 23954 23956 24707 24711 24718 24722
NODE_NUM = 178
FILE sqrt_sub_121.aig

# Subcircuit 122
SUB_ID 122
LO (53):  21737 21750 21762 21772 21862 21867 22593 22606 22836 22845 23341 23342 23353 23355 23365 23367 23377 23379 23389 23391 23401 23403 23413 23415 23425 23427 23437 23439 23449 23451 23461 23463 23473 23475 23485 23487 23497 23499 23509 23511 23521 23523 23533 23535 23545 23547 23557 23559 23569 23571 23581 23583 23595
LI (62):  7 8 9 9356 9832 10320 10820 11332 11856 12392 12940 13500 14072 14656 15252 15860 16480 17112 17756 18412 19080 19760 20452 21017 21029 21041 21142 21144 21148 21150 21735 21745 21747 21749 21757 21759 21761 21771 21859 22579 22583 22588 22601 22615 22627 22639 22651 22663 22675 22687 22699 22711 22723 22735 22747 22759 22771 22783 22795 22807 22819 22831
NODE_NUM = 197
FILE sqrt_sub_122.aig

# Subcircuit 123
SUB_ID 123
LO (40):  21899 22127 22136 22646 22658 22660 22670 22672 22682 22684 22694 22696 22706 22708 22718 22720 22730 22732 22742 22744 22754 22756 22766 22768 22778 22780 22790 22792 22802 22804 22814 22816 22826 22828 22838 22840 22850 22852 22862 22864
LI (41):  8440 8892 9356 9832 10320 10820 11332 11856 12392 12940 13500 14072 14656 15252 15860 16480 17112 17756 18412 19080 21898 21909 21918 21930 21942 21954 21966 21978 21990 22002 22014 22026 22038 22050 22062 22074 22086 22098 22110 22122 22645
NODE_NUM = 150
FILE sqrt_sub_123.aig

# Subcircuit 124
SUB_ID 124
LO (55):  21909 22645 22651 23406 23675 23685 23686 24165 24169 24178 24182 24189 24193 24202 24206 24213 24217 24226 24230 24237 24241 24250 24254 24261 24265 24274 24278 24285 24289 24298 24302 24309 24313 24322 24326 24333 24337 24346 24350 24357 24361 24370 24374 24381 24385 24394 24398 24405 24409 24418 24422 24429 24433 24442 24446
LI (56):  5979 6359 6751 7156 7572 8000 8440 8892 9356 9832 10320 10820 11332 11856 12392 12940 13500 14072 14656 15252 15860 16480 17112 21859 21901 21905 21908 22647 22649 23399 23402 23404 23408 23418 23430 23442 23454 23466 23478 23490 23502 23514 23526 23538 23550 23562 23574 23586 23598 23610 23622 23634 23646 23658 23670 23682
NODE_NUM = 197
FILE sqrt_sub_124.aig

# Subcircuit 125
SUB_ID 125
LO (22):  21905 21908 21918 21930 21942 21954 21966 21978 22649 22663 22675 22687 22699 22711 22723 23418 23430 23442 23454 23466 24510 24512
LI (119):  3951 4259 4579 4911 5255 5611 5979 6359 6751 7156 7572 8000 8440 8892 9356 9832 10320 10820 11332 11856 12392 12940 13500 14072 14656 15252 15860 16480 19080 21177 21186 21198 21210 21222 21234 21859 21888 21897 21899 21903 21913 21915 21917 21925 21927 21929 21937 21939 21941 21949 21951 21953 21961 21963 21965 21973 21977 22579 22659 22661 22671 22673 22683 22685 22695 22697 22707 22709 22719 22721 23414 23416 23426 23428 23438 23440 23450 23452 23462 23464 24174 24176 24179 24183 24190 24194 24195 24203 24207 24208 24214 24218 24219 24227 24231 24232 24243 24256 24267 24280 24291 24304 24315 24328 24339 24352 24363 24376 24387 24400 24411 24424 24435 24448 24459 24472 24483 24496 24507
NODE_NUM = 200
FILE sqrt_sub_125.aig

# Subcircuit 126
SUB_ID 126
LO (63):  21977 21990 22002 22014 22026 22038 22050 22062 22074 22086 22098 22735 22747 22759 22771 22783 22795 22807 22819 22831 22843 22872 22881 22968 22977 23490 23502 23514 23526 23538 23550 23562 23574 23586 23593 23605 23607 23617 23619 23631 23641 23643 23653 23655 23665 23667 23677 23679 23689 23691 23701 23703 23713 23715 24256 24267 24280 24291 24304 24315 24328 24339 24352
LI (120):  4911 5255 5611 5979 6359 6751 7156 7572 8000 8440 8892 21246 21258 21270 21282 21294 21306 21318 21330 21342 21354 21859 21975 21985 21987 21989 21997 21999 22001 22009 22011 22013 22021 22023 22025 22033 22035 22037 22045 22047 22049 22057 22059 22061 22069 22071 22073 22081 22083 22085 22093 22097 22731 22733 22743 22745 22755 22757 22767 22769 22779 22781 22791 22793 22803 22805 22815 22817 22827 22829 22836 22839 22841 22845 22855 22867 22882 22891 22903 22915 22927 22939 22951 22963 23486 23488 23498 23500 23510 23512 23522 23524 23534 23536 23546 23548 23558 23560 23570 23572 23582 23584 24251 24255 24262 24266 24275 24279 24286 24290 24299 24303 24310 24314 24323 24327 24334 24338 24347 24351
NODE_NUM = 180
FILE sqrt_sub_126.aig

# Subcircuit 127
SUB_ID 127
LO (142):  22097 22110 22122 22132 22206 22214 22216 22226 22228 22238 22240 22250 22252 22262 22264 22274 22276 22286 22288 22298 22300 22310 22312 22322 22324 22334 22336 22346 22348 22358 22360 22370 22372 22382 22384 22394 22396 22406 22408 22418 22420 22430 22432 22442 22444 22454 22456 22468 22579 22615 22627 22639 22647 22659 22661 22671 22673 22683 22685 22695 22697 22707 22709 22719 22721 22731 22733 22743 22745 22755 22757 22767 22769 22779 22781 22791 22793 22803 22805 22815 22817 22827 22829 22839 22841 22855 22867 22963 22971 22973 22983 22985 22995 22997 23007 23009 23023 23031 23033 23043 23045 23055 23057 23067 23069 23079 23081 23091 23093 23103 23105 23115 23117 23127 23129 23139 23141 23151 23153 23163 23165 23175 23177 23187 23189 23199 23201 23215 23227 23239 23251 23256 23265 23610 23622 23989 23991 24001 24003 24015 24376 24387
LI (180):  253 308 21366 21378 21390 21474 21859 21872 21885 21894 22095 22105 22107 22109 22117 22119 22121 22131 22201 22203 22205 22213 22215 22218 22225 22227 22237 22239 22249 22251 22261 22263 22273 22275 22278 22285 22287 22297 22299 22309 22311 22321 22323 22333 22335 22345 22347 22357 22359 22369 22371 22381 22383 22393 22395 22405 22407 22417 22419 22429 22431 22441 22443 22453 22455 22467 22470 22482 22494 22506 22571 22573 22577 22610 22611 22622 22624 22634 22636 22646 22658 22660 22670 22672 22682 22684 22694 22696 22706 22708 22718 22720 22730 22732 22742 22744 22754 22756 22766 22768 22778 22780 22790 22792 22802 22804 22814 22816 22826 22828 22838 22840 22850 22851 22852 22853 22862 22863 22864 22865 22958 22960 22970 22972 22982 22984 22994 22996 23006 23008 23018 23020 23030 23032 23042 23044 23054 23056 23066 23068 23078 23080 23090 23092 23102 23104 23114 23116 23126 23128 23138 23140 23150 23152 23162 23164 23174 23176 23186 23188 23198 23200 23210 23212 23222 23224 23232 23234 23236 23241 23246 23248 23606 23608 23618 23620 24371 24375 24382 24386
NODE_NUM = 200
FILE sqrt_sub_127.aig

# Subcircuit 128
SUB_ID 128
LO (17):  22583 22588 22601 23232 23241 23263 23280 23290 23291 23399 23408 24014 24030 24041 24174 24176 24805
LI (46):  3 4 5 6 7 198 215 377 17112 17756 18412 19080 19760 20452 21150 21851 21853 21857 21859 22571 22573 22577 22579 22599 23220 23230 23231 23256 23258 23262 23265 23275 23289 23312 23324 23332 23337 23346 23358 23370 23382 23394 24055 24059 24072 24171
NODE_NUM = 200
FILE sqrt_sub_128.aig

# Subcircuit 129
SUB_ID 129
LO (104):  23262 23275 23289 23312 23332 23346 23358 23370 23382 23394 23402 23404 23414 23416 23426 23428 23438 23440 23450 23452 23462 23464 23478 23486 23488 23498 23500 23510 23512 23522 23524 23534 23536 23546 23548 23558 23560 23570 23572 23582 23584 23598 23606 23608 23618 23620 23634 23646 23658 23670 23682 23694 23706 23718 23730 23735 23738 23740 23744 23750 23752 23762 23764 23778 23786 23788 23798 23800 23810 23812 23822 23824 23834 23836 23846 23848 23858 23860 23870 23872 23884 23886 23894 23896 23906 23908 23918 23920 23930 23932 23942 23944 23954 24044 24053 24057 24453 24457 24466 24470 24477 24481 24490 24494
LI (146):  193 4259 4579 4911 5255 22518 22530 22544 22579 22593 22606 22615 22627 22639 22723 22843 22879 22891 22903 22915 22927 22939 22951 22963 22975 23023 23260 23270 23272 23274 23280 23284 23286 23288 23290 23291 23293 23297 23301 23310 23341 23342 23353 23355 23365 23367 23377 23379 23389 23391 23401 23403 23413 23415 23425 23427 23437 23439 23449 23451 23461 23463 23473 23475 23485 23487 23497 23499 23509 23511 23521 23523 23533 23535 23545 23547 23557 23559 23569 23571 23581 23583 23593 23595 23605 23607 23617 23619 23629 23631 23641 23643 23653 23655 23665 23667 23677 23679 23687 23689 23691 23696 23701 23703 23713 23715 23725 23727 23737 23739 23749 23751 23761 23763 23773 23775 23785 23787 23797 23799 23809 23811 23821 23823 23833 23835 23845 23847 23857 23859 23869 23871 23881 23883 23885 23893 23895 23905 23907 23917 23919 23929 23931 23941 23943 23953
NODE_NUM = 200
FILE sqrt_sub_129.aig

# Subcircuit 130
SUB_ID 130
LO (66):  23297 23301 23310 23629 23687 23696 23956 23970 23982 23994 23999 24034 24055 24059 24072 24171 24179 24183 24190 24194 24203 24207 24214 24218 24227 24231 24243 24251 24255 24262 24266 24275 24279 24286 24290 24299 24303 24310 24314 24323 24327 24334 24338 24347 24351 24363 24371 24375 24382 24386 24400 24411 24424 24435 24448 24459 24472 24483 24491 24736 24747 24760 24784 24795 24799 24807
LI (115):  193 198 215 253 5611 22554 22558 22565 22573 22579 22872 22879 22881 23215 23227 23239 23295 23299 23309 23312 23406 23478 23598 23634 23646 23658 23670 23675 23682 23685 23686 23694 23706 23718 23955 23965 23967 23969 23977 23979 23981 23989 23991 23993 23998 24009 24018 24030 24041 24045 24053 24057 24068 24069 24165 24169 24178 24182 24189 24193 24202 24206 24213 24217 24226 24230 24237 24241 24250 24254 24261 24265 24274 24278 24285 24289 24298 24302 24309 24313 24322 24326 24333 24337 24346 24350 24357 24361 24370 24374 24381 24385 24394 24398 24405 24409 24418 24422 24429 24433 24442 24446 24453 24457 24466 24470 24477 24481 24490 24731 24735 24742 24746 24755 24759
NODE_NUM = 150
FILE sqrt_sub_130.aig

# Subcircuit 131
SUB_ID 131
LO (49):  24009 24018 24045 24068 24069 24496 24507 24515 24519 24526 24530 24544 24550 24554 24563 24567 24574 24578 24587 24591 24598 24602 24611 24615 24622 24626 24635 24639 24651 24659 24663 24670 24674 24683 24687 24694 24698 24707 24711 24718 24722 24731 24735 24742 24746 24755 24759 24771 24808
LI (74):  1 2 3 253 23251 23263 23312 23730 23742 23778 23886 23987 23997 23999 24001 24003 24005 24008 24014 24015 24034 24041 24044 24053 24055 24491 24494 24501 24505 24514 24518 24525 24529 24538 24542 24549 24553 24562 24566 24573 24577 24586 24590 24597 24601 24610 24614 24621 24625 24634 24638 24645 24649 24658 24662 24669 24673 24682 24686 24693 24697 24706 24710 24717 24721 24730 24734 24741 24745 24754 24758 24766 24805 24807
NODE_NUM = 76
FILE sqrt_sub_131.aig

