# Subcircuit 0
SUB_ID 0
LO (16):  140195 140207 140254 140287 140334 140390 140395 140408 140409 140410 140418 140431 140440 140445 140453 140491
LI (20):  127 128 68764 140177 140178 140186 140199 140203 140232 140236 140238 140266 140270 140272 140297 140301 140303 140353 140355 140406
NODE_NUM = 181
FILE hyp_sub_0.aig

# Subcircuit 1
SUB_ID 1
LO (14):  493 518 519 523 550 68764 140177 140178 140199 140203 140232 140236 140266 140270
LI (41):  123 124 125 126 127 128 398 412 416 422 429 431 433 436 439 443 444 447 453 455 465 471 473 475 479 481 514 527 68749 68753 68757 137161 137165 137175 137185 137195 137205 137215 140164 140168 140172
NODE_NUM = 190
FILE hyp_sub_1.aig

# Subcircuit 2
SUB_ID 2
LO (25):  412 429 433 439 473 68749 140164 140297 140301 140353 140355 140400 140404 140405 140406 140413 140422 140443 140447 140448 140457 140459 140500 140508 140520
LI (45):  121 122 126 128 472 563 565 574 582 583 604 610 630 635 650 662 668 672 676 731 797 802 878 68734 68747 137225 137235 137244 137254 137263 137273 140149 140195 140207 140254 140287 140390 140395 140408 140409 140410 140418 140431 140440 140445
NODE_NUM = 186
FILE hyp_sub_2.aig

# Subcircuit 3
SUB_ID 3
LO (33):  431 436 444 471 472 479 514 527 563 565 574 582 604 610 630 635 650 662 668 672 676 731 797 802 878 68734 68747 137287 137288 137297 140146 140224 140465
LI (53):  120 121 122 123 124 125 127 128 493 494 495 503 505 509 510 518 519 523 539 540 542 545 550 553 573 575 577 580 589 590 592 596 602 616 619 626 645 661 687 692 699 718 720 773 777 786 869 973 978 1049 68729 137282 137292
NODE_NUM = 200
FILE hyp_sub_3.aig

# Subcircuit 4
SUB_ID 4
LO (25):  475 494 495 503 626 645 973 1049 68729 140149 140227 140468 140469 140506 140539 140543 140545 140562 140571 140580 140589 140621 140625 140626 140627
LI (51):  118 119 127 128 502 600 623 624 908 909 920 929 937 965 971 1013 1015 1019 1027 1033 1038 1042 1137 1144 1162 1239 1342 1346 1398 68720 137287 137288 137297 137301 137311 137320 137330 140135 140146 140224 140254 140287 140334 140390 140404 140464 140465 140477 140486 140495 140504
NODE_NUM = 199
FILE hyp_sub_4.aig

# Subcircuit 5
SUB_ID 5
LO (34):  510 540 575 577 580 596 699 718 720 773 777 786 869 908 937 965 971 978 1033 1038 1042 1137 1144 1239 1342 1346 1357 1365 1376 1383 1387 1391 1396 1499
LI (64):  115 119 120 123 124 126 128 595 659 694 696 697 710 712 715 751 755 756 759 760 764 765 771 816 817 818 819 821 831 838 850 851 855 859 861 894 899 918 945 957 963 1060 1065 1069 1093 1103 1105 1106 1108 1117 1125 1131 1192 1203 1205 1208 1209 1218 1227 1262 1272 1277 1331 1356
NODE_NUM = 200
FILE hyp_sub_5.aig

# Subcircuit 6
SUB_ID 6
LO (32):  583 589 600 602 623 659 661 710 712 1060 1069 1106 1192 1203 1331 1356 1398 68720 140135 140529 140546 140643 140715 140719 140731 140732 140814 140818 140819 140820 140841 140850
LI (51):  116 117 118 125 126 127 601 657 660 711 1054 1059 1168 1169 1177 1183 1188 1302 1327 1357 1366 1372 1376 1383 1387 1391 1396 1409 1411 1490 1499 1606 1751 1756 1892 68712 137340 137350 137360 140117 140121 140227 140468 140525 140528 140545 140608 140625 140633 140711 140728
NODE_NUM = 200
FILE hyp_sub_6.aig

# Subcircuit 7
SUB_ID 7
LO (49):  590 592 595 616 619 624 657 694 696 697 751 755 816 817 818 819 838 850 851 859 899 920 929 945 957 963 1013 1015 1019 1027 1103 1105 1131 1162 1205 1208 1302 1409 1411 1490 1548 1576 1594 1597 1602 1656 1695 1700 1885
LI (59):  114 116 117 118 119 122 123 124 125 128 711 745 747 748 810 813 842 845 849 915 916 918 922 924 926 942 944 946 949 954 990 994 1003 1012 1098 1104 1285 1287 1290 1298 1408 1416 1418 1420 1425 1433 1439 1440 1443 1445 1450 1461 1467 1479 1484 1512 1531 1573 1589
NODE_NUM = 195
FILE hyp_sub_7.aig

# Subcircuit 8
SUB_ID 8
LO (32):  687 692 1531 1892 68712 140117 140464 140477 140557 140566 140568 140652 140661 140711 140728 140836 140845 140848 140849 140926 140930 140931 140942 140943 140962 140971 140980 141043 141047 141049 141070 141079
LI (51):  114 115 127 1516 1517 1527 1790 1813 1821 1848 1869 1871 1881 1885 1888 1898 2026 2028 2049 2167 2302 2306 2469 68703 137370 137379 137389 137399 140107 140334 140400 140404 140455 140476 140525 140528 140551 140552 140563 140621 140625 140700 140727 140801 140818 140826 140830 140831 140842 140922 140939
NODE_NUM = 199
FILE hyp_sub_8.aig

# Subcircuit 9
SUB_ID 9
LO (42):  711 715 855 1751 1848 1888 1898 2026 2028 2049 2302 2306 2469 68703 140107 140486 140595 140633 140646 140647 140674 140683 140690 140702 140737 140746 140755 140922 140939 141065 141074 141077 141078 141168 141173 141184 141185 141204 141213 141222 141326 141335
LI (62):  113 115 125 128 1623 1625 1627 1638 1648 1656 1689 1695 1700 1743 1749 1830 1838 1846 1973 2011 2017 2021 2186 2295 2463 2467 2603 68701 137408 140105 140207 140254 140353 140390 140455 140476 140525 140539 140543 140569 140570 140572 140584 140593 140608 140627 140643 140700 140727 140814 140818 140911 140938 141030 141047 141055 141059 141060 141071 141164 141172 141181
NODE_NUM = 197
FILE hyp_sub_9.aig

# Subcircuit 10
SUB_ID 10
LO (42):  745 747 756 760 894 942 944 954 1065 1117 1218 1272 1277 1298 1366 1372 1433 1445 1479 1484 1589 1606 1743 1749 1756 1869 1871 1881 1973 2021 2167 2186 2463 2467 2603 68701 137423 137424 137433 137434 141169 141300
LI (64):  112 114 118 119 121 126 127 887 889 892 943 953 990 1114 1115 1213 1214 1216 1267 1292 1295 1296 1365 1428 1431 1474 1548 1576 1585 1594 1597 1602 1627 1658 1704 1708 1709 1716 1736 1739 1796 1858 1863 1926 1928 1931 1940 1964 2087 2096 2101 2112 2163 2313 2361 2452 2597 2601 2745 2752 2852 68696 137418 137428
NODE_NUM = 197
FILE hyp_sub_10.aig

# Subcircuit 11
SUB_ID 11
LO (36):  764 2011 2017 2163 2295 2313 2452 2597 2601 2745 2752 2852 68696 140105 140223 140826 140830 140831 140948 140986 141059 141060 141092 141101 141110 141119 141172 141190 141199 141303 141312 141315 141316 141318 141474 141483
LI (61):  112 113 127 128 1982 1989 1990 2000 2006 2010 2157 2161 2209 2213 2222 2235 2291 2443 2450 2585 2592 2739 2741 2846 2850 3005 68694 137423 137424 137433 137434 137438 140098 140390 140455 140525 140608 140700 140715 140719 140801 140820 140911 140926 140930 140938 140942 140943 140966 140975 140984 141030 141049 141055 141158 141168 141169 141180 141295 141300 141311
NODE_NUM = 197
FILE hyp_sub_11.aig

# Subcircuit 12
SUB_ID 12
LO (51):  810 821 842 845 849 887 915 953 1003 1093 1114 1209 1213 1262 1292 1295 1420 1443 1627 1708 2087 2291 2361 2585 2592 2739 2741 2846 2850 3005 3236 41131 41132 41134 41592 41594 41603 41612 41650 41680 41723 41786 42063 42072 42250 42477 42495 42499 68692 137448 138418
LI (74):  111 113 117 118 120 121 126 128 914 952 997 1000 1001 1083 1086 1087 1294 1707 1983 2067 2069 2070 2075 2076 2081 2085 2249 2278 2287 2325 2327 2354 2357 2498 2572 2579 2736 2837 2839 2999 3001 3235 40648 40780 40835 40838 40900 40952 40954 40955 40958 40968 40976 40982 40991 40997 41001 41036 41042 41047 41051 41108 41114 41119 41123 41128 41336 41341 41566 41568 41574 41578 41587 41591
NODE_NUM = 198
FILE hyp_sub_12.aig

# Subcircuit 13
SUB_ID 13
LO (22):  889 892 909 2443 2736 2837 2839 2999 3001 3235 68694 140098 141451 141455 141463 141464 141593 141605 141609 141610 141611 141636
LI (49):  110 111 127 128 2380 2382 2386 2387 2393 2422 2439 2609 2616 2639 2659 2708 2717 2718 2726 2730 2828 2830 2836 2859 2908 2975 2977 2985 3056 3222 3236 3387 3392 3575 3577 3782 68684 68692 137447 137448 137457 137466 137476 140088 140223 141158 141295 141441 141447
NODE_NUM = 200
FILE hyp_sub_13.aig

# Subcircuit 14
SUB_ID 14
LO (51):  914 916 918 922 924 949 990 1086 1087 1188 1227 1327 1408 1418 1425 1440 1461 1474 1512 1527 1573 1585 1623 1648 1716 1736 1739 1813 1821 1858 1863 1926 2000 2112 2157 2161 2209 2222 2287 2325 2327 2354 2399 2400 2401 2450 2498 2579 2659 2730 2836
LI (70):  109 113 115 116 120 121 122 124 128 1078 1079 1081 1084 1221 1223 1225 1306 1308 1309 1319 1423 1427 1454 1456 1457 1458 1522 1523 1525 1550 1552 1561 1562 1566 1571 1622 1630 1640 1642 1645 1724 1733 1768 1802 1809 1915 1916 1920 1924 1994 1995 1996 2117 2150 2193 2194 2198 2205 2324 2338 2339 2342 2343 2350 2398 2481 2487 2491 2496 2658
NODE_NUM = 198
FILE hyp_sub_14.aig

# Subcircuit 15
SUB_ID 15
LO (45):  926 943 952 994 997 1000 1001 1078 1079 1081 1084 1115 1125 1183 1221 1223 1267 1308 1454 2075 2249 2382 2386 2398 2422 2481 2487 2491 2572 2609 2639 2717 2718 2828 2830 2859 2908 2985 3056 3222 3240 3244 3392 3565 3574
LI (62):  109 110 111 112 113 123 124 125 126 127 1074 1083 1119 1120 1121 1453 1899 1927 2053 2237 2238 2245 2339 2381 2385 2400 2401 2410 2418 2528 2529 2530 2531 2533 2542 2548 2551 2555 2564 2570 2620 2624 2635 2712 2760 2771 2772 2782 2790 2817 2821 2825 2885 2894 2899 3013 3020 3040 3049 3133 3135 3218
NODE_NUM = 198
FILE hyp_sub_15.aig

# Subcircuit 16
SUB_ID 16
LO (22):  1054 1059 1074 1169 1177 3387 3575 3577 3782 3991 3992 4024 4025 4187 4378 4383 4387 4685 68679 137486 137496 137506
LI (47):  107 108 127 128 1168 1174 3253 3280 3283 3285 3286 3294 3302 3323 3329 3379 3385 3425 3430 3449 3480 3486 3552 3557 3561 3565 3568 3574 3591 3593 3698 3730 3734 3743 3749 3766 3840 3911 3920 3960 3970 3974 3996 4001 4032 4036 4170
NODE_NUM = 199
FILE hyp_sub_16.aig

# Subcircuit 17
SUB_ID 17
LO (59):  1083 1104 1108 1119 1121 1168 1294 1319 1428 1439 1450 1456 1467 1522 1523 1550 1622 1645 1689 1768 1790 1802 1809 1846 1920 1928 1964 1982 2006 2010 2150 2194 2235 2278 2324 2339 2342 2357 2439 2496 2528 2529 2530 2658 2708 2712 2726 2760 2771 2975 2977 3013 3049 3218 3421 3424 3433 3568 3974
LI (76):  106 108 112 114 115 118 120 122 124 126 127 1313 1315 1317 1427 1438 1449 1455 1521 1644 1670 1672 1675 1687 1767 1770 1779 1786 1797 1798 1800 1919 1927 1949 1953 1962 1981 2123 2138 2140 2142 2144 2148 2267 2269 2270 2272 2276 2341 2399 2412 2432 2437 2517 2518 2519 2522 2526 2663 2664 2668 2675 2707 2766 2769 2799 2942 2949 2960 2966 2974 3148 3189 3193 3202 3416
NODE_NUM = 200
FILE hyp_sub_17.aig

# Subcircuit 18
SUB_ID 18
LO (43):  1174 1214 1216 1225 1313 1315 1449 1525 1672 2410 2555 2620 2766 2769 2949 3133 3135 3323 3329 3416 3425 3561 3591 3593 3698 3960 3996 4170 4388 4389 4695 4696 4917 4918 5088 5089 5332 5333 137516 137526 137536 137546 137556
LI (58):  106 107 108 111 122 125 126 128 1448 1453 1671 2403 2407 2408 2768 3086 3091 3092 3093 3094 3096 3100 3126 3132 3316 3321 3411 3421 3424 3586 3605 3632 3639 3640 3651 3690 3696 3937 3941 3950 4151 4166 4247 4258 4285 4372 4378 4383 4387 4460 4597 4675 4685 4908 4912 5075 5083 5331
NODE_NUM = 185
FILE hyp_sub_18.aig

# Subcircuit 19
SUB_ID 19
LO (55):  1285 1287 1290 1296 1306 1638 1640 1709 1786 1800 1830 1962 1989 1996 2067 2085 2144 2193 2213 2272 2418 2518 2519 2531 2616 2817 2885 2942 2966 3020 3126 3132 3148 3189 3253 3379 3385 3411 3449 3552 3557 3605 3639 3696 3730 3749 3766 3833 3840 3842 3920 3941 3970 4029 4156
LI (72):  105 108 110 113 115 117 119 122 123 128 1632 1633 1636 1781 1782 1927 1984 1987 2053 2056 2057 2066 2413 2414 2416 2806 2808 2809 2811 2815 2862 2863 2866 2872 2876 2881 2930 2932 2935 2940 3119 3120 3153 3162 3167 3185 3240 3244 3250 3284 3368 3377 3435 3436 3445 3489 3500 3508 3528 3548 3604 3634 3635 3637 3713 3722 3727 3801 3806 3826 3829 3837
NODE_NUM = 199
FILE hyp_sub_19.aig

# Subcircuit 20
SUB_ID 20
LO (21):  1309 1317 1423 4460 4908 4912 5075 5083 5331 5397 5398 5820 5821 6072 6240 6241 68661 137566 137576 137585 137595
LI (40):  104 105 127 128 4221 4412 4414 4420 4425 4445 4448 4458 4698 4700 4822 4826 4835 4854 4857 4867 4871 4878 4883 4889 4905 5006 5010 5049 5055 5064 5071 5227 5309 5339 5374 5381 5810 6062 6067 6239
NODE_NUM = 182
FILE hyp_sub_20.aig

# Subcircuit 21
SUB_ID 21
LO (45):  1416 1427 1431 1644 1781 1940 1995 2096 2101 2380 2393 2517 2526 2548 2663 2707 2806 2815 2894 2899 2974 3040 3250 3445 3632 3801 3911 3937 4032 4036 4166 4258 4285 4372 4597 4675 4698 4871 4905 4929 4932 4970 5001 5005 5071
LI (72):  103 109 111 117 119 128 1636 1936 1938 1994 2091 2253 2372 2373 2374 2375 2416 2506 2516 2681 2682 2684 2694 2703 2792 2795 2796 2805 2889 3028 3037 3175 3443 3606 3610 3611 3620 3628 3633 3847 3862 3864 3867 3871 3900 3909 3929 3934 4029 4161 4162 4268 4273 4278 4316 4364 4366 4526 4527 4531 4534 4545 4551 4555 4576 4590 4595 4658 4660 4667 4922 4925
NODE_NUM = 200
FILE hyp_sub_21.aig

# Subcircuit 22
SUB_ID 22
LO (50):  1438 1448 1453 1455 1457 1458 1516 1521 1561 1630 1632 1670 1724 1779 1838 1899 1915 1924 1949 2057 2091 3094 3185 3430 3486 3548 3606 3690 3837 3862 3871 4001 4151 4221 4247 4268 4273 4364 4366 4445 4448 4458 4534 4576 4590 4667 4700 4781 4782 4878
LI (73):  102 105 107 108 110 121 123 124 125 126 128 1555 1556 1557 1559 1631 1659 1664 1666 1774 1776 1900 1904 1914 3161 3162 3164 3173 3181 3429 3533 3537 3546 3658 3660 3663 3669 3678 3688 3792 3833 3849 3850 3852 3861 3863 3889 4042 4053 4063 4098 4115 4116 4119 4120 4124 4143 4147 4217 4230 4239 4245 4352 4357 4414 4433 4442 4533 4538 4562 4573 4580 4780
NODE_NUM = 199
FILE hyp_sub_22.aig

# Subcircuit 23
SUB_ID 23
LO (25):  1517 1659 5810 6062 6067 6101 6208 6215 6219 6228 6232 6237 6247 6389 6393 6511 6519 6524 6528 6541 6614 6619 6623 6767 11736
LI (53):  76 102 127 1658 5480 5496 5498 5502 5508 5512 5541 5568 5576 5581 5589 5593 5610 5698 5742 5744 5754 5781 5791 5795 5804 5831 5835 5836 5847 5870 5891 5897 5902 5911 5915 5947 5951 5960 5968 6031 6037 6041 6046 6054 6083 6087 6091 6103 6123 6149 6155 6180 6197
NODE_NUM = 192
FILE hyp_sub_23.aig

# Subcircuit 24
SUB_ID 24
LO (77):  1552 1555 1557 1559 1566 1625 1631 1633 1636 1642 1664 1675 1687 1704 1774 1776 1797 1914 1931 1936 1938 1981 1983 1984 2053 2069 2081 2117 2138 2148 2267 2276 2338 2350 2374 2414 2416 2432 2437 2506 2635 2668 2681 2795 2811 2889 2920 2921 2954 3092 3106 3164 3173 3436 3455 3489 3508 3537 3546 3610 3734 3852 4230 4332 4414 4442 4822 5049 5055 5100 5227 5265 5374 5381 5576 5929 6054
LI (72):  100 103 104 106 110 112 114 116 118 120 123 124 125 126 127 128 1661 1682 1684 1796 1904 1907 1909 1912 1935 1937 2078 2123 2125 2127 2128 2131 2133 2135 2137 2259 2262 2263 2373 2427 2505 2629 2632 2680 2919 2931 3159 3168 3170 3269 3434 3503 3504 3536 3608 4225 4229 4753 4777 4783 4784 4793 4814 4820 5043 5047 5113 5122 5123 5146 5223 5365
NODE_NUM = 198
FILE hyp_sub_24.aig

# Subcircuit 25
SUB_ID 25
LO (51):  1658 1661 1666 1671 1770 1953 2372 2564 2782 3028 3269 3280 3429 3480 3528 3792 3826 3829 4161 4162 4780 5113 5309 5581 5593 5698 5795 5804 6046 6239 68658 68660 68663 68665 68667 68669 68671 68673 68684 137490 137491 137500 137501 137510 137511 137519 137608 137618 141768 141772 141939
LI (84):  101 106 113 114 121 126 127 1765 1952 2368 2371 2777 2779 3080 3268 3273 3274 3278 3453 3455 3458 3468 3476 3520 3525 3819 3824 3991 3992 4024 4025 4156 4187 4388 4389 4695 4696 4917 4918 5088 5089 5097 5098 5101 5102 5109 5237 5276 5280 5289 5294 5298 5302 5307 5332 5333 5397 5398 5675 5684 5688 5693 5820 5821 6072 6221 6228 6232 6237 6240 6241 6529 6531 6783 68654 68661 68679 137485 137486 137495 137496 137505 137506 137516
NODE_NUM = 198
FILE hyp_sub_25.aig

# Subcircuit 26
SUB_ID 26
LO (42):  1684 1707 1765 1767 1952 2066 2205 2919 3119 3120 3202 3268 3278 3302 3368 3520 3586 3604 3611 3722 3727 4098 4352 4555 4580 4595 6529 6531 6768 6770 6781 6789 6791 6878 6930 6996 7009 7024 7084 7273 7291 7295
LI (69):  99 101 112 117 128 1766 2060 2063 2064 2792 2917 2920 3105 3106 3109 3118 3255 3258 3267 3301 3339 3340 3343 3344 3353 3360 3366 3721 3881 4075 4078 4087 4094 4306 4309 4345 4350 6317 6321 6323 6325 6327 6335 6341 6370 6376 6381 6389 6393 6420 6436 6450 6451 6485 6491 6498 6502 6506 6511 6519 6524 6528 6624 6673 6742 6748 6757 6763 6767
NODE_NUM = 199
FILE hyp_sub_26.aig

# Subcircuit 27
SUB_ID 27
LO (71):  1766 1782 1796 1798 1904 1907 1909 1912 1916 1990 2063 2123 2125 2133 2140 2254 2256 2343 2407 2424 2542 2790 2796 2863 2864 2917 2930 2940 3086 3105 3109 3161 3255 3258 3273 3283 3301 3340 3343 3377 3458 3536 3618 3850 4116 4345 4412 4514 4526 4545 4551 4617 4658 4660 4753 4820 4867 4883 4889 4922 5006 5064 5102 5173 5237 5298 5302 5307 5339 6322 6934
LI (69):  98 99 101 107 109 111 115 116 118 120 125 126 127 128 2060 2062 2139 2253 2261 2405 2536 2537 2540 2680 2776 2921 2929 3060 3063 3074 3082 3104 3108 3159 3272 3342 4329 4331 4332 4341 4391 4399 4403 4495 4512 4515 4516 4519 4523 4539 4540 4543 4629 4631 4632 4640 4645 4651 4657 4708 4746 4962 4964 4970 4977 4989 5001 5005 5236
NODE_NUM = 198
FILE hyp_sub_27.aig

# Subcircuit 28
SUB_ID 28
LO (65):  1919 1927 1935 1937 1987 1994 2056 2060 2070 2262 2263 2412 2413 2540 2664 2805 2808 2935 3037 3096 3159 3167 3168 3170 3628 3633 3634 3863 3864 3929 4053 4063 4087 4217 4245 4341 4350 4391 4425 4519 4629 4651 4854 4857 4925 5010 5223 5480 5496 5512 5589 5629 5630 5675 5688 5730 5911 5915 5946 5968 6020 6041 6082 6091 6327
LI (75):  97 103 104 105 107 108 111 114 116 119 120 121 122 126 2139 2261 2696 2800 2803 2807 2933 3116 3434 3623 3626 3635 4052 4056 4057 4061 4077 4081 4082 4085 4193 4194 4197 4198 4208 4216 4532 4614 4618 4622 4624 4847 4852 4947 5033 5169 5173 5178 5182 5210 5216 5219 5437 5441 5447 5456 5465 5469 5472 5481 5483 5485 5493 5495 5620 5628 5634 5641 5671 5722 5727
NODE_NUM = 200
FILE hyp_sub_28.aig

# Subcircuit 29
SUB_ID 29
LO (39):  2062 2064 2078 2516 2675 2684 2703 2876 5634 6031 6420 6436 6502 6673 7034 7035 7037 7085 7124 7180 7276 7282 7300 7314 7339 7367 7370 7376 7381 7471 7476 7491 7496 7504 7509 7513 7527 7768 137625
LI (68):  97 101 106 119 124 128 2510 2512 2514 2696 2699 2701 5481 5630 5632 5995 6027 6325 6417 6425 6429 6430 6434 6629 6638 6640 6641 6643 6652 6661 6667 6671 6787 6789 6791 6800 6843 6851 6857 6861 6865 6869 6874 6878 6881 6924 6930 6933 6935 6936 6946 6954 6985 6988 6996 7001 7009 7014 7024 7031 7043 7060 7065 7075 7084 7089 7101 7123
NODE_NUM = 197
FILE hyp_sub_29.aig

# Subcircuit 30
SUB_ID 30
LO (37):  2128 2131 2135 2368 2371 2510 2632 6325 6429 6640 7305 7306 7438 7521 7785 7786 7788 7790 7816 7842 7863 7873 7876 7887 7891 7896 7907 7984 7988 7997 8011 8152 8156 68648 137635 137644 137654
LI (61):  97 98 102 122 124 127 2367 2509 2630 6322 6639 7037 7085 7124 7133 7134 7137 7138 7142 7146 7174 7180 7184 7265 7273 7276 7282 7286 7291 7295 7300 7377 7382 7435 7437 7441 7449 7457 7463 7467 7471 7485 7491 7496 7500 7504 7509 7513 7527 7530 7535 7588 7592 7601 7606 7720 7733 7749 7755 7758 7768
NODE_NUM = 198
FILE hyp_sub_30.aig

# Subcircuit 31
SUB_ID 31
LO (40):  2139 2142 2198 2237 2269 2696 3651 3688 3713 3847 3909 4042 5481 5781 6321 6376 6639 6935 7377 7500 7749 7755 7899 7900 8164 8165 8441 8706 8707 9123 9380 9381 68634 68639 137663 137673 137683 137693 137702 137712
LI (57):  96 101 106 107 117 123 128 2268 3344 3347 3645 3648 3683 3703 3711 3842 5646 5770 5771 5773 5779 6934 7315 7334 7338 7339 7342 7352 7357 7363 7367 7370 7376 7742 7745 7788 7790 7867 7873 7876 7887 7891 7896 7989 7991 8147 8152 8156 8251 8258 8262 8427 8690 8692 9116 9118 9379
NODE_NUM = 185
FILE hyp_sub_31.aig

# Subcircuit 32
SUB_ID 32
LO (26):  2238 8427 8690 8692 9055 9116 9118 9236 9243 9248 9252 9297 9332 9336 9339 9349 9363 9368 9372 9377 9626 9636 9653 9658 9662 18868
LI (53):  64 96 127 8273 8292 8300 8302 8311 8319 8338 8344 8349 8353 8414 8420 8425 8478 8480 8488 8503 8535 8557 8559 8568 8569 8577 8584 8588 8689 8819 8839 8850 8853 8946 8952 8966 8975 8979 8982 9048 9054 9060 9069 9075 9079 9086 9090 9095 9104 9111 9166 9229 9242
NODE_NUM = 196
FILE hyp_sub_32.aig

# Subcircuit 33
SUB_ID 33
LO (27):  2253 2259 2427 2701 8292 8478 8480 8535 8577 8819 8839 8966 8982 9379 9670 9671 10014 10015 10017 10363 10368 10372 10377 10775 10784 137722 137732
LI (57):  95 97 125 128 2254 2256 2424 8036 8265 8267 8270 8279 8288 8447 8459 8477 8509 8512 8513 8514 8519 8523 8534 8741 8757 8811 8817 8823 8827 8837 8960 8964 9236 9243 9248 9252 9327 9332 9336 9339 9346 9349 9363 9368 9372 9377 9463 9620 9626 9631 9643 9653 9658 9662 9727 9964 9991
NODE_NUM = 197
FILE hyp_sub_33.aig

# Subcircuit 34
SUB_ID 34
LO (56):  2261 2268 2270 2341 2367 2537 2629 2960 3153 3181 3434 3435 3525 3620 3663 3900 3950 4094 4143 4278 4495 4573 4614 4622 4657 4755 4777 4783 4814 4843 4961 5042 5101 5122 5123 5236 5276 5294 5437 5441 5469 5517 5568 5742 5744 5791 5897 6083 6087 6221 6461 6783 6787 7031 7404 8034
LI (78):  94 99 101 105 109 114 118 122 124 128 2628 2955 2957 3076 3176 3178 3433 3453 3615 3618 3662 3880 3881 3884 3885 3896 4089 4091 4092 4135 4140 4198 4466 4467 4470 4480 4491 4531 4538 4604 4606 4613 4754 4759 4766 4773 4781 4782 4802 4811 5100 5121 5257 5264 5265 5268 5269 5273 5419 5423 5432 5544 5547 5556 5564 5702 5711 5730 5733 5741 6082 6101 6208 6215 6219 6768 6770 6781
NODE_NUM = 197
FILE hyp_sub_34.aig

# Subcircuit 35
SUB_ID 35
LO (52):  2373 2375 2381 2385 2387 2694 2862 2872 2881 3118 3175 3176 3178 3339 3366 3500 3637 3645 3703 3743 3806 6641 6954 7174 7265 7535 7720 7733 7742 7758 8147 8262 8425 8512 8513 8514 8689 8741 8817 8827 8946 9111 9298 9317 9321 9325 9346 9385 9431 9600 9634 9720
LI (68):  94 95 96 102 119 120 126 127 2628 2687 2689 2692 2799 2861 2871 3115 3116 3338 3498 3502 3644 3699 6654 6940 6949 6950 7163 7165 7166 7172 7234 7243 7248 7252 7258 7263 7613 7622 7627 7716 8000 8002 8011 8136 8145 8264 8510 8680 8685 8711 8714 8717 8723 8725 8731 8734 8740 8919 8925 8927 8938 8944 9287 9291 9297 9306 9312 9316
NODE_NUM = 196
FILE hyp_sub_35.aig

# Subcircuit 36
SUB_ID 36
LO (70):  2403 2405 2408 2505 2509 2512 2514 2699 2799 2800 2807 2932 2955 3108 3342 3360 3683 3721 3885 4081 4082 5544 5628 5870 5947 6027 6037 6103 6197 6317 6370 6381 6417 6425 6434 6498 6506 6629 6638 6652 6667 6671 6757 6800 6851 6865 6869 6874 6933 6936 7089 7133 7137 7142 7342 7437 7441 7601 7686 7688 7689 7867 7953 8032 8033 8251 8258 8344 8368 8588
LI (79):  96 97 98 99 100 104 115 117 122 123 125 2698 2931 2954 3357 3359 3681 4080 5098 5558 5622 5623 5625 5626 5629 5771 5860 5861 5864 5868 5925 5927 5931 5937 5940 5946 6016 6021 6025 6190 6195 6248 6276 6280 6289 6309 6315 6346 6347 6349 6358 6366 6398 6415 6421 6422 6626 6633 6646 6649 6795 6934 7126 7129 7132 7134 7136 7440 7687 7818 7837 7841 7842 7843 7854 7858 7863 8242 8249
NODE_NUM = 200
FILE hyp_sub_36.aig

# Subcircuit 37
SUB_ID 37
LO (51):  2522 2533 2624 2628 2777 2779 3443 3453 3881 4538 4539 4754 4962 4964 5219 5280 5365 5693 6016 6025 6280 6366 6633 8136 8270 8353 8414 8557 8559 8725 8823 8960 8964 9079 9090 9104 9287 9291 9620 9991 10380 10381 10792 10793 10795 10809 10811 10817 10822 137742 137752
LI (70):  93 98 100 107 113 121 128 2776 2778 4537 4929 4932 4934 4937 4945 4953 4961 5359 5363 5646 5756 6005 6015 6361 6364 8034 8052 8077 8080 8083 8091 8098 8128 8134 8281 8381 8385 8394 8400 8539 8541 8542 8550 8556 8720 8721 8723 8959 9263 9268 9286 9601 9609 9612 9618 9985 9987 10017 10037 10251 10257 10357 10363 10368 10372 10377 10776 10778 10784 10806
NODE_NUM = 200
FILE hyp_sub_37.aig

# Subcircuit 38
SUB_ID 38
LO (52):  2630 2680 2682 2687 2689 2692 2772 2871 2929 3074 3193 3316 3321 3644 3678 3934 4089 4091 4225 4229 4645 4708 6180 6309 6323 6398 6748 7165 7588 7606 7716 7818 7989 7991 8052 8091 8134 8242 8249 8267 8394 8420 8541 8542 8584 8680 8685 8975 8979 10117 10437 10660
LI (72):  92 93 99 102 117 118 121 126 127 128 2861 2870 2923 2926 2927 3068 3071 3072 3315 3659 3673 3675 4099 4537 5861 6159 6170 6176 6302 6303 6322 6979 7155 7166 7558 7573 7575 7576 7585 7645 7647 7648 7650 7654 7684 7712 7801 7806 7811 7816 7907 7915 7920 7925 7928 7969 7971 7984 7988 8047 8085 8088 8089 8234 8236 8540 8663 8665 10106 10108 10110 10115
NODE_NUM = 198
FILE hyp_sub_38.aig

# Subcircuit 39
SUB_ID 39
LO (65):  2698 2768 2776 2778 2792 2803 2809 3115 3353 3502 3503 3711 3880 4077 4078 4085 4135 4193 4239 4399 4433 4512 4523 4640 4746 4766 4826 4934 4977 5121 5146 5216 5447 5622 5671 5773 5860 5868 5891 5931 5940 6123 6248 6315 6466 6485 6624 6742 6763 6836 6881 6949 6988 7014 7121 7134 7184 7286 7646 7687 8265 8498 8934 9577 9580
LI (76):  91 95 96 98 100 102 107 112 116 119 124 128 3076 3114 3261 3348 3351 3614 3874 3878 4190 4192 4194 4233 4234 4237 4488 4497 4499 4501 4511 4637 4638 4711 4713 4724 4742 4763 4764 4933 5134 5143 5523 5554 5652 5654 5657 5667 5853 5856 5859 5878 5887 5930 6109 6121 6247 6269 6465 6469 6471 6474 6481 6541 6608 6614 6619 6623 6710 6717 6719 6720 6731 6738 6948 8264
NODE_NUM = 198
FILE hyp_sub_39.aig

# Subcircuit 40
SUB_ID 40
LO (28):  2861 2866 2870 3896 4216 9601 9618 9964 9985 9987 10037 10357 10776 10778 10806 10825 10826 11137 11138 11140 11184 11459 11463 11468 12015 12252 137762 137772
LI (57):  93 94 99 119 125 2864 3890 3893 9170 9540 9567 9574 9576 9577 9581 9585 9592 9596 9600 9882 9885 9892 9936 9945 9947 9956 9960 9976 9980 9984 10019 10024 10033 10351 10353 10385 10394 10453 10546 10565 10672 10765 10775 10795 10800 10802 10809 10811 10817 10822 10839 11083 11085 11112 11118 11178 11182
NODE_NUM = 185
FILE hyp_sub_40.aig

# Subcircuit 41
SUB_ID 41
LO (26):  2923 2927 3068 3071 3267 3533 10765 10839 11178 11182 11471 12023 12024 12026 12244 12246 12257 12599 12602 12608 12772 12950 12954 68617 137781 137791
LI (52):  91 92 125 127 3070 3262 3265 10513 10521 10684 10686 10690 10715 10719 10721 10727 10735 10742 10752 10759 10763 11140 11146 11171 11177 11184 11188 11201 11219 11236 11244 11247 11252 11262 11265 11436 11446 11459 11463 11468 11484 11485 11498 11782 11787 12005 12015 12059 12220 12226 12230 12239
NODE_NUM = 200
FILE hyp_sub_41.aig

# Subcircuit 42
SUB_ID 42
LO (54):  2931 2933 2957 3060 3063 3070 3262 3265 3347 3348 3357 3359 3623 3867 4198 4233 4467 5043 5047 5257 5359 5363 5541 5684 5733 5754 6643 7166 7648 9229 9576 9592 9727 9882 9885 10251 10351 10353 10546 10684 10719 10763 10800 10802 11083 11085 11118 11146 11154 11160 11164 11167 11177 11998
LI (74):  91 93 95 103 115 121 122 123 124 126 2811 3261 3263 3355 4232 5022 5024 5026 5028 5036 5042 5249 5255 5356 5515 5519 5521 5529 5537 5751 9171 9173 9175 9184 9191 9222 9225 9575 9721 9723 9834 9844 9847 9874 9877 10069 10170 10176 10243 10249 10260 10344 10512 10520 10522 10525 10529 10533 10537 10544 10683 10718 10846 10892 10896 10906 10910 10914 10918 10921 10926 11072 11082 11149
NODE_NUM = 197
FILE hyp_sub_42.aig

# Subcircuit 43
SUB_ID 43
LO (55):  3072 3076 3080 3082 3091 3100 3315 3504 4742 5182 5185 5264 5273 5289 5432 5556 5614 5711 5831 6149 6155 7698 8077 8089 8217 8234 8236 8338 8381 8488 8509 8519 8523 8568 8569 8663 8665 8731 8811 8850 8853 8952 9048 9075 9086 9095 9166 9327 9463 9612 9631 9643 9984 10257 11538
LI (73):  89 90 102 103 104 113 115 128 2811 2954 3079 3090 4727 4730 4733 4740 5258 5263 5550 5551 5554 5825 5827 5829 6148 7674 8053 8054 8057 8067 8073 8199 8200 8201 8204 8213 8221 8227 8233 8326 8335 8375 8379 8497 8499 8508 8563 8626 8635 8636 8639 8640 8652 8658 8662 8764 8807 8849 8866 9015 9019 9023 9047 9129 9162 9298 9317 9321 9325 9414 9459 9637 9639
NODE_NUM = 198
FILE hyp_sub_43.aig

# Subcircuit 44
SUB_ID 44
LO (34):  3090 3285 3294 3338 6481 6720 6843 6861 7258 11782 12220 12226 12616 12617 12619 12740 12768 12779 12782 12812 12930 12959 12967 13010 13108 13114 13281 13294 13299 13303 18267 18269 26648 137810
LI (54):  52 90 108 109 127 3284 3293 6475 6477 6479 6826 6830 6839 9858 11625 11626 11634 11638 11643 11663 11684 11699 11774 11780 12092 12114 12146 12152 12165 12212 12219 12262 12275 12361 12363 12373 12380 12384 12392 12403 12412 12417 12501 12543 12569 12576 12582 12591 12599 12602 12608 12613 12623 12736
NODE_NUM = 195
FILE hyp_sub_44.aig

# Subcircuit 45
SUB_ID 45
LO (57):  3104 3114 3116 3162 3261 3498 4052 4061 4306 4309 4937 4947 4953 5210 5356 5419 5472 5529 5654 5727 5741 5756 5770 5779 5902 5995 6021 6190 6195 6276 6346 6349 6415 6491 6608 6626 6731 6795 6946 7043 7060 7075 7334 7485 7745 8000 8145 9173 9575 9581 9936 9956 10243 10330 10334 10690 10918
LI (72):  92 94 96 105 106 109 112 121 123 4046 4051 4305 4770 4936 4950 4951 5190 5191 5194 5195 5206 5348 5353 5410 5413 5524 5527 5650 5653 5760 5769 5824 5970 5974 5983 5991 6020 6185 6265 6266 6270 6274 6345 6405 6413 6588 6592 6601 6606 6725 6726 6728 6941 6944 7048 7057 7325 7328 7477 7479 7997 9580 9894 9896 9904 9912 9935 10203 10212 10217 10239 10329
NODE_NUM = 198
FILE hyp_sub_45.aig

# Subcircuit 46
SUB_ID 46
LO (45):  3263 3272 3274 3658 3669 3861 4115 4124 4140 4305 5026 5878 6109 6361 9019 11436 11517 11625 11684 11699 11780 12005 12059 12092 12152 12165 12219 12239 12260 12262 12268 12271 12373 12392 12417 12576 12582 12591 12613 12746 12756 12761 12945 68612 137800
LI (74):  88 92 102 114 124 128 3472 3668 3856 3857 3859 4100 4101 4105 4114 4304 5629 5872 6360 9018 11021 11357 11384 11392 11395 11397 11403 11428 11434 11514 11516 11522 11532 11540 11574 11604 11612 11619 11668 11672 11682 11693 11697 11798 11874 11883 11884 11885 11887 11896 11904 11910 11919 11923 11989 11992 11998 12003 12026 12033 12034 12040 12045 12049 12075 12083 12088 12159 12163 12244 12246 12252 12257 12267
NODE_NUM = 197
FILE hyp_sub_46.aig

# Subcircuit 47
SUB_ID 47
LO (30):  3284 3286 3293 3468 3819 3824 12736 13311 13312 13704 13705 13707 13712 13717 13770 13774 13778 14004 14014 14017 14023 14028 14328 14331 14360 14373 14378 14382 137830 137840
LI (55):  88 89 126 127 3292 3461 3463 3466 3818 12626 12628 12637 12643 12679 12696 12704 12732 12965 12970 13011 13032 13036 13045 13065 13071 13075 13103 13108 13114 13119 13136 13142 13266 13272 13281 13286 13294 13299 13303 13308 13316 13318 13331 13338 13397 13400 13408 13646 13654 13661 13670 13674 13683 13694 13714
NODE_NUM = 195
FILE hyp_sub_47.aig

# Subcircuit 48
SUB_ID 48
LO (44):  3292 3344 3351 3355 3461 3476 3673 3675 3818 3859 4488 4491 4989 5249 5255 5465 9540 9596 10019 10033 10170 10249 10394 10512 10533 10565 10672 10683 10742 11072 11112 11244 11262 11446 11989 11992 12003 12114 12230 12643 12723 12728 13036 13320
LI (74):  87 90 97 118 125 126 128 3340 3470 3474 3672 3674 4483 4486 4487 4729 4940 4987 5241 5243 5245 9135 9472 9474 9475 9486 9492 9519 9539 9733 10044 10045 10055 10064 10091 10117 10123 10128 10130 10149 10158 10163 10167 10484 10500 10502 10503 10505 10509 10570 10578 10583 10649 10655 10660 10996 11005 11010 11068 11103 11108 11518 11525 11950 11985 12101 12104 12107 12109 12112 12640 12714 12716 12718
NODE_NUM = 194
FILE hyp_sub_48.aig

# Subcircuit 49
SUB_ID 49
LO (39):  3463 3466 3640 14033 14034 14390 14391 14393 14398 14623 14628 14630 14636 14640 14644 14649 14726 14733 14738 14952 14957 14997 15001 15006 15016 15019 15027 15036 15042 15053 15060 15069 15160 15181 15190 32012 32387 137849 137859
LI (63):  44 86 87 127 128 10465 13707 13779 13833 13891 13923 13939 13940 13942 13947 13951 13960 13964 13968 13995 14001 14004 14010 14014 14017 14023 14028 14041 14092 14165 14167 14169 14179 14187 14212 14215 14305 14312 14316 14320 14324 14328 14367 14373 14378 14382 14383 14385 14397 14402 14452 14489 14544 14556 14564 14570 14574 14596 14605 14610 14614 14622 14627
NODE_NUM = 190
FILE hyp_sub_49.aig

# Subcircuit 50
SUB_ID 50
LO (68):  3470 3472 3474 3608 3614 3615 3626 3635 3648 3660 3668 3849 3856 3857 3884 4100 4119 4304 4486 4499 4793 4936 5134 5243 5652 5751 5925 5927 5974 6265 6274 6345 6465 6474 6475 6588 6606 6924 7001 7243 7248 7315 7363 7382 7440 7467 8047 8349 8375 8379 8740 8919 8944 9162 9459 9539 9721 9723 9834 9877 9976 9980 10072 10074 10176 10260 10385 10525
LI (92):  89 90 95 99 102 104 109 111 113 118 123 124 125 3455 3647 3659 3667 3848 3855 3883 4099 4103 4302 4484 4728 4789 4790 5156 5242 5646 5649 5650 5920 5970 5973 6132 6250 6252 6264 6460 6461 6463 6545 6569 6578 6580 6698 6888 6893 6901 6902 6906 6916 6922 7238 7314 7381 8022 8031 8033 8035 8036 8041 8045 8363 8365 8369 8496 8863 8866 8877 8887 8918 9136 9137 9139 9148 9158 9433 9455 9527 9536 9696 9705 9710 9714 9720 9826 9828 9893 9975 10073
NODE_NUM = 200
FILE hyp_sub_50.aig

# Subcircuit 51
SUB_ID 51
LO (55):  3647 3659 3662 3667 3672 4114 4208 4420 4543 4562 5190 5269 5456 5620 5847 5853 5937 5960 6121 6176 6302 6303 10735 11068 11201 11397 11574 11672 11798 11874 11923 11950 11985 12033 12034 12040 12045 12088 12212 12361 12363 12380 12384 12569 12623 12665 12671 12672 12784 12817 12969 13085 13096 13172 13514
LI (76):  85 88 93 94 95 117 120 125 126 3874 4110 4112 4203 4206 5185 5187 5242 5244 5599 5608 5616 5841 5843 5844 5852 6008 6138 6174 6301 10076 10525 10732 11039 11053 11054 11056 11058 11062 11066 11393 11545 11549 11551 11560 11570 11671 11795 11805 11807 11809 11820 11846 11870 11934 11939 11943 11946 11961 11981 12028 12186 12208 12326 12342 12344 12346 12350 12354 12360 12377 12546 12558 12563 12663 12664 12669
NODE_NUM = 200
FILE hyp_sub_51.aig

# Subcircuit 52
SUB_ID 52
LO (57):  3674 3681 3699 3848 3855 3890 4237 4302 4331 4480 4501 4613 4724 4789 4802 4847 4852 4950 5032 5035 5097 5345 5599 5760 6703 7435 7463 7712 7811 7837 7858 7925 8088 8199 8227 8233 8866 9826 9828 10344 10503 10686 10759 10846 10914 11082 11357 11434 11514 11693 11697 11774 12267 12377 12669 13136 13661
LI (77):  85 88 92 96 101 110 118 122 123 128 3889 4104 4204 4232 4330 4473 4477 4478 4610 4611 4718 4720 4722 4768 4846 5598 5759 7384 7386 7388 7397 7406 7434 7646 7692 7693 7697 7698 7708 7822 7831 7836 8194 9791 9792 9793 9795 9808 9815 9821 9825 10282 10284 10287 10317 10323 10330 10334 10845 10952 11270 11273 11281 11290 11321 11338 11356 11690 11713 11716 11724 11770 12304 12665 12666 13128 13133
NODE_NUM = 197
FILE hyp_sub_52.aig

# Subcircuit 53
SUB_ID 53
LO (23):  3874 3878 14556 15615 15993 15994 16711 16712 16714 17025 17028 17033 17037 17040 17398 17403 17407 17815 17821 68590 137898 137908 137918
LI (46):  85 86 126 127 14551 14553 15233 15248 15311 15315 15328 15407 15416 15420 15494 15500 15583 15598 15603 15607 15610 15679 15686 15690 15695 15699 15711 15715 15876 15882 15886 15963 15969 15974 15985 16049 16051 16057 16060 16482 16684 16691 16703 16774 17017 17024
NODE_NUM = 186
FILE hyp_sub_53.aig

# Subcircuit 54
SUB_ID 54
LO (52):  3883 3889 3893 4046 4329 4403 4473 5495 5564 5702 5722 6649 8540 8720 9158 9474 9844 9847 10718 10996 11039 11066 11338 11619 11795 11883 11910 11943 11961 12664 12962 12963 12965 13232 13233 13266 13308 13316 13345 13384 13389 13395 13400 13408 13411 13694 13714 13764 13808 13984 14091 137820
LI (74):  84 90 92 98 114 120 122 127 4316 4323 4326 5244 5489 5490 5493 5559 5562 6648 8719 9151 9154 9155 9473 9838 10588 10951 10953 10956 10960 10989 10992 11017 11018 11021 11030 11036 11326 11335 11882 12619 12773 12779 12782 12813 12835 12850 12852 12853 12855 12859 12887 12916 12922 12926 12930 12934 12941 12945 12950 12954 12959 12990 13176 13231 13237 13245 13254 13260 13264 13344 13364 13368 13377 13382
NODE_NUM = 192
FILE hyp_sub_54.aig

# Subcircuit 55
SUB_ID 55
LO (42):  4051 4057 4075 4232 4987 5206 5423 5608 5951 6250 7234 7252 7406 7530 7558 7801 8002 11395 11671 11884 14165 14316 14605 14610 15009 15010 15198 15230 15231 15233 15500 15598 15603 15607 15610 15974 15985 16703 68595 137869 137879 137889
LI (67):  84 89 92 119 122 128 4483 4487 5199 5203 5204 5603 5606 6249 6902 7186 7192 7198 7206 7233 7399 7403 7404 7548 7550 7553 11393 11518 13514 13526 14121 14124 14126 14135 14141 14160 14393 14600 14645 14650 14654 14690 14709 14719 14723 14982 14988 14992 14997 15001 15006 15017 15051 15056 15161 15163 15169 15173 15177 15181 15184 15190 15202 15207 15213 15592 15596
NODE_NUM = 190
FILE hyp_sub_55.aig

# Subcircuit 56
SUB_ID 56
LO (49):  4080 4092 4099 4101 4197 4206 4487 4711 4945 5024 5169 5178 5353 5410 5413 6170 6301 10502 10649 11219 11247 11265 11484 11485 11516 11518 11522 12543 12640 12718 13103 13176 13264 13646 13674 13683 13779 13833 13964 14010 14367 14397 14622 14992 15017 15021 15050 15177 15184
LI (72):  87 88 91 96 114 120 121 123 4196 4203 4204 4717 4758 4940 4943 5154 5157 5158 5168 5404 6165 6167 9731 10595 10597 10600 10610 10618 10645 11207 11216 11483 11517 11519 11521 12105 12520 12529 12534 12539 12639 12650 13086 13088 13096 13150 13157 13159 13162 13169 13175 13643 13712 13717 13721 13733 13737 13755 13764 13770 13774 13778 13781 13786 13832 14334 14338 14341 14350 14356 14360 15016
NODE_NUM = 200
FILE hyp_sub_56.aig

# Subcircuit 57
SUB_ID 57
LO (47):  4103 4104 4105 4110 4112 4203 4204 4478 4720 4727 4740 5489 5490 12639 13011 13071 13526 13643 13670 13995 14041 14092 14121 14160 14320 14324 14334 14356 14558 14564 14650 14654 14719 14723 14982 15158 15207 15289 15416 15423 15457 15505 15553 15589 15690 15874 15889
LI (70):  83 86 87 90 121 124 125 128 4202 4726 4738 5488 12458 12979 12987 12989 12990 12995 12999 13002 13010 13234 13414 13418 13463 13471 13476 13481 13510 13525 13529 13533 13564 13631 13635 13639 13977 13984 14038 14083 14087 14091 14096 14117 14125 14150 14158 14331 14561 14562 14649 14726 14734 14743 14758 14760 14761 14763 14767 14771 14775 14901 14940 14974 15081 15103 15112 15117 15138 15154
NODE_NUM = 200
FILE hyp_sub_57.aig

# Subcircuit 58
SUB_ID 58
LO (63):  4120 4190 4192 4194 4196 4202 4610 4759 4763 4764 4933 5109 5158 5194 5856 6450 6451 6569 6717 6738 6826 6888 6985 7101 7263 7325 7328 7357 7449 7692 7854 7969 7971 8073 8264 8363 8365 8534 9494 9495 9509 9517 10591 10948 11053 11062 11384 11545 11570 11663 11724 11934 11939 12326 12354 12360 12412 12835 12855 12922 13331 13968 15287
LI (77):  82 86 94 96 97 100 111 113 116 123 128 4465 4609 4755 4758 4761 5193 5199 5840 5855 6135 6352 6441 6449 6558 6560 6562 6567 6711 6714 6718 6818 6824 6960 6964 6973 6981 7319 7444 7446 7688 7689 7952 7953 7960 7965 8069 8070 8358 9139 9500 9508 10706 11041 11044 11052 11358 11361 11362 11371 11380 11562 11566 11567 11568 11656 11661 11929 12303 12305 12308 12317 12323 12817 12826 13325 13329
NODE_NUM = 200
FILE hyp_sub_58.aig

# Subcircuit 59
SUB_ID 59
LO (58):  4234 4316 4483 14212 14734 14775 14901 15248 15583 15699 16684 16691 17024 68585 68587 68589 68592 68594 68597 68599 68601 68603 68605 68607 68609 68611 68614 68616 68619 68621 68623 68625 68627 68629 68631 68633 68636 68638 68654 137629 137630 137639 137648 137649 137658 137667 137668 137676 137931 137940 137950 140051 140056 143166 143170 143404 143408 143647
LI (106):  83 89 121 126 4482 7034 7035 7305 7306 7521 7785 7786 7899 7900 8164 8165 8441 8706 8707 9123 9380 9381 9670 9671 10014 10015 10380 10381 10792 10793 10825 10826 11137 11138 11471 12023 12024 12260 12616 12617 12962 12963 13311 13312 13704 13705 14033 14034 14201 14203 14205 14210 14390 14391 14733 14797 14805 14810 14897 15009 15010 15198 15230 15231 15235 15244 15506 15570 15577 15581 15615 15993 15994 16568 16680 16711 16712 16714 16768 17025 17028 17033 17037 17040 17408 17410 17828 68579 68590 68595 68612 68617 68634 68639 68648 137624 137625 137634 137635 137643 137644 137653 137654 137662 137663 137673
NODE_NUM = 198
FILE hyp_sub_59.aig

# Subcircuit 60
SUB_ID 60
LO (40):  4323 4511 4811 4835 9222 9508 9696 9714 9838 9945 9947 17199 17408 17410 17638 17795 17802 17808 17824 17951 17977 18097 18102 18154 18202 18211 18226 18232 18247 18391 18396 18400 18403 18408 18414 18423 18436 18627 26171 39710
LI (66):  36 82 105 127 4321 4504 4508 4509 8772 9211 9215 9216 9220 9503 9504 9506 9693 9940 12836 16913 17062 17067 17139 17191 17198 17203 17204 17214 17220 17224 17228 17244 17250 17254 17390 17394 17398 17403 17407 17425 17453 17458 17465 17494 17512 17597 17603 17618 17624 17628 17633 17637 17643 17651 17684 17686 17692 17696 17700 17720 17728 17753 17759 17774 17780 17784
NODE_NUM = 193
FILE hyp_sub_60.aig

# Subcircuit 61
SUB_ID 61
LO (32):  4321 4326 6138 6148 6413 6441 6601 12666 12852 12853 13245 13923 13951 16482 16568 16768 16774 17062 17254 17390 17394 17628 17828 17832 17989 18209 18213 18217 18223 18237 18426 18835
LI (60):  83 84 93 116 126 127 6133 6136 6137 6140 6146 6439 12851 13239 13242 13243 13918 15759 16072 16286 16289 16327 16331 16335 16338 16340 16356 16360 16366 16475 16480 16510 16528 16529 16537 16543 16547 16558 16566 16733 16735 16743 16757 16761 16764 17052 17056 17261 17268 17280 17290 17380 17810 17815 17821 17824 17836 17971 17977 18206
NODE_NUM = 197
FILE hyp_sub_61.aig

# Subcircuit 62
SUB_ID 62
LO (60):  4330 4465 4466 4470 4477 4604 4606 4631 4718 4758 5759 5852 6135 6136 6140 6646 7206 7434 7548 7550 7684 7693 7836 7928 7952 8022 8045 8098 8213 8300 8385 8459 8563 8662 10484 10715 10926 10992 11005 11010 11356 11483 11549 11904 12104 12109 12186 12308 12773 12941 13272 13286 13318 14758 14767 15570 16057 16510 16566 16757
LI (82):  84 86 92 93 94 100 109 114 115 116 122 124 4513 4603 4605 4717 5488 6134 6698 6700 7204 7417 7418 7420 7430 7543 7657 7661 7664 7672 7680 7936 7939 7950 8021 8095 8097 8104 8207 8211 8295 8298 10093 10459 10462 10472 10474 10480 10705 10706 10709 10713 11004 11346 11354 11898 11900 11903 12105 12108 12176 12179 12181 12306 12740 12747 12752 12756 12761 12768 12772 14750 14753 14755 15527 15531 15542 15549 15562 15568 16502 16508
NODE_NUM = 200
FILE hyp_sub_62.aig

# Subcircuit 63
SUB_ID 63
LO (37):  4482 4484 4504 4637 4773 4943 5143 5245 6335 6578 6580 14690 15081 15154 15494 15695 15876 15882 15963 16049 16051 16060 16480 16680 16764 17017 17052 17425 17624 17633 17637 17810 18450 18451 18847 18855 137967
LI (66):  81 87 90 119 126 4636 4769 4771 4942 5244 5840 6009 6331 6573 14291 14670 14672 14675 14679 14683 14686 15061 15069 15074 15079 15086 15147 15150 15287 15485 15490 15743 15758 15760 15766 15773 15867 15874 15889 15894 15955 16005 16010 16014 16033 16039 16576 16661 16666 16670 16674 16678 16781 16898 16984 16986 17008 17424 17638 17795 17802 17808 18243 18437 18439 18447
NODE_NUM = 198
FILE hyp_sub_63.aig

# Subcircuit 64
SUB_ID 64
LO (21):  4508 17465 18206 18856 19520 19521 19943 19944 20440 20441 20443 20457 20459 20465 20470 21337 68573 137977 137987 137996 138006
LI (47):  81 82 126 127 17461 17462 18003 18005 18014 18019 18025 18045 18099 18102 18198 18202 18670 18681 18761 18772 18780 18784 18790 18794 18802 18809 18816 18825 18835 18840 18844 18847 18855 19256 19491 19493 19499 19503 19506 19512 19626 19640 19920 20424 20428 20447 20450
NODE_NUM = 199
FILE hyp_sub_64.aig

# Subcircuit 65
SUB_ID 65
LO (54):  4509 4513 4515 4516 4527 4769 5632 5973 7198 7592 8652 8721 8837 9015 9023 9306 10055 10317 10618 10892 10910 10921 11149 11604 11870 12075 12159 12163 12303 12403 12501 12546 12704 12714 12716 12813 12926 13119 13133 13142 13344 14291 14305 14683 14897 14940 14974 15428 15462 15483 15490 15503 15555 15568
LI (81):  80 91 98 99 105 110 128 4514 4768 6897 6963 7195 8186 8496 8602 8646 8648 8836 9014 10048 10050 10052 10053 10291 10295 10296 10305 10315 10867 10873 10891 11360 11577 11578 11579 11582 11591 11600 11849 11850 11860 11866 12068 12073 12156 12292 12294 12296 12301 12431 12432 12435 12436 12440 12468 12497 12709 12784 12806 12812 13577 14274 14290 14294 14295 14299 14303 14839 14855 14856 14859 14861 14864 14893 14910 14915 14920 14936 14952 14970 15423
NODE_NUM = 199
FILE hyp_sub_65.aig

# Subcircuit 66
SUB_ID 66
LO (76):  4531 4532 4533 4537 4540 4603 4605 4609 4611 4846 5562 5623 5649 5771 5930 6159 6174 6266 6449 6469 6471 6719 6857 6960 7136 7195 7384 7386 8057 8085 8128 8194 8211 8221 8319 8400 8477 8497 8550 8556 8596 8626 8658 8734 8757 8771 8777 8918 8959 9139 9148 9225 9242 9486 9500 9536 9705 9710 9741 9795 10106 10115 10158 10163 10453 10459 11056 11103 11108 11498 11551 12990 13234 14202 14205 15371
LI (78):  84 85 87 91 95 100 101 102 106 108 114 117 122 124 125 4843 5517 5929 6134 6330 6447 6468 6470 6698 6718 7194 7638 8118 8119 8120 8121 8126 8171 8172 8181 8190 8207 8209 8216 8217 8219 8469 8474 8496 8597 8598 8609 8617 8625 8750 8755 8770 8776 8898 8900 8901 8904 8914 9145 9146 9481 9484 9495 9496 9499 9704 10094 10095 10105 10157 10416 10420 10429 10449 10458 11095 11101 14125
NODE_NUM = 198
FILE hyp_sub_66.aig

# Subcircuit 67
SUB_ID 67
LO (67):  4618 4632 4636 4638 4713 4717 5824 5825 5872 5983 6330 6331 6405 6661 6901 6906 7123 7192 7233 7477 7479 7613 8031 8041 8190 8469 8625 8877 9175 9414 9473 9791 9821 9892 9960 9975 10093 10094 10282 10323 10588 10595 10752 11216 11270 11358 11849 11885 12296 13525 13533 14126 14158 14294 14672 14855 14864 15485 15686 16334 16335 16450 16502 16508 16576 16678 16877
LI (84):  81 85 89 91 97 99 108 112 118 120 121 128 4617 5614 5763 5842 5977 5978 5979 6654 6658 6659 6683 6895 6898 6904 7113 7121 7188 7191 7225 7226 7476 8024 8026 8030 8183 8187 8188 8871 8872 8875 9388 9401 9406 9412 9494 9732 9733 9735 9744 9759 9790 9891 10267 10276 10505 10592 10593 11269 11576 13511 13513 13515 13524 13874 14125 14156 14671 14840 14843 14854 15287 15428 15436 15441 15460 15477 15483 16444 16445 16448 16497 16575
NODE_NUM = 198
FILE hyp_sub_67.aig

# Subcircuit 68
SUB_ID 68
LO (57):  4722 4726 4728 4729 4730 4733 4738 4761 5022 5241 5537 5550 5641 5667 5769 5887 6185 6439 7138 7457 7831 14274 14303 14452 14856 14920 14936 15051 15138 15150 15173 15244 15407 15577 15592 15596 15679 15711 15715 15773 15835 15865 15943 15969 16014 16338 16445 16599 16761 16898 17108 17643 17651 17692 17696 17700 18902
LI (77):  79 82 84 89 90 116 117 123 124 125 128 5016 5017 5018 5020 5502 5532 5534 5661 5662 5664 5764 5767 7125 7452 7454 13601 14222 14232 14240 14273 14412 14421 14424 14427 14444 14450 14671 14930 14934 15022 15027 15033 15036 15042 15046 15050 15129 15134 15378 15384 15387 15389 15399 15405 15589 15672 15675 15708 15755 15776 15778 15780 15790 15804 15834 16334 16444 16823 16826 16872 16876 16877 16890 16894 17642 17650
NODE_NUM = 200
FILE hyp_sub_68.aig

# Subcircuit 69
SUB_ID 69
LO (33):  4768 4770 4771 4784 8872 12294 12435 19256 19499 19920 20424 20428 20447 20450 20473 20474 20476 20487 20848 20896 20901 20907 20910 20920 20936 20949 21325 22102 26609 26614 27098 41949 138016
LI (55):  32 80 97 109 110 127 4514 11568 12434 18485 19113 19130 19156 19163 19177 19210 19216 19221 19229 19233 19245 19251 19255 19654 19658 19665 19684 19692 19779 19856 19859 19892 19896 19905 19909 19913 19916 19951 20045 20059 20365 20372 20403 20405 20411 20415 20443 20457 20459 20465 20470 20480 20493 20566 20841
NODE_NUM = 194
FILE hyp_sub_69.aig

# Subcircuit 70
SUB_ID 70
LO (46):  4790 4940 4942 4951 5559 6711 6981 7352 9184 9693 10128 13513 14156 16661 16674 16781 16823 16826 16984 16986 17008 17139 17224 17280 17380 17424 17584 17597 17618 17642 17684 17686 17774 17780 17784 18003 18005 18146 18188 18192 18196 18249 18359 18363 18405 18669
LI (71):  78 86 88 119 120 128 5558 6713 6975 6979 8880 9178 9182 9683 9691 13511 16213 16612 16619 16627 16629 16632 16644 16650 16654 16660 16791 16800 16804 16809 16816 16820 16916 16917 16921 16925 16949 16977 16983 17003 17004 17092 17107 17109 17111 17116 17120 17138 17271 17276 17318 17353 17362 17367 17371 17568 17582 17583 17588 17591 17595 17611 17616 17655 17664 17683 17768 17772 17998 18141 18185
NODE_NUM = 197
FILE hyp_sub_70.aig

# Subcircuit 71
SUB_ID 71
LO (44):  5016 5018 5020 5028 5157 5168 5404 5532 5534 5662 5664 5764 17191 17220 17582 17591 17720 17745 17753 17759 17768 17772 18014 18019 18380 18561 18670 18802 19113 19229 19233 19251 19491 19493 19626 19640 19654 19909 19913 19916 20372 20403 20405 20411
LI (64):  80 81 83 123 124 125 126 5156 5163 5166 5661 5663 5763 17108 17146 17148 17150 17161 17190 17570 17573 17581 17709 17715 17719 17743 17744 17748 17751 17767 18013 18375 18589 18590 18594 18604 18612 18618 18623 18627 18656 18665 18669 18896 18900 18902 18915 18933 18953 18959 19084 19088 19091 19101 19108 19112 19260 19484 19549 19614 19615 19624 19636 20398
NODE_NUM = 200
FILE hyp_sub_71.aig

# Subcircuit 72
SUB_ID 72
LO (56):  5033 5036 5098 5154 5156 5166 5268 5348 5521 5763 8207 8770 9014 9215 9286 9503 9609 9874 10123 10149 10167 10295 10544 10709 11041 11273 11579 11860 12208 12434 12747 12752 12916 13364 13377 13382 16949 17318 17353 17371 17570 17748 17971 17998 18437 18439 18589 18594 18784 19221 19245 19255 19260 19506 19512 19951
LI (77):  79 82 83 98 100 105 108 122 126 5032 5035 5267 5345 5518 5519 8775 8869 9011 9012 9214 9274 9283 9502 9857 9859 9862 9870 10138 10144 10148 10293 10458 11040 11854 11857 12198 12206 12746 12905 12906 12909 12910 12914 13361 16928 16929 16938 16940 16945 17312 17314 17326 17334 17352 17444 17745 17746 17952 17958 17963 17969 18401 18415 18419 18423 18426 18432 18436 18541 18549 18557 18561 18578 18585 18593 19238 19241
NODE_NUM = 194
FILE hyp_sub_72.aig

# Subcircuit 73
SUB_ID 73
LO (52):  5187 5191 5193 5195 5199 5523 5524 6463 6558 6567 6818 6824 8711 8714 8807 8898 9388 9412 9455 9492 9519 9691 9825 10138 10148 10645 11036 11052 11252 11882 12910 14839 15311 15477 15562 15672 15675 15867 15894 15955 16039 16072 16366 16475 16528 16575 16608 16610 16660 16743 17056 17066
LI (79):  77 92 93 99 106 111 112 113 121 6545 6548 6549 6557 6817 8510 8712 8785 8788 8791 8792 8794 8801 8805 8893 8895 9153 9385 9440 9443 9453 9509 9510 9513 9517 10625 10627 10628 10631 10635 10641 11047 11050 14656 14658 14819 14827 14835 15264 15265 15267 15269 15273 15277 15307 15465 15474 15556 15560 15660 15665 15669 15835 15852 15853 15856 15857 15861 15865 15935 15943 15949 15953 16375 16381 16467 16473 16522 16524 16609
NODE_NUM = 196
FILE hyp_sub_73.aig

# Subcircuit 74
SUB_ID 74
LO (34):  5203 5616 5920 18401 18432 18816 18825 18896 18959 19084 19101 19108 19503 19549 19624 19636 20365 20415 20480 68564 68566 68568 68570 68572 68579 137961 137962 137970 138029 138039 138049 138058 138068 148396
LI (68):  77 84 121 128 5610 5613 5614 18240 18241 18250 18277 18284 18286 18289 18299 18329 18352 18359 18363 18381 18387 18391 18396 18400 18450 18451 18856 18884 18889 18895 18977 18985 18990 19080 19520 19521 19541 19543 19943 19944 20073 20352 20354 20360 20364 20440 20441 20473 20474 20915 20916 20918 20956 21318 21325 21333 21337 21340 22094 22096 22102 22552 22554 23057 68553 68573 137956 137967
NODE_NUM = 198
FILE hyp_sub_74.aig

# Subcircuit 75
SUB_ID 75
LO (57):  5204 5242 5244 5258 5263 5498 5508 5518 6698 6710 6973 7065 7113 7204 7225 7226 7319 7622 7627 7708 7950 8914 9182 9440 10064 10583 11281 11770 12275 12934 13254 13631 13755 13891 14083 14087 14167 14338 14412 14450 14596 14614 14627 14645 14709 14988 15056 15169 15202 15213 15420 16084 16089 16206 16514 16921 19678
LI (80):  78 79 86 87 95 110 116 118 127 5497 5507 5517 6479 6656 6697 6702 6705 6708 6968 6971 7110 7203 7214 7216 7224 7621 7703 7706 8908 8912 9180 10057 10061 10062 11276 11278 11729 11766 12268 12271 12894 13251 13252 13485 13600 13609 13611 13614 13623 13629 13747 13753 13834 13835 13837 13847 13854 13884 13887 14057 14065 14069 14078 14166 14398 14407 14593 14623 14628 14630 14636 14640 14644 14701 14707 15053 15776 15788 16083 16919
NODE_NUM = 198
FILE hyp_sub_75.aig

# Subcircuit 76
SUB_ID 76
LO (51):  5267 5483 5485 5488 6817 7146 7338 8635 8849 9047 9312 9316 9504 10305 10480 10891 10896 11171 11566 11787 11846 11866 12049 12068 12073 12156 12206 12497 12887 12999 13032 13414 13418 13463 13481 13635 13960 14273 14670 14679 14686 14930 14934 15112 15117 19080 19658 19844 19846 20379 20391
LI (78):  76 83 96 101 104 108 114 128 6806 6808 6809 6815 8286 8631 8634 8846 9030 9031 9033 9043 10178 10185 10300 10301 10475 10478 10879 10888 10952 11154 11160 11164 11167 11831 11832 11833 11842 11863 11864 12063 12335 12471 12472 12473 12483 12493 12875 12877 12880 12881 12885 13022 13025 13411 13446 13455 13460 13924 14246 14249 14259 14269 14662 14663 14666 14667 14925 15107 19001 19004 19006 19017 19049 19076 19824 19833 19834 19842
NODE_NUM = 200
FILE hyp_sub_76.aig

# Subcircuit 77
SUB_ID 77
LO (49):  5493 5497 5502 5507 5613 7680 7920 8067 8286 8288 8358 8447 9733 10296 12909 13231 13260 13737 13832 14312 14350 16286 16289 16522 16524 16733 16735 16919 17198 17290 17603 17952 17969 18375 18381 18665 20841 21465 21785 21811 21927 21936 22068 22071 22086 22147 22530 22598 23041
LI (75):  77 78 88 98 106 115 126 5506 5612 7425 7675 7678 8061 8063 8065 8282 8285 12432 12906 13203 13212 13213 13214 13217 13226 13799 13804 13808 13828 15853 16125 16154 16159 16160 16164 16197 16203 16285 16515 16518 16521 16730 17192 17195 17196 17924 17928 17937 17947 17951 18372 18380 20235 20587 20589 20591 20600 20610 20640 20668 20736 20740 20746 20834 20839 21358 21428 21442 21451 21455 21458 21464 21770 21781 21809
NODE_NUM = 200
FILE hyp_sub_77.aig

# Subcircuit 78
SUB_ID 78
LO (31):  5506 5515 8508 8764 9815 10239 10845 18761 19177 19484 19614 19615 19824 19842 20045 20059 20073 20352 20354 20360 20364 20389 20740 20855 20875 20883 20886 20892 21037 21116 21121
LI (59):  77 82 109 127 8504 8506 9558 9813 10229 10237 17744 18688 18692 18693 18703 18730 18757 19170 19172 19175 19387 19391 19413 19415 19435 19444 19449 19454 19475 19482 19551 19553 19556 19557 19569 19577 19606 19609 19791 19794 19805 19823 19966 20031 20037 20052 20055 20084 20088 20092 20102 20120 20141 20162 20181 20191 20347 20379 20387
NODE_NUM = 199
FILE hyp_sub_78.aig

# Subcircuit 79
SUB_ID 79
LO (95):  5519 5527 5547 5551 5554 5558 5598 5603 5606 5610 5840 5841 5843 5991 6008 6015 6134 6289 6341 6477 6702 6705 6971 6979 7216 7388 7645 7654 7697 7960 8080 8083 8200 8281 8282 8285 8634 8639 8794 8901 8938 9018 9145 9433 9484 9496 9510 9744 9891 9893 9894 10110 10203 10276 10416 10522 10597 10655 10732 10951 10960 11095 11101 11981 12028 12107 12108 12304 12305 12342 12350 12677 12678 12879 12989 13162 13515 13529 14125 14203 14561 14760 15269 15755 15758 15766 16033 16217 16983 17196 17524 18294 18296 18686 19362
LI (82):  75 83 84 85 86 88 89 91 94 101 103 110 113 114 116 117 118 119 120 126 5842 5986 5987 5989 6009 6010 6012 6701 6703 7632 7635 7644 7696 7702 8284 8629 8633 8638 8792 8899 8934 9170 9421 9431 9502 9738 9741 9742 10109 10178 10181 10182 10191 10199 10408 10414 10521 10596 10942 10943 10947 10948 11094 11519 11551 11755 11971 11979 12328 12331 12341 12672 12988 13232 13514 14202 14759 15750 15752 15754 16023 16031
NODE_NUM = 200
FILE hyp_sub_79.aig

# Subcircuit 80
SUB_ID 80
LO (53):  5612 5625 5626 5646 5650 5653 5657 5986 6005 6897 6898 8295 8298 9904 10181 10267 10600 11040 11361 11854 13242 13510 13600 13629 13884 14096 14117 14141 14150 14215 14489 14574 14701 14707 15033 15857 16285 16327 16360 16529 17244 17261 17836 19779 20587 20746 20834 20950 20954 21288 21923 22135 22542
LI (77):  75 82 91 93 94 99 103 108 110 111 121 128 5265 5985 6004 6686 8294 8892 9738 9899 9900 10598 11360 11853 12851 13221 13491 13493 13496 13506 13576 13577 13580 13581 13591 13599 13865 13868 13870 13880 14108 14111 14465 14466 14488 14700 15718 16260 16262 16264 16265 16269 16280 16310 16319 16324 17231 17240 19748 19765 19767 19768 19773 19777 20586 20750 20755 20763 20775 20779 20784 20832 20923 20925 20936 20945 20949
NODE_NUM = 198
FILE hyp_sub_80.aig

# Subcircuit 81
SUB_ID 81
LO (65):  5661 5663 5767 5827 5829 5835 5859 6133 6146 6252 6264 6545 6548 6557 6573 6683 6697 6708 6830 7048 8279 8474 8712 8791 9513 9899 10108 14671 14859 14861 15778 16164 16260 16262 16816 16820 16977 17138 17271 17312 17314 17650 17947 19172 19175 19553 19556 19767 19768 19794 20092 20235 20347 21038 21082 21108 21112 21119 21292 21349 21354 21364 21451 22040 22206
LI (74):  75 77 78 80 81 90 112 122 124 125 127 5834 5985 5989 6132 6143 6145 6260 6262 6547 6549 6552 6554 6687 6696 8060 8183 8274 8275 8790 9512 10107 14858 14860 16157 16212 16213 16216 16217 16227 16259 16813 16952 16953 16956 16965 16973 17130 17135 17297 17306 17311 18593 19170 19555 19557 19766 20219 20234 20239 20243 20273 20338 20345 20972 20993 21002 21007 21027 21033 21037 21054 21075 21081
NODE_NUM = 194
FILE hyp_sub_81.aig

# Subcircuit 82
SUB_ID 82
LO (34):  5834 5836 6262 22610 23057 23502 23507 23513 23519 23528 23540 23546 23549 23619 23730 23812 23820 23828 23911 23917 23923 23941 23945 23950 23962 23967 23971 23985 23989 24220 24232 24336 24365 24369
LI (65):  74 76 126 128 22206 22209 22592 22599 22604 22609 22616 22625 22635 22640 22644 22659 22665 22669 22785 22810 22813 22816 22849 22866 22868 22869 22872 22876 22906 23004 23011 23017 23024 23028 23033 23037 23041 23046 23050 23055 23093 23148 23173 23177 23179 23191 23195 23214 23277 23279 23280 23282 23290 23298 23304 23387 23394 23464 23470 23478 23482 23487 23491 23495 23498
NODE_NUM = 191
FILE hyp_sub_82.aig

# Subcircuit 83
SUB_ID 83
LO (71):  5842 5844 5855 5861 5970 5977 5979 5985 6358 6447 6592 6806 6815 6968 7126 7397 7454 7638 7644 7822 7915 8188 8636 8900 9401 9683 10044 10107 10625 10727 10989 11236 11335 11346 11807 11919 11946 12905 12914 13599 13918 14402 14488 14494 14544 14570 14759 14970 15061 15079 15097 15307 15665 15669 15760 15886 15935 15953 16083 16212 16375 16381 16876 17093 17743 17751 18251 18549 18590 20633 22011
LI (84):  73 80 82 87 90 98 103 110 115 119 120 121 126 6352 6353 6354 6356 6805 6814 6948 7125 7148 7190 7394 7395 7640 7642 8899 9394 9396 9397 9398 9731 10291 10621 10723 10725 10978 10979 10982 10983 10987 11229 11230 11806 12890 12892 12894 12904 13892 13896 13897 13906 13914 14476 14485 14491 14492 14493 14505 14513 14518 14543 14957 14968 15060 15286 15288 15289 15303 15664 15759 15918 15927 15932 16081 16206 16209 16210 16370 17736 17738 17740 18497
NODE_NUM = 199
FILE hyp_sub_83.aig

# Subcircuit 84
SUB_ID 84
LO (30):  5987 5989 6814 22868 23282 23955 23956 24377 24378 24380 24609 24616 24620 24625 24803 24840 24930 24935 24942 24946 25045 25054 25058 25061 25076 25080 25539 25548 138085 138095
LI (58):  73 76 125 128 6813 22204 22853 22869 23547 23601 23818 23823 23827 23828 23829 23841 23859 23897 23903 23911 23917 23923 23928 23932 23936 23941 23945 23950 23954 23990 23995 24010 24097 24104 24112 24116 24221 24225 24231 24232 24234 24245 24267 24289 24322 24328 24336 24343 24347 24352 24356 24360 24365 24369 24384 24452 24454 24605
NODE_NUM = 184
FILE hyp_sub_84.aig

# Subcircuit 85
SUB_ID 85
LO (76):  6004 6009 6132 6137 6143 6165 6167 6916 7186 7238 7417 7703 7841 8119 8120 8171 8187 8629 8775 8776 9396 9421 10061 10472 10474 10475 10627 11017 11278 11582 12341 12471 12472 12696 13226 13325 13329 13799 13804 13834 14166 14169 14662 15074 15743 16340 16448 16609 16612 16654 16666 16670 17003 17004 17583 17588 17924 18352 18541 18585 18593 18623 18681 18692 19130 19199 19203 19204 19241 19482 19689 19863 19905 20239 22043 22204
LI (83):  74 77 78 82 85 94 101 107 115 118 123 127 6805 6911 6912 7413 7414 7662 7702 8170 8186 8774 9395 9418 9738 10059 10466 10467 10470 10626 11277 11736 11738 12335 12338 12470 12684 12693 12877 12889 13222 13224 13320 13794 14168 14657 14660 15719 15722 15731 15739 16447 16595 16599 16608 16610 16665 16998 17192 17584 17585 17852 17854 17855 17857 17861 17891 17920 18343 18346 18455 18464 18483 18514 18537 18672 18677 18686 18691 19122 19124 19196 19198
NODE_NUM = 197
FILE hyp_sub_85.aig

# Subcircuit 86
SUB_ID 86
LO (35):  6249 6260 7399 8925 9453 9574 9585 10144 20589 21318 21464 22094 22096 22552 22554 22592 22785 23017 23024 23028 23037 23046 23050 23055 23093 23100 23146 23478 23482 23487 23491 23498 23504 23537 23936
LI (63):  76 78 111 124 8921 8923 9568 9570 9573 20230 21117 21122 21148 21155 21157 21158 21159 21192 21283 21288 21292 21306 21312 21316 21465 21481 21529 21533 21537 21543 21604 21608 21616 21635 21729 21735 21748 21811 21906 21923 21927 22093 22145 22150 22322 22329 22337 22339 22502 22519 22523 22530 22534 22538 22542 22547 22551 22565 22567 22582 22782 23090 23097
NODE_NUM = 198
FILE hyp_sub_86.aig

# Subcircuit 87
SUB_ID 87
LO (65):  6269 6270 6347 6352 6354 6356 6360 6460 6560 6562 6701 7203 7657 8118 8126 8204 8273 8274 8275 8294 8326 8609 8750 8755 9170 9171 9191 9704 10091 10449 10520 10529 10570 11004 11094 11380 11519 11682 11805 12198 12483 13065 13654 14660 14858 16125 16203 16319 16324 16467 16521 16804 16872 16894 17067 17107 17116 17228 17250 17536 17610 17655 18013 18701 22631
LI (76):  72 79 87 91 92 95 105 108 109 112 113 120 121 6459 6559 6700 7561 7659 8105 8108 8117 8602 8606 8607 8745 8927 9187 9188 9393 9746 10075 10077 10080 10089 10442 10447 10514 10515 10517 10936 11373 11377 11799 11801 11803 12478 12481 13053 13062 14658 15725 16097 16113 16114 16116 16117 16314 16384 16387 16388 16395 16401 16432 16454 16460 16465 16855 16864 16869 17066 17093 17094 17096 17106 17531 17534
NODE_NUM = 198
FILE hyp_sub_87.aig

# Subcircuit 88
SUB_ID 88
LO (46):  6364 6421 6422 10109 10514 18141 18277 18455 18656 18703 18780 18985 19088 19238 19387 19391 19966 20055 20839 24975 25088 25090 25300 25302 25370 25401 25551 25792 25799 25803 25817 25863 25866 25881 25926 25992 26005 26024 26275 26279 32110 44496 47567 47648 68543 138114
LI (68):  18 72 73 88 112 127 128 10513 17523 17530 18122 18126 18130 18134 18137 18251 18252 18253 18255 18265 18273 18650 18654 18699 18701 18702 19279 19290 19293 19380 19386 19957 19962 24038 24631 24675 24947 24958 24973 24974 24978 24982 24986 24989 25036 25040 25045 25049 25054 25058 25061 25067 25071 25076 25080 25083 25127 25153 25159 25168 25195 25213 25227 25229 25232 25236 25264 25291
NODE_NUM = 200
FILE hyp_sub_88.aig

# Subcircuit 89
SUB_ID 89
LO (66):  6430 6459 6468 6470 6479 6547 6696 6714 6728 6839 6940 6941 7057 7188 7430 7576 7647 7806 8053 8054 8104 8105 10867 10873 10983 11354 11371 11656 11661 11832 11979 12317 12806 13212 13397 13488 13490 13614 13828 13865 14001 14038 14341 14407 14656 16117 16384 16973 17146 17512 17534 17683 17891 17963 18372 18483 18650 18654 19076 19122 19124 19609 19892 19896 20345 23294
LI (81):  71 78 88 92 94 96 103 104 107 111 121 128 6559 6690 6694 6713 6727 6836 7425 7426 7428 7646 7938 10850 10852 10854 10855 10858 10864 10979 11366 11369 11651 11739 12311 12312 12315 12796 12804 13205 13207 13208 13213 13345 13384 13389 13395 13489 13613 13813 13815 13824 13859 13862 13863 16968 16969 16971 17140 17143 17144 17426 17506 17510 17676 17681 17871 17872 17876 17887 18471 18480 18647 19052 19054 19065 19072 19121 19868 19873 19891
NODE_NUM = 199
FILE hyp_sub_89.aig

# Subcircuit 90
SUB_ID 90
LO (63):  6549 6552 6554 6559 6648 6654 6656 6658 6911 7129 7413 7414 7702 7706 8069 8070 8631 8633 8792 8846 9069 9263 9268 9900 10300 11276 11321 11638 11690 15759 16209 17855 18299 18688 18953 19279 19551 19557 19765 19766 19773 19962 20600 20832 21192 21306 21428 21608 21748 21781 21965 21969 22093 22145 22322 22329 22523 22538 22547 23090 23495 23928 24360
LI (79):  74 76 80 81 83 86 112 115 117 118 123 124 125 6910 7127 7411 7561 7705 8632 8895 9066 9067 9262 10299 10465 11309 11310 11313 11315 11319 16084 18114 18294 18297 18683 18687 18944 18947 19265 19277 19756 19758 19761 20317 20596 20812 20821 20826 20830 21166 21168 21170 21179 21188 21298 21300 21364 21416 21418 21426 21774 21785 21957 21964 22062 22068 22080 22086 22091 22136 22140 22250 22312 22314 22320 22328 23072 23079 23083
NODE_NUM = 199
FILE hyp_sub_90.aig

# Subcircuit 91
SUB_ID 91
LO (44):  6659 6687 21168 22062 22136 22140 22250 22312 22314 22320 22659 23033 23072 23079 23601 23990 24356 24605 25071 68553 138079 138080 138089 138090 138099 138108 138109 138118 138119 138128 138137 138138 138147 138148 139945 139952 150865 150869 151306 151310 151760 151764 152219 152223
LI (68):  75 79 119 123 6686 21974 21980 22027 22038 22041 22042 22043 22048 22052 22056 22060 22124 22131 22135 22196 22199 22239 22243 22286 22290 22294 22303 22307 22652 22655 23065 23514 23515 23549 23597 23955 23956 23978 23985 23989 24377 24378 24596 24601 24628 24629 25088 25090 25540 25542 25548 25551 26280 26282 26773 68536 68543 138074 138084 138085 138094 138095 138103 138113 138114 138123 138132 138142
NODE_NUM = 189
FILE hyp_sub_91.aig

# Subcircuit 92
SUB_ID 92
LO (34):  6686 6690 6808 6809 7163 7172 7543 8172 13217 14492 15286 15660 16370 16473 24947 25067 25540 25542 26054 26238 26240 26249 26262 26270 26297 26408 26515 26533 26537 26757 26760 26766 27033 27055
LI (58):  70 76 99 122 127 7154 7155 7159 7160 13863 14868 15280 15282 15283 15635 15644 15646 15658 24665 24674 24676 24678 24687 24691 24709 24793 24799 24813 24819 24844 24937 24942 24946 25316 25318 25324 25333 25342 25365 25383 25392 25398 25401 25408 25446 25489 25497 25506 25511 25515 25520 25525 25539 26048 26052 26057 26065 26237
NODE_NUM = 191
FILE hyp_sub_92.aig

# Subcircuit 93
SUB_ID 93
LO (27):  6694 27224 27728 27729 27883 27884 27886 28076 28419 28423 28440 28448 28453 28619 28628 28632 28824 28911 28915 28919 28924 28937 29864 68534 138153 138163 138172
LI (53):  70 71 127 128 26582 26777 27051 27056 27067 27082 27134 27148 27150 27151 27160 27166 27171 27179 27186 27190 27194 27197 27203 27207 27212 27216 27221 27721 27723 27736 27738 27740 27746 27749 27769 27788 27821 27833 27860 27866 27880 28070 28074 28202 28212 28215 28236 28256 28356 28362 28385 28391 28412
NODE_NUM = 193
FILE hyp_sub_93.aig

# Subcircuit 94
SUB_ID 94
LO (57):  6700 6713 6718 6725 6726 6727 6805 7194 7428 8904 9043 9262 10466 10513 10521 10854 11050 11369 11591 12558 12563 12881 12988 13237 13824 16969 17530 17531 20031 20338 20586 20784 20821 20826 20972 21033 21054 21081 21358 21481 21537 22582 22872 23298 23818 24231 24452 24454 24571 24574 24580 24799 25049 25108 25118 25311 25398
LI (77):  72 77 85 90 93 104 105 107 111 120 125 6461 7427 8596 8640 9040 9041 10465 10626 10853 11585 11586 11589 12553 13233 13234 13236 17095 19352 19589 19972 19983 19993 20024 20027 20309 20310 20313 20314 20323 20330 20336 20820 20960 20963 20971 21046 21051 21349 21354 21476 22209 23293 23294 23296 23669 23672 23699 23708 23709 23712 23713 23723 23730 23808 23812 24389 24430 24432 24437 24443 24447 24482 24486 24496 24515 24570
NODE_NUM = 195
FILE hyp_sub_94.aig

# Subcircuit 95
SUB_ID 95
LO (22):  6813 6895 23712 24097 24937 25036 25506 25525 26280 26282 26773 26777 27197 27207 27216 27221 27721 27723 27860 27880 28442 28446
LI (54):  72 76 121 126 23292 24037 24052 24055 24056 24057 24062 24093 24853 24857 24861 24871 24892 24911 24917 24926 24930 24935 25030 25034 25576 25590 25596 25787 25792 25799 25803 26000 26014 26024 26264 26270 26275 26279 26297 26516 26518 26523 26529 26533 26537 26740 26757 26760 26766 27228 27542 27705 28433 28440
NODE_NUM = 199
FILE hyp_sub_95.aig

# Subcircuit 96
SUB_ID 96
LO (47):  6902 6904 6910 6912 6944 7154 7191 7585 7672 7936 8117 8181 8335 8539 8617 8745 10936 10942 11377 11540 11971 12101 12112 12520 12628 12804 13086 13088 19993 20566 20925 21298 21300 26237 26590 27051 27203 27276 27565 27654 27663 27690 27701 27736 27738 27740 27866
LI (78):  69 73 88 108 109 123 124 128 7148 7149 7150 7152 7190 7569 7669 7670 8111 8112 8113 8115 8175 8179 8611 8614 8615 10605 10853 10935 10938 10939 11407 11537 11538 12094 12095 12100 12509 12517 12627 13085 19985 19987 19989 20544 20553 20555 20558 20564 21295 25711 26170 26187 26191 26192 26196 26226 26231 26235 26583 26584 26585 26588 26782 26910 26915 26919 26930 26935 26954 26976 26987 27016 27018 27028 27033 27038 27046 27050
NODE_NUM = 198
FILE hyp_sub_96.aig

# Subcircuit 97
SUB_ID 97
LO (65):  6948 6950 6963 6964 6975 7110 7125 7127 7132 7224 7426 7573 7621 7965 8021 8065 8186 8602 8632 9153 9154 9214 9506 9912 10073 10178 10212 10217 10429 11739 11766 12468 12529 12534 12539 13002 13045 13611 13862 16917 17195 18329 18757 18889 18977 19413 19415 19444 19449 19541 19543 19606 20084 20162 20908 20912 20952 21173 21333 21340 21455 21649 22073 22091 23292
LI (78):  71 77 81 82 87 90 102 106 111 114 116 119 126 6466 6703 7219 7222 7425 7451 7560 7561 7565 7571 8908 9393 9909 9910 10207 10426 11737 11738 11741 11752 11762 12457 12459 12461 12466 12524 13438 13861 17194 17872 18306 18309 18318 18325 18739 18740 18743 18744 18753 18965 18975 19051 19410 19439 19536 19588 19590 19593 19602 20077 20080 20155 20160 20487 20848 20855 20857 20868 20875 20883 20886 20892 20896 20901 20907
NODE_NUM = 200
FILE hyp_sub_97.aig

# Subcircuit 98
SUB_ID 98
LO (39):  7148 7150 7152 7155 7560 7571 7661 7664 7669 8112 26187 26196 26582 26583 26930 27705 28070 28074 28202 28433 28620 28622 28637 28795 28887 28913 28932 28953 28964 29313 29341 29685 29690 29730 29753 29770 29837 29852 30044
LI (65):  69 71 72 123 124 125 126 7559 7569 7659 7662 7663 8111 25670 25709 26179 26182 26184 27555 27558 27569 27594 27609 27612 27618 27646 27654 27659 27663 27681 27690 27698 27701 27891 27912 27916 27929 27932 27953 27956 27993 28045 28055 28064 28110 28167 28168 28172 28173 28182 28190 28196 28200 28426 28429 28457 28500 28513 28522 28526 28531 28575 28608 28615 28619
NODE_NUM = 197
FILE hyp_sub_98.aig

# Subcircuit 99
SUB_ID 99
LO (40):  7159 7160 7446 7670 15280 15731 16005 16010 16157 16159 16401 16864 16869 28168 28172 28956 28957 28961 29120 29686 29688 29707 29713 29796 29815 29860 29867 30056 30159 30184 30360 30543 30556 30587 30659 30681 30697 30808 30829 138192
LI (66):  68 69 70 98 126 127 128 14870 15726 15727 15729 15853 16000 16098 16156 16169 16172 16859 28171 28446 28448 28639 28692 28707 28709 28710 28712 28716 28720 28784 28791 28795 28810 28816 28899 28905 28926 28932 28937 28946 28953 28964 29002 29010 29015 29020 29033 29090 29099 29108 29355 29362 29365 29367 29386 29412 29508 29514 29518 29608 29624 29632 29643 29671 29677 29685
NODE_NUM = 200
FILE hyp_sub_99.aig

# Subcircuit 100
SUB_ID 100
LO (64):  7190 7214 7219 7222 7394 7395 7403 7411 7452 7553 7640 8095 8097 8183 8284 8646 8648 8836 8893 8895 9066 9443 9759 9859 10284 10515 10578 16940 16945 17111 17352 17746 17958 18683 19198 19352 19380 20027 20155 20160 20191 22209 22239 22243 22604 22616 22644 22782 23148 23547 23932 23995 24055 24056 24116 24343 24347 24352 24384 24628 24629 24631 24861 25083
LI (79):  73 74 76 78 80 84 111 112 116 117 119 120 121 122 7451 7552 8093 8644 8647 8790 8892 9442 9747 9749 9751 9757 9858 16206 16334 16943 17110 17345 17350 18294 19199 19351 19353 19354 19356 19365 19372 19378 20154 21165 22203 22205 22208 22217 22238 22603 22612 22615 22731 22735 22739 22748 22752 22774 22780 23100 23122 23128 23132 23142 23146 23520 23524 23528 23537 23540 23546 23709 23992 24054 24380 24609 24616 24620 24625
NODE_NUM = 191
FILE hyp_sub_100.aig

# Subcircuit 101
SUB_ID 101
LO (51):  7418 7420 7425 7427 7444 7675 13564 13854 13938 14049 14078 14175 14187 14421 14465 14466 14585 14910 15129 19070 19582 19588 19748 19777 20181 20273 20553 20555 20736 20755 20960 20971 21117 21316 21442 21458 21543 21809 21957 21974 21980 22056 22060 22080 22124 22131 22150 22328 22534 23083 30116
LI (71):  67 68 89 91 104 105 106 128 1990 7674 13549 13550 13554 13562 13850 13853 13932 13935 14181 14185 14414 14417 14418 14460 19583 19584 19585 19719 19726 19730 19731 19743 20174 20179 20248 20249 20251 20260 20269 20548 20705 20706 20709 20710 20719 20728 20734 21038 21082 21084 21088 21096 21104 21108 21112 21116 21434 21440 21800 21801 21931 21936 21942 21953 21971 21977 22074 22078 22115 22120 22147
NODE_NUM = 199
FILE hyp_sub_101.aig

# Subcircuit 102
SUB_ID 102
LO (57):  7451 7552 7559 7561 7565 8061 8063 9216 9393 9394 9567 9792 9793 9935 10024 10076 10077 10287 10408 10414 10537 10888 11428 11612 11713 11716 12457 12466 13053 15387 18497 18502 18740 19072 19170 19401 19471 19891 20493 22633 23004 23290 23669 23672 23823 23903 24010 24112 24221 24225 24389 24447 24813 24853 24926 25040 25511
LI (73):  70 79 80 81 89 107 113 114 115 124 8060 8644 9470 9494 9554 9556 9559 9560 9565 9920 9933 10399 10400 10403 10404 10405 11407 11410 11413 11420 11426 11707 11709 12444 12446 12456 16160 18492 18494 18496 18498 19068 19070 19884 19889 21647 22629 22942 22946 22947 22956 22965 23000 23287 23289 23605 23614 23619 23636 23644 23664 23820 23999 24006 24127 24133 24151 24214 24220 24388 24806 24809 24852
NODE_NUM = 198
FILE hyp_sub_102.aig

# Subcircuit 103
SUB_ID 103
LO (55):  7569 7632 7635 7642 7650 8717 10858 11413 11709 11896 12063 12146 12446 12709 12732 13338 14493 14750 15103 15282 15441 15708 16259 16547 16730 17140 17240 17453 18099 18198 18772 18790 18794 18809 19133 19134 19136 21416 21418 21729 22196 22199 22502 22652 22665 22731 22780 22813 23128 23222 23224 23470 23520 23524 29268
LI (76):  66 70 82 83 93 101 111 112 125 128 9178 11409 11410 11524 11893 11894 12134 12135 12136 12139 12144 12723 12728 14744 14747 14748 15094 15096 15097 15099 15281 16247 16248 16251 16253 16722 16728 17427 17428 17430 17440 17449 18076 18080 18089 18097 18146 18188 18192 18196 18748 19135 21138 21390 21396 21398 21399 21411 21645 21648 21651 21663 21692 21725 22154 22157 22195 22418 22427 22432 22498 22708 22712 22721 22726 23519
NODE_NUM = 200
FILE hyp_sub_103.aig

# Subcircuit 104
SUB_ID 104
LO (83):  7659 7662 7674 7678 7696 7705 7843 7938 7939 8024 8026 8121 8302 8311 8640 8908 9155 9211 9220 9554 9565 9731 9732 9857 9920 10105 10299 10442 10447 10610 11229 11230 11537 11894 12311 12650 12663 12850 12859 13150 13169 13203 13205 13213 13361 13368 13524 13733 13786 13940 13942 13977 14057 14513 14700 15264 15273 15315 15727 15927 15932 17581 17585 17854 18080 19051 19052 19589 19590 20313 20706 21283 21405 21407 21411 21467 21568 21603 22234 22438 25752 28712 29639
LI (86):  66 71 72 77 85 86 87 88 97 105 107 108 109 117 122 127 7438 7686 8301 8310 8787 9178 9197 9199 9210 9475 9541 9544 9545 9553 10101 10102 10437 10465 10596 10606 10607 10934 11224 11806 12487 12627 12649 12654 12655 12661 12837 12840 12849 13147 13190 13192 13193 13197 13201 13204 13353 13358 13521 13732 14050 14055 14507 14509 14511 15257 15258 15260 15922 17166 17577 17579 17853 18251 18701 19971 21142 21226 21227 21228 21229 21231 21240 21249 21279 21408
NODE_NUM = 199
FILE hyp_sub_104.aig

# Subcircuit 105
SUB_ID 105
LO (40):  8030 8035 8036 8060 11524 11532 12509 16154 17276 17297 17887 18185 18471 18895 18965 19091 25446 25787 26000 26231 26264 26516 26518 26529 26565 26732 26738 26779 27028 27050 27053 27060 27166 27186 27194 27212 27228 27526 27536 27554
LI (74):  67 78 94 98 114 127 8032 8034 11525 11529 11530 16142 16144 16145 16148 16152 17430 17884 17885 18155 18170 18172 18173 18175 18179 18183 24959 25419 25421 25423 25433 25439 25442 25724 25751 25752 25755 25756 25764 25772 25779 25785 25837 25848 25851 25859 25863 25866 25872 25924 25926 25931 25994 26030 26054 26238 26240 26249 26253 26257 26262 26400 26402 26408 26465 26468 26484 26492 26497 26503 26515 26547 26554 26558
NODE_NUM = 200
FILE hyp_sub_105.aig

# Subcircuit 106
SUB_ID 106
LO (38):  8093 8108 8504 8787 8788 8801 29508 30846 30847 30849 31069 31210 31235 31354 31381 31388 31394 31398 31420 31640 31643 31649 31667 31695 31698 31708 31714 31927 31940 31950 31953 31959 32164 32173 32207 32211 32488 138220
LI (67):  65 70 123 128 8503 8786 8800 29252 29265 29449 29456 29458 29472 29504 30397 30453 30462 30478 30479 30482 30483 30486 30490 30508 30528 30534 30538 30543 30547 30552 30556 30559 30565 30571 30682 30698 30721 30729 30734 30754 30762 30765 30800 30804 30808 30813 30817 30821 30829 30832 30838 30843 30866 30924 31048 31054 31057 31066 31192 31197 31201 31205 31209 31216 31222 31226 31234
NODE_NUM = 197
FILE hyp_sub_106.aig

# Subcircuit 107
SUB_ID 107
LO (50):  8111 8113 8115 8170 8175 8179 8209 8614 8615 8772 8774 9054 9274 9418 12094 12637 12654 13128 21148 21408 21476 21604 21735 22195 22337 22339 22418 22498 22565 22567 22609 22640 22721 22810 22942 23065 23142 23173 23223 23277 23304 23464 23561 23568 23574 23595 23614 23644 23960 23976
LI (73):  67 68 83 86 106 109 123 124 125 126 8613 8771 8773 8786 8798 9051 9052 9178 12633 12635 12653 20657 21137 21139 21142 21146 21399 21470 21474 21560 21569 21574 21597 21603 22165 22166 22174 22176 22182 22188 22193 22332 22389 22390 22391 22392 22394 22402 22410 22416 22436 22440 22449 22458 22464 22494 22606 22789 22806 22911 22923 22938 23152 23169 23222 23227 23235 23243 23276 23440 23448 23458 23560
NODE_NUM = 198
FILE hyp_sub_107.aig

# Subcircuit 108
SUB_ID 108
LO (40):  8216 8219 8301 8499 8506 9060 9283 16197 16227 17130 17306 17311 20710 21231 21390 22193 22286 22307 23011 33363 33933 33934 33936 33938 33940 34178 34284 34350 34361 34439 34871 34878 34889 34896 34933 34937 35366 68508 138269 138279
LI (65):  64 65 90 101 126 128 7646 8498 8505 9055 9056 9059 16171 16174 16185 16193 16221 16225 21234 21365 21369 21378 21386 22269 22273 22282 32556 33076 33081 33141 33194 33196 33199 33203 33212 33218 33224 33230 33247 33253 33257 33262 33266 33271 33275 33338 33344 33351 33355 33360 33367 33369 33843 33896 33900 33906 33915 33923 34086 34114 34138 34155 34170 34197 34280
NODE_NUM = 200
FILE hyp_sub_108.aig

# Subcircuit 109
SUB_ID 109
LO (27):  8310 32521 33073 33074 33076 33230 33266 33344 33355 33360 33367 33843 33867 33881 33891 33895 33915 33923 34356 34411 34420 34451 34860 34928 68513 138250 138260
LI (55):  65 66 126 127 31970 31975 32059 32085 32089 32091 32094 32104 32136 32147 32151 32155 32160 32164 32168 32173 32176 32182 32496 32504 32509 32513 32518 32743 32747 32835 32844 32849 32867 32884 32891 32948 32951 32957 32978 33033 33036 33042 33052 33056 33061 33065 33374 33462 33473 33628 33645 33651 33657 33660 33833
NODE_NUM = 198
FILE hyp_sub_109.aig

# Subcircuit 110
SUB_ID 110
LO (49):  8369 8496 8503 8505 8510 8598 8785 8805 9527 10943 12338 12987 12995 13353 14444 15277 15474 17440 18045 18677 21369 21692 22708 22726 22816 23394 23699 24430 24443 24709 24766 24793 24911 24951 25101 25304 25392 25442 25596 26910 27569 27749 27788 27833 28810 28899 28905 29099 29108
LI (80):  63 78 84 90 100 107 113 126 128 8034 8368 8777 8778 8779 8780 8782 12978 12980 12981 12984 14431 14433 14434 14436 14442 17434 17435 17438 18037 18043 21368 21668 21671 21672 21679 21688 22691 22695 22704 22880 23676 23677 23687 23695 24407 24409 24410 24412 24416 24420 24429 24697 24706 24764 24765 24770 24777 24785 24791 24897 24909 26652 26818 26848 26862 26864 26867 26871 26902 26908 27562 27565 27781 27786 27827 27831 28799 28806 28821 28895
NODE_NUM = 198
FILE hyp_sub_110.aig

# Subcircuit 111
SUB_ID 111
LO (69):  8606 8607 8611 8613 8638 8644 8875 8880 8887 8912 9030 9031 9129 9180 9398 9406 9481 9556 9559 9808 10229 10935 12344 12493 12837 13022 13025 13576 13868 13870 14124 14179 14269 14505 14743 14771 14797 14840 15094 15096 15235 19987 19989 20330 20558 20668 21046 21906 21953 22120 22599 22669 25229 25709 25724 25785 26048 26052 26191 26330 26503 26585 26587 26588 27038 27075 27612 28171 28709
LI (74):  68 69 70 71 72 73 87 104 118 119 120 121 122 8885 9558 9800 9802 9803 10227 10934 12343 12485 12488 12489 12836 13015 13017 13569 13572 13866 14173 14176 14177 14261 14265 14268 14498 14502 14503 14738 14781 14784 14795 15093 19593 19985 20327 20328 20656 20658 20661 20666 21856 21857 21865 21901 21949 22598 24675 24677 25684 25693 25708 25711 25713 25717 25721 26039 26043 26047 26190 26319 26327 28708
NODE_NUM = 199
FILE hyp_sub_111.aig

# Subcircuit 112
SUB_ID 112
LO (52):  8647 8719 8723 8773 8778 9553 9747 9757 9790 9933 10089 10329 10952 10953 13577 13580 13880 14543 14593 14968 15147 15328 16447 16644 16890 16943 19351 19378 20080 20120 20868 21240 21378 21635 22238 22519 22603 23097 25291 25837 25859 25924 26123 26124 26170 26235 26581 26657 26987 27006 27015 27531
LI (74):  61 81 84 92 93 97 105 110 126 9541 9549 9551 9746 9756 9765 9769 9778 9786 10590 13239 13874 13876 13877 13878 14519 14520 14521 14522 14531 14539 14585 14591 16637 16640 16642 16643 16942 19022 19325 19332 19333 19346 20113 20114 21235 21237 21374 21375 21628 21633 22229 22234 22507 22517 24765 25273 25275 25278 25287 25644 25808 25817 25836 25913 25922 26122 26128 26136 26145 26151 26169 26568 26579 26656
NODE_NUM = 197
FILE hyp_sub_112.aig

# Subcircuit 113
SUB_ID 113
LO (34):  8780 8782 9210 9756 9870 35478 35479 36055 36056 36058 36220 36295 36384 36393 36539 36550 36558 36567 36572 36580 36875 36893 36905 36915 37051 37058 37068 37073 37077 37092 37246 37249 138309 138319
LI (62):  61 64 125 128 9203 9207 9208 9755 34481 34950 34957 35045 35072 35077 35079 35080 35114 35125 35129 35146 35152 35156 35159 35382 35388 35392 35455 35461 35466 35470 35475 35709 35716 35862 35917 35919 35925 35929 35944 35950 35954 35957 35966 35970 36015 36019 36023 36038 36043 36047 36063 36198 36205 36209 36213 36218 36262 36271 36272 36280 36285 36292
NODE_NUM = 195
FILE hyp_sub_113.aig

# Subcircuit 114
SUB_ID 114
LO (34):  8786 8790 11521 12444 14507 26740 27134 27160 27542 27555 27558 27698 27827 27831 27891 28055 28064 28256 28385 28412 28426 28429 28639 28806 28946 29709 29779 29843 29847 29877 30047 30378 30832 30838
LI (64):  66 76 113 124 12443 12836 26083 26565 26581 26597 26599 26601 26606 26633 26662 26717 26724 26732 26738 27107 27108 27111 27112 27121 27129 27295 27316 27320 27329 27334 27338 27369 27376 27380 27394 27514 27518 27526 27531 27536 27554 27824 28076 28247 28250 28365 28370 28377 28397 28401 28419 28423 28453 28620 28622 28628 28632 28637 29120 29699 29701 29707 29745 29772
NODE_NUM = 200
FILE hyp_sub_114.aig

# Subcircuit 115
SUB_ID 115
LO (65):  8798 8800 8863 8869 8871 8885 9136 9187 9188 9197 9544 10596 11360 11576 11578 12626 13157 13159 13521 13549 13747 13753 14069 14551 14591 16113 16114 16148 16225 16310 17214 17231 17728 20709 21228 21229 23739 23740 24030 24214 24777 24897 24917 24958 24973 24982 25273 25383 25489 25684 25872 25913 26039 26043 26047 26065 26400 26402 26465 26468 26492 26547 27179 31101 31471
LI (77):  65 66 67 80 81 89 100 108 109 122 123 124 9135 9178 9186 9196 11577 13152 13153 13156 13538 13540 13542 13547 13742 14550 15281 16099 16102 16111 16302 16308 17208 17211 17212 20247 21227 23264 23717 23738 24028 24083 24154 24166 24174 24182 24210 24775 24952 24956 24960 24963 24972 25266 25268 25270 25271 25370 25379 25466 25474 25479 25485 25625 25626 25629 25630 25640 25648 25680 25881 25909 26034 26397 26453 26455 26460
NODE_NUM = 199
FILE hyp_sub_115.aig

# Subcircuit 116
SUB_ID 116
LO (51):  8892 8899 8921 8923 9472 9940 12889 12890 13197 13224 13732 15258 16193 17161 17362 17367 17494 17928 18025 18343 18346 19054 19756 20544 20564 21295 23677 29456 30392 30393 30397 30754 30843 30862 30866 31057 31222 31226 31234 31382 31402 31409 31415 31428 31678 32198 32232 32242 32247 32504 138211
LI (78):  62 73 86 95 102 113 127 9397 9469 9470 10478 12443 13192 13195 14831 15809 16178 16190 16191 17156 17159 17357 17477 17480 17481 17484 17492 18337 18341 18701 19750 19752 19753 20498 20500 20512 20543 29121 29451 29454 29875 29877 30054 30059 30195 30202 30224 30251 30267 30268 30271 30272 30276 30307 30313 30317 30321 30351 30357 30360 30366 30370 30374 30378 30383 30389 30742 30751 30853 30859 31221 31270 31274 31283 31288 31332 31375 31381
NODE_NUM = 200
FILE hyp_sub_116.aig

# Subcircuit 117
SUB_ID 117
LO (51):  8927 9011 9033 9040 9052 10291 12655 13251 14201 14210 14295 14657 14915 15527 15635 16465 16497 18265 18884 18990 19325 19435 19475 19726 20037 20052 20077 20174 20179 20512 22176 22182 22449 22806 22906 23122 23169 23560 23723 23859 23992 23999 24388 24515 25127 25629 26014 26084 26093 26781 26914
LI (74):  65 79 83 86 93 96 104 107 111 125 13249 14193 14196 14200 14656 15510 15512 15515 15523 15625 15633 18156 18259 18262 18865 18866 18870 18880 19131 19302 19305 19313 19321 19423 19432 19468 19471 19720 19723 19724 20173 21407 21668 22179 22180 22443 22447 22794 22803 22880 22884 22894 22902 23102 23112 23116 23161 23167 23222 23718 23721 23852 23857 24507 24512 25119 25125 25266 26005 26010 26082 26083 26088 26091
NODE_NUM = 199
FILE hyp_sub_117.aig

# Subcircuit 118
SUB_ID 118
LO (41):  9056 9059 9067 12292 12301 12459 12461 12796 12980 16142 16152 16302 16308 16800 17334 28692 28720 29608 29677 29745 29872 29873 29875 30027 30029 30035 30053 30058 30065 30181 30194 30321 30357 30383 30389 30669 30673 30688 30813 35080 138201
LI (67):  62 63 75 115 127 128 11589 12276 12279 12291 12458 12460 12979 15783 16132 16134 16137 16140 16293 16294 16300 16797 17331 28318 28655 28665 28667 28670 28679 28687 28961 29283 29569 29571 29584 29585 29607 29709 29710 29713 29718 29723 29727 29741 29779 29784 29785 29790 29796 29805 29810 29815 29822 29830 29834 29837 29843 29847 29852 29860 29864 29867 29881 29890 29909 29926 30017
NODE_NUM = 196
FILE hyp_sub_118.aig

# Subcircuit 119
SUB_ID 119
LO (59):  9135 9137 9146 9151 9178 9186 10080 10458 10855 12978 13476 14259 14744 14753 14755 14795 14893 15099 15399 15523 15549 15852 15861 15918 16460 16595 16998 17092 17120 17715 17767 18730 19001 19290 19293 19468 19868 19873 19971 19972 21399 23387 23597 23695 24267 24328 24596 24665 24691 24806 24809 24852 25316 25318 25324 25646 25647 31141 32621
LI (73):  60 69 72 84 88 99 100 104 110 116 128 12972 12973 12976 13895 14255 14257 14491 14494 14526 14752 14868 14871 14880 14889 15394 15397 15844 15845 15849 15910 15916 16586 16589 17071 17077 17079 17081 17089 18715 18716 18720 18728 18996 18998 19289 19354 19863 22827 23357 23361 23362 23371 23379 23385 23561 23563 23568 23574 23589 23595 23690 23691 23693 24258 24261 24581 24583 24592 24660 24803 25313 25645
NODE_NUM = 198
FILE hyp_sub_119.aig

# Subcircuit 120
SUB_ID 120
LO (30):  9196 9199 9203 9551 9769 10470 10641 11207 32085 32556 32743 32844 32849 32957 33052 33338 33369 33833 34426 34432 34911 34918 35156 35362 35380 35388 35392 35461 35466 35470
LI (58):  63 66 67 121 124 9550 9768 10485 10635 10639 31473 31475 31484 31530 32063 32073 32081 32090 32528 32555 32558 32571 32603 32687 32694 32698 32714 32720 32724 32728 32733 32738 32742 32839 33322 33326 33330 33682 33694 33699 33712 33817 33826 33945 34048 34053 34055 34063 34067 34071 34076 34363 34369 34376 34391 34396 34411 34420
NODE_NUM = 197
FILE hyp_sub_120.aig

# Subcircuit 121
SUB_ID 121
LO (23):  9207 9549 34280 35129 35382 36015 36019 36023 37085 37086 37720 37722 38162 38164 38170 38175 38662 38666 39182 39193 68491 138338 138348
LI (49):  63 64 124 125 9548 33205 34201 34203 34213 34222 34251 34276 35269 35274 35278 35312 35324 35329 35334 35351 35362 35375 35380 35977 35990 35995 36001 36006 36578 36580 36587 36895 36905 37062 37068 37073 37077 37080 37407 37691 37693 37699 37703 37708 37712 37868 37875 37879 38153
NODE_NUM = 187
FILE hyp_sub_121.aig

# Subcircuit 122
SUB_ID 122
LO (43):  9208 9395 9397 9469 12458 13609 14108 14111 29699 29701 30351 30453 30534 30538 30547 30559 30565 31192 31197 31201 31205 31970 32155 32168 32176 32182 32509 32513 68519 68521 68523 68525 68529 68536 138157 138158 138166 138185 138194 138213 138233 138243 152691
LI (74):  62 73 74 114 126 9468 13601 13605 13608 14101 14104 27224 27728 27729 27883 27884 28443 28444 28956 28957 29123 29126 29136 29144 29179 29201 29298 29305 29309 29325 29331 29343 29349 29692 29698 29872 29873 30336 30338 30343 30349 30392 30393 30401 30410 30429 30446 30846 30847 30849 30862 31069 31076 31082 31181 31191 31196 31210 31383 31388 31394 31398 31402 31406 31409 31415 31420 31960 31964 68515 68534 138152 138153 138163
NODE_NUM = 199
FILE hyp_sub_122.aig

# Subcircuit 123
SUB_ID 123
LO (51):  9468 9470 9475 9499 9786 10237 11585 13605 13608 14222 14249 14491 14871 17523 17568 17595 18137 18255 18337 19753 23693 24677 24678 30251 31181 31221 31283 31498 31499 31960 31964 31981 32160 32245 32290 32346 32470 32494 32518 32712 32733 32738 32742 32747 32997 33025 33031 33036 33056 33061 33065
LI (73):  59 72 74 89 98 113 115 128 9750 9783 9784 10465 13604 13606 14255 14870 17520 17522 17524 17526 17536 17567 24057 29282 30240 30244 30245 30249 31140 31142 31143 31144 31153 31162 31168 31174 31179 31431 31483 31497 31502 31505 31509 31605 31609 31615 31621 31626 31630 31636 31640 31643 31649 31709 31714 31716 31721 31761 31807 31811 31858 31894 31898 31907 31912 31927 31931 31935 31940 31950 31953 31959 31980
NODE_NUM = 197
FILE hyp_sub_123.aig

# Subcircuit 124
SUB_ID 124
LO (56):  9502 9512 9541 9545 9548 9778 10191 10199 10207 10399 10420 10500 10509 10639 10850 13193 13195 14240 14520 14810 15834 16023 16640 16665 23717 23718 24775 25644 25645 26484 26601 27082 27112 28356 28362 28531 28615 29607 29718 29727 34048 34063 34201 34203 34957 35077 35079 35152 35269 35312 35944 35977 36001 36389 36391 36587
LI (70):  62 64 65 77 82 104 110 121 123 124 9772 9776 10186 10188 10194 10197 10485 10488 10489 10499 10638 14235 14237 14436 15251 15824 15828 15832 23224 25274 25643 25646 26472 26481 27075 27078 27492 27622 28264 28317 28324 28326 28339 28345 28354 29596 29597 33195 33972 33987 33988 33990 33994 33997 34028 34036 34043 34047 34956 35074 35204 35223 35227 35236 35258 35306 35308 35936 35941 36386
NODE_NUM = 198
FILE hyp_sub_124.aig

# Subcircuit 125
SUB_ID 125
LO (31):  9550 9558 11315 33141 33628 33896 33900 34047 34363 34396 34872 34879 34894 34898 34902 34906 34915 34924 35144 35368 35412 35423 35433 35439 35442 35448 35453 35702 35705 35711 36038
LI (60):  62 67 119 125 32621 33083 33084 33095 33103 33134 33139 33539 33566 33581 33582 33585 33586 33590 33620 33626 33850 33855 33859 33863 33867 33870 33885 33891 33895 34178 34284 34293 34298 34316 34337 34345 34350 34356 34361 34451 34634 34640 34643 34651 34664 34692 34696 34705 34723 34742 34782 34786 34789 34833 34842 34855 34860 34871 34878 34891
NODE_NUM = 198
FILE hyp_sub_125.aig

# Subcircuit 126
SUB_ID 126
LO (40):  9560 9568 9570 9573 11309 11319 11643 11831 12176 12179 20656 20666 21137 21146 21529 21533 21800 21801 22507 33083 33585 34276 35204 35274 35278 35995 36006 37407 37699 38146 38151 38441 38657 38845 38849 39069 39095 39156 39169 39184
LI (69):  60 61 67 94 120 127 2387 10971 10974 11298 11299 11308 11825 11827 11828 11830 12170 19749 20267 20645 20646 20655 21124 21125 21127 21136 21485 21522 21528 21799 32612 33582 33584 34257 34258 34259 34262 34272 35181 35189 35194 35200 35271 36476 37095 37117 37170 37177 37179 37181 37192 37198 37202 37206 37210 37240 37246 37249 37396 37402 37406 38056 38083 38092 38099 38102 38122 38132 38137
NODE_NUM = 200
FILE hyp_sub_126.aig

# Subcircuit 127
SUB_ID 127
LO (57):  9637 9639 9735 9738 9746 9748 9749 9750 9751 10499 10705 10706 10713 10879 10978 10987 11224 11326 11887 17871 18557 18612 18865 18915 19397 19760 21373 23690 24093 24785 24989 25139 25213 25576 25693 25721 26128 26397 26523 26879 27016 27018 27067 27295 27338 27394 27514 27518 27562 27681 28354 28365 28391 28397 28401 28816 38692
LI (75):  58 60 83 87 93 99 102 125 127 9634 9636 10045 10496 10497 10697 10699 10700 10702 10963 10967 10968 10977 17481 17864 17869 17870 18607 18608 18609 18861 18862 18914 22825 24074 24076 24077 24079 24089 24779 24782 24783 25207 25211 25568 25574 25692 26126 26206 26331 26358 26366 26367 26371 26382 26391 26395 26992 26993 27002 27006 27009 27015 27060 27063 27250 27254 27263 27288 27294 27385 27392 27511 27667 27679 28396
NODE_NUM = 200
FILE hyp_sub_127.aig

# Subcircuit 128
SUB_ID 128
LO (30):  9755 9765 10186 34258 34634 34651 35045 35709 36271 36272 36292 36386 36575 36576 36578 36895 36911 36913 37041 37046 37080 37380 37389 37393 37402 37406 37690 37708 37712 138329
LI (57):  60 66 120 126 10185 34469 34471 34472 34474 34478 34502 34530 34622 34629 34633 34963 34964 34967 34968 34979 35010 35041 35518 35522 35531 35536 35579 35591 35595 35662 35691 35702 35705 36058 36266 36295 36299 36301 36306 36375 36384 36405 36411 36416 36426 36431 36522 36539 36550 36554 36558 36563 36567 36572 36886 36893 36908
NODE_NUM = 197
FILE hyp_sub_128.aig

# Subcircuit 129
SUB_ID 129
LO (49):  9768 9772 9776 9783 10188 10194 10467 10638 10699 11308 11651 11762 11842 12170 12328 12524 33195 33196 33462 33539 33626 34391 34633 34692 34723 34786 34956 35455 36063 36209 36213 36405 36522 36554 36563 36886 37236 37298 37374 37385 37422 37455 37460 37469 37538 37686 37703 37740 38063
LI (76):  58 63 64 65 120 122 123 127 128 9782 10187 10193 10698 10963 11302 11303 11306 11755 11757 11759 11760 11840 32558 33430 33433 33434 33441 33450 33456 33460 33482 33484 33492 33518 33538 34386 34387 34684 34686 34717 34718 34964 35402 35408 35412 35430 35433 35439 35442 35448 35453 35717 36062 36396 36398 36484 36497 36502 36506 36510 36514 36518 36769 36788 36814 36828 36830 36832 36836 36865 36871 36875 36878 36884 37227 37232
NODE_NUM = 199
FILE hyp_sub_129.aig

# Subcircuit 130
SUB_ID 130
LO (57):  9782 9784 9800 9802 9803 10101 10102 10227 10626 12095 12973 13190 13201 13742 14518 14519 16454 16809 16938 17135 17461 17506 23243 23738 23808 24037 24127 24133 24437 24512 24581 24583 24986 25023 25287 25497 25737 26169 26579 28317 28345 28500 28526 29325 29504 29518 30682 30751 30762 30817 31935 33566 34262 34696 34782 35430 36218
LI (76):  59 68 69 76 80 106 110 117 127 10100 12971 13183 13187 13843 15744 16438 16439 16442 16450 16934 16936 17460 22947 22979 23238 23239 23735 23737 23738 23739 23740 23749 23755 23788 23804 24027 24028 24031 24032 24035 24126 24571 24574 24580 25283 25286 26157 26166 27636 28266 28267 28278 28286 28316 28480 28488 28493 28498 29316 29319 29479 29481 29491 29500 30661 30675 30681 33089 33547 33549 33552 33562 34753 34778 35424 35428
NODE_NUM = 198
FILE hyp_sub_130.aig

# Subcircuit 131
SUB_ID 131
LO (76):  9813 9858 9862 9896 9909 9910 10045 10048 10593 10702 12276 12971 12972 13187 13207 13604 13623 13850 13853 13932 13933 13935 14101 14232 14511 14805 15722 15751 15752 15754 16116 16126 16280 16331 16388 16444 17148 18306 18715 18743 18996 19068 19289 20646 21879 22869 23293 23362 23713 23742 29495 29671 29710 30017 30661 30675 31630 31636 31709 31931 32658 32687 33042 33095 33549 33552 33712 33817 34036 34269 34293 34298 34376 34855 35159 39721
LI (77):  57 59 70 71 72 78 90 96 105 108 109 114 115 116 117 126 11310 12481 12487 13181 13619 13620 13621 13849 13934 14195 14227 14230 16115 16275 16277 17147 17875 18708 18712 18714 18742 18995 19067 19286 23292 28757 29648 29651 29658 29668 29938 29968 29992 30013 30579 30583 30655 30659 30669 30673 31688 31702 31708 32620 32622 32624 32629 32656 32683 33089 33091 33548 33737 33741 33754 33795 33799 33809 33813 34292 34848
NODE_NUM = 200
FILE hyp_sub_131.aig

# Subcircuit 132
SUB_ID 132
LO (34):  10050 10053 10057 13621 16855 17462 17510 17611 17616 17937 18325 18900 24028 29569 29571 30336 30349 30462 30490 31196 35862 35925 36769 36884 37691 37693 38336 38598 38638 38642 38651 39174 39332 39670
LI (60):  57 67 79 106 107 128 12485 13618 13620 16830 16832 16836 16837 16838 16844 16851 17610 18320 18322 18323 29520 29522 29524 29534 29540 29568 30327 30331 30335 30461 34972 35723 35725 35728 35738 35767 35793 35861 36602 36622 36646 36668 36676 36681 36768 37411 37449 37455 37527 37533 37538 37544 37673 37686 37690 38315 38322 38326 38562 38591
NODE_NUM = 195
FILE hyp_sub_132.aig

# Subcircuit 133
SUB_ID 133
LO (70):  10059 10062 10069 10075 10095 10100 10182 10185 10187 10301 10426 10598 11898 12456 13147 13243 14819 14827 15531 15790 16098 16099 16144 16145 16156 16213 16216 16586 16589 17166 17190 17204 17577 17676 17681 17719 17920 18464 18618 18752 19135 19730 19884 19889 20251 26122 26151 26599 26818 26908 26915 26919 27111 27511 27679 27912 27916 27993 28045 28396 29741 29784 29830 29834 30054 30374 30571 30821 30853 31406
LI (83):  65 66 67 76 81 86 89 90 94 96 99 104 109 118 119 9580 10072 10074 12452 12453 14823 14824 15783 15787 15788 15849 15855 16143 16172 16215 16585 17168 17169 17170 17179 17186 17671 17894 17896 17906 17916 18751 19582 19879 19880 25752 26093 26110 26112 26114 26119 26801 26805 26814 26914 27110 27418 27475 27476 27479 27480 27490 27499 27505 27509 27909 27975 27978 27986 27991 28001 28041 29735 29739 29781 30027 30029 30035 30040 30044 30047 30053 30568
NODE_NUM = 198
FILE hyp_sub_133.aig

# Subcircuit 134
SUB_ID 134
LO (31):  10193 10197 10485 10488 10977 11426 36484 36510 37117 37202 37396 38083 38137 38153 38326 39201 39202 39687 39688 39690 39830 40238 40242 40247 40251 40256 40633 40637 41114 138378 138388
LI (55):  61 62 122 124 10487 10851 10971 10975 36461 36463 36465 36467 36471 36479 37114 37310 37334 37342 37347 37367 37374 37380 37385 37389 37393 38063 38072 38075 38146 38151 38677 38829 38835 38840 38845 38849 39062 39089 39095 39163 39169 39174 39182 39184 39193 39198 39339 39657 39662 39666 39670 39675 39679 39821 39823
NODE_NUM = 182
FILE hyp_sub_134.aig

# Subcircuit 135
SUB_ID 135
LO (75):  10293 10315 10400 10403 10405 10462 10606 10607 10697 10906 11018 11030 11058 11188 11409 11420 11668 11741 11820 11929 12083 13183 13619 13721 13866 14230 14414 14417 15089 15093 15257 15515 15542 15910 15916 16965 17345 17350 18496 18498 19163 19805 21226 21528 21578 21647 21648 22635 23448 24057 25713 26112 26114 26597 26606 27320 28710 29298 29522 29643 29926 30224 30313 30327 30331 30335 30655 31076 31082 31621 32264 34270 34972 34974 35724
LI (78):  56 67 68 69 71 75 80 104 109 113 114 115 116 117 128 10605 10692 10695 11024 11026 11028 11416 11417 11806 11815 11818 13180 13181 13618 14416 15087 15088 15091 15249 15253 15256 15296 15514 15903 15906 16960 16962 17340 18267 19157 19161 19804 21204 21205 21209 21211 21222 21646 22630 22631 22633 25737 26590 26592 26594 29264 29266 29268 29270 29280 29290 29296 29640 29641 29919 29924 30206 30219 30223 30324 30648 30649 31075
NODE_NUM = 200
FILE hyp_sub_135.aig

# Subcircuit 136
SUB_ID 136
LO (52):  10465 10478 10487 10489 10621 10852 10864 11806 15744 15750 16247 16248 16277 16619 16650 16728 16928 17077 17477 17709 18037 18043 25268 26902 27769 27824 28895 29331 35723 36788 36871 37673 38315 38322 39339 39666 40648 41128 68482 68484 68490 68493 68495 68497 68499 68503 68504 138302 138361 138371 138401 138411
LI (79):  60 61 64 81 103 107 123 124 10620 10851 10862 12836 15369 15745 15746 15748 16135 16232 16236 16245 16276 16618 17075 17471 17474 18036 26367 26876 26879 26888 26898 27762 27767 28824 28891 34445 34947 34948 34964 35478 35479 35718 35721 36055 36056 36575 36576 36773 36782 36787 37085 37086 37554 37560 37665 37670 37720 38178 38179 38306 38313 38674 38675 39201 39202 39327 39332 39338 39687 39688 40259 40260 40262 40624 40633 40637 40642 68478 68491
NODE_NUM = 199
FILE hyp_sub_136.aig

# Subcircuit 137
SUB_ID 137
LO (28):  10496 39821 39823 40259 40260 40262 40624 40642 41042 41051 41108 41119 41123 41139 41311 41331 41335 41338 41578 41591 41596 41600 41803 41808 42050 42068 42085 42227
LI (62):  58 59 125 126 38921 39690 39720 39722 39724 39729 39738 39744 39749 39797 39802 39807 39811 39816 39820 39830 40072 40077 40096 40117 40148 40154 40160 40200 40202 40212 40216 40219 40225 40229 40234 40238 40242 40247 40251 40256 40489 40494 40512 40514 40520 40524 40528 40533 40537 40543 40601 40605 40609 40613 41054 41077 41093 41138 41178 41239 41245 41307
NODE_NUM = 200
FILE hyp_sub_137.aig

# Subcircuit 138
SUB_ID 138
LO (38):  10497 10505 10517 15844 16031 16537 16722 20640 21856 21857 21931 21971 22115 26226 26366 26391 26992 27250 28377 31605 32496 32698 32884 32948 32951 33247 33271 33275 33322 33326 33351 33644 33826 33878 33942 34076 34369 34842
LI (69):  57 74 86 98 110 127 14234 15837 15840 16030 16532 16533 16535 20615 20619 20628 20636 21836 21845 21852 21965 21969 26205 26207 26209 26222 26359 26363 26364 27241 27244 30931 31576 31590 31594 31595 31599 31603 32243 32248 32259 32261 32262 32264 32273 32281 32290 32342 32346 32410 32447 32456 32461 32465 32470 32480 32484 32488 32494 32876 32882 32936 32941 32945 33234 33245 33300 33304 33639
NODE_NUM = 200
FILE hyp_sub_138.aig

# Subcircuit 139
SUB_ID 139
LO (77):  10590 10592 10605 10620 10628 10631 10635 10695 10934 10982 12849 12904 13358 13471 13489 13606 13847 13939 13947 14065 14104 14193 14433 14460 14522 14600 14868 15378 15405 15658 15726 15949 16275 16632 16942 17109 17208 17853 17896 18170 18179 18297 18687 18739 18933 19277 19536 22880 23357 23385 23563 23709 24182 24412 24675 24676 25266 26656 27418 27479 27509 28001 28318 28324 28480 28498 28670 29355 29514 29584 29585 29881 30155 30643 30691 30870 31151
LI (81):  62 64 71 74 76 80 85 98 102 107 109 112 119 120 10591 10981 12343 12843 12846 12898 12901 13492 13841 13844 13845 13924 13928 13938 14062 14103 14192 15358 15360 15362 15365 15373 15725 16630 17108 17895 18156 18159 18160 18163 18169 18296 18686 18733 18736 18921 18930 23308 23309 23311 23318 23327 23356 24054 26123 26653 26655 27108 27408 27413 27417 28321 28322 28462 28475 28479 29124 29169 29354 29578 29580 30089 30090 30092 30097 30122 30151
NODE_NUM = 200
FILE hyp_sub_139.aig

# Subcircuit 140
SUB_ID 140
LO (31):  10698 10700 10723 11290 11306 11634 11729 42507 42508 42979 42980 43489 43490 43492 43879 43892 43927 43944 44271 44274 44300 44313 44317 44407 44416 44420 44425 44429 138448 138457 138467
LI (56):  55 56 125 128 2772 11283 11287 11288 11626 11632 42083 42251 42257 42260 42285 42301 42377 42404 42406 42408 42413 42422 42452 42458 42465 42471 42477 42482 42486 42490 42495 42499 42504 42972 42974 42989 42993 43026 43120 43180 43195 43199 43306 43312 43317 43322 43330 43337 43363 43435 43442 43449 43462 43472 43486 43878
NODE_NUM = 199
FILE hyp_sub_140.aig

# Subcircuit 141
SUB_ID 141
LO (33):  10725 10851 11760 12134 12144 12684 22458 23440 23458 23589 23749 24482 24819 25119 25125 40117 41178 41307 42080 42081 42083 42504 42972 42974 43462 43486 43499 43681 43685 44288 44293 44297 138438
LI (58):  56 59 92 123 127 12118 12122 12123 12133 22452 22455 23423 23427 23436 23578 23585 23743 23746 24474 24480 25118 39731 40102 40103 40113 41157 41174 41265 41269 41290 41296 41300 41305 41610 41804 41809 42016 42023 42024 42046 42050 42053 42059 42063 42068 42072 42077 42515 42691 42696 42697 42705 42709 42717 42942 42952 42962 43494
NODE_NUM = 195
FILE hyp_sub_141.aig

# Subcircuit 142
SUB_ID 142
LO (78):  10853 10862 10938 10939 10947 10956 11313 11392 11403 11707 11803 12123 12291 12488 12649 12661 12826 13017 13849 13906 14185 14192 14196 14476 14553 15373 15625 16438 16960 17079 17081 17738 17740 18323 23279 24234 27476 28321 28667 29580 30244 30267 30276 31270 31288 32243 32484 32603 33081 33103 33253 33257 33330 33562 33694 33699 33737 33741 34086 34717 34718 35041 35306 35308 35591 35595 35717 35718 35733 35738 35827 36266 36280 36830 36832 38980 39501 40868
LI (83):  54 59 63 64 71 74 75 107 108 110 118 119 124 128 11047 11386 11388 11391 11593 12287 12290 12487 12648 12660 13204 13500 13901 13902 14195 14552 15367 15370 15371 15836 16436 17078 22853 28320 29122 29478 30254 30257 30266 31251 31260 31267 32212 32214 32223 32229 32232 32238 32242 32269 32580 32581 32591 32599 33078 33098 33101 33556 33557 33559 33689 33734 34470 34712 35013 35014 35017 35027 35037 35283 35284 35292 35299 35305 35590 35732 35737 35879 36829
NODE_NUM = 199
FILE hyp_sub_142.aig

# Subcircuit 143
SUB_ID 143
LO (40):  10963 10967 10968 11303 11840 40103 40489 40524 41077 41093 41138 41239 41290 41300 41336 41566 41568 41587 41804 42016 42053 42059 42088 42157 42168 42172 42223 42232 42246 42254 42329 42373 42482 42490 42514 42693 42717 42962 43199 43312
LI (67):  56 57 58 124 125 126 11302 40267 40270 40273 40275 40280 40289 40297 40330 40358 40367 40371 40479 40484 40488 40677 41062 41064 41069 41075 41139 41202 41206 41215 41235 41276 41280 41282 41314 41316 41321 41327 41331 41335 41357 41440 41453 41456 41459 41462 41466 41496 41525 41534 41542 41565 41615 41782 41787 41791 41795 41799 41803 41813 41824 42008 42085 42145 42152 42161 42164
NODE_NUM = 200
FILE hyp_sub_143.aig

# Subcircuit 144
SUB_ID 144
LO (104):  10971 10974 10975 10979 10981 11021 11024 11026 11028 11044 11047 11054 11269 11277 11366 11373 11416 11417 11529 11738 11815 11827 11850 11863 11903 12136 12139 12181 12312 12343 12478 12481 12846 13180 13837 14103 14235 14823 14824 15256 15267 15514 15787 15824 15832 15906 16236 16585 16629 16929 17192 17480 17481 17484 17869 18341 18608 18914 19305 19722 19985 20327 20328 20591 21124 21368 22179 22436 22446 22827 22849 23112 23116 23227 23361 23675 23691 23852 23857 24076 24151 24844 24959 24960 25515 25520 25626 27646 27986 28041 28267 29283 29290 29735 29739 29781 30429 31075 32558 33582 34470 34471 34472 34967
LI (88):  60 61 64 65 66 76 79 81 84 87 89 93 94 96 101 102 103 105 114 116 117 121 122 11365 11410 11415 11528 11545 11562 11750 11901 12135 12138 13178 13618 14234 14416 15252 15253 15332 15785 15809 15812 15823 15905 16249 16628 17478 17483 17911 18913 20326 21123 21405 22451 22825 22826 22828 22837 22845 23111 23225 23847 24030 24075 24139 24140 24149 24826 24829 24837 24840 26863 27623 27626 27634 27642 28021 28030 28035 28039 29282 29286 29288 29730 30417 30426 34966
NODE_NUM = 200
FILE hyp_sub_144.aig

# Subcircuit 145
SUB_ID 145
LO (32):  11283 11287 11560 11626 12133 12431 12440 12553 12693 13062 43120 44295 44434 44470 44475 44485 44512 44521 44541 44832 44838 44841 44854 44860 44875 44878 44884 44887 44897 45068 45134 45285
LI (60):  53 55 126 128 11554 11555 11556 11558 12126 12130 12131 12424 12426 12428 42415 42764 43059 43064 43075 43081 43096 43098 43099 43103 43112 43686 43691 43872 43879 43881 43892 43909 43915 43929 43935 43939 43945 43967 43976 43981 43985 43992 44000 44005 44010 44101 44129 44131 44142 44171 44180 44188 44253 44263 44267 44271 44274 44284 44288 44293
NODE_NUM = 198
FILE hyp_sub_145.aig

# Subcircuit 146
SUB_ID 146
LO (43):  11288 11299 11302 11310 11757 11759 11857 14550 15370 31048 31594 31716 31811 31907 31975 32151 38056 38562 38674 38675 38677 38829 38835 39062 39106 39114 39148 39198 39234 39311 39320 39338 39558 39563 39583 39586 39643 39646 39656 39675 39679 39811 39820
LI (73):  57 59 63 75 105 106 122 123 11758 11855 15369 30245 30280 30932 30940 30948 30969 30972 30978 31044 31593 31972 37895 37950 37952 37954 37956 37965 37973 37979 38039 38044 38054 38181 38336 38353 38354 38357 38358 38362 38390 38417 38474 38538 38544 38558 38598 38603 38607 38610 38616 38621 38625 38629 38632 38638 38642 38647 38651 38657 38662 38666 38671 38757 38796 38804 38809 38814 38818 38827 39041 39058 39103
NODE_NUM = 199
FILE hyp_sub_146.aig

# Subcircuit 147
SUB_ID 147
LO (42):  11362 11365 11386 11388 11833 15389 20543 20628 21027 21104 21434 21440 21770 21977 25433 25772 26157 26497 30151 30307 30800 30924 30948 31251 31332 31483 31509 31688 31702 31807 32147 32212 32238 32253 32257 32443 32525 32724 32728 33008 33018 33262
LI (67):  54 78 80 91 101 102 127 11735 20528 20531 20534 20541 20622 20626 21019 21025 21431 21758 21767 24068 25429 25431 25766 25769 25770 29524 29527 30131 30136 30147 30284 30286 30287 30288 30289 30291 30303 30791 30798 30904 30913 30918 30922 30946 31244 31249 31306 31328 31437 31439 31440 31442 31452 31482 31663 31667 31678 31695 31698 31769 31779 31783 31803 32200 32207 32211 32252
NODE_NUM = 197
FILE hyp_sub_147.aig

# Subcircuit 148
SUB_ID 148
LO (47):  11391 11393 11407 11410 14416 15252 15836 15837 16030 16627 16791 19731 24068 24074 24154 24909 24974 25429 36461 36865 37240 37342 37449 37527 37965 38054 38122 38132 38306 38544 38591 38603 38625 38629 39041 39072 39101 39152 39161 39327 39591 39657 39662 39802 40234 40533 40537
LI (75):  55 66 67 90 91 111 115 127 14763 15251 15838 16028 16531 16621 16623 16624 22958 24067 24072 24153 24908 25428 34972 36439 36440 36449 36457 36840 36841 36844 36853 36861 37216 37220 37224 37236 37416 37419 37428 37436 37442 37445 37460 37463 37469 37503 37507 37516 37521 37959 37962 37963 38115 38118 38219 38228 38234 38238 38299 38302 38567 38574 38583 38602 38935 38939 38972 39037 39321 39323 39551 39577 39583 39650 39656
NODE_NUM = 198
FILE hyp_sub_148.aig

# Subcircuit 149
SUB_ID 149
LO (49):  11415 11525 11528 11530 11554 11818 11893 17474 17906 18578 18880 19121 19410 19957 22894 23827 29458 30482 30483 31140 31168 31482 31761 31858 32410 32447 32465 32714 33033 33234 33300 33374 33651 33657 33660 33906 34071 37973 38417 38939 39037 39220 39221 39229 39602 39692 39900 40024 40157
LI (72):  51 65 67 68 69 111 112 126 11892 17899 17901 17904 18571 18576 18874 18877 18878 19402 19408 22887 22891 22892 29268 29423 30481 31100 31102 31105 31109 31139 31469 31472 31474 31475 31480 31752 31757 31816 31828 31851 31856 32364 32406 32414 32418 32428 32446 32702 32712 33011 33012 33018 33025 33031 33294 33298 33373 37430 37432 37971 38398 38399 38401 38403 38413 38984 38985 38989 39001 39030 39035 39219
NODE_NUM = 196
FILE hyp_sub_149.aig

# Subcircuit 150
SUB_ID 150
LO (32):  11556 11558 12426 12875 12885 13446 13455 13460 13781 13813 45302 45303 45731 45732 46179 46180 46182 46570 46575 46577 46579 46584 46590 46593 46602 46608 46862 46971 46989 138496 138505 138515
LI (57):  51 54 125 128 12128 12863 12865 12874 13427 13428 13432 13433 13442 13454 44146 44871 44904 45137 45142 45159 45215 45217 45219 45224 45233 45239 45243 45247 45257 45261 45268 45272 45277 45281 45285 45290 45294 45299 45724 45726 45763 45768 45885 45903 45911 45916 45921 45947 45953 45957 45978 46001 46132 46154 46162 46176 46567
NODE_NUM = 197
FILE hyp_sub_150.aig

# Subcircuit 151
SUB_ID 151
LO (75):  11562 11568 11577 11586 11589 11593 11600 11799 12279 12432 12517 14255 14752 14835 15460 15748 16558 17156 17520 17885 17894 18122 18130 18155 18156 18159 18183 18286 18289 18647 19156 19216 19750 19823 19856 19859 20309 20336 20387 20398 20636 20923 20945 20963 21075 21136 21426 21560 21799 22027 22052 22188 22207 22208 22423 22517 24409 24410 24765 24770 25630 25643 25648 25692 26126 26652 26653 26655 26662 26864 26993 27385 27623 29122 29124
LI (79):  62 63 64 73 79 81 83 97 98 99 106 115 116 117 11596 14830 14832 15448 15457 17155 17514 17517 17541 17579 18107 18111 18121 18154 18285 18287 18637 18645 19137 19139 19141 19152 19749 19816 19821 19844 19849 19853 20294 20296 20299 20302 20308 20310 20392 20394 20630 20634 20920 21066 21071 21131 21133 21552 21557 21650 22004 22009 22012 22013 22022 22206 23675 24766 24767 24769 25642 25647 26087 26124 26651 26657 26660 26863 27622
NODE_NUM = 198
FILE hyp_sub_151.aig

# Subcircuit 152
SUB_ID 152
LO (51):  11596 11632 11735 11737 11752 11809 12323 12346 12473 18485 18492 18494 19265 19684 20763 20812 20830 28326 28757 28784 29033 29090 29478 29479 29481 29772 30040 30195 30202 30317 30366 30859 31066 31209 31439 32273 32835 33870 34345 40358 40900 41064 41265 41296 41399 41408 41685 41712 41754 41824 42161
LI (81):  54 60 61 74 77 103 105 118 119 126 11736 11749 11750 11808 11853 12345 15809 17730 18054 18488 18489 19674 19677 19678 19682 20809 26863 27622 28265 28756 28758 28759 28769 28776 28782 29026 29029 29041 29050 29067 29086 29282 29286 29753 29762 29766 29770 30167 30170 30181 30184 30194 30197 30945 32268 32269 32271 32767 32794 32827 32833 39497 39881 40333 40336 40345 40354 40867 40869 40870 40872 40881 40889 40896 41255 41260 41264 41397 41398 41403 41406
NODE_NUM = 200
FILE hyp_sub_152.aig

# Subcircuit 153
SUB_ID 153
LO (68):  11750 11755 11758 11801 11808 11825 11828 11853 12331 12345 12424 12487 12836 13015 13208 13500 13506 13618 14135 14268 14784 14843 15358 15644 15646 15664 16276 16642 16836 19036 19186 19791 31502 31593 32261 32262 32456 32461 32683 33754 33795 33813 34053 34055 34848 35017 35295 37181 37952 37954 38357 38935 39650 39720 40512 40514 40543 40601 40605 40609 40613 40877 41316 41341 41574 42439 42894 42896
LI (73):  52 57 58 59 62 73 74 105 106 107 118 120 121 12118 12419 12421 13423 13503 13504 14263 14266 14267 14842 15332 15336 15337 15346 15354 15639 16129 19030 19033 30233 31141 31499 32451 32658 32660 32662 32671 32679 33745 33750 33769 33772 33794 34052 37422 38356 38865 38866 38869 38870 38874 38903 38931 39589 39591 39613 39622 39627 39631 39639 39643 39646 39692 39716 40496 40505 40542 40547 40594 41338
NODE_NUM = 200
FILE hyp_sub_153.aig

# Subcircuit 154
SUB_ID 154
LO (47):  11855 11864 11892 11900 11901 15828 16253 17444 17449 18036 35732 36449 36853 37347 37503 37521 38398 38574 38984 39163 39551 39622 39627 40072 40077 40096 40154 40212 40216 40225 40229 40267 40371 40479 40484 40488 41036 41047 41054 41314 41327 41615 41787 41791 41799 41806 45219
LI (72):  52 53 65 70 110 115 127 128 11545 15811 16620 17100 17443 17446 35012 36445 36447 36848 36851 37474 37483 37502 37961 38395 38396 38978 38979 38980 38982 39101 39106 39114 39119 39124 39142 39148 39152 39156 39161 39439 39496 39509 39510 39514 39518 39522 39526 39530 39547 39617 40043 40045 40052 40058 40061 40067 40076 40086 40091 40095 40264 40375 40384 40416 40477 41006 41015 41017 41030 41311 41612 41786
NODE_NUM = 200
FILE hyp_sub_154.aig

# Subcircuit 155
SUB_ID 155
LO (43):  12100 12105 12118 12122 12126 12863 12865 13427 13503 13794 24764 24791 25439 25466 25625 26034 26082 26091 26331 26395 26455 26814 27380 27634 28021 28039 29762 29766 43872 44142 44471 44829 44834 44847 45119 45146 45257 45277 45307 45318 45323 45330 45714
LI (68):  52 55 56 88 90 122 123 124 125 12648 12659 13421 13422 13425 24066 24718 24720 24723 24733 24763 25246 25459 25464 25602 25603 25613 25621 25766 26069 26070 26081 26306 26308 26330 27630 27631 28010 28015 28020 29761 43407 43696 43698 43701 43710 43718 43724 43746 43771 43860 43864 43870 44137 44453 44455 44461 44464 44470 44547 44577 44581 44598 44753 44758 44796 44800 44809 44814
NODE_NUM = 200
FILE hyp_sub_155.aig

# Subcircuit 156
SUB_ID 156
LO (69):  12128 12130 12131 15809 16294 20234 20243 20528 21019 21025 21096 21155 21157 21557 21865 32671 33194 33202 33203 33218 33431 33433 33434 33438 33441 33484 33538 34170 34337 34386 34387 34502 34891 35375 35579 35716 35950 35957 36416 38978 38979 39510 40043 40067 40345 40582 40661 40710 40779 41001 41254 41305 44725 44728 45216 45217 45358 45371 45928 45930 45935 46077 46707 58778 61851 62095 62392 68210 139470
LI (68):  2 3 51 52 53 64 65 103 125 126 127 19701 20227 20230 20515 20516 20518 20520 20526 20977 21014 21150 21152 31992 32009 32667 32669 33147 33149 33150 33153 33163 33193 33439 33531 33536 34161 34166 34328 34331 34381 34487 34498 34885 34889 35369 35371 35573 35575 35711 37959 39880 39895 39896 39898 39900 39904 39908 39929 40018 40024 40036 40042 40339 40343 40581 44336 45356
NODE_NUM = 200
FILE hyp_sub_156.aig

# Subcircuit 157
SUB_ID 157
LO (49):  12135 12138 12287 12290 13192 15512 17478 20977 20993 21431 21758 23897 24210 24429 24432 24507 24892 24952 24956 25590 26110 26119 26801 27659 28320 28891 29309 29810 29822 35027 35861 36198 36452 36699 36733 36878 37094 37210 40343 40881 41782 41795 42285 42515 42691 42705 42709 43322 43337
LI (74):  50 64 65 74 104 113 128 13191 14498 15511 20223 20976 20983 20989 21755 23703 23867 23882 23883 23886 23887 23891 23895 24184 24188 24198 24206 24882 24890 24951 26101 26102 26106 26107 26791 26799 28855 28869 28870 28873 28874 28882 28887 33973 35024 35025 35606 35828 35830 35831 35843 35853 35859 36067 36073 36101 36194 36451 40876 40878 41658 41662 41671 41676 41680 41685 41689 41775 41781 42268 42270 42278 42514 42688
NODE_NUM = 200
FILE hyp_sub_157.aig

# Subcircuit 158
SUB_ID 158
LO (58):  12306 12315 12335 12419 12421 12428 12874 12898 13454 14168 14880 15346 15510 15639 15739 16543 17434 17736 18480 18691 20294 20302 20610 20634 20728 21066 21179 21552 21767 21845 22410 23161 23318 24289 24826 24829 25751 26453 26460 27063 27078 28278 28575 29305 29343 30280 30286 30552 31306 31736 31741 31750 32223 32335 33559 34456 37646 45005
LI (81):  49 56 72 77 83 95 100 106 120 121 128 10048 12460 12868 12869 12870 12872 12897 14430 14874 14875 14876 15340 15344 15733 15736 15737 17731 17733 20278 20282 20283 20285 20293 20603 20605 20607 20633 20723 20724 20726 21173 21176 21177 21765 21844 22406 22407 22990 23316 24277 24287 24825 25740 25741 25742 25745 25749 26417 26425 26429 26449 27595 28273 28275 28552 28561 28566 28571 29336 29341 29495 30283 30284 30980 31294 31303 31733 31735 31738 33097
NODE_NUM = 199
FILE hyp_sub_158.aig

# Subcircuit 159
SUB_ID 159
LO (99):  12436 12443 12452 12453 12460 12470 12485 12489 12627 12632 12877 12880 13204 13493 13511 14234 14237 14663 14666 14832 15087 15088 15091 15303 15337 15384 15633 15776 15783 15838 15840 15903 16140 16356 16515 16518 17078 17211 17331 17884 17899 18607 18693 18866 18913 18998 19139 19141 19313 19372 19555 19577 20141 20154 20173 20857 21188 21365 21386 21485 22217 22612 22911 22992 23179 23225 23316 24071 24140 25222 25271 26083 26367 27642 28015 28322 29144 29500 30245 30461 30904 30922 30931 30932 31450 31475 31663 32063 32528 32720 33570 34458 34474 34968 35022 38985 41360 43411 43701
LI (80):  50 58 59 63 64 67 75 76 78 82 89 95 99 100 102 104 110 111 114 119 12879 13492 13841 14245 14521 14831 14847 15086 15294 15295 15298 15299 15300 15381 15839 16136 16137 16143 16296 16353 16514 17883 17911 18710 18868 19140 19146 19308 19367 19370 19573 19574 20131 20139 21123 21182 21185 21381 21383 21384 22204 23223 23224 26875 27636 27639 27640 29140 29141 29493 29497 29498 30887 30896 30901 30930 31655 31657 32062 32525
NODE_NUM = 199
FILE hyp_sub_159.aig

# Subcircuit 160
SUB_ID 160
LO (33):  12633 12635 12648 13914 14290 14299 14485 14781 26651 26660 27329 46132 46998 46999 47408 47409 47411 47445 47615 47620 47839 47843 47847 47856 47865 47869 48243 48276 48316 48409 48804 138534 138544
LI (59):  50 53 89 123 127 12632 13537 13909 13911 14275 14278 14279 14289 26636 26637 26640 26650 45359 46045 46074 46076 46077 46088 46094 46124 46130 46575 46577 46609 46616 46706 46722 46753 46761 46767 46783 46789 46896 46901 46908 46953 46967 46971 46976 46980 46984 46989 46995 47397 47399 47413 47420 47429 47433 47447 47488 47489 47608 47617
NODE_NUM = 196
FILE hyp_sub_160.aig

# Subcircuit 161
SUB_ID 161
LO (41):  12653 12659 12660 12679 12840 13901 14176 36502 36841 37961 37962 38395 42406 42942 43686 43691 43696 43870 43935 43939 44137 44284 44437 44453 44455 44461 44464 44868 44869 44871 44903 45139 45268 45272 45290 45294 45299 45327 68461 138486 139855
LI (66):  53 54 57 66 110 119 123 124 12671 12678 13572 14175 36840 37415 37959 42746 42763 42837 42893 42895 42896 42899 42908 42916 42922 42926 42933 42940 43499 43504 43509 43513 43517 43521 43530 43535 43547 43551 43572 43619 43662 43668 43673 43681 43685 43690 43695 44308 44313 44318 44320 44375 44378 44384 44395 44403 44407 44416 44420 44425 44429 44434 44443 44849 44854 44860
NODE_NUM = 199
FILE hyp_sub_161.aig

# Subcircuit 162
SUB_ID 162
LO (77):  12843 12851 12868 12870 12872 12892 12894 12897 13151 13152 13153 13249 13422 13425 13442 13562 13572 13874 14874 14875 14876 15340 15381 15788 16171 17169 17430 17446 18751 19432 20249 20529 22402 22837 22923 23239 23276 23423 23578 23636 23664 23687 24006 24072 24104 24322 24697 24825 24837 24908 24978 25657 26068 26218 27423 28665 29050 29524 29534 29568 29596 29790 29919 29924 30136 30288 30446 31174 31734 32375 32775 36439 36851 39935 43064 46055 46057
LI (72):  48 54 55 68 80 81 83 88 92 95 96 108 120 121 122 127 11898 13421 13423 13439 13440 14275 16169 17168 18171 18749 21640 22346 22397 22622 22833 22918 22921 23248 23251 23262 23272 23408 23421 23624 23633 23654 23662 23680 23684 23685 24071 24302 24307 24315 24907 27595 28280 28646 28648 28649 28661 29527 29531 29532 29545 29546 29548 29555 29565 29914 30287 30439 30444 35724 36850 43063
NODE_NUM = 200
FILE hyp_sub_162.aig

# Subcircuit 163
SUB_ID 163
LO (30):  12901 22938 23867 23895 24149 29136 30417 48821 48822 48967 48968 49564 49565 49567 49719 49741 49754 49920 49935 49971 49977 50076 50085 50089 50102 50107 50112 138573 138582 138592
LI (57):  48 49 127 128 17155 22926 22927 22930 22936 23864 29130 29133 29134 48271 48414 48450 48452 48465 48474 48482 48511 48517 48532 48538 48542 48548 48552 48557 48561 48794 48800 48804 48809 48813 48818 48960 48962 48974 49012 49016 49037 49043 49050 49150 49153 49157 49160 49171 49420 49430 49517 49522 49526 49530 49535 49547 49561
NODE_NUM = 200
FILE hyp_sub_163.aig

# Subcircuit 164
SUB_ID 164
LO (58):  12906 12970 12976 12979 12981 12984 13075 13156 13491 14062 15367 15725 15804 16097 16169 16296 16300 16618 17268 19321 19719 20102 20227 20750 20809 21088 21942 24188 24198 24890 27622 31980 32622 32624 32767 32833 33850 33863 37971 38401 42452 42908 43195 43306 43535 43909 43915 43929 43945 44267 44547 44904 45281 45721 46162 46176 46558 46564
LI (81):  50 61 69 70 78 97 106 107 113 115 126 12967 12969 13485 13488 13490 15793 15795 15797 15802 15811 16090 16091 16299 19032 19316 19317 19700 19702 19703 19705 19715 20101 20221 20224 20798 20807 24186 24192 24195 31498 31976 31977 31978 32621 32757 32762 32766 33845 41843 42429 42432 42441 42448 42902 42905 42906 43188 43191 43242 43282 43290 43295 43300 43304 43896 43905 43922 43927 43944 44475 44543 44891 44897 44903 45337 45339 45704 45708 45714 45719
NODE_NUM = 199
FILE hyp_sub_164.aig

# Subcircuit 165
SUB_ID 165
LO (82):  13175 13178 13181 13191 13221 13222 13236 13239 13252 13591 13601 13844 14050 14055 14562 15295 15737 15849 16265 16395 17071 17864 18111 19017 19602 19743 19833 19834 20088 20705 20734 20775 21222 21235 21237 21597 21774 21964 22174 22332 22390 22391 22794 24052 24062 24674 24882 25342 26371 26584 26619 26626 26627 26862 26871 26876 27307 27389 28177 28212 28215 32062 32612 32620 32629 32779 33586 33799 36463 36465 36622 36829 37179 37334 37423 37442 38039 38075 38616 40295 43368 44019
LI (88):  47 60 62 63 68 74 82 92 100 107 111 112 115 121 128 12677 12879 13172 13541 13588 13589 13843 14049 15294 16105 16393 18109 18874 19011 19013 19015 19058 19598 19736 19737 19741 19832 20254 20689 20690 20691 20694 20698 20704 20774 21215 21217 21219 21234 21397 21581 21584 21595 22169 22171 24039 24040 24042 24051 24666 24670 24673 24880 25339 26171 26369 26617 26618 26624 26849 26852 26861 26875 28211 32609 32611 32619 35625 36608 36615 36618 37178 37314 37317 37320 37332 38013 38035
NODE_NUM = 196
FILE hyp_sub_165.aig

# Subcircuit 166
SUB_ID 166
LO (36):  13421 13423 13428 13432 13538 13547 13909 13911 14265 14267 14278 14531 15107 46722 47488 47489 47608 48268 48269 48271 48414 48552 48800 48818 48960 48962 49430 49535 49547 49561 49739 49743 50115 50492 50496 138563
LI (63):  50 51 53 121 122 124 125 13504 13537 13538 13545 14263 14266 14275 14277 14526 14527 46048 46711 46714 46715 47451 47478 47483 47562 47583 47587 47595 47600 47606 47880 48030 48035 48040 48042 48224 48230 48234 48238 48243 48247 48251 48256 48260 48265 48276 48282 48285 48304 48316 48403 48409 48413 48828 48833 48925 48927 48950 49429 49569 49714 49719 49729
NODE_NUM = 198
FILE hyp_sub_166.aig

# Subcircuit 167
SUB_ID 167
LO (68):  13433 13438 13439 13440 13485 13492 13496 13504 13863 14277 14748 14831 15260 15736 16111 16293 19161 19700 19804 20282 20726 20807 21492 21688 21844 21901 22154 22464 22615 22691 22803 22866 22876 22890 23132 23654 23703 23829 23882 23891 24570 25195 25313 25848 25851 25922 26010 26030 26253 26257 32662 33098 33101 33379 33557 35023 35830 35831 36447 36451 36457 36861 37310 37516 38044 38092 43697 47220
LI (78):  49 51 56 72 73 74 77 96 99 101 103 119 123 126 14829 15340 16105 16108 16109 19159 19563 19694 19696 19710 19803 20721 20805 21682 21685 21843 21882 21883 21886 21888 21890 21895 21899 22043 22610 22680 22689 22758 22851 22854 22865 23320 23869 23872 23881 24527 24535 24563 24566 25094 25101 25108 25174 25176 25177 25187 25193 25306 25311 25841 25843 26027 33097 33099 33556 35829 36452 36455 36856 36859 37273 37282 37287 37306
NODE_NUM = 199
FILE hyp_sub_167.aig

# Subcircuit 168
SUB_ID 168
LO (45):  13537 13540 13541 13542 14889 15354 15448 15922 27475 27505 27929 27932 27956 29412 29540 29597 29992 30439 30444 30698 30804 30940 31626 31769 49037 50120 50122 50324 50474 50483 50499 50697 50706 50713 51031 51039 51048 51062 51064 51075 51084 51108 51209 68432 138611
LI (73):  46 49 87 124 127 14883 14884 14887 15348 15351 15352 25768 27423 27426 27435 27445 27474 27922 27925 28138 28140 29395 29399 29409 29536 29538 29983 29986 30225 30434 30688 30691 30697 30936 30938 48882 49026 49028 49029 49035 49749 49755 49758 49771 49825 49827 49916 49920 49926 49930 49963 49971 50096 50102 50107 50112 50115 50128 50135 50194 50203 50208 50288 50294 50308 50314 50319 50323 50363 50453 50455 50461 50472
NODE_NUM = 198
FILE hyp_sub_168.aig

# Subcircuit 169
SUB_ID 169
LO (45):  13545 13550 13554 13569 13897 15511 16108 17147 18076 18488 18537 18672 18975 19386 21152 35728 38989 45137 45704 45763 45885 45903 45953 45957 46045 46056 46074 46130 46214 46334 46388 46398 46407 46443 46545 46549 46581 46908 46967 46976 46984 47033 47370 47374 47387
LI (70):  49 55 56 69 105 118 119 125 15733 18053 18055 18057 18059 18065 18072 18487 18502 18533 44080 44956 45002 45006 45007 45015 45023 45051 45054 45060 45064 45129 45134 45346 45382 45435 45437 45438 45440 45449 45457 45463 45467 45471 45585 45590 45697 45702 45745 45750 45756 45867 45883 45893 45896 45902 46028 46036 46042 46054 46055 46060 46070 46193 46198 46204 46219 46311 46314 46324 46328 46332
NODE_NUM = 200
FILE hyp_sub_169.aig

# Subcircuit 170
SUB_ID 170
LO (40):  13581 13588 14539 15134 27369 27490 27781 27786 28030 28035 28110 28200 34114 34622 35200 35227 35518 35536 35662 35691 35929 36205 36301 36375 36411 36768 37062 37533 37868 37875 37879 38178 38179 38181 38647 38671 38840 50242 50244 50844
LI (68):  46 47 80 94 127 128 14533 14536 14537 27354 27356 27359 27367 27484 27485 27488 27776 28025 28105 33382 33384 34103 34107 34108 34112 34561 34563 34564 34566 34576 34585 34618 35501 35505 35514 35605 35606 35609 35610 35620 35655 35660 35670 35687 36332 36341 36346 36371 36708 36764 36917 36922 36928 37028 37041 37046 37051 37055 37058 37722 37853 37855 37861 38162 38164 38170 38175 50241
NODE_NUM = 199
FILE hyp_sub_170.aig

# Subcircuit 171
SUB_ID 171
LO (41):  13589 13613 13620 17075 20689 20698 21836 21949 22865 23864 32660 37853 37855 38413 38602 38621 38632 38757 38818 39119 39547 39577 39589 39639 40494 40520 40542 44543 45382 45467 45585 45697 45702 45883 46193 46198 46537 46540 46615 47021 47030
LI (68):  48 58 72 102 116 126 20673 20677 20680 20688 21820 21823 21833 22859 22862 37616 37644 37745 37747 37758 37767 37790 37793 37799 37803 37846 37852 38407 38410 38411 38683 38688 38716 38725 38730 38752 39534 39543 39558 39573 39586 40491 44017 44485 44487 44490 44498 44506 44512 44515 44521 44535 44541 45350 45373 45381 45477 45480 45522 45581 45594 45672 45689 45878 45879 46187 46189 46534
NODE_NUM = 200
FILE hyp_sub_171.aig

# Subcircuit 172
SUB_ID 172
LO (53):  13815 13841 13843 13845 13859 14509 15296 15298 17541 17567 18053 18134 19011 19563 19569 19694 20131 20323 20805 21002 21007 23804 24051 24566 24706 25168 25207 25994 26558 26568 30090 38474 39035 39103 39219 44753 45023 45346 45471 45522 45581 45590 45911 46124 46187 46189 46534 46541 46543 46885 46946 47017 47024
LI (77):  45 58 60 61 102 111 112 113 117 15297 16535 17159 17545 17546 17555 17563 19010 19015 19562 19566 20129 20318 20320 20803 21001 22858 22925 23791 23792 23802 24047 24049 25161 25165 25167 25943 25945 25958 25987 25992 29389 37118 38426 38429 38430 38441 38470 44024 44684 44715 44717 44720 44730 44738 44744 44751 45018 45020 45345 45451 45500 45518 45561 45570 45575 45579 46113 46115 46118 46122 46334 46376 46392 46398 46527 46537 46540
NODE_NUM = 197
FILE hyp_sub_172.aig

# Subcircuit 173
SUB_ID 173
LO (43):  13861 13876 13878 14289 14675 14925 27488 28855 29002 29020 29029 29280 29805 30197 30410 34563 35609 51056 51057 51059 51109 51114 51124 51148 51184 51193 51201 51205 51214 51232 51466 51475 51478 51484 51580 51606 51611 51615 51670 51685 51695 51702 138621
LI (69):  45 47 80 91 93 126 128 14282 14286 14287 28291 28831 28832 28843 28844 28845 28849 28853 28975 28981 29001 29274 29277 33382 35608 50507 50512 50514 50524 50527 50535 50563 50583 50666 50672 50685 50691 50697 50702 50706 50714 50730 50733 50736 50748 50754 50775 50781 50785 50790 50794 50928 51020 51026 51031 51039 51044 51048 51053 51092 51093 51099 51104 51108 51111 51123 51128 51135 51144
NODE_NUM = 200
FILE hyp_sub_173.aig

# Subcircuit 174
SUB_ID 174
LO (55):  13892 13895 13896 13902 13924 13928 13934 14246 14747 18604 18944 18947 19758 20296 20299 20680 21823 21882 21899 22269 22494 22655 22902 23152 23280 23421 23662 23802 24496 25232 32794 33089 33430 33460 34166 34272 34316 34629 34705 34753 35284 35324 41830 42008 42441 42585 42632 42635 42686 42695 43295 43350 43356 43359 43530
LI (80):  53 58 70 73 75 76 97 98 100 103 115 120 14245 14746 17899 18600 18601 18938 19757 20005 20676 20677 21501 21511 21637 21822 21869 21870 21881 22254 22257 22267 22482 22484 22487 22492 22897 22900 23420 23799 23800 32593 32768 32769 32770 32781 32790 33375 33376 33379 33388 33397 33429 34266 34269 34270 34304 34313 40868 41828 41829 41841 41849 41882 41911 42001 42006 42436 42437 42439 42550 42554 42558 42567 42571 42575 42584 42596 42625 42627
NODE_NUM = 196
FILE hyp_sub_174.aig

# Subcircuit 175
SUB_ID 175
LO (69):  14173 14177 14181 14195 14200 14854 15249 15436 16185 16299 16797 17089 17150 17904 18273 18320 18930 19157 19316 19317 19674 19682 19705 19803 20101 20820 20983 21886 21888 22038 22048 22290 22389 22416 23177 23195 23379 24206 24245 24857 31044 31497 31505 31721 31816 31972 32414 36850 37436 38219 38238 38870 39089 39439 39526 39816 39898 40042 40086 40091 40264 40375 41943 42001 42445 42447 42575 42592 46627
LI (86):  48 53 55 63 69 103 104 109 117 125 14848 14850 14852 15751 16134 16179 16180 16183 16250 17730 18267 18270 18271 18708 19029 19159 19315 19668 19670 19673 19802 20979 20982 21885 22028 22030 22037 22371 22377 22379 22380 22382 22386 22887 23376 23378 24203 24204 24242 29958 30295 30481 31010 31020 31024 31036 31042 31485 31486 31496 37430 37433 37434 38202 38211 38216 39070 39072 39081 39087 39388 39390 39392 39402 39410 39416 39438 40081 41362 41941 41947 41954 41962 41997 42444 42446
NODE_NUM = 198
FILE hyp_sub_175.aig

# Subcircuit 176
SUB_ID 176
LO (68):  14227 14245 14257 14261 14263 14266 14275 14830 16628 19741 20774 20979 21158 21159 21522 21869 22028 22257 22377 22386 22680 22789 23167 23708 24535 27110 33375 33973 33987 33997 35299 35329 35573 35575 35917 35919 36445 36514 36668 36708 36859 37434 37544 37554 37644 37665 37793 38211 38216 38302 38313 38403 38982 39514 39931 40018 40297 40594 40780 40833 40997 41269 41321 41542 41554 41561 41781 46715
LI (86):  49 51 52 66 70 71 75 96 101 102 106 120 122 14829 19597 19736 19739 20220 20604 21493 21495 21497 21501 21508 21518 22016 22373 22374 22679 23700 23702 23704 24533 32768 33974 33975 33977 33986 35023 35295 35296 35297 35542 35554 35572 35878 35880 35882 35883 35889 35916 36657 36660 36662 36699 36704 36857 37570 37627 37643 37647 37648 37652 37656 37663 38210 38985 39934 39935 39944 39954 39986 40014 40292 40293 40295 40588 40592 40667 40674 40700 40706 40710 40773 40779 40832
NODE_NUM = 200
FILE hyp_sub_176.aig

# Subcircuit 177
SUB_ID 177
LO (38):  14279 14282 14431 14442 14536 14883 49028 49420 49963 50096 50128 50194 50288 50294 50319 50323 50504 50505 50507 50512 50691 50702 50790 51020 51026 51044 51053 51237 51238 51240 51600 51618 51699 52088 52093 52364 138630 139812
LI (66):  46 48 124 125 14430 14441 14535 14882 48486 49188 49273 49291 49292 49293 49302 49306 49337 49365 49376 49390 49396 49400 49412 49418 49936 49944 49949 49953 49957 49961 49977 50077 50079 50085 50089 50094 50122 50127 50161 50190 50239 50245 50257 50284 50324 50475 50477 50483 50492 50496 50499 50511 50815 50820 50835 50989 50993 51012 51059 51221 51223 51232 51562 51581 51583 51598
NODE_NUM = 199
FILE hyp_sub_177.aig

# Subcircuit 178
SUB_ID 178
LO (29):  14286 14287 14884 51128 51562 52376 52377 52833 52834 53142 53143 53415 53416 53757 53758 54104 54105 54730 54731 55320 55321 138650 138659 138669 138678 138688 138697 138707 138716
LI (50):  45 46 47 125 126 127 50518 51124 51126 51492 51497 51534 51542 51547 51552 51556 51560 52004 52078 52082 52088 52093 52265 52269 52272 52332 52353 52359 52364 52368 52373 52826 52830 52916 52918 52928 53104 53106 53115 53139 53408 53410 53596 53734 53754 54097 54099 54720 54727 55319
NODE_NUM = 186
FILE hyp_sub_178.aig

# Subcircuit 179
SUB_ID 179
LO (43):  14418 14424 14427 14430 14848 14850 16178 16179 17517 21682 22862 46706 46896 47397 47399 47413 47429 47483 47562 47606 47877 47878 47880 47885 47988 48005 48016 48023 48029 48032 48039 48238 48256 48260 48265 48281 48413 48542 48557 48561 48809 48813 138554
LI (69):  47 54 55 68 103 116 117 123 14847 16105 21681 22861 46114 46625 46628 46629 46634 46642 46672 46702 46792 46802 46811 46833 46854 46862 46892 47031 47036 47122 47126 47155 47163 47169 47184 47190 47301 47305 47310 47314 47357 47363 47370 47374 47379 47383 47387 47392 47396 47411 47445 47559 47615 47620 47703 47707 47720 47803 47818 47835 47839 47843 47847 47852 47856 47860 47865 47869 47882
NODE_NUM = 199
FILE hyp_sub_179.aig

# Subcircuit 180
SUB_ID 180
LO (46):  14434 14436 14441 14498 15369 17155 17443 18270 20320 20596 20982 21217 40336 40872 42906 43435 43710 43992 44010 44188 44253 44263 44535 44800 44891 45594 45708 45756 47478 47803 48030 48247 48403 48446 48448 48566 48578 48695 48784 48828 48833 48950 48974 49029 49429 49521
LI (69):  47 48 53 61 62 102 108 109 123 124 16622 18269 19737 20981 21216 42902 43365 43368 43377 43384 43417 43422 43428 43433 43705 43707 43989 44230 44240 44243 44251 44525 44531 44875 44878 44884 44887 47453 47455 47457 47466 47474 47724 47727 47728 47737 47745 47776 47799 47885 47887 47892 47941 47961 47970 47975 47980 47988 48011 48016 48020 48023 48029 48322 48341 48348 48391 48401 48447
NODE_NUM = 196
FILE hyp_sub_180.aig

# Subcircuit 181
SUB_ID 181
LO (67):  14502 14503 14521 14526 14533 15785 15802 16132 17106 17179 17326 17492 17555 17664 17852 17861 17901 18072 18169 18571 18576 18600 18728 18736 20626 22484 24563 25094 25211 25227 25236 25379 25708 25717 25841 25945 26145 26449 26481 26791 27171 37432 37433 39938 39944 40773 40942 40951 41348 41398 41689 41721 41829 42558 46076 46113 46122 46711 46714 46798 46833 47184 48040 48230 49344 49447 50167
LI (85):  43 50 52 53 59 69 102 112 118 119 120 125 15793 15800 16126 16129 16620 16905 17100 17104 17176 17177 17546 17549 17550 17551 17553 17841 17851 18163 18165 18167 18566 18599 18735 18995 22483 24042 24191 24539 24544 24545 24550 24554 24559 25220 25223 25224 25696 25697 25699 25701 25702 25704 25705 26138 26144 26434 26438 26447 26788 36847 37904 39404 39891 39942 40733 40737 40746 40769 40941 40946 40949 42557 45216 46100 46101 46104 46112 46708 46819 46831 47178 47182 48039
NODE_NUM = 200
FILE hyp_sub_181.aig

# Subcircuit 182
SUB_ID 182
LO (56):  14535 14537 14552 14658 14667 14746 15394 16269 16968 17143 17426 17427 17895 20293 21014 23356 24277 24315 25161 25704 26088 26190 26788 26805 27594 27909 28020 29264 29270 29296 29723 30338 30528 31179 37627 37656 38118 38299 39070 39081 39087 39410 40477 40946 41062 41075 41245 41775 42278 42301 42471 43317 43718 44598 45159 45768
LI (80):  43 65 69 71 74 78 93 97 100 101 106 128 15393 15839 16268 16386 17142 20290 20291 22971 23333 23335 23336 23348 23354 25163 25626 26084 26087 26142 27576 27579 27580 27590 27895 27907 29219 29220 29223 29229 29263 30520 30523 36975 37599 37601 37604 37614 37622 38258 38262 38271 38295 39013 39069 39405 39406 40282 40430 40433 40455 40475 40942 40945 41059 41731 41734 41750 41759 41764 41771 42292 42295 43000 43713 43714 44591 44596 45146 45157
NODE_NUM = 200
FILE hyp_sub_182.aig

# Subcircuit 183
SUB_ID 183
LO (75):  14761 14763 14829 14842 14847 14852 14860 15465 15719 16624 17522 18126 18252 18861 18862 19065 19146 19152 19816 19821 19832 20247 20248 20721 20723 21725 21843 22752 22774 23102 23684 25153 25163 25165 25167 25836 25931 26724 26852 26861 27576 27762 27767 27922 28275 28756 28782 29026 29086 29527 29668 30002 30061 32587 33972 34979 35194 35292 35334 35522 35725 35867 36262 36847 36848 36908 36922 36928 37963 39404 42304 42436 43141 47735 49357
LI (82):  42 53 57 67 68 74 82 88 95 102 103 113 116 128 15462 15718 17196 18125 18251 18733 18860 18995 19059 19062 19149 19150 19582 19811 20722 21695 21698 21699 21711 21721 22765 22767 23683 24542 25135 25137 25139 25149 25824 25833 26587 26857 26858 27570 27573 27574 27757 28121 28725 28729 28739 28747 28755 29072 29076 29082 29662 29664 29665 29667 33548 33947 33949 33960 33968 34973 34974 34977 35289 35290 35724 36229 36235 36239 36258 36440 36919 42435
NODE_NUM = 199
FILE hyp_sub_183.aig

# Subcircuit 184
SUB_ID 184
LO (47):  14870 14882 14887 15351 15823 16000 18285 25697 25699 26144 26438 39891 39895 39904 40581 40588 40592 40667 40706 41069 41174 41357 42023 42024 42251 42486 42952 42989 43330 43472 52001 52002 52004 52272 52332 52373 52434 52443 52447 52821 52825 52933 53077 53090 53115 53262 139793
LI (71):  44 45 71 99 124 126 15350 15818 15820 25694 26141 26142 26437 38851 38912 39396 39887 39889 39890 40565 40568 40572 40576 40582 40587 40652 40661 40666 41167 41168 41349 41351 42018 42088 42228 42232 42238 42242 42246 42250 42984 51115 51625 51709 51770 51786 51876 51902 51905 51907 51908 51942 51950 51960 51967 51971 51974 51980 51984 51989 51993 51998 52312 52321 52322 52330 52407 52409 52414 52421 52432
NODE_NUM = 199
FILE hyp_sub_184.aig

# Subcircuit 185
SUB_ID 185
LO (79):  15022 15046 15086 15161 15163 15251 15253 15265 15281 15283 15288 15294 15297 15299 15300 15332 15856 16028 16191 16210 16250 16251 16532 16533 16623 16962 17573 18876 18877 19013 19562 19573 19574 20129 20283 21204 21595 22004 22157 22303 22918 22958 22965 23235 23847 24139 25903 30930 31595 32268 32580 33975 35289 39724 39887 40835 40838 41565 41828 41843 42238 42257 42260 42557 42764 42837 42926 43180 43407 43409 43422 43504 43517 43662 43695 44375 44443 45142 45261
LI (82):  51 54 56 57 58 60 68 76 92 99 101 109 111 112 114 115 117 9748 14558 15019 15021 15158 15160 15287 15839 15855 16249 16531 16622 18599 19561 19571 20128 20722 21199 21202 21594 21981 21984 21992 22000 22917 22959 22960 22963 23230 23233 31440 32579 34266 39497 39882 39885 39938 40803 40812 40817 40821 40834 41546 41554 41561 42254 42765 42773 42776 42784 42816 42836 43147 43150 43156 43164 43171 43176 43503 43638 43647 43648 44331 44371 45139
NODE_NUM = 200
FILE hyp_sub_185.aig

# Subcircuit 186
SUB_ID 186
LO (41):  15336 15344 15348 15812 15818 15820 16180 16245 16314 17545 47453 47727 48224 48599 48794 48925 48927 49012 49043 49050 49150 49153 49188 49340 49353 49363 49396 49400 49412 49418 49569 49714 49729 49926 49943 50094 50127 50135 50314 50475 50477
LI (69):  45 47 51 52 117 118 122 123 15350 15811 15819 16240 16241 16243 17544 46627 47724 47726 48072 48073 48077 48086 48094 48124 48144 48220 48567 48582 48598 48603 48607 48636 48665 48671 48675 48685 48689 48690 48695 48755 48759 48762 48778 48784 48788 48792 48872 48879 48905 48911 48915 48995 49003 49008 49113 49143 49145 49185 49339 49345 49352 49406 49410 49667 49670 49698 49708 50134 50474
NODE_NUM = 199
FILE hyp_sub_186.aig

# Subcircuit 187
SUB_ID 187
LO (45):  15350 15352 15359 15360 15362 15793 16090 16091 16243 16264 16432 16813 16830 16844 31577 31578 31583 33179 50928 50989 51492 51497 51556 51560 51709 51905 51907 51980 52126 52265 52269 52353 52462 52826 52830 52916 52918 52928 53139 53408 53410 53754 54097 54099 54727
LI (63):  42 44 46 85 123 125 127 15396 16074 16076 16089 16406 16410 16411 16421 16428 16832 16842 30225 31582 50897 50925 50927 50929 50933 50941 50950 50981 50987 51491 51494 51643 51647 51659 51664 51670 51675 51685 51689 51695 51699 51702 51708 51847 52095 52103 52257 52434 52437 52443 52810 52821 52825 52839 52909 52911 53272 53386 53388 53394 53403 54088 54090
NODE_NUM = 198
FILE hyp_sub_187.aig

# Subcircuit 188
SUB_ID 188
LO (35):  15365 15393 15396 15397 15780 16074 16421 16859 53104 53106 53596 53734 54088 54090 54377 54409 54414 54474 54482 54519 54698 54702 54709 54713 54718 54735 54740 55031 55048 55057 55063 55067 55096 55295 55299
LI (63):  41 43 126 127 15395 16073 16414 16418 16419 52933 52940 52978 52995 53033 53036 53038 53043 53051 53059 53065 53069 53073 53077 53103 53590 53592 53707 53715 53719 53727 53732 53771 53814 53821 53825 53828 53837 53843 53856 53860 53880 53969 53971 53978 53982 53990 54016 54025 54037 54074 54083 54087 54164 54227 54354 54356 54362 54366 54370 54382 54393 54404 54408
NODE_NUM = 198
FILE hyp_sub_188.aig

# Subcircuit 189
SUB_ID 189
LO (45):  15395 15506 15556 15560 15581 15718 15729 16076 26717 26849 27294 27408 27413 27417 27573 29968 30721 30765 30791 31375 31655 31657 32200 32229 33078 40867 41658 41676 41731 41734 42292 42295 42465 43771 44371 44796 44814 45157 45337 45339 46154 46204 46565 46567 46995
LI (72):  41 67 73 94 101 128 15503 15505 15553 15555 16075 25965 26668 26670 26672 26681 26687 26713 27403 27572 29941 29944 29945 29956 29964 30701 30702 30705 30712 30717 30782 30784 31343 31346 31350 31368 31373 32190 32198 40302 40839 40843 40845 40853 40863 41619 41633 41657 41719 41724 41728 42291 43089 43748 43749 43759 43767 44364 44369 44779 44787 44793 45307 45314 45318 45323 45327 45330 45336 46551 46558 46564
NODE_NUM = 200
FILE hyp_sub_189.aig

# Subcircuit 190
SUB_ID 190
LO (45):  15733 15746 15795 15797 18533 19049 19210 19454 19692 19811 19849 19853 23335 24302 24486 30980 31010 31042 31783 31894 31912 32694 35767 36657 36660 36704 43365 43707 44101 44956 45064 45129 45672 45745 45750 46219 46332 46609 46980 47122 47860 47937 48042 48136 52128
LI (70):  40 48 60 84 108 119 127 18167 18312 18522 18525 18531 19023 19024 19026 19036 19045 19203 19204 19689 19846 22973 24297 24298 24300 29465 30984 30985 30994 31003 31009 31877 31881 31890 35089 35743 35746 35756 35763 36651 42904 43706 44017 44020 44021 44030 44040 44071 44097 44908 44911 44955 45068 45089 45097 45102 45121 45664 45666 45736 46216 46597 46602 46608 47059 47062 47065 47076 47086 47118
NODE_NUM = 198
FILE hyp_sub_190.aig

# Subcircuit 191
SUB_ID 191
LO (40):  15800 15811 15819 16240 17177 18109 24972 25479 48073 49517 49530 49667 49698 49752 49930 50190 50331 50336 50362 50461 50666 50835 50897 50987 51144 51221 51223 51491 51494 51708 51770 51967 51971 51989 51993 52437 52810 53272 53394 53403
LI (67):  42 46 51 116 122 126 16239 24966 24969 24970 49342 49445 49468 49480 49483 49484 49488 49492 49498 49503 49511 49516 49613 49617 49626 49631 49660 49677 49694 50166 50168 50172 50178 50186 50637 50638 50642 50650 50658 50664 50828 50831 50847 50876 50896 51062 51085 51109 51114 51148 51171 51175 51184 51193 51201 51205 51209 51214 51218 51713 51720 51762 52447 52796 52799 52808 53269
NODE_NUM = 198
FILE hyp_sub_191.aig

# Subcircuit 192
SUB_ID 192
LO (56):  15839 15845 15853 15855 15905 16073 16621 21209 21211 21518 21881 22000 22041 22042 22254 22267 22294 22748 31440 32136 32269 32656 32757 32762 32941 32945 33745 33794 34043 39496 39522 39986 40330 40416 40430 40433 40812 40817 40832 40834 41030 41206 41264 49365 49916 49949 49953 50203 50208 50391 50421 50426 50672 51002 51104 55392
LI (75):  39 40 55 76 77 91 113 114 128 16620 21165 21208 21210 21511 21514 21515 21516 21875 21877 21879 21995 21998 22040 32018 32116 32118 32119 32122 32132 32639 32640 32652 32752 32940 33782 33791 39467 39482 39484 39487 39488 39493 39960 39961 39964 39969 39970 39973 39982 40303 40306 40316 40326 40410 40412 40424 40811 40825 40833 49189 49353 49355 49358 49363 49860 49874 49876 49879 49883 49912 49946 50202 50385 50387 50420
NODE_NUM = 196
FILE hyp_sub_192.aig

# Subcircuit 193
SUB_ID 193
LO (49):  16075 16081 16102 16916 16925 17357 20219 20676 21001 21084 28138 28167 28196 28552 28608 28873 29336 29354 33153 33581 33590 34028 34833 35181 35305 35402 35408 35424 35428 35990 38470 38903 39321 39323 39438 39744 39797 40045 40076 40219 40496 40528 40547 51329 51330 51462 52054 52064 52068
LI (76):  39 50 79 88 117 126 16414 16909 16911 16913 20196 20199 20207 20215 20675 26635 27421 28137 28144 28154 28162 28537 28539 28550 28581 28604 28872 32775 33567 33571 33580 34009 34010 34011 34013 34024 34813 34817 34827 34831 35172 35175 35179 35397 35423 37998 38457 38459 38464 38468 38893 38894 38897 38901 39206 39225 39238 39307 39311 39316 39320 39422 39427 39436 39764 39771 39776 39793 50909 51328 51334 51337 51361 51364 51455 51460
NODE_NUM = 199
FILE hyp_sub_193.aig

# Subcircuit 194
SUB_ID 194
LO (58):  16105 16109 16115 16129 16134 16136 16387 16428 16851 20267 20269 21071 22382 22859 25149 25740 25749 25943 26222 26327 26624 26976 27316 27334 27667 28370 31437 31977 32059 32364 32891 32936 33245 33885 34664 36856 37647 37747 38407 38410 38931 39402 39613 39631 39749 40455 40587 41015 41017 47779 47799 48191 48218 48452 48530 48759 48771 48879
LI (81):  47 48 50 61 71 95 97 104 116 118 120 16135 16183 16239 16386 16426 20263 20266 22858 25145 25146 25175 25657 25727 25739 26095 26215 26220 26619 26621 26622 26965 26968 26973 27304 27306 27307 27315 31433 31436 31976 31981 31990 31997 32028 32055 32356 32362 32913 32932 33878 33881 36447 37646 38409 38905 38907 38909 38919 38927 39396 39399 39400 39602 39607 39612 40443 40452 41010 47220 47784 47787 47795 48159 48162 48163 48168 48170 48174 48183 48186
NODE_NUM = 197
FILE hyp_sub_194.aig

# Subcircuit 195
SUB_ID 195
LO (72):  16135 16137 16143 16160 16172 16174 16183 16190 16249 17916 18284 18637 18714 18938 19015 19370 19583 19584 19585 21671 22858 22900 23348 23704 24039 24174 24242 24287 24718 24880 25030 25034 25474 25568 25574 25680 26136 26417 26429 26592 26617 26935 27288 27484 28264 28339 28493 29140 29141 29265 29266 30478 30486 31368 31484 31485 32190 33584 37430 39392 40289 40839 41215 41997 42432 42625 42627 42784 43827 44581 44714 47724
LI (84):  46 49 52 62 66 68 69 90 96 97 98 103 113 115 116 119 17908 17912 17913 17915 18280 18281 18710 18713 19067 19582 21365 21681 22378 22898 23343 23344 23703 24038 24169 24172 24283 24712 24715 24879 25013 25017 25026 25563 25669 25671 25673 25678 26130 26131 26134 26591 26610 26611 26614 27277 27280 27284 27483 28333 28336 28708 29139 30469 30471 30474 31023 31357 31365 38985 40283 40284 40287 41969 41970 41973 41983 41993 42622 43106 43804 43807 43816 43823
NODE_NUM = 199
FILE hyp_sub_195.aig

# Subcircuit 196
SUB_ID 196
LO (45):  16215 16221 16232 21645 22689 32581 32769 33518 34011 34778 34813 34831 35146 35175 36062 40565 40572 41255 41260 46311 46328 47036 47126 47169 47190 47301 47363 48011 48035 48234 48567 48792 50650 50941 51534 51552 51613 51774 51960 51974 51998 52077 52255 52359 52368
LI (71):  38 53 77 89 114 128 21637 21641 21642 21644 32768 33158 33494 33499 33507 33514 34010 34760 34765 34776 34810 35137 35144 40556 40558 40560 40562 41254 41362 46055 46223 46232 46240 46266 46294 46300 46304 46310 47033 47266 47285 47292 47296 47300 47992 48007 48032 48566 50176 50180 50648 50936 50937 50939 51249 51254 51272 51275 51309 51462 51466 51471 51475 51478 51484 51501 51513 51533 51600 51606 51611
NODE_NUM = 198
FILE hyp_sub_196.aig

# Subcircuit 197
SUB_ID 197
LO (67):  16239 16241 16268 16353 16386 16393 16406 16909 16956 17176 17340 17550 20289 20290 23683 24054 24089 25013 25563 28154 28190 28475 28604 28832 29316 29319 29632 29665 29909 29954 30579 30583 33947 33949 35013 35283 37616 37622 37758 38258 38411 38538 38725 38730 38851 38865 38874 38909 39058 39206 39307 39509 39518 39530 39771 39807 39940 40036 40061 40081 40568 41006 47457 47728 48080 51842 51908
LI (69):  43 45 46 54 72 73 75 92 93 94 113 121 122 16903 16907 17549 19695 23680 24083 24086 24087 25001 25011 27440 28147 28150 28151 28184 28186 28471 28595 28597 29313 29625 29628 29900 29907 30574 33097 33556 35012 35282 36987 36990 37600 37620 37752 37756 38248 38256 38484 38485 38489 38500 38531 38536 38720 38864 39047 39050 39284 39288 39301 39305 39503 39504 39506 40027 40032
NODE_NUM = 200
FILE hyp_sub_197.aig

# Subcircuit 198
SUB_ID 198
LO (44):  16410 52796 52799 53269 53386 53388 53707 53715 53719 53732 53771 53825 54037 54083 54087 54382 54404 54408 55319 68404 68406 68408 68410 68412 68414 68416 68418 68420 68425 68427 68429 68431 68436 68438 68440 68442 68444 68446 68448 68449 138604 138643 138729 138738
LI (89):  43 44 122 123 46999 47408 47409 47877 47878 48268 48269 48821 48822 48967 48968 49564 49565 49746 49747 50120 50504 50505 51056 51057 51237 51238 51623 52001 52002 52173 52376 52377 52660 52672 52712 52734 52735 52737 52742 52751 52780 52786 52793 52833 52834 53142 53143 53163 53171 53176 53204 53235 53241 53243 53258 53262 53267 53345 53352 53376 53381 53415 53416 53690 53695 53701 53705 53714 53757 53758 53764 53767 54104 54105 54379 54730 54731 55049 55051 55057 55309 55311 55320 55321 55325 55376 68400 68423 68432
NODE_NUM = 200
FILE hyp_sub_198.aig

# Subcircuit 199
SUB_ID 199
LO (33):  16411 16414 16832 17186 17563 17671 18089 53978 54227 54362 54720 55049 55051 55293 55304 55308 55325 55334 55339 55341 55352 55356 55360 55363 55369 55627 55637 55641 55646 55659 55747 55861 55961
LI (61):  40 42 124 125 16831 16910 17182 17557 17560 17561 54165 54166 54175 54181 54186 54192 54209 54226 54377 54409 54414 54492 54497 54499 54508 54509 54526 54629 54657 54665 54675 54684 54688 54694 54698 54702 54709 54713 54718 54738 54743 54749 54752 54758 54767 54771 55038 55044 55048 55068 55081 55088 55092 55096 55103 55161 55167 55256 55258 55267 55282
NODE_NUM = 200
FILE hyp_sub_199.aig

# Subcircuit 200
SUB_ID 200
LO (25):  16418 16911 54665 55256 55978 55979 56291 56544 56545 56893 57363 57364 57547 57548 57840 57841 68389 68394 138754 138764 138774 138783 138793 138803 138813
LI (41):  40 41 125 126 16910 53928 54660 55172 55181 55187 55252 55674 55680 55741 55747 55855 55861 55865 55955 55961 55964 55970 55973 56126 56253 56255 56266 56270 56274 56277 56283 56527 56534 56766 56868 56874 57356 57358 57537 57544 57839
NODE_NUM = 168
FILE hyp_sub_200.aig

# Subcircuit 201
SUB_ID 201
LO (47):  16419 16426 16436 19022 19023 19024 19736 21396 21679 22282 22735 25187 25808 38013 38459 38610 38796 38814 39427 39573 40491 44490 47745 48358 52660 53033 53065 53267 53381 53590 53592 53690 53705 53767 53814 53990 54074 54164 54366 54370 54492 54694 54738 54743 54767 54771 55044
LI (71):  39 46 47 60 106 119 120 127 15783 18271 18523 20602 21392 21394 24730 25182 25183 37992 37993 37997 37998 38009 38458 38462 38777 38787 38793 39425 39563 39571 47740 47742 52452 52500 52532 52552 52553 52554 52557 52562 52592 52598 52604 52652 52658 52980 52983 52991 53001 53032 53422 53431 53450 53511 53517 53522 53574 53585 53589 53687 53790 53810 54045 54053 54055 54063 54072 54161 54489 54735 54740
NODE_NUM = 200
FILE hyp_sub_201.aig

# Subcircuit 202
SUB_ID 202
LO (63):  16439 16442 16531 16535 16620 16622 16630 16838 18599 18601 18733 19059 19062 19703 21249 21508 21616 21981 21984 21995 22704 22765 22767 23333 23436 23869 25174 26848 27821 28799 28821 41282 42435 43063 44084 44085 46222 46802 47266 47296 47587 47737 47818 47835 47992 48086 48322 48401 48447 48450 48511 48517 48689 48872 48911 49016 49143 49145 49390 49445 49708 50134 50165
LI (77):  43 49 53 55 56 58 108 110 111 112 117 124 19058 19060 21243 21245 21501 21505 21506 21983 21994 22757 22759 22762 22917 23332 23868 26827 26828 26832 26833 26844 27796 27806 27815 44083 46106 46118 46800 47060 47199 47200 47202 47211 47240 47250 47255 47265 47468 47470 47732 47735 47812 47816 47824 47831 48081 48082 48084 48319 48433 48441 48446 48448 48500 48501 48504 48505 48509 48855 48864 48869 49140 49383 49384 49437 49443
NODE_NUM = 196
FILE hyp_sub_202.aig

# Subcircuit 203
SUB_ID 203
LO (58):  16637 16831 16842 16903 16905 16907 16910 17182 17557 17560 17851 18167 18312 18318 18566 18710 18921 19571 20615 22897 24192 49484 49825 49827 50178 50363 50453 50455 50472 50775 50925 51012 51085 51099 51111 51218 51460 51547 51598 51675 51689 51984 52557 52979 52980 53032 53600 53681 53683 53810 53837 54157 54192 54323 54393 54881 55068 55092
LI (70):  39 41 44 45 52 114 120 121 123 124 125 17181 17846 17847 18315 18316 22896 24191 49357 49796 49800 49801 49812 49820 50173 50174 50176 50332 50341 50345 50348 50354 50358 50362 50391 50412 50421 50426 50448 50765 50773 50906 50908 50910 50921 51001 51002 51008 51064 51071 51075 51084 52553 52555 53013 53014 53017 53030 53602 53604 53612 53620 53647 53674 53680 53797 53806 54387 54391 55067
NODE_NUM = 200
FILE hyp_sub_203.aig

# Subcircuit 204
SUB_ID 204
LO (26):  16913 16934 16936 17203 37192 38035 38295 38683 38787 38793 39047 56766 57356 57358 57537 57544 57821 57828 57832 57837 58117 58147 58149 58404 58409 58413
LI (54):  37 38 83 127 128 17201 36806 37007 37187 38015 38018 38019 38027 38033 38285 38288 38291 38781 56338 56569 56632 56659 56661 56667 56675 56682 56688 56751 56756 56764 57099 57137 57141 57150 57244 57250 57309 57311 57316 57322 57338 57342 57346 57351 57355 57528 57535 57559 57632 57717 57719 57735 57740 57806
NODE_NUM = 191
FILE hyp_sub_204.aig

# Subcircuit 205
SUB_ID 205
LO (76):  16952 16953 16971 17094 17095 17096 17100 17104 17110 17142 17144 17159 17168 17428 17872 18744 19354 19739 20657 20658 20661 21165 21166 22166 23702 23737 24195 24533 24723 24969 25283 25286 25711 25909 26637 26844 26898 26954 27009 27630 27746 27815 28211 28708 28831 28975 28981 29538 29548 29640 29900 32281 32599 32839 33689 35608 37950 37979 38396 38607 38804 39396 40283 41440 41969 42152 42228 42242 42377 42458 42746 42933 42940 42984 43668 43690
LI (82):  46 51 52 67 69 70 73 74 79 85 90 91 94 95 97 111 113 118 12632 16217 17093 20235 20326 20659 23700 24159 24193 24634 24966 25897 25899 25901 25903 25907 26620 26839 26840 26891 26892 26894 26895 26947 26952 28177 28968 28969 28971 29464 29639 31446 31448 32279 32593 32595 32597 37903 37905 37906 37917 37949 40282 41364 41366 41368 41378 41408 41436 41968 42157 42168 42173 42177 42217 42223 42227 42360 42368 42373 42729 42731 42739 42742
NODE_NUM = 199
FILE hyp_sub_205.aig

# Subcircuit 206
SUB_ID 206
LO (53):  17170 17181 17194 17201 18259 19196 19665 20688 21279 21470 21474 21628 21633 21820 30938 33193 33547 33855 33859 34328 34331 34742 35137 35655 35763 36067 36371 36764 36987 37028 37483 37560 37670 37803 37846 37852 38567 41882 42554 42596 43442 52553 52554 54332 54354 54356 54657 54778 54782 54810 55014 55181 56396
LI (81):  36 40 45 76 88 119 123 128 18258 18506 19184 19191 20201 20683 20686 21268 21269 21272 21273 21277 21467 21623 32586 33169 33172 33181 33189 33540 33543 33544 33854 34321 34326 34583 34734 34735 35056 35637 35639 35644 35653 35759 35761 35881 36360 36363 36368 36742 36750 36758 36762 36933 36986 36991 36992 37002 37012 37018 37024 37823 37842 41854 41858 41868 41878 42587 42592 52124 53890 54315 54324 54330 54336 54345 54351 54646 54648 54649 54651 54655 54775
NODE_NUM = 199
FILE hyp_sub_206.aig

# Subcircuit 207
SUB_ID 207
LO (51):  17212 17435 17438 17458 17912 17913 21384 21641 22378 22379 23378 25741 27354 28105 28457 28479 28522 28707 28716 28755 29067 30167 30170 31191 41947 42836 43363 44318 44320 44403 46628 46629 47118 47892 48144 48582 49171 52257 52500 52592 52598 52734 52902 52908 53096 53176 53238 53352 53358 53447 53517
LI (79):  38 48 49 63 101 114 115 126 17911 21149 21640 21994 22988 23375 23376 24966 27135 27137 27342 27346 27352 28080 28092 28093 28094 28099 28693 28697 28698 28706 29061 29065 30066 30072 30166 41365 41943 41945 42828 42833 43343 43350 43356 43359 44317 46627 47106 47107 47111 47112 47116 48136 48141 48569 48578 51329 52158 52162 52163 52171 52180 52186 52250 52255 52460 52479 52499 52580 52581 52583 52586 52590 52724 52725 52726 52728 52732 52893 52898
NODE_NUM = 198
FILE hyp_sub_207.aig

# Subcircuit 208
SUB_ID 208
LO (52):  17460 17471 17483 17514 17731 18322 26179 26358 26827 26965 26968 27263 27315 27806 28162 28513 29201 30122 30223 30426 30887 30978 31609 34576 35072 35687 36285 36332 36426 37024 38009 38354 38484 38752 38869 39284 39305 39503 39543 40027 40200 40202 41059 48072 48665 48713 48769 49077 49157 49382 50597 50860
LI (84):  35 56 57 62 101 104 107 128 17730 25760 26172 26177 26192 26333 26334 26336 26345 26354 26819 26823 26825 26959 26963 27570 27803 28158 28159 28161 28856 29182 29184 29197 29436 30100 30103 30111 30118 30870 30874 30885 34569 34573 34574 34578 35053 35054 35060 35068 35675 35684 36321 36324 36327 38002 38006 38007 38476 38480 38483 38745 38750 38868 39246 39248 39259 39283 39497 39500 39501 40181 40191 40197 47625 47689 48053 48058 48068 48645 48647 48648 48650 48661 48703 48711
NODE_NUM = 200
FILE hyp_sub_208.aig

# Subcircuit 209
SUB_ID 209
LO (51):  17526 17544 17546 17549 18160 18165 18735 19149 19332 20024 20113 20114 20207 20498 20683 20779 20976 21127 21992 22203 53890 53969 54489 54497 54499 54508 54509 54646 54655 54918 54919 55038 55252 55282 55370 55374 55515 55530 55623 55632 55654 55668 55889 55925 55955 55964 55970 56527 56534 57346 57355
LI (78):  37 42 44 46 117 119 120 126 19026 19148 19183 19329 19330 20000 20001 20002 20012 20020 20108 20202 20203 20205 20682 21269 21683 21990 53887 53889 53899 53908 53939 53965 54247 54483 54487 54496 54503 54631 54633 54635 54645 54787 54858 54908 54917 54923 54932 54938 54959 55018 55024 55027 55031 55036 55196 55198 55199 55201 55210 55214 55217 55248 55334 55345 55352 55356 55360 55363 55369 55930 55933 55939 55944 55948 55953 56428 56431 56523
NODE_NUM = 199
FILE hyp_sub_209.aig

# Subcircuit 210
SUB_ID 210
LO (37):  17551 17553 17561 17846 18055 18065 18522 18531 19026 19423 53982 54923 55671 55672 55674 55930 55933 55944 55948 55973 56126 56270 56274 56283 56428 56431 56523 56868 56874 57099 57342 57351 57528 57535 58135 58139 138745
LI (62):  38 41 42 121 122 125 17845 18054 18064 18507 18508 18511 18521 53981 54632 54895 54919 54922 55380 55387 55390 55391 55392 55401 55414 55419 55443 55449 55453 55532 55617 55623 55627 55648 55654 55659 55663 55668 55870 55879 55884 55914 55929 56003 56095 56108 56121 56125 56302 56303 56316 56427 56505 56511 56516 56852 56853 56866 57094 57395 57524 58132
NODE_NUM = 200
FILE hyp_sub_210.aig

# Subcircuit 211
SUB_ID 211
LO (68):  17579 17730 17733 17744 17841 17845 18315 19333 21205 21998 22758 22759 22762 24027 24035 24297 24660 25011 25182 25365 25408 26057 26354 27304 27306 28094 28706 29082 30945 30946 34103 34112 35351 36299 36497 36506 36992 37273 37415 37416 37895 38827 38864 39617 43112 43748 44005 44040 44684 45002 45051 45060 45345 45425 45435 45463 45477 45558 45893 45902 46036 46385 47468 47474 47970 47975 48081 53602
LI (80):  40 44 55 65 78 83 98 106 107 118 121 18314 20602 21997 22760 22971 24015 24016 24026 24390 24648 24650 24653 24658 25353 25363 26348 26351 27303 27432 28701 28704 30944 34089 34090 34093 34102 35344 35349 35745 36488 36496 36842 37262 37271 37885 37890 37931 38858 38860 42304 43087 43107 43109 44034 44036 44039 44088 44620 44624 44628 44659 44680 44958 44961 44993 45001 45042 45045 45049 45407 45423 45424 45429 45432 46637 47471 47472 47969 48080
NODE_NUM = 200
FILE hyp_sub_211.aig

# Subcircuit 212
SUB_ID 212
LO (60):  17847 17857 17875 17876 17883 17908 17911 18172 21381 22169 22833 24782 25137 26182 26184 26341 26342 27300 27421 29470 30701 30705 31350 31576 31603 32342 33224 33294 33298 34024 35172 35179 36493 38907 40306 41911 42360 42550 42571 42688 43089 43096 43147 43242 43304 43433 43449 43494 43509 43513 43521 43547 43704 43878 43922 44039 44230 44251 44751 47742
LI (76):  40 48 59 68 70 71 75 87 91 92 94 103 113 122 9748 18171 24075 25136 26181 26339 30699 30704 31547 31555 31558 31559 31571 32307 32317 32338 33291 33542 34022 35167 40305 41373 41899 41903 41904 41905 41909 42302 42309 42312 42313 42314 42323 42329 42356 42519 42531 42549 42585 42632 42635 42676 42680 42686 43088 43090 43094 43126 43135 43143 43216 43220 43229 43506 43545 44034 44038 44193 44198 44207 44229 47061
NODE_NUM = 198
FILE hyp_sub_212.aig

# Subcircuit 213
SUB_ID 213
LO (34):  18054 18057 18059 19346 20108 39283 39716 40052 40148 40270 40896 41157 41813 58132 58421 58422 58424 58427 58434 58581 58802 58807 58824 58841 58850 58855 58867 58870 58874 58883 58894 58899 58903 139735
LI (62):  34 37 81 124 127 18258 19341 19343 39265 39267 39269 39271 39279 39705 39708 39712 40130 40131 40134 40144 41144 41155 57173 57848 57874 57879 57881 57882 57888 57917 57925 57930 58022 58028 58032 58036 58119 58125 58130 58144 58147 58152 58165 58218 58220 58286 58291 58299 58303 58311 58320 58325 58329 58334 58377 58387 58391 58394 58404 58409 58413 58433
NODE_NUM = 195
FILE hyp_sub_213.aig

# Subcircuit 214
SUB_ID 214
LO (48):  18064 18107 18114 18121 18521 18645 19045 19341 19439 19879 24040 24733 25353 28693 28697 29182 29449 29565 30013 30100 30103 30574 30798 30874 31009 31303 53604 54649 54932 55414 55419 57244 57632 57806 57879 57881 57888 58152 58165 58299 58303 58311 58387 58391 58839 59159 59165 59482
LI (76):  35 37 38 46 100 124 125 126 17199 18118 18119 18514 18516 18519 19010 19039 19042 19340 22483 22896 23883 24392 24728 24731 28695 29181 29430 29432 29434 29437 29443 29447 29559 29560 29561 29562 30003 30006 30102 30872 54926 54929 54930 55409 56896 57157 57160 57170 57180 57186 57187 57191 57199 57208 57240 57567 57589 57593 57602 57624 57630 57751 57754 57780 57792 57796 57876 57880 58149 58154 58584 58676 58825 58827 58833 58837
NODE_NUM = 199
FILE hyp_sub_214.aig

# Subcircuit 215
SUB_ID 215
LO (29):  18118 18119 18516 57880 57882 58022 58433 58584 58837 58911 58912 59173 59175 59419 59426 59456 59460 59463 59469 59472 59478 59487 59491 59496 59754 59763 68371 138841 138851
LI (51):  34 35 36 126 127 128 57941 57969 57970 57971 57980 57989 57996 58015 58020 58271 58427 58434 58438 58470 58502 58504 58519 58551 58575 58581 58861 58867 58870 58875 58879 58883 58894 58899 58903 58908 59018 59036 59081 59083 59094 59103 59109 59112 59125 59129 59150 59159 59165 59416 59425
NODE_NUM = 192
FILE hyp_sub_215.aig

# Subcircuit 216
SUB_ID 216
LO (66):  18125 18163 18171 18173 18175 18240 18241 18243 18250 18253 18258 18387 18447 18749 18753 18840 18844 19137 19880 21142 22371 22606 23214 23585 24191 27570 27572 29956 30782 30784 32028 32591 32766 32913 33189 33429 33514 33531 33536 33845 34321 34561 34684 34686 34776 34789 35125 35554 35670 36814 37463 37842 38583 38745 38750 40287 41993 42646 42649 43749 44107 44648 46622 47051 47693 56604
LI (84):  33 42 66 67 68 73 74 87 89 93 95 118 125 17832 17989 18209 18211 18213 18217 18223 18226 18232 18237 18247 18249 18748 18752 19131 19134 19136 21697 21704 22347 22358 22367 23200 23212 29950 29951 29954 30781 32008 32010 32013 32024 32584 32588 32589 32820 32905 32911 33183 33187 33403 33404 33408 33416 33425 33510 33530 34535 34537 34539 34548 34557 34675 34679 34683 34775 35552 36794 36795 36799 36810 37835 37840 38736 38737 38744 41985 41989 41992 42639 42642
NODE_NUM = 200
FILE hyp_sub_216.aig

# Subcircuit 217
SUB_ID 217
LO (60):  18262 18271 18280 18281 19039 19597 19598 20318 21497 22482 22492 22898 23343 23408 24193 24653 26215 26220 26973 29184 29559 30969 31856 31877 33011 33012 33373 38457 38468 39142 40032 41849 42429 42828 48648 49874 49883 50229 50420 52728 53345 53511 53612 53821 53828 53856 53899 54045 54072 54161 54209 54324 54351 54503 54749 54787 54930 55027 55036 58504
LI (77):  33 36 47 51 61 100 110 114 125 128 19038 19060 20317 22474 22476 22479 23342 23868 24651 26214 26215 26218 26970 28695 30960 30961 30962 30967 31862 31875 32997 33001 33008 38443 38447 38448 38456 39132 39140 41358 41844 41846 42428 49312 49861 49873 50228 52568 52581 53299 53304 53306 53315 53323 53332 53336 53343 53454 53461 53465 53466 53477 53507 53607 53610 53853 53894 53895 53897 54042 54127 54148 54157 54197 54206 54323 54784
NODE_NUM = 200
FILE hyp_sub_217.aig

# Subcircuit 218
SUB_ID 218
LO (47):  18287 18309 18314 18316 18507 20675 21133 21822 32055 32652 32867 32940 33530 33639 33645 40282 43714 44071 44911 44955 45689 45736 46216 53889 55914 56302 56303 56505 57094 57309 57322 57524 57839 58130 58144 68382 68384 68386 68388 68391 68393 68400 138749 138757 138825 139762 172479
LI (79):  38 39 45 69 92 116 122 123 18506 21132 32002 32044 32046 32048 32053 32650 32860 32865 33632 33644 44059 44061 44062 44065 44069 44919 44931 44935 44951 45677 45687 53600 55189 55671 55672 55894 55899 55901 55902 55908 55912 55978 55979 56291 56301 56464 56469 56475 56481 56489 56494 56499 56544 56545 56893 57058 57060 57078 57083 57304 57363 57364 57515 57547 57548 57821 57828 57832 57837 57840 57841 58135 58139 68379 68389 68394 138744 138745 138754
NODE_NUM = 199
FILE hyp_sub_218.aig

# Subcircuit 219
SUB_ID 219
LO (56):  18415 18419 18487 18489 18506 18508 18511 19112 19159 19183 19184 19191 20308 24650 25135 25764 25958 26177 26192 26319 26333 26334 26963 28137 28581 28595 28597 31003 31828 35639 35853 36368 36646 37663 50936 50937 51455 51720 51876 52078 52082 52250 52409 52421 52452 52606 52658 52672 52676 52793 52808 52839 52876 52898 53258 57157
LI (83):  36 37 53 54 106 107 122 123 124 11853 18403 18405 18408 18414 19188 19189 22990 24642 25128 25131 25133 25759 25760 25762 25957 26172 26175 26176 26332 28111 28114 28116 28125 28133 28588 28591 29232 31000 31002 31825 35638 35642 35845 35849 35852 36366 36630 36633 36643 50646 51396 51400 51401 51412 51420 51451 51802 51804 51806 51808 51812 51840 51872 52008 52013 52033 52042 52044 52054 52064 52068 52073 52077 52203 52204 52207 52208 52211 52217 52246 52449 52662 52670
NODE_NUM = 197
FILE hyp_sub_219.aig

# Subcircuit 220
SUB_ID 220
LO (22):  18514 18519 59018 59771 59772 59998 59999 60240 60490 60491 60493 60727 60729 60735 60742 61118 61122 68362 138871 138881 138890 138900
LI (45):  33 34 125 127 58512 58933 58959 58967 58969 58971 58980 59010 59016 59502 59513 59516 59538 59554 59563 59567 59748 59754 59759 59763 59768 59839 59845 59848 59957 59963 59969 59977 59981 59986 59990 60004 60080 60087 60217 60228 60337 60457 60463 60472 60724
NODE_NUM = 190
FILE hyp_sub_220.aig

# Subcircuit 221
SUB_ID 221
LO (52):  18523 18525 18609 18699 18713 19286 21704 21711 22358 22757 22956 23200 23354 26668 27148 27150 28093 28247 28250 30648 30649 30972 31102 31105 31260 31431 31615 47065 47740 50876 51501 51664 57199 57717 57719 57780 58119 58286 58291 58394 58676 58833 58861 58908 59129 59150 59759 68377 68379 138836 139729 176402
LI (79):  32 40 41 59 101 119 120 128 18712 19285 19757 21703 21707 21709 21714 22352 22356 22887 22950 22954 26142 27136 27137 27140 27147 28241 29192 30587 30602 30607 30608 30609 30612 30640 30643 31101 31258 31428 47064 47739 50857 50858 50861 50872 57124 57194 57196 57657 57658 57660 57671 57680 57710 57716 57771 57774 58042 58071 58096 58100 58108 58112 58117 58249 58282 58421 58422 58424 58586 58662 58665 58842 58844 58850 58855 59144 59146 68375 138831
NODE_NUM = 200
FILE hyp_sub_221.aig

# Subcircuit 222
SUB_ID 222
LO (62):  18708 18712 18716 18720 18742 19004 19006 24038 24545 24879 25133 25957 30147 30640 30712 30985 31244 31249 31373 37178 37315 37317 37320 37790 38688 38716 39223 39225 39399 39571 39729 39874 44021 44717 45019 45215 45239 45455 45664 45666 45916 45921 45927 46118 46310 46392 46527 46783 47031 47225 47383 47617 47852 48020 48251 50731 51349 51846 52231 57575 60871 63427
LI (67):  2 44 45 46 59 61 71 89 99 101 115 116 119 19003 24042 25128 25131 25954 29243 30141 30144 30629 30631 30633 30638 31239 36180 37777 37786 38691 38692 38702 38706 38714 38905 39220 39221 43803 45168 45170 45171 45173 45184 45214 45598 45601 45602 45611 45620 45652 45657 45663 46385 46388 46408 46413 46417 46437 46443 46523 46770 46779 47003 47017 47021 47024 47030
NODE_NUM = 198
FILE hyp_sub_222.aig

# Subcircuit 223
SUB_ID 223
LO (67):  18748 18860 18870 18874 18878 18995 19003 19010 19302 19723 20260 21051 21170 23799 23800 23881 24527 24670 24673 25145 25146 25669 25678 26181 26425 27107 27426 27445 27796 27907 28236 28791 39390 39934 40292 40293 40889 41365 41366 41368 41662 41970 42309 42904 42905 42916 43282 43300 43647 43648 43864 48486 48500 48509 49026 49035 49113 49302 49771 49796 49936 49961 50241 50385 50387 50511 50535
LI (80):  45 47 48 49 61 65 67 92 95 98 100 101 109 112 113 18868 19133 19722 20254 20257 20258 23798 23877 23879 24202 24632 24671 25144 25658 25660 25668 26422 27083 27086 27096 27103 27421 27425 27438 27441 27442 28225 28233 38399 39931 39933 40291 40884 40886 41367 42302 42306 42308 42428 42911 42913 43245 43248 43260 43281 43642 48485 48487 48491 48499 49023 49073 49077 49086 49109 49301 49339 49760 49767 49773 49776 49785 49792 49935 50382
NODE_NUM = 193
FILE hyp_sub_223.aig

# Subcircuit 224
SUB_ID 224
LO (45):  19029 19030 19032 19033 19038 19042 19702 19983 20704 26351 26832 27609 27618 27895 28133 28588 28769 29015 53908 54315 54483 54487 54629 54684 54688 54784 54959 55081 55161 55167 55187 55345 55387 55449 55617 55648 55855 55865 55953 56125 56253 56255 56266 56277 59577
LI (70):  31 33 50 51 108 109 126 128 18876 19701 19977 19978 19979 19981 26349 26830 27601 27603 27605 28129 28132 28157 28763 28767 53886 53901 53903 53904 54243 54245 54248 54253 54280 54282 54311 54419 54434 54456 54476 54482 54532 54534 54544 54552 54579 54606 54628 54778 54782 54944 54957 55073 55079 55112 55120 55140 55157 55339 55341 55384 55608 55613 55632 55637 55641 55646 55837 55844 55848 56250
NODE_NUM = 199
FILE hyp_sub_224.aig

# Subcircuit 225
SUB_ID 225
LO (64):  19058 19060 19067 19131 19140 19148 19150 20012 20541 20603 21493 21495 21765 22474 22679 23191 28121 28125 28140 28144 28462 29263 29362 29624 29785 30219 30343 31100 31109 31733 31875 32104 32586 32588 34618 35572 35660 36431 40291 43087 43088 43090 43094 44097 44198 44515 44720 45097 45102 45429 46437 46770 50906 51328 51337 51533 51762 51802 51812 52095 52308 52310 52449 52604
LI (87):  41 43 48 63 66 69 89 92 96 110 111 116 118 20006 20007 20010 20602 21492 21494 21764 22466 22469 22471 26894 28119 28120 28123 28143 28763 29233 29235 29239 29250 29259 29356 29358 29609 29621 30218 31085 31088 31089 31090 31092 31099 31112 31727 31730 32587 34598 34599 34603 34604 34614 35564 35569 42437 43088 43092 44087 44089 44091 44095 44195 45096 45427 46428 46431 46432 50898 50902 50903 50905 51314 51317 51318 51327 51524 51526 51742 51746 51755 51760 51788 51791 51801 52309
NODE_NUM = 198
FILE hyp_sub_225.aig

# Subcircuit 226
SUB_ID 226
LO (93):  19188 19189 19285 19308 19315 19329 19330 19340 19715 20020 20215 20220 20221 20223 20224 20548 20719 20798 20989 21150 21216 21268 21273 21277 21394 21623 21640 21642 21755 21833 22009 22273 22479 22861 23000 23111 23287 23289 23375 23633 23798 23887 24407 24416 24871 25128 25954 26130 26172 26175 26349 26681 26823 26825 27277 27280 27435 27803 27975 27978 28157 28158 28159 29386 29609 33450 34222 34675 34679 35241 47726 49776 50646 50648 51399 51902 52163 52321 52322 52407 52566 52714 53103 53727 54247 54248 54631 54632 54633 54928 55198 56189 58048
LI (89):  34 37 38 43 46 51 53 54 104 105 107 114 115 120 121 123 11853 19186 19711 19712 20015 20016 20018 20212 20213 20222 20673 20714 20715 20717 20981 21149 21255 21258 21259 21267 21393 21707 22007 22477 22887 22972 22975 22986 22996 23286 23374 24391 24392 24394 24406 24869 25670 26171 26332 26677 26678 27276 27428 27429 27433 27968 27973 29377 29379 29380 29383 32787 33444 33448 34215 34219 34221 34674 50647 51329 51878 51881 51891 51898 52320 52398 52403 53097 53099 53600 53886 54630 55197
NODE_NUM = 197
FILE hyp_sub_226.aig

# Subcircuit 227
SUB_ID 227
LO (30):  19343 19356 20015 21259 21883 21895 59416 59748 59839 59977 59981 60004 60217 60228 60337 60472 60724 60745 60746 61130 61131 61307 61308 61560 61561 61563 138910 138919 138929 138938
LI (54):  31 35 123 127 20014 21717 21894 58984 59208 59211 59218 59220 59223 59235 59275 59279 59283 59346 59409 59414 59575 59600 59607 59611 59731 59737 59741 59793 59797 59806 59814 59820 59834 59838 60095 60097 60202 60328 60333 60493 60681 60710 60716 60727 60729 60735 60742 61110 61118 61122 61289 61291 61553 61557
NODE_NUM = 198
FILE hyp_sub_227.aig

# Subcircuit 228
SUB_ID 228
LO (51):  19365 19367 19402 19408 19561 19752 20006 20139 20263 21994 23791 24166 24687 26142 31469 31480 32362 33482 34712 47202 51451 51742 51760 52008 52124 52158 52186 52460 52662 52780 52909 52911 53171 53235 53376 53589 53714 53764 56353 57874 58282 58320 58325 58329 58825 58827 59144 59146 59409 59567 59741
LI (73):  30 41 46 60 98 102 117 128 19362 19397 19401 19751 20005 20262 23374 24160 24162 24164 31458 31459 31468 32563 33477 33480 51314 51440 51443 51444 51449 51725 51737 51741 52123 52127 52128 52132 52157 52757 52758 52760 52768 52776 52865 52870 52876 52902 52908 53226 53233 53369 53374 56351 57658 57850 57853 57862 57870 58255 58258 58259 58269 58278 58319 58684 58703 58796 58802 58818 58824 59135 59139 59375 59405
NODE_NUM = 200
FILE hyp_sub_228.aig

# Subcircuit 229
SUB_ID 229
LO (67):  19566 19593 19668 19670 19673 19696 20128 20266 20655 21852 21877 28129 28132 29498 29520 30607 30608 30609 31258 34209 34213 34487 35223 35290 35531 35642 35941 37943 38893 38901 39450 39764 42340 43059 43989 44062 44229 44531 46236 47086 47703 47941 48433 48532 48538 48675 48685 49503 49522 49526 50182 51831 52580 52590 52724 52732 53204 53315 53431 53507 53687 54226 54379 54758 58166 58986 60152
LI (79):  30 32 37 56 70 79 88 97 102 126 127 19695 20127 20264 20649 20652 20653 28128 28640 29949 30470 30605 32108 34208 34210 34481 34484 34485 35212 35221 38878 38882 38892 39762 43035 43038 43046 43055 44213 44227 47078 47082 47083 47085 47635 47638 47639 47641 47645 47671 47699 47906 47909 47934 47937 48418 48422 48431 48525 48530 49521 52192 52536 52567 52570 52579 52718 52721 53196 53202 53308 53312 53313 53500 53501 53681 53683 54218 54220
NODE_NUM = 199
FILE hyp_sub_229.aig

# Subcircuit 230
SUB_ID 230
LO (60):  19695 19701 19710 19711 19712 20605 20722 25696 26141 26437 41280 41456 41462 42413 43149 43150 43156 43746 44577 44620 44628 45214 45314 45570 45575 45657 45867 45947 45978 46304 46324 46523 46616 46642 46767 46789 46892 46953 47178 47182 47300 47314 47420 47447 47707 48161 48162 48905 49660 49773 50168 50332 50358 60639 60640 60665 60996 61014 61142 63994
LI (75):  3 44 49 55 57 100 101 107 113 20604 25694 26140 40953 41454 43148 43154 43730 43731 43742 44045 44549 44573 44612 44614 44616 44726 45194 45198 45210 45569 45827 45836 45837 45840 45850 45856 45860 45865 45926 45929 45931 45935 45945 45967 45976 46463 46487 46515 46521 46615 46636 46639 46886 46890 46922 46927 46932 46949 47173 48160 48888 48889 48901 49342 49635 49656 50167 50331 60111 60630 60638 60644 60654 60660 60664
NODE_NUM = 200
FILE hyp_sub_230.aig

# Subcircuit 231
SUB_ID 231
LO (76):  19720 19724 19737 19749 19751 19757 19761 19977 20196 20199 20257 20500 20652 20691 21215 21506 21584 25739 26434 28128 28147 29219 29229 29664 29950 30401 30602 30612 31088 31343 31346 32563 32571 33769 33772 34484 35793 36467 36479 36602 36615 36681 37170 37198 37262 37474 37777 38102 38202 38430 38809 39050 42911 42913 43107 43109 43804 44715 44744 45173 45480 45518 45860 46106 46112 46949 47060 47062 47451 50403 50585 50813 51933 52114 56574 57853
LI (85):  29 42 46 59 60 63 64 92 94 95 97 99 110 115 126 19760 20195 20256 20651 20690 21214 21583 25733 25735 25737 26102 28118 28728 28741 29211 29213 29216 29416 29949 30589 30592 30601 31087 31342 31457 32567 32570 33411 33762 33765 35783 35784 35787 35791 36473 36476 36478 36613 36829 37118 37121 37132 37141 37169 37259 37774 37775 38185 38187 38200 42444 43106 43108 43803 44060 44699 44700 44708 44714 45169 45510 45514 46109 46110 46937 46946 47061 49895 50397 50400
NODE_NUM = 199
FILE hyp_sub_231.aig

# Subcircuit 232
SUB_ID 232
LO (31):  19979 19981 20516 20526 20649 21267 21569 21574 60630 60660 61110 61553 61557 61703 61704 61915 61916 62188 62189 62327 62328 62543 62760 62761 68342 138948 138957 138967 138977 138987 138997
LI (51):  29 32 125 128 20262 20515 20525 21263 21264 21568 60614 60616 60618 60620 60629 60904 61005 61010 61053 61071 61078 61087 61096 61100 61104 61108 61469 61471 61515 61521 61530 61534 61543 61563 61565 61680 61686 61691 61695 61788 61883 61890 61894 61898 62169 62174 62309 62311 62536 62540 62757
NODE_NUM = 189
FILE hyp_sub_232.aig

# Subcircuit 233
SUB_ID 233
LO (41):  20000 20002 20005 20202 21683 21685 22625 23212 40843 41378 42145 42404 42742 42763 43171 43176 43417 43673 43881 44240 44243 55223 55248 55391 55717 55739 55898 55922 56301 56896 57058 57060 57515 57848 57941 58020 58032 58036 58042 58108 58112
LI (64):  36 38 40 73 116 119 121 20201 21684 22619 22621 22622 23211 40305 41375 41376 42108 42112 42122 42141 42391 42393 42396 42397 42402 42749 42761 43396 43398 43401 43402 43413 44234 54881 55222 55224 55228 55236 55244 55700 55704 55713 56897 56905 56908 56916 56943 56965 57019 57021 57027 57031 57040 57047 57057 57404 57423 57444 57469 57478 57479 57503 57845 57940
NODE_NUM = 200
FILE hyp_sub_233.aig

# Subcircuit 234
SUB_ID 234
LO (59):  20007 20010 20014 20016 20018 20212 20714 20715 21269 21695 21697 21698 21699 22346 22347 44034 44961 45803 45808 46666 46827 56427 56632 56688 56852 56853 56866 56916 57019 57021 57057 57137 57194 57196 57250 57316 57395 57478 57479 57503 57559 57567 57630 57657 57917 58028 58071 58125 58334 58377 58575 58586 58686 58688 58689 58814 58872 59069 59125
LI (77):  33 34 35 39 40 67 117 118 122 124 20211 20713 44037 45609 45802 45806 55807 56185 56378 56393 56397 56398 56402 56406 56410 56414 56420 56423 56599 56602 56603 56604 56613 56621 56627 56631 56834 56839 56843 56847 56971 56981 56989 57018 57107 57133 57377 57382 57388 57473 57497 57501 57564 57645 57647 57648 57650 57651 57655 57892 57894 57895 57904 57913 58046 58050 58051 58060 58064 58345 58347 58351 58370 58373 58569 58573 58687
NODE_NUM = 199
FILE hyp_sub_234.aig

# Subcircuit 235
SUB_ID 235
LO (69):  20127 20195 20201 20203 20205 20211 20213 20682 20686 20713 21258 21272 21703 22007 22891 23327 23872 24126 24172 24712 25223 28184 31036 31555 31851 32132 32317 32679 32702 32790 32978 33632 33762 33968 34138 34539 34640 34643 35236 45210 45945 47107 47111 47199 47635 47645 47720 48058 48391 48647 49337 49468 49498 49511 49613 49631 49677 50003 50042 50299 54336 54648 54858 55024 55232 55384 55453 57648 58168
LI (91):  33 35 36 37 38 46 62 94 112 118 120 121 123 21257 21271 22006 22890 23320 23321 23323 23325 24186 25222 26591 30463 31029 31034 31549 31551 31552 31840 31843 31848 32126 32130 32313 32391 32675 32676 32785 32788 32967 32976 33962 33964 33966 34128 34131 34538 34639 45202 45206 45209 45424 45942 47109 47194 47197 47621 47622 47623 47625 47634 47719 48056 48358 48366 48384 48387 48640 48646 48650 49325 49327 49330 49335 49458 49462 49466 49587 49590 49612 53893 54332 54334 54647 54811 54820 54825 54829 54855
NODE_NUM = 199
FILE hyp_sub_235.aig

# Subcircuit 236
SUB_ID 236
LO (59):  20222 20230 20254 20256 20258 20262 20690 22022 22427 22432 25220 25987 26554 27480 31020 31547 31840 31843 32073 32259 32307 32770 32860 32865 33304 36476 36478 38390 38927 39238 39259 39607 39738 39880 39896 39908 40058 40181 40576 40652 40876 41010 44087 44095 44931 44993 45896 45976 50161 50745 50748 50820 50896 50970 50979 51165 51523 51570 54538
LI (82):  28 52 63 64 65 77 79 91 93 104 126 21262 22016 22020 22426 24719 24966 25217 25979 25985 30997 31012 31013 31018 31513 31515 31516 31528 31543 31834 31838 32066 32070 32071 32253 32257 32859 35769 36475 36934 38370 38371 38373 38376 38386 38443 38458 38921 38925 38993 39229 39234 39731 39737 39864 39865 39869 39870 39877 40165 40167 40179 40549 40875 43847 44075 44077 44086 44983 44986 44991 50150 50151 50153 50159 50742 50743 50888 50894 50957 50959 50969
NODE_NUM = 198
FILE hyp_sub_236.aig

# Subcircuit 237
SUB_ID 237
LO (49):  20264 20278 20291 20310 25897 25907 26345 26633 27303 27392 34598 35114 35501 36258 36306 36518 36919 41397 41406 41903 41904 41962 42141 42549 42761 43428 46487 46753 47305 47357 47559 47634 47812 47816 47882 48007 48304 48319 48332 48335 48548 49516 51133 58259 58502 58933 59016 59109 59425
LI (75):  28 41 42 71 84 114 115 128 25601 25884 25887 25896 26341 26342 26626 26627 27300 27389 34229 34594 34595 34599 35090 35093 35102 35110 35491 35494 36248 36256 41383 41386 41396 41502 41902 41958 41960 42134 42139 42541 42542 45772 46466 46467 46476 46483 46735 46736 46741 46749 47319 47331 47337 47353 47533 47544 47547 47550 47557 47629 47631 47811 48001 48005 48296 48302 48331 58255 58491 58493 58496 58500 58923 58928 58932
NODE_NUM = 200
FILE hyp_sub_237.aig

# Subcircuit 238
SUB_ID 238
LO (55):  20314 20317 20326 20392 20394 20515 21262 21263 22476 28776 29010 30936 31582 32446 33291 33945 34067 39388 39416 40014 40095 40102 40452 40700 40769 40825 41235 41534 41719 41771 42006 42291 42584 46702 47082 47533 47557 47638 47641 47811 48282 48285 48422 56095 56475 56481 56489 56499 60642 60644 60983 60985 61032 61367 61471
LI (77):  29 31 46 70 86 109 124 127 20389 20391 20651 22475 28149 28772 29414 30227 30588 31548 31578 31579 31581 32438 32443 33284 33287 33942 39341 39344 39351 39361 39387 39855 40002 40004 40005 40008 40012 40687 40690 40691 40694 40698 40754 40758 40767 41226 41231 41700 41703 41707 41712 41717 46495 46681 46685 46686 46698 47081 47512 47522 47525 47636 48281 56036 56038 56040 56050 56058 56091 56480 60641 60957 60958 60968 60972 60978 60982
NODE_NUM = 199
FILE hyp_sub_238.aig

# Subcircuit 239
SUB_ID 239
LO (47):  20518 20520 20525 21721 22367 22695 23427 43075 43164 43619 43967 43985 44378 44395 44525 44680 45381 45514 51396 51737 51741 51942 52309 52312 52330 52414 52940 53073 60968 61469 61530 61788 61894 62169 62309 62311 62536 62540 62757 68338 68340 68343 68345 68347 68349 68351 139010
LI (79):  28 32 78 124 127 20524 21715 21718 22360 22364 22365 39353 43068 43072 43073 43161 43162 43585 43594 43598 43615 43955 43958 43966 44662 44672 44678 50963 51384 51385 51391 51394 51734 51923 51924 51927 51928 51938 52295 52303 52308 52310 52935 60635 60963 60966 61326 61335 61340 61361 61367 61462 61468 61703 61704 61708 61772 61778 61915 61916 62016 62159 62161 62167 62188 62189 62306 62327 62328 62527 62529 62543 62751 62753 62760 62761 62962 68336 68342
NODE_NUM = 200
FILE hyp_sub_239.aig

# Subcircuit 240
SUB_ID 240
LO (66):  20524 20531 20534 20602 20604 20607 20619 20622 21219 21392 21514 21583 21764 22469 22471 22760 22854 22996 23841 24648 24658 25363 25660 26095 26101 26610 26621 26959 27103 27284 28241 28747 28767 29072 29377 29379 29621 30003 30006 32118 33169 34326 50637 50664 51249 51254 51309 51713 55608 55704 55929 55939 56108 56316 56464 56621 56682 56834 56847 57304 57377 57382 57658 57716 57740 57845
LI (86):  31 40 44 45 48 106 107 110 111 112 115 125 20529 21391 22853 22989 22991 22992 22993 24633 24635 24637 24647 25224 25361 25659 26096 26097 26099 26591 26609 26620 27099 27100 27283 28741 28744 28745 28765 29191 29376 29618 29619 30002 32117 32584 33168 34324 50165 50601 50603 50604 50610 50636 51248 51300 51305 55539 55564 55581 55582 55583 55586 55590 55597 55606 55922 55925 56439 56440 56442 56452 56460 56616 56619 56773 56785 56805 56825 56833 57277 57288 57291 57300 57370 57373
NODE_NUM = 200
FILE hyp_sub_240.aig

# Subcircuit 241
SUB_ID 241
LO (40):  20630 20651 20653 21176 21182 22016 41941 42531 42587 42893 42922 43055 43551 43585 43955 43958 46483 46515 47285 47337 47671 47824 48341 48525 49437 49443 61772 62159 62161 62306 62527 62529 62738 62741 62750 62946 62949 62955 63267 63271
LI (69):  27 30 72 82 125 128 21175 21181 41921 41922 41926 41927 41929 41937 42597 42865 42879 42882 42884 42890 43049 43051 43052 43584 43949 43952 46478 46480 46500 46501 46504 46505 46513 47275 47276 47279 47649 47652 47663 47669 48332 48335 49436 61385 61715 61717 61729 61751 61768 62124 62128 62137 62145 62154 62158 62204 62211 62215 62302 62412 62423 62427 62430 62511 62518 62526 62729 62731 62737
NODE_NUM = 198
FILE hyp_sub_241.aig

# Subcircuit 242
SUB_ID 242
LO (57):  20659 20673 20677 20694 20717 21131 21139 21875 23251 29211 30118 30520 30523 30729 31558 31559 32048 34538 35068 35620 35849 35852 36248 36321 36324 38972 39776 39929 40367 42356 43191 43281 43896 46625 47197 47522 47525 47719 49912 50345 50583 51092 51093 57894 57895 58218 58220 58351 58491 58500 58662 58665 58684 58923 58928 59135 59139
LI (74):  32 38 39 62 69 86 93 97 117 123 13933 15089 21138 29192 29206 29209 30114 30116 30519 31550 31556 35063 35066 35614 35618 35848 35850 36320 38339 38952 38954 38957 38968 39919 39926 41987 42336 42337 42341 42352 43271 43279 46617 46621 46622 46624 46804 47194 47196 47516 49284 49902 49905 49910 50571 50580 51087 57230 58167 58168 58170 58179 58188 58217 58350 58478 58481 58482 58490 58605 58614 58661 58918 59132
NODE_NUM = 193
FILE hyp_sub_242.aig

# Subcircuit 243
SUB_ID 243
LO (101):  20724 20803 20915 20916 20918 20956 20981 21122 21123 21125 21132 21138 21149 21175 21177 21181 21202 21312 21398 21594 21684 22033 22037 22165 22171 22229 22406 22407 22551 23272 24015 24016 24258 24261 24637 25361 25423 25613 25745 26206 26207 26209 26363 26472 26888 27595 27601 27640 27757 28010 28273 28741 29472 29493 29497 29536 30283 30631 30633 30896 30901 30994 31890 32071 32820 32827 33091 33977 34128 34131 34161 34498 34977 35053 35282 35491 35494 35900 35901 35916 36316 36318 36676 37728 38399 42408 42770 43723 44083 44614 45006 45121 45437 45687 48722 49264 49840 53475 54004 54230 56064
LI (93):  26 50 55 57 58 68 70 71 77 83 84 85 94 96 97 99 102 103 105 127 20476 20908 20910 20912 20950 20952 20954 21119 21121 21197 21397 21593 22034 22035 22170 22404 23265 23267 23269 23332 24251 24255 24633 24779 25359 25609 25610 25611 26208 26359 26362 26609 26882 26885 26886 27596 27599 28272 28655 29466 29467 29470 29495 30124 30126 30282 30895 30989 30992 32066 32816 32817 32825 33956 34122 34125 34493 34496 35046 35052 35485 35489 35600 35899 35905 35914 43697 44081 44084 45005 45109 45119 45436
NODE_NUM = 200
FILE hyp_sub_243.aig

# Subcircuit 244
SUB_ID 244
LO (21):  21185 62737 62751 62753 62962 63279 63280 63330 63331 63550 63551 63553 63669 63691 63695 63700 63704 63709 139017 139026 139680
LI (47):  26 27 127 128 62385 62567 62571 62573 62575 62611 62617 62621 62627 62633 62637 62738 62741 62746 62750 62846 62868 62881 62884 62898 62927 62933 62942 62946 62949 62955 62971 63104 63106 63112 63204 63247 63256 63267 63271 63284 63289 63294 63300 63303 63313 63531 63666
NODE_NUM = 192
FILE hyp_sub_244.aig

# Subcircuit 245
SUB_ID 245
LO (75):  21197 21199 21208 21210 21214 21227 21234 21505 21581 21593 21637 22483 22828 22971 22972 23264 23265 24255 24394 24869 25899 26138 27147 28080 28092 28099 28488 29430 29447 29561 30885 31087 31571 31738 32010 32356 32584 33172 36840 37959 39885 43713 44024 44030 44624 45109 45170 45427 45850 46110 46432 46811 46937 47250 47255 47470 47471 48082 48505 49273 49358 49458 49466 49656 49876 50077 50079 50176 50308 50685 50785 50794 50993 51071 51471
LI (81):  39 41 44 54 56 62 65 88 91 98 100 108 113 115 9748 21504 21578 22475 22477 24254 24391 25898 27144 27145 28085 28087 28091 29415 29417 29418 29429 29560 30881 31147 31565 31567 31568 32009 32634 39938 43106 44027 44028 44622 45169 45425 45426 45605 45845 45848 46635 46804 46808 46809 47245 48088 49190 49191 49194 49203 49212 49241 49271 49357 49451 49454 49455 49646 49654 49875 49998 50003 50015 50023 50044 50063 50076 50299 50306 50677 50681
NODE_NUM = 196
FILE hyp_sub_245.aig

# Subcircuit 246
SUB_ID 246
LO (65):  21243 21245 21255 21257 21264 21271 21717 21718 21870 22356 23262 24307 25702 25979 25985 26096 26422 26622 26687 26839 27002 27136 32094 51804 52207 52208 52552 52562 52718 53163 53299 53306 53450 53607 53680 53790 53860 54053 54055 54282 54311 54387 54391 54855 55606 55613 56250 56469 56494 56756 56764 56989 57124 57133 57473 57624 57792 57796 58154 58971 59219 59220 59639 60051 60064
LI (83):  30 32 35 42 53 101 112 119 121 122 124 21494 21716 22355 22950 23257 23260 25657 25964 25966 25968 25970 25976 26095 26838 27135 32092 51831 52206 52542 52543 52548 52549 52568 52715 52716 53149 53161 53288 53290 53293 53297 53302 53305 53442 53447 53781 53784 54048 54283 54286 54287 54297 54307 54384 54833 54840 54848 55807 56168 56184 56186 56189 56193 56215 56220 56246 56615 56984 56987 57123 57126 57127 57131 57614 57622 57791 58747 59628 59630 59631 59633 59637
NODE_NUM = 200
FILE hyp_sub_246.aig

# Subcircuit 247
SUB_ID 247
LO (41):  21374 21375 21391 21393 21397 21663 22712 31034 31848 33181 33388 34155 34674 34885 43730 44809 49792 50448 51008 55837 56168 56184 56193 56246 56420 56569 56751 57072 57076 57083 57338 57388 57969 58217 58249 58373 58614 58661 59036 59132 59563
LI (70):  25 45 46 69 83 108 128 21373 21656 21660 21661 31029 31032 31845 32382 32385 33179 33383 33386 34143 34152 43050 43725 43728 49205 49787 50438 50446 55555 55780 55793 55797 55800 55803 55833 56135 56137 56140 56147 56164 56176 56177 56180 56181 56225 56242 56551 56558 56726 56735 56745 56749 57071 57942 57943 57944 57947 57956 57965 58210 58211 58226 58228 58237 58245 58638 58647 58652 59025 59032
NODE_NUM = 198
FILE hyp_sub_247.aig

# Subcircuit 248
SUB_ID 248
LO (86):  21494 21501 21504 21511 21516 21646 21650 21651 21656 22012 22013 22372 22373 22374 22466 22630 22986 23605 24300 25671 26140 26677 26678 28119 28704 29220 29417 30287 30289 30992 31328 31448 31452 31834 32214 32438 32768 34469 34478 35014 35610 35684 35737 35773 35774 35828 35859 36101 36107 36742 36762 36782 36787 36986 37018 37232 37282 37287 37411 37745 37752 37754 37799 37835 37840 37997 39425 39890 42314 43135 43143 43572 43615 44146 44331 44384 45361 48603 48894 50647 54245 56084 56458 58711 58713 59923
LI (76):  24 39 43 44 52 53 72 76 80 81 99 100 109 112 127 21173 21649 22011 22629 22979 22983 22984 25670 26676 28118 28702 29416 30702 30988 30990 31313 31317 31324 31446 31449 31450 34460 34461 34465 34466 35735 35772 35803 35811 35819 35827 36077 36079 36081 36090 36097 36718 36723 36741 36779 36959 36974 36975 36978 36979 36983 37277 37742 37830 37995 38463 43002 43132 43133 43137 43140 43141 43561 43570 43608 43613
NODE_NUM = 197
FILE hyp_sub_248.aig

# Subcircuit 249
SUB_ID 249
LO (22):  21660 23230 63531 63712 63894 63895 64074 64346 64347 64379 64380 64382 64634 64639 64768 68323 68328 139036 139046 139055 139065 139656
LI (45):  24 25 127 128 23229 62989 63355 63383 63385 63397 63404 63437 63443 63497 63502 63506 63527 63553 63669 63680 63687 63691 63695 63700 63704 63709 63718 63727 63732 63785 63795 63871 63880 64025 64029 64040 64049 64053 64057 64327 64332 64353 64356 64362 64631
NODE_NUM = 200
FILE hyp_sub_249.aig

# Subcircuit 250
SUB_ID 250
LO (43):  21661 21668 21672 21681 22452 22826 30962 34251 35167 35271 36366 38371 39731 40167 52246 52652 52712 52786 52870 52935 52978 53069 53241 53243 53369 53374 53695 53701 54042 60457 60797 60904 61005 61050 61104 61108 61140 61235 61253 61521 61534 61543 61686
LI (66):  26 36 61 62 89 91 97 126 22451 22825 29434 34233 34234 34238 34249 35643 39735 52219 52223 52234 52242 52623 52632 52641 52648 52679 52685 52686 52687 52699 52705 52711 52949 52956 52977 53238 53363 53364 53692 60118 60349 60393 60401 60403 60405 60416 60422 60442 60448 60455 60750 60759 60769 60774 60795 60796 60801 60804 60808 60829 60893 60991 60996 61004 61014 61046
NODE_NUM = 198
FILE hyp_sub_250.aig

# Subcircuit 251
SUB_ID 251
LO (38):  21707 21709 21714 21715 21716 21894 22845 22954 23257 23371 23624 23788 24251 24420 24554 60202 60401 60618 60681 60710 60893 60982 61010 61046 61100 61289 61291 61462 61515 61680 61691 61695 61890 61898 61927 62002 62006 62174
LI (68):  29 30 31 33 119 121 122 123 22360 22839 22841 22953 23256 23365 23368 23369 23776 23778 23779 23786 59698 60104 60151 60153 60154 60160 60168 60174 60196 60200 60394 60398 60400 60495 60500 60548 60559 60562 60570 60666 60672 60701 60708 60813 60855 60857 60885 60891 61025 61028 61033 61035 61037 61042 61249 61253 61258 61270 61280 61282 61453 61460 61492 61499 61509 61674 61676 61926
NODE_NUM = 199
FILE hyp_sub_251.aig

# Subcircuit 252
SUB_ID 252
LO (91):  21885 21890 21983 21990 21997 22006 22020 22475 22921 23320 24026 24169 24392 24715 24728 24730 24731 24763 25001 25177 25193 25485 25601 25602 25603 27433 27973 28471 28725 28729 29076 30295 30303 30589 31342 31565 32070 32116 32976 33403 34233 34775 35221 35759 39954 40733 41546 50903 51314 51318 51788 52127 52583 52725 52757 53051 53465 53806 53897 54280 54651 54820 54825 54833 55197 55807 55833 56164 56186 56225 56351 56398 56599 56602 56627 56833 56981 57110 57123 57131 57288 57291 57311 57462 57467 57937 58496 58759 59879 60108 60633
LI (91):  27 34 36 37 41 42 47 49 104 105 111 112 116 117 119 126 22019 23779 24023 24024 24713 24740 24742 24743 24751 24759 27432 27972 28724 28728 29206 30299 30302 30588 31339 31564 32069 32108 32112 32115 32973 33402 33406 33418 34227 34232 34773 35218 35758 39946 39950 39953 40724 40726 40728 50901 51877 52126 52555 52581 53045 53046 53049 54256 54259 54260 54268 54276 54815 54918 55808 55811 55820 55829 56157 56162 56185 56570 56571 56575 56583 56592 56598 56975 56978 57109 57114 57122 57281 57286 57461
NODE_NUM = 197
FILE hyp_sub_252.aig

# Subcircuit 253
SUB_ID 253
LO (61):  22019 22030 22074 22078 22170 22180 22205 22352 22739 23779 24079 26102 27359 29964 30302 30781 31018 31838 36475 39870 40724 40726 41155 41945 42448 42993 49902 49910 50382 51001 51840 52157 52403 52648 52865 52977 53233 53692 55018 55409 55532 55582 55793 55803 55829 55848 56003 56050 56121 56135 56137 56215 56393 56402 56516 56551 56722 56724 56965 57373 61034
LI (84):  28 30 48 59 64 88 93 105 120 125 22040 22071 22073 22204 22207 22737 29232 29380 29959 29962 30297 30301 31012 31017 31837 36829 40680 40715 40717 40721 41154 42445 42446 42447 49888 49891 49901 50373 50376 51426 51818 51819 51829 51836 52149 52150 52236 52854 52857 52858 52863 52962 52975 54260 54966 54969 54970 54979 55006 55011 55014 55473 55509 55524 55530 55782 55785 55792 55822 55826 55827 55997 56001 56047 56048 56134 56206 56209 56385 56387 56389 56723 56955 56963
NODE_NUM = 197
FILE hyp_sub_253.aig

# Subcircuit 254
SUB_ID 254
LO (46):  22355 22360 22364 22365 22926 22936 23369 23776 23786 24023 24559 24751 25264 25459 25464 25779 25824 61037 61453 61674 61676 61768 61883 61929 61980 61993 61998 62015 62075 62124 62145 62154 62158 62204 62211 62215 62258 62430 62511 62518 62627 62846 62898 62933 62942 63313
LI (74):  26 27 28 31 120 123 124 125 22925 22934 23760 23764 23765 23775 23777 24538 24746 24747 25239 25242 25243 25252 25260 25454 60962 61201 61423 61425 61428 61437 61445 61451 61596 61598 61599 61601 61610 61619 61625 61652 61658 61665 61669 61673 61723 61756 61765 61792 61809 61879 61928 61933 61941 61950 61979 62059 62074 62076 62078 62083 62113 62118 62122 62197 62200 62446 62451 62469 62472 62478 62501 62505 62837 62839
NODE_NUM = 200
FILE hyp_sub_254.aig

# Subcircuit 255
SUB_ID 255
LO (57):  22380 22392 22394 22397 22404 22979 23775 24474 24480 28745 29277 34535 34537 35552 35783 35791 36741 37570 37992 38777 39534 43724 43725 44171 44659 44738 44935 45054 45089 45233 45350 45561 45579 45677 45878 45879 46028 46300 50563 51160 51305 51877 51878 52162 56659 57047 57300 57766 60151 60174 60495 60548 60570 60790 60991 61468 63428
LI (77):  23 25 38 50 69 82 101 113 126 128 23768 23772 23773 24473 29275 34536 35775 35776 35778 35780 36734 36739 37579 37986 37989 38767 38770 43723 44146 44149 44150 44159 44167 44631 44635 44636 44645 44655 44735 44736 45079 45087 45226 45229 45230 45232 45531 45539 45560 45877 46012 46015 46026 50537 50541 50542 50544 50550 50559 51331 52161 56381 56636 56637 56647 56655 59877 60117 60119 60122 60126 60150 60531 60540 60545 60983 60985
NODE_NUM = 197
FILE hyp_sub_255.aig

# Subcircuit 256
SUB_ID 256
LO (84):  22426 22440 22443 22447 22451 22455 22477 22487 22619 22621 22622 22629 22825 23211 25144 25428 25673 25769 26891 26895 28649 29367 29545 30944 31089 31433 31436 31458 31459 31978 32081 32967 34573 34574 35060 35625 35637 36073 36090 36097 36327 36471 36975 37002 37114 37367 37419 37502 37885 37890 38007 38483 38558 38968 39248 39316 39926 40144 40920 40921 41166 44121 44639 45802 45806 46109 46476 46831 47240 47625 47831 48056 48501 48646 49327 49330 49355 49451 49480 49488 49612 49617 50306 51806
LI (87):  35 36 42 54 60 61 63 67 71 79 84 87 88 90 91 97 109 115 116 9748 21173 22423 22438 22446 24390 25768 26670 26890 29529 31130 31457 32075 32077 32078 32966 34511 34571 34578 35057 35626 35634 35847 36085 36087 36092 36326 36996 36997 37000 37107 37113 37360 37365 37494 37499 38478 38481 38482 38547 38554 38961 38965 38966 40138 40139 40141 40918 45598 45800 45805 46470 46473 46474 46827 47232 47238 49326 49328 49354 49446 49447 49449 49469 49471 49479 49604 49610
NODE_NUM = 197
FILE hyp_sub_256.aig

# Subcircuit 257
SUB_ID 257
LO (83):  22737 22839 22841 22851 22853 22884 22887 22892 22896 23308 23368 23868 24283 27356 27428 27972 28869 29065 29181 29197 29560 29938 30111 30519 30895 30961 32044 32053 32406 32932 33287 33473 33750 33791 34210 34485 35604 35847 35848 36194 37000 37012 37172 37224 37227 37360 37365 37823 38554 40690 40691 40694 41453 41466 41707 42122 43108 43807 45845 45848 46223 46664 46809 47112 47196 53886 53887 54334 54922 56975 57240 57647 57650 57771 57774 57791 57862 58050 58438 59218 59633 59797 59863
LI (83):  28 36 37 38 44 45 64 65 85 86 98 99 105 113 121 122 22043 22206 23307 23367 24184 25705 27971 28111 28857 28859 28861 28867 29190 29193 30107 30109 30515 32031 32033 32043 32374 32381 32383 32385 32387 32398 32404 32920 32929 35105 35601 35602 36120 36121 36125 36129 36161 36190 37005 37008 37009 37355 37808 37821 40688 40693 41441 41444 41452 45424 46222 52979 55816 56574 57229 57231 57234 57238 57647 57665 57770 57859 57860 58048 59213 59214 59216
NODE_NUM = 200
FILE hyp_sub_257.aig

# Subcircuit 258
SUB_ID 258
LO (54):  22917 22925 22927 24759 25454 32077 32966 33734 34313 34381 36959 37141 37445 37742 38256 38339 38353 38362 38547 39301 42816 43594 43598 46735 47155 47512 47795 47906 47909 47980 48183 48296 48331 48864 48869 50950 51420 51643 51725 51801 52103 52295 53097 53099 53585 60796 60957 60978 61270 61335 61340 61606 61778 63807
LI (82):  22 25 35 75 96 124 23229 24754 24756 29641 32076 32965 33718 33722 33723 33730 35900 36935 36938 36947 36955 37134 37136 37139 37726 37731 37740 37897 38338 38342 38352 39300 42803 42804 42808 42809 42811 42814 42854 46063 46257 46676 46678 46729 46733 47134 47144 47151 47503 47505 47509 47783 47791 47794 47900 48181 48328 48859 50943 50947 50948 51417 51418 51634 51641 51794 51798 51799 52285 52293 53085 53090 53096 60906 60907 60909 60918 60925 60956 61263 61266 61330
NODE_NUM = 200
FILE hyp_sub_258.aig

# Subcircuit 259
SUB_ID 259
LO (53):  22930 22934 22947 22950 23768 24032 25026 25621 25896 26306 26308 26947 26952 27474 27953 27991 29761 41927 44506 44735 45539 46054 46854 47083 47163 51123 51634 61598 61933 62059 62122 62302 62446 62451 62478 62501 62505 62567 62633 62637 62729 62731 62746 62773 62837 62839 62918 62923 63103 63241 63256 63284 63289
LI (80):  22 25 31 69 75 81 118 125 127 24031 25023 25241 25618 25619 25891 25892 25894 26301 26942 27456 27458 27460 27470 27941 27950 33168 44500 44504 44733 45226 45537 46047 46049 46051 46844 46847 50249 51116 51118 51119 61201 61929 61930 61932 62025 62041 62042 62045 62046 62050 62054 62058 62265 62267 62271 62279 62287 62291 62295 62298 62441 62498 62556 62558 62560 62565 62692 62722 62728 62771 62772 62777 62786 62794 62819 62827 62832 62836 62907 62916
NODE_NUM = 198
FILE hyp_sub_259.aig

# Subcircuit 260
SUB_ID 260
LO (59):  22953 22960 22963 22973 22975 22983 23267 24254 24391 26713 27096 27367 27376 27605 28225 30704 31548 31549 32130 32313 34215 34536 38952 39919 40004 40008 40758 48084 48094 48703 51412 51836 52042 52044 52398 53085 54979 55473 55564 55741 55884 55997 56001 56414 56423 56511 59235 59600 59731 59950 60053 60077 60087 60094 60192 60200 60258 60316 62046
LI (79):  23 32 41 42 56 57 93 94 108 109 118 127 22982 23266 23269 24201 24390 25892 26702 26706 26707 26711 26819 27092 27094 38382 38946 38950 39918 40003 40007 47739 48089 48092 50652 50859 51409 51410 51832 51834 52037 52386 52395 54557 54974 55458 55471 55541 55544 55545 55553 55560 55717 55727 55730 55739 55984 55992 55996 58711 59231 59233 59588 59598 59639 59646 59648 59649 59651 59663 59672 59724 59729 59919 59922 59924 59927 59937 59944
NODE_NUM = 199
FILE hyp_sub_260.aig

# Subcircuit 261
SUB_ID 261
LO (25):  22982 22984 23772 63871 64025 64053 64327 64332 64353 64356 64362 64467 64474 64482 64515 64523 64606 64612 64615 64624 64628 64689 64695 64759 64921
LI (56):  22 24 126 128 23771 52231 63026 63428 63742 63800 63803 63808 63817 63849 63853 63860 63864 63869 63959 63963 63964 63972 63979 64008 64013 64020 64024 64104 64109 64120 64121 64125 64135 64137 64146 64151 64164 64167 64188 64197 64202 64221 64224 64228 64280 64281 64285 64298 64304 64308 64313 64321 64388 64454 64465 64469
NODE_NUM = 198
FILE hyp_sub_261.aig

# Subcircuit 262
SUB_ID 262
LO (59):  22988 22989 22990 22991 22993 23229 23233 23248 24406 25017 25727 27092 27460 29250 29395 29983 29986 30508 30699 30881 31216 31556 32119 37169 37917 38115 38285 38288 38767 38770 59927 60795 60804 60918 61071 61249 61280 61361 61460 61492 61565 61596 61601 61669 61673 61708 61926 62016 62026 62041 62050 62167 62469 62526 62591 62597 62827 63117 64285
LI (78):  21 24 33 39 40 100 110 111 116 125 128 18693 22471 24399 24403 24404 26379 27459 29243 29247 29248 29390 29391 29392 29976 29980 30496 30505 37146 37148 37150 37161 37167 37911 37914 37915 38279 38282 38766 59926 60787 60788 60789 60791 60913 60916 61061 61069 61143 61171 61172 61175 61176 61186 61195 61227 61235 61240 61244 61248 61347 61359 61480 61489 61570 61589 61604 62007 62009 62015 62029 62030 62040 62462 62467 62590 62596 64283
NODE_NUM = 198
FILE hyp_sub_262.aig

# Subcircuit 263
SUB_ID 263
LO (78):  23256 23260 23266 23269 23286 23296 23307 23676 23743 23755 23778 24083 24164 24473 24743 25733 25768 26636 28118 28280 28286 28561 28566 28724 28763 29206 29358 29429 30734 34481 35784 36613 36935 37134 37731 37775 38878 39762 40002 40005 40012 40113 40693 40803 40821 41226 41349 41351 45827 45856 46886 46890 46901 47064 47173 47200 48504 50275 50282 50894 52203 52211 52536 52542 52893 53308 53312 53343 53574 53620 53903 54048 54063 54186 54286 54544 55140 55844
LI (88):  29 30 42 53 55 58 63 85 91 93 96 107 118 120 16250 23675 23742 23751 23752 23753 23777 24298 24742 25898 26635 27599 28284 28556 29235 29423 29427 32045 34550 35598 36134 36612 36934 37729 38877 39761 39988 39993 39995 40001 40784 40786 40798 40802 41348 45772 45776 45779 45786 45795 45826 46798 46867 46869 46881 46885 48080 49867 50268 50269 52190 52192 52194 52202 52535 52537 52540 52881 52890 53310 53538 53541 53545 53550 53570 53615 53616 53618 54285 54538 54541 54542 55126 55138
NODE_NUM = 198
FILE hyp_sub_263.aig

# Subcircuit 264
SUB_ID 264
LO (76):  23309 23311 23323 23325 23332 23336 23342 23344 23883 23886 24201 24203 24671 25176 25339 25762 26332 26890 28655 28661 29001 29233 30166 30218 30960 30967 31054 31779 32046 33404 33494 34232 34466 34765 34773 35105 35110 35218 36360 36363 36810 37161 37808 38279 40339 40875 40878 40952 40982 41364 41525 41717 41750 42173 42177 42217 42268 42270 42368 42729 42731 42739 45800 46808 47194 49860 50348 50373 50376 50642 50908 50909 50910 52570 56185 56397
LI (86):  35 38 40 41 51 62 63 86 87 98 106 109 111 113 114 23885 24202 25175 25338 25898 28657 28659 28987 28999 29232 29237 30160 30162 30216 30954 30956 30959 32045 32108 33407 33418 33497 34230 34763 35104 35108 35217 36359 36803 36807 36808 37157 37158 40138 40877 40915 40916 40920 40921 40924 40951 41358 41360 41362 41505 41506 41510 41511 41521 41742 41747 42172 42187 42193 42210 42213 42263 42724 46807 47193 49839 49842 49845 49856 50367 50371 50638 50641 50907 52568 56396
NODE_NUM = 187
FILE hyp_sub_264.aig

# Subcircuit 265
SUB_ID 265
LO (61):  23365 23367 23374 23376 23514 23515 23680 23685 23700 23954 24087 24635 25884 26594 28111 29259 29380 29641 30206 32066 32611 38187 48077 52548 53901 55011 55236 55509 55524 55713 55820 55992 55996 56038 56040 56157 56162 57671 58015 58569 58573 59724 59848 59957 60080 60328 60333 60349 60463 60635 60636 60672 60716 60962 60963 61004 61227 61570 61589 61879 62295
LI (79):  27 32 33 45 53 94 103 104 115 116 121 122 23502 23504 23507 23513 24634 25246 26593 29253 29254 29257 32610 52546 53614 54928 55000 55002 55003 55006 55233 55234 55482 55505 55515 55520 55814 55815 55816 55818 56037 56152 57109 57666 57668 58003 58012 58564 59314 59677 59680 59682 59692 59720 59903 59905 59950 59955 60008 60020 60024 60045 60072 60077 60104 60321 60324 60340 60346 60397 61202 61203 61205 61215 61223 61582 61587 61871 61873
NODE_NUM = 200
FILE hyp_sub_265.aig

# Subcircuit 266
SUB_ID 266
LO (49):  23721 23735 23746 24031 24067 24907 29651 31564 42676 42680 42865 43245 43503 43506 43638 44180 47134 47776 48348 48366 52180 52499 53363 53364 55505 56058 56220 56242 56378 56406 56558 56726 56749 56825 56839 56843 57078 57404 57735 58941 58959 59498 59502 59768 59834 59838 59963 59986 59990
LI (77):  20 57 58 68 79 90 91 128 24030 24066 24906 42656 42658 42660 42666 42671 42853 42855 42857 42859 42863 43628 43636 43845 47750 47752 47753 47754 47764 47772 52174 52176 52178 52492 52497 53358 55191 55494 55497 55503 56052 56056 56232 56239 56321 56322 56325 56335 56344 56377 56699 56707 56725 56810 56814 56823 56838 57072 57076 58939 58940 58946 58955 59419 59426 59445 59450 59456 59460 59463 59469 59472 59478 59482 59487 59491 59496
NODE_NUM = 200
FILE hyp_sub_266.aig

# Subcircuit 267
SUB_ID 267
LO (71):  23751 23760 23764 23765 24160 24538 24539 24550 25887 26379 26382 27094 27241 27244 27458 33990 34249 34530 35102 35212 35514 35590 35626 35634 35878 35889 36229 36235 36773 37599 37949 38099 38220 38536 38702 38720 48167 48168 55006 56575 57018 57229 57238 57286 57461 57497 57501 57770 62045 62784 62985 62987 62999 63204 63303 63355 63443 63478 63497 63502 63680 63687 64024 65992 66264 66679 66727 66738 66864 66990 67008
LI (77):  2 3 24 25 26 31 49 117 122 123 124 24159 24539 26068 26376 26377 26378 27235 27238 27457 34245 34247 34510 34512 34514 34526 35074 35098 35100 35631 35869 35870 35874 35875 36180 36224 37587 37592 37594 37597 37633 37930 37932 37934 37945 38423 38699 49022 56574 56996 56997 57006 57014 57215 57217 57218 57228 57285 57494 57768 61928 62988 63154 63155 63156 63158 63163 63171 63196 63202 63337 63350 63354 63491 63493 63674 63678
NODE_NUM = 197
FILE hyp_sub_267.aig

# Subcircuit 268
SUB_ID 268
LO (36):  23771 23773 59231 59648 59937 60321 60324 60701 60750 61248 64104 64280 64281 64304 64388 64631 64636 64637 64776 64778 64924 65014 65045 65047 65053 65057 65062 65066 65069 65075 65081 65221 65227 68314 139074 139084
LI (59):  21 23 43 125 127 53185 53970 59230 59647 59932 59934 60264 60273 60278 60282 60320 60688 60697 64084 64086 64089 64100 64258 64272 64273 64382 64525 64540 64545 64550 64553 64567 64596 64606 64612 64615 64624 64628 64634 64639 64641 64648 64676 64689 64700 64722 64741 64747 64759 64768 64781 64866 64868 64907 64908 64916 64921 65011 65042
NODE_NUM = 197
FILE hyp_sub_268.aig

# Subcircuit 269
SUB_ID 269
LO (62):  23777 23792 23877 23879 23885 23978 24024 24592 24601 24746 25241 25242 27579 27580 28149 28150 29213 29423 30997 31002 31357 31513 32619 33809 35905 36161 36643 37107 37113 37216 37220 49339 50166 50641 55827 58228 58470 58796 59081 59083 59112 59208 59279 59283 59346 59405 59575 59611 59720 59737 59903 59905 59969 60024 60072 60119 60320 60433 60435 60448 60455 60708
LI (78):  26 28 38 42 44 50 98 104 106 110 119 121 23960 23962 23967 23971 23976 24745 26838 27578 30113 30300 31001 31354 32615 35602 35901 35904 36133 36134 36137 36148 36157 37099 37103 37213 50165 58445 58448 58449 58458 58466 58766 58781 58784 58787 58790 58794 59044 59056 59080 59178 59187 59207 59214 59340 59344 59399 59401 59574 59647 59701 59705 59706 59716 59876 59878 59879 59889 59898 60054 60056 60064 60068 60118 60311 60316 60428
NODE_NUM = 198
FILE hyp_sub_269.aig

# Subcircuit 270
SUB_ID 270
LO (70):  24042 24047 24049 24066 24075 24077 24153 24159 24719 24720 26362 28646 29061 29247 29658 29890 29958 36087 38380 38485 38866 38868 39500 39882 40003 41925 43046 44207 44662 44986 45386 45601 46729 46733 47509 47750 48124 48755 48778 49241 49376 49406 49410 49839 49946 50023 50438 50916 52189 54675 55000 55002 55120 55443 55984 56325 56814 56987 57040 57423 57930 59275 59814 59876 59919 59922 60264 60282 60697 63012
LI (85):  20 30 44 56 57 60 61 74 81 86 89 103 116 127 23742 28272 28640 28641 28643 29246 29522 29656 35894 38002 39499 39881 42846 43041 43044 45169 45362 46247 46259 46732 48113 48117 48118 48122 48735 48743 48748 48753 48772 48776 48886 49224 49226 49229 49237 49832 49834 49837 49838 50022 51385 54668 54670 54672 54984 54988 54989 54991 54999 55118 55426 55441 56319 56813 57033 57039 57413 57415 57418 59250 59251 59254 59255 59273 59866 59868 59869 59874 59918 60249 60258
NODE_NUM = 200
FILE hyp_sub_270.aig

# Subcircuit 271
SUB_ID 271
LO (76):  24162 24184 24186 24202 24204 24298 24390 24651 25175 25658 25659 27432 27971 28772 29254 29376 29434 31468 32075 32374 32404 32965 33480 33765 38352 39422 39504 40953 40954 41657 42263 43860 44369 44591 44596 44758 46294 47245 47292 47466 47961 48671 50603 52581 52760 54259 55901 56036 56598 56631 56667 57660 57850 58170 58478 58766 58794 59010 59207 59340 59375 59554 59574 59682 59692 59820 63079 63101 63155 63449 63520 63664 64537 64800 65125 65532
LI (87):  3 31 34 37 39 41 48 97 99 105 107 110 113 116 25657 26609 26828 27602 27970 31465 31466 32075 32076 32373 32568 38346 38347 38350 38912 40271 40957 41646 41649 41650 41652 43828 43837 43839 43840 43852 43858 44586 46274 46276 46278 46280 46290 46799 47193 47460 47462 47953 47959 54258 55223 56020 56021 56027 56028 56034 57849 58737 58746 58748 58749 58751 58761 58984 58987 58988 58996 59006 59195 59204 59334 59338 59369 59373 62766 62812 63008 63067 63069 63077 63078 63092 63099
NODE_NUM = 200
FILE hyp_sub_271.aig

# Subcircuit 272
SUB_ID 272
LO (34):  24399 24403 25419 26166 64907 64908 65011 65078 65079 65084 65085 65235 65236 65238 65240 65306 65358 65361 65365 65368 65374 65377 65445 65449 65499 65566 65571 65575 65588 65656 65661 139094 139103 139637
LI (58):  19 21 126 128 25413 25414 25415 25417 56366 64437 64443 64656 64778 64870 64878 64882 64887 64891 64895 64899 64904 64924 64939 64947 64951 64979 64996 65002 65009 65014 65045 65047 65053 65057 65062 65066 65069 65075 65081 65143 65145 65156 65160 65179 65183 65191 65197 65203 65216 65221 65227 65239 65245 65256 65290 65301 65305 65355
NODE_NUM = 184
FILE hyp_sub_272.aig

# Subcircuit 273
SUB_ID 273
LO (65):  24404 24542 24544 24632 24633 24634 24647 24754 25333 25359 27590 27968 28969 29274 30470 30471 30474 31017 33416 34557 34817 35037 35542 36359 37620 37756 37945 38338 38342 38744 38954 39300 39361 40475 40991 41386 41960 42308 43068 43072 43767 44779 45243 47151 48141 56037 56439 56440 56442 56615 56616 56984 59369 59373 59445 59450 59955 60154 62412 62692 62836 62971 63112 63247 63506
LI (80):  23 31 32 43 44 69 77 96 102 103 114 124 17078 22372 24642 24645 24753 26838 27151 27588 29273 30472 33207 33412 33414 34551 34554 35030 35031 35032 35034 36358 37754 37901 37938 37942 37943 38337 38338 38341 38953 39353 39357 39360 40466 40467 40470 41384 42304 42307 43037 43070 43762 43764 44765 44777 47146 47147 55814 56441 56983 59349 59350 59352 59362 59368 59430 59443 62358 62372 62374 62376 62381 62408 62647 62656 62685 62970 63214 63243
NODE_NUM = 197
FILE hyp_sub_273.aig

# Subcircuit 274
SUB_ID 274
LO (83):  24642 24645 24666 24713 24740 24742 24745 24747 24753 25131 25252 25260 25668 25833 25964 26176 26205 26301 26339 26348 26702 26707 26711 26942 27121 27235 28233 28316 28537 28571 28701 29209 29273 29356 29437 29662 30092 30469 31029 31365 31465 31550 31551 32615 35052 35772 36750 37148 38282 58988 59223 59630 59866 59874 60117 60118 60126 60249 60397 60398 60638 60664 60666 60788 60789 61053 61069 61096 61223 61428 61582 61587 61717 61941 62029 62271 62358 62376 62575 62647 62718 63057 63125
LI (88):  22 25 28 29 33 35 37 38 99 108 109 113 117 118 120 121 123 25246 25248 25250 25255 25256 25258 25665 25666 26200 26201 26203 26347 26676 26689 26692 26693 26701 27115 27119 27457 28292 28295 28304 28312 29189 29436 30091 30464 30467 31028 31317 33953 35049 35770 35771 35773 37146 58984 59858 59859 59860 59861 59863 60104 60105 60108 60116 60413 60583 60586 60596 60631 60633 60636 60637 60665 61050 61218 61220 61397 61577 61938 61939 62028 62042 62331 62333 62338 62346 62354 62644
NODE_NUM = 198
FILE hyp_sub_274.aig

# Subcircuit 275
SUB_ID 275
LO (66):  24756 24767 24769 24779 24783 24906 24963 25136 25255 25275 25609 25610 26208 26693 27144 27342 27352 38002 38337 38443 39341 39864 40767 40802 42622 43188 43260 43384 43742 43949 44075 44150 44573 45247 45407 46088 46376 46463 46521 46779 46844 46847 47003 53288 53297 53674 53781 53784 54206 54218 54220 54345 54645 54670 54811 54829 54894 54896 54898 55157 55455 55488 55539 55680 56009 64802
LI (76):  19 23 58 59 61 62 84 85 86 88 123 127 23742 24071 25254 25274 26609 27143 27341 27351 35046 38953 39835 39836 39846 39860 42597 42600 42601 42603 42610 42618 43379 43380 43382 43735 43739 43740 43741 44563 44566 45180 45389 45390 45392 45403 46083 46084 46086 46338 46346 46351 46372 46460 46843 52504 53276 53287 53663 53664 53667 53672 53775 54217 54274 54339 54343 54640 54642 54796 54806 54810 54895 54897 55145 55154
NODE_NUM = 198
FILE hyp_sub_275.aig

# Subcircuit 276
SUB_ID 276
LO (71):  24966 24970 25159 25183 25217 25224 25239 25421 25618 25891 26106 27456 27485 27941 28304 28550 28687 28999 29235 29243 29253 29383 29959 30266 31028 31153 31267 31567 31862 32395 32397 33960 34578 34585 35258 35601 35675 35936 36256 40354 41144 43759 44563 44566 46051 46621 47059 47887 47953 47959 48053 48117 48855 49670 50136 57849 58258 59706 60956 61266 61326 61599 61665 61928 62590 62777 63196 63527 63795 63880 64094
LI (84):  20 25 30 32 40 68 78 95 105 113 115 119 126 25420 25617 25890 26105 27117 27453 27454 28299 28300 28302 28590 28682 28685 28998 29191 29252 29958 30141 30261 30264 31148 31149 31151 31266 31566 32393 32396 33954 33957 34207 34238 34582 34583 35244 35256 35599 35600 36252 40347 40350 43755 43756 44562 46238 46684 47043 47046 47055 47948 48046 48048 48049 48116 48838 48840 48853 58257 60936 60937 60940 60952 61319 61320 62776 63187 63190 63191 63509 63514 63520 63525
NODE_NUM = 197
FILE hyp_sub_276.aig

# Subcircuit 277
SUB_ID 277
LO (58):  25243 25246 25248 25250 25254 25665 25890 26200 26706 28291 28292 29391 53939 54243 54253 54456 54496 54806 54908 54938 55073 55441 55520 55553 55894 55912 56176 56707 61871 61873 61979 62076 62118 62265 62279 62287 62291 62374 62560 62819 63008 63067 63069 63099 63158 63243 63383 63514 63525 63572 63581 63587 63594 63628 63655 63732 63775 63860
LI (81):  22 24 27 28 29 55 116 118 121 122 25664 26199 26705 27459 28858 29246 44130 53455 53913 53926 53935 54229 54231 54233 54242 54447 54452 54547 54804 54860 54864 54873 54888 54907 55440 55551 55889 56170 56171 56174 61826 61828 61836 61864 61870 61928 61959 61964 61971 61977 62075 62262 62336 62557 62559 62808 62812 62813 62814 62817 62975 63001 63007 63037 63054 63059 63060 63064 63234 63241 63357 63358 63360 63370 63379 63561 63566 63571 63579 63580 63585
NODE_NUM = 200
FILE hyp_sub_277.aig

# Subcircuit 278
SUB_ID 278
LO (70):  25256 25258 25274 25278 25306 25338 25413 26027 26081 26201 26701 26799 27129 27254 27470 27776 27950 28312 28556 31579 32381 33492 36795 37150 37914 38500 39140 39353 39369 39373 41202 41619 42018 44635 45229 45403 45774 46070 46372 46761 46843 47570 53965 54447 54526 54606 54628 54796 54988 55088 55103 55112 55189 55258 55485 57645 57655 58096 58100 58188 58564 58638 58737 59032 59178 59399 59401 60185 65134 65410
LI (86):  17 21 23 47 60 61 83 85 99 122 124 126 25300 25302 25304 25633 26076 26077 26079 26699 27123 27124 27125 27127 27350 27468 28307 28308 28310 32376 32378 35904 36799 37913 38495 38496 38498 38966 39139 39372 41185 41190 41191 41198 44633 45228 45397 45400 46064 46066 46067 46362 46365 46842 53930 53953 53956 53959 53963 54442 54444 54445 54519 54522 54596 54600 54604 54620 54623 54987 57163 57635 57636 57644 58084 58087 58095 58182 58185 58629 58632 58725 58728 58731 58735 59396
NODE_NUM = 199
FILE hyp_sub_278.aig

# Subcircuit 279
SUB_ID 279
LO (31):  25415 25417 25966 25976 26076 26699 27124 65673 65674 65805 65806 65950 65951 66079 66080 66183 66184 66303 66304 66469 66470 66576 66577 139123 139132 139142 139151 139161 139170 139180 139189
LI (46):  17 20 125 128 25636 25965 25975 26698 27123 65387 65586 65591 65608 65610 65612 65620 65637 65643 65646 65652 65656 65661 65665 65670 65798 65802 65818 65826 65830 65927 65933 65947 65981 66043 66052 66056 66062 66067 66071 66163 66171 66288 66290 66458 66460 66575
NODE_NUM = 173
FILE hyp_sub_279.aig

# Subcircuit 280
SUB_ID 280
LO (71):  25420 25431 25611 25617 25619 25633 25640 25755 26447 27425 27925 29155 29179 29555 29911 30324 30496 30619 33402 34550 34551 36934 38946 39737 39918 39993 40677 40687 40698 40786 41505 41671 41937 42108 42422 42749 42833 43271 43793 46678 46681 47544 47547 50140 50150 50159 50559 50815 50981 51300 51364 51581 51583 51641 51786 52073 52432 53941 54579 55145 55267 55560 55800 55879 56091 56480 56669 56745 58271 64795 64932
LI (88):  16 24 26 53 57 67 77 87 92 118 120 126 24975 25637 25638 25754 27423 27924 28675 29151 29154 29166 29175 29553 29554 30515 35046 37938 38877 38948 39733 39736 39916 39990 39991 40676 40681 40686 41498 41504 41506 41934 41935 42098 42101 42103 42416 42418 42419 43845 46675 46677 47537 47539 49850 50143 50145 50552 50553 50557 50804 50813 50970 50971 50979 51283 51288 51298 51571 51576 51580 51779 51784 54558 54561 54571 54577 54581 54914 55556 55795 55799 56078 56079 56083 56086 56089 56742
NODE_NUM = 198
FILE hyp_sub_280.aig

# Subcircuit 281
SUB_ID 281
LO (24):  25636 25637 65927 66163 66171 66288 66290 66458 66460 66575 68286 68288 68290 68292 68294 68296 68298 68300 68304 68306 139202 139211 139221 139621
LI (59):  16 18 126 128 59895 65534 65583 65584 65673 65674 65704 65805 65806 65867 65872 65877 65881 65885 65894 65903 65909 65919 65925 65950 65951 66079 66080 66092 66095 66106 66117 66131 66140 66157 66183 66184 66195 66197 66278 66283 66287 66303 66304 66379 66384 66443 66469 66470 66560 66562 66576 66577 66620 66622 66788 66792 66827 68279 68305
NODE_NUM = 200
FILE hyp_sub_281.aig

# Subcircuit 282
SUB_ID 282
LO (75):  25638 25642 25664 25666 25670 25694 25705 26069 26199 26692 28702 29656 32787 32788 34219 34221 34324 34582 35057 35899 36085 36326 36488 36758 36947 36996 37726 39372 39387 39497 39960 40179 40384 41958 42600 42853 42863 43041 43628 44077 45400 46066 46804 46807 46842 49449 51327 51746 55780 56134 56147 56335 56785 60122 60292 60416 60769 60774 61218 61423 61451 61610 61756 61792 61864 62007 62009 62262 62267 62298 62338 62423 62427 62617 62728
LI (83):  21 23 35 40 41 55 61 82 89 103 104 105 121 123 22033 26068 26691 32393 32634 34217 34220 34580 35034 35056 35758 35895 36084 36942 36944 36995 39367 39371 39373 39379 39385 39959 42599 42845 42847 42850 44631 46064 46065 51322 51324 52519 55762 55763 55765 55776 56329 56330 56331 60410 60414 60764 60907 61396 61398 61399 61401 61410 61418 61604 61607 61608 61854 61856 61857 61862 61927 61980 61984 61993 61998 62002 62006 62220 62233 62255 62258 62335 62336
NODE_NUM = 200
FILE hyp_sub_282.aig

# Subcircuit 283
SUB_ID 283
LO (60):  25735 25742 25754 25756 25760 25766 28765 32008 32271 32593 32816 32825 32905 32911 34122 35108 37139 37786 38766 40941 40949 41742 42803 42814 42855 43636 44116 44940 46473 46672 47503 47505 47600 49140 49212 49604 49635 50063 50714 50781 51384 51394 52033 52670 53935 54434 54445 54635 58274 58703 58984 59187 59368 62556 62565 62907 63849 64164 64167 64308
LI (76):  17 30 36 51 53 66 78 90 93 108 114 127 28741 31028 31729 32003 32006 32801 32804 32815 32904 36951 37784 40916 40927 40931 40940 42345 42786 42790 42792 42802 42854 43762 43791 44112 45803 46661 46662 46665 46666 46670 47502 48462 49120 49121 49125 49136 49207 49209 50053 50061 50713 51376 51380 51381 52024 52031 53929 53931 53932 54432 54444 58689 58690 58693 58701 62548 62549 62553 63600 63828 63830 63833 63845 64163
NODE_NUM = 199
FILE hyp_sub_283.aig

# Subcircuit 284
SUB_ID 284
LO (65):  25770 25843 25892 25894 25898 25901 25965 26705 28299 28300 28843 28968 30588 31317 33163 34197 34220 34639 35244 36995 40915 40924 41633 42336 42882 42884 43279 43379 43584 44498 45510 52204 52567 52715 54864 55440 56322 56592 56675 57277 57564 57913 58345 58347 60906 61220 61396 61398 61836 61870 62333 62335 63808 64454 64596 64641 64741 64866 64868 64870 64904 65009 65156 65160 65216
LI (83):  19 23 24 35 52 56 87 92 110 119 120 124 27452 28838 28841 33158 33161 34182 34195 34569 35241 38953 40902 40903 40914 41632 41925 42334 42881 42883 44493 44496 45202 49282 52566 52714 54860 54863 56004 56586 56588 56670 56672 57261 57264 57267 57270 57273 57907 57908 57911 58344 60798 61219 61375 61376 61380 61381 61392 61397 62334 63807 64094 64419 64421 64422 64425 64435 64446 64452 64586 64589 64590 64594 64729 64739 64790 64837 64841 64853 64857 64861 64865
NODE_NUM = 192
FILE hyp_sub_284.aig

# Subcircuit 285
SUB_ID 285
LO (45):  25968 25970 25975 26070 27123 27125 35638 43755 43756 44983 44991 46026 50524 51118 51119 51175 51361 52013 52024 52149 52150 52623 53336 57039 57228 57418 57614 58278 58605 59025 65245 65583 65584 65586 65670 65798 65802 65877 65947 65981 66056 66067 66071 66157 66287
LI (72):  16 19 20 54 72 89 124 125 127 43754 44974 44976 44978 44980 48718 50519 50521 51117 51350 51352 51355 51359 51385 52023 52142 52143 52146 52609 52621 54639 57036 57226 57417 58272 58274 58276 58598 58603 65240 65242 65244 65384 65450 65504 65508 65514 65541 65547 65554 65558 65562 65566 65571 65575 65580 65678 65681 65690 65699 65723 65740 65746 65753 65779 65782 65788 65791 65797 65875 65957 65966 65971
NODE_NUM = 197
FILE hyp_sub_285.aig

# Subcircuit 286
SUB_ID 286
LO (45):  26077 26079 26650 27403 28091 66131 66379 66620 66622 66827 68279 139651 139661 187665 187669 187670 188594 188598 188600 189527 189531 189532 189533 190479 190483 190485 191430 191434 191435 191436 192400 192404 192406 193369 193373 193375 194357 194361 194363 195344 195348 195350 196350 196354 196356
LI (60):  15 18 125 128 26643 26647 26648 65858 66127 66359 66363 66372 66377 66581 66613 66818 66825 66961 68277 139069 139078 139079 139088 139089 139098 139107 139108 139117 139118 139127 139136 139137 139146 139155 139156 139165 139174 139175 139184 139193 139194 139203 139212 139213 139222 139223 139227 139583 139592 139597 139602 139607 139612 139622 139624 139631 139641 139643 139650 139660
NODE_NUM = 198
FILE hyp_sub_286.aig

# Subcircuit 287
SUB_ID 287
LO (84):  26087 26097 26099 26105 26107 26131 26134 26203 26214 26593 26838 29962 30144 30264 30297 31032 31266 32078 32122 32597 32781 32815 32900 32901 33448 33669 34152 34182 34217 35056 39355 40914 41191 41450 41496 41700 41703 42098 42101 42164 42854 43044 46232 47353 47752 47784 48001 48482 48650 49325 49335 49460 50044 50677 52161 53618 53932 54258 54260 54432 54534 55586 55826 58269 58490 58598 58603 58761 58918 58969 58996 59195 59430 59584 59677 59680 59859 59860 61175 62372 62381 62794 63118 63360
LI (77):  20 29 32 33 34 39 49 50 63 80 93 94 96 104 109 111 114 123 29246 30259 31265 32375 32776 32779 32807 32809 32811 32813 33438 33446 40908 40909 40912 41483 41484 41487 41489 41494 41699 42092 46227 46229 47345 47350 47751 47779 47781 47783 49310 49313 49314 49324 50029 50042 53616 53929 54256 54430 55825 57865 58265 58267 58486 58488 58492 58593 58686 58756 58759 58992 58993 59219 59583 60912 62360 62362 62371
NODE_NUM = 197
FILE hyp_sub_287.aig

# Subcircuit 288
SUB_ID 288
LO (82):  26336 26347 26359 26364 26369 26376 26377 26591 27238 27603 28682 28685 28998 29941 29944 29949 30464 30467 37157 37158 37774 38373 38448 38961 39001 39351 39705 39708 39761 39836 39988 40466 40467 40680 40681 40870 41934 41935 42418 42773 42881 43051 43642 49785 50284 50571 50652 50658 50831 50858 50888 51272 51401 51779 51784 51808 52171 52492 52497 52579 53287 53442 53500 53501 53775 54016 54127 54148 54231 54466 54522 54547 54552 54752 54775 54804 54863 55172 60966 61203 61205 62659
LI (81):  25 26 27 33 34 55 56 59 83 85 87 93 105 108 116 26068 27602 28681 29238 30463 37155 37773 38496 38994 38996 38997 39348 39349 39699 39760 39946 40461 40679 41933 42417 42768 42770 43050 49326 49350 49779 49783 50228 50275 50276 50277 50282 50655 50656 51265 51270 51774 52167 52168 52487 52577 53275 53281 53282 53285 53484 53488 53493 53494 53497 53499 53995 53996 54006 54012 54117 54120 54123 54134 54138 54144 54229 54230 54233 54546 54550
NODE_NUM = 198
FILE hyp_sub_288.aig

# Subcircuit 289
SUB_ID 289
LO (68):  26611 26618 26620 26635 26640 26643 27099 27100 27143 27145 27499 27631 28025 34493 34496 35093 35489 36133 36137 36938 37103 37729 37942 42802 43081 43561 44213 44655 45560 45652 45795 45865 46417 46428 46431 46500 46749 46922 47331 47537 49342 49345 50202 53614 53615 54969 56619 58967 59513 59516 59701 59944 60045 60273 60278 60346 61195 61392 61499 61729 61809 61826 62128 62197 62220 64236 64237 64529
LI (86):  14 30 31 45 50 51 71 89 92 95 96 111 127 26892 27098 27492 27496 27497 33953 34492 35092 35900 36115 36134 36136 37728 37940 41861 42794 42796 42807 43077 43559 44648 44651 44652 45545 45558 45640 45644 45647 45650 45789 45791 46422 46424 46493 46496 46497 46745 46746 49340 49341 49344 51399 54531 57033 58271 58541 58966 59506 59509 59694 59695 59696 59699 59939 59941 60035 60038 60272 61189 61190 61193 61376 61385 61389 61390 61723 61726 61727 61801 61806 61823 61824 63992
NODE_NUM = 197
FILE hyp_sub_289.aig

# Subcircuit 290
SUB_ID 290
LO (26):  26647 28333 66788 66792 66818 66825 66961 68277 139583 195352 195353 195354 195362 196372 196378 197355 197359 197360 197371 197372 198379 198383 198384 198385 198406 198415
LI (48):  14 15 127 128 28332 66388 66643 66646 66648 66658 66687 66695 66772 66778 66781 66787 66803 66807 66811 66816 66911 66924 66933 66941 66950 67026 67032 67036 67128 67200 67207 67211 67294 68267 139236 139246 139255 139265 139573 194342 194361 195334 195350 196335 196354 196362 197351 197368
NODE_NUM = 200
FILE hyp_sub_290.aig

# Subcircuit 291
SUB_ID 291
LO (63):  26670 26672 26676 26689 26691 26698 26782 27046 27137 27140 27341 27468 27970 28302 28307 28679 28987 36084 36794 37177 37499 37913 38015 38018 38185 38966 40853 41646 41649 54660 55902 60531 60759 60855 60891 60952 61258 61359 61445 61619 61652 61801 61950 61977 62025 62040 62054 62058 62233 62462 62467 65239 65450 65504 65558 65562 65620 65646 65779 65788 65919 65933 66062
LI (78):  18 20 37 39 40 42 100 102 103 121 122 124 26779 26781 27139 27467 28306 28673 28677 36791 36792 37173 37174 38017 39946 40310 40852 41639 41642 57875 60506 60509 60510 60520 60527 60651 60843 60845 60854 60946 60950 61357 61439 61443 61613 61614 61617 61628 61629 61632 61640 61648 61943 61944 61948 62024 62034 62035 62038 62232 62457 65393 65395 65405 65432 65438 65445 65449 65452 65455 65467 65473 65494 65499 65503 65757 65766 65767
NODE_NUM = 199
FILE hyp_sub_291.aig

# Subcircuit 292
SUB_ID 292
LO (92):  26819 26828 26830 26833 26840 26857 26858 28590 28591 29189 29190 29427 30113 30114 30592 31543 32009 32373 32882 33205 33212 33397 33477 34195 34594 34734 34735 35098 35100 36120 36129 37355 37901 37903 38463 38464 38736 38737 38994 39760 39846 39991 40754 42323 42601 42804 42847 43290 43380 43401 46240 46684 46685 47319 52568 53853 54283 54541 55814 55815 55816 56441 56588 56943 57127 57444 57494 57668 57925 59233 59649 59695 61385 61604 61823 61938 62113 62441 62472 63842 63845 63959 64163 64202 64224 64313 64321 64822 64836 65026 65203 65901
LI (88):  13 22 29 33 34 43 44 52 87 89 97 98 106 112 128 27345 27429 29425 31531 31533 31535 31541 32092 33199 33209 33211 33390 33393 33418 34192 34733 35097 36112 36113 36116 37130 37897 37902 38462 38993 39839 39843 39844 41873 42319 42846 43400 46234 46236 46238 46497 52566 54540 54926 56456 56923 56924 56927 56928 56939 57436 57437 57440 61821 61937 62101 62102 62106 62107 62111 63837 63839 63841 63916 63925 63938 63941 63943 63945 63949 63953 63957 64161 64818 64820 64821 64827 64832
NODE_NUM = 200
FILE hyp_sub_292.aig

# Subcircuit 293
SUB_ID 293
LO (99):  26863 26867 26875 26882 26886 26892 26894 26970 27056 27083 27086 27108 27190 27441 27442 29232 29286 29392 29464 29466 29980 30225 30240 30249 30282 31294 31997 32279 32579 32876 33384 33386 34964 35025 35879 35880 35882 36491 36496 37259 38921 38925 39499 39869 40717 41154 41358 41504 41933 42103 42416 42419 43735 44017 44080 44081 44086 44149 44167 44616 44736 44951 45018 45042 45049 45397 45663 46012 46060 46083 46503 46732 46792 46927 47649 48220 48636 48748 48762 48915 48995 49160 49767 50145 50741 50946 50957 51923 52223 52303 52685 53161 56078 56089 56723 56725 57071 57114 57602
LI (97):  26 27 47 50 55 56 59 61 62 65 75 78 80 81 84 86 90 91 96 114 115 27053 27055 27440 29390 29465 29470 29978 30229 30230 30239 31993 31994 33385 34456 35598 35875 35881 36495 37938 38924 39868 40557 40716 40720 41152 41503 42415 43048 43407 43739 44085 44163 44615 44940 44949 45017 45030 45031 45041 46058 46082 46638 46924 47628 47648 48191 48205 48206 48210 48214 48218 48610 48615 48617 48625 48632 48979 48982 48993 50144 50956 51918 51919 52681 52682 53160 55757 56065 56066 56077 56349 56713 56722 56724 57110 57113
NODE_NUM = 198
FILE hyp_sub_293.aig

# Subcircuit 294
SUB_ID 294
LO (62):  27115 27117 27119 27127 27135 27139 27151 27346 27453 30089 30097 30629 30638 30913 30918 31324 35031 35895 36116 36791 36792 38892 39467 39699 40138 40139 40191 40197 40410 40412 40558 40666 40784 60410 60414 60791 60912 60913 62101 62111 62408 62498 62611 62656 62722 62832 62916 62921 62925 62970 64419 64452 64878 64895 64899 65514 65541 65740 65830 65903 66052 66117
LI (84):  15 21 22 38 39 40 99 101 103 119 120 126 27345 27452 29155 29159 30081 30085 30621 30622 30624 30626 30912 35894 36115 36790 38886 38888 38890 39446 39449 39450 39453 39463 39979 40185 40189 40397 40401 40405 40409 40557 60413 60790 61841 62087 62089 62090 62100 62395 62396 62398 62399 62402 62406 62483 62496 62598 62600 62601 62602 62605 62609 62654 62655 62713 62718 62918 64291 64396 64398 64410 64418 64873 65407 65409 65518 65527 65537 65733 65738 65897 65900 65901
NODE_NUM = 198
FILE hyp_sub_294.aig

# Subcircuit 295
SUB_ID 295
LO (75):  27283 27345 27350 27351 27429 27438 27440 27452 28116 28186 28677 28698 31568 32112 32115 32609 32639 32817 33682 34052 34125 35602 36997 37173 37174 39357 39360 39835 40130 41231 57860 58226 59213 59663 59705 59868 59869 59878 60020 60150 60583 60586 60596 61172 61410 61628 61629 61751 61939 61948 62034 62035 62200 62232 62371 62685 63154 63202 63822 63823 63825 64100 64117 64221 64258 64525 64590 64700 64747 64781 64790 64861 64865 64916 65612
LI (84):  18 19 20 26 27 36 38 45 97 102 103 113 120 122 123 26609 26614 28113 28114 28185 28675 32069 32110 32113 32633 32634 32637 33673 33675 33679 37172 39356 39358 39834 40124 40127 54565 56079 58225 58755 59656 59659 59660 59704 59877 60130 60131 60133 60142 60148 60577 60581 61405 61406 61408 61627 61743 61749 61947 62231 62366 62368 62678 62679 63149 63356 63580 64094 64097 64209 64218 64247 64249 64251 64256 64467 64474 64490 64499 64504 64515 64523 64695 64785
NODE_NUM = 200
FILE hyp_sub_295.aig

# Subcircuit 296
SUB_ID 296
LO (63):  27454 27457 27459 27467 27483 28675 29151 29248 29409 29976 30081 30621 30717 31139 31313 31730 31757 31803 33001 33962 37784 38386 39132 41487 42352 42790 43216 43905 64249 64421 64589 64837 64857 64939 64951 64996 65042 65179 65305 65355 65384 65503 65534 65537 65580 65665 65733 65738 65872 65881 68305 68307 68309 68311 68313 68316 68318 68320 68322 68325 68327 68329 139113
LI (87):  17 19 23 25 94 116 117 121 123 28839 29149 29150 29192 29407 30075 30076 30077 30619 31112 31114 31116 31125 31135 31729 31793 31801 37121 38380 38382 42346 42347 42350 42789 43208 43213 59062 63822 63894 63895 64074 64346 64347 64379 64380 64420 64588 64636 64637 64776 64792 64795 64804 64812 64836 64931 64932 64935 64936 64984 64994 65033 65040 65078 65079 65084 65085 65165 65177 65235 65236 65238 65306 65348 65358 65361 65365 65368 65374 65377 65530 65533 65732 65869 68306 68314 68323 68328
NODE_NUM = 200
FILE hyp_sub_296.aig

# Subcircuit 297
SUB_ID 297
LO (36):  27492 27496 29578 29907 66911 67128 67207 67211 67294 68267 139573 191445 191449 192422 192431 193385 193386 193388 194379 194388 194394 197351 197368 197377 197389 197390 198401 198428 198434 199402 199406 199407 199418 199419 200471 200480
LI (57):  13 14 126 127 29168 29572 29576 29906 66713 66832 66834 66839 66848 66881 66898 66904 66909 67073 67101 67108 67118 67282 67283 67292 67363 67369 67443 68262 139274 139559 139563 190464 190479 190483 191420 191436 192385 192400 192404 192412 193359 193375 194342 194369 195348 196350 196354 197345 197371 197372 197373 197386 198364 198383 198391 199398 199415
NODE_NUM = 199
FILE hyp_sub_297.aig

# Subcircuit 298
SUB_ID 298
LO (67):  27497 27574 27578 27588 27599 27602 28113 28114 29257 29425 35803 36190 36828 36836 37213 37314 37614 37821 38033 38447 38531 38860 39124 39279 39487 48068 48598 48607 48838 48993 52543 52546 52768 52962 53616 54242 54957 56452 56586 56823 57273 59334 59338 59607 59716 59793 60035 60038 60095 60097 64272 64273 64418 64572 64574 64676 64711 64994 65040 65143 65145 65405 65432 65438 65757 65766 65767
LI (80):  12 28 30 32 33 54 86 106 107 110 112 128 35863 36170 36175 36176 36186 36817 36818 36827 37607 37611 37612 38445 38511 38513 38516 38527 39486 48063 48066 48583 48587 48588 48597 52764 52766 53220 53994 54239 56449 56450 56585 57272 59000 59313 59323 59324 59327 59331 59711 59713 59778 59781 59791 60029 60033 60094 62599 63940 64265 64267 64573 64665 64668 64669 64674 65088 65090 65091 65092 65102 65110 65142 65269 65413 65417 65418 65428 65765
NODE_NUM = 200
FILE hyp_sub_298.aig

# Subcircuit 299
SUB_ID 299
LO (84):  27626 27636 27924 28085 28087 28120 28123 28143 28151 28266 28539 28641 28643 28739 29041 29399 30988 30989 31446 31976 32378 32776 35598 35599 35605 36173 36252 37611 37767 38706 40940 41383 41747 42857 42902 43382 43705 43849 44129 44908 45096 45836 46799 46800 46881 47046 48147 49341 50397 50601 50610 50969 51298 51524 51526 52240 52534 54012 54268 54620 54623 54944 55568 55583 56048 56377 56773 56838 57710 58012 58064 58210 58211 58486 58629 58632 60168 60527 60559 60562 60829 61078 61240 61821
LI (93):  12 28 30 44 49 51 58 60 70 80 81 88 91 95 109 111 127 12632 27421 28265 28640 28732 28736 28737 29397 30291 32030 32775 34209 35604 37609 37760 37763 37765 39938 40935 40937 43704 44117 44119 44121 44127 45829 45831 45833 46798 46879 50585 50587 50589 50600 50963 50966 50967 51296 51523 53473 54008 54010 54263 54266 54614 54618 56009 56064 56349 56353 56362 56373 57204 57700 57701 57702 57708 58200 58202 58204 58205 58206 58485 58628 60163 60164 60166 60523 60525 60552 60556 60812 60814 60816 60824 60825
NODE_NUM = 200
FILE hyp_sub_299.aig

# Subcircuit 300
SUB_ID 300
LO (84):  28173 28182 28185 28265 28272 28284 28295 28744 28838 28845 28882 29246 29531 29625 30141 31149 31442 41498 42417 43050 43052 43952 44163 44733 45030 45031 45359 45362 45373 46047 46049 46064 46266 46351 46460 46675 46676 46677 47146 47265 47310 47350 48205 48214 48474 48711 48735 48753 48888 48901 49109 49225 49226 49383 49384 49626 49654 49814 49820 49944 49957 50022 50557 51288 52176 53488 54008 54010 54229 54571 54618 54917 54989 55154 55471 55551 55776 56013 56140 56239 56581 57203 63580 64096
LI (84):  21 24 25 26 53 54 56 59 67 72 79 82 85 86 112 114 115 118 28177 28743 28837 29529 40907 43049 43723 45028 45230 45358 45361 45364 45371 45828 46046 46048 46063 46248 46252 46262 46452 46457 46501 46674 47751 48194 48204 48467 48470 48713 48717 48718 48721 48724 48730 48881 48882 48885 48886 48895 48896 48899 49095 49098 49107 49382 49653 49819 49943 50020 50552 50555 50556 53055 53470 54228 54565 54568 54569 54910 54911 54915 55467 55543 55772 55798
NODE_NUM = 200
FILE hyp_sub_300.aig

# Subcircuit 301
SUB_ID 301
LO (41):  28306 28308 28310 28332 28857 28867 29166 29168 29175 29432 29443 29491 29554 29914 30434 30505 30601 30742 31099 31239 31881 66443 66613 66658 66772 66778 66816 66881 66898 66909 66950 67026 67032 67073 67200 67282 67283 67292 67303 67358 67362
LI (65):  11 15 16 122 123 124 125 28856 28864 29159 29163 29164 29169 29171 29173 29431 29441 29442 29485 29486 29487 29489 29553 29911 30599 31094 31096 66257 66394 66396 66398 66406 66436 66441 66604 66611 66660 66677 66705 66710 66720 66729 66735 66763 66770 66853 66857 66858 66860 66862 66865 66879 66886 66895 66974 66975 66977 66996 67014 67071 67141 67147 67185 67281 67300
NODE_NUM = 196
FILE hyp_sub_301.aig

# Subcircuit 302
SUB_ID 302
LO (34):  28336 29572 29906 67101 67281 67443 68262 139559 189535 189536 189537 189545 190501 190507 197373 198458 198459 199424 199433 199442 199451 199460 199469 199478 199487 199496 199502 200444 200448 200449 200460 200461 201512 201521
LI (54):  11 14 125 128 29487 29574 29904 66843 67083 67084 67097 67230 67251 67274 67378 67430 67439 67507 67511 67588 68258 139284 139293 139554 188579 188598 189517 189533 190464 190491 191420 192385 193359 194342 195334 196335 197345 197355 197359 198364 198385 198391 198401 198410 198419 198428 198437 198446 198455 199392 199406 199414 200440 200457
NODE_NUM = 197
FILE hyp_sub_302.aig

# Subcircuit 303
SUB_ID 303
LO (88):  28443 28444 28640 28657 28659 28673 28681 28695 28728 28732 29486 29553 29904 30229 31135 31491 31496 31528 31793 32040 32042 32428 32537 33147 34009 34292 35256 36844 37648 39271 39449 39453 39712 40189 40556 41167 41168 41887 41992 42346 42642 42845 43570 44606 45007 45776 45779 46478 46694 46736 47455 47472 48585 48721 48724 49479 49694 49879 50341 50354 50965 51380 51881 53492 53930 53931 56450 56905 57469 57906 57940 58519 58719 59056 59711 59713 60033 60614 60616 61087 61211 61357 61369 62346 62713 63214 63744 66708
LI (89):  11 17 37 43 48 52 57 65 73 80 86 90 95 101 120 126 27886 28442 29485 29552 29575 30227 31123 31128 31131 31132 31495 31520 31522 31524 32039 32041 32426 32536 33143 34002 34005 34006 34599 36842 39267 39447 39452 39710 40549 40553 40554 40916 41166 41988 41989 42345 42395 42641 42839 42842 45775 45777 48612 48720 48722 49477 49682 49691 50336 51379 52993 56328 56671 56900 56901 57462 57467 57937 57958 58513 58515 59326 59712 60133 60602 60603 60613 60651 60946 62340 62344 62701 62710
NODE_NUM = 198
FILE hyp_sub_303.aig

# Subcircuit 304
SUB_ID 304
LO (38):  28736 67251 67430 67588 68258 139554 186751 186752 186753 186761 187689 187693 188616 188625 188634 199398 199415 200466 200475 200559 200560 201485 201489 201501 201502 201530 201539 201548 201557 201566 201575 201584 201593 201602 201611 201620 202572 202581
LI (61):  11 12 126 127 67161 67240 67242 67244 67249 67407 67419 67424 67571 67573 67584 67644 67646 67686 68254 139303 139312 139549 185819 185838 186730 186743 186747 187650 187671 188579 188606 189517 190464 191420 192385 193359 194342 195334 196335 197345 198379 198383 199392 199414 200429 200448 200456 200460 200461 200472 200484 200493 200502 200511 200520 200529 200538 200547 200556 201481 201498
NODE_NUM = 197
FILE hyp_sub_304.aig

# Subcircuit 305
SUB_ID 305
LO (52):  28737 28743 28759 28837 28839 28841 28849 29407 29648 32018 32024 32555 32920 33134 33139 33456 33580 33730 33854 34827 39995 40001 40746 44159 45079 46048 47791 47794 50959 57226 57701 59628 59637 60008 64398 64887 65687 65689 66043 66195 66197 66278 66283 66359 66377 66384 66560 66562 66581 66695 66781 66787
LI (73):  13 20 21 23 44 60 78 94 115 117 118 125 29139 29406 31742 31744 32021 32022 32037 32529 32533 32543 32551 33108 33112 33122 33130 33575 33577 39344 39355 39999 44155 44156 47790 47792 50743 53280 59619 59621 59622 59625 64886 65521 65688 65897 65899 65985 65986 65997 66005 66016 66039 66192 66203 66204 66206 66215 66223 66231 66240 66274 66323 66324 66327 66328 66332 66349 66354 66474 66488 66493 66549
NODE_NUM = 197
FILE hyp_sub_305.aig

# Subcircuit 306
SUB_ID 306
LO (66):  28856 28858 28859 28861 28864 28870 28872 28874 28926 28971 29121 29123 29349 29698 30599 31096 46497 47699 48159 48174 48384 48387 48645 48859 49073 49436 49760 50151 52532 53538 53541 53550 53956 53959 54233 55244 55870 56056 56330 56655 57107 57170 57745 59323 59331 59698 59699 59791 59939 60163 60393 60422 60556 60808 60843 60845 61215 61489 67185 67300 67363 67369 67439 67507 67511 67584
LI (82):  10 14 49 63 65 69 72 88 89 123 124 127 128 28911 28913 28915 28919 28924 29122 47674 47676 47678 47687 47695 48151 48153 48154 48156 48376 48381 48639 48640 48643 49064 49066 49070 51917 52518 52520 52523 52525 52530 53531 53533 53955 55239 55240 55242 56650 56653 57164 57167 58193 58964 59314 59318 59322 60162 60377 60379 60383 60384 60390 60555 60838 61209 61211 61213 67160 67171 67173 67175 67177 67183 67303 67333 67337 67346 67358 67362 67496 67498
NODE_NUM = 200
FILE hyp_sub_306.aig

# Subcircuit 307
SUB_ID 307
LO (63):  29126 29130 29133 29134 29139 29149 30131 30239 30912 31274 33620 33986 34614 34683 34810 35344 35349 35397 35569 36662 38409 42444 44351 44352 44946 48113 48122 48661 48717 49064 49066 49209 49271 49492 49587 49590 53323 53461 53843 54181 54271 55003 56337 57700 57708 58060 58182 58466 58746 58955 59103 59247 59396 59538 59729 59845 61971 62074 62083 62255 62483 62621 66971
LI (82):  8 18 47 59 64 72 77 88 89 119 128 13151 29124 29465 30125 30128 30233 30237 33117 33597 33598 33608 33616 33981 33982 33984 34608 34611 34612 34802 34807 35343 44350 47676 48103 48104 48112 48654 48655 48656 48659 49063 49245 49246 49248 49249 49259 49268 49581 53025 53318 53321 53455 53458 53459 53955 57190 57693 57695 58181 58232 58456 58464 58740 58744 58950 58951 58953 59387 59389 59393 59530 59535 61967 61969 62061 62062 62064 62073 62239 62243 62253
NODE_NUM = 199
FILE hyp_sub_307.aig

# Subcircuit 308
SUB_ID 308
LO (50):  29150 29154 29159 29163 29164 29442 30622 30626 31116 31125 31744 31752 31801 32252 32338 33284 63437 63666 63785 63864 63938 63949 63963 64020 64029 64040 64049 64057 64197 64540 64553 64648 65875 66274 66323 66332 66349 66396 66398 66406 66436 66441 66474 66549 66594 66611 66704 66739 66770 66811
LI (69):  13 14 15 17 18 31 118 119 121 122 123 29441 30624 31120 31121 31123 31741 31742 31743 31745 31750 32326 32335 61029 62067 63010 63416 63418 63421 63433 63572 63599 63601 63603 63613 63620 63624 63628 63659 63664 63762 63770 63775 63829 63931 63933 64526 64529 64539 66253 66263 66266 66272 66312 66315 66322 66341 66344 66395 66412 66415 66423 66432 66520 66530 66531 66535 66543 66545
NODE_NUM = 199
FILE hyp_sub_308.aig

# Subcircuit 309
SUB_ID 309
LO (45):  29169 29171 29173 29454 67242 67333 67496 67498 67644 67646 67686 68254 139549 184046 184049 184945 184952 185856 185865 200440 200457 201507 201516 201636 201637 202545 202561 202562 202590 202599 202608 202617 202626 202635 202644 202653 202662 202671 202680 202689 202698 202707 202716 203631 203640
LI (69):  10 12 124 125 126 65127 67133 67137 67318 67326 67331 67453 67464 67489 67632 67639 67680 67682 67743 68252 139322 139546 183157 184024 184039 184043 184917 184936 185819 185846 186730 187650 188579 189517 190464 191420 192385 193359 194342 195334 196335 197345 198364 199402 199406 200429 200456 201475 201489 201497 201501 201502 201513 201525 201534 201543 201552 201561 201570 201579 201588 201597 201606 201615 201624 201633 202541 202549 202558
NODE_NUM = 196
FILE hyp_sub_309.aig

# Subcircuit 310
SUB_ID 310
LO (85):  29191 29192 29193 29216 29223 29237 29238 29239 29252 29275 29282 30216 30515 31012 31085 31090 33510 33722 33723 33964 34554 34571 35030 35034 35066 35769 35770 35775 36112 36473 37099 37118 38489 39344 39736 39953 39990 40303 40728 40902 40903 41483 41494 41632 42112 43077 43828 43858 44117 44127 44549 44765 45087 45837 48046 49326 50239 50730 50828 50857 51571 51576 51659 52776 52975 53055 53059 53880 54330 54384 54848 56971 57859 58225 58448 58725 58735 59204 59313 59672 59806 60311 60500 60540 60545
LI (86):  22 25 27 31 33 34 41 44 60 75 92 95 102 103 104 109 111 114 26214 29414 30215 31011 32076 32117 34553 35029 35774 36109 36110 38488 39486 39735 39949 39950 40302 40901 41476 41479 41480 43790 43792 43795 43800 43827 44104 44105 44108 44116 45086 45202 47656 50144 50227 50229 50230 50233 50237 50722 50727 50850 50853 50854 51570 52522 52770 52773 53054 53057 53871 53874 57858 58447 58711 58714 58715 58724 59295 59297 59299 59309 59931 60291 60293 60294 60307 60539
NODE_NUM = 197
FILE hyp_sub_310.aig

# Subcircuit 311
SUB_ID 311
LO (73):  29288 29365 29389 29390 29397 29406 29414 29415 32108 32589 34102 34553 34569 35343 36113 36955 37132 37494 38248 40688 41479 41921 42391 42402 42541 42542 42859 42879 42890 43220 43608 43613 44059 44069 44678 44699 44708 45194 45500 45877 45926 47096 47676 48640 49313 50907 51334 52217 53049 56995 57215 57636 57768 58488 61171 61509 61577 61658 63370 63718 63762 63979 64013 64567 64722 64886 65002 66138 66412 66415 66879 66924 67118
LI (82):  9 19 22 24 35 40 50 87 90 91 97 102 118 127 17864 20622 30605 32117 32565 34097 34099 36952 36953 37127 37130 40961 41478 41884 41916 42379 42390 42540 42612 42872 42873 42876 43008 43603 44051 44055 44056 44686 44687 44689 44692 44698 45189 45192 45488 45497 49312 51330 51331 51333 52693 55755 57767 58203 60949 61145 61151 61152 61155 61167 62060 63364 63367 63394 63752 63756 63760 64532 64561 64563 64565 64714 64720 66870 66874 66876 66915 66920
NODE_NUM = 200
FILE hyp_sub_311.aig

# Subcircuit 312
SUB_ID 312
LO (72):  29416 29418 29431 29436 29441 29451 29465 29467 29485 30271 31531 31541 32041 32929 36110 36974 36983 37167 37643 37652 37915 37930 38262 38714 41878 42396 42656 43026 43343 43966 43976 43981 44652 48587 49229 49310 49462 49861 50020 50227 50237 50754 51385 53477 54117 54120 54568 56583 57141 57217 57644 57989 58084 58087 58319 61397 61432 61437 61607 61806 63841 63931 64218 64291 65690 65867 65909 66039 66106 66192 66318 67449
LI (84):  9 12 23 34 49 62 72 85 86 100 111 112 122 123 124 29124 30270 31530 31539 32926 35806 36150 36964 36973 37635 37636 37637 37638 37640 37922 37925 37926 41871 41874 41875 42395 42646 42649 43007 43009 43011 43022 43971 46501 48457 48585 49460 50212 50216 50217 50226 53471 53473 53475 54116 54230 56331 56580 56581 56995 57639 57642 57984 57987 58083 61431 61433 61435 61606 61612 63394 63927 63928 65422 65529 65687 65688 65689 65849 65851 65854 65863 66031 66032
NODE_NUM = 200
FILE hyp_sub_312.aig

# Subcircuit 313
SUB_ID 313
LO (28):  29487 29489 29575 29576 31162 31898 68252 139336 139337 139346 139355 139356 139365 139366 139375 139376 139385 139386 139395 139396 139543 202546 203601 203605 204679 204683 205756 205760
LI (41):  7 9 126 128 29574 31156 31158 31160 66992 67747 67763 67764 67774 67783 67789 67796 67802 67805 67826 67853 67855 67867 67871 67875 67887 67904 67943 67944 67966 67972 67981 68053 68056 68237 139331 139341 139350 139360 139370 139380 139390
NODE_NUM = 172
FILE hyp_sub_313.aig

# Subcircuit 314
SUB_ID 314
LO (72):  29529 29532 29546 29552 29562 29574 29618 30125 30128 33414 33575 33954 34089 34603 36175 36803 38480 38482 39267 39379 40165 40976 41759 41764 42789 43396 44227 44645 45545 46741 47043 47631 47948 48048 48632 49003 49125 49224 50061 52206 55581 55590 55700 56410 58693 58966 59324 59781 60884 61263 61318 62868 62975 63007 63092 63350 63397 63817 64435 64818 64832 64979 65033 65091 65183 65197 65301 66031 66032 66253 66272 66648
LI (87):  13 16 27 36 44 52 53 83 84 93 101 110 121 124 30124 30126 33953 34088 34602 34984 36173 38481 38885 39266 39268 40971 40974 41754 43389 43392 43393 43395 44639 44643 45774 46740 47037 47039 47658 48627 48630 49219 49222 50060 55566 55568 55570 55580 55692 55698 58514 58691 58965 59000 60875 60879 60883 62853 62854 62858 62866 63022 63030 63087 63090 63349 63392 63395 63396 64429 64430 64433 64817 64821 64968 64969 64972 64973 64977 65023 65025 65026 65028 66024 66027 66028 66252
NODE_NUM = 200
FILE hyp_sub_314.aig

# Subcircuit 315
SUB_ID 315
LO (89):  29619 29628 29692 29945 29951 29978 30059 30066 30072 30075 30077 30085 30091 30370 30568 31112 31114 31132 31552 31729 33161 33183 33540 33543 34010 34022 35614 36827 37507 37931 37932 39849 39855 39860 40674 40686 40721 41152 41454 41459 41652 41841 42567 42774 43037 43038 44672 45531 49804 50514 54001 54343 54869 56006 56901 58449 59273 59349 60654 61025 61028 63576 63585 63797 63916 63957 64188 64420 64422 64541 64792 64935 65142 65290 65348 65409 65413 65473 65547 65554 65591 65652 65765 65868 66339 66876 67135 67457 67459
LI (74):  2 3 16 18 22 24 25 26 45 58 90 109 110 111 113 115 116 117 119 29686 29688 29690 30056 30058 30061 30065 33542 35870 36822 36825 36971 39854 39856 40279 40676 40720 41276 41834 41836 41839 42859 44105 44670 58485 59261 59262 59267 59269 60649 60652 61019 63356 63581 63584 63906 63911 63915 64791 64932 65115 65131 65133 65134 65140 65279 65280 65284 65288 65325 65329 65338 65408 65410 65588
NODE_NUM = 195
FILE hyp_sub_315.aig

# Subcircuit 316
SUB_ID 316
LO (85):  30102 30107 30109 30124 30126 30160 30162 30215 30227 30230 30233 30237 30953 30954 30956 31156 31990 32385 32752 36790 38965 42873 43022 43837 43971 44364 44958 45001 45189 45640 45650 45826 46094 46229 46290 46661 46670 46819 46932 47345 47583 48302 49314 49867 49868 49869 50212 50636 50854 50866 50867 51265 51270 51275 51825 52555 52758 55755 55762 56206 56209 56381 56385 56636 56919 56963 60925 61330 61632 62354 62549 62710 62854 63756 63927 63945 64267 64665 64674 64931 65023 65025 65108 65177 67871
LI (87):  6 8 34 40 46 47 51 67 68 83 84 87 88 96 101 126 127 30155 30159 30235 31155 31983 31987 31988 38478 43017 43018 43020 43829 43833 43836 44338 44346 44355 44356 44357 44359 45626 45627 45629 45632 45639 45815 45820 45824 45830 46228 46286 46653 46654 46657 46658 47575 47581 48981 49245 50618 50620 50621 50623 50632 51260 55759 55761 56199 56202 56379 56380 56382 56635 56961 60603 60922 60923 62088 62349 62352 62991 63755 64266 64657 64660 64664 64926 64929 65018 65176
NODE_NUM = 200
FILE hyp_sub_316.aig

# Subcircuit 317
SUB_ID 317
LO (76):  30235 30254 30257 30259 30261 30268 30270 30272 31131 31142 31144 31148 31265 32117 35054 36163 36170 36973 37332 37635 37830 38025 38271 38527 39288 39400 42658 42660 45169 48104 48656 48659 49063 49610 49819 50537 50580 54589 55580 55692 55698 55782 55792 56077 56199 56713 58782 59269 59620 60131 60377 60838 60854 63019 63054 63064 63379 63561 63727 66713 66715 66720 66848 66895 66967 67014 67071 67083 67108 67141 67147 67171 67173 67230 67346 68004
LI (79):  6 7 19 21 43 44 61 72 73 90 91 113 115 127 128 31130 31141 31143 31147 34096 35813 36165 36167 36169 36970 36971 37329 37628 37631 37634 37922 38024 38522 38525 42657 49059 49061 49814 49816 49818 55227 55555 55577 55578 55691 55781 55790 56071 56075 60300 60356 60358 60373 63046 63048 63051 63373 63376 66670 66717 66718 66722 66841 66843 66845 66846 66969 67001 67005 67012 67068 67070 67077 67078 67080 67140 67161 67165 67170
NODE_NUM = 197
FILE hyp_sub_317.aig

# Subcircuit 318
SUB_ID 318
LO (91):  30284 30291 30299 30300 30301 30463 30472 30479 30481 30605 30624 31024 31339 31845 35776 36942 37587 37597 38200 38228 38234 38358 38894 39452 40127 40553 40863 41699 42641 43000 43007 44061 44193 44636 45424 45833 46238 46879 47081 48612 48617 48639 48643 48981 48982 49070 49121 49875 50153 50186 50722 50743 51333 51794 53275 53276 54123 54285 55691 56232 56328 56329 58193 58200 58482 58551 58628 58751 58781 58790 58932 59044 59214 59362 59387 59389 59535 59694 62399 62548 62808 62817 62881 62884 63234 63509 63941 63999 64006 64135 64428
LI (90):  14 27 30 33 38 39 52 55 64 69 70 79 82 95 96 101 104 107 120 31013 31023 35029 36145 37571 37574 37575 37577 37578 37580 37583 38223 40125 40552 40857 40858 40861 41698 42999 43002 43005 44060 45642 45829 48147 48152 48614 48616 48642 50181 50182 50184 52506 53053 53484 53638 55686 55687 55689 56671 57033 57899 58199 58492 58540 58541 58544 58545 58549 58625 58769 58770 58780 59359 59360 59382 60357 62348 62544 62672 62799 62807 62880 63219 63232 63940 63985 63986 63987 63988 63998
NODE_NUM = 198
FILE hyp_sub_318.aig

# Subcircuit 319
SUB_ID 319
LO (74):  30702 30959 30984 30990 31000 31001 31515 31524 31735 31825 32030 32031 32033 32376 32633 32637 33679 35618 37187 38291 38456 39246 39269 39482 39493 40397 40405 40424 40715 44686 45192 45626 45815 45824 46274 46513 46653 47232 47238 47575 47581 47781 50216 50850 51440 51449 51791 51872 52711 56066 56571 56923 57413 57415 58181 59216 59877 60922 61743 61749 62137 63026 63037 63571 63659 63853 63869 64008 64109 64146 64151 65863 66092 66095
LI (83):  9 26 37 40 48 49 51 82 84 85 93 96 107 125 31514 31523 31734 31736 31824 32110 32375 32636 37007 38017 38454 38505 39268 39471 39472 39481 40318 40391 40392 40394 43810 45191 45204 45625 45808 45812 46269 46270 46272 46647 46650 46651 47231 47574 50214 51426 51429 51430 51439 51865 51866 56177 56635 56919 57409 60606 61735 61736 61738 61742 62060 62387 63025 63032 63035 63634 63637 63648 63652 63655 63747 63999 64002 64006 64141 64817 65592 65859 66091
NODE_NUM = 195
FILE hyp_sub_319.aig

# Subcircuit 320
SUB_ID 320
LO (79):  31011 31013 31023 31094 31121 31123 31128 31130 31495 32037 32039 32043 32089 32326 32859 32926 33122 34143 34245 34247 34526 35010 35653 35761 35811 35914 36121 36239 36718 36723 37008 38897 39484 39949 40316 40554 40974 41185 41899 41909 42379 42671 45828 45829 46234 51891 52136 52285 53928 54276 54815 55467 56331 56580 63600 63603 64968 64977 65191 65256 65494 65753 66203 66324 66327 66423 66530 66535 66604 66660 66687 66705 66735 66803 66807 66904 66920 67084 67244
LI (82):  10 12 13 18 19 29 63 70 102 105 114 120 121 122 15359 31491 31492 31494 31514 31523 32040 32042 32323 33115 33119 33120 34088 34522 34523 34525 34985 34986 34989 34992 34998 35006 35807 35913 36115 36713 37007 37127 39488 40311 40312 40314 41885 41887 41889 41898 42378 51885 51887 51889 51917 54270 54271 54274 63417 64956 64959 64967 65251 65253 65487 65492 65897 66326 66418 66419 66421 66527 66528 66594 66602 66661 66662 66664 66673 66683 66704 66800
NODE_NUM = 198
FILE hyp_sub_320.aig

# Subcircuit 321
SUB_ID 321
LO (69):  31143 31147 31155 31158 31160 31590 31599 31983 32451 32551 32667 33782 34998 35819 36169 36340 36713 36971 37636 37637 38422 38423 38691 38699 39030 39481 39612 39793 40275 40443 40505 50257 50773 54596 54604 55126 55785 56906 58744 58950 58951 59393 59646 60196 60340 65127 66729 66843 66845 66846 66886 67875 67995 68053 68056 68063 68069 68092 68116 68117 68119 68124 68127 68151 68169 68182 68235 139401 139411
LI (72):  2 5 7 8 20 60 73 112 117 125 128 31534 31583 31584 31587 32546 32547 32549 34993 34995 35000 35813 35816 36165 36168 36962 38521 39020 39023 39024 39028 39476 39477 39781 39790 50250 50251 50255 50517 54290 54588 54590 54591 55783 58738 58949 59296 59392 59641 59644 60187 60192 65999 66723 66724 66727 67871 67874 67996 68000 68004 68006 68014 68018 68041 68043 68064 68068 68075 68087 68109 68113
NODE_NUM = 200
FILE hyp_sub_321.aig

# Subcircuit 322
SUB_ID 322
LO (98):  31383 31457 31466 31472 31473 31474 31486 31492 31514 31516 31520 31522 32091 32092 32126 32393 32398 32418 32426 32568 32570 33211 33412 33673 33675 33966 34192 35049 35063 36320 37760 37940 38511 39020 39028 39265 39488 39790 41642 42397 44065 44612 45569 45609 45611 46457 47663 48418 48625 48979 49059 49061 49237 49282 49291 49306 49832 49998 50015 50233 50542 50681 50967 51798 52146 52523 52686 52687 53484 53533 54546 55545 57167 57272 58747 58748 58749 58987 59631 60798 60801 60907 61061 61932 63742 63743 63749 64668 64669 64714 64720 64853 65110 65329 65723 65885 65957 65971
LI (90):  11 24 25 29 31 32 36 62 64 68 70 96 100 101 103 106 107 108 121 31235 31382 31471 32090 32391 32395 32396 32397 32565 32566 32567 33207 33210 33411 33672 35046 36316 36318 38506 38507 38509 39012 39014 39016 40347 40850 44606 44609 45606 45608 47657 47658 47661 48619 48623 49057 49233 49234 49281 49283 49285 49286 49987 49990 49992 51796 52108 52522 53483 56925 57166 58166 58986 60402 60797 60800 63366 63748 64266 64666 64702 64703 64704 64713 64851 65105 65108 65713 65715 65716 65721
NODE_NUM = 200
FILE hyp_sub_322.aig

# Subcircuit 323
SUB_ID 323
LO (53):  31523 31530 31533 31534 31535 32546 33130 33988 34304 45625 47076 47687 47934 48381 48569 56996 56997 57122 57593 58237 58647 58652 64573 65131 65140 65279 65288 65325 65487 65492 65643 68041 68043 68075 68087 68109 68113 68237 139405 139406 139415 139424 139425 139434 139435 139444 139445 139528 206852 206856 207947 207951 209061
LI (65):  4 8 36 66 95 123 127 30953 31986 32545 33128 33601 46656 47072 47074 47682 47683 47685 47924 47932 56995 57116 57120 58233 58235 58642 65116 65119 65130 65132 65271 65272 65276 65317 65323 65486 67881 67929 67998 68028 68036 68040 68072 68073 68092 68095 68102 68116 68117 68119 68133 68137 68149 68151 68157 68186 68225 68235 139400 139401 139410 139411 139419 139429 139439
NODE_NUM = 179
FILE hyp_sub_323.aig

# Subcircuit 324
SUB_ID 324
LO (65):  31539 31566 31581 31587 32545 32973 33608 34807 39476 40391 40737 50618 50927 51260 51439 52037 62348 62349 63051 63077 63416 63491 63493 63620 63674 63678 66858 66974 67077 67160 67165 67183 67318 67331 67419 67424 68149 68225 139520 139522 139524 139526 139529 139531 139533 139535 139537 139546 201481 201498 202549 202567 202579 202580 203604 203608 203617 203620 203621 203623 203653 203659 204709 204718 209068
LI (97):  4 5 8 19 45 87 112 124 127 128 32113 33602 33605 39024 40387 40389 49318 50220 50224 50616 50926 51433 51436 51437 62090 62854 63075 63408 63410 63413 63414 63463 63465 63468 63480 63487 63618 63673 66968 66969 66972 67154 67158 67164 67310 67312 67313 67315 67418 68143 68144 68147 68168 68189 68223 139336 139337 139346 139355 139356 139365 139366 139375 139376 139385 139386 139395 139396 139405 139406 139415 139424 139425 139434 139435 139444 139445 139449 139518 139528 139543 198364 199392 200444 200448 201475 201497 202530 202545 202546 202557 202561 202562 202573 203594 203601 203605
NODE_NUM = 199
FILE hyp_sub_324.aig

# Subcircuit 325
SUB_ID 325
LO (64):  31727 31742 31745 31824 32003 32650 33143 34099 34510 34995 35505 36125 37583 37995 39950 43099 64539 64729 64812 64929 64984 65115 65116 65119 65176 65428 65608 65610 65637 65699 65826 65849 65925 65997 66016 66091 66231 66266 66643 66646 66763 66857 66941 66975 66992 66996 67001 67012 67036 67097 67154 67274 67378 67571 67573 67680 67682 67734 67739 67772 67796 67802 67805 68064
LI (77):  2 10 14 15 17 25 27 31 106 115 117 32002 33610 34504 34507 34508 37582 63372 64390 64533 64534 64537 64701 64806 64808 64810 64926 64936 65117 65272 65422 65426 65521 65599 65601 65603 65605 65629 65634 65696 65697 65842 65845 65990 65993 66011 66013 66265 66642 66743 66749 66754 66759 66856 66986 66989 66991 67010 67092 67093 67095 67266 67272 67472 67539 67547 67555 67560 67566 67570 67656 67665 67666 67697 67707 67727 67730
NODE_NUM = 200
FILE hyp_sub_325.aig

# Subcircuit 326
SUB_ID 326
LO (37):  31986 31987 31988 31992 31993 31994 32547 33149 68072 68073 68133 68137 68143 68157 68168 68186 68189 68223 139518 204689 204692 205774 205781 206879 206886 207983 207990 209086 209095 209104 209113 210181 210182 210193 210194 211336 211345
LI (46):  3 5 6 7 124 125 126 128 31577 33148 68068 68069 68070 68095 68121 68122 68124 68126 68127 68128 68169 68175 68179 68182 68201 68220 139511 139512 203608 204667 204682 204686 205749 205759 205763 206840 206855 206859 207940 207956 209049 209068 209076 210173 210177 210190
NODE_NUM = 169
FILE hyp_sub_326.aig

# Subcircuit 327
SUB_ID 327
LO (87):  32002 32006 32013 32022 32045 32069 32076 32090 32113 32566 33108 33187 33199 33207 33425 33616 34208 34760 34802 36799 36953 38454 38886 38924 39979 39982 40141 40560 40798 42393 42599 42842 43392 43823 44787 44974 44976 45041 45389 45786 45830 45831 45995 45997 46042 46362 46365 46496 46867 54630 57126 57858 61213 61375 61646 61723 61765 61838 62334 62385 62644 62776 63149 63191 63294 63354 63463 63579 63673 63830 63925 63953 63988 64084 64209 64265 64396 64499 64504 64586 64594 64739 64806 64841 65986 66710 66834
LI (85):  12 15 16 22 28 30 32 41 43 88 90 93 99 100 103 114 116 119 32012 32565 33168 33418 33422 33423 33611 33612 33614 34207 38885 39371 39975 39976 39980 40796 40797 42345 42841 43818 43821 44966 44973 45036 45038 45384 45385 45386 45644 45782 45783 46356 46359 46495 56983 61208 61370 61371 62026 62773 62774 63009 63060 63123 63126 63134 63141 63147 63417 63449 63461 63573 63576 63829 63924 64080 64081 64082 64262 64391 64393 64428 64494 64579 64582 64583 66708
NODE_NUM = 198
FILE hyp_sub_327.aig

# Subcircuit 328
SUB_ID 328
LO (71):  32248 32382 32383 32391 32396 32480 32529 32533 32536 32543 33115 33597 33718 33981 34004 34005 34611 39486 40311 40326 40392 40935 40968 41198 41436 41639 41898 42210 42213 42666 42724 43728 49120 49691 49992 58784 58787 61189 61726 61854 61862 62088 62089 62253 65521 65527 65732 66005 66240 66263 66394 66417 66488 66493 66602 66723 67518 67519 67520 67547 67555 67632 67665 67666 67727 67730 67743 67747 67756 67853 67855
LI (84):  8 9 11 12 19 23 24 45 84 105 107 118 119 121 122 31577 32245 32247 32537 32541 32808 33596 33980 39006 40310 40320 40321 40324 40934 40962 40963 40966 41410 41411 41413 41424 41432 41892 41895 41896 42202 42207 48583 49115 49117 58782 59251 60620 61725 61838 61842 61844 61853 65269 65424 65524 65525 65714 65844 65868 66000 66003 66133 66258 66260 66389 66390 66487 66722 67551 67552 67601 67603 67604 67607 67616 67624 67630 67660 67719 67724 67734 67739 67848
NODE_NUM = 200
FILE hyp_sub_328.aig

# Subcircuit 329
SUB_ID 329
LO (72):  32541 32549 32565 32567 32595 32610 32634 32636 33210 38017 39477 40131 43018 43070 44051 44726 44730 44919 45038 45497 46278 53025 53030 53226 53302 53522 53610 53926 53953 53963 54307 54452 54476 54588 54840 55079 55138 61151 61152 61853 62100 62239 62457 63421 64262 65251 65253 65393 65592 65599 65634 65697 65818 66011 66223 66322 66372 66487 67175 67177 67407 67453 67464 67539 67560 67566 67570 67601 67630 67656 67660 68128
LI (83):  4 7 17 28 31 32 52 78 98 102 112 113 123 126 33209 44045 44048 44049 44724 44725 44728 52763 52842 53024 53215 53222 53289 53608 53920 53923 53924 53946 53948 53950 54300 54301 54305 54466 54474 54582 54586 55137 61150 61847 61849 61851 62095 62097 62098 64233 64260 64925 65097 65244 65388 65391 65593 65595 65596 65815 65817 65843 66026 66220 66221 66319 66320 66675 67161 67311 67387 67392 67403 67450 67452 67457 67461 67462 67520 67524 67525 67532 67600
NODE_NUM = 193
FILE hyp_sub_329.aig

# Subcircuit 330
SUB_ID 330
LO (98):  32640 32675 32676 32785 32801 32804 32807 32808 32809 32811 32813 32904 33084 33499 33507 33672 34002 34006 34238 34580 34733 34763 35029 35089 35090 35643 35644 35745 35746 36944 37574 38948 38950 39999 40857 40861 41478 41698 41922 44700 44973 45168 45647 45805 45967 46001 46314 47621 47623 47656 47657 48204 48853 50541 51135 51350 51359 51513 51755 51885 51887 52174 52479 52751 52949 53013 53332 53422 53871 53874 53955 56794 57261 60909 61401 61627 61856 61857 62030 62596 63141 63337 63392 64283 64443 64446 64827 64882 64891 64947 64967 65165 65518 65681 65897 65899 65900 66204
LI (91):  14 19 20 21 22 23 35 37 38 61 68 91 92 95 106 107 108 109 110 111 116 32900 32901 33497 33669 34604 34762 35092 35642 36143 37573 38949 39997 40007 40856 40860 44966 44970 45160 45162 45163 45383 45642 45646 45965 45991 45994 45995 45997 47460 47648 48199 48200 48851 50263 50518 51133 51340 51343 51349 52173 52465 52466 52469 52470 52477 52746 52747 52748 52750 53006 53010 53011 53870 54876 56788 56790 56792 61855 62592 62595 63136 63138 64438 64442 64532 64879 64946 64964 64965 65677
NODE_NUM = 200
FILE hyp_sub_330.aig

# Subcircuit 331
SUB_ID 331
LO (79):  33097 33099 33112 33117 33119 33120 33128 33611 33980 33982 33994 34096 34097 34504 34507 34514 34993 35006 35813 35843 36186 36341 36346 36734 36739 37277 37329 37592 37594 37934 38919 39781 52518 52530 52770 52773 53282 53494 53497 53531 53994 53995 53996 54138 54565 54591 55781 55783 56373 56805 57370 58769 59006 59443 59619 60029 60307 60506 60577 61186 61480 67387 67472 67489 67600 67604 67616 67639 67724 67763 67783 67827 67829 67839 67848 67867 67904 67933 67993
LI (82):  4 7 9 10 12 13 55 73 74 116 117 119 120 122 125 33127 33603 33610 33612 34513 34992 35000 35003 35004 35806 35838 35841 36181 36182 36184 36340 36733 37590 37593 38912 38916 38917 52219 52510 52512 52513 52514 52771 53491 54137 56364 56367 56370 56794 56801 58514 58999 59001 59002 59247 59439 59617 60300 60304 60305 61180 61183 67304 67380 67381 67384 67476 67480 67481 67487 67610 67611 67613 67752 67755 67756 67777 67778 67781 67826 67842 67844
NODE_NUM = 199
FILE hyp_sub_331.aig

# Subcircuit 332
SUB_ID 332
LO (43):  33127 33148 33602 34257 35189 35874 59267 61855 63075 63465 63468 64089 68147 68220 139511 139512 204778 205799 205808 205817 205826 205835 205844 205853 205862 205871 207956 209076 209107 209108 210177 210199 210208 210217 210226 210235 210241 211322 211325 211326 211328 212466 212475
LI (62):  1 6 45 50 123 126 33567 33601 34255 35873 53955 63073 63464 64088 68070 68169 68201 68205 68207 68218 139459 139504 139510 194342 195334 196335 197345 198364 199392 200429 201475 202549 203594 204667 204694 204698 204699 204713 204722 204731 204740 204749 204758 204767 204776 205749 206840 206859 207940 207950 207954 209049 209070 209086 209095 209104 210167 210181 210189 211294 211314 211321
NODE_NUM = 199
FILE hyp_sub_332.aig

# Subcircuit 333
SUB_ID 333
LO (96):  33150 33158 33168 33209 33382 33383 33385 33390 33393 33406 33407 33408 33411 33497 34013 36081 37773 39266 39268 39735 39844 41396 41476 41868 42187 42193 42639 42883 43073 43792 45537 46280 46480 47574 47628 47629 47932 48210 48595 48596 48614 48616 49352 49469 49905 49987 49990 50276 50277 50921 51437 51542 52854 52863 53149 53289 53290 54239 56661 56978 58755 58756 59359 60142 60523 60525 60552 60824 60949 60950 61433 62062 62231 62858 63090 63349 63433 63770 63998 64141 64442 64804 65018 65130 65317 65323 65533 66013 66127 66432 66543 66743 66749 67707 67778 67789
LI (85):  1 16 17 28 35 36 39 42 46 81 82 86 89 90 92 93 96 101 112 128 32779 34012 41392 41394 41470 41472 41862 41863 41866 43791 44500 45179 45774 47209 47567 47570 47572 47929 48200 48209 48594 48615 49349 49350 49779 49986 50917 50920 52226 52846 52848 52850 56977 57163 58255 58998 59358 59620 60138 60139 60601 61943 61947 63079 63348 63426 63429 63993 63996 64438 64440 64537 64801 64802 65124 65125 65128 65316 65532 66221 66429 66430 66740 67702 67705
NODE_NUM = 198
FILE hyp_sub_333.aig

# Subcircuit 334
SUB_ID 334
LO (85):  33418 33422 33423 33444 33446 33542 33544 33548 33556 33567 33571 34230 34460 34604 35092 35564 36077 36978 37007 37601 37989 38370 39436 39916 40549 41506 41985 43393 43821 46247 46248 47039 47658 48720 49477 49845 50263 50268 50371 50742 50765 51171 51898 51950 52395 52699 52956 53222 53570 53667 54025 54860 54873 55239 55426 56338 56344 56670 56900 56955 57180 57264 57589 57622 57904 58046 58083 58095 58276 58370 58515 58818 58999 59000 59001 59414 59941 61613 61725 61943 62073 62496 64791 65284 65426
LI (91):  14 15 17 24 43 49 55 58 69 72 78 79 85 94 104 110 111 113 114 33570 34229 34453 34457 34458 36977 37582 37600 38365 38368 38949 40907 46246 48718 49476 49836 49840 50266 50370 50741 50745 51161 51164 51165 51893 51896 52680 52693 52695 52745 53217 53220 53280 53561 53564 53666 54859 54870 54871 55238 56337 56341 56342 56669 57174 57176 57177 57263 57568 57569 57572 57577 57578 57579 57580 57587 57899 57902 58081 58358 58367 58514 58770 58807 58814 58998 61612 62067 62070 62071 65283 65424
NODE_NUM = 198
FILE hyp_sub_334.aig

# Subcircuit 335
SUB_ID 335
LO (74):  33577 33596 33598 33601 34512 34513 35004 35870 36157 37306 37593 38072 38223 58481 61405 62599 62600 62601 62771 63073 63187 63190 63372 63373 63464 63928 64393 64657 64666 64704 64851 64925 64926 65092 65102 65271 65338 65486 65529 65530 65696 65843 65845 65990 66341 66344 68121 68144 68175 68179 68201 68205 68218 139504 211314 212452 212461 212589 213610 213618 213627 213634 213644 213654 213662 213672 213680 213690 213698 213707 213716 213725 213734 213743
LI (86):  1 5 7 8 31 34 35 38 46 120 121 122 127 34511 36151 36154 37299 37304 38220 57201 58166 59247 60815 61643 62587 62770 63180 63183 64392 64655 64656 64702 65099 65100 65265 65270 65274 65480 65688 65694 65844 66340 67998 68095 68172 68200 68210 68211 68215 139497 139503 195334 196335 197345 198364 199392 200429 201475 202530 203594 204667 205749 206840 207940 209049 210167 210177 211313 212447 212448 212449 212457 212470 212479 212488 212497 212506 212515 212524 212533 212542 212551 212560 212569 212578 212587
NODE_NUM = 200
FILE hyp_sub_335.aig

# Subcircuit 336
SUB_ID 336
LO (90):  33603 33605 33610 33612 33614 33953 33956 33957 33984 34012 34088 34548 35000 35485 36165 36167 36168 36182 37628 37634 40676 40679 41884 41885 43133 43836 44045 44698 45488 47764 48153 48441 49901 50224 50226 50269 50367 50727 51824 51829 52202 52881 57665 58447 60945 62067 62675 62989 63001 63171 63461 63588 63648 63652 63747 63748 63906 63911 65269 65270 65467 65601 65603 65629 65714 65715 65716 65842 66140 66319 66320 66363 66390 66520 66754 66800 67450 67452 67781 67842 67844 67887 67943 67944 67966 67972 67981 67996 68000 68036
LI (80):  5 6 10 11 26 27 38 43 83 88 100 101 116 117 118 121 122 123 34004 34546 34984 35806 37633 41426 42612 43835 44693 44695 47760 47761 48152 49896 49899 50221 50223 50866 51828 52198 52200 62086 62674 62987 62988 62993 62999 63166 63170 63458 63746 63842 63898 63905 65100 65461 65464 65596 65841 66134 66136 66138 66318 66509 66510 66513 66514 66518 67449 67817 67823 67833 67839 67882 67883 67885 67918 67938 67961 67994 67995 67999
NODE_NUM = 200
FILE hyp_sub_336.aig

# Subcircuit 337
SUB_ID 337
LO (85):  34090 34093 34108 34207 34227 34229 34234 34255 34266 34445 34522 34947 34948 34950 34973 34984 34985 34989 35217 35606 35913 37579 37580 38368 38953 41863 42610 43208 43402 44633 45228 46114 46115 46745 46746 47078 47539 47636 48615 48619 48840 50400 50589 50966 51391 52537 52991 53797 54561 55238 55240 55686 57176 57580 57902 58081 58185 58199 58545 58724 59382 60164 60383 60555 60814 60875 60883 60885 61319 61320 62087 64808 66832 66991 68515 139916 139917 155177 155181 155182 155703 155707 155708 155709 156234
LI (85):  12 14 15 22 28 43 45 48 57 69 79 82 84 86 97 105 112 115 20289 32521 33073 33074 33363 33933 33934 33936 33938 33940 34426 34432 34439 34521 34938 34944 34972 35910 36805 38458 42606 42607 45017 46744 50399 50965 51387 51390 52988 52989 52998 54560 54859 56901 57579 57901 58183 58195 58198 58721 58722 60381 60554 60813 60864 60867 60873 60884 61318 62086 66739 66990 68503 68504 68508 68513 138245 138249 138250 138259 138260 138268 138269 138278 138279 138288 139905
NODE_NUM = 197
FILE hyp_sub_337.aig

# Subcircuit 338
SUB_ID 338
LO (95):  34453 34457 34461 34465 34492 34508 34511 34521 34523 34546 34564 34963 35807 35845 36224 36455 36991 37607 37763 37926 38350 38506 38916 39367 39463 40185 40324 40963 41424 41983 42207 42395 42519 43009 44692 44693 45184 45620 45639 45991 45994 46100 46104 46276 46338 46346 46359 47652 48154 49205 49207 49268 49646 50143 50399 50632 50804 51283 51387 51927 52198 52242 52487 52766 52857 53036 53215 53459 53555 53657 53923 54586 55137 57285 59250 59918 60351 61376 62344 62587 62598 62609 62770 62866 62993 63078 64433 64532 64533 66662 67164 67315 67392 67885 68068
LI (89):  4 6 11 17 18 27 39 45 48 77 78 81 87 99 108 109 114 115 120 121 34456 34958 34961 35806 36990 37762 38505 38914 39457 39460 39959 41417 41418 41421 41977 41981 43008 43829 44503 45177 45181 45384 45386 45613 45616 45632 45636 45637 45985 46098 46275 47651 49265 49266 50137 50138 50141 50627 50630 50803 51819 51926 52237 52240 52577 52765 52844 52847 53035 53213 53656 54585 55136 56169 56570 56574 59245 59248 59249 61738 62359 62366 62585 62597 62767 62768 62991 63041 67390
NODE_NUM = 199
FILE hyp_sub_338.aig

# Subcircuit 339
SUB_ID 339
LO (92):  34566 34583 34595 34599 34602 34608 34612 34762 34938 34944 34958 34961 35003 35475 35954 35966 35970 36043 36047 38347 39013 39014 40957 40958 40971 41519 41520 45642 46257 46740 48049 48654 48655 49219 49222 50060 50138 50621 51819 51919 53196 53202 53454 53455 56181 59360 59696 60381 61947 62352 62387 62395 62406 62602 62605 62701 62780 63032 63170 63458 63613 63637 63924 64247 64256 64391 64494 64526 64579 64713 64801 65124 65265 65452 65455 65480 65595 65713 65721 65858 65859 65966 66024 66252 66865 67310 67381 67418 67777 67938 68014 68018
LI (86):  1 7 13 16 26 37 38 41 44 49 76 82 85 89 90 113 118 124 125 34872 34879 34894 34896 34898 34902 34906 34911 34915 34918 34924 34928 34933 34937 35002 38515 40279 41518 46739 48102 49217 49221 53184 53186 53193 60606 61369 62386 62388 62394 62604 62670 63031 63166 63169 63413 63608 63611 63636 64233 64238 64242 64244 64390 64572 64574 64577 64711 64800 65104 65451 65594 65704 65708 65712 66021 66022 66864 67305 67307 67380 67523 67928 67930 67931 67933 67937
NODE_NUM = 196
FILE hyp_sub_339.aig

# Subcircuit 340
SUB_ID 340
LO (93):  34966 34986 34992 35002 35012 35024 35032 35046 35735 36151 36779 36951 36952 36962 36964 41367 45015 45423 45432 45812 45942 45985 46269 46286 46408 46413 46698 47106 47116 47516 47669 47695 47924 48376 48487 48630 49117 49809 49812 50412 50527 51087 51410 53608 54266 54910 54911 55555 55556 55825 56075 56171 56585 56653 56924 56939 57436 57437 57440 57680 57956 57996 58205 58233 58358 58687 58740 58940 59062 59063 59064 59067 59392 59651 59858 59889 60148 60364 60442 60688 61176 61371 63471 64233 64298 64490 64785 65098 67398 67748 67874 68095 68102
LI (84):  2 6 9 11 31 34 47 53 59 65 66 71 91 94 113 115 119 35022 35023 35733 35734 36150 36950 36963 43137 45011 45012 45207 45414 45416 45419 45420 46268 46407 46470 46662 46691 46695 46696 47093 47096 47100 47102 47105 47690 47691 47693 49264 49805 49808 50404 50410 53636 54909 56073 56935 56936 57118 57431 57439 57673 57674 57678 57950 57952 57953 57954 57994 58232 58738 59640 59853 59856 59857 59883 59887 60433 60435 64292 64294 64296 64482 64487 68063
NODE_NUM = 198
FILE hyp_sub_340.aig

# Subcircuit 341
SUB_ID 341
LO (93):  35074 35097 35104 35297 35369 35371 35600 35631 35721 35869 36651 36817 36818 38024 38027 38781 39843 40860 42337 43148 44487 44631 45020 45457 46275 46449 47061 47209 47211 47231 47502 47595 47787 48194 49095 49850 50859 51317 51376 52031 52135 52847 52848 52987 52993 53010 53014 53185 53186 53647 53663 53672 53970 53971 54116 54175 54197 54217 54301 54305 54907 55597 58464 58537 58992 59295 59583 59588 59598 59647 59898 60068 60293 60428 60601 60602 61150 62592 63041 63046 63134 63404 63487 63992 63993 64088 64438 64487 64664 65688 65869 65894 66528
LI (82):  2 3 18 22 27 33 41 42 43 47 58 63 66 79 81 83 98 107 123 35366 35368 35863 35867 36163 36815 37573 38025 39842 43704 45019 45451 45454 45456 47207 47208 47220 47227 47753 48722 50901 51369 51372 52229 53008 53042 53630 53637 53638 53641 53643 53655 53657 53660 54115 54884 54900 58462 58532 58775 59289 59292 59294 59579 59582 59584 59891 59894 59896 60292 60600 63038 63040 63044 63129 63130 63132 63402 63409 64437 64484 64542 65868
NODE_NUM = 197
FILE hyp_sub_341.aig

# Subcircuit 342
SUB_ID 342
LO (95):  35734 35743 35756 35758 35771 35778 35780 35787 35806 36109 36115 36143 36145 36148 36630 37146 37271 38505 38507 38993 39012 39358 39385 39471 40470 42345 43791 43795 43852 44104 44108 44562 44670 44970 44978 45086 45204 45209 45385 45414 45419 46422 46474 46691 46695 47055 47674 47969 48610 49286 51343 52142 52504 52510 52621 52681 52682 53160 53561 53564 54909 57958 57965 58272 58367 58513 58690 59861 63038 63040 63048 63132 63367 63376 63402 63408 63410 63611 63618 63986 64563 64655 64660 64703 65100 65316 65461 65508 65677 65678 66215 66354 66527 66977 67092
LI (83):  10 15 16 17 20 30 32 33 34 39 54 70 85 88 90 91 92 94 107 108 109 113 33402 36107 36140 36142 36146 37270 39006 39008 39010 40469 43793 43846 43848 43849 44103 44107 44560 44606 44969 45208 45408 45412 45418 46694 47052 47053 47673 48718 51342 52137 52140 52502 52503 52506 52507 52620 52680 53555 53559 57160 57960 57962 57963 58271 58512 63039 63366 63374 63409 63943 64565 64659 65089 65311 65314 65407 66209 66212 66213 66417 67091
NODE_NUM = 182
FILE hyp_sub_342.aig

# Subcircuit 343
SUB_ID 343
LO (100):  35816 35829 35838 35841 35850 35863 35873 35875 36181 36618 36633 36822 37897 37922 40280 40389 40937 42341 42390 43229 43377 44089 44234 45191 46268 46272 46650 47074 47100 47783 48112 48186 48465 48491 48730 48885 49022 49023 49107 49259 49301 49581 49787 51917 51918 53458 54569 54897 54999 55222 55224 55401 56370 57036 57984 58179 58593 58770 59262 59297 59579 59582 59644 60160 60162 60554 60816 61439 61735 61969 62038 62243 62359 62360 62585 62678 62679 62767 63123 63147 63163 64973 65133 66718 66968 66972 66986 66989 67158 67161 67170 67476 67697 67817 67823 67833 67918 67928 67930 68070
LI (86):  2 3 5 8 13 18 23 48 50 62 73 76 93 97 106 111 116 119 121 36180 36632 36821 40279 40319 40388 41976 42304 42340 42385 42388 43372 43373 44088 46084 46649 47099 47681 47766 48108 48116 48457 48458 48462 48463 48490 48884 49104 49106 49254 49257 53317 53920 53947 54993 54997 56369 57035 57665 58174 58175 59296 59576 59577 60815 61432 61846 61966 62242 62583 62659 62667 62677 62766 63122 65132 66967 66971 66985 67474 67691 67694 67827 67829 67831 67925 67929
NODE_NUM = 195
FILE hyp_sub_343.aig

# Subcircuit 344
SUB_ID 344
LO (106):  35881 35883 35894 35904 35910 36079 36092 36134 36136 36140 36150 36154 36495 37299 37304 37638 37925 38495 38498 38522 38858 38957 38996 39139 39348 39349 39356 39961 40347 40557 41190 41410 41413 41489 41895 41954 42415 42540 42618 42768 42839 42876 43017 43161 43162 43213 44055 44689 45028 46063 46262 47275 47751 47790 48470 49115 49265 49266 50552 51734 52123 52132 52237 52535 52540 52641 52842 52846 53024 53184 53318 53545 58946 59530 59617 59926 61380 61390 62060 62061 62090 62544 62774 62807 62988 63025 63035 63219 63364 63418 63566 63755 64410 64873 65524 66022 66136 66206 66258 66389 66509 66514 66518 66683 66759 66915
LI (86):  8 9 12 19 21 25 31 39 44 46 77 78 79 84 93 97 98 102 104 113 114 115 36494 37291 37298 37911 37924 38493 38521 39347 39355 41189 41894 41949 41952 42378 42408 42612 42615 42616 43016 43159 43810 46254 46257 46260 46261 47147 49114 49264 50144 51389 51928 52113 52114 52116 52236 52534 52539 52639 52844 53023 53317 58944 59527 60137 61378 62604 62805 63011 63012 63015 63024 63086 63363 63417 64406 65422 66257 66388 66502 66503 66508 66676 66677 66679
NODE_NUM = 197
FILE hyp_sub_344.aig

# Subcircuit 345
SUB_ID 345
LO (102):  36176 36180 36184 36396 36398 36440 36494 36608 36612 36632 37055 37291 37590 37631 38346 38426 38429 39942 40562 40720 43098 43790 43800 43846 43847 43848 44060 44130 44131 44346 44560 44793 45202 45616 47681 47682 48594 48895 48899 49653 50249 50250 50519 50933 51115 51116 51340 51436 51865 51866 52236 52679 52705 54540 54997 55228 56613 56647 57006 57027 57031 57150 57186 57201 57208 57281 57409 57577 57693 57751 57754 57980 58003 58245 58642 58944 59712 59856 61180 61408 61617 61640 61959 61964 61984 62394 62766 63044 63584 64964 65314 65394 66419 66429 66430 66642 66722 67313 67931 68172 68207 68211
LI (88):  2 3 4 11 20 28 37 47 53 54 69 71 76 87 94 105 112 118 120 36220 36389 36391 36393 36491 36493 37178 38345 38423 39940 42846 42866 43137 43400 43783 43786 43845 44559 46654 48882 48894 48898 49318 50517 50518 51435 51845 51847 51848 51853 51864 52676 54996 55227 56079 56364 56369 56608 56609 56610 56645 56926 57004 57022 57035 57185 57205 57207 57576 57687 57689 57691 57745 57876 57977 58241 58243 58942 60783 60930 61635 61636 61638 62393 63043 63984 64428 66395 66427
NODE_NUM = 200
FILE hyp_sub_345.aig

# Subcircuit 346
SUB_ID 346
LO (117):  36805 36806 36807 36808 36815 36821 36825 36842 36857 36917 36950 36963 36977 36979 37612 37861 37905 37906 38458 38890 39933 40918 40945 41432 41834 41836 41875 42202 42841 43008 43011 43048 43049 43132 43140 43372 43816 44091 44586 45045 45440 45608 47772 48116 48431 49189 49190 49284 49285 49476 50181 50901 50902 51379 51381 51443 51444 51864 52293 53057 53285 53293 53471 53660 54006 54228 54442 54585 54614 54859 55136 55242 55763 56460 56645 56810 57234 57569 57695 58195 58485 58544 58939 58953 59230 59254 59318 59350 59506 60187 60272 60394 60651 60652 61208 61209 61638 62102 62106 62386 62672 62677 62853 62880 63232 63426 65422 66028 66862 67137 67140 67239 67266 67272 67881 67882 67929
LI (90):  1 10 11 13 16 24 38 39 42 48 50 56 66 72 74 80 83 84 98 106 109 111 112 119 36911 36913 36915 37904 40848 41426 42388 42408 42999 43010 43139 43810 43811 43812 43814 44090 45163 47767 47769 48493 48583 49114 50165 50180 51442 51858 51859 51862 52292 53292 53470 54001 54004 54299 54582 56454 56456 56458 57163 57233 58445 58543 58934 58937 59253 59316 60181 60185 60879 60945 61369 62104 62385 62670 62674 62675 62850 62877 63043 64541 66679 67134 67135 67138 67265 67612
NODE_NUM = 199
FILE hyp_sub_346.aig

# Subcircuit 347
SUB_ID 347
LO (114):  36990 37005 37009 37095 37121 37127 37130 37136 37155 37206 37428 37571 37573 37575 37582 37600 37604 37609 37986 37998 38210 38481 38496 38513 38516 39016 39457 40312 40852 40858 40907 40908 41441 41452 42092 42334 42347 43762 43764 43783 44112 44500 44504 44777 45160 45162 45226 45364 45426 45451 45965 47052 47053 48088 48089 48499 49086 49842 49891 50137 50141 50370 50803 50956 51418 52192 52693 53630 54144 54672 54984 55118 55818 56020 56034 56735 56983 57109 57174 57263 57899 58198 58540 58549 59080 59253 59344 59853 60787 60813 60864 60972 61201 61202 61435 61727 61738 61842 61966 61967 62242 62670 62674 62850 63009 63011 63015 63129 63169 63385 63833 63940 64425 65283
LI (82):  11 13 16 17 18 20 23 26 31 32 40 41 42 46 57 64 76 78 80 81 89 90 95 98 101 104 105 107 108 110 32078 37092 37094 37422 37423 38380 38512 38515 40848 40851 41450 43776 43779 44503 45161 47051 47061 48494 48495 48497 49114 49840 49890 50136 50140 52993 53625 53626 54668 54894 56004 56012 56013 56016 56018 57173 58173 58197 58527 58539 58940 59071 59076 60508 60620 60635 60783 61841 62086 62336 62849 63010
NODE_NUM = 193
FILE hyp_sub_347.aig

# Subcircuit 348
SUB_ID 348
LO (124):  37633 37640 37762 37765 37904 37911 37924 37938 37956 37993 38006 38019 38525 38997 39023 39447 39472 40273 40321 40387 40388 40848 41392 41394 41421 41511 41977 42612 43010 43016 43020 43776 43833 43835 44359 44695 45636 46617 47144 47691 47900 48462 48463 49248 49281 49292 49873 49986 50404 50410 50872 50917 50920 51322 51324 51647 51818 52108 52113 52200 52632 52764 52995 53001 53043 53213 53625 53870 53893 53894 53929 54270 54668 56016 56449 56935 56936 57160 57568 57944 57947 58232 58235 58625 58721 58780 58980 59245 59931 59932 60509 60510 60620 60783 61190 61648 62024 62340 63183 63839 64121 64161 64561 64588 64702 64956 64959 65088 66257 66326 66418 66502 66673 66677 66933 67005 67390 67474 67551 67552 67612 67613 67705 67764
LI (96):  5 6 7 10 12 14 17 19 20 24 35 47 56 64 73 81 85 89 99 101 103 108 110 112 114 115 38521 39022 40271 41391 41420 41976 43834 45635 47139 47142 48104 48461 49275 49277 49278 49849 49868 49871 49887 50403 50619 50852 50866 50867 50870 50916 51321 51861 52107 52111 52199 52631 52748 52763 52994 52999 53017 53042 53045 53212 53869 53928 54667 56448 56934 57173 57950 58197 58719 58773 58777 58778 59660 60508 61643 61646 62768 63837 64291 64701 64955 64969 66417 66501 66510 66667 66670 66873 67004 67457
NODE_NUM = 198
FILE hyp_sub_348.aig

# Subcircuit 349
SUB_ID 349
LO (135):  38341 38345 38356 38365 38376 38382 38445 38462 38476 38478 38488 38493 38509 38512 38515 38521 38877 38882 38949 39446 39506 39834 40302 40305 40350 40461 40716 41189 41444 41502 41503 41866 41916 42616 42807 42808 42850 43106 43754 44105 44493 44980 45627 45772 45777 46227 46466 46505 46637 46639 46657 46696 46869 47673 47754 48103 48642 49257 49454 49836 49837 49888 49899 50550 50600 50853 51161 51164 51248 51429 51938 52106 52107 52167 52168 52320 52630 52695 52721 52737 53310 53321 54647 54888 54929 54966 55390 55482 55790 56671 56672 56977 57642 57666 58255 58257 58493 58527 59292 59351 59625 59656 59894 60613 60923 60946 61019 61145 61431 62595 62799 63031 63122 63130 63138 63573 63636 63987 64002 64437 64656 64817 65391 65464 65854 66133 66212 66531 66856 66873 66874 66985 67624 67719 68122
LI (88):  1 6 9 18 19 24 25 29 31 32 35 38 40 41 42 45 56 63 74 77 79 81 83 84 87 88 89 90 95 100 110 111 116 38380 39440 39442 39505 42319 45390 45819 46465 46501 46638 46656 48102 48493 49887 50138 50546 50547 50595 50597 50852 51160 51399 51859 51934 51937 52189 54877 54885 54928 54961 54964 56320 57665 58492 58778 59439 59696 59893 60607 60608 60611 60945 62331 63030 63117 63120 63137 63363 65390 65463 65532 65707 66211 67619 67622
NODE_NUM = 200
FILE hyp_sub_349.aig

# Subcircuit 350
SUB_ID 350
LO (36):  38885 38888 38905 38912 38914 38917 39854 39865 39877 39964 45356 46098 56387 57187 57230 57231 57892 58350 60137 60138 60139 60384 61370 63599 63624 63905 63915 67831 139497 139503 211313 212447 212448 212449 212457 214010
LI (122):  1 2 15 16 47 70 102 114 115 117 13605 39721 39874 40955 45180 56364 57648 57906 61369 63413 63587 63588 63594 63598 139474 139475 139479 139486 139496 200429 202530 204667 207940 209049 210167 211294 212430 213574 213588 213614 213622 213631 213639 213642 213649 213651 213658 213667 213669 213676 213685 213687 213694 213703 213705 213712 213714 213721 213723 213730 213732 213739 213741 213748 213750 213757 213759 213766 213768 213775 213777 213784 213786 213793 213795 213802 213804 213811 213813 213820 213822 213829 213831 213838 213840 213847 213849 213856 213858 213865 213867 213874 213876 213883 213885 213892 213894 213901 213903 213910 213912 213919 213921 213928 213930 213937 213939 213946 213948 213955 213957 213964 213966 213973 213975 213982 213984 213991 213993 214000 214002 214009
NODE_NUM = 200
FILE hyp_sub_350.aig

# Subcircuit 351
SUB_ID 351
LO (131):  39006 39008 39010 39022 39024 39347 39371 39405 39406 39440 39442 39460 39505 39722 39733 39839 39842 39868 39881 39946 40318 40320 40394 40869 40901 40962 40966 42388 43035 43829 43834 44048 44503 45384 45418 47102 47550 47678 47767 47792 47929 48328 49249 49808 49871 49895 49896 50220 50221 50266 50546 50547 50619 50620 50852 51321 51828 52226 52234 52386 52844 52850 52890 53053 53054 53292 53655 53913 54134 54297 54577 54996 55227 55494 55503 56152 56169 56170 57177 57908 58456 58458 59094 60291 60304 60358 60539 60606 60607 60936 61347 61399 62042 62558 62768 63136 63374 63417 63996 64266 64390 64565 64659 64701 64955 65105 65244 65388 65390 65417 65704 65707 65708 65815 65841 66000 66021 66134 66221 66260 66513 66853 66969 67095 67524 67702 67961 67998 67999 68028 68040
LI (92):  3 5 7 8 9 11 17 18 24 25 27 30 33 34 42 55 60 75 82 84 87 89 91 93 100 108 109 110 111 113 114 38692 38909 39404 39721 40319 40868 40961 44047 45383 46647 46674 46739 47571 47766 49221 49807 49869 50214 51824 51825 51827 52135 52230 52232 52525 52849 53649 53652 54291 54292 54295 55484 55485 55488 55493 57579 58454 58455 60286 60289 60303 60357 60639 60931 60932 62557 63994 65104 65387 65416 65594 65706 65999 66020 66133 66512 67523 67933 67952 67959 68027
NODE_NUM = 196
FILE hyp_sub_351.aig

# Subcircuit 352
SUB_ID 352
LO (142):  39959 39969 39970 39975 39976 39997 40007 40124 40125 40134 40160 40271 40279 40284 40310 40314 40319 40401 40469 40552 40796 40850 40851 40856 40909 40934 41391 41484 41510 41871 41874 41889 41892 41926 41952 41976 42319 42385 42606 42607 42615 42872 43103 43398 43400 43603 43739 43839 43840 43845 44049 44103 44643 44687 44724 45036 45390 45819 45820 46046 46082 46651 47072 47147 47207 47208 47753 48181 48461 48886 49104 49233 49234 49834 49856 50255 50446 50518 50521 50630 51369 51796 51827 51934 51937 52116 52219 52577 52639 52765 52771 52988 52989 53042 53212 53313 53948 54914 54915 54993 55757 55761 56362 56801 57004 59309 59778 61381 61389 61608 61612 61841 62331 62805 62991 63024 63086 63087 63120 63348 63363 63366 63394 63395 63634 63746 63898 63943 64125 64294 64577 64810 65242 65276 66312 66315 66421 66670 66841 67080 67307 67694
LI (88):  4 7 9 10 12 13 14 18 19 21 22 31 32 35 36 37 38 39 45 70 75 76 78 80 82 85 94 96 102 103 104 106 107 110 111 26214 39223 39369 40157 41417 41508 41861 41873 41925 42614 42867 42868 42870 43838 44723 45818 46654 47206 48180 48881 48896 49818 49851 49853 50520 51933 52114 52987 53947 54550 55570 55760 56071 56356 56360 56607 58949 59304 61193 61388 62591 63019 63022 63118 63347 63743 63744 64124 64296 65274 66310 67260 67692
NODE_NUM = 197
FILE hyp_sub_352.aig

# Subcircuit 353
SUB_ID 353
LO (130):  40912 40916 40927 40931 40955 40961 41276 41362 41373 41375 41376 41384 41401 41472 41862 41902 42312 42437 42867 43005 43126 44028 44195 44355 44609 44949 45449 45598 45637 45818 46101 46356 46658 47460 48199 48200 48851 49354 50174 50228 50230 50948 53008 53217 53483 53666 53920 53924 53946 53981 54300 54419 54876 54877 55493 56012 56342 56360 56364 56369 56608 56699 56897 57190 57191 57233 57954 57971 58539 58775 58777 59076 59289 59296 59508 59576 59640 59891 59893 59895 59896 60286 60373 60379 60390 60520 60631 60641 60764 60857 60958 61029 61033 61042 61167 61418 61625 61742 62070 62107 62368 62398 62583 62654 63964 63985 64086 64242 64406 64440 64534 64545 64550 64820 65596 65694 65844 65851 66395 66427 67384 67523 67610 67611 67691 67883 68200 68215 139474 139475
LI (83):  1 2 3 4 6 14 16 17 30 32 37 40 41 43 45 49 53 57 60 61 64 68 70 72 77 79 97 100 105 111 39849 40868 41861 42866 43092 43149 44351 44352 44946 45445 45446 48198 50144 52747 53942 53943 54299 54418 56005 56007 56009 56337 56359 56607 58532 58535 58537 58776 59883 60364 60371 60378 60387 60517 60518 60640 61032 61161 61166 61412 61413 61944 62396 63576 63984 64542 64819 67382 67460 67607 68169 139469 139470
NODE_NUM = 200
FILE hyp_sub_353.aig

# Subcircuit 354
SUB_ID 354
LO (77):  41403 41417 41420 41426 41470 41480 41508 41518 41521 41610 41844 41988 42077 42134 42139 42350 43786 44047 45632 45635 48151 48743 49328 50556 50587 50963 51296 51372 51390 51924 53652 54295 56319 56321 56788 56813 57417 57635 58512 59261 59299 59641 61378 61636 61847 63347 64392 64819 64972 65028 67380 67525 67619 68478 139905 140211 156238 156239 156778 156782 156784 157327 157331 157333 157884 157886 158444 158448 158450 159027 159031 159032 159033 159612 159616 159618 160219
LI (76):  5 6 11 13 15 30 34 36 52 61 77 79 83 98 100 102 107 41131 41132 41134 41401 41519 41520 41592 41594 41596 41600 41603 41843 41987 42126 42133 47639 48147 50585 51389 53483 56320 57634 58715 59298 59620 59640 61846 64822 64971 68473 138303 138304 138313 138314 138323 138324 138333 138342 138343 138352 138353 138362 138363 138372 138373 138382 138383 138392 138393 138402 138403 138412 138413 138417 138418 138427 139876 139898 156234
NODE_NUM = 200
FILE hyp_sub_354.aig

# Subcircuit 355
SUB_ID 355
LO (135):  41724 41728 41809 41839 41846 41854 41858 41861 41873 41894 41896 41905 41968 41973 41981 41987 41989 42046 42126 42302 42306 42307 42378 42428 42776 43248 43814 43818 44036 44038 44056 44155 44156 44651 45605 45606 45840 48163 48457 49136 49682 49800 51342 51417 51859 51861 51862 52111 52292 52631 52726 52748 53664 53943 54287 54290 54291 54339 54418 54557 54558 54560 54590 54600 54871 54884 54885 54926 55233 55544 55765 55798 55799 55899 55908 56021 56027 56083 56086 56177 56180 56202 56356 56359 56382 56610 56637 56790 56926 56927 57118 57120 57865 57870 57960 58344 58998 59314 59659 59934 60166 60181 60294 60603 61161 61166 61193 61388 61614 61643 61715 61824 62028 62388 62604 63608 63984 64296 64879 64946 67091 67240 67249 67260 67265 67304 67305 67326 67337 67382 67403 67480 67925 67937 67959
LI (92):  2 6 7 8 9 12 13 14 15 21 33 34 37 39 42 44 45 50 52 56 60 66 68 69 70 73 74 75 78 96 98 99 101 105 106 109 41399 41401 41721 41723 41806 41808 42775 43247 43382 44037 44154 44650 45161 45838 49133 49134 49354 49887 51416 51856 52106 52291 52630 53011 53455 53638 54417 54589 54881 55232 55543 55565 55795 55797 55898 56082 56084 56381 56609 56925 57119 57864 57868 58541 59255 59933 61034 61157 66209 67093 67239 67262 67263 67396 67399 67871
NODE_NUM = 192
FILE hyp_sub_355.aig

# Subcircuit 356
SUB_ID 356
LO (158):  42446 42597 42614 42657 42696 42697 42765 42775 42786 42794 42796 42809 42846 42866 42868 42870 42895 42899 42999 43002 43092 43137 43373 43389 43559 44088 44338 45161 45177 45207 45208 45224 45412 45420 45646 46424 46465 46467 46634 46636 46654 46662 46739 47037 47639 47690 48092 48156 48160 48497 49134 49277 49350 49783 49849 49851 49890 50144 50520 50655 50929 50943 50947 51117 51331 51352 51355 51400 51858 52023 52178 52199 52291 52469 52470 52503 52506 52746 52994 53011 53038 53626 53649 54292 54444 54870 54970 55570 55578 56004 56005 56071 56366 56367 56607 56908 57014 57022 57119 57431 57634 57687 57689 57691 57875 57876 57950 57977 58206 58241 58243 58492 58532 58701 58964 58965 59316 59509 59887 60104 60116 60629 60815 60931 60932 61849 62336 62553 62786 63022 63060 63180 63358 63826 64244 64260 64429 64582 64583 64969 65311 65387 65407 65408 65706 65711 65991 66003 66026 66027 66220 66508 67004 67262 67396 67460 67461 67528
LI (84):  1 2 5 6 8 15 16 19 21 28 29 33 34 35 36 38 39 40 46 51 56 59 65 67 69 71 73 74 76 77 82 83 88 95 103 104 105 108 41830 42693 42695 42774 42894 44336 44969 45206 45644 46635 47567 47689 48161 49276 49782 49818 49850 50946 51354 51399 51856 52468 52745 52993 53483 54869 54895 56907 57009 57033 57686 58688 58689 59508 59886 59923 60111 60114 60930 62781 62784 64428 65132 66219 66340 67459
NODE_NUM = 200
FILE hyp_sub_356.aig

# Subcircuit 357
SUB_ID 357
LO (90):  43139 43154 43159 43247 43413 43698 43706 43731 43779 43803 43810 43812 43838 44000 44020 44027 44037 44090 44119 44154 44308 45171 45416 45602 45838 46635 46744 49254 49275 49293 49349 50939 52519 52520 52999 53466 53869 54430 54639 54640 54642 55199 55201 55543 55811 56742 56928 57439 57639 57686 58454 58455 59002 60133 60289 60356 60518 60812 60879 60930 61412 61413 61828 62104 62396 64124 64430 65272 65274 66310 67994 68473 139876 159035 159036 159037 159045 159634 159640 160215 160231 160237 160818 160822 160824 160845 160854 161434 161438 161440
LI (84):  1 2 3 10 11 14 18 29 35 36 42 43 44 45 49 55 59 62 63 65 67 72 92 93 97 104 107 42080 42081 42507 42508 42894 42896 42979 42980 43382 43407 43409 43411 43489 43490 43492 43697 43704 44019 44295 44297 44300 48484 48591 48894 51889 52466 52994 52998 54641 56084 57203 58453 60352 60354 60639 67993 68463 138437 138438 138447 138448 138456 138457 138466 138467 138475 139864 158439 158448 159017 159033 159604 159616 159624 160211 160219 160228
NODE_NUM = 193
FILE hyp_sub_357.aig

# Subcircuit 358
SUB_ID 358
LO (146):  44336 44350 44559 44615 44622 44650 44723 44849 44966 44969 45011 45012 45017 45163 45179 45180 45181 45198 45206 45230 45336 45383 45392 45408 45436 45438 45445 45446 45454 45456 45719 45724 45726 45775 45782 45783 45789 46058 46259 46260 46493 46495 46638 46924 47661 47739 47760 47761 48063 48066 48118 48152 48490 48494 48627 49057 49194 49203 49278 49483 49801 49807 50053 50172 50173 50180 50223 50553 51409 51433 51435 51832 51834 51845 51853 52190 52539 52549 52716 53304 53305 53637 53641 53656 53904 53950 54115 54263 54299 54582 54974 55210 55234 55541 55687 55727 55730 55795 55822 56028 56047 56379 56380 56961 57033 57572 57673 57901 57970 58197 58265 58514 58541 58543 58728 58731 58937 59251 59327 59439 59621 60111 60352 60354 60517 60649 60867 61846 62086 62097 62362 62772 62849 63039 63043 63126 63829 65424 65525 66219 66510 66675 66676 67607 67692 67826
LI (87):  3 4 10 12 13 14 15 17 18 21 25 29 30 31 32 33 37 40 46 47 49 50 51 52 54 55 57 58 66 67 72 73 74 75 76 78 80 86 87 89 90 92 95 101 102 22033 33402 43849 44471 44829 44832 44834 44838 44841 44847 45455 45721 45774 45928 46056 46057 48493 48599 49198 49201 49354 49804 51831 51844 52189 52566 53636 53640 54581 55206 55207 55726 56045 56081 58727 59326 59620 60351 60516 62095 63125 66020
NODE_NUM = 200
FILE hyp_sub_358.aig

# Subcircuit 359
SUB_ID 359
LO (73):  45613 45629 45644 45791 45929 45931 46065 46067 46084 46086 46228 46246 46252 46254 46270 46452 46470 46501 46504 46551 46665 47392 47396 48180 48209 49276 49818 49853 51426 51430 51896 52468 53023 53473 55759 55760 56454 57204 57205 60405 62812 63059 63356 63357 64971 65090 65097 65099 66501 68463 139864 159627 160205 160236 160834 160835 160837 161456 161465 161471 162055 162059 162071 162072 162689 162693 162694 162695 162716 162725 163328 163332 163334
LI (87):  7 8 13 20 21 23 27 28 32 35 52 66 71 75 76 79 81 82 83 84 91 94 95 97 101 44437 44868 44869 45302 45303 45455 45731 45732 45927 45928 45930 46179 46180 46182 46214 46449 46503 46541 46543 46545 46549 46565 46570 46664 49852 55565 56079 57203 63057 65089 65098 68450 68461 138485 138486 138495 138496 138504 138505 138514 138515 138523 139840 139854 139855 159017 159027 159031 159604 159618 159624 160200 160215 160219 160226 160805 160824 161419 161438 161446 162051 162068
NODE_NUM = 200
FILE hyp_sub_359.aig

# Subcircuit 360
SUB_ID 360
LO (157):  46597 46647 46649 46656 46674 46686 46708 47099 47109 47139 47142 47193 47206 47227 47379 47433 47462 47571 47572 47651 47683 47685 47689 47766 47769 48102 48108 48198 48206 48467 48484 48485 48493 48495 48583 48588 48591 48597 48623 48718 48772 48776 48881 48882 48884 48889 48896 49008 49191 49245 49318 49324 49455 49816 49887 50029 50214 50517 50604 50898 50926 51799 51856 51893 51926 52140 52143 52230 52507 52512 52522 52620 52680 52849 53006 53017 53220 53281 53317 53491 53493 54137 54895 54900 55196 55458 55484 55565 55566 55726 56065 56073 56650 56934 57116 57163 57164 57166 57218 57674 57767 57911 57987 57994 58174 58175 58183 58203 58204 58462 58535 58773 58776 58942 58993 59255 59304 59622 59660 59704 59883 59886 59933 60114 60413 60516 60800 61157 61443 61944 62571 62573 62667 64080 64821 64965 65117 65132 65418 65594 65605 65999 66020 66209 66213 66388 66503 66512 66664 66667 66717 66724 66870 67068 67133 67134 67462
LI (90):  1 3 4 5 6 7 8 9 11 13 14 17 18 20 22 23 24 26 27 28 32 34 37 38 39 51 57 58 60 61 63 64 65 71 72 73 74 77 83 85 88 90 92 93 94 95 96 99 33431 46579 46581 46584 46590 46593 46707 47225 47567 47570 48104 48167 48200 48595 48596 48769 48771 49319 49320 52135 52229 52619 53280 53492 53640 54538 54896 54898 55189 55190 55191 55194 55455 55725 56064 57673 57766 58173 60113 62570 66715 66864
NODE_NUM = 198
FILE hyp_sub_360.aig

# Subcircuit 361
SUB_ID 361
LO (159):  48898 49114 49133 49198 49201 49217 49221 49312 49320 49446 49471 49746 49747 49749 49755 49758 49779 49782 49805 49852 50184 50217 50245 50251 50555 50595 50623 50627 50638 50733 50736 50847 50861 50870 50971 51126 51354 51389 51416 51442 51623 51625 51844 51847 51848 51889 51928 52137 52173 52194 52229 52232 52465 52466 52477 52502 52525 52586 52609 52619 52735 52742 52745 52747 52763 52858 52983 52998 53035 53045 53193 53280 53470 53636 53638 53640 53895 53942 53947 54165 54166 54256 54274 54417 54531 54532 54542 54550 54581 54641 54987 55191 55194 55206 55207 55497 55725 55772 55797 56045 56052 56082 56174 56320 56389 56448 56570 56609 56635 57035 57113 57185 57864 57952 58173 58453 58715 58727 58934 58949 59248 59298 60113 60300 60402 60403 60611 60916 61183 61219 61635 61930 61937 62064 62071 62078 62557 62559 63010 63030 63166 63409 63413 63601 63933 64936 65089 65104 65280 65416 65463 66211 66340 67603 67622 67752 67755 68006 68423
LI (107):  1 2 4 5 6 7 8 10 12 15 16 18 19 20 21 22 23 25 26 27 28 29 30 31 32 33 35 36 37 38 41 44 45 47 48 50 52 54 57 58 59 61 62 63 64 65 66 67 68 69 70 71 75 77 78 79 80 81 83 84 85 86 87 91 45928 48080 49225 49357 49567 49739 49741 49743 49752 49754 49804 50242 50244 50731 50844 50859 50860 51240 51613 51615 51618 51831 51842 51846 52135 52136 52231 52462 52606 53941 54258 55193 55724 55822 56081 56349 59247 60108 61181 63600 66339 67518 67749
NODE_NUM = 200
FILE hyp_sub_361.aig

# Subcircuit 362
SUB_ID 362
LO (79):  54667 54961 54964 55190 55193 55309 55311 55376 55380 55663 55689 55724 56007 56079 56081 56341 56349 56456 56792 56907 56925 57009 57173 57576 57579 57702 57868 57907 57942 57943 57963 58167 58267 58445 58691 58714 58722 58738 58842 58844 58875 58879 59071 59211 59322 59326 59352 59358 60305 60357 67093 68375 139727 139760 139768 139769 171722 171726 171727 172486 173247 173251 173253 174025 174029 174030 174031 174808 174812 174813 174814 175604 175608 175609 175610 176409 177219 177223 177225
LI (101):  9 10 12 13 15 16 17 18 19 20 22 23 24 25 27 34 37 38 40 43 46 49 53 55 56 59 60 62 67 33202 54538 54589 54894 55063 55189 55293 55295 55299 55304 55308 55370 55374 55488 56006 56906 57575 57648 57673 57906 58166 58711 58713 58839 58841 58872 58874 58911 58912 59063 59064 59067 59069 59173 59175 59351 59498 68368 68371 138721 138730 138739 138740 138749 138758 138759 138768 138769 138778 138787 138788 138797 138798 138807 138808 138817 138826 138827 138836 138840 138841 138850 138851 138860 139721 139729 139739 139741 139746 139755 139762 139767
NODE_NUM = 197
FILE hyp_sub_362.aig

# Subcircuit 363
SUB_ID 363
LO (88):  59527 59924 60054 60056 60153 60303 60371 60378 60387 60508 60600 60608 60873 60937 60940 61035 61143 61181 61244 61406 61736 62098 62366 62393 62570 62781 62927 63104 63106 63137 63156 63300 63429 63480 63598 63752 63760 63800 63803 63828 63837 63972 64082 64097 64120 64238 64292 64484 64542 65128 65395 65451 65712 65993 66265 66328 66661 66740 66839 67010 67311 67312 67399 67532 67749 67774 67952 68027 68336 139704 139705 180561 181412 181416 181418 182280 182284 182286 183153 183157 183158 183159 184039 184043 184930 184934 184935 184936
LI (132):  2 3 4 5 6 7 8 9 11 14 15 17 19 21 24 25 28 31 32 37 40 41 42 43 44 49 53 54 55 56 37315 38422 45930 49809 51846 58449 58941 58944 59577 59706 59923 60051 60053 60152 60364 60642 60871 61034 61140 61142 62075 62095 62333 62392 62399 62659 62780 62921 62923 62925 62985 63101 63103 63279 63280 63330 63331 63427 63428 63471 63478 63550 63551 63712 63742 63749 63797 63822 63823 63825 63826 64096 64117 64233 64236 64237 64291 64541 65127 65394 65711 65991 65992 66264 66417 66660 66722 66738 66739 66876 67008 67398 67519 67520 67528 67748 67772 68329 138933 138942 138943 138952 138961 138962 138971 138972 138981 138982 138991 138992 139001 139002 139011 139012 139016 139017 139025 139026 139670 139679 139680 139701
NODE_NUM = 200
FILE hyp_sub_363.aig

# Subcircuit 364
SUB_ID 364
LO (39):  68368 138933 139721 172490 172491 172492 172500 173271 173275 174047 174056 174065 174824 174825 174827 175626 175635 175641 176421 176422 176424 177241 177250 177256 178038 178042 178043 178054 178055 178870 178874 178875 178876 178897 178906 179707 179711 179713 180554
LI (58):  59771 59772 59998 59999 60240 60490 60491 60745 60746 61130 61131 61307 61308 61560 61561 68351 68362 138870 138871 138880 138881 138889 138890 138899 138900 138909 138910 138918 138919 138928 138929 139705 171709 171726 172467 172482 172486 173234 173253 174010 174025 174029 174037 174795 174814 174820 175589 175604 175608 175616 176392 176411 176417 177204 177223 177231 178034 178051
NODE_NUM = 198
FILE hyp_sub_364.aig

# Subcircuit 365
SUB_ID 365
LO (15):  68450 68814 68879 68892 68953 137161 137165 137175 137185 137195 137205 137215 137225 137235 140186
LI (38):  250 251 252 253 254 255 256 46998 68449 68781 68799 68805 68812 68819 68822 68826 68830 68836 68838 68848 68850 68851 68854 68855 68856 68858 68862 68864 68896 68897 68910 68932 69020 137138 137143 137147 137151 137158
NODE_NUM = 199
FILE hyp_sub_365.aig

# Subcircuit 366
SUB_ID 366
LO (21):  68812 68819 68822 68850 68851 68855 68858 68896 68897 68932 69020 69131 69133 69317 137138 137244 137254 137263 137273 137282 137292
LI (51):  247 248 249 253 254 255 256 68877 68882 68883 68888 68889 68890 68892 68919 68925 68928 68956 68991 68996 68998 69002 69009 69013 69014 69016 69028 69053 69060 69064 69066 69069 69070 69075 69077 69082 69088 69110 69116 69119 69132 69156 69160 69169 69182 69255 69257 69356 69361 69432 137123
NODE_NUM = 196
FILE hyp_sub_366.aig

# Subcircuit 367
SUB_ID 367
LO (29):  68877 68882 68883 68889 68890 68919 68956 68991 68996 68998 69009 69028 69053 69082 69088 69110 69116 69156 69169 69182 69255 69257 69356 69361 69432 137123 137301 137311 137320
LI (61):  246 248 249 251 252 255 256 68814 68879 68953 68958 68959 68960 68963 68968 68969 68972 68973 68976 68977 68983 68985 68989 69006 69007 69044 69049 69078 69080 69101 69103 69107 69131 69132 69133 69141 69152 69193 69194 69195 69197 69206 69212 69223 69225 69228 69229 69232 69240 69252 69278 69284 69352 69395 69412 69532 69534 69626 69633 69731 137116
NODE_NUM = 200
FILE hyp_sub_367.aig

# Subcircuit 368
SUB_ID 368
LO (26):  68958 68960 68963 69078 69141 69206 69212 69240 69278 69284 69352 69532 69534 69626 69633 69731 69782 69783 69891 69892 69993 69996 70002 70139 137327 137337
LI (54):  243 247 251 252 256 69042 69077 69138 69139 69200 69201 69202 69204 69234 69238 69277 69301 69321 69340 69346 69350 69443 69447 69448 69452 69476 69486 69488 69489 69491 69500 69508 69514 69522 69550 69575 69586 69588 69591 69592 69601 69610 69624 69645 69655 69660 69714 69739 69744 69753 69792 69794 69874 69877
NODE_NUM = 197
FILE hyp_sub_368.aig

# Subcircuit 369
SUB_ID 369
LO (60):  68968 68972 68973 68976 68983 68985 69002 69006 69007 69042 69044 69049 69070 69077 69101 69103 69139 69160 69193 69194 69195 69202 69225 69229 69301 69321 69340 69346 69350 69395 69412 69443 69447 69448 69452 69486 69488 69489 69491 69514 69522 69550 69575 69586 69588 69591 69624 69666 69714 69739 69753 69792 69794 69800 69811 69820 69828 69867 69877 69974
LI (57):  242 244 245 246 247 248 249 250 253 254 255 256 68984 69043 69094 69096 69097 69098 69292 69296 69299 69302 69309 69312 69320 69325 69327 69332 69337 69374 69377 69386 69393 69406 69410 69437 69442 69446 69481 69487 69545 69551 69552 69560 69566 69571 69668 69670 69673 69681 69685 69710 69791 69799 69801 69805 69810
NODE_NUM = 200
FILE hyp_sub_369.aig

# Subcircuit 370
SUB_ID 370
LO (36):  69075 69080 69094 69096 69098 69138 69152 69201 69204 69223 69238 69312 69393 69668 69801 70147 70148 70279 70280 70428 70429 70569 70570 70697 70858 70859 70992 70993 137100 137357 137367 137376 137386 137396 137405 140118
LI (51):  241 243 245 252 253 254 255 256 69137 69143 69146 69150 69200 69305 69306 69310 69391 70006 70009 70011 70013 70015 70026 70036 70044 70077 70086 70129 70135 70139 70142 70208 70210 70216 70224 70232 70261 70267 70271 70359 70399 70405 70409 70418 70439 70555 70574 70683 70851 70855 70991
NODE_NUM = 182
FILE hyp_sub_370.aig

# Subcircuit 371
SUB_ID 371
LO (38):  69132 69137 69143 69150 69197 69277 69320 69325 69377 69476 69571 69645 69681 69874 70003 70004 70006 70009 70013 70129 70135 70142 70208 70210 70261 70267 70271 70359 70399 70405 70409 70418 70439 70555 70851 70855 70987 137347
LI (63):  240 244 245 247 248 251 252 255 69270 69274 69275 69317 69373 69461 69464 69467 69474 69595 69675 69676 69679 69811 69812 69816 69820 69853 69858 69867 69924 69926 69957 69969 69978 69993 69996 70002 70090 70091 70092 70095 70102 70122 70125 70181 70182 70185 70186 70190 70195 70201 70207 70244 70249 70259 70354 70367 70392 70398 70498 70545 70549 70703 70844
NODE_NUM = 199
FILE hyp_sub_371.aig

# Subcircuit 372
SUB_ID 372
LO (34):  69146 69200 69232 69310 69464 70354 70392 70498 70574 70683 70703 70834 70836 70844 70872 70888 70962 70975 70980 70984 71126 137116 137330 137340 137350 137360 137370 137379 137389 137399 137408 137418 137428 140121
LI (79):  239 240 242 252 256 69309 69782 69783 69891 69892 70003 70004 70010 70046 70147 70148 70182 70279 70280 70312 70314 70317 70326 70350 70373 70375 70376 70378 70388 70428 70429 70455 70457 70460 70461 70462 70469 70473 70475 70484 70489 70569 70570 70597 70605 70610 70623 70637 70666 70675 70697 70713 70715 70719 70742 70745 70749 70831 70840 70858 70859 70992 70993 70995 71133 71140 71240 137090 137100 137327 137337 137347 137357 137367 137376 137386 137396 137405 140118
NODE_NUM = 199
FILE hyp_sub_372.aig

# Subcircuit 373
SUB_ID 373
LO (44):  69234 69270 69274 69275 69292 69306 69327 69337 69374 69386 69391 69461 69474 69500 69508 69566 69610 69655 69660 69710 69791 69853 69924 69926 69969 70375 70461 70719 70831 70991 70995 71133 71140 71215 71220 71229 71233 71236 71248 71298 71302 71369 71376 71386
LI (75):  238 239 240 242 251 254 255 256 69305 69326 69327 69335 69373 69380 69383 69384 69456 69457 69459 69495 69497 69502 69506 69604 69605 69608 69650 69703 69704 69836 69837 69841 69844 69851 69919 69966 70182 70458 70718 70727 70768 70770 70774 70775 70781 70783 70785 70787 70798 70806 70827 70889 70939 70943 70952 70958 70962 70967 70971 70975 70980 70984 70987 70999 71004 71027 71031 71047 71096 71105 71106 71114 71118 71126 71131
NODE_NUM = 198
FILE hyp_sub_373.aig

# Subcircuit 374
SUB_ID 374
LO (34):  69299 69305 69309 69373 69467 69495 69604 69703 69704 69805 69858 69978 70597 70713 70715 70742 70787 70840 70889 70939 70958 70967 70971 71047 71105 71106 71118 71131 71240 137090 137438 137447 137457 137466
LI (65):  237 241 243 250 251 256 69466 69494 69502 69505 69666 69690 69692 69702 69800 69803 69974 70382 70581 70583 70586 70593 70712 70726 70727 70730 70731 70738 70834 70836 70869 70875 70879 70884 70888 70916 70917 70920 70921 70930 70936 71046 71100 71148 71209 71215 71220 71222 71229 71233 71236 71303 71371 71376 71382 71386 71387 71389 71614 71623 71784 71789 71969 137080 137085
NODE_NUM = 193
FILE hyp_sub_374.aig

# Subcircuit 375
SUB_ID 375
LO (38):  69326 69332 69335 69380 69384 69456 69459 69494 69595 69601 69676 69744 69844 69957 69966 70010 70011 70122 70125 70182 70185 70207 70376 70785 70920 71027 71209 71303 71382 71614 71784 71789 71969 72171 72172 72174 72373 137473
LI (60):  237 238 239 240 243 249 253 255 69455 69466 69597 69598 69599 69675 69689 69825 69840 69841 69906 69946 69947 69950 69951 69955 70110 70119 70184 70462 70769 70917 70919 71008 71012 71023 71159 71160 71170 71178 71205 71248 71273 71282 71287 71298 71302 71401 71408 71428 71437 71521 71523 71606 71630 71638 71771 71777 71951 71956 72150 72159
NODE_NUM = 199
FILE hyp_sub_375.aig

# Subcircuit 376
SUB_ID 376
LO (31):  69437 69442 69446 69455 69506 69947 70036 70102 70190 70244 70583 70730 71521 71523 71771 71951 72150 72159 137080 137476 137485 137495 137505 140082 140088 141771 141775 141776 141786 141946 141969
LI (62):  236 237 243 248 254 255 256 69505 69936 70018 70028 70029 70031 70034 70385 70729 71474 71475 71476 71486 71514 71520 71715 71722 71752 71760 71765 71799 71808 71812 71941 71943 71978 71983 71987 72146 72171 72172 72174 72359 72373 72390 72397 72570 72572 72773 137069 137473 137490 137491 137500 137501 137510 137511 137519 140080 141592 141609 141767 141768 141772 141784
NODE_NUM = 199
FILE hyp_sub_376.aig

# Subcircuit 377
SUB_ID 377
LO (43):  69457 69466 69487 69497 69552 69560 69803 69836 69919 70044 70077 70086 70091 70181 70195 70201 70232 70249 70259 70312 70350 70373 70388 70398 70545 70549 70605 70610 70623 70675 70712 70745 70798 70943 71012 71159 71371 71401 71606 71777 71808 71812 71956
LI (72):  235 240 241 243 246 249 250 256 69551 69559 69824 69825 69826 69828 69834 69837 69896 69899 69904 69906 69907 69913 69917 70015 70028 70058 70059 70061 70062 70063 70075 70153 70154 70156 70165 70172 70180 70301 70306 70310 70335 70339 70348 70369 70383 70386 70505 70511 70526 70527 70531 70532 70536 70791 70793 70795 70796 71008 71155 71187 71335 71336 71339 71348 71354 71358 71362 71369 71536 71577 71581 71590
NODE_NUM = 193
FILE hyp_sub_377.aig

# Subcircuit 378
SUB_ID 378
LO (32):  69502 69505 69551 69840 69946 69955 70119 71273 71408 71486 71514 71536 71577 71715 71760 71799 71941 71943 71978 71987 72146 72227 72234 72296 72300 72307 72357 72390 72397 72416 72545 72766
LI (59):  234 236 238 252 255 69812 69839 69937 69945 71154 71250 71251 71254 71260 71264 71269 71483 71484 71507 71508 71546 71547 71549 71552 71555 71561 71569 71575 71672 71695 71704 71709 71713 71817 71820 71822 71824 71833 71839 71868 71879 71888 71896 71916 71921 71924 71934 71992 72082 72101 72110 72115 72135 72180 72189 72195 72213 72216 72233
NODE_NUM = 197
FILE hyp_sub_378.aig

# Subcircuit 379
SUB_ID 379
LO (19):  69559 72082 72359 72570 72572 72773 137069 137530 137531 137540 137541 137550 137551 137560 137561 142123 142127 142312 142316
LI (40):  234 235 255 256 72020 72027 72028 72039 72078 72227 72301 72308 72324 72328 72337 72349 72353 72357 72419 72423 72538 72556 72637 72648 72675 72760 72766 72848 72985 73063 73299 73303 73466 73474 73721 137061 137529 137539 137549 137559
NODE_NUM = 178
FILE hyp_sub_379.aig

# Subcircuit 380
SUB_ID 380
LO (30):  69592 69597 69675 70460 70718 109512 109513 109993 109995 110448 110450 110456 110461 110634 110823 110828 110846 110854 110860 110865 110878 110882 110898 111073 111092 111344 111353 136868 138414 138424
LI (56):  239 241 248 250 70458 109031 109160 109215 109218 109280 109333 109335 109336 109339 109349 109357 109363 109372 109378 109382 109417 109423 109428 109432 109489 109495 109500 109504 109509 109717 109722 109951 109953 109959 109963 109972 109976 109981 109985 109999 110020 110031 110034 110039 110059 110070 110074 110104 110106 110111 110158 110166 110169 110174 110188 110441
NODE_NUM = 187
FILE hyp_sub_380.aig

# Subcircuit 381
SUB_ID 381
LO (55):  69599 69605 69608 69670 69673 69690 69702 69824 69834 69841 69851 69937 69945 70018 70026 70028 70031 70110 70172 70216 70301 70306 70310 70348 70484 70489 70532 70919 71335 71358 71546 71549 71575 71630 71695 71713 71820 71822 71839 71924 71983 72027 72078 72135 72308 72328 72349 72538 72675 72760 73054 73061 73086 73088 73262
LI (67):  233 235 236 237 241 247 252 253 254 256 69689 69695 69697 69700 69936 69939 69941 69943 70019 70023 70024 70167 70170 70285 70289 70290 70300 70304 70483 71318 71320 71323 71328 71334 71541 71547 71551 71668 71671 71673 71674 71682 71690 72021 72023 72025 72046 72048 72051 72057 72066 72076 72122 72131 72307 72429 72450 72534 72654 72663 72668 72671 72742 72747 72758 73046 73048
NODE_NUM = 192
FILE hyp_sub_381.aig

# Subcircuit 382
SUB_ID 382
LO (49):  69679 69689 69692 69695 69906 69936 70023 70061 70186 70455 70473 70581 71879 72450 72742 72985 73466 73721 137061 140072 140074 140080 141469 141499 141500 141645 141654 141663 141672 141767 141784 141964 141973 141976 141977 142126 142130 142142 142143 142162 142171 142180 142314 142318 142342 142351 142517 142521 142522
LI (70):  233 234 236 238 250 251 253 255 70021 70441 70444 70445 70454 71551 72433 72438 72446 72695 72703 72735 72941 72964 72978 73394 73453 73459 73715 73717 73777 73784 74206 137057 137530 137531 137540 137541 137550 137551 137560 137561 137569 137579 140067 140700 140801 140911 141030 141172 141295 141437 141440 141463 141464 141478 141487 141496 141605 141609 141756 141783 141929 141946 141954 141958 141959 141970 142122 142123 142127 142139
NODE_NUM = 199
FILE hyp_sub_382.aig

# Subcircuit 383
SUB_ID 383
LO (37):  69697 69700 69941 70075 70090 72637 72848 73299 73303 73459 73474 73715 73717 73784 74206 137057 140067 141620 141624 141793 141802 141958 141959 142148 142157 142331 142332 142334 142539 142548 142554 142724 142729 142740 142741 142971 142980
LI (58):  232 234 254 256 70063 70069 70072 72607 72613 72615 72619 72629 72635 72800 72817 72826 72831 73086 73088 73263 73265 73274 73280 73289 73296 73618 73699 73705 74197 74204 74458 137054 137588 140065 141437 141451 141455 141592 141611 141756 141771 141775 141783 141929 141948 141954 142111 142126 142130 142138 142302 142321 142502 142521 142529 142720 142728 142737
NODE_NUM = 198
FILE hyp_sub_383.aig

# Subcircuit 384
SUB_ID 384
LO (57):  69799 69810 69812 69816 69896 69943 70015 70167 70184 70326 70383 70385 70386 70483 70666 70768 70781 70827 70884 70890 70916 70936 71046 71096 71114 71148 71205 71282 71287 71334 71348 71354 71362 71428 71437 71520 71541 71555 71561 71638 71828 71829 71830 71934 72023 72186 72252 72301 72353 72419 72423 72556 72654 72671 72758 73168 73514
LI (72):  231 232 237 239 243 244 245 247 255 256 70024 70322 70324 70382 70384 70641 70647 70649 70652 70662 70760 70761 70762 70763 70804 70815 70824 70891 70892 70904 70912 71052 71053 71055 71063 71068 71070 71072 71082 71091 71095 71180 71184 71193 71194 71197 71199 71200 71203 71277 71319 71342 71345 71346 71416 71425 71504 71559 71563 72234 72249 72250 72253 72254 72258 72287 72290 72296 72300 72416 72550 72554
NODE_NUM = 198
FILE hyp_sub_384.aig

# Subcircuit 385
SUB_ID 385
LO (47):  69825 69826 69837 69839 69904 69913 70285 70382 70445 70637 70731 70869 70879 71180 71318 71328 71590 71896 72122 72613 72817 72826 72831 73263 73265 73289 73453 73705 73777 74204 74458 137054 140065 142321 142529 142550 142728 142746 142755 142764 142773 142957 142960 142961 142963 143196 143205
LI (64):  230 235 236 241 244 249 251 256 69666 69903 70629 70630 70631 70635 71305 71306 71308 71317 71657 71891 71893 72250 72276 72440 72803 72804 72808 72813 72821 73213 73217 73226 73245 73248 73258 73262 73401 73440 73446 73729 73764 73771 74449 74454 74626 137052 137598 140063 141929 142111 142130 142302 142315 142319 142502 142523 142539 142548 142711 142724 142736 142929 142949 142956
NODE_NUM = 199
FILE hyp_sub_385.aig

# Subcircuit 386
SUB_ID 386
LO (35):  69903 70058 70180 70224 71474 71668 71704 71709 71765 71817 71916 72180 74197 74219 74449 74454 74476 74483 74487 74492 74591 74602 74615 74619 74624 74634 74776 74780 74898 74906 74911 74915 77016 77234 80127
LI (61):  204 230 242 243 255 70046 70052 70055 71463 71465 71467 71472 71656 71657 71659 71662 71666 71699 71908 71913 73870 73886 73888 73892 73898 73902 73931 73958 73964 73969 73977 73981 73998 74085 74129 74131 74141 74168 74178 74182 74191 74218 74224 74234 74257 74278 74284 74289 74298 74302 74334 74338 74347 74355 74418 74424 74428 74433 74441 74470 74474
NODE_NUM = 199
FILE hyp_sub_386.aig

# Subcircuit 387
SUB_ID 387
LO (47):  69939 69950 70019 70021 70024 70034 70069 70165 70322 70335 70457 70469 70526 70536 70652 70726 70738 70804 70806 71004 71023 71277 71308 71824 72735 72800 73046 73048 73213 73258 73274 73280 73394 73446 73655 73699 73729 73870 73939 73981 74084 74093 74182 74284 74298 74302 74428
LI (72):  228 232 238 246 248 251 252 253 256 70068 70159 70160 70161 70163 70290 70321 70466 70511 70513 70515 70516 70520 70521 70523 70525 70801 70803 71017 71020 72503 72719 72721 72724 72731 72779 72787 72791 72905 73017 73019 73020 73028 73033 73039 73045 73096 73135 73172 73209 73353 73355 73386 73392 73628 73647 73654 73658 73659 73663 73682 73688 73697 73809 73817 73822 73829 73837 73857 73862 73934 73935 73937
NODE_NUM = 199
FILE hyp_sub_387.aig

# Subcircuit 388
SUB_ID 388
LO (36):  70046 70052 70055 70300 70367 70505 70520 71657 71868 72020 72213 72216 72290 72337 72550 72554 74626 74923 74924 74926 75011 75137 75144 75150 75159 75163 75168 75176 75178 75256 75261 75265 75411 75660 75673 137601
LI (62):  228 229 242 254 255 70049 70053 70293 70295 70298 70519 71841 71844 71846 71856 71864 72001 72002 72005 72006 72016 72206 72211 72545 74248 74488 74514 74544 74545 74557 74563 74584 74591 74597 74602 74606 74610 74615 74619 74624 74635 74680 74689 74690 74698 74702 74770 74776 74780 74783 74802 74806 74887 74893 74898 74906 74911 74915 74999 75006 75130 75131
NODE_NUM = 199
FILE hyp_sub_388.aig

# Subcircuit 389
SUB_ID 389
LO (56):  70049 70053 70059 70063 70068 70072 70156 70163 70290 70339 70458 70760 70952 71055 71170 71200 71342 71416 71465 71467 71569 71844 71891 71913 72803 72804 72941 73209 73353 73355 73386 73392 73440 73618 73654 73663 73682 73697 73764 73771 73822 73934 73958 73964 73969 73977 74010 74011 74024 74025 74066 74098 74131 74315 74352 74441
LI (70):  229 230 231 234 241 242 249 253 254 256 70151 70338 70756 70759 70906 71165 71167 71199 71466 71564 71567 71890 72706 72801 72914 72916 72917 72918 72920 72926 72933 72939 73166 73171 73172 73175 73184 73205 73313 73317 73348 73352 73363 73382 73434 73438 73488 73489 73492 73493 73500 73504 73512 73517 73538 73608 73612 73648 73653 73670 73679 73755 73933 73939 73940 73943 73954 74009 74014 74023
NODE_NUM = 196
FILE hyp_sub_389.aig

# Subcircuit 390
SUB_ID 390
LO (67):  70092 70095 70151 70153 70154 70159 70324 70338 70441 70454 70511 70531 70593 70630 70631 70662 70762 70796 70824 70892 70930 71154 71155 71178 71251 71254 71336 71339 71463 71472 71483 71552 71671 72001 72324 72440 72446 72648 72724 72914 72939 73017 73019 73039 73363 73382 73493 73608 73612 73628 73688 73857 73862 74014 74085 74191 74257 74334 74424 74514 74584 74610 74887 75006 75407 75897 75901
LI (79):  227 231 234 235 238 239 246 247 248 251 256 70323 70448 70451 70462 70530 70649 70657 70658 70660 70761 70917 70927 70928 71164 71252 71338 71448 71451 71462 71551 71995 71996 71999 72021 72316 72321 72443 72444 72720 72883 72900 72902 72906 72907 72911 73012 73368 73380 73575 73578 73581 73589 73597 73603 73607 73627 73655 73842 73855 73948 74073 74080 74084 74247 74249 74250 74255 74331 74492 74510 74577 74582 74879 74881 75266 75394 75401 75405
NODE_NUM = 200
FILE hyp_sub_390.aig

# Subcircuit 391
SUB_ID 391
LO (53):  70161 70170 70289 70293 70451 70657 70658 70660 70803 71020 71068 71070 71305 71656 71666 71752 71908 71992 71995 72110 72115 72249 72258 72534 72663 72747 72905 72906 72917 72964 72978 73063 73296 73317 73935 74545 74770 74879 74881 75130 75131 75171 75172 75174 75318 75384 75386 75392 75418 75471 75678 75682 137611
LI (73):  227 230 231 233 237 238 245 246 249 252 254 70450 70527 70802 71019 71304 71494 71643 71646 71655 71728 71731 71732 71741 71748 71828 72109 72235 72236 72237 72239 72248 72485 72502 72503 72507 72511 72530 72904 72916 72920 72950 72961 72968 73054 73061 74708 74709 74713 74714 74722 74728 74757 74763 74768 74823 74837 74838 74872 74878 74926 75011 75060 75129 75137 75144 75150 75154 75159 75163 75168 75315 75379
NODE_NUM = 198
FILE hyp_sub_391.aig

# Subcircuit 392
SUB_ID 392
LO (22):  70295 70298 70369 75379 75909 76173 76174 76287 76288 76552 76553 76555 76648 76821 76826 77083 77087 137042 137640 137650 137659 137669
LI (47):  226 227 255 256 75026 75320 75324 75333 75341 75372 75375 75695 75702 75721 75725 75727 75739 75744 75750 75754 75757 75763 75766 75853 75873 75879 75884 75892 75897 75901 75904 76119 76124 76130 76133 76139 76146 76152 76156 76161 76165 76255 76264 76374 76535 76639 76646
NODE_NUM = 198
FILE hyp_sub_392.aig

# Subcircuit 393
SUB_ID 393
LO (59):  70304 70317 70321 70323 70378 70384 70444 70448 70647 70801 70815 70912 71100 71193 71323 71425 71484 71732 72016 72021 72076 72101 72233 72250 72253 72316 72443 72801 73166 73348 73434 73438 73538 73575 73603 73755 73829 73837 73842 73886 73902 74023 74080 74129 74159 74168 74178 74278 74387 74413 74416 74469 74496 74597 74632 74671 74714 74763 74783
LI (76):  225 231 232 233 236 238 244 245 246 248 249 250 254 70527 70642 70643 70645 70907 70908 70910 71084 71188 71191 71321 71735 72011 72014 72037 72069 72093 72099 72252 72442 72892 72902 73156 73158 73164 73337 73338 73341 73342 73346 73431 73531 73536 73561 73563 73565 73570 73574 73738 73743 73748 73871 73874 73875 73883 73885 74021 74101 74109 74114 74120 74157 74158 74163 74166 74261 74263 74269 74274 74382 74404 74406 74412
NODE_NUM = 200
FILE hyp_sub_393.aig

# Subcircuit 394
SUB_ID 394
LO (39):  70450 70462 70466 70904 71063 71091 71264 72235 72236 72607 72635 72721 72779 72813 74823 75060 75266 75315 75324 75405 75692 75693 75695 75702 75750 75754 75757 75873 75884 75892 75904 76119 76152 76156 76161 76165 76264 76387 137631
LI (67):  225 229 238 241 252 256 70898 70900 70902 71084 71087 71089 71996 72467 72583 72585 72588 72598 72606 72720 74712 74812 74816 74817 74821 75016 75025 75027 75028 75030 75039 75048 75054 75058 75187 75230 75238 75244 75248 75252 75256 75261 75265 75268 75311 75323 75424 75430 75447 75452 75462 75471 75476 75488 75510 75565 75571 75652 75660 75673 75678 75682 75687 75697 75862 75871 76112
NODE_NUM = 199
FILE hyp_sub_394.aig

# Subcircuit 395
SUB_ID 395
LO (39):  70513 70516 70519 70521 70523 70641 70642 70643 70756 70759 70898 70927 71017 71019 74712 74713 74816 75027 75320 75565 75853 76112 76124 76139 76255 76374 76535 76639 76646 76829 76831 76984 77071 77090 77491 77507 77763 137033 137679
LI (62):  225 226 227 230 250 252 253 254 255 70755 70897 70926 71016 74709 74711 75026 75037 75513 75516 75519 75521 75524 75525 75527 75533 75561 75822 75823 75828 75837 75845 75851 75918 75923 75976 75980 75994 76074 76108 76121 76200 76202 76225 76229 76242 76246 76370 76387 76395 76401 76524 76527 76555 76630 76648 76730 76737 76741 76802 76821 76826 76975
NODE_NUM = 199
FILE hyp_sub_395.aig

# Subcircuit 396
SUB_ID 396
LO (50):  70527 70530 70586 70629 70635 70770 70774 70875 71084 71306 71338 71507 71508 71690 71999 72037 72039 72237 72429 72900 72911 72933 73156 73164 73313 73368 73512 73871 74163 74708 75026 76630 76692 76730 76975 77246 77352 77393 77688 77754 77937 78018 78050 78857 79669 80831 81234 83139 84563 87254
LI (60):  192 224 229 234 235 239 240 245 251 255 256 70628 70769 70773 70872 71493 71494 71497 71506 71689 72033 72036 72884 72885 72887 72889 72899 72927 72928 72931 73149 73150 74033 74159 74160 76587 76602 76604 76606 76611 76615 76621 76628 76661 76680 76688 76690 76699 76707 76726 76849 76857 76862 76910 76915 76923 76946 76948 76957 76958
NODE_NUM = 199
FILE hyp_sub_396.aig

# Subcircuit 397
SUB_ID 397
LO (50):  70645 70649 70727 70729 70755 71448 71567 72503 72883 72927 73012 73033 73096 73149 73205 73245 73248 73352 73401 73500 73627 73931 74033 74073 74120 74141 74157 74166 74331 74412 74418 74433 74488 74577 74582 74606 74680 74698 74768 74806 74893 75154 75187 75252 75524 75822 75851 76189 76199 77312
LI (72):  222 223 229 236 237 242 250 256 71566 72588 72852 72854 72855 72858 72868 72879 72926 72990 72993 73001 73008 73030 73032 73143 73146 73147 73193 73202 73233 73242 73548 73594 73908 73909 73911 73919 73927 74032 74034 74037 74040 74046 74054 74060 74066 74071 74143 74147 74156 74307 74320 74324 74387 74388 74392 74402 74413 74416 74476 74483 74487 74572 74663 74671 74676 75182 75323 75785 75787 75790 75795 75821
NODE_NUM = 200
FILE hyp_sub_397.aig

# Subcircuit 398
SUB_ID 398
LO (36):  70761 70763 70769 70773 71506 71566 71722 71888 72033 72093 72131 72195 75028 75341 75652 76121 76130 76146 76910 77515 77771 77772 77774 78039 78045 78054 78059 78121 78362 78389 78394 78398 78760 137028 137698 137708
LI (60):  223 224 230 247 248 254 70772 71016 71503 71504 71886 71890 72032 72089 75041 75336 75337 75621 75630 75635 75639 75645 75650 76652 76898 76899 76904 76905 76908 77098 77130 77146 77200 77206 77212 77226 77248 77339 77345 77359 77368 77372 77393 77498 77503 77507 77512 77627 77634 77639 77643 77718 77723 77727 77737 77754 77759 77763 78023 78035
NODE_NUM = 198
FILE hyp_sub_398.aig

# Subcircuit 399
SUB_ID 399
LO (31):  70772 70775 71082 71269 78062 78063 78406 78407 78772 78773 78775 78953 78958 79066 79070 79163 79172 79176 79181 79189 79196 79200 79205 79209 79223 79477 88135 89026 137718 137728 137738
LI (54):  188 222 223 255 71075 71079 71080 75786 77774 77858 77932 77959 77965 77975 77984 77988 77992 78008 78014 78018 78039 78045 78050 78054 78059 78363 78368 78372 78376 78385 78389 78394 78398 78411 78416 78425 78431 78522 78531 78532 78540 78557 78639 78649 78743 78745 78760 78780 78849 78930 78932 78948 78952 78955
NODE_NUM = 197
FILE hyp_sub_399.aig

# Subcircuit 400
SUB_ID 400
LO (55):  70791 70793 70802 70897 70900 70902 70907 70908 71053 71087 71187 71188 71320 71494 71564 71728 71748 71864 72006 72109 72206 72211 72287 72485 72530 72668 72731 72968 73045 73492 73883 73885 74021 74109 75037 75039 75323 75476 75727 75823 75828 76108 76370 76524 76527 76737 76741 76802 76923 77062 77067 77076 77129 77487 77496
LI (69):  224 225 226 228 234 243 244 250 251 253 70906 71052 71086 71319 71563 71745 71747 71859 71862 72201 72261 72265 72267 72269 72271 72283 72466 72467 72470 72471 72472 72481 72522 72527 73172 73879 73882 74020 75033 75036 75827 76018 76073 76075 76076 76078 76088 76096 76102 76106 76311 76316 76340 76348 76353 76361 76410 76419 76422 76425 76429 76433 76439 76520 76751 76753 76765 76795 76798
NODE_NUM = 194
FILE hyp_sub_400.aig

# Subcircuit 401
SUB_ID 401
LO (50):  70906 70910 70917 70921 70926 71165 71504 71659 71833 72036 72189 72239 72855 72928 73172 73489 73589 73658 73809 73919 74114 74289 74392 75129 75333 75375 75447 75571 75721 75871 76073 76102 76133 76311 76361 76520 76795 76798 77095 77096 77098 77368 77372 77498 77503 77512 77723 77727 77759 137689
LI (71):  221 228 229 233 236 240 243 248 249 256 71164 71829 71830 72034 72186 73324 73584 73587 73657 73800 73803 73913 73916 73917 74391 74846 75097 75111 75113 75116 75120 75125 75327 75330 75331 75435 75444 75712 75715 76025 76027 76029 76040 76072 76299 76308 76465 76468 76471 76479 76486 76516 76773 76782 76788 76831 76984 77052 77054 77062 77067 77071 77076 77083 77087 77090 77469 77478 77487 77491 77496
NODE_NUM = 197
FILE hyp_sub_401.aig

# Subcircuit 402
SUB_ID 402
LO (66):  70928 71008 71016 71052 71072 71075 71079 71164 71167 71250 71260 71317 71503 71559 71581 71886 72025 72271 72283 72606 72854 72885 73008 73146 73242 73324 73337 73346 73431 73563 73565 73584 73670 73738 73748 73916 74020 74388 74391 74709 74757 74848 75016 75025 75054 75058 76424 76680 76849 76915 76946 76948 77130 77206 77212 77359 77718 77737 77858 77970 78008 78014 78023 78035 78431 78649
LI (80):  221 222 226 229 233 235 236 239 242 247 249 254 255 71166 71249 71250 71258 71311 71314 71315 71502 71557 72002 72277 72280 72584 72852 72884 73003 73004 73143 73145 73326 73328 73336 73422 73423 73426 73429 73562 73915 74746 74748 74751 74755 75013 75024 76422 76653 76656 76667 76669 76676 76835 76839 76847 76928 76930 76931 76939 76945 77107 77109 77110 77112 77116 77120 77123 77129 77352 77654 77659 77677 77688 77714 77855 78001 78004 78028 78033
NODE_NUM = 200
FILE hyp_sub_402.aig

# Subcircuit 403
SUB_ID 403
LO (37):  71080 71086 71655 71741 71921 72099 77627 77643 77975 77984 78028 78363 78385 78639 78743 78745 78780 78849 78948 78952 78955 79184 79185 79217 79218 79220 79233 79511 79517 79521 79526 79572 79851 79855 80405 137748 137758
LI (66):  220 224 252 256 71456 71650 71652 71735 71738 71739 77560 77562 77563 77566 77575 77582 77613 77616 77622 77626 77968 77971 77972 78113 78115 78121 78226 78236 78239 78266 78269 78284 78328 78337 78339 78343 78348 78352 78362 78568 78635 78652 78736 78775 78777 78786 78845 78953 79071 79075 79153 79159 79163 79172 79176 79181 79189 79196 79200 79205 79209 79226 79229 79477 79504 79510
NODE_NUM = 194
FILE hyp_sub_403.aig

# Subcircuit 404
SUB_ID 404
LO (38):  71089 71160 71311 71462 71699 77562 77971 78328 78343 78348 78635 78736 79153 79510 79529 79530 79532 79576 79655 79660 79749 79826 79830 79834 79841 79860 79867 79884 79902 79906 80042 80081 80309 80631 80640 90793 92133 137768
LI (60):  184 220 223 253 255 71457 71458 71460 77313 77968 77969 77970 78285 78287 78288 78296 78304 78327 78499 78595 78604 78609 78631 78717 78721 78724 78734 79078 79107 79114 79127 79134 79144 79220 79233 79308 79468 79511 79517 79521 79526 79538 79563 79572 79612 79621 79622 79630 79636 79639 79644 79654 79657 79686 79693 79695 79697 79709 79730 79748
NODE_NUM = 197
FILE hyp_sub_404.aig

# Subcircuit 405
SUB_ID 405
LO (42):  71166 71184 71191 71197 71738 72034 72048 72629 72821 73028 73217 75521 76479 76606 76782 76898 76908 77248 77634 77639 77972 78287 78522 78845 79071 79075 79159 79226 79229 79504 79654 79863 80413 80414 80416 80636 80645 80987 80996 137011 137777 137787
LI (65):  219 223 228 229 246 247 252 256 71649 72047 72623 72624 72627 72872 72876 73026 75962 76476 76477 76603 76605 76884 76888 76897 77238 77246 77633 77967 78460 78461 78464 78465 78474 78481 78509 78515 78520 78808 78817 78822 78841 78958 78978 79041 79056 79066 79070 79223 79487 79493 79497 79532 79576 79836 79841 79851 79855 79860 79888 79893 79899 80180 80389 80391 80405
NODE_NUM = 199
FILE hyp_sub_405.aig

# Subcircuit 406
SUB_ID 406
LO (69):  71199 71249 71252 71258 71304 71314 71315 71456 71457 71458 71493 71497 71563 71689 72280 72481 72583 72719 72787 72791 72858 72961 73135 73226 73422 73429 73531 73536 73561 73570 73607 73647 73657 73800 73803 74071 74250 74846 74872 75113 75268 75311 75327 75330 75561 75697 75821 75923 76018 76106 76224 76395 76401 76407 76476 76930 77109 77327 77967 77968 78285 78509 78841 78915 79056 79108 79487 79493 79497
LI (76):  219 220 221 222 226 229 232 242 244 248 253 254 255 71492 71496 72278 72464 72477 72478 72579 72707 72709 72710 72717 73098 73101 73103 73113 73131 73147 73413 73415 73416 73419 73530 73546 73549 73550 73560 73639 73645 73794 74734 74848 74849 74850 74859 74868 75275 75307 75329 75550 75552 75555 75559 75804 75806 75808 75817 76001 76010 76015 76034 76390 76655 77108 77563 78498 78500 78502 78507 78833 78838 79050 79054 79482
NODE_NUM = 199
FILE hyp_sub_406.aig

# Subcircuit 407
SUB_ID 407
LO (45):  71319 71321 71346 71451 71460 71492 71650 71652 71859 72057 72248 72527 72624 72879 73380 77563 78930 78932 79127 79308 79468 79538 79563 79612 79630 79730 79836 79888 79893 79899 80016 80065 80068 80086 80171 80178 80188 80351 80382 80388 80439 80612 80621 80780 80964
LI (74):  217 221 222 223 249 251 252 256 71649 71739 72045 72046 72055 72242 72246 72870 72876 72878 73377 78468 78904 78912 78914 78916 78921 78925 78929 79121 79123 79238 79284 79288 79298 79302 79306 79313 79318 79405 79409 79411 79412 79422 79428 79456 79462 79541 79550 79586 79589 79611 79655 79660 79718 79727 79749 79776 79784 79787 79789 79790 79795 79820 79826 79830 79834 79867 79876 79877 79884 79906 80004 80006 80059 80063
NODE_NUM = 197
FILE hyp_sub_407.aig

# Subcircuit 408
SUB_ID 408
LO (40):  71466 71475 71476 71673 71682 74032 74060 74218 74307 74324 74544 74999 75401 76088 76587 76615 80180 80389 80391 80449 80616 80627 80753 80767 80770 80786 80795 80974 80990 81012 81126 81136 81151 81158 81162 81202 81335 84576 88606 95038
LI (63):  180 218 232 241 255 256 71672 71681 73997 73999 74001 74006 74031 74211 74215 74216 74535 74540 74930 74995 76082 76085 76582 78250 79902 80016 80017 80025 80029 80034 80054 80075 80090 80165 80171 80178 80189 80237 80242 80244 80246 80248 80256 80262 80302 80309 80313 80379 80382 80388 80440 80444 80482 80505 80537 80543 80547 80552 80580 80588 80593 80598 80612
NODE_NUM = 198
FILE hyp_sub_408.aig

# Subcircuit 409
SUB_ID 409
LO (82):  71496 71502 71547 71551 71557 71643 71646 71649 71662 71731 72066 72069 72242 72321 72444 72464 72466 72486 72615 72619 72703 72720 72902 73003 73004 73030 73032 73158 73179 73181 73338 73341 73659 73915 73933 73941 74046 74143 74249 74269 74320 74382 74404 74663 74746 74750 74755 74802 74812 74821 74878 74995 75013 75024 75116 75182 75238 75291 75430 75462 76064 76074 76076 76441 76688 76847 76931 77112 77339 77527 77529 77855 77992 78123 78125 78284 78352 78368 78372 78376 78895 79790
LI (73):  216 220 224 225 226 227 228 232 234 237 240 244 245 246 247 249 251 256 72002 72032 72061 72063 72268 72462 72465 72476 72904 72907 73340 74040 74043 74044 74211 74248 74315 74318 74357 74361 74370 74378 74652 74653 74657 74661 74733 74734 74736 74745 74792 74800 74808 74809 74975 74979 74988 74993 76075 76683 76686 77311 77314 77315 77324 77331 77337 77778 77801 77807 77817 77818 77826 77847 78279
NODE_NUM = 200
FILE hyp_sub_409.aig

# Subcircuit 410
SUB_ID 410
LO (31):  71672 71674 71681 71856 72201 81352 81353 81699 81700 81702 81704 81706 81797 82068 82070 82076 82090 82101 82105 82163 82167 82390 82400 82403 82409 82714 82717 82748 82761 137816 137826
LI (57):  216 217 254 255 71680 71849 71851 71854 81007 81012 81014 81016 81025 81031 81067 81084 81092 81120 81126 81153 81158 81162 81329 81335 81340 81344 81349 81360 81401 81422 81426 81435 81455 81461 81465 81493 81498 81504 81509 81526 81532 81654 81660 81674 81682 81687 81691 81719 81726 81785 81788 81796 82035 82043 82050 82059 82063
NODE_NUM = 199
FILE hyp_sub_410.aig

# Subcircuit 411
SUB_ID 411
LO (46):  71680 71735 71739 71745 71747 71849 72014 72061 72063 72246 72502 72511 72598 72695 72808 79787 79789 80004 80006 80063 80302 80440 80444 80482 80505 80543 80552 81004 81005 81007 81031 81111 81116 81132 81146 81349 81357 81426 81482 81491 81498 81504 81687 81691 81708 137806
LI (72):  215 218 219 251 253 254 256 71744 72045 72060 72062 72486 72490 72492 72493 72495 72501 72593 72594 72692 79786 79788 79790 79910 79912 79913 79916 79923 79931 79965 79995 80003 80273 80276 80277 80286 80294 80300 80423 80424 80430 80435 80439 80465 80473 80478 80492 80495 80496 80498 80499 80500 80503 80650 80787 80803 80889 80908 80917 80922 80927 80957 80964 80974 80983 80987 80990 80996 81001 81027 81102 81104
NODE_NUM = 195
FILE hyp_sub_411.aig

# Subcircuit 412
SUB_ID 412
LO (57):  71744 71841 71846 71851 71854 72002 72005 72028 72868 72993 73113 73143 73193 73488 74247 74255 74510 74563 74689 74690 74745 74930 74975 74979 74993 75097 75125 75230 75248 75452 75510 75650 75862 76072 76316 76331 76334 76655 76656 76839 77886 77932 77988 78226 78425 78487 78540 78557 78717 78734 78777 78786 79078 79144 79940 80277 82329
LI (77):  214 215 221 227 228 241 243 250 255 256 72004 72862 72863 72866 73098 73106 73110 73111 74009 74240 74241 74246 74496 74508 74559 74561 74688 74739 74740 74742 74945 74946 74949 74950 74954 74974 75084 75086 75087 75091 75095 75205 75211 75229 75494 75499 75508 76045 76049 76052 76060 76068 76324 76327 76654 76838 77885 77887 77888 77891 77900 77907 77913 77931 78124 78126 78136 78151 78182 78211 78217 78224 78549 78554 78659 78668 78713
NODE_NUM = 198
FILE hyp_sub_412.aig

# Subcircuit 413
SUB_ID 413
LO (41):  71862 72046 79931 80908 81493 82035 82063 136999 137001 137003 137008 137010 137013 137015 137017 137019 137021 137023 137025 137027 137030 137032 137035 137052 137609 137610 137619 137620 137624 137634 137643 137653 137662 137799 137839 137848 137858 137868 137878 142941 142945
LI (88):  217 218 252 253 72045 74923 74924 75171 75172 75421 75422 75692 75693 75909 76173 76174 76287 76288 76552 76553 76829 77095 77096 77515 77771 77772 78062 78063 78406 78407 78772 78773 79184 79185 79217 79218 79529 79530 79863 79926 79928 80413 80414 80648 80897 80905 81004 81005 81352 81353 81475 81482 81486 81491 81699 81700 81702 81704 81706 81797 82032 82068 82070 82076 82083 82090 82410 82416 82762 82764 82775 83389 83391 83585 136988 137006 137011 137028 137033 137042 137601 137608 137611 137618 137631 137640 137650 137659
NODE_NUM = 198
FILE hyp_sub_413.aig

# Subcircuit 414
SUB_ID 414
LO (69):  71890 71893 71996 72004 72011 72032 72045 72047 72051 72269 72476 72477 72478 72627 72920 73326 73328 74040 74043 74261 74263 74868 75086 75229 75372 75499 75552 75555 75645 75739 75744 75976 75994 76034 76040 76200 76202 76299 76422 76439 76602 76604 76611 76628 76957 76958 77052 77054 77110 77120 77200 77345 77469 77560 77622 77626 77714 77807 78004 78033 79121 79456 79788 79910 79912 80334 80338 80347 80422
LI (77):  216 219 221 222 227 230 231 239 240 242 245 246 250 252 72050 72268 73327 73913 74259 74862 74865 75085 75089 75217 75226 75361 75363 75365 75370 75497 75542 75946 75961 75962 75964 75973 76038 76189 76194 76199 76443 76591 76592 76601 76603 76952 77015 77024 77025 77026 77027 77029 77041 77047 77051 77153 77196 77408 77409 77411 77416 77439 77465 77521 77553 77559 77708 77712 79445 79447 79448 79450 79454 79911 80324 80329 80333
NODE_NUM = 200
FILE hyp_sub_414.aig

# Subcircuit 415
SUB_ID 415
LO (40):  72050 72055 72060 72495 72501 72950 73997 74006 74234 74347 74508 74559 79123 79447 80237 80262 80478 80580 80598 82032 82589 82762 82764 82992 82997 83042 83079 83102 83116 83118 83334 83339 83341 83367 83404 83406 83565 83569 83572 83578
LI (66):  213 216 223 245 253 254 72261 72497 72499 73098 73634 73987 73996 74228 74230 74231 74395 74525 79446 80195 80197 80199 80210 80236 80577 81552 81872 81898 81901 81905 81912 81914 81919 81952 82020 82024 82030 82424 82469 82473 82477 82482 82503 82510 82512 82513 82521 82527 82537 82539 82543 82577 82587 82588 82593 82596 82601 82691 82698 82714 82717 82742 82748 82753 82761 82987
NODE_NUM = 198
FILE hyp_sub_415.aig

# Subcircuit 416
SUB_ID 416
LO (45):  72062 72089 72277 73110 81067 81526 81654 82050 82410 82416 82753 82775 83389 83391 83585 136988 140032 140033 140215 140219 144712 145003 145007 145008 145009 145301 145305 145306 145307 145611 145615 145616 145617 145926 145930 145932 146254 146258 146260 146587 146591 146593 146933 146937 146939
LI (63):  213 220 250 256 72276 73109 80692 81051 81053 81054 81065 81518 81523 81561 81650 82101 82105 82157 82163 82167 82394 82400 82403 82409 83377 83384 83579 83581 83617 136986 137737 137746 137747 137756 137757 137766 137767 137776 137785 137786 137795 137804 137805 137814 137815 137824 137825 137834 137835 137844 137853 137854 137863 137864 137873 137874 137883 137884 137892 139996 140009 140020 140025
NODE_NUM = 200
FILE hyp_sub_416.aig

# Subcircuit 417
SUB_ID 417
LO (31):  72254 72261 72623 73109 80498 80499 81401 81461 81872 82030 82059 82394 83377 83384 83617 136986 139996 146595 146596 146597 146605 146955 146961 147284 147288 147289 147300 147301 147648 147675 147684
LI (53):  214 219 249 254 72622 79911 80846 81377 81378 81381 81385 81389 81392 81400 81802 81806 81851 81859 81864 81869 82355 82363 82370 82383 82387 82390 83029 83036 83104 83369 83590 83595 83601 83615 83996 84000 84371 84378 85096 136979 137901 137911 137921 139990 146239 146258 146574 146593 146918 146937 146945 147280 147297
NODE_NUM = 196
FILE hyp_sub_417.aig

# Subcircuit 418
SUB_ID 418
LO (43):  72265 72268 72276 73578 73581 75089 75091 77553 77885 77913 78236 78239 78269 78411 78554 79041 79405 79462 79611 79639 79657 79876 79877 80189 80273 80300 80313 80333 81378 81650 82157 82355 82383 82742 83029 83579 83581 83601 83615 83986 83991 83995 85089
LI (69):  213 218 226 241 248 255 73577 75090 77301 77527 77541 77543 77546 77551 77864 77865 77869 77878 77884 78230 78981 78983 78985 78994 79002 79010 79037 79343 79344 79347 79348 79352 79381 79384 79404 79604 79609 79875 80188 80272 81619 81621 81622 81624 81633 81642 81648 82151 82155 82179 82195 82207 82212 82348 82354 82725 82727 82735 83025 83404 83406 83431 83559 83565 83569 83572 83578 83977 83982
NODE_NUM = 199
FILE hyp_sub_418.aig

# Subcircuit 419
SUB_ID 419
LO (61):  72278 72433 72438 72442 72462 72467 72707 72717 72862 73423 73426 73882 73996 74338 75036 75111 75120 75307 75361 75370 75508 75621 75630 75635 75639 75712 75715 75766 75918 75946 76390 76443 76465 76726 76765 77015 77047 77123 77146 77478 77541 77551 77633 78113 78115 78288 78460 78568 78652 78978 79050 79054 79636 79661 79662 79667 81621 81919 82513 82537 82539
LI (80):  212 217 218 224 232 235 242 250 255 256 72594 72706 72716 73179 73880 73990 73994 74653 74861 75035 75085 75104 75108 75288 75289 75293 75303 75346 75348 75350 75360 75573 75576 75577 75579 75585 75593 75620 75625 75706 75709 75936 75938 76062 76442 76445 76455 76461 76556 76595 76714 76723 76986 76998 77006 77014 77139 77144 77533 77535 77537 78088 78096 78101 78106 78112 78448 78450 78453 78458 78971 78976 78980 79047 79666 81369 81380 81915 81916 82536
NODE_NUM = 198
FILE hyp_sub_419.aig

# Subcircuit 420
SUB_ID 420
LO (61):  72470 72472 72490 72492 72497 72585 72593 72594 72692 72878 73001 73098 73131 73233 73377 73574 73639 73645 73679 73855 73879 74241 74535 74557 74688 74800 74988 75336 76654 76838 76904 77869 78448 78458 78464 78904 78925 78971 78976 78983 79134 79404 79448 79686 80090 80165 80294 80379 80577 80648 80650 80763 80765 81001 81027 81140 81166 81324 81340 81344 137006
LI (85):  214 215 218 223 225 242 244 249 252 253 72242 72584 72592 72622 72873 72874 72876 72889 72998 72999 73116 73119 73121 73123 73129 73331 73632 73637 73852 73878 74520 74523 74526 74533 74552 74554 75335 76424 76653 76903 77867 78125 78285 78436 78437 78447 78876 78892 78894 78895 78897 78901 78970 79397 79402 79667 79668 79670 79682 80081 80086 80116 80120 80157 80163 80288 80290 80293 80340 80375 80416 80449 80567 80570 80572 80616 80621 80627 80631 80636 80640 80645 80656 80659 80755
NODE_NUM = 199
FILE hyp_sub_420.aig

# Subcircuit 421
SUB_ID 421
LO (42):  72499 72507 72579 76025 76348 76461 76751 76753 79107 79384 79445 79454 79748 79776 79875 80054 80116 80163 80324 80329 80755 81329 81796 82083 85431 85432 85434 85771 85772 85798 85806 86023 86186 86202 86208 86341 86369 86372 86378 86385 86389 137924
LI (67):  210 211 228 239 256 76021 76022 76457 76458 76746 78850 78866 79097 79098 79099 79105 79432 79435 79436 79444 79738 79746 79750 79753 79754 79763 79772 80047 80052 80113 80319 80744 80753 81169 81172 81318 81324 85100 85157 85163 85288 85313 85314 85315 85324 85331 85363 85369 85376 85380 85394 85401 85406 85410 85414 85419 85423 85426 85674 85679 85698 85700 85712 85720 85738 85755 85768
NODE_NUM = 197
FILE hyp_sub_421.aig

# Subcircuit 422
SUB_ID 422
LO (56):  72584 72588 72592 72622 72706 72887 72998 73119 73184 73331 73336 73419 73530 73549 73637 73743 73943 74215 74395 74402 74676 75035 75620 76001 76010 76015 79343 79352 79965 80256 80375 80423 80424 80435 80593 80744 80803 80957 81225 81312 81359 81400 81486 81552 81561 81715 82151 82155 82179 82592 82725 82727 82735 83025 83590 83677
LI (74):  211 214 217 223 224 241 243 247 251 254 72997 73101 73106 73117 73118 73179 73182 73334 73548 73635 73941 74214 74396 74399 74400 75599 75602 75611 75618 76009 79334 79336 79339 79344 79952 79954 79955 79956 79959 79963 80253 80254 80352 80361 80369 80373 80422 80691 80693 80695 80705 80711 80740 80796 80801 80934 80953 81207 81216 81540 81547 81549 81551 81553 81559 82110 82122 82126 82144 82170 82175 82724 83007 83021
NODE_NUM = 197
FILE hyp_sub_422.aig

# Subcircuit 423
SUB_ID 423
LO (42):  72709 72710 72899 73202 77613 77900 78088 78106 78230 78337 78339 85585 85801 85802 85804 86024 86182 86189 86195 86211 86338 86364 86484 86489 86541 86589 86598 86613 86619 86634 86778 86783 86787 86790 86795 86801 86810 86823 87013 94560 108093 137933
LI (67):  164 210 233 255 72892 72896 72897 77161 77602 77606 77607 77611 77895 77896 77898 78085 78332 81226 85299 85434 85448 85453 85525 85577 85584 85589 85590 85600 85606 85610 85614 85630 85636 85640 85776 85780 85784 85789 85793 85798 85811 85839 85844 85851 85880 85898 85983 85989 86004 86010 86014 86019 86023 86029 86037 86070 86072 86078 86082 86086 86106 86114 86140 86146 86161 86167 86171
NODE_NUM = 194
FILE hyp_sub_423.aig

# Subcircuit 424
SUB_ID 424
LO (30):  72716 85096 85100 85157 85163 85406 85410 85419 85426 85448 85640 85674 85679 85768 85774 85776 85780 85789 85793 86014 86216 86217 86219 86365 86367 86595 86610 86624 86813 137943
LI (60):  211 212 254 255 84147 84455 84460 84674 84677 84714 84718 84722 84725 84727 84743 84747 84753 84861 84866 84870 84875 84879 84896 84914 84915 84923 84929 84933 84944 84952 84956 85066 85072 85077 85085 85089 85094 85119 85121 85129 85143 85147 85150 85162 85438 85442 85647 85654 85666 85676 85771 85772 85804 86197 86202 86208 86211 86223 86358 86364
NODE_NUM = 199
FILE hyp_sub_424.aig

# Subcircuit 425
SUB_ID 425
LO (51):  72852 72863 72866 72870 72999 73116 73129 73334 73635 73990 74523 74837 74838 75033 75275 75787 79446 79820 80003 80059 80692 80693 80695 82588 83007 83369 83431 83559 83595 83676 83809 83816 83848 83871 83884 83893 83941 83965 83977 83982 84050 84069 84078 84262 84270 84277 84282 84357 84362 84944 85072
LI (75):  211 212 215 222 243 247 252 253 73115 73127 73333 73634 73878 74521 74825 74828 74836 75786 79806 79807 79810 79818 79942 82511 82843 82876 82931 82944 82947 82949 82953 82957 82961 83003 83116 83121 83130 83145 83147 83148 83150 83154 83158 83162 83288 83327 83334 83361 83367 83414 83421 83425 83429 83442 83445 83464 83490 83499 83504 83526 83542 83553 83636 83666 83674 83675 83679 83691 83697 83718 83795 83808 83815 83841 83846
NODE_NUM = 199
FILE hyp_sub_425.aig

# Subcircuit 426
SUB_ID 426
LO (55):  72872 72873 72874 72876 72884 72889 72892 73182 73927 73937 73987 74031 74054 74211 74214 74228 74274 74355 74722 74836 74974 75048 75244 75288 75394 75494 75618 75763 75879 76419 76429 76582 76857 76945 77014 81318 81785 81788 81905 82020 82387 82424 82469 82473 82477 82512 82543 83104 83231 83452 83533 83553 83875 83888 84721
LI (78):  209 213 217 218 223 240 246 247 251 254 73181 73554 73922 73925 73986 74024 74025 74048 74051 74052 74227 74229 74352 74396 74831 74834 74960 74972 75041 75045 75046 75070 75282 75285 75318 75384 75386 75392 76412 76414 76418 76570 76571 76575 76576 76580 81203 81225 81278 81280 81281 81284 81294 81302 81308 81312 81316 81732 81749 81768 81774 81899 81983 82016 82466 82511 82542 82677 83042 83057 83059 83062 83066 83070 83073 83079 83096 83102
NODE_NUM = 200
FILE hyp_sub_426.aig

# Subcircuit 427
SUB_ID 427
LO (25):  72896 85851 86627 86628 86837 86838 87242 87906 87907 87909 88034 88309 88313 88318 88322 88327 88810 88816 88829 88840 136967 137953 137963 137973 137983
LI (50):  209 210 254 255 85847 85848 86219 86376 86390 86392 86401 86406 86412 86432 86486 86489 86585 86589 86595 86598 86604 86610 86613 86619 86624 86831 86832 87056 87067 87147 87158 87166 87170 87176 87180 87188 87195 87202 87211 87221 87233 87643 87877 87879 87885 87889 87892 87898 88011 88025
NODE_NUM = 191
FILE hyp_sub_427.aig

# Subcircuit 428
SUB_ID 428
LO (48):  72897 72904 72907 72916 74361 75585 75980 77041 77226 77408 77416 77566 77708 77712 78112 78447 78713 79010 79238 79284 79302 79306 79313 79541 80691 80889 81102 81104 81203 81316 81509 81523 81532 81732 82677 82691 83070 83288 83327 83361 83815 83865 83878 83891 83943 83956 83960 85046
LI (81):  208 219 225 226 233 238 239 256 70890 74359 75284 75349 75582 76574 76884 76991 77033 77035 77036 77225 77407 77693 77703 77707 78440 78442 78444 78445 78682 78683 78687 78688 78697 78707 78711 79237 79259 79265 79283 79959 79968 80680 80682 80684 80689 80819 80820 80822 80823 80824 80828 80856 80885 81097 81174 81196 81202 81965 82660 82676 82680 82681 82685 82689 83201 83226 83242 83243 83246 83247 83251 83280 83286 83297 83302 83307 83323 83339 83357 83857 83862
NODE_NUM = 200
FILE hyp_sub_428.aig

# Subcircuit 429
SUB_ID 429
LO (53):  72926 72931 72997 73020 73413 73560 73632 73794 73922 74156 74370 74572 74792 75576 75817 76194 76516 76570 76580 76707 76788 76939 76986 77607 78211 78498 78507 78682 78711 78724 78817 78822 78876 79318 79397 79402 79753 80242 80465 81092 83795 84094 84275 84306 84353 84432 84436 84846 84870 84875 85147 85414 85423
LI (80):  209 213 216 228 235 248 252 256 73127 73410 73411 73555 73556 73558 73921 74150 74153 74154 74365 74366 75292 75813 75815 76026 76050 76506 76510 76514 76557 76558 76560 76569 76985 77888 78185 78189 78200 78207 78486 78487 78489 78497 78676 78680 78812 78850 78853 78854 78864 78872 79396 79432 79971 80239 80240 80458 80463 83766 83768 83771 83779 83787 83793 84060 84063 84069 84074 84078 84083 84087 84092 84105 84157 84159 84255 84262 84270 84274 84297 84302
NODE_NUM = 198
FILE hyp_sub_429.aig

# Subcircuit 430
SUB_ID 430
LO (50):  73026 73101 73103 73106 73111 73597 73817 73954 74101 74470 74474 75292 75293 75785 75795 76225 76246 76510 76601 76621 76952 77311 77337 77533 77826 77887 77931 78101 78224 78486 78850 78853 81278 81308 81802 81806 81859 82593 83201 83286 83636 83766 83793 84060 84063 84861 84956 85442 85453 85636
LI (70):  212 213 215 217 227 236 248 249 251 73591 73594 73634 73949 73952 74093 74098 74469 75085 75291 75771 75772 75775 75784 76210 76219 76224 76492 76509 76596 76597 76884 77254 77255 77266 77276 77310 77528 77529 77531 77886 77919 77928 78852 81232 81235 81237 81247 81277 81801 82511 82589 82592 83184 83192 83197 83623 83632 83746 83754 83756 83758 83763 84009 84021 84041 84059 84770 84847 84849 85452
NODE_NUM = 199
FILE hyp_sub_430.aig

# Subcircuit 431
SUB_ID 431
LO (55):  73115 73117 73118 73121 73123 73127 73145 73410 73852 73940 74825 74828 75104 75488 75837 76242 76605 76888 77409 77895 78136 78461 78595 78668 78808 78872 78916 79047 79283 79482 79550 81247 81761 81766 82367 82660 82689 82843 83307 83323 83414 83421 83425 83429 83526 83542 83632 84105 84371 84455 84879 85085 85094 85162 85784
LI (75):  210 217 218 222 230 232 241 244 245 252 253 73409 73851 73892 74227 74827 74932 75098 75101 75832 75834 77159 77255 78131 78132 78134 78573 78574 78583 78591 78800 78806 78867 78868 78870 78915 79271 79280 81242 81244 81756 81989 82608 82618 82626 82659 82791 82800 82808 82811 82814 82831 82837 82841 83317 83321 83411 83420 83517 83522 83536 83540 84094 84096 84101 84275 84277 84347 84353 84357 84362 84367 84437 84439 84445
NODE_NUM = 197
FILE hyp_sub_431.aig

# Subcircuit 432
SUB_ID 432
LO (44):  73147 73150 73171 73517 73653 75845 75961 76219 76353 76410 76433 76455 76746 78683 78687 79037 79644 79738 82348 82601 82680 83003 83021 83036 83057 83066 83357 83411 83442 83464 84274 84347 84866 87643 87885 88174 88194 88281 88336 88434 88454 88759 88791 88807
LI (72):  207 208 220 232 243 255 256 73168 73514 75512 75601 75841 75843 75948 75950 75953 75959 76407 76448 76452 76453 78686 79013 79015 79025 79033 81967 82244 82259 82263 82264 82268 82273 82339 82346 82552 82679 82972 82978 82982 82999 83012 83019 83044 83045 83056 83349 83351 83457 83462 84282 84343 87075 87499 87516 87542 87556 87558 87562 87566 87597 87603 87608 87616 87620 87632 87638 87642 88043 88170 88178 88192
NODE_NUM = 200
FILE hyp_sub_432.aig

# Subcircuit 433
SUB_ID 433
LO (50):  73327 73333 73340 73342 73594 73949 75098 75346 75348 75363 75593 75709 75936 75938 77324 77575 77847 78085 78217 78520 81898 82244 82466 82482 82577 82800 82837 82982 83019 83096 83121 83130 83158 83162 83808 85525 85610 85983 86070 86072 86161 86167 86585 86772 86792 87060 87173 87195 87202 87494
LI (75):  206 214 223 224 238 239 248 256 73948 75087 75347 75362 75588 75590 75931 77269 77319 77321 77570 77571 77838 77841 78075 78083 81594 81873 81874 81877 81886 81894 82221 82223 82233 82240 82443 82447 82455 82464 82552 82555 82556 82565 82573 82799 83088 83094 83118 83129 85478 85493 85495 85497 85502 85506 85524 85578 85954 85968 85969 85973 85977 85981 86041 86050 86069 86155 86159 86533 86572 86577 86583 86720 86730 86733 86768
NODE_NUM = 199
FILE hyp_sub_433.aig

# Subcircuit 434
SUB_ID 434
LO (29):  73409 73411 73555 73556 87056 87188 87499 87616 87638 87877 87879 88011 88025 88330 88331 88824 88825 88827 88832 88836 88845 88849 88854 88867 89283 89289 89708 137992 138002
LI (55):  208 209 253 254 73554 86131 86975 86976 86980 86990 86998 87004 87009 87013 87042 87051 87055 87282 87286 87288 87301 87319 87339 87345 87470 87474 87477 87487 87494 87498 87647 87870 87909 87935 87999 88000 88009 88021 88034 88294 88309 88313 88318 88322 88327 88455 88749 88782 88791 88799 88803 88807 88810 88816 88829
NODE_NUM = 197
FILE hyp_sub_434.aig

# Subcircuit 435
SUB_ID 435
LO (48):  73416 73546 73548 73550 73554 73921 74048 74051 74153 75360 75513 75706 81916 82259 82268 82876 82961 83420 85968 85977 86140 86401 86406 86975 86976 87608 87632 87647 88455 88803 136960 136962 136964 136966 136969 136971 136979 137932 137941 137942 137946 138015 138025 138035 138045 139989 147649 148014
LI (75):  208 210 211 219 243 250 251 252 74050 74152 75354 75358 75512 82246 82249 82258 82852 82857 82875 85431 85432 85494 85801 85802 85956 85959 85967 86122 86125 86127 86136 86216 86217 86400 86627 86628 86837 86838 86883 86927 86931 86943 86964 86971 87242 87625 87628 87906 87907 88330 88331 88336 88450 88454 88824 88825 88827 88832 88836 88840 88845 88849 88854 89290 89294 89718 89723 90494 136951 136967 137924 137931 137933 137940 137943
NODE_NUM = 200
FILE hyp_sub_435.aig

# Subcircuit 436
SUB_ID 436
LO (59):  73558 73562 73577 73587 73591 73874 73888 73898 73999 74001 74859 75226 76667 76676 76835 76862 77024 77107 77116 77238 77286 77693 78185 78189 78680 78860 79114 79411 79412 79586 79589 80820 81302 81594 81595 81768 82370 83202 83243 83779 84255 84343 84437 84439 84460 84551 84753 84770 85066 85150 85288 85394 85401 85438 85452 85811 86010 86019 88614
LI (80):  205 207 218 220 225 235 241 243 254 256 73648 73873 73897 73998 74000 74653 74854 74857 76448 76662 76664 76670 76673 76903 77016 77020 77023 77100 77101 77106 77181 77235 77285 77886 78188 78915 79109 79112 79410 79580 79584 81297 81298 81300 81761 81766 82367 83774 83775 83777 84164 84167 84168 84178 84192 84222 84251 84323 84327 84337 84341 84400 84421 84432 84436 84459 84762 84768 84962 84981 84989 84994 85038 85046 85058 85064 85284 85384 85392 85806
NODE_NUM = 199
FILE hyp_sub_436.aig

# Subcircuit 437
SUB_ID 437
LO (54):  73634 73648 73851 73873 73875 75602 76050 76052 76096 76327 76340 77051 78207 78450 78631 78697 78894 78994 79237 79288 79604 79609 79709 80029 82659 83056 83073 83317 83321 83499 83504 85313 85578 85584 85666 85755 86358 86390 86392 86533 86583 86682 86720 86768 86804 86846 86971 87009 87051 87055 87272 87487 87620 88972
LI (78):  204 206 214 215 224 236 246 255 256 75598 75601 76048 76049 76091 76093 76326 76331 76334 78123 78203 78204 78449 78577 78621 78629 78691 78693 78989 78992 79599 79702 79705 79707 82310 82632 82635 82645 82655 83050 83053 83054 83312 83494 84601 85302 85304 85305 85311 85581 85582 85657 85662 85748 85753 85969 86239 86241 86244 86248 86278 86307 86315 86324 86334 86338 86354 86378 86385 86389 86528 86664 86680 86681 86685 86688 86716 86759 86766
NODE_NUM = 198
FILE hyp_sub_437.aig

# Subcircuit 438
SUB_ID 438
LO (42):  73878 73880 73892 73897 74945 74954 75101 75205 75211 75533 75725 76448 76452 82947 83147 85038 85284 85304 85392 86004 86029 86082 86086 86131 86136 86171 86831 86832 86931 87147 87211 87233 87870 87889 87898 88426 88430 88437 88460 88744 88748 89265
LI (68):  206 211 216 242 243 249 254 73896 74639 74933 74936 74944 75100 75191 75193 75195 75196 75202 76451 83146 85005 85013 85015 85018 85030 85036 85177 85186 85190 85195 85202 85206 85282 85303 85494 85830 85997 86002 86026 86134 86632 86634 86772 86778 86783 86787 86817 86823 86828 87074 87075 87078 87079 87089 87116 87143 87773 87777 87799 87801 87821 87830 87835 87840 87861 87868 88418 88424
NODE_NUM = 195
FILE hyp_sub_438.aig

# Subcircuit 439
SUB_ID 439
LO (62):  73896 73909 73913 73917 73925 73948 74147 74216 75354 75358 75790 75804 76085 76091 76229 77196 77310 77439 77546 77616 77703 77707 77778 77838 77841 77884 77907 78083 78531 78532 81053 81244 81622 81915 82223 82552 83246 84251 84674 84677 84914 84994 85119 85121 85129 85494 85495 85676 85989 86680 86688 87470 87935 88021 88749 88799 89290 89294 89704 89706 89723 90487
LI (81):  205 207 212 219 220 222 238 239 241 246 253 255 74146 75788 75800 75801 76084 76090 77174 77177 77178 77180 77183 77190 77194 77296 77298 77302 77303 77308 77423 77424 77426 77435 77545 77837 77903 78526 79937 81243 81914 83058 83653 84240 84242 84245 84249 84513 84542 84543 84546 84549 84554 84585 84591 84673 84901 84904 84907 85116 85328 86671 86673 86676 87363 87371 87376 87466 87927 87929 88460 88736 88738 88744 88748 88862 88867 89280 89283 89289 89701
NODE_NUM = 198
FILE hyp_sub_439.aig

# Subcircuit 440
SUB_ID 440
LO (36):  73952 73986 73994 73998 74227 74230 74378 74728 75775 76673 86244 86685 87339 87773 87777 87999 88000 88418 88450 88736 88738 88862 89280 89701 89718 90314 90454 90459 90463 90467 90471 90476 90490 90936 91426 91435
LI (62):  203 211 214 215 245 248 254 74229 74373 74374 74376 76672 86240 86501 86682 87330 87333 87686 87737 87744 87747 87749 87758 87764 87768 87772 87998 88412 88416 88435 88440 88444 88448 88471 88506 88516 88519 88527 88569 88577 88731 88966 88968 89127 89216 89221 89225 89229 89236 89243 89248 89254 89265 89329 89496 89697 89710 89836 89841 90310 90451 90456
NODE_NUM = 187
FILE hyp_sub_440.aig

# Subcircuit 441
SUB_ID 441
LO (54):  74000 74009 74037 74044 74373 75284 75285 76683 76686 77903 78502 80244 80856 81277 81392 81540 81559 81619 81633 81648 81801 81851 81869 81886 81983 82126 82195 82339 82346 82503 82527 82536 82698 83012 83088 83094 84245 84673 84714 84747 84915 85630 85647 86223 88170 88966 88968 89142 89163 89165 89225 89302 89309 89671
LI (79):  203 210 221 228 230 238 249 256 74372 74551 75073 76682 77099 78501 80243 80837 80839 80842 80852 81241 81265 81266 81270 81271 81275 81539 81593 81608 81610 81612 81616 81628 81631 81834 81843 81848 81880 81883 81884 81964 81965 81968 81969 81979 82183 82192 82304 82335 82494 82497 83087 84106 84648 84650 84652 84653 84657 84668 84697 84706 84711 85617 85626 88078 88134 88151 88153 88155 88160 88164 88168 88957 88961 88965 89133 89138 89146 89158 89162
NODE_NUM = 198
FILE hyp_sub_441.aig

# Subcircuit 442
SUB_ID 442
LO (57):  74050 74052 74146 74150 74152 74154 74520 74533 74652 74661 74933 74972 77266 77407 77582 77677 77801 78001 78096 78266 78279 78515 78526 81967 81968 82681 83044 83045 83226 83857 83996 84000 84087 84367 84378 84445 84962 85064 85077 86883 86927 87558 87628 87772 87799 87801 87861 87948 87954 87964 88063 88435 88440 88444 88448 89221 89236
LI (73):  206 207 209 221 237 250 251 252 74519 74531 74636 74639 74651 74932 77259 77263 77264 77402 77405 77578 77579 77665 77674 77792 77797 78249 78251 78252 78255 78262 81627 83043 83202 83205 83206 83214 83222 83889 83894 83939 83944 83948 83956 83960 83965 83969 83973 83986 83991 83995 84959 86871 86879 86881 86882 86884 86890 86919 86925 87783 87792 87798 87855 87859 87946 87947 87952 88346 88349 88426 88430 88434 88437
NODE_NUM = 199
FILE hyp_sub_442.aig

# Subcircuit 443
SUB_ID 443
LO (40):  74158 74160 74224 74540 79025 79339 79428 79444 79682 80120 80272 83050 83053 83222 83841 83846 91445 91446 91888 91893 91899 91905 91914 91926 91932 91935 92200 92305 92311 92329 92333 92338 92350 92355 92359 92373 92377 92752 92756 138061
LI (69):  203 204 223 234 235 254 255 74219 74223 78860 79021 79023 79027 79337 79440 79441 79676 79679 82631 83217 83218 83220 83836 90589 90594 90977 90984 90989 90994 90996 91000 91010 91020 91025 91029 91044 91050 91054 91170 91195 91198 91201 91398 91402 91409 91413 91418 91422 91426 91431 91435 91440 91444 91478 91533 91558 91562 91576 91580 91599 91782 91850 91856 91864 91868 91873 91877 91881 91884
NODE_NUM = 197
FILE hyp_sub_443.aig

# Subcircuit 444
SUB_ID 444
LO (23):  74223 74229 74399 76486 76773 88731 89496 89697 89836 89841 90310 90494 90498 90934 90941 90967 90976 91431 91440 91477 91868 91884 91890
LI (52):  202 210 247 256 74398 76081 76481 88603 88618 88620 88622 88627 88657 88722 88729 89354 89375 89384 89389 89409 89415 89419 89436 89457 89463 89488 89503 89673 89689 89734 89743 89805 89809 89825 90126 90297 90308 90314 90454 90459 90463 90467 90471 90476 90483 90487 90490 90527 90707 90713 90906 90927
NODE_NUM = 196
FILE hyp_sub_444.aig

# Subcircuit 445
SUB_ID 445
LO (83):  74231 74246 74248 74259 74318 74357 74359 74365 74366 74372 74740 74742 74862 74944 75193 75202 75217 75784 76026 76027 76029 76210 76477 76574 76575 76884 77036 78499 78500 78573 78870 78912 78921 79013 79015 79381 79396 79727 79763 79959 79995 80047 80052 80236 80239 80248 80340 80430 80458 80463 80547 80740 80796 80801 80934 81084 81174 81280 81281 81298 81719 82281 82285 82354 82867 82881 83058 83059 83774 84167 85479 86980 87078 87562 87952 88506 88527 89017 89127 89516 90396 90456 90594
LI (86):  201 206 208 209 210 218 226 228 231 238 239 248 249 253 254 74010 74011 74739 74741 74747 74861 74940 74942 75192 75200 75335 75535 75577 75781 75782 76028 76573 77178 78130 78138 78906 78909 79012 79370 79371 79374 79375 79379 79750 79758 79761 79968 79972 79973 79982 79991 80042 80127 80130 80221 80223 80224 80232 80334 80338 80453 80722 80724 80725 80736 80795 81072 81081 81279 81708 81715 82278 82280 82283 82679 83773 85955 87077 87561 87948 87951 88475 88487 88505 89121 89123
NODE_NUM = 200
FILE hyp_sub_445.aig

# Subcircuit 446
SUB_ID 446
LO (31):  74374 74376 74651 74960 91398 91782 92343 92344 92346 92505 92614 92710 92713 92723 92761 92769 92773 92838 92843 92849 92968 93004 93008 93187 93191 93228 93323 93433 93442 93446 138081
LI (62):  201 204 253 256 74644 74648 74649 90589 91234 91238 91251 91254 91258 91261 91291 91389 91396 91662 91664 91666 91675 91683 91689 91773 91780 91933 91987 92003 92022 92054 92114 92118 92196 92200 92210 92215 92217 92229 92247 92285 92305 92311 92316 92320 92324 92329 92333 92338 92342 92383 92398 92484 92491 92499 92503 92605 92618 92621 92632 92654 92676 92709
NODE_NUM = 196
FILE hyp_sub_446.aig

# Subcircuit 447
SUB_ID 447
LO (89):  74396 74398 74400 74406 74519 74521 74525 74526 74531 74551 74552 74554 74561 74733 74827 74940 75084 75095 75303 75435 75625 76062 76068 76308 76453 76573 77018 77023 77159 77174 77194 77255 77331 77435 77465 77559 77606 77647 77648 77654 77659 77814 77815 77817 77818 77860 78188 78489 78866 78868 79441 79666 79954 79955 79987 80113 80656 80659 80725 81873 81874 82511 83148 83218 84157 84159 84421 84725 84727 84847 84849 85058 85195 85282 85305 85369 85380 85614 85907 85969 86026 86037 86078 87075 87077 87584 87586 88148 90589
LI (80):  202 205 210 211 212 213 216 224 229 233 241 243 244 246 251 252 255 74560 74646 74732 75071 75074 75083 75192 75297 75299 75814 76065 76066 76090 76985 77022 77161 77163 77164 77173 77328 77329 77430 77432 77454 77455 77456 77459 77463 77605 77649 77816 79344 79662 79665 79953 80104 80107 80653 81296 84131 84138 84140 84142 84152 84411 84419 84721 84819 84829 84830 84831 84833 84838 84842 84846 85052 85056 85258 85262 85266 85276 85280 86036
NODE_NUM = 200
FILE hyp_sub_447.aig

# Subcircuit 448
SUB_ID 448
LO (50):  74560 74635 74636 74639 74644 74702 74942 75070 75071 76093 78296 78659 84648 84650 85202 85206 85524 85582 85954 85981 86036 86528 86730 86733 87074 87166 87597 87686 87768 88078 88168 88294 88349 88729 88957 88961 88965 89229 90707 90989 90996 91029 91170 91402 91455 91464 91471 91509 91908 91917
LI (75):  203 205 212 217 239 245 250 252 74632 74634 74936 74941 77281 78291 78292 84543 84600 84602 84605 84615 84647 85199 85516 85521 85906 85907 85911 85912 85922 85953 86240 86522 86526 86729 86900 87069 87070 87583 87585 87586 87595 87652 87664 87685 88073 88174 88243 88246 88254 88259 88278 88281 88292 88954 90428 90581 90584 90588 90590 90592 90595 90602 90623 90626 90634 90703 90988 90995 91116 91121 91134 91138 91159 91165 91169
NODE_NUM = 199
FILE hyp_sub_448.aig

# Subcircuit 449
SUB_ID 449
LO (65):  74646 74648 74649 74653 74657 74711 74854 74941 78497 78707 78833 78992 79002 79298 79334 79621 79622 80361 80885 81266 81270 81389 81422 81608 81610 81616 81880 81883 82024 82192 82335 82791 82841 82987 83653 83666 83697 84059 84242 84327 84459 84546 84554 84605 84653 84657 84819 84842 85190 85363 85478 85493 85502 85506 85657 85698 85700 86041 86334 90995 91258 91664 91666 92217 92621
LI (79):  202 203 204 219 220 227 229 236 237 252 253 254 74853 78195 78495 78703 78705 78990 78996 79000 79327 79328 79329 79331 79616 80359 80723 80858 80859 80860 80861 80871 80881 81412 81415 81595 81597 81607 81609 82311 82314 82324 82331 82790 83202 83204 83652 83656 83657 83661 83665 84053 84057 84493 84545 84553 84655 84777 84780 84787 84818 85337 85340 85342 85351 85359 85477 85479 85482 85483 85492 85683 85692 85697 90999 91238 91254 91257 91665
NODE_NUM = 195
FILE hyp_sub_449.aig

# Subcircuit 450
SUB_ID 450
LO (56):  74732 74734 74736 74739 74741 74747 74748 74849 76506 76514 76661 76662 76682 76714 76998 77139 77144 78445 78686 80705 80871 81196 81271 81455 81642 81774 82016 82043 82144 82221 82273 82447 82724 84513 84591 84706 84711 84777 84907 85258 85280 85359 85898 85997 86002 86354 87170 91020 91850 91987 92357 92364 92973 92977 92980 92986
LI (77):  200 207 222 223 232 233 234 240 248 249 71662 74848 75949 76047 76493 76496 76505 76991 76995 76996 77134 80699 80702 80866 80869 81186 81194 81284 81443 81452 81639 81640 81997 81999 82002 82012 82136 82142 82220 84113 84485 84501 84502 84503 84504 84505 84701 84771 84775 85241 85250 85255 85353 85356 85357 85892 85896 85992 86346 86352 90030 91015 91018 91790 91826 91830 91839 91844 91848 91938 91946 91958 91975 91981 91985 92350 92355
NODE_NUM = 199
FILE hyp_sub_450.aig

# Subcircuit 451
SUB_ID 451
LO (38):  74751 74808 74809 93363 93476 93478 93714 93896 93918 93922 93940 94181 94188 94192 94206 94252 94255 94270 94315 94381 94394 94413 94416 94439 94454 94638 94646 94651 94664 94668 94681 94797 94904 95147 115949 116030 136937 138110
LI (61):  146 200 201 255 256 74750 87955 93019 93063 93335 93346 93361 93362 93366 93370 93374 93377 93424 93428 93433 93437 93442 93446 93449 93455 93459 93464 93468 93471 93500 93515 93541 93547 93556 93583 93601 93615 93617 93620 93624 93652 93680 93693 93700 93704 93709 93713 93755 93763 93768 93774 93778 93781 93787 93794 93797 93835 93878 93886 93891 93895
NODE_NUM = 199
FILE hyp_sub_451.aig

# Subcircuit 452
SUB_ID 452
LO (70):  74817 74831 74834 74850 74853 74857 75083 75108 75347 75350 75444 75582 75953 76556 76557 76991 77313 77314 77315 77537 77959 77969 78182 78327 78416 78465 78629 78721 78929 79937 79952 79963 80702 80736 80852 80953 81207 81284 81380 81381 81435 81475 82002 82263 84505 85328 85331 85353 85577 85606 85738 85839 86069 86155 86159 86278 86346 86352 86486 86577 86693 86706 86714 86759 86862 87035 87158 87175 88696 90030
LI (78):  199 208 213 219 221 224 231 234 235 242 247 256 74946 75077 75081 75107 75349 75581 75952 76509 77288 77312 77946 77948 77951 77952 77957 78171 78172 78175 78180 78312 78325 79936 79941 79942 79951 80700 80732 80734 80847 80849 80946 80951 81027 81965 82001 84594 84833 85327 85527 85528 85530 85539 85547 85576 85731 85736 85812 85815 85816 85826 85835 86062 86067 86154 86258 86260 86261 86274 86341 86463 86467 86476 86484 86692 86697 86705
NODE_NUM = 197
FILE hyp_sub_452.aig

# Subcircuit 453
SUB_ID 453
LO (39):  74861 74865 74932 74936 75282 78200 78203 78204 78621 84543 84601 84602 90451 90527 90626 90634 90703 91044 91418 91478 91877 91881 91938 91985 92316 93019 93459 93468 136951 138059 138060 138069 138070 138074 138084 138094 138103 150429 150433
LI (66):  204 205 217 218 237 238 249 251 77950 78193 78196 78197 84551 89548 90345 90359 90365 90412 90423 90425 90429 90433 90437 90441 90445 90449 90509 90516 90520 90671 90675 90688 90692 90701 90944 90945 91037 91040 91445 91446 91450 91455 91464 91468 91471 91477 91900 91901 91935 92343 92344 92346 92366 92373 92377 92741 92752 92756 92761 93009 93011 136939 138058 138061 138068 138081
NODE_NUM = 196
FILE hyp_sub_453.aig

# Subcircuit 454
SUB_ID 454
LO (62):  74946 74949 75030 75041 75045 75046 75074 75525 75599 76021 76022 76468 76471 76664 77025 77026 77178 77180 77296 77308 77535 77928 78291 78989 79336 79374 79758 80722 81065 81639 84147 84152 84400 84485 84594 84600 84901 84904 85262 85376 85654 88620 88622 89121 89123 89551 89673 89743 89805 90126 90134 90170 90199 90201 90295 90321 90701 90728 90958 90970 90983 91169
LI (78):  203 207 208 209 214 215 223 231 240 245 246 247 251 75073 75598 76020 76441 76467 76571 77179 77287 77288 77291 77293 77534 78988 79012 79335 79757 80146 80716 80719 81638 83146 83473 83675 84164 84176 84393 84398 84468 84469 84473 84483 84598 84898 88152 88154 88973 88976 88984 88994 89024 89052 89120 89547 89548 89550 89553 89562 89571 89577 89666 89671 89799 89801 89927 89987 89995 89999 90018 90114 90120 90124 90133 90155 90166 90194
NODE_NUM = 198
FILE hyp_sub_454.aig

# Subcircuit 455
SUB_ID 455
LO (42):  75073 75077 75195 75196 75550 75559 75931 76560 82931 82957 83445 83490 83674 84041 84096 84762 84768 93335 93455 93709 93755 93774 93778 93794 93891 93945 93946 93948 94666 94673 94685 94926 95150 95156 95159 95423 95440 95443 95584 95602 95606 138120
LI (69):  198 204 227 250 255 75541 75542 75546 75547 82256 82878 82882 82892 82900 82930 83255 83481 83483 83487 83668 83670 83671 84032 84034 84761 93053 93062 93064 93066 93075 93079 93097 93181 93187 93201 93207 93232 93325 93330 93334 93478 93714 93722 93731 93754 93896 93900 93904 93909 93914 93918 93922 93928 93933 93937 93940 94414 94419 94443 94446 94454 94626 94631 94638 94642 94646 94651 94655 94664
NODE_NUM = 194
FILE hyp_sub_455.aig

# Subcircuit 456
SUB_ID 456
LO (27):  75081 95614 96120 96121 96275 96276 96278 96468 96810 96814 96831 96839 96844 97010 97019 97023 97215 97302 97306 97310 97315 97328 98255 136928 138149 138159 138168
LI (53):  198 199 255 256 94971 95167 95441 95446 95457 95472 95524 95538 95540 95541 95550 95556 95561 95569 95576 95580 95584 95587 95593 95597 95602 95606 95611 96113 96115 96128 96130 96132 96138 96141 96161 96180 96213 96225 96252 96258 96272 96462 96466 96594 96604 96607 96628 96648 96748 96754 96776 96782 96803
NODE_NUM = 193
FILE hyp_sub_456.aig

# Subcircuit 457
SUB_ID 457
LO (65):  75085 75087 75090 75100 75107 75192 75289 75365 75497 75588 75772 76045 76082 78495 78864 78906 79109 79112 79259 79265 79409 79584 79746 79772 80075 80195 80369 80496 80588 80653 81551 81553 82331 82999 83349 83351 85303 85581 85922 86400 86522 86526 86871 86925 87042 87089 87466 87516 87625 87685 87998 88043 88259 88292 88346 88360 88412 88416 88471 88540 88577 89167 89198 89254 91256
LI (82):  200 205 213 215 216 218 236 238 239 248 253 75364 75587 76081 78501 78857 78861 78862 78913 79108 79242 79244 79245 79248 79250 79256 79767 79768 79769 80065 80068 80072 80190 80193 81038 82328 82329 82992 82997 83341 83348 85481 85580 85919 85920 86509 86510 86511 86513 86517 86521 86638 86846 86851 86870 87036 87040 87085 87436 87438 87439 87441 87451 87458 87464 87508 87510 87676 87679 87738 87966 87973 87974 87977 87979 87987 88359 88370 88380 88411 88464 88467
NODE_NUM = 199
FILE hyp_sub_457.aig

# Subcircuit 458
SUB_ID 458
LO (55):  75200 75297 75299 75329 75331 75535 75541 75542 75973 76048 76060 76324 76505 76569 76723 76928 77006 77134 80734 81952 82443 82464 83087 85342 85483 86697 87363 87927 87929 94577 94626 94971 94972 95164 95165 95167 95312 95321 95326 95373 95410 95421 95611 95662 95763 95908 95921 95940 95944 96043 96055 96090 96108 96112 138139
LI (71):  197 200 201 220 233 251 252 254 256 75539 75957 76047 76057 76058 76499 76500 76501 76503 76563 76567 77000 77003 77004 80136 81937 81940 81941 81950 82431 82440 86695 87351 87352 87361 87922 94098 94100 94559 94576 94580 94581 94585 94615 94620 94624 94679 94927 94932 94934 94954 94970 94978 94985 94993 95022 95052 95107 95114 95122 95128 95134 95137 95143 95147 95150 95156 95159 95300 95305 95309 95320
NODE_NUM = 199
FILE hyp_sub_458.aig

# Subcircuit 459
SUB_ID 459
LO (67):  75335 75337 75349 75362 75364 75421 75422 75424 75512 75516 75519 75598 75611 75687 75813 75950 76009 77022 77235 77545 77570 77605 77898 78304 78604 78609 78688 79021 79440 79757 80130 80157 80223 80917 80922 80927 81999 82258 82799 86695 87143 87352 87561 87798 87830 87835 88153 88976 89562 89987 90114 90120 90412 90437 90581 90584 90820 90885 90902 90947 91037 91101 91115 91198 91450 91677 91679
LI (77):  199 205 206 209 210 218 230 234 242 243 244 247 254 75174 75176 75178 75407 75411 75418 75606 75609 75812 75949 77020 77234 77569 77784 78299 78302 78599 79439 80126 80128 80129 80132 80143 80153 80912 81826 82253 82256 86259 86693 87125 87126 87129 87130 87139 87825 88152 88975 89016 89559 89560 89931 89940 89959 89980 89986 90028 90031 90033 90035 90046 90077 90110 90389 90394 90395 90397 90407 90546 90571 90578 90803 90807 90816
NODE_NUM = 199
FILE hyp_sub_459.aig

# Subcircuit 460
SUB_ID 460
LO (34):  75539 75546 75948 75959 76057 76500 96113 96115 96272 96462 96466 96594 96834 96835 96837 97008 97028 97186 97278 97304 97323 97344 97355 97704 97732 98076 98081 98121 98144 98161 98228 98243 98435 138178
LI (62):  197 199 253 255 75545 75947 75958 76499 94059 95941 95947 95950 95961 95986 96001 96004 96010 96038 96046 96051 96055 96073 96082 96090 96093 96099 96103 96108 96112 96278 96283 96304 96308 96321 96324 96345 96348 96385 96437 96447 96456 96502 96559 96560 96564 96565 96574 96582 96588 96592 96817 96820 96831 96848 96891 96904 96913 96917 96922 96966 96999 97006
NODE_NUM = 199
FILE hyp_sub_460.aig

# Subcircuit 461
SUB_ID 461
LO (29):  75545 75547 76058 96560 97347 97348 98263 98264 98266 98445 98450 98567 98574 98580 98584 98711 98747 98750 98760 98764 98773 98779 98945 99217 99226 99441 99453 138188 138197
LI (54):  196 198 254 256 96837 96839 97030 97083 97098 97100 97101 97103 97107 97111 97175 97182 97186 97201 97207 97290 97296 97317 97323 97328 97337 97344 97355 97393 97401 97406 97411 97424 97481 97490 97499 98096 98170 98175 98185 98204 98213 98221 98225 98228 98234 98238 98243 98255 98442 98465 98545 98554 98562 98566
NODE_NUM = 199
FILE hyp_sub_461.aig

# Subcircuit 462
SUB_ID 462
LO (72):  75573 75577 75581 75587 75590 75601 75606 75609 75782 75806 75808 75815 76028 76066 76081 76509 76592 76596 76672 77029 77181 77183 77263 77285 77287 77430 77455 77837 78292 78501 79439 79670 79705 79769 80199 80359 83145 83154 83939 84896 84952 85143 85327 85337 85482 85497 85956 86638 86664 87069 87070 87371 87438 87439 87474 87738 87744 88152 88569 89243 89419 89550 92484 93325 93424 93895 93914 93974 93980 93983 94391 94931
LI (81):  201 202 204 208 212 214 215 218 233 235 237 240 244 248 250 75781 75805 75814 76595 77020 77099 77179 77182 77262 77281 77286 77293 77834 79327 79331 79669 79704 80135 83137 83140 83142 83915 83919 83930 83937 84721 84888 84894 85481 85496 85907 85955 86510 86639 86642 86652 86660 86681 87437 87586 87741 87742 88538 88543 88548 88565 92095 92425 92439 92441 92445 92449 92480 93241 93245 93259 93280 93299 93305 93314 93318 93323 93418 93422 93965 93979
NODE_NUM = 198
FILE hyp_sub_462.aig

# Subcircuit 463
SUB_ID 463
LO (57):  75781 75786 75788 75800 75801 75805 76090 76457 76458 76571 76670 77020 77101 77602 77611 77950 77951 78151 78249 78251 78676 78703 78705 78970 79668 79923 80492 80503 80897 81194 87436 87464 88243 88246 88782 89329 89503 90428 90429 90927 91000 91389 91662 91689 91958 92003 92054 92210 92398 92499 92538 93221 93240 93428 93811 94502 95241
LI (71):  195 202 204 206 211 239 240 245 247 249 256 75949 76669 77176 77269 77588 77589 77601 78139 78141 78143 78149 78250 78702 78857 79917 79918 79921 80484 80487 80491 87387 87390 87392 87403 87435 88211 88220 88221 88229 88235 88238 88759 88771 89302 89325 89551 90775 90821 90999 91297 91308 91323 91354 91385 91607 91610 91611 91620 91628 91661 91952 91956 91996 92001 92028 92050 92387 92394 92526 92536
NODE_NUM = 198
FILE hyp_sub_463.aig

# Subcircuit 464
SUB_ID 464
LO (59):  75812 75814 75827 75832 75834 75841 76065 76075 76425 76442 76653 77867 78124 78800 78806 79280 79422 79968 80316 80822 81940 81941 82324 82972 83670 83773 84501 84502 84697 84787 85250 85255 85617 85816 86274 86870 87508 87510 87973 88134 88164 88565 88657 88954 89138 89325 89354 89415 89488 89689 89734 89825 89927 90124 90133 90308 90520 90713 92121
LI (77):  196 207 217 223 226 227 233 234 244 255 76064 76424 76441 76652 78123 78791 78793 78796 79416 79419 79421 81938 82318 82321 82880 84486 84487 84488 84490 84499 84548 84557 84689 84695 84784 85245 86267 86271 86272 86862 86867 87507 87970 87971 88105 88112 88114 88115 88117 88129 88558 88563 88631 88634 88635 88644 88653 88878 88928 88932 88944 88948 88952 89309 89314 89321 89340 89345 89466 89470 89478 89486 89678 89687 89817 89823 89922
NODE_NUM = 200
FILE hyp_sub_464.aig

# Subcircuit 465
SUB_ID 465
LO (70):  75947 75949 75952 75957 75958 75962 75964 76020 76038 77106 77177 77190 77454 77463 77665 78468 78474 78702 78838 79012 79097 79105 79250 79580 79913 80537 80837 81097 81120 81443 81627 81628 81726 81965 82280 82655 82900 83184 83623 83652 83661 83718 84101 84178 84297 84981 85384 85920 86260 86261 87542 87737 87764 88238 88271 88276 88464 88553 88874 90035 91018 91354 91607 91996 92001 92028 92542 93349 97659 98030
LI (76):  194 198 199 208 209 210 220 230 231 240 241 252 253 256 77176 77189 77441 77442 77444 77453 77862 78471 78472 79084 79086 79096 80525 80527 80530 80535 80831 80834 80835 81111 81116 81226 81243 82648 82650 82651 82897 82898 83168 83170 83182 83638 83640 83641 83651 83707 83716 84172 84173 84176 84293 84971 84979 86259 86558 87520 87521 87530 87538 87688 87689 87691 87699 87707 87736 88266 91014 91329 91332 91341 91350 91991
NODE_NUM = 196
FILE hyp_sub_465.aig

# Subcircuit 466
SUB_ID 466
LO (71):  76047 76049 76078 76084 76326 76412 76414 76493 76652 76690 76699 77189 77441 77589 77946 77957 78312 78980 78981 79347 79767 79768 79941 80072 80286 80288 80453 81038 81051 81539 81593 81756 81912 82122 82175 82440 82645 82930 83182 83522 83536 83540 83651 84131 84323 84341 84393 84398 84615 84761 84771 85052 85056 85356 85516 85527 85600 85967 86114 86467 87139 87821 88424 90850 90881 91535 91839 94576 94585 95320 97103
LI (83):  194 199 200 213 222 225 228 237 250 251 255 76492 76689 76698 77004 77188 77933 77936 77937 77945 78897 78988 79328 79346 79765 79940 80280 80283 81015 81037 81042 81043 81049 81580 81582 81583 81587 81591 81910 82121 82639 82641 82643 82919 82921 82923 82928 83533 83646 83648 83667 84112 84114 84117 84127 84306 84310 84319 84388 84611 84612 85051 85355 85526 85552 85594 85597 85598 85963 85965 87135 87137 87814 87819 90561 90822 90824 90834 90843 90849 94568 94571 94573
NODE_NUM = 199
FILE hyp_sub_466.aig

# Subcircuit 467
SUB_ID 467
LO (44):  76418 76445 76451 79806 79917 80104 80107 82240 82852 82857 89547 89577 89799 89801 89922 89959 90546 90623 90906 90977 90988 91050 91422 91533 91864 91873 91933 92320 92324 92425 92741 93009 93011 93361 93370 93374 93418 93422 93464 93471 93872 93876 93956 94427
LI (71):  195 207 215 234 242 255 79799 79802 79803 79805 79916 80098 82236 82239 82847 89519 89521 89523 89528 89546 89610 89773 89787 89788 89792 89796 89853 89857 89863 89918 89952 89957 90539 90542 90615 90621 90717 90728 90887 90904 90947 90954 90958 90967 90970 90976 91482 91529 91622 91921 91926 91932 92154 92415 92419 92423 92732 92739 92997 93004 93008 93348 93349 93351 93360 93401 93410 93415 93855 93863 93868
NODE_NUM = 197
FILE hyp_sub_467.aig

# Subcircuit 468
SUB_ID 468
LO (47):  76467 76481 76492 76897 77153 77933 78171 78180 78481 79245 79784 79795 79926 80098 81587 82121 89559 92114 92118 92997 93437 93449 93500 93515 93700 93704 93713 93787 93886 93928 93933 93937 94414 94419 94642 94655 95137 95441 95593 95597 96258 97720 98600 98716 98725 98927 98936
LI (75):  193 199 211 238 249 256 76891 76894 76895 78156 78158 78161 78170 78479 79778 79780 79783 79925 81586 82120 89014 91607 92085 92102 92104 92107 92111 92769 92771 92776 92817 92819 92824 92830 92834 92838 92843 92849 92886 92894 92899 92904 92958 92964 92968 92973 92977 92980 92986 92989 93494 93498 93507 93513 94193 94392 94394 94399 94405 94409 94413 94416 95169 95434 95440 97596 97655 97657 97660 97671 97681 97687 97696 97700 97716
NODE_NUM = 200
FILE hyp_sub_468.aig

# Subcircuit 469
SUB_ID 469
LO (38):  76496 76499 76501 76503 76563 76567 77003 77004 77442 97100 97657 98096 98170 98234 98442 98545 98955 98960 99070 99086 99146 99192 99196 99201 99205 99209 99213 99220 99241 99365 99792 100007 100012 100016 100022 100053 100084 100318
LI (64):  195 196 198 251 252 253 254 77002 96563 97656 97741 97910 97999 98015 98027 98028 98029 98030 98032 98062 98068 98072 98076 98081 98085 98089 98094 98103 98106 98109 98114 98118 98132 98138 98163 98169 98301 98310 98315 98319 98408 98422 98431 98435 98490 98503 98504 98505 98510 98541 98952 98974 99036 99037 99051 99056 99059 99077 99081 99085 99109 99113 99122 99142
NODE_NUM = 199
FILE hyp_sub_469.aig

# Subcircuit 470
SUB_ID 470
LO (70):  76558 76576 76591 76595 76597 76603 76669 76689 76894 77161 77402 77411 77888 78132 78134 78577 78583 78791 78988 79328 79765 79991 80197 80905 81884 81910 81914 81937 82455 82944 82953 82978 83707 84222 84611 84612 84971 85051 85340 86513 88722 89024 89094 89095 89345 89457 89463 89612 89809 90194 90345 90365 90441 90449 90509 90516 90561 91468 91665 92196 92886 92904 92958 92964 93494 93498 93507 93513 95498 97072
LI (79):  193 201 203 211 214 217 218 229 231 234 236 237 244 247 254 76441 76893 77164 78133 78157 78580 78581 78691 79984 79987 80196 81926 81928 81930 81935 82578 82936 82937 82941 83720 84197 84200 84211 84218 84609 84637 85907 88678 88680 88683 88686 88692 88694 88718 89013 89014 89018 89022 89093 89448 89453 90180 90191 90318 90321 90327 90338 90344 90362 90500 90505 92175 92183 92185 92187 92188 92194 92869 92878 92879 92952 92954 93491 93502
NODE_NUM = 197
FILE hyp_sub_470.aig

# Subcircuit 471
SUB_ID 471
LO (27):  76698 100904 101459 101460 101462 101731 101733 101741 101746 101753 101850 102222 102226 102251 102265 102275 102279 102282 102295 102307 102322 102324 102741 102746 136907 138246 138256
LI (55):  193 194 254 255 100353 100358 100442 100468 100472 100474 100477 100487 100519 100530 100534 100538 100543 100547 100551 100556 100559 100565 100879 100887 100892 100896 100901 101126 101130 101219 101228 101233 101251 101268 101275 101332 101335 101341 101362 101419 101422 101428 101438 101442 101447 101451 101467 101614 101633 101639 101643 101648 101657 101661 101724
NODE_NUM = 198
FILE hyp_sub_471.aig

# Subcircuit 472
SUB_ID 472
LO (46):  76891 76893 76895 76899 77100 77173 77453 77674 77919 81377 81385 81749 82363 82587 82596 83302 84140 93680 94392 94405 94954 95128 95169 95300 95434 95941 95947 95950 95961 96093 96099 96128 96130 96141 96180 96225 96252 96283 96456 96817 96820 97195 97199 97210 97296 97337
LI (75):  191 206 210 237 241 254 256 76692 77099 77167 77168 77169 77171 77450 77451 81368 81370 81371 81374 81737 81746 82579 82580 82583 82586 84139 93655 93658 93668 93676 94262 94270 94298 94311 94324 94383 94387 94391 94938 94943 94947 94950 95042 95208 95238 95252 95254 95257 95261 95292 95298 95375 95412 95418 95430 95621 95919 95924 95926 95932 95936 95940 95944 95954 95957 96127 96173 96178 96219 96223 96280 96468 96810 96814 97190
NODE_NUM = 198
FILE hyp_sub_472.aig

# Subcircuit 473
SUB_ID 473
LO (58):  76903 76985 76995 76996 77000 77264 77269 77276 77423 77521 77797 77948 81368 81864 82565 82648 83129 84112 84504 84585 84775 84989 85528 85576 85692 85697 86062 86067 86106 86146 86271 86559 86572 87281 87477 88359 88694 88718 89340 89436 89560 89787 89796 89863 90550 90816 94978 95919 95932 96004 96280 96447 96563 96748 96803 97006 98169 98238
LI (76):  196 198 199 200 212 222 224 234 247 248 249 250 77268 77272 77274 81362 81365 82559 82562 82563 82647 84107 84109 84503 84557 84562 84563 84573 84581 85553 85554 85556 85565 85572 86057 86103 86269 86542 86557 86558 86563 86566 86570 87740 88360 88696 88697 88698 88707 88714 89428 89433 89520 89779 89780 89784 94577 94972 94973 94977 95657 95661 95662 95676 95680 95684 95728 95790 95912 95918 96739 96746 96787 96790 96796 96799
NODE_NUM = 198
FILE hyp_sub_473.aig

# Subcircuit 474
SUB_ID 474
LO (83):  77002 77027 77033 77099 77108 77164 77167 77792 77878 77945 78075 78139 78149 78196 78325 78549 78892 78901 79033 79242 79244 79256 79327 79370 79379 79599 79761 79807 79818 79956 80143 80196 80221 80567 80570 80699 80711 80732 80881 81374 81412 81415 81580 81591 82107 82229 82249 82892 82906 83146 83204 83205 83220 83481 83483 83679 84319 84517 84557 84780 85812 87720 88380 88714 88944 89428 89621 90803 90994 90999 91025 91790 91830 91848 92077 93053 93079 93722 93797 94031 96717 98660 101006
LI (84):  189 197 201 205 210 215 221 225 232 235 240 246 250 254 77301 77534 77784 77788 77791 77876 77941 77943 78072 78138 78148 78195 78587 78880 78881 78891 79028 79031 79083 79243 79255 79326 79362 79363 79367 80137 80138 80141 80216 80219 80561 80565 80731 80873 80876 80877 81405 81407 81570 81572 81579 82247 82885 82889 82890 82905 83043 83480 83676 83677 87978 88374 88378 88711 88712 88943 90547 90774 90776 90779 90787 90795 90801 90991 91787 93028 93030 93033 93044 93052
NODE_NUM = 197
FILE hyp_sub_474.aig

# Subcircuit 475
SUB_ID 475
LO (34):  77169 77171 77601 78148 78262 103862 103863 104439 104440 104442 104605 104680 104769 104778 104924 104935 104943 104952 104957 104965 105260 105278 105290 105300 105436 105443 105453 105458 105462 105477 105631 105634 138305 138315
LI (62):  189 192 253 256 77594 77598 77599 78147 102866 103336 103343 103431 103457 103462 103464 103465 103499 103510 103514 103530 103536 103540 103543 103766 103772 103776 103839 103845 103850 103854 103859 104093 104100 104246 104301 104303 104309 104313 104328 104334 104338 104341 104350 104354 104399 104403 104407 104422 104427 104431 104447 104583 104590 104594 104598 104603 104647 104656 104657 104665 104670 104677
NODE_NUM = 195
FILE hyp_sub_475.aig

# Subcircuit 476
SUB_ID 476
LO (43):  77176 77179 80530 94993 95524 95550 95728 95912 96219 96223 96304 96308 96385 96437 96648 96776 96787 96790 96799 97030 97201 97490 98094 98132 98138 98175 98221 98225 98422 136917 136919 136921 136923 136925 136927 136930 136934 136935 138132 138190 138210 138219 138229
LI (79):  193 204 241 251 80528 93946 94141 94472 94676 94677 94991 95164 95165 95497 95499 95500 95502 95511 95519 95614 95706 95710 95722 95726 95810 95867 95868 95871 95872 95882 95891 95897 95901 95905 95908 96120 96121 96216 96275 96276 96301 96367 96370 96378 96383 96393 96433 96639 96642 96760 96762 96770 96774 96834 96835 96844 97011 97013 97019 97023 97028 97195 97199 97347 97348 98126 98130 98172 98263 98264 98266 98766 98773 98779 99227 99229 99808 136911 136928
NODE_NUM = 200
FILE hyp_sub_476.aig

# Subcircuit 477
SUB_ID 477
LO (55):  77182 77188 77254 77259 77262 77268 77528 77578 77579 79410 79750 79925 79971 79972 81016 83137 83775 83787 83826 84234 84302 84542 84548 85590 85662 85683 87453 91332 91625 93181 93655 93658 93763 93781 93835 94102 94193 94409 94631 94927 94932 94934 95134 95143 95457 95556 95569 95576 95587 95621 95918 95936 96103 96782 97848
LI (69):  193 197 203 208 209 217 218 227 228 236 241 249 252 77527 77577 79970 81015 82880 83134 83136 83782 83785 84530 84532 84535 84540 92470 93152 93159 93163 93173 93179 93654 93656 93829 93833 93974 93987 94014 94015 94018 94019 94029 94037 94069 94112 94172 94181 94188 94192 94686 94786 94793 94797 94842 94844 94849 94873 94877 94886 94892 94904 94909 94912 94922 94926 94931 95448 95453
NODE_NUM = 197
FILE hyp_sub_477.aig

# Subcircuit 478
SUB_ID 478
LO (55):  77272 77274 77281 77288 77291 77293 77432 77534 77588 77864 77952 78332 80210 80473 81612 82808 82889 82941 83517 83768 83771 87740 87741 89052 89521 89523 89792 90297 90338 90505 90571 90822 90984 91054 91116 91165 91195 91409 91413 91529 91921 92382 92730 92739 92771 95252 95261 95986 96321 96324 96433 96604 96607 97660 98172
LI (76):  195 197 201 213 214 215 230 232 241 248 250 77587 77788 77861 77862 80205 80208 82801 82803 82804 82888 83234 83513 87584 88710 89040 89042 89044 89046 89050 89520 89522 89790 90134 90199 90201 90241 90242 90250 90286 90295 90334 90548 90550 90559 90567 90821 90983 91093 91102 91107 91111 91115 91174 91191 91507 91509 91517 91905 91908 91914 91917 94560 94973 95242 95251 95963 95964 95966 95975 95982 96320 96410 96429 96603 97659
NODE_NUM = 199
FILE hyp_sub_478.aig

# Subcircuit 479
SUB_ID 479
LO (50):  77298 77301 77302 77303 77319 77321 77424 77426 79984 80193 81232 81737 84503 85547 86315 88151 88160 88928 88948 89678 97910 98072 98766 98952 99085 99142 99215 99239 99243 99252 99254 99313 99444 99537 99605 99620 99664 99795 99801 99814 100026 100029 100035 100064 100081 100094 100099 100333 100336 100342
LI (77):  190 199 200 223 245 246 255 77016 81226 81229 81230 85541 85544 85545 88136 88138 88139 88150 88882 88884 88896 88927 97515 97746 97804 97840 97844 97845 97853 97863 97895 97901 97905 97909 98445 98450 98585 98592 98614 98641 98657 98659 98660 98662 98666 98697 98703 98707 98711 98741 98747 98750 98756 98760 98764 98928 98930 98936 98941 98945 98948 98955 98960 99070 99086 99130 99139 99146 99150 99153 99188 99192 99196 99201 99205 99209 99213
NODE_NUM = 200
FILE hyp_sub_479.aig

# Subcircuit 480
SUB_ID 480
LO (53):  77328 77329 77405 77444 77450 77598 77941 79335 79918 80293 80527 80849 82578 82579 82583 82831 83665 83756 83862 85826 86432 87067 87868 92104 92605 92817 92830 93159 93241 93299 93305 93314 93346 93693 93987 94112 94262 94387 94443 94909 95430 95446 95580 96127 97083 97111 98185 98204 98465 98572 98576 99577 101581
LI (83):  191 193 203 210 211 235 236 242 253 255 77327 77449 77597 77940 79326 79803 80291 80526 80667 82818 82819 82821 82823 82829 83755 85819 85823 85824 86424 86430 87061 87065 91609 92061 92539 92541 92543 92553 92561 92569 92597 92603 92794 92798 92799 92803 92807 92810 92816 93154 93155 93157 93240 93289 93297 93337 93340 93344 93980 93983 94077 94108 94259 94428 94432 94436 94439 95424 95426 95443 96710 97056 97058 97061 97070 97078 98176 98181 98196 98201 98452 98461 98569
NODE_NUM = 198
FILE hyp_sub_480.aig

# Subcircuit 481
SUB_ID 481
LO (31):  77449 77451 77599 102585 102829 102830 103333 103334 103336 103343 103462 103464 103514 103536 103653 103660 103694 103764 103845 103854 103859 104318 104338 104350 104354 104385 104427 104431 104773 138285 138295
LI (56):  190 192 254 256 101581 102320 102322 102324 102329 102356 102371 102372 102374 102378 102381 102412 102420 102427 102431 102445 102451 102455 102460 102562 102584 102589 102598 102607 102636 102661 102667 102726 102730 102735 102741 102746 102754 102758 102807 102817 102824 103258 103264 103280 103284 103310 103314 103319 103323 103342 103459 103588 103607 103611 103620 103642
NODE_NUM = 198
FILE hyp_sub_481.aig

# Subcircuit 482
SUB_ID 482
LO (72):  77456 77459 77531 77543 77569 77571 77577 77862 78072 78193 78472 78796 79084 79928 79982 80138 80280 80484 80869 80946 80951 81014 81362 81365 81572 81997 82110 82246 82256 82494 82497 83134 83136 83140 83142 86258 86943 86998 87301 92085 92441 92480 92810 93052 93064 93173 93377 93601 93965 94077 94912 97681 97895 98632 98641 98928 98930 99139 99150 99471 99527 99529 99561 99563 99580 99607 99774 100104 100285 100300 100538 101004
LI (91):  188 197 200 201 203 215 229 238 243 244 245 247 256 77789 78794 78857 79083 79799 79927 79979 79980 80483 80941 81013 81361 81363 81570 81990 81991 81995 82107 82245 82278 82487 82492 83135 83139 85865 86253 86254 86298 86942 86993 86995 87299 91210 92074 92078 92079 92083 92461 92463 92464 92466 92476 93063 93167 93170 93171 93595 93599 93957 93963 97674 97678 97679 97870 97871 97873 97882 97891 98630 98631 98636 98639 98658 98660 98803 98807 98816 98836 98842 98921 98927 99458 99467 99526 99539 99548 99554 99560
NODE_NUM = 199
FILE hyp_sub_482.aig

# Subcircuit 483
SUB_ID 483
LO (34):  77587 77594 77936 77943 78161 78862 79028 101126 101438 101614 101724 102317 102318 102320 102445 102562 102584 102667 102735 102758 102764 102778 102787 102791 102800 102817 102824 103264 103275 103314 103323 103746 103750 138275
LI (61):  191 194 249 252 77935 77942 78160 79027 99861 99916 100473 100911 100938 100942 100954 100986 101070 101077 101081 101097 101103 101107 101111 101116 101121 101125 101527 101580 101582 101583 101585 101589 101598 101604 101610 101708 101712 101716 101751 101753 102048 102066 102078 102083 102096 102201 102210 102222 102226 102297 102307 102312 102437 102439 102470 102498 102522 102539 102554 102581 102761
NODE_NUM = 200
FILE hyp_sub_483.aig

# Subcircuit 484
SUB_ID 484
LO (35):  77597 77649 77784 78471 78793 79979 98921 99808 99812 100100 100198 100298 100302 100306 100310 100323 100345 100355 100547 100556 100559 100565 100573 100590 100594 100612 100625 100630 100871 100892 100896 101087 101400 101411 101417
LI (67):  192 198 243 252 77647 77648 78470 78792 79978 97814 97848 98349 98852 98867 98869 98875 98879 98897 98917 99250 99252 99254 99314 99366 99397 99407 99408 99411 99423 99429 99433 99437 99441 99444 99453 99578 99583 99587 99591 99595 99602 99608 99612 99620 99719 99739 99747 99751 99759 99763 99771 99774 99788 99792 99795 99801 99806 100099 100105 100109 100147 100193 100205 100214 100237 100242 100297
NODE_NUM = 190
FILE hyp_sub_484.aig

# Subcircuit 485
SUB_ID 485
LO (63):  77788 77789 77791 77816 77861 77865 77876 77891 78126 78131 78172 78794 79344 80861 81407 81991 82236 82239 83054 84113 84114 85911 86307 86511 87004 87036 87040 87126 87387 87458 87603 88138 88254 88278 88603 88878 88952 89384 89389 89466 92079 94098 94100 94108 94580 94615 94786 94892 95412 95448 95472 95905 95954 96073 96082 96754 97207 98631 99897 100673 100838 100853 101478
LI (81):  187 198 201 202 212 217 225 231 242 246 256 77018 77790 77814 77815 77860 78125 78130 78142 82235 83255 84548 85910 86294 86296 86299 86300 86305 86510 87018 87031 87035 87381 87384 87385 87454 87456 87746 88271 88276 88579 88581 88591 88599 88873 88874 89379 93063 93616 93996 94097 94102 94106 94579 94594 94596 94599 94611 94704 94708 94716 94776 94778 94782 95386 95392 95396 95399 95405 95410 95461 95468 96059 96071 98623 99527 99869 99883 99885 99891 99895
NODE_NUM = 199
FILE hyp_sub_485.aig

# Subcircuit 486
SUB_ID 486
LO (35):  77896 77935 77940 78170 78591 78599 78812 78880 83915 84009 84888 84894 85030 85276 93154 93668 94037 94259 94873 94950 94970 95418 95461 95924 95926 102589 103766 104399 104403 104407 105451 106080 106255 106546 106555
LI (63):  190 193 211 232 250 252 78165 78166 78168 78588 78589 78879 83898 83900 83903 83911 84887 85023 85025 85028 85274 92059 93663 93664 93666 94031 94034 94035 94197 94206 94225 94246 94252 94255 94861 94870 94957 94968 95921 101591 102585 102586 103653 103697 103700 103708 103713 103718 103735 103746 103759 103764 104361 104366 104374 104379 104385 104390 104965 104972 105280 105290 105447
NODE_NUM = 199
FILE hyp_sub_486.aig

# Subcircuit 487
SUB_ID 487
LO (27):  77942 77965 104960 104961 105470 105471 106105 106107 106444 106449 106458 106462 106466 106470 106474 106479 106522 106530 106535 106560 106711 107042 107051 136885 138325 138334 138344
LI (51):  189 190 253 255 104442 104790 104792 104803 104820 104846 104848 104850 104852 104856 104864 104893 104899 104903 104913 104919 104924 104930 104935 104939 104943 104948 104952 104957 105463 105467 105480 105499 105585 105591 105595 105625 105631 105634 105695 105719 105727 105732 105752 105765 105774 106082 106088 106102 106441 106448 106457
NODE_NUM = 193
FILE hyp_sub_487.aig

# Subcircuit 488
SUB_ID 488
LO (62):  78130 78133 78138 78141 78142 78143 78867 78891 79096 79271 79362 79616 79718 81054 81242 81243 86253 86254 86942 86995 87282 87345 87783 87855 87859 88009 89773 90559 90578 90615 90621 91010 91191 91344 91350 91507 91599 91650 91661 91974 92380 92639 92705 93207 94035 94559 94595 94624 94776 94778 95269 95386 95396 95405 95657 95680 95790 96746 96760 96774 96796 107077
LI (74):  186 188 211 212 221 230 253 255 78437 78866 78888 78889 79091 79092 79094 79355 79359 79360 81241 85867 86251 86994 87247 87248 87258 87266 87272 87275 87281 87854 89754 89755 89759 89764 89769 90556 90557 90614 91003 91005 91008 91183 91188 91343 91349 91487 91503 91590 91592 91648 91649 91656 91659 91973 94511 94513 94515 94525 94534 94540 94558 94747 94755 94756 94760 94771 95640 95644 95653 95773 95777 95784 95788 96759
NODE_NUM = 200
FILE hyp_sub_488.aig

# Subcircuit 489
SUB_ID 489
LO (47):  78147 78156 78157 78158 78479 79693 80034 80216 80219 80565 80731 82897 84668 84718 85315 95292 96161 96216 97290 97499 97741 98085 98948 102661 103258 103310 103351 103431 103588 103697 103700 103839 103911 103916 103966 103977 104082 104089 104366 104379 104390 104422 104677 104688 104789 104804 104948
LI (70):  188 194 209 233 248 254 79366 79690 79691 80215 80218 82006 82819 82896 84665 84666 94756 95266 95269 95278 95288 96154 96159 97213 97215 97282 97288 97720 97734 97740 101468 102642 102646 102647 102657 102837 102854 102856 102857 102859 102863 102887 102915 103006 103013 103017 103033 103039 103043 103048 103248 103253 103257 103349 103350 103355 103365 103396 103427 103565 103573 103578 103584 103655 103660 103696 103824 103828 103832 103906
NODE_NUM = 197
FILE hyp_sub_489.aig

# Subcircuit 490
SUB_ID 490
LO (42):  78160 78165 78166 78168 78175 78580 78588 78861 79031 79091 79697 80153 80232 80561 80716 80912 101583 102586 104893 105280 105625 105695 105807 106082 106235 106448 106457 106477 106496 106517 106595 106716 106720 106929 106932 106949 106954 106982 106987 107014 107017 107047
LI (69):  186 191 192 193 248 250 251 256 77937 78174 78579 78587 78860 79029 79090 79355 79694 80146 80148 80150 80151 80230 103350 104101 104882 104887 104891 105154 105173 105199 105213 105215 105217 105221 105250 105256 105260 105263 105269 105273 105278 105610 105612 105617 105623 105675 105679 105688 105693 105799 105806 105808 105811 105821 105827 105830 105836 105843 105848 105908 105918 106066 106080 106118 106121 106129 106182 106188 106231
NODE_NUM = 199
FILE hyp_sub_490.aig

# Subcircuit 491
SUB_ID 491
LO (53):  78174 78195 78197 78250 78252 78255 80483 80680 80689 81025 81186 81235 81237 81363 81518 83242 83251 83889 83973 84074 84083 84092 84142 84666 84887 84959 85539 86103 86766 91329 91675 92539 92603 93201 93900 96739 96891 96917 97175 97424 97481 97716 97909 98118 98163 98431 98562 98566 98569 98592 98707 99051 102647
LI (75):  187 196 198 207 236 237 245 246 255 79702 80665 80668 80669 80679 81021 81023 81234 82647 83230 83231 83241 83809 83816 83824 83829 83848 83865 83871 83875 83878 83884 83888 85533 85536 85537 86095 86101 90030 91672 91674 92514 92520 92538 93194 93197 96018 96028 96661 96670 96678 96708 96735 96871 96879 96884 96889 97147 97149 97151 97160 97167 97173 97417 97420 97432 97441 97458 97477 97707 97710 98144 98153 98157 98161 98587
NODE_NUM = 199
FILE hyp_sub_491.aig

# Subcircuit 492
SUB_ID 492
LO (57):  78299 78302 78436 78437 78440 78985 81361 81579 82136 82142 82319 82321 82878 82898 83280 83487 83667 83668 83911 83937 84139 85536 86122 86867 87966 88139 88374 88378 88516 88519 88548 88943 89000 93170 93541 94000 94225 94324 95114 95122 99885 100442 101041 101219 101275 101332 101335 102297 102653 102837 103039 103043 103048 103253 103257 103319 108104
LI (68):  185 187 198 200 215 226 233 242 244 254 78123 81574 82135 82320 82641 82880 82913 83256 83257 83267 83276 83485 85535 86117 86120 87954 87955 87959 87960 87964 88372 88377 88515 92462 93523 93524 93527 93528 93537 94213 94222 94318 94322 99529 100360 100363 100373 100380 100411 100438 101140 101145 101149 101215 101297 101316 101331 102229 102245 102251 102262 102265 102275 102279 102282 102290 102295 102836
NODE_NUM = 199
FILE hyp_sub_492.aig

# Subcircuit 493
SUB_ID 493
LO (29):  78442 78449 82012 82487 85241 85896 85992 86324 104246 104309 105154 105269 105799 105836 106066 107059 107060 107586 107587 108070 108071 108073 108631 108634 108639 109025 138364 138374 138384
LI (53):  185 195 235 256 82007 82008 82010 85216 85218 85220 85222 85224 85230 85237 103358 104107 104109 104112 104122 104151 104177 104245 104987 105007 105031 105053 105061 105066 105153 105796 105929 106058 106566 106700 106707 106711 106716 106720 107025 107032 107042 107047 107051 107056 107235 107555 107557 107563 107567 107572 107578 108051 108628
NODE_NUM = 193
FILE hyp_sub_493.aig

# Subcircuit 494
SUB_ID 494
LO (62):  78453 78470 78574 78579 78581 78693 79023 79331 79375 79978 80526 80834 81582 82120 82328 83214 83900 83919 84172 84218 84411 90031 90397 91254 91683 92175 92194 92618 92824 92899 93656 94172 94472 94511 94540 94620 94793 94877 95208 95298 95305 95309 96071 96565 97596 98741 98795 98842 99526 99554 99573 99771 99861 99862 100147 100205 100941 101419 102048 102290 102807 103850
LI (75):  192 194 195 200 206 209 232 235 241 246 247 249 79326 80833 81581 82119 83210 83211 83639 83899 84171 84216 90030 90396 91677 91680 91681 92122 92124 92135 92141 92174 93809 94017 94140 94142 94145 94153 94161 94168 94471 94475 94476 94480 94510 95191 95199 95204 95302 97514 97515 97518 97527 97535 97570 97592 98726 98728 98733 98739 98991 99486 99489 99495 99525 100138 100143 101402 101404 101411 101417 102042 102046 102801 102803
NODE_NUM = 199
FILE hyp_sub_494.aig

# Subcircuit 495
SUB_ID 495
LO (49):  78587 78589 78691 78792 78879 79086 79416 79802 80572 80846 80847 81570 81990 82492 82626 82821 83197 83638 83758 84138 85005 85036 97656 97853 99113 99870 102042 102046 102646 102801 102803 102856 103248 103530 103540 103772 103776 103824 103828 103832 104093 104447 104594 104598 104603 104790 104930 104939 106088
LI (73):  189 190 194 197 236 242 251 252 79085 79450 79936 80665 81568 81989 81993 82490 82620 82623 82624 82937 83637 84132 84135 84136 85004 97643 97849 97850 101468 101471 101760 101859 101923 101950 101965 101970 101974 102004 102010 102029 102035 102041 102645 102764 102779 102783 102787 102791 102800 102855 103076 103080 103089 103107 103126 103168 103172 103175 103219 103228 103241 103521 103524 103794 103801 103805 103810 104084 104089 104444 104781 104783 104789
NODE_NUM = 200
FILE hyp_sub_495.aig

# Subcircuit 496
SUB_ID 496
LO (46):  78852 78854 78881 79099 80230 87116 87676 87679 87854 88678 88686 89120 89448 90241 90242 90318 90359 90445 90500 95278 96001 96010 96154 96159 96410 98153 98157 108628 108642 108643 108645 108994 109093 109159 109196 109382 109428 109432 109500 109504 109686 109702 109716 109721 109963 138394
LI (75):  184 188 212 228 252 256 79098 87101 87102 87106 87114 87675 88662 88666 88667 88669 88677 89089 89104 89107 89108 89110 89114 89118 90221 90225 90229 90237 90350 90354 94750 95275 95276 95988 95989 95991 96000 96153 96398 96407 98152 107882 108073 108213 108263 108265 108268 108277 108285 108291 108312 108398 108404 108416 108422 108445 108451 108606 108612 108617 108621 108625 108631 108634 108639 108926 108931 108960 108964 108970 108973 108979 108983 108986 108992
NODE_NUM = 198
FILE hyp_sub_496.aig

# Subcircuit 497
SUB_ID 497
LO (28):  78888 108213 108606 108621 108986 109028 109029 109031 109423 109489 109495 109509 109717 109722 109959 109972 109976 109981 109985 110188 110193 110434 110437 110452 110469 110611 110873 138404
LI (59):  186 187 253 254 107306 108103 108105 108107 108112 108121 108127 108132 108180 108185 108190 108194 108199 108203 108208 108212 108457 108476 108499 108530 108536 108542 108583 108585 108595 108599 108602 108645 108872 108877 108895 108897 108903 108907 108911 108916 108920 108997 108999 109009 109016 109020 109025 109435 109458 109474 109519 109559 109620 109626 109688 109694 109706 109716 109721
NODE_NUM = 199
FILE hyp_sub_497.aig

# Subcircuit 498
SUB_ID 498
LO (38):  78889 78897 78909 82635 84240 84249 84419 84923 85116 85626 94599 94755 95640 96770 100350 100351 100353 100879 100901 101081 101116 101268 101331 101442 101451 101625 101627 101657 101661 101688 101693 101703 101707 101737 102027 102210 102262 138236
LI (68):  185 202 214 226 238 255 82620 84225 84228 84239 84418 84918 84919 84921 85104 85114 94748 94752 94753 95631 95634 99318 99812 99817 99897 99962 99976 99980 99981 99985 99989 99995 100001 100007 100012 100016 100022 100026 100029 100035 100327 100333 100336 100342 100345 100626 100630 100642 100644 100645 100647 100656 100664 100673 100725 100793 100830 100839 100844 100848 100853 100867 100871 101260 101266 101325 101329 101620
NODE_NUM = 200
FILE hyp_sub_498.aig

# Subcircuit 499
SUB_ID 499
LO (57):  78913 78914 78990 78996 79000 79027 79029 79419 79421 80319 80669 82007 86509 86517 86558 86673 87018 87137 87520 87688 87689 88112 88115 88635 88896 89089 89118 90077 90166 90350 90354 91093 91111 91201 91780 99869 99895 100793 100830 100848 101471 101527 101620 101708 101712 102245 102431 102455 102726 102754 103033 103280 103284 103759 104100 104334 104341
LI (77):  190 193 194 195 218 221 244 245 246 248 249 78285 79083 80316 82006 85927 86494 86498 86508 86672 87134 87136 87687 88106 88109 88110 89073 89075 89077 89082 89088 89748 90057 90059 90062 90073 90163 90170 91076 91080 91089 99842 99855 99856 99859 99862 99863 99866 100747 100789 100797 100811 100829 101004 101469 101470 101481 101489 101520 101525 101680 101684 101697 101703 101707 102239 102243 102678 102683 102701 102722 103024 103027 103277 103750 103757 104099
NODE_NUM = 197
FILE hyp_sub_499.aig

# Subcircuit 500
SUB_ID 500
LO (52):  79083 79085 79090 79092 79094 79676 80025 82803 83210 83211 83640 84293 85533 86879 86881 87652 93360 93829 93833 93868 94246 94318 94322 94938 99366 99433 99842 100105 100109 100193 100358 100534 100642 100829 101402 101404 101677 101690 101759 102041 102328 104846 105610 105623 105727 106441 107235 107563 108051 108625 109016 109020
LI (77):  183 196 206 233 242 243 253 256 79675 80017 80023 82616 83209 83639 86441 86873 86874 86876 93347 93355 93357 93808 93809 93813 93822 93828 94237 94240 94315 98677 99328 99330 99331 99337 99356 99359 99365 99823 99824 99827 99828 99838 100104 100155 100165 100169 100189 100355 100635 100638 100822 100827 101381 101388 101394 101400 101670 101673 104108 104822 104825 104834 104842 105601 105605 105609 106434 106437 107217 107221 107225 107230 107234 107724 108040 108045 108049
NODE_NUM = 198
FILE hyp_sub_500.aig

# Subcircuit 501
SUB_ID 501
LO (42):  79098 79243 79248 79255 82949 83257 83480 83691 83930 84021 87385 87699 88538 94760 100363 101070 101481 102096 102201 102420 102678 102683 102761 103241 103543 107025 107555 107557 107610 107696 107705 107717 107723 108185 108194 108208 108212 108404 108451 108542 108599 108612
LI (70):  187 188 199 211 227 239 251 79254 83474 83476 83478 83682 83687 83690 83928 84018 87532 87694 94759 100362 101003 101005 101007 101012 101039 101041 101066 101475 101479 102121 102125 102138 102179 102183 102193 102197 102677 103234 105503 106806 106811 106814 106816 106826 106855 106923 106929 106943 106949 106976 106982 107021 107362 107416 107418 107424 107428 107443 107449 107474 107480 107486 107490 107531 107537 107541 107546 107554 107600 107608
NODE_NUM = 198
FILE hyp_sub_501.aig

# Subcircuit 502
SUB_ID 502
LO (58):  79254 79326 79337 79346 79348 80525 80535 80679 80876 81037 81049 81072 81216 82304 82790 82875 83348 85594 85959 86294 86305 86557 86566 86851 87319 87922 90028 90887 91076 91517 91538 91556 91787 91802 91856 92059 92061 92074 92083 92798 93097 93491 94399 97040 104101 104107 105173 105217 105256 106058 106700 106707 107365 107724 107886 108049 109009 109248
LI (75):  182 187 191 192 212 226 237 247 252 256 80510 80513 80524 80675 80678 80875 81036 81048 81888 82285 82287 82288 82300 82867 82872 85962 86280 86281 86282 86293 86543 86547 86556 87307 87316 90021 90024 90025 90820 90850 90867 90869 90870 90873 90877 90881 90885 91066 91069 91265 91535 91692 92063 92073 92797 93085 93094 93483 93485 102855 104104 104105 104263 105158 105167 105172 105939 105945 106050 106055 106691 106698 107712 107717 107723
NODE_NUM = 198
FILE hyp_sub_502.aig

# Subcircuit 503
SUB_ID 503
LO (23):  79355 79359 79695 108499 109559 109688 110441 111361 111362 111870 111871 112685 112686 112817 112819 113231 113240 113245 136855 138453 138463 138472 138482
LI (49):  185 186 252 253 79694 108114 108483 108485 108495 109538 109555 109646 109650 109671 109677 109681 109686 110194 110400 110407 110408 110430 110434 110437 110893 110898 111074 111079 111080 111088 111092 111100 111324 111334 111344 111353 111358 111715 111841 111845 111849 111853 111858 111862 111875 112060 112662 112801 112803
NODE_NUM = 200
FILE hyp_sub_503.aig

# Subcircuit 504
SUB_ID 504
LO (46):  79360 79363 79366 79367 79690 80513 80819 80828 81265 81275 81405 81843 81848 105585 106563 106564 106566 106826 107056 107230 107234 107251 107362 107424 107474 107480 107541 107572 107578 107967 108027 108031 108035 108077 108199 108580 108649 108760 108867 108871 108883 108916 108923 108928 108983 138354
LI (74):  184 188 189 249 250 254 79689 80509 80511 80718 80808 80818 81257 81258 81261 81262 81838 104861 105555 105562 105564 105566 105577 105583 106107 106265 106336 106475 106480 106484 106487 106507 106513 106517 106522 106526 106530 106535 106540 106546 106551 106555 106560 107250 107254 107255 107259 107288 107316 107361 107452 107470 107823 107881 107883 107884 107886 107893 107901 107907 107911 107915 107930 107936 107960 107966 107972 107974 107996 108005 108010 108014 108022 108026
NODE_NUM = 200
FILE hyp_sub_504.aig

# Subcircuit 505
SUB_ID 505
LO (62):  79371 79432 79436 79450 79665 79675 79951 80240 80524 80941 81081 82801 82885 84117 84216 84486 84487 84532 84535 85537 85955 86134 87288 89375 89666 89817 89823 89853 89857 89918 89986 89999 90155 90286 90362 90539 90671 90692 90873 90904 90954 91040 91134 91174 91297 91482 91610 91826 91844 91973 91975 97918 97999 98068 98109 98306 98679 98719 98833 99056 99828 106348
LI (82):  181 195 207 209 210 211 226 227 229 230 243 254 79946 79947 79949 80517 80521 80522 82245 84237 84531 84533 86133 89358 89360 89362 89363 89371 89609 89624 89625 89628 89634 89662 89816 89852 89873 89877 89892 89894 89895 89898 89903 89907 89911 89914 90138 90141 90152 90254 90257 90266 90282 90547 90639 90643 90652 90670 90869 90872 90896 90902 91609 91799 91801 91802 91825 91968 91974 97038 97040 97917 97921 97923 97931 97938 97940 97946 97956 97984 97993 97995
NODE_NUM = 199
FILE hyp_sub_505.aig

# Subcircuit 506
SUB_ID 506
LO (28):  79679 79946 80017 111715 111849 112320 112652 112656 112660 112690 112800 112850 112855 112865 112892 112901 112921 113212 113218 113221 113255 113258 113264 113267 113273 113277 113448 113514
LI (57):  181 183 254 256 79945 79949 110773 111147 111371 111415 111441 111446 111457 111463 111478 111480 111481 111485 111494 111504 111562 111577 111581 111686 111692 111704 111710 111714 112072 112252 112259 112261 112272 112289 112295 112303 112305 112315 112319 112322 112347 112356 112361 112365 112372 112380 112385 112390 112481 112509 112511 112522 112551 112560 112568 112633 112643
NODE_NUM = 194
FILE hyp_sub_506.aig

# Subcircuit 507
SUB_ID 507
LO (49):  79689 79691 79694 79702 80141 80148 80150 80718 80719 85025 85274 104084 104583 104590 104792 104848 104856 104919 105480 105564 105591 105595 106050 106182 106434 106437 106691 106698 106740 106806 106811 106814 106993 106997 107021 107185 107207 107254 107428 107452 107470 107490 107546 107619 107966 108026 108040 108045 108422
LI (69):  185 187 189 191 233 248 250 251 80149 85023 102896 103970 103981 104008 104010 104018 104030 104037 104044 104075 104082 104455 104485 104579 104847 105477 105955 106012 106014 106015 106019 106027 106035 106041 106048 106176 106180 106280 106335 106337 106339 106341 106350 106358 106364 106424 106429 106625 106643 106652 106657 106680 106738 106739 106744 106747 106775 106802 106808 106988 106992 107002 107004 107010 107014 107017 107462 107468 108037
NODE_NUM = 200
FILE hyp_sub_507.aig

# Subcircuit 508
SUB_ID 508
LO (49):  79704 79707 79754 79778 79780 82573 83297 85598 85880 86412 86729 89013 89022 89075 89624 89634 89754 90018 90138 90670 90896 91396 93822 94161 94476 94558 94886 94968 95052 95777 95810 95901 96393 98541 98697 99188 99314 99437 99719 99763 100058 100060 100072 100079 100530 100585 100615 103465 108268
LI (71):  182 190 191 208 219 229 246 247 255 82569 82570 85863 85864 85866 85868 85878 86727 88106 89005 89006 89010 89076 89616 89619 89621 89749 89752 90011 90016 90658 90667 92455 93818 93820 94155 94158 94159 94512 94546 94555 95041 95042 95045 95050 95800 95805 95809 97915 97918 98521 98526 98537 98676 98678 98679 98681 98693 99179 99186 99291 99300 99305 99309 99313 99630 99635 99655 99672 99692 99714 100053
NODE_NUM = 198
FILE hyp_sub_508.aig

# Subcircuit 509
SUB_ID 509
LO (51):  79783 79786 79799 79803 79810 79921 80833 84225 84227 84228 84418 84918 85013 85177 85351 85731 85736 87136 89093 89616 89952 89957 90191 92461 93297 94029 94471 94480 94842 95204 95453 95561 98863 103365 104647 105447 105806 106265 106350 106540 106551 106625 107032 107225 107361 107462 107468 107486 107537 107567 107974
LI (77):  183 194 196 198 217 220 239 241 243 255 83150 83685 84226 84416 84917 85007 85009 85010 85345 85348 85349 85726 88631 89091 89094 89610 89613 89614 89947 92454 92456 92458 93295 94023 94026 94155 94457 94461 94470 94819 94829 94832 94840 103359 103362 104614 104620 104624 104643 105225 105295 105300 105304 105311 105413 105418 105426 105431 105436 105440 105443 105801 105804 106238 106240 106255 106344 106347 106348 106604 106613 106619 106623 107324 107357 107461 107485
NODE_NUM = 200
FILE hyp_sub_509.aig

# Subcircuit 510
SUB_ID 510
LO (67):  79911 79916 79927 79936 79942 79945 80291 80495 80818 81452 85863 86293 86424 86430 86964 87258 87435 87507 87521 87687 87707 87814 87819 87974 87977 87979 88109 88178 88235 88487 88644 89433 90567 91183 91291 91503 91611 92215 92776 92834 93357 93676 94298 94546 95041 95050 95288 95375 95399 95722 95957 96132 96138 96603 97056 97393 97411 97927 97931 97978 97979 98181 98273 98516 98554 105243 108283
LI (87):  179 193 199 212 214 215 220 222 223 236 240 254 80290 80517 80814 80816 85859 85862 86286 86290 86291 86423 86543 86957 86962 87253 87254 87414 87416 87417 87420 87431 87437 87702 87703 87704 87809 87978 88108 88486 88638 88641 88642 89788 90562 90565 91271 91272 91276 91277 91287 91497 91501 92546 92773 93022 93671 93674 93817 94286 94287 94288 94291 94296 95025 95026 95030 95040 95287 95312 95328 95337 95342 95366 95373 95721 96600 97045 97048 97050 97054 97374 97378 97390 97859 97930 97977
NODE_NUM = 196
FILE hyp_sub_510.aig

# Subcircuit 511
SUB_ID 511
LO (32):  79947 79949 80814 81257 81834 81838 82170 82207 82212 113682 113683 114112 114113 114560 114561 114953 114954 114956 114958 114960 114965 114971 114974 114983 114989 115243 115353 115371 138492 138501 138511 138520
LI (57):  179 182 253 256 80519 81253 81255 81815 81816 81820 81821 81830 82206 112526 113251 113284 113517 113522 113539 113595 113597 113599 113604 113613 113619 113623 113627 113637 113641 113648 113652 113657 113661 113665 113670 113674 113679 114105 114107 114144 114149 114266 114284 114292 114297 114302 114328 114334 114338 114359 114382 114513 114535 114543 114557 114946 114948
NODE_NUM = 198
FILE hyp_sub_511.aig

# Subcircuit 512
SUB_ID 512
LO (76):  79953 79970 79973 79980 80023 80126 80128 80129 80132 80224 80253 80668 80723 80724 80858 80859 80860 81296 81297 81597 82310 82311 82314 82632 83241 83824 84689 84695 84743 84898 85186 85823 86543 87576 87577 88073 88873 88975 89146 89216 89321 89609 89911 89980 90344 90425 90717 90872 95045 95254 95872 96735 96871 96889 96922 97038 97045 97054 97441 97746 97905 97938 97940 99330 99331 99824 99827 100656 100960 100986 101215 102078 102083 102121 102125 102730
LI (84):  182 191 203 204 205 206 207 211 225 228 229 231 232 244 254 74551 79661 80127 80243 80667 80725 80822 81596 81877 82312 82631 83235 83236 83239 83682 84522 84638 84681 84685 84740 85821 87575 88051 88059 88060 88063 88067 88071 89108 89170 89173 89191 89210 89580 89584 89586 89595 89605 89970 89973 95253 95987 96672 96711 96713 96722 96731 96853 96866 96870 97037 97042 97745 97937 97939 98674 99826 100651 100652 100654 100961 100962 100964 100974 100982 101178 101211 102073 102118
NODE_NUM = 196
FILE hyp_sub_512.aig

# Subcircuit 513
SUB_ID 513
LO (47):  80135 80136 80137 80146 80149 80151 80510 80808 80875 80877 81229 81230 81607 81830 81938 81950 82206 106816 108107 108872 108907 109458 109474 109519 109620 109671 109681 109706 109951 109953 110174 110400 110472 110541 110552 110557 110561 110607 110616 110630 110638 110687 110731 111076 111100 111581 111692
LI (65):  184 185 186 188 189 246 247 249 251 80509 80807 81228 81258 81603 81604 81826 108650 108653 108656 108658 108663 108672 108680 108713 108741 108750 108754 108862 108867 108871 109060 109443 109445 109450 109456 109583 109587 109596 109616 109657 109661 109663 109697 109702 109738 109821 109834 109837 109840 109843 109847 109877 109908 109919 109927 109950 110198 110209 110392 110469 110529 110536 110545 110548 110554
NODE_NUM = 200
FILE hyp_sub_513.aig

# Subcircuit 514
SUB_ID 514
LO (68):  80190 80205 80208 80215 80218 80243 81624 81888 81894 82521 82650 82919 82928 82937 83478 83716 83746 83903 84032 84034 84053 84057 84200 84637 84647 84829 84838 84933 85104 85324 85492 85521 85847 85892 86050 87575 87583 88051 88071 88618 88627 88692 89470 94973 96710 96711 97058 97984 98103 98106 98301 98319 99077 99081 99859 100468 101228 101233 101341 103696 103931 103933 103972 104361 105815 107895 108279 110797
LI (83):  180 187 191 192 196 202 233 234 240 244 245 249 81811 81891 81892 82620 82649 82906 82907 82909 82918 83712 83721 83722 83725 83734 83742 83901 84027 84050 84132 84199 84635 84636 84638 84641 84642 84824 84825 84828 85006 85320 85322 85487 85490 85846 87545 87571 87574 87576 87577 87581 88048 88604 88608 88609 88617 95498 95868 97513 97515 97560 97969 97981 98101 98276 98281 98300 99072 99861 99870 100443 100456 100464 101223 102357 103677 103678 103681 103685 103689 103694 103926
NODE_NUM = 199
FILE hyp_sub_514.aig

# Subcircuit 515
SUB_ID 515
LO (58):  80246 80254 80276 80283 80290 81043 83209 85006 85007 85835 86259 86423 87130 87574 88641 93620 94158 95025 95030 95721 95867 95897 96320 96348 96564 97850 98869 101859 102836 103017 103089 103168 103810 104122 104834 105167 105250 105732 105821 105843 105908 106604 106623 106777 106802 106976 106988 107010 107416 107418 107461 107492 107614 107712 107936 108004 108075 108617
LI (83):  181 193 197 198 203 217 219 233 238 239 243 255 79790 84227 85486 85829 85830 85832 86422 88106 93817 95024 95028 95282 95811 95815 95818 95827 95837 95866 96317 96563 98868 101151 101762 101765 101774 101782 101814 101842 101850 101857 103141 103164 103401 104119 104120 104828 104829 104830 104832 105231 105233 105234 105246 105815 105818 105819 105859 105868 105887 105904 106346 106587 106596 106601 106780 106782 106790 106798 106955 106963 106968 106974 106987 107364 107365 107367 107376 107386 107415 107706 107708
NODE_NUM = 199
FILE hyp_sub_515.aig

# Subcircuit 516
SUB_ID 516
LO (44):  80352 80373 80487 80491 80509 80511 80517 81253 81255 81815 81891 82183 85009 85348 85535 85829 85830 86660 87316 97804 97901 98027 98028 99036 99037 104112 105818 106358 107324 112522 113517 114105 114107 114144 114557 114946 114948 114980 115366 115377 115412 115756 115774 115778
LI (67):  180 183 196 197 237 238 250 251 252 253 80347 80351 81036 81047 81809 81810 81813 84919 85347 85828 86655 86658 97753 97756 97758 97777 97803 98023 99035 105232 106352 106355 106356 112105 112517 113446 113451 113485 113494 113495 113503 113507 113514 113718 113720 113722 113973 113978 114056 114061 114064 114072 114076 114083 114089 114095 114100 114104 114117 114124 114128 114137 114592 114599 114711 114912 114934
NODE_NUM = 199
FILE hyp_sub_516.aig

# Subcircuit 517
SUB_ID 517
LO (61):  80519 80521 80522 84197 84581 84635 84636 85114 85748 85753 88060 88617 88927 89409 89478 89486 89546 89816 89914 89940 90250 101066 101538 101540 101588 101589 101816 101823 101842 101923 102010 102138 102779 102783 102875 103074 103105 103172 103234 103342 107363 107898 108724 113105 113108 113596 113597 113599 113739 113752 114309 114311 114316 114458 115088 127171 130248 130491 130785 136603 139466
LI (57):  130 131 179 180 181 192 193 231 253 254 255 81586 84578 84579 84620 84624 84633 85743 86872 88087 88614 88899 88900 88902 88904 88910 88919 88925 89359 89396 89405 89532 89535 89544 100375 100392 101047 101050 101052 101062 101536 101539 101581 101824 101834 101840 101866 101876 101902 101915 101920 102129 102134 102766 102778 112716 113737
NODE_NUM = 196
FILE hyp_sub_517.aig

# Subcircuit 518
SUB_ID 518
LO (43):  80528 80665 80667 80675 80678 81370 84530 84540 84685 85477 85720 86101 86154 93028 93754 94446 97282 97700 98201 98213 109280 109821 110059 110070 110104 110392 110536 110635 110818 110839 110869 110961 110967 111012 111078 111118 111211 111315 111322 111334 111366 111695 111853
LI (74):  178 190 191 192 242 243 256 80674 81369 84171 84199 84520 84524 84525 84526 84528 85345 85463 85466 85475 85717 93020 93024 93027 93743 93746 93749 97246 97260 97261 97264 97265 97273 97278 108722 109247 109254 109255 109256 109258 109269 109276 109743 109752 109759 109789 109817 110047 110056 110095 110102 110227 110229 110232 110236 110267 110296 110385 110390 110472 110541 110552 110557 110561 110601 110607 110611 110624 110630 110634 110718 110722 110731 110814
NODE_NUM = 199
FILE hyp_sub_518.aig

# Subcircuit 519
SUB_ID 519
LO (64):  80674 80684 80700 80787 80807 80816 80983 81169 81172 81261 81294 81682 81746 82245 82247 83734 84027 84127 84929 85018 86882 86884 87556 87566 88192 88984 90163 90266 90282 90423 90433 90639 90675 90849 91188 92541 93152 93179 93828 93863 94512 94513 97871 98062 98101 98281 100789 101047 101178 101489 101673 101876 102134 102179 102197 102437 102439 102470 102536 102538 102550 104838 111286 113385
LI (82):  177 184 189 202 209 225 232 245 248 256 80763 80765 80767 80770 80780 80786 81166 81260 81287 81291 81292 83261 83637 83729 83732 84121 84124 84125 85017 86654 87543 87547 87555 88117 88191 88701 88980 89361 90260 90261 90264 90268 90269 90274 90275 90280 90413 90415 90422 93100 93103 93113 93121 93151 94033 97031 98044 98045 98047 98059 100413 100757 100759 100762 100772 100781 100787 100960 101042 101044 101157 101158 101161 101162 101174 101483 101487 102153 102156 102178 102436 102537
NODE_NUM = 200
FILE hyp_sub_519.aig

# Subcircuit 520
SUB_ID 520
LO (62):  80824 80835 80839 80842 80866 80873 81013 81015 81547 81549 81964 82135 82510 82905 83712 84824 85357 85552 85553 85848 86269 87106 88372 88653 89040 89050 89453 89571 89769 89873 89907 90180 90602 92102 92111 92878 92879 94756 95266 96038 96378 96407 96429 96722 97149 97993 97995 98044 98126 98130 98408 98974 99059 100327 100362 101005 101125 101428 101447 101468 101469 102859
LI (71):  187 189 195 198 206 209 210 223 224 227 232 235 236 238 244 81542 81543 81546 81957 81960 84560 84822 85219 88647 88650 89026 89029 89039 89505 89565 89568 89766 89767 89872 92094 92096 92098 92873 94759 95042 95884 96017 96018 96026 96028 96030 96032 96034 96422 96427 96718 96719 97148 97988 98039 98042 98121 98329 98359 98383 98404 98968 98972 100074 100088 100094 100312 100318 100323 100995 101004
NODE_NUM = 182
FILE hyp_sub_520.aig

# Subcircuit 521
SUB_ID 521
LO (36):  81021 81023 81036 82300 82676 82685 82872 83168 96026 96398 96559 96588 96966 96999 97734 97745 98941 114513 115380 115381 115790 115791 115793 115798 115800 115806 115818 115826 115873 115996 116001 116228 116246 116250 138530 138540
LI (63):  178 181 217 251 255 81925 82295 82297 82661 82664 82665 82675 95813 96021 96023 96024 96529 96531 96533 96534 96546 96554 96928 96941 96959 96962 96972 96995 97732 113740 114426 114455 114457 114458 114469 114475 114505 114511 114956 114958 114990 114997 115087 115103 115134 115142 115148 115164 115170 115277 115282 115289 115335 115349 115353 115358 115362 115366 115371 115377 115779 115781 115795
NODE_NUM = 197
FILE hyp_sub_521.aig

# Subcircuit 522
SUB_ID 522
LO (55):  81042 81047 81048 81153 81226 81660 81674 82569 82570 83682 84226 85314 85345 86291 86655 86872 86873 87555 88048 103355 104105 104656 104657 105804 106346 106347 106780 106782 110227 110236 110814 111074 111088 111277 111324 111577 111686 111836 111875 111892 111905 111911 112069 112074 112280 112295 112300 112319 112322 112517 112692 112698 112700 112783 112787
LI (75):  181 182 186 194 195 233 237 238 251 252 81132 81136 81140 81146 81151 82567 84132 86116 86654 87551 87553 103353 104651 104652 105800 106344 106781 108321 109248 109779 110226 110785 110792 110794 110795 110797 110806 110812 110933 110937 110950 110954 110958 110961 110967 111067 111073 111129 111146 111220 111275 111276 111282 111290 111298 111304 111308 111315 111322 111570 111573 111624 111662 111671 111676 111680 111684 111720 111728 111732 111736 111816 111823 111830 111834
NODE_NUM = 199
FILE hyp_sub_522.aig

# Subcircuit 523
SUB_ID 523
LO (68):  81228 81241 81258 81260 81262 81279 81287 81541 81542 81543 81810 81813 81960 82287 83261 83267 83646 83729 83898 84109 84124 86510 87441 90415 91234 91497 91501 91648 91659 92022 92073 92491 92709 93085 93232 93366 93616 93617 93904 93909 94457 94461 94607 95815 97042 100120 101483 101950 102356 103107 103141 103401 103427 103578 103677 103685 103718 103794 104245 104444 104651 104665 105263 106033 106131 111446 114436 114438
LI (71):  176 182 183 199 201 211 216 220 223 233 248 249 250 255 81809 81811 82286 82661 82817 83218 83264 84108 84123 90731 91216 91218 91230 91496 91633 91636 91647 92010 92019 92066 92070 92071 92689 92694 92702 92705 93065 93211 93221 93228 94459 97040 101939 101940 101941 101942 101944 101948 102330 102334 102344 102352 103096 103105 103399 103400 103403 103413 103423 103665 103668 103676 103786 103792 104207 104241 111445
NODE_NUM = 200
FILE hyp_sub_523.aig

# Subcircuit 524
SUB_ID 524
LO (29):  81291 91323 92285 92536 92816 97527 98807 117207 117208 117352 117353 117355 117940 117942 118105 118127 118140 118302 118317 118356 118362 118460 118469 118473 118486 118491 118496 138569 138578
LI (57):  176 177 255 256 85541 91311 91312 91315 91321 92252 92281 97521 97524 97525 116654 116797 116833 116835 116848 116857 116865 116894 116900 116915 116921 116925 116931 116935 116940 116944 117180 117186 117190 117195 117199 117204 117345 117347 117359 117397 117401 117422 117428 117435 117535 117538 117542 117545 117556 117803 117813 117900 117905 117909 117913 117918 117930
NODE_NUM = 197
FILE hyp_sub_524.aig

# Subcircuit 525
SUB_ID 525
LO (49):  81292 81300 81360 81369 81371 81465 81546 84171 85864 85865 85866 86727 90057 91121 91773 91952 91956 92281 92597 92676 92732 92819 92894 93211 93280 93318 93330 93334 93337 93979 94510 95191 95302 96051 102371 102381 103413 103713 104241 104455 104842 105153 105671 105673 105918 105929 105955 106055 110788
LI (70):  178 189 202 205 227 230 241 243 254 81357 81359 88986 90051 90055 91698 91699 91700 91712 91741 91769 91951 92088 92270 92271 92274 92275 92279 92505 92571 92575 92585 92593 92614 92664 92674 92710 92713 92723 92730 93270 93278 94490 94491 94495 94496 94506 95181 95189 102357 102358 102360 102370 103410 103411 103990 104214 104215 104227 104237 104836 104839 104840 105082 105086 105089 105110 105114 105123 105145 105672
NODE_NUM = 200
FILE hyp_sub_525.aig

# Subcircuit 526
SUB_ID 526
LO (91):  81568 81574 81581 81583 81586 81596 81603 81604 81609 81631 82006 82119 82233 82562 82620 82624 82819 82847 82896 82907 83255 83256 83754 83763 84018 84108 84136 84237 84239 84337 84545 84549 84553 84784 84979 85220 85222 85597 85815 86125 86127 86498 87125 87664 87691 87960 88579 88680 88683 89505 89506 89511 91624 93063 93813 94514 94579 94977 95502 96028 96719 97518 97891 98490 98868 99035 99291 99309 99411 99817 99980 99995 100001 100074 100644 100911 100995 101003 101012 101103 101111 101479 101939 101948 102183 102657 103080 103676 103708 103906 106339
LI (84):  186 190 192 196 197 199 202 205 209 222 226 228 232 234 235 238 239 241 245 80831 82228 82229 82231 82286 82638 82823 83688 83748 83750 83753 84235 84236 84531 84548 84551 84560 85219 85526 86123 86496 86550 87119 87122 88392 88709 89510 93811 94976 97885 97886 97889 98480 98481 98483 98488 99029 99033 99263 99272 99274 99283 99288 99315 99410 99814 100041 100043 100066 100072 100643 100908 100992 100994 101002 101478 101931 101935 101936 102651 102652 102653 102655 103361 103674
NODE_NUM = 200
FILE hyp_sub_526.aig

# Subcircuit 527
SUB_ID 527
LO (40):  81638 81640 81809 81979 82431 84125 91672 91674 94611 95366 96059 103681 116106 116258 116259 116261 116411 116615 116630 116648 116658 116699 116726 116780 116796 116925 116940 116944 116949 116961 117078 117170 117195 117199 117214 117220 117318 117322 117335 138550
LI (67):  175 181 207 224 249 256 81929 81976 81977 91670 94604 94606 94607 94608 95355 95358 115793 115827 115829 115833 115835 115837 115839 115848 115856 115862 115865 115873 115990 115996 116002 116104 116105 116110 116118 116126 116157 116180 116186 116199 116216 116220 116228 116233 116237 116241 116246 116250 116255 116266 116268 116273 116322 116342 116351 116356 116361 116369 116392 116397 116401 116404 116410 116421 116423 116607 116613
NODE_NUM = 199
FILE hyp_sub_527.aig

# Subcircuit 528
SUB_ID 528
LO (37):  81811 81816 81820 81926 81935 82295 82297 82664 115103 115862 115990 116797 116935 117186 117345 117347 117813 117918 117930 117947 117948 118132 118133 118504 118887 118888 119438 119618 119619 136821 136826 138588 138597 138607 138617 138626 139808
LI (56):  178 179 181 250 252 253 81892 81925 81926 81933 82663 114429 115092 115095 115096 115944 115965 115969 115977 115982 115988 116659 116665 116668 116687 116699 116786 116792 116796 117215 117220 117310 117312 117318 117322 117331 117335 117340 117344 117355 117812 117940 117942 117952 118100 118105 118115 118127 118497 118501 118871 118873 118882 119431 119433 119617
NODE_NUM = 173
FILE hyp_sub_528.aig

# Subcircuit 529
SUB_ID 529
LO (57):  81821 81826 81877 81892 82663 90274 91712 92098 92445 92514 92520 92561 93410 93415 102360 102900 102915 103349 103970 103974 104614 104620 104794 104832 105082 105246 105273 105904 106035 106176 106180 106596 106601 106963 107217 107221 107930 107960 107972 108022 108037 108203 108877 108903 108920 108926 108992 108997 108999 114656 115602 115605 115611 116168 116544 123611 124755
LI (69):  131 177 179 200 204 226 231 251 254 90273 91677 91706 91709 92444 92509 92556 92559 93405 101761 102895 102897 102899 102911 103345 103346 103885 103894 103899 103918 103963 103966 104613 104836 105240 105244 105897 105902 106001 106030 106033 106131 106134 106143 106152 106175 106595 107068 107073 107101 107110 107115 107137 107201 107207 107212 107216 107919 107926 107941 107956 107967 107969 108027 108031 108035 108874 108923 108994 115603
NODE_NUM = 199
FILE hyp_sub_529.aig

# Subcircuit 530
SUB_ID 530
LO (59):  81899 81901 81925 81927 81928 81929 81930 82542 83276 83742 83836 84310 86990 87266 87330 87333 87451 87792 88125 88129 88220 88221 89158 90834 91271 91558 91698 91946 91981 92244 92246 92270 92279 92569 92952 92954 93483 93485 95811 97803 97863 97988 98383 98620 99072 99283 99288 99322 110385 110958 111067 111220 111292 111308 111728 111732 111823 111830 117415
LI (79):  174 177 191 214 215 216 239 252 255 83270 83271 83274 83736 83739 83740 86288 86984 86988 87261 87262 87264 87324 87328 87444 87448 87449 88122 88124 88126 88215 89156 90058 90565 90829 90831 91265 91266 91269 91538 91546 91552 91556 91693 91696 92245 92256 92259 92260 92269 92914 92923 92951 93482 96532 97786 97787 97788 97800 97857 97859 97861 98374 98377 99282 109746 110327 110329 110331 110339 110347 110381 110973 110977 111014 111065 111203 111211 111216 111723
NODE_NUM = 200
FILE hyp_sub_530.aig

# Subcircuit 531
SUB_ID 531
LO (36):  81933 81957 84123 84499 84681 113446 113973 114128 114266 114284 114334 114338 114426 114437 114455 114511 114592 114711 114912 114990 115155 115289 115349 115358 115362 115383 115390 115394 115399 115406 115415 115752 115761 115769 115815 116241
LI (66):  177 183 247 253 84493 84496 84497 112460 113336 113382 113386 113387 113395 113403 113431 113434 113440 113444 113727 113763 113816 113818 113819 113821 113830 113838 113844 113848 113852 113966 113971 114248 114264 114274 114277 114283 114409 114417 114423 114435 114436 114441 114451 114574 114579 114585 114692 114695 114705 114709 114762 114767 114771 114775 114784 114793 114798 114818 114904 114960 114965 114971 114974 114980 114983 114989
NODE_NUM = 198
FILE hyp_sub_531.aig

# Subcircuit 532
SUB_ID 532
LO (40):  81969 81976 82921 95773 95788 95882 96173 96178 96422 96427 96502 96592 96759 102498 103006 103584 103611 103894 103899 104008 104075 104313 104781 104783 104803 105295 105311 105418 105426 105431 105440 105774 118706 119199 119229 119378 119413 119443 119445 119456
LI (69):  174 175 208 222 255 256 82920 95746 95748 95751 95759 95763 95768 95772 95876 95877 95880 96168 96417 96497 101768 101770 102487 102491 102492 102496 102946 102953 102955 102956 102958 102969 103002 103889 103989 103990 103993 103994 104004 104054 104071 104605 104680 104684 104688 104691 104717 104726 104731 104756 104769 104773 104778 104794 104801 117610 118512 118519 118596 118624 118626 118632 118642 118669 118675 118679 118693 118699 118704
NODE_NUM = 199
FILE hyp_sub_532.aig

# Subcircuit 533
SUB_ID 533
LO (35):  81977 81989 87264 94069 94819 94840 95468 111816 112252 112372 112390 112398 112481 112568 112633 112643 112851 113219 113223 113227 113253 113286 113450 113526 113637 113657 113687 113698 113703 113711 113717 113722 113975 114083 114095
LI (65):  176 188 240 254 93020 94047 94049 94057 94065 94807 94809 94811 111286 111747 111748 111758 111765 111798 111803 111809 111814 112077 112084 112086 112087 112089 112099 112127 112152 112241 112246 112250 112369 112397 112402 112410 112420 112451 112477 112610 112620 112623 112631 112833 112835 112841 112844 112850 112856 112903 112905 112911 112921 112925 112957 112961 112978 113133 113138 113176 113184 113189 113194 113212 113218
NODE_NUM = 197
FILE hyp_sub_533.aig

# Subcircuit 534
SUB_ID 534
LO (41):  81993 81995 93024 93027 107316 108132 108180 108263 108291 108895 108897 108931 108960 108964 108979 109697 120003 120384 120385 120387 120398 120435 120439 120451 120460 120745 120754 120759 120823 120829 121052 121181 121189 121209 121213 128758 129268 134654 136816 138636 139789
LI (61):  130 159 187 243 81994 93023 93025 107296 107298 107301 107312 108160 108168 108173 108178 108236 108247 108255 108884 108890 108894 108928 108957 119621 119691 119694 119748 119775 119783 119785 119788 119800 119831 119840 119846 119851 119855 119858 119864 119980 119986 119991 119995 119998 120089 120094 120098 120145 120151 120345 120350 120354 120363 120367 120372 120376 120391 120396 120416 120420 120432
NODE_NUM = 195
FILE hyp_sub_534.aig

# Subcircuit 535
SUB_ID 535
LO (68):  81994 82001 82008 82010 82220 82228 82231 82318 82490 82555 82623 83150 83685 83687 83690 83928 85544 85868 87403 87449 88215 89029 89073 89082 90221 90260 90334 90795 91546 95253 96017 96718 97151 97535 97885 97886 98039 98658 98659 98676 98852 98879 99692 100626 100867 101044 101467 101639 101643 101716 104847 105007 105719 105827 106336 106337 106424 106464 106744 107001 107449 107531 108445 108457 108595 109417 109435 109999
LI (86):  185 186 188 189 190 200 206 222 230 239 240 241 244 245 249 82317 82489 82554 82622 83474 83476 83688 83689 84566 85867 87396 87400 87401 88135 89057 89061 89064 89072 90205 90208 90218 90789 90793 96016 96717 97530 97531 97532 97843 97884 98670 98673 98674 98847 99680 99689 100595 100602 100608 100612 100615 100621 100625 100643 101464 104993 105000 105003 105699 105702 105705 105717 105807 106398 106420 106458 106462 106740 106741 106743 107495 107504 107509 107527 108425 108432 108438 108441 108456 109387 109413
NODE_NUM = 200
FILE hyp_sub_535.aig

# Subcircuit 536
SUB_ID 536
LO (48):  82235 82253 82264 82675 83062 83312 87987 88475 88707 88994 89156 89379 90152 94604 95022 95676 95784 105215 110806 111298 111415 111494 111504 112060 112241 112259 112272 112385 112410 112797 112823 112832 112844 112961 113133 113138 113283 113494 113495 113521 113648 113652 113670 113674 113727 113852 113971 118896
LI (77):  173 175 191 238 254 256 82668 82672 82673 87260 87446 87985 88122 88126 88701 88704 88705 88987 88989 88990 90148 94603 94998 95002 95005 95014 95020 95673 98633 110331 110803 110804 111293 111294 111296 111379 111408 111414 111491 111492 111912 112001 112019 112023 112032 112039 112045 112049 112054 112058 112183 112185 112186 112188 112197 112204 112237 112258 112404 112407 112408 112698 112703 112711 112751 112769 112775 112779 112783 112787 112796 113064 113090 113122 113131 113493 113726
NODE_NUM = 200
FILE hyp_sub_536.aig

# Subcircuit 537
SUB_ID 537
LO (71):  82278 82283 82286 82288 82312 82317 82618 82888 83192 88105 88666 89107 89110 89133 89191 89584 90229 90257 90327 90389 90542 90643 90652 99315 99328 99337 100297 100962 101097 101381 101760 102035 104579 105213 105221 105601 105605 105609 105672 105675 105693 105897 105902 106012 106041 106335 106364 106429 106484 106613 106619 106738 106747 106923 107110 107115 107250 107259 107807 107915 108000 109661 109836 109837 110771 111279 111531 114221 123617 125622 129034
LI (81):  131 181 183 185 198 203 226 228 243 246 247 248 82613 82616 88094 88095 88099 88103 88665 89105 89177 89189 89583 89884 89893 90378 90380 90382 90387 90642 98635 98670 99319 99327 100277 100286 100291 100295 101088 101091 101759 104254 104547 104564 104566 104568 104573 104577 105205 105207 105210 105356 105600 105658 105666 105671 105673 105896 105972 105974 105976 105978 105982 106011 106306 106315 106318 106319 106330 106612 106729 106730 106734 106735 106917 106919 107109 107242 107244 107247 109835
NODE_NUM = 200
FILE hyp_sub_537.aig

# Subcircuit 538
SUB_ID 538
LO (48):  82320 82489 82554 82556 82622 83474 87390 87392 87959 88150 89210 89687 89766 96529 96853 96972 97148 106011 106143 106507 106643 107109 107443 107485 108190 114056 114072 114505 114599 114692 114709 114767 114771 114793 115180 115277 115335 115683 115685 115745 115795 115802 115811 115829 115833 116209 116373 116415
LI (71):  172 186 188 205 223 242 243 256 83473 87389 87958 88143 88147 88148 89203 89208 89764 96509 96511 96514 96525 105985 106000 106002 106004 106009 106137 106141 106501 106505 106633 106641 107432 107435 113549 113980 113983 113992 114001 114033 114038 114044 114051 114055 114486 114487 114490 114491 114501 114689 114766 115177 115178 115179 115192 115214 115235 115243 115264 115269 115315 115319 115328 115333 115623 115632 115637 115641 115647 115676 115682
NODE_NUM = 198
FILE hyp_sub_538.aig

# Subcircuit 539
SUB_ID 539
LO (66):  82559 82563 82567 82580 82586 82608 83236 83637 84573 85010 85475 85828 85832 86298 86716 87275 87286 87543 87547 87702 87703 88059 88067 88191 88486 88919 89203 89208 89362 89405 90269 90273 90774 90801 91562 91580 91769 91951 92632 101934 106743 107823 107911 108476 108536 108650 108754 108862 109250 109413 109694 109779 110169 110194 110331 110430 112085 115087 115835 115865 115944 115988 116104 116186 116665 116668
LI (76):  176 181 183 187 192 197 231 232 236 241 245 253 84567 84568 84571 85219 86116 86706 86709 86710 86714 87415 87545 87546 87701 88053 88055 88058 88189 88914 88916 89198 89361 90756 90762 90764 90765 90767 90771 91757 91758 91762 91764 91767 92629 107773 107775 107777 107787 107795 107801 107822 108461 108470 108475 108649 108760 108767 108799 108860 109396 109398 109411 110193 115006 115007 115011 115023 115053 115083 115834 115941 116084 116088 116101 116662
NODE_NUM = 200
FILE hyp_sub_539.aig

# Subcircuit 540
SUB_ID 540
LO (83):  82613 82616 82631 82638 82639 82641 82643 82647 82649 82918 83170 83217 83485 83494 83648 84199 84533 84641 84642 85962 85963 86120 87946 88094 88103 88126 88515 88665 89189 89361 89544 89892 89903 89995 90073 90254 90642 90867 90877 91066 91069 91276 91576 92088 92094 92444 92923 93066 93355 95500 95963 96554 96904 100647 101487 101761 101762 101941 101942 102357 102358 102655 103403 103678 104120 104215 104830 105231 105801 105896 107367 107901 108470 112084 112477 112903 112994 113000 113008 113184 113493 113977 114055
LI (88):  179 180 184 194 199 200 201 203 224 227 229 230 234 244 248 82281 82661 82881 82914 82915 83216 84640 85554 86119 87939 87941 87942 87943 88080 88081 88082 88093 88972 88988 89187 89874 89876 89877 89880 89884 89891 90067 90070 90852 90855 90856 90866 91064 91065 91274 91730 92087 92089 92091 92921 93065 93354 95211 95241 96550 96551 101151 101154 101485 101940 103409 104821 105226 105228 105800 107896 107898 111276 111788 112079 112082 112459 112461 112462 112464 112473 112865 112893 112897 112901 112992 112993 112998
NODE_NUM = 198
FILE hyp_sub_540.aig

# Subcircuit 541
SUB_ID 541
LO (46):  82651 82661 82665 82668 82818 82829 82914 82923 83264 83270 84211 84388 84633 84701 116180 116455 116607 116865 116915 117180 117310 117312 117397 117413 117422 117428 117435 117535 117538 117573 117679 117779 117783 117791 117801 117905 117909 117952 117960 118055 118098 118115 118212 118308 118325 118632
LI (72):  174 176 177 179 249 250 252 253 82817 82828 82913 82922 83269 83736 84205 84206 84209 84627 84631 115834 116160 116161 116164 116168 116176 116454 116458 116459 116468 116476 116507 116527 116603 116869 116909 116911 116950 116965 116981 116983 116984 116986 116990 117019 117048 117054 117058 117068 117072 117078 117141 117145 117148 117164 117170 117178 117257 117264 117290 117296 117300 117380 117388 117393 117411 117417 117420 117498 117528 117530 117678 117904
NODE_NUM = 197
FILE hyp_sub_541.aig

# Subcircuit 542
SUB_ID 542
LO (27):  82672 82673 83271 119617 119621 119980 119998 120089 120350 120354 120363 120372 120376 120762 120763 120765 120827 121204 121216 121308 121312 121497 121512 121517 121523 121787 138646
LI (58):  173 174 175 253 254 255 118901 119443 119466 119490 119495 119504 119505 119507 119516 119522 119525 119531 119576 119582 119586 119590 119595 119599 119606 119610 119613 119867 119872 119877 119914 119922 119927 119932 119936 119940 119967 119971 119978 120048 120052 120055 120069 120075 120079 120082 120387 120461 120465 120476 120649 120656 120718 120745 120754 120759 120820 120823
NODE_NUM = 200
FILE hyp_sub_542.aig

# Subcircuit 543
SUB_ID 543
LO (52):  82679 82804 82811 82814 82817 83235 84566 84567 85906 86542 86570 87456 90067 91251 91261 92252 93362 93818 97246 97374 97420 97915 97917 98526 98587 98678 98847 101770 101774 103076 103510 103801 105234 108680 109650 115011 115177 115779 115781 116255 116392 116410 116421 116613 116644 116646 116931 116947 117204 117212 117340 117344
LI (72):  175 182 183 196 209 219 231 244 245 251 83234 84493 85902 85905 86541 90066 91242 91244 91246 91248 93817 96683 97222 97223 97234 97242 97366 97372 97911 97914 98525 98677 101561 101769 101771 103054 103062 103067 103074 108675 108677 114495 115015 115173 115413 115418 115504 115508 115538 115546 115552 115566 115572 115747 115752 115756 115761 115765 115769 115774 115778 116376 116383 116384 116390 116411 116415 116418 116615 116626 116630 116634
NODE_NUM = 198
FILE hyp_sub_543.aig

# Subcircuit 544
SUB_ID 544
LO (60):  82823 82828 82880 82882 82890 84121 84496 84818 85199 85237 85867 87396 88093 88704 89177 90764 91764 92187 92188 92439 92449 92593 92629 93245 93270 104828 104829 107296 107787 107996 108014 108860 108970 109396 109398 109626 109789 110229 110529 110545 111129 111146 111747 112054 112072 112089 112315 115834 115837 117417 118596 118675 119431 119433 119613 119846 119858 119864 119991 119995
LI (82):  175 176 180 189 198 229 237 247 251 252 82881 84495 84627 84808 84809 84811 84816 86494 88088 88090 88123 89531 91243 91272 91761 91762 92186 92426 92430 92438 92590 92591 93269 103398 106131 106792 107294 107782 107783 107785 107985 107990 107995 108822 108826 108835 108858 109391 109778 109780 109782 109787 110228 110509 110513 110522 110527 111123 111127 111137 111140 111284 112069 117267 117413 117415 118579 118588 118593 119089 119091 119161 119167 119172 119176 119402 119408 119413 119417 119421 119426 119430
NODE_NUM = 200
FILE hyp_sub_544.aig

# Subcircuit 545
SUB_ID 545
LO (47):  82909 82913 82915 82920 84192 85004 85565 85878 85953 86463 86521 87061 87065 87417 89891 91089 96511 111562 111912 112001 112045 112058 112077 112250 112703 112769 112779 112833 112835 112841 113522 113595 113619 113641 113718 113720 114297 114302 114934 118579 119218 119221 119280 119369 119380 119871 119874
LI (73):  171 178 190 237 248 249 253 84181 84187 84188 85289 85291 85563 85934 85935 85937 85939 85949 86455 86461 87060 89597 89886 89889 96510 111518 111519 111522 111523 111527 111555 111558 111885 111887 111892 111898 111902 111905 111911 111933 111942 111951 111955 112000 112074 112700 112761 112767 112823 112832 113096 113521 113548 113550 113553 113564 113594 113705 113711 113717 118155 118549 118551 118554 118563 118571 118577 119206 119210 119213 119229 119259 119279
NODE_NUM = 198
FILE hyp_sub_545.aig

# Subcircuit 546
SUB_ID 546
LO (29):  82922 82936 83457 83462 83782 121221 121222 121531 121532 121804 121805 121807 122116 122123 122145 122153 122216 122427 122473 122477 122482 122486 122767 122773 122800 123099 138655 138665 138674
LI (56):  171 172 256 72028 78857 82934 83452 83781 120558 120765 120830 120833 121047 121060 121100 121122 121123 121125 121130 121139 121168 121174 121181 121189 121196 121200 121204 121209 121213 121216 121524 121526 121552 121560 121565 121593 121624 121630 121632 121647 121651 121656 121734 121741 121765 121770 121779 121787 121801 122081 122086 122092 122096 122100 122105 122108
NODE_NUM = 194
FILE hyp_sub_546.aig

# Subcircuit 547
SUB_ID 547
LO (47):  82934 83043 83135 83829 85934 86239 86248 86455 86461 86957 86962 97655 97687 98728 98917 99578 99591 100543 100551 100772 100982 101157 102073 102178 102427 102701 103013 105413 105868 106188 106231 106238 106240 106955 106974 117803 118349 118465 118509 118587 118679 118708 118870 118892 119084 119088 119172
LI (74):  172 179 206 214 220 247 255 83826 85928 85931 85935 86225 86229 86238 86454 86952 97610 97613 97616 97620 97654 98909 98912 99471 99561 99563 99573 99577 100660 100766 100769 100979 100980 101152 101155 102171 102176 102689 102698 105318 105371 105373 105376 105387 105397 105403 105409 106208 106227 106235 106954 117573 117658 117723 117725 117727 117729 117737 117746 117752 117759 117773 117779 117783 117795 117801 118313 118318 118326 118328 118333 118339 118343 118347
NODE_NUM = 200
FILE hyp_sub_547.aig

# Subcircuit 548
SUB_ID 548
LO (69):  83206 83216 83230 83234 83239 83247 83721 84107 86267 86550 86556 86563 87114 87351 87532 87538 88211 88229 88771 92066 92070 92476 92585 93113 93278 93401 93556 93855 93957 93963 94097 94106 94140 94383 94428 94432 94506 94829 94832 94849 94870 94947 94957 95199 97117 97147 97173 97417 97477 97605 97609 98452 98791 101151 101152 101154 101155 102334 105232 105233 106781 107400 107495 107789 110794 111523 111756 117742 118182
LI (80):  170 180 181 195 196 202 204 222 223 230 231 244 246 256 83720 84106 86227 86553 86554 86559 86560 86562 87119 87381 87535 87536 88194 88198 88207 88671 92069 92471 92472 92474 92579 92580 92583 92930 93108 93110 93389 93399 93550 93848 93853 93956 94090 94092 94094 94120 94122 94125 94136 94141 94332 94335 94347 94376 94381 94427 94500 94504 94828 96513 97116 97120 97130 97138 97146 97463 97467 97473 97603 97604 97607 100964 101153 104825 107492 110793
NODE_NUM = 198
FILE hyp_sub_548.aig

# Subcircuit 549
SUB_ID 549
LO (26):  83269 83274 83739 84209 120345 120656 120718 120820 120833 121524 121526 121651 121801 122148 122149 122494 122495 122497 123103 123108 123112 123117 123443 123447 138684 138693
LI (51):  172 173 252 254 83738 119496 120169 120258 120285 120288 120290 120291 120325 120333 120343 120698 120707 120708 120716 120793 120795 120800 120807 120818 121313 121316 121463 121475 121477 121485 121490 121497 121508 121512 121517 121523 121807 121970 121972 121978 122116 122123 122131 122145 122156 122160 122468 122473 122477 122482 122486
NODE_NUM = 187
FILE hyp_sub_549.aig

# Subcircuit 550
SUB_ID 550
LO (49):  83473 83476 83513 83639 83641 84598 85349 89595 89970 89973 91308 92050 92394 108236 108247 108658 109160 109215 109218 109378 109950 110166 110381 110624 110890 110891 110893 110933 110954 111014 111147 111203 111358 111371 111547 111548 111710 111714 111736 111803 111814 111858 111862 111882 112032 112036 112510 129553 138444
LI (63):  130 182 184 237 240 242 243 89588 89592 89593 89969 91302 91305 91306 92040 92048 108104 108230 108233 108241 108245 109050 109054 109083 109089 109093 109153 109159 109180 109199 109214 109936 109937 110360 110362 110364 110377 110467 110617 110618 110635 110638 110856 110860 110865 110869 110873 110878 110882 110887 110906 110914 110932 111005 111012 111148 111156 111167 111199 111366 111532 111538 111546
NODE_NUM = 199
FILE hyp_sub_550.aig

# Subcircuit 551
SUB_ID 551
LO (81):  83656 83657 83671 83675 83688 83720 83722 83725 83732 84173 84490 84568 84722 86560 87135 87262 87416 87951 89522 90765 90775 90776 92462 92463 94125 94136 94495 94504 94759 94807 94809 95880 97678 97857 97930 98615 98616 98630 98639 98836 99327 99397 99429 99560 99838 100155 100169 100277 100295 100822 100827 101077 101162 101970 102854 102863 103410 103963 104263 104801 104820 104877 105765 106352 106790 107376 107600 107775 107985 110228 110792 111290 111671 111676 111933 111955 112399 112761 112767 116457 116835
LI (85):  175 178 179 188 196 203 204 210 214 221 222 229 237 245 246 247 250 81927 83202 84721 87134 87415 89780 92077 94123 94130 94133 94493 94502 94806 95811 97677 97856 97861 97927 97928 98621 98629 98824 98833 99018 99323 99325 99374 99376 99378 99390 99396 99833 99835 100260 100269 100274 100817 102839 102842 102853 103409 103940 103944 103953 103961 104812 104818 106354 106785 106786 106788 107370 107372 107373 107374 107774 110230 110787 110788 110790 111285 111286 111288 111670 111920 111928 111932 112758
NODE_NUM = 200
FILE hyp_sub_551.aig

# Subcircuit 552
SUB_ID 552
LO (52):  83736 83738 83740 83747 83748 83750 84181 84206 84468 84631 84652 84808 84816 85216 85230 99976 99985 100380 100766 100769 100817 101260 101579 102236 102531 119402 119505 119867 119872 119877 119936 119940 119971 120048 120052 120258 120288 120290 120510 120649 120807 120848 121100 121125 121174 121313 121316 121463 121508 121779 122100 122131
LI (70):  170 172 173 174 213 251 253 255 83784 84205 84462 84464 84792 84796 84797 84807 85218 85228 98615 99966 99967 99975 100375 100378 100765 100768 101560 101562 101564 101575 118896 119218 119221 119280 119308 119310 119312 119316 119324 119333 119363 119369 119375 119398 119871 119874 120023 120027 120039 120044 120223 120227 120229 120232 120235 120246 120252 120256 120478 120486 120641 121064 121091 121227 121297 121299 121308 121312 121327 121459
NODE_NUM = 198
FILE hyp_sub_552.aig

# Subcircuit 553
SUB_ID 553
LO (56):  83753 83755 83777 83781 83784 83785 84168 84187 84462 84483 84807 85245 90062 90843 91741 91825 91968 92415 92423 92664 92689 92702 92873 93399 98657 98666 99539 99655 99962 99989 100260 100602 100608 100725 100747 101388 101394 101633 101680 101684 102329 102451 106000 106009 106652 106657 106917 106919 107509 107669 107690 108432 113549 113550 115188 121425
LI (73):  169 171 189 206 219 234 254 255 83783 84183 84185 84461 84800 84804 84805 89885 90836 90840 90841 91356 91718 91720 91721 91733 91739 91813 91822 92402 92405 92414 92686 92687 98533 98648 98650 98653 99533 99536 99537 99647 99648 99933 99949 99953 99954 99959 100252 100257 100597 100702 100721 100734 100745 101383 101625 101627 101677 102328 105360 105986 105989 105999 106647 106889 106896 106898 106900 106902 106912 107646 107660 107666 112404
NODE_NUM = 198
FILE hyp_sub_553.aig

# Subcircuit 554
SUB_ID 554
LO (52):  83783 83894 83899 83901 83944 83948 83969 84106 84464 86454 86890 87361 89580 91349 91656 92245 92247 92387 93121 93743 93746 98359 99109 99153 99179 99739 100041 100043 100595 100621 101464 101648 108398 108973 109153 109214 109247 109927 109936 109937 110020 110074 110111 110851 110852 111697 111717 111837 116894 117401 117528 117530
LI (81):  169 184 201 222 233 241 256 83891 83893 83941 83943 84463 86442 86444 86446 86452 86494 91347 91651 91655 92232 92239 92244 92246 93115 93119 93737 93740 98332 98335 98336 98347 98355 99089 99090 99093 99100 99105 99170 99172 99729 99732 99736 100573 100581 100585 100590 100594 108328 108329 108333 108336 108339 108369 108394 108685 109107 109109 109111 109132 109149 109208 109212 109219 109223 109225 109233 109243 109935 110004 110018 110650 110658 110818 110823 110850 116883 116885 116887 116892 117525
NODE_NUM = 198
FILE hyp_sub_554.aig

# Subcircuit 555
SUB_ID 555
LO (49):  84132 84135 84164 84176 84183 84185 84665 86133 91720 91757 91767 92078 92405 92654 92686 93194 93197 96018 101560 101931 102722 103126 103277 103521 103524 104099 104151 105053 105089 105939 106398 106855 107002 107004 107201 107247 107706 107708 107822 107941 107956 107969 108425 108456 108602 108874 108911 115450 116519
LI (75):  168 188 206 208 212 216 217 235 236 255 80196 84664 91210 91212 91358 91744 91747 91756 92077 92645 92648 92685 93191 100967 100969 101017 101555 101924 101927 101928 102706 102720 103117 103119 103271 103275 103474 103518 104127 104130 104140 104147 105036 105051 106377 106379 106382 106394 106842 106845 106846 106849 106853 106993 106997 107001 107162 107172 107178 107197 107245 107591 107610 107623 107692 107696 107701 107705 107807 107811 107820 107946 107954 115444 115447
NODE_NUM = 198
FILE hyp_sub_555.aig

# Subcircuit 556
SUB_ID 556
LO (40):  84188 84205 84235 84236 84804 85302 85311 85563 85743 86238 86705 86952 87307 121047 121459 121656 121770 121970 121972 121990 122081 122096 122108 122368 122369 122425 122449 122458 122547 122553 122583 122762 122771 122806 122873 122882 122910 123088 123125 123130
LI (68):  168 170 173 250 254 256 84234 84803 85295 85296 85298 85299 85943 86233 86235 86699 86702 86703 120508 120838 120887 120919 120939 120944 120945 120949 120979 120985 120991 121039 121045 121366 121368 121369 121371 121379 121389 121420 121425 121451 121457 121811 121820 121839 121900 121906 121911 121963 121989 121994 122001 122010 122037 122065 122071 122076 122181 122201 122212 122216 122276 122359 122364 122367 122373 122406 122415 122419
NODE_NUM = 199
FILE hyp_sub_556.aig

# Subcircuit 557
SUB_ID 557
LO (51):  84461 84463 84469 84488 84493 85298 88411 88631 88925 89162 92269 92914 96497 96848 96870 96879 97956 98404 98968 98972 102412 102642 103565 103573 103689 104374 106846 107288 108127 108160 108178 108677 108884 108890 112420 113064 113382 113440 113726 113966 114248 114283 114574 114579 114997 115170 115413 115765 116634 121148 121149
LI (76):  167 176 195 207 216 228 246 254 256 84800 88391 88393 88396 88407 92265 92267 96475 96477 96479 96483 96489 96495 97950 97951 97954 98394 98397 98401 98967 102393 102394 102395 102397 102408 102638 102639 103556 103559 103563 107278 107279 107282 107286 108147 108154 108159 108314 108883 111471 112413 112418 113000 113001 113004 113008 113039 113060 113338 113343 113373 113381 113856 113861 113903 113922 113932 113935 113958 114242 114244 114565 114996 115401 115406 115412 121147
NODE_NUM = 197
FILE hyp_sub_557.aig

# Subcircuit 558
SUB_ID 558
LO (56):  84495 84497 84520 84522 84524 84525 84809 85487 85712 86288 86290 86988 87328 87400 87415 88088 88090 88980 89605 89969 90869 93615 93624 94230 112462 112998 113838 113958 114689 114762 114775 114904 115418 115508 115552 115572 115647 115676 115682 116161 116376 116390 116869 116883 116892 117411 117420 117498 118313 118318 118343 118347 119089 119417 119595 119986
LI (73):  175 177 178 181 185 236 240 244 246 248 84517 84523 84571 85486 86289 86983 87327 87399 87704 88087 89598 89599 89603 89968 90868 92578 93608 93611 93612 112996 113397 113833 113836 113943 113950 113955 114226 114436 114602 114613 114621 114647 114675 114681 114685 114757 114829 114838 114843 114900 115415 115667 115674 116373 116868 116870 116874 116882 117408 117458 117462 117471 117494 118143 118150 118304 118308 118312 118317 118892 119071 119084 119088
NODE_NUM = 197
FILE hyp_sub_558.aig

# Subcircuit 559
SUB_ID 559
LO (75):  84523 84526 84531 84560 84562 84571 84578 84579 84638 85015 85463 85821 86095 86299 86671 87101 87324 87530 87675 87758 88136 88207 88558 88563 90413 90762 90771 91243 91244 91552 92087 92183 92185 92426 92921 93094 93269 93583 93671 94065 94122 94237 94240 94311 94525 94806 94985 95002 95005 95328 95710 95876 96046 99408 99883 99891 100797 106354 107374 107777 108314 108328 108339 108672 108722 109054 109219 109255 109269 109596 110047 110360 110790 111167 112186
LI (89):  174 177 179 190 191 194 196 197 224 225 226 230 231 242 243 247 79669 84576 85458 85461 86298 86667 86668 86994 87095 87096 87098 87252 87525 87674 87754 87755 87955 88135 88553 88604 90401 90758 90759 90767 91310 91760 92086 92091 92176 92177 92180 92428 93267 93562 93564 93565 93575 93581 93670 94060 94062 94121 94230 94232 94500 94519 94520 94523 94980 94983 95000 95003 95321 95326 95875 96043 98685 99871 99872 99882 107370 108317 108318 108327 108666 108667 108670 109263 109266 109267 110354 110355 110358
NODE_NUM = 200
FILE hyp_sub_559.aig

# Subcircuit 560
SUB_ID 560
LO (58):  84609 84620 84624 84627 85295 85726 87096 87384 87414 87736 88198 88467 88505 89248 90021 92176 92438 93550 93595 94335 95746 96475 96495 97146 97592 98504 98614 98703 98909 98912 111296 114242 114244 114602 115148 115269 115319 116459 119071 119324 119495 119525 119531 119582 119691 119694 119855 119914 119932 120169 120343 120641 120818 121297 121299 122291 122301 122898
LI (81):  166 173 181 193 230 242 249 256 84792 85289 85293 87383 87409 87411 87570 87712 87716 87724 87732 88493 88503 91373 92086 92434 92436 93549 94334 95529 95734 95736 95744 96472 96503 97579 97580 97587 97590 98611 98902 98905 109743 113805 113986 114208 114225 114227 114233 114237 114241 118561 118565 118967 119020 119027 119031 119040 119046 119050 119054 119067 119319 119320 119322 119492 119630 119635 119653 119656 119690 119881 119893 119913 120161 120165 120635 120637 121294 121989 122278 122281 122290
NODE_NUM = 199
FILE hyp_sub_560.aig

# Subcircuit 561
SUB_ID 561
LO (54):  84640 84655 84664 84740 84792 85028 87694 88677 89396 92186 92472 92794 92803 93259 93608 94376 94943 97613 97616 101944 103396 104301 104303 104624 105061 107795 108822 109258 109443 109456 112716 112751 113338 113381 113604 113705 114535 114585 116468 116887 117257 117296 117729 117773 117900 117913 118016 118046 118060 118138 118312 118518 118723 118844
LI (76):  171 180 182 190 202 221 233 241 243 250 84517 88081 88672 88675 92778 92779 92783 92793 93107 93258 93605 94368 94374 97611 102906 103370 103376 103384 103392 104275 104291 104292 104295 107398 107790 107791 108722 108813 108816 109440 112714 112715 112717 112726 112735 112742 112749 113687 113694 113698 113703 115850 116465 116466 116886 117240 117249 117254 117742 117766 117767 117828 117831 117832 117840 117847 117873 117875 117881 117886 117894 117899 117996 118004 118009 118014
NODE_NUM = 200
FILE hyp_sub_561.aig

# Subcircuit 562
SUB_ID 562
LO (32):  84796 84797 84828 85218 121420 122201 122276 122419 123120 123121 123710 123711 123716 123717 123767 123768 124060 124061 124367 124368 124682 124934 124935 136787 138703 138712 138722 138731 138741 138750 138760 138770
LI (49):  170 171 172 250 251 252 85217 121401 121403 121405 121418 122188 122197 122222 122224 122275 122497 122769 122774 122779 122783 122790 122796 122800 123090 123099 123103 123108 123112 123117 123448 123452 123457 123480 123679 123689 123703 123707 123760 123764 124014 124037 124043 124057 124360 124364 124672 124679 124933
NODE_NUM = 179
FILE hyp_sub_562.aig

# Subcircuit 563
SUB_ID 563
LO (19):  84800 84803 123090 123679 123760 123764 124037 124057 124360 124364 124672 124679 124933 124937 125157 125258 125267 125271 125276
LI (48):  168 169 253 122319 122806 122883 122918 123017 123045 123047 123048 123063 123072 123076 123080 123084 123088 123558 123562 123571 123577 123642 123648 123657 123668 123672 123721 123726 123733 123737 123742 123753 123759 124028 124035 124069 124130 124244 124344 124514 124644 124646 124657 124661 124665 124917 124924 125154
NODE_NUM = 198
FILE hyp_sub_563.aig

# Subcircuit 564
SUB_ID 564
LO (59):  84805 84811 84822 84825 84830 85219 87411 88701 89603 89779 89968 90051 90667 90866 91799 91801 92687 92783 93119 93258 93575 94060 94197 102853 104071 104812 104818 106379 112893 112897 113397 113403 113763 113833 113848 113856 114264 114292 114501 114996 115328 116126 116786 116882 117359 117471 117575 117658 117812 117840 117881 117894 118044 118048 118384 118456 118682 118714 121369
LI (80):  167 174 185 186 188 234 236 237 248 255 86913 88121 88986 89598 89601 89602 89777 89880 90860 90864 91798 92778 92782 93118 93570 93572 94059 102846 102850 102851 104064 104069 104807 106378 112397 112866 112867 112869 112878 112886 112892 113400 113401 113731 113754 113762 114259 114260 114495 114497 114498 114499 116120 116121 116123 116470 116705 116733 116737 116749 116767 116770 116780 116784 116877 116880 117574 117580 117588 117597 117626 117656 117835 117836 117838 118016 118021 118029 118037 118041
NODE_NUM = 197
FILE hyp_sub_564.aig

# Subcircuit 565
SUB_ID 565
LO (71):  84833 84917 84919 84921 85017 85023 85217 85486 85572 86057 88080 89005 89187 89874 90225 90380 90382 90852 90855 91287 92048 92579 94534 95107 95181 95684 95800 95805 95809 95987 95988 96670 96959 97696 97923 98521 99300 99305 99378 99486 99495 99833 100257 100519 101325 101329 101362 101814 102029 102613 102636 102984 103002 103164 103175 103228 103479 103480 103518 103600 103655 104044 105201 106341 110785 110812 111379 111414 113540 117832 118180
LI (84):  169 180 183 184 192 209 212 230 238 239 240 242 251 85296 85568 85569 87941 89000 89003 90379 90854 90870 91281 91285 92578 93549 94086 94354 94528 94530 94748 95057 95061 95062 95071 95077 95103 95795 96665 96668 96952 96957 98514 98518 98519 99295 99472 99476 99477 99485 99832 100491 100495 100498 100507 100515 101324 101352 101355 101357 101787 101791 101794 101801 101810 102020 102027 102612 102617 102625 102634 102982 102983 102989 102998 103153 103156 103159 103478 110762 110764 110766 110771 110780
NODE_NUM = 200
FILE hyp_sub_565.aig

# Subcircuit 566
SUB_ID 566
LO (62):  85224 85228 85289 85291 85293 85296 85568 85949 86235 86476 86554 86699 86919 87595 87840 89597 89598 89777 91356 91385 91496 92019 115023 115856 116088 116118 116351 116356 116833 116900 117580 117828 117835 118100 118258 118304 118470 118474 118475 118497 118501 118772 118849 118861 118871 118873 118882 119054 119057 119167 119176 119408 119426 119430 119606 119610 120944 121367 121368 121403 121989 123271
LI (80):  167 169 172 173 184 236 248 249 252 253 85567 85944 85947 86908 86911 86913 86917 88123 89599 90862 91360 91361 91371 91381 115016 115017 115019 115021 115850 115851 115854 116112 116115 116116 116350 116470 116816 116824 116829 117575 117576 117579 117820 117826 117960 118089 118092 118098 118214 118242 118256 118257 118262 118265 118294 118302 118357 118362 118391 118399 118407 118428 118447 118456 118460 118465 118469 118473 118474 118476 118482 118486 118491 118496 118709 118857 118862 118866 118870 120942
NODE_NUM = 200
FILE hyp_sub_566.aig

# Subcircuit 567
SUB_ID 567
LO (31):  85299 85320 85322 85589 105577 106420 106680 107068 107172 107178 107432 125154 125752 125753 125936 125937 125939 125950 126126 126131 126198 126202 126209 126218 126222 126227 126538 126540 126801 138789 138799
LI (56):  165 166 211 255 256 85587 105191 105392 105572 106400 106403 106404 106412 106418 106670 106673 106676 107166 124729 124957 125020 125047 125049 125051 125063 125070 125076 125139 125144 125152 125283 125487 125525 125529 125538 125633 125639 125698 125700 125705 125711 125727 125731 125735 125740 125744 125749 125917 125924 125928 125948 126021 126107 126109 126125 126130
NODE_NUM = 193
FILE hyp_sub_567.aig

# Subcircuit 568
SUB_ID 568
LO (89):  85347 85355 85458 85461 85466 85481 85490 85496 85526 85530 85541 85859 85862 85919 86289 87247 87248 87261 87446 87448 87985 88124 88604 88916 89044 89532 90141 90592 90767 90840 91248 92124 93062 93157 93666 93731 94606 95014 95282 95287 95706 95726 95751 95813 95818 96016 96661 96678 96762 96952 96957 97928 99374 99966 100269 100274 100360 100664 100979 101007 101223 102330 103399 104119 104825 105819 106134 106289 106295 106304 106794 106798 107189 107504 108324 108741 109254 109445 109646 109677 109780 110158 110209 110230 110232 110658 110850 111720 111834
LI (94):  175 176 179 182 188 189 197 198 200 201 207 213 219 221 223 230 231 232 239 241 244 85479 85857 87245 87260 87444 87447 88123 89360 89363 89531 90839 91622 93054 93058 93061 93728 94046 94287 94484 95007 95010 95011 95283 95286 95474 95694 95696 95705 95817 96660 96673 96674 96947 99322 99368 99370 99372 99820 99834 100264 100661 100662 100978 101006 103398 105206 106029 106288 106292 106792 106795 106796 107882 108264 108716 108719 108728 108737 109249 109250 109252 109636 109641 109645 109779 110135 110143 110148 110156 110231 110841 110846 111717
NODE_NUM = 200
FILE hyp_sub_568.aig

# Subcircuit 569
SUB_ID 569
LO (67):  85545 85554 85556 85567 85569 85580 85587 85928 85931 85944 86652 86908 86913 86917 87376 87581 87724 87809 88503 89072 89662 89852 90011 90016 90066 90205 91733 92674 95673 97756 99325 99352 100252 104024 105373 105376 106002 106004 108369 109199 109208 109212 109752 109935 110240 110354 110355 110718 110722 111624 111662 111680 111684 112246 112303 112305 112418 113343 114182 120942 121168 121560 121624 122105 122723 122725 124786
LI (83):  164 168 173 174 195 204 216 225 246 247 251 252 256 84576 85927 85930 85943 86645 86649 86650 86892 86893 86896 86907 87408 87571 87720 88385 88585 89070 89651 89652 89654 89656 89660 90006 91729 91732 92671 95003 97754 97825 99348 99350 104265 105374 106001 106003 108343 108344 108347 108356 108365 109191 109196 109205 109747 109749 110353 110661 110664 110665 110674 110681 110687 110714 111615 111619 111632 111640 111661 112300 112413 112416 112417 120170 121147 121148 121149 121156 121164 121615 121622
NODE_NUM = 198
FILE hyp_sub_569.aig

# Subcircuit 570
SUB_ID 570
LO (52):  85819 85824 85844 85846 85857 86117 86709 88087 88989 89767 90024 90148 91699 91700 93521 94343 94346 95071 95661 97098 97107 97458 98461 113387 113821 117574 117576 120635 120637 120887 120979 120985 121122 121294 121485 121565 121630 121632 121741 121765 121839 121906 121978 122156 122160 122468 123448 123703 123707 123721 123753 123759
LI (71):  166 176 177 184 185 228 232 235 243 254 86116 88988 90023 91375 93516 93519 93520 95067 95068 97085 97086 97089 97097 97452 97456 119710 120542 120546 120547 120555 120564 120570 120634 120846 120866 120886 120967 120968 120970 120973 120977 121112 121113 121114 121116 121120 121265 121281 121286 121292 121629 121745 121751 121756 121763 121832 121837 122153 122428 122434 122438 122449 122453 122458 122466 123125 123130 123155 123428 123443 123447
NODE_NUM = 199
FILE hyp_sub_570.aig

# Subcircuit 571
SUB_ID 571
LO (56):  85902 85905 85910 85912 86501 86508 86907 87031 87825 90565 92256 93054 95827 95868 96367 96370 96713 97097 97473 97579 97590 97840 98503 98510 98816 99186 99263 99396 99689 104030 104485 104756 105318 105499 105617 106280 107212 110267 110973 110977 111065 111199 111723 111902 112000 112758 112775 115578 115580 116084 116767 116770 116921 117820 117826 125543
LI (84):  163 165 192 203 216 227 254 256 85585 86505 86506 86900 86904 86905 89588 91281 94094 95066 95823 95826 96360 96363 96712 97095 97247 97573 97574 97576 97821 97823 97826 97827 97834 97838 98491 98494 98502 99262 104023 104025 104027 104467 104469 104471 104481 104745 104748 104752 105492 105498 106268 106275 110254 110255 110259 110260 110262 110265 110970 111029 111032 111058 111061 111186 111187 111191 111192 111194 111197 111967 111970 111996 115185 115474 115577 116053 116069 116071 116074 116078 116082 116755 116764 117815
NODE_NUM = 200
FILE hyp_sub_571.aig

# Subcircuit 572
SUB_ID 572
LO (62):  85927 85930 85935 85937 85939 85943 85947 86233 86442 86452 86702 86703 86893 86896 87122 87535 87716 87747 87749 88391 88393 88581 88882 89061 89064 120508 120542 120570 120846 121147 121265 121292 121745 121994 122373 122769 122883 123048 123084 123411 123428 123452 123457 123480 123558 123668 123672 123689 123733 123737 123784 123808 123904 123919 124012 124020 124028 124035 124043 124292 124514 124661
LI (84):  166 167 169 170 173 174 245 248 249 250 251 253 86225 86232 86441 86451 86892 86894 87534 87714 87746 88385 88388 88389 88392 89059 89062 89063 119695 120507 120511 120512 120516 120541 121146 121253 121258 121264 121383 121992 122369 122371 122554 122618 122706 122710 122711 122741 122750 122754 122758 122762 122767 122848 122858 122861 122869 122873 122876 122882 123020 123165 123170 123176 123248 123298 123307 123309 123312 123322 123328 123349 123408 123414 123426 123464 123467 123473 123478 123555 123782 124021 124026 124511
NODE_NUM = 200
FILE hyp_sub_572.aig

# Subcircuit 573
SUB_ID 573
LO (76):  85965 85973 86116 86119 86123 86197 86225 86227 86229 86232 86241 86281 86553 86632 86710 86828 86874 89588 89885 89886 91159 91242 91269 91361 91487 91822 92040 93042 93044 93737 94475 94747 94991 95238 95276 95694 95696 95705 95989 95991 96213 96673 97190 97213 97288 99826 101580 101604 101810 102554 102677 102851 103153 103156 103757 104002 105800 106141 106344 107364 107868 111492 112099 112412 112978 113539 114149 115850 116112 116115 116465 116885 117744 118184 121991 122371
LI (77):  168 171 172 182 183 193 205 206 213 214 226 234 235 236 246 247 249 86024 86182 86186 86189 86195 86240 86280 86552 88986 89884 90054 91143 91145 91147 91157 91235 91237 91239 91267 92038 93038 93041 94015 94735 94737 94740 94745 94989 95217 95218 95221 95223 95234 95693 96188 96198 96207 96672 97210 100919 101529 101541 101549 101579 101804 101807 102545 102550 103152 106139 107363 111382 112094 112095 112971 112976 113526 113537 116114 116884
NODE_NUM = 200
FILE hyp_sub_573.aig

# Subcircuit 574
SUB_ID 574
LO (83):  86240 86251 86272 86280 86282 86286 86296 86300 86376 86441 86604 86667 86668 86984 87221 87327 90023 90025 90787 91265 91266 91277 91692 91693 91706 91798 92259 92575 92590 93061 93537 93564 93728 94120 94332 94716 95871 97786 97856 97859 98374 98377 98629 99368 99647 99648 99672 100581 104275 104882 104891 105086 105158 105389 105679 108728 109263 109266 109636 109641 109743 109746 109747 109749 109902 110329 110803 111293 115190 115491 116160 116603 117145 117164 117264 117300 117795 118512 118704 120968 120970 121114 121853
LI (81):  165 175 176 177 178 191 192 193 204 213 225 227 239 241 242 243 252 85774 86365 86367 86369 86372 86375 86666 86983 90561 90784 90785 91267 91274 92573 92588 93056 93059 93060 93533 93534 93563 94116 95498 97633 97780 97785 98367 98370 98624 98627 99367 99641 99642 99643 99664 99669 104253 104255 104258 104263 104265 104271 104875 104879 108674 108723 108725 109631 109748 111292 115602 116542 116545 116546 116553 116557 116566 116569 116599 117155 117160 117786 117791 118509
NODE_NUM = 200
FILE hyp_sub_574.aig

# Subcircuit 575
SUB_ID 575
LO (34):  86444 86446 86451 87732 88493 106775 107623 107820 108438 108530 109276 109538 110198 126107 126109 126533 126813 126814 126816 127232 127239 127243 127248 127281 127292 127296 127520 127524 127551 127554 127560 136773 138818 139731
LI (62):  162 166 209 252 255 86450 86645 87727 87729 106373 106753 106763 106771 107614 107619 108512 108513 108516 108526 109525 109536 125581 126035 126037 126039 126040 126045 126074 126100 126106 126233 126426 126431 126435 126449 126453 126493 126499 126503 126508 126512 126516 126521 126525 126528 126698 126784 126788 126792 126796 126801 126805 126819 126826 126952 126960 126964 126968 126972 126979 127061 127224
NODE_NUM = 195
FILE hyp_sub_575.aig

# Subcircuit 576
SUB_ID 576
LO (41):  86450 86494 86496 86505 86904 90378 90387 90588 91005 93115 93740 97085 97573 97826 97954 98401 98491 98494 99262 122281 122741 123045 123248 123322 123408 123414 123571 124014 124244 124344 124511 124657 124665 124917 124924 125272 125278 125486 125740 125744 125749
LI (69):  163 165 174 228 244 253 255 86504 86902 89652 90371 90372 90373 90868 92271 92779 95735 97572 97825 97950 97951 97953 98493 99260 122284 122722 122723 122727 122737 123034 123036 123039 123043 123198 123210 123215 123245 123316 123319 123320 123402 123406 123776 123795 123799 123808 123832 123836 123921 124006 124012 124235 124240 124329 124331 124342 124392 124483 124492 124496 124509 124825 124895 124901 124906 124913 125260 125267 125271
NODE_NUM = 200
FILE hyp_sub_576.aig

# Subcircuit 577
SUB_ID 577
LO (29):  86504 86506 86902 126426 126512 126698 126784 126788 126792 126819 126826 126952 126968 126972 127224 127241 127260 127263 127267 127270 127276 127287 127301 127413 127480 127484 127538 127808 127875
LI (55):  162 164 254 256 125543 125561 126238 126263 126268 126273 126277 126306 126314 126319 126330 126358 126359 126360 126369 126378 126385 126404 126409 126417 126421 126425 126538 126543 126556 126610 126612 126678 126683 126691 126695 126703 126712 126717 126721 126726 126769 126779 126783 126830 126861 126892 126898 126909 126941 127193 127204 127207 127222 127232 127239
NODE_NUM = 199
FILE hyp_sub_577.aig

# Subcircuit 578
SUB_ID 578
LO (57):  86547 86552 86562 86642 86645 90110 90394 90658 90731 90756 90991 91138 91143 91590 91592 92578 99372 100411 100974 101149 101297 101902 101915 101920 102229 103062 103219 103805 105186 106224 108277 109050 109089 109333 109363 109738 110106 110148 110617 110618 110661 111478 111518 111527 111928 112152 112610 112631 112714 113030 113131 113176 113194 113537 116074 124203 124992
LI (74):  161 170 172 194 200 217 223 245 247 253 89638 89656 90084 90087 90089 90090 90091 90094 90106 90392 90734 90743 90752 91585 100391 100393 100396 100407 100967 100971 100972 101204 101289 101295 101892 101894 101900 101914 103196 103215 105180 105184 107781 108272 108274 109035 109044 109049 109307 109322 109323 109325 109330 109730 109732 110616 110668 111470 111471 111472 111476 111508 111517 112129 112130 112140 112148 112573 112578 112587 112609 113159 113167 113173
NODE_NUM = 200
FILE hyp_sub_578.aig

# Subcircuit 579
SUB_ID 579
LO (28):  86649 87431 88266 126898 127568 127892 127893 128164 128165 128391 128392 128634 128884 128885 129140 129141 129526 129527 136755 136764 138847 138857 138867 138877 138886 138896 138906 138915
LI (47):  161 164 253 256 87424 87428 87429 126663 126893 127307 127434 127485 127489 127498 127504 127507 127513 127520 127524 127545 127551 127554 127560 127563 127813 127819 127847 127856 127862 127871 127875 127880 127884 128145 128152 128223 128225 128368 128374 128627 128629 128864 128872 128881 129131 129133 129525
NODE_NUM = 190
FILE hyp_sub_579.aig

# Subcircuit 580
SUB_ID 580
LO (68):  86650 86654 86658 86666 86672 86676 86681 86692 86817 87129 87253 87381 87454 87498 87585 87642 87892 88122 89877 89880 90839 92799 94090 94334 94828 95000 95497 96021 96188 96600 96639 96642 97677 97870 97939 97977 98310 98315 98483 99872 102857 106001 106889 107591 107692 108416 108441 108667 109387 112185 112407 113122 113903 113955 114565 116983 116984 117725 117873 118004 118089 118092 118519 118699 118857 119466 119599 120367
LI (83):  173 179 180 189 190 193 198 203 213 218 224 227 228 236 238 244 86790 86792 86795 86801 86804 86810 86813 87128 87252 87453 87584 88121 92928 94083 94085 94086 94826 95285 95487 95488 95491 95495 96638 97664 97869 98305 98306 106137 106869 106870 106874 106885 107669 107673 107686 107690 108407 108412 111292 112404 112406 113096 113097 113100 113110 113118 113881 113899 116105 117724 117863 117864 117865 117867 117871 118050 118056 118060 118080 118086 118518 118714 118739 118745 118853 119457 119461
NODE_NUM = 195
FILE hyp_sub_580.aig

# Subcircuit 581
SUB_ID 581
LO (55):  86876 86892 86894 86900 86905 87571 87727 88407 88599 88932 89104 89114 89371 89651 89660 90006 90218 93523 94153 94347 94708 95217 95966 96198 96509 96995 97707 97710 119319 119783 120432 120939 120949 121112 121120 121552 121832 121837 122071 122359 122848 122869 122876 122918 123080 123464 123467 123473 126273 126610 126612 127007 127076 127363 127529
LI (82):  161 162 165 181 235 250 251 253 255 87429 87570 87729 88403 88405 88593 88595 89096 89097 89100 89101 89638 89641 89642 89650 93030 93516 93521 94148 94149 94151 94346 94721 95210 95212 95213 95994 96504 96507 96979 96984 96993 97704 119029 119777 119779 119780 120185 120588 120929 120932 120933 120936 121101 121104 121111 121538 121550 121831 122003 122005 122291 122298 122301 122330 122355 122810 122812 122825 122847 122887 122904 122917 123463 126271 126284 126558 126561 126570 126580 126609 126996 127005
NODE_NUM = 199
FILE hyp_sub_581.aig

# Subcircuit 582
SUB_ID 582
LO (58):  86911 86983 86993 86994 87079 87299 87399 87409 89531 90422 90614 90854 91381 92229 94094 94571 94573 95057 95061 95538 95540 96489 96638 96913 97758 100507 101140 101145 111798 112082 112261 112380 115444 115447 116120 116121 116123 116476 117141 117766 117767 117786 119027 119308 119576 119748 119927 120055 120094 120098 120151 120461 120465 120634 120837 121196 121227 121264
LI (78):  168 169 178 186 187 229 230 231 238 247 248 86298 87408 88143 90379 90419 90420 91272 91373 91376 91377 91378 91380 94570 95526 95527 95529 95537 96488 96637 96910 97757 100500 100504 100505 101135 111787 111789 111791 111796 115442 115446 116470 116472 116474 117082 117094 117117 117137 117763 118554 118557 119023 119025 119289 119292 119294 119304 119552 119556 119565 119574 119709 119711 119712 119714 119718 119741 119744 120093 120398 120435 120439 120451 120456 120460 120597 120630
NODE_NUM = 199
FILE hyp_sub_582.aig

# Subcircuit 583
SUB_ID 583
LO (60):  87085 87098 92474 93023 124483 124895 125487 125698 125711 125731 125917 126233 126521 126525 126528 136777 136779 136784 136786 136789 136791 136793 136795 136797 136799 136801 136803 136805 136807 136809 136811 136813 136815 136818 136820 136823 136825 136828 136830 136832 136834 136838 136840 136842 136844 136846 136848 136850 136854 136857 136859 136861 136863 136867 136870 138437 138562 138782 138812 139854
LI (117):  160 173 243 256 93022 109993 110464 110465 110890 110891 111361 111362 111870 111871 112685 112686 112817 113248 113249 113682 113683 114112 114113 114560 114561 114953 114954 115380 115381 115790 115791 116258 116259 116651 116652 117207 117208 117352 117353 117947 117948 118132 118133 118504 118887 118888 119438 119618 119619 120003 120384 120385 120762 120763 121221 121222 121531 121532 121804 121805 122148 122149 122494 122495 123120 123121 123710 123711 123716 123717 123767 123768 124060 124061 124203 124367 124368 124425 124427 124430 124439 124446 124479 124682 124863 124870 124875 124884 124934 124935 125281 125452 125466 125471 125486 125693 125752 125753 125789 125907 125909 125915 125936 125937 125939 126211 126218 126222 126227 136775 136782 136787 136816 136821 136826 136855 136868
NODE_NUM = 200
FILE hyp_sub_583.aig

# Subcircuit 584
SUB_ID 584
LO (81):  87102 87119 87128 87134 87176 87180 87245 87252 87260 87534 88106 88114 88634 89091 89096 89752 89884 90087 91157 91343 91620 92430 92454 92456 92526 92930 92951 93110 93267 93295 93482 93599 93768 94133 95474 95487 95495 96628 97101 97120 97182 97265 97467 98029 98059 98347 98394 98397 99170 99172 100138 100487 100635 101936 105811 106029 106030 107774 108272 108317 108675 108957 109325 109450 109555 110407 110408 110664 111522 112188 112408 115021 115854 118155 118156 118214 118550 118551 118774 118840 119485
LI (84):  171 172 177 185 192 195 199 217 220 223 231 237 244 245 87173 87175 87969 88633 89090 89095 89750 90080 90083 90084 91615 91618 91758 92131 92428 92455 92927 92928 92931 92933 92938 92942 92947 93109 93294 94131 95473 95476 95486 96617 96625 97114 97466 97605 97659 98054 98057 98341 98344 98388 98392 99169 99498 100113 100116 100126 100134 105242 107236 107297 108316 108665 108674 108948 108951 108955 109548 109549 110219 110353 110402 117724 117727 118160 118168 118175 118207 118212 118765 118772
NODE_NUM = 194
FILE hyp_sub_584.aig

# Subcircuit 585
SUB_ID 585
LO (69):  87383 87389 87401 87408 87420 87424 87942 88370 89088 89599 89898 90055 90868 91285 91341 91647 91739 92694 93041 93516 94047 94049 97160 97406 100477 100954 101598 102153 102156 102581 103024 103027 112402 113400 113485 113503 114051 115623 115641 115848 116101 116105 116199 116342 116458 116474 116705 116784 117054 119020 119046 119294 119630 119635 119690 120093 120932 121691 121734 121996 122001 122212 122222 122224 122249 122434 122750 124430 126561
LI (89):  159 167 174 180 187 189 226 228 235 241 247 254 87941 88365 88366 88368 89897 90054 90737 91272 91283 91336 91338 91641 91644 91645 93040 94045 94046 96549 97155 97156 100459 100476 100947 100952 101591 101594 101595 102146 102151 102571 102573 102575 103021 112400 112866 113469 113477 113478 113482 115187 115578 115580 115586 115593 115622 115843 115846 116098 116193 116197 116334 116340 116457 116702 118976 118977 118980 118991 119019 119625 119681 119686 120930 120931 121688 121690 121694 121704 121712 121721 121725 121732 122000 122221 122239 122241 122246
NODE_NUM = 200
FILE hyp_sub_585.aig

# Subcircuit 586
SUB_ID 586
LO (23):  87428 88365 128145 128627 128629 128864 128881 129065 129072 129080 129098 129107 129121 129126 129130 129149 129299 129378 129406 129496 129514 129518 129531
LI (53):  159 161 254 256 88364 104224 127961 127968 127969 127979 127983 127991 127995 128000 128004 128091 128124 128130 128134 128139 128143 128442 128447 128449 128458 128459 128470 128475 128480 128485 128494 128544 128545 128549 128562 128568 128590 128594 128609 128617 128732 128743 128837 128838 128853 128862 128889 128894 128943 128954 128957 128965 129061
NODE_NUM = 195
FILE hyp_sub_586.aig

# Subcircuit 587
SUB_ID 587
LO (57):  87429 87437 87444 87447 87525 87536 87754 87755 88987 89652 90083 93562 94232 97514 97628 97632 97844 98604 98621 99680 101062 101789 102146 105555 105583 106501 106505 106670 106673 109754 112509 113336 113444 113477 113482 113809 114124 116454 117082 117155 119699 120172 121900 122290 122554 122618 122754 122758 122904 123155 123176 123426 123555 123726 123742 124026 124573
LI (71):  163 169 176 177 191 200 214 223 238 246 252 87254 87753 88986 90082 91302 97513 97624 97627 97629 97843 98616 98617 98620 101057 101060 105530 105539 105542 105543 105552 106496 106669 112497 112498 112501 112507 113286 113291 113335 113473 116070 116435 116437 116439 116450 121843 121850 121851 121852 121854 121866 121896 122285 122288 122517 122538 122547 122553 122584 122588 122597 122602 122617 122898 122902 123135 123142 123148 123493 123551
NODE_NUM = 199
FILE hyp_sub_587.aig

# Subcircuit 588
SUB_ID 588
LO (58):  87545 87546 87551 87553 87570 89641 94735 94745 95653 95826 95994 96000 96301 96504 96507 96984 97078 97390 97777 97914 98015 98045 98114 98176 98355 98677 99169 104023 104752 108365 109180 109730 109732 110339 110932 111445 111809 119036 119776 120223 120256 120597 120793 120931 121039 121286 121475 121477 121490 121688 121725 121763 122181 122275 122779 122783 122790 127142
LI (78):  160 164 181 184 208 231 234 250 255 89097 94562 94722 94725 94734 95213 95825 95997 95998 96291 96299 96503 96506 96551 96981 97033 97072 97073 97075 97388 97645 97768 97769 97774 97912 98002 98012 98350 98351 98353 104022 104751 107754 108361 108362 109170 109173 109729 109870 110337 110919 110930 119787 120196 120212 120215 120216 120220 120587 120589 120591 120595 120772 120781 120786 121000 121008 121030 121035 121470 121677 121679 121682 121686 122172 122175 122249 122271 122776
NODE_NUM = 198
FILE hyp_sub_588.aig

# Subcircuit 589
SUB_ID 589
LO (55):  87701 87704 87712 87714 87729 87742 88388 88595 89070 89642 90094 90268 90280 90743 91585 94562 94568 95210 95355 95358 120547 120967 120977 121451 121820 122197 122221 122706 123017 123072 123076 123170 123349 123551 123577 123776 124006 124235 124240 124342 124644 124646 126892 127193 127326 127378 127383 127409 127504 127532 127594 127617 127677 127765 127819
LI (74):  159 163 165 178 179 235 248 249 251 255 88387 90099 90102 90279 90737 90739 94149 94561 94566 95209 95349 95353 120954 120955 120958 120966 121432 121434 121436 121447 122277 122634 122636 122639 122644 122671 122702 122920 122922 122932 122940 122967 122994 123016 123334 123347 123502 123510 123530 123547 123997 124002 124226 124233 124641 126284 126872 126873 126880 126888 127102 127130 127139 127141 127142 127144 127154 127185 127191 127315 127320 127325 127377 127382
NODE_NUM = 198
FILE hyp_sub_589.aig

# Subcircuit 590
SUB_ID 590
LO (37):  87746 87753 87939 87941 88647 94570 95011 95234 96207 96582 96866 101866 103096 113401 119831 120145 120391 120838 121045 121060 121647 124825 125009 125260 125452 125684 125735 125789 125907 125909 125915 125924 125928 125948 126238 126421 126516
LI (63):  158 173 174 188 226 240 256 88646 94980 95227 95228 95232 95832 96206 96581 96863 100946 101861 101864 119820 119823 119824 119829 120111 120120 120124 120141 120837 121052 121058 124452 124709 124739 124741 124742 124753 124764 124794 124800 124804 124810 124813 124823 125004 125006 125157 125165 125173 125193 125213 125221 125224 125229 125245 125249 125258 125443 125450 125759 125762 125777 125904 126237
NODE_NUM = 200
FILE hyp_sub_590.aig

# Subcircuit 591
SUB_ID 591
LO (72):  87943 87947 87955 87958 87969 87970 87971 87978 88095 88155 88543 88633 91622 91628 92135 92402 92419 92509 92869 92933 93108 93294 93348 93502 93528 93809 97031 97037 97452 97671 97821 97838 97884 97911 98481 98648 98673 98803 99272 99467 99641 100126 100393 100721 101670 102955 103361 103362 103993 104109 104207 104467 105110 105172 105374 105666 105796 109322 109330 109759 109778 109787 110135 110226 110509 110522 110527 110832 110950 111137 111140 114495
LI (81):  172 173 185 195 196 198 205 208 216 218 219 229 241 87453 88154 88540 91332 91364 91626 91654 92121 92131 92132 92133 92458 92861 92867 93107 93347 96028 96664 97035 97665 97668 97780 97806 97809 97810 97820 97889 98642 98645 98672 98796 98801 100121 100123 100392 100714 100719 101768 103360 103992 104108 104183 104184 104187 104195 104203 104461 104464 104465 105103 105108 108321 109222 109314 109316 109318 109754 109767 109768 109777 110128 110133 110220 110223 110492 110496 110506 111132
NODE_NUM = 199
FILE hyp_sub_591.aig

# Subcircuit 592
SUB_ID 592
LO (37):  88053 88055 88058 88650 89039 90237 110714 111441 111573 111661 112289 112369 112609 112856 112911 112925 118624 119161 119210 119304 119922 119967 120456 120476 128545 128837 128838 129300 129401 129500 129504 129536 129647 129652 129930 129939 130081
LI (62):  158 160 189 207 254 255 88648 89033 89036 89037 100491 106807 110371 110694 110696 110697 110710 111417 111420 111428 111437 111651 111659 112280 112285 112593 112607 112855 118612 118614 118616 118618 118622 119104 119109 119138 119157 119298 119301 119950 119954 119965 128757 128759 128762 128769 128780 128782 128814 128836 129150 129175 129201 129224 129247 129257 129281 129295 129299 129387 129392 129400
NODE_NUM = 196
FILE hyp_sub_592.aig

# Subcircuit 593
SUB_ID 593
LO (87):  88081 88099 88108 88110 88117 88121 88123 88143 88147 88638 88642 88671 88672 88675 89077 89108 89889 90371 90688 91651 91654 91655 91758 92141 92265 92267 92645 92648 92861 92867 93520 94092 94368 94374 94530 95067 95068 95077 95392 95526 96581 96863 97222 97366 97372 97603 98057 98300 98341 98344 98392 98967 99477 107255 109663 109748 110793 111294 111476 112578 112866 112867 113090 113100 113553 113861 113899 114241 115019 115173 115178 115446 115582 115583 115966 116886 119695 119709 119718 120141 120196 120291 120698 120716 120795 120991 121327
LI (85):  170 171 174 175 183 186 191 192 194 219 221 222 227 229 234 238 242 243 84227 89076 89583 89625 90366 90367 91641 91650 92137 92263 92638 92639 92640 92642 92856 92928 94084 94353 94355 94357 94359 94365 95066 95525 95832 96569 96578 96862 97132 97359 97360 97362 98053 98287 98298 98340 98342 98391 111470 111474 112085 112440 112575 113079 113080 113088 113891 113895 114440 114499 115179 115442 119282 119284 119696 119699 119708 120129 120138 120171 120172 120174 120183 120192 120681 120690 120695
NODE_NUM = 196
FILE hyp_sub_593.aig

# Subcircuit 594
SUB_ID 594
LO (48):  88154 88364 88366 88368 88900 88910 89033 89036 89650 89947 109243 109834 109847 110095 110492 110650 111132 111275 111304 111887 112019 112148 112560 113159 113564 113623 114382 114695 118294 118739 118765 119398 119457 119461 119490 119586 119978 120069 120079 120082 129061 129392 129470 129479 129484 129488 129538 129868
LI (74):  157 160 204 209 253 254 256 88646 88899 88909 89035 89646 89647 104229 108508 109237 109241 109827 109828 109831 110079 110083 110093 110481 110490 111228 111230 111232 111243 111274 111419 112009 112017 112142 112144 112883 113145 113148 113157 113561 113563 114366 114380 118269 118273 118274 118283 118290 118724 118726 118731 118737 118756 118759 119381 119387 119390 119396 119445 119452 119456 119478 119485 119489 128992 129009 129011 129013 129015 129024 129053 129059 129467 129474
NODE_NUM = 198
FILE hyp_sub_594.aig

# Subcircuit 595
SUB_ID 595
LO (44):  88377 88385 88387 88389 88591 89358 102397 102946 103885 104054 104903 110762 111228 111555 111558 111787 111796 111951 112039 112440 112451 112620 112623 113291 113335 113594 114038 114061 114064 114117 114328 114705 125443 125633 125794 125814 125837 125841 125870 125877 125898 126148 126173 126194
LI (74):  164 165 166 197 201 216 247 249 88585 88586 88587 88589 101881 102388 102928 102931 102942 103874 103883 110749 110751 110753 110754 110755 110760 111222 111225 111382 111547 111548 111777 111779 111782 111783 112036 112439 112442 112444 112445 112449 112614 113299 113311 113315 113331 113581 113583 113585 113586 113592 113796 114058 114319 114321 125285 125293 125296 125304 125331 125353 125407 125409 125415 125419 125428 125435 125543 125546 125548 125558 125568 125600 125629 125793
NODE_NUM = 200
FILE hyp_sub_595.aig

# Subcircuit 596
SUB_ID 596
LO (50):  88392 88396 88403 88405 90080 91633 112130 114208 114237 114858 114866 115208 115314 115433 115618 124794 125020 125076 125229 125304 125407 125409 125525 125600 125639 125705 125904 126021 126211 126330 126409 126417 126425 126431 126499 126503 126508 126543 126683 126691 126695 126703 126779 126783 126796 126805 127078 127080 127081 127464
LI (72):  161 163 168 169 195 244 245 250 252 113990 114180 114183 114187 114195 114203 114850 114852 114853 114855 124196 124783 124787 124788 124792 124987 124989 124990 124992 125001 125009 125015 125019 125355 125358 125369 125377 125406 125495 125521 125580 125582 125585 125596 125842 125858 125862 125870 125877 125886 125890 125898 125902 125950 125953 126017 126126 126131 126150 126161 126164 126173 126182 126186 126194 126198 126202 126209 126329 126430 126540 126700 127079
NODE_NUM = 200
FILE hyp_sub_596.aig

# Subcircuit 597
SUB_ID 597
LO (73):  88585 88587 88589 88593 88608 88609 88646 89360 89363 89656 90084 90407 90807 91230 91756 92010 92174 92414 92638 92807 92942 93151 93389 93581 93874 94151 94566 94581 94740 95209 95212 95353 95997 96551 97814 99390 99403 100214 104237 105031 105199 105848 106048 106208 106943 107701 120285 120546 120707 120708 120786 120954 120973 121113 121116 121694 122010 122246 122584 122602 123034 123043 123135 123642 123957 124216 124329 124331 124823 126036 128026 128256 128497
LI (91):  156 162 164 165 166 178 179 233 234 246 248 249 254 88606 89359 89645 90099 90401 90405 90745 91228 91750 91751 91752 91754 92162 92164 92166 92172 92408 92411 92412 93037 93127 93131 93139 93147 94561 94565 94739 95211 95996 97623 99387 99389 100211 104229 104233 104236 105015 105018 105028 105187 105188 105192 105193 105197 106198 106206 106937 106941 119710 119712 120267 120269 120272 120281 120545 120588 120706 120970 121690 121693 121697 122004 122006 122243 122293 122572 122574 122583 123018 123022 123025 123033 123604 123606 123638 124319 124322 124328
NODE_NUM = 199
FILE hyp_sub_597.aig

# Subcircuit 598
SUB_ID 598
LO (55):  88648 88662 88667 88698 88902 88904 94123 94286 94296 95020 95825 96363 96488 100946 100947 102151 102598 103607 104328 104972 112735 113060 113331 113762 113895 114044 116472 119775 120120 120124 120325 120690 120695 120800 120929 121379 121963 122188 122438 122453 126678 126888 127061 127102 127191 127320 127545 127813 127871 128134 128152 128374 130113 130114 130525
LI (82):  156 157 169 185 206 227 243 255 256 89588 93990 94273 94276 94285 95823 96362 96487 99843 100950 102149 102592 102593 102596 103596 103605 104323 104327 107738 112729 112733 113042 113052 113058 113324 113325 119345 119763 119764 119770 119773 120117 120306 120307 120310 120311 120321 120689 120920 120922 120923 120927 121376 121377 121927 121930 121933 121934 121939 121959 126239 126646 126647 126648 126651 126661 126670 126676 126882 126883 126886 127054 127057 127076 127095 127539 127541 127742 127769 127799 127808 127812 130111
NODE_NUM = 200
FILE hyp_sub_598.aig

# Subcircuit 599
SUB_ID 599
LO (55):  88705 88709 88710 88711 88712 88884 88899 88909 93020 94484 94490 94998 95349 100438 100464 101211 101316 101324 101352 101355 101798 101800 101857 101864 102511 102545 102596 106729 107340 107686 107773 107801 108475 108835 114617 115083 115504 115941 116193 116197 116322 116423 116662 116702 117058 117068 118613 119259 120039 120044 124863 125070 125165 125450 128547
LI (75):  159 160 173 188 198 214 224 225 239 252 88908 91302 94044 94483 94487 94488 97825 99934 100414 100416 100426 100434 100463 100991 101200 101202 101205 101209 101304 101313 101346 101348 101593 101799 106286 106722 106728 107683 107726 107729 107736 107746 107772 114876 115062 115066 115067 115079 115441 115459 115462 115463 115466 115470 115500 115894 115904 115907 115937 116190 116287 116290 116294 116315 119232 119235 119236 119247 119255 124830 124832 124842 124850 124856 124859
NODE_NUM = 196
FILE hyp_sub_599.aig

# Subcircuit 600
SUB_ID 600
LO (49):  88908 88914 88973 88986 88988 88990 90054 91239 94044 94045 95010 97138 97463 97768 97769 118160 118626 118967 118991 119050 119478 119625 120075 123402 123406 123921 123997 124130 124226 124319 124322 124328 124392 124433 124439 124496 124509 124603 124605 124612 124709 124810 124813 124901 124906 124941 125006 125245 125249
LI (75):  159 172 173 176 177 234 235 240 253 88614 88972 91238 93612 95009 97132 97135 97136 97582 117724 118156 118159 118550 118914 118946 118966 118986 118987 119473 119474 123357 123373 123390 123392 123395 123397 123865 123871 123894 123900 123904 123909 123919 123928 123953 123970 123971 123972 123975 123979 123986 123995 124089 124097 124102 124126 124195 124210 124211 124215 124216 124220 124224 124307 124311 124314 124376 124379 124438 124583 124593 124596 124688 124698 124702 124829
NODE_NUM = 198
FILE hyp_sub_600.aig

# Subcircuit 601
SUB_ID 601
LO (59):  89003 89006 89010 89014 89016 89018 89035 89625 89646 89897 90856 91376 93605 95009 95232 96206 101555 102487 102496 102911 102958 103376 103735 104037 104295 104684 104875 105371 105403 105658 105830 106118 106121 106268 108951 109877 110296 110327 110496 110548 110906 110914 110970 111061 114900 115667 115747 116216 116266 116369 116397 116404 117072 123018 125377 125514 125516 125862 126239
LI (74):  158 168 171 172 200 210 211 239 240 243 253 89017 89645 91375 95227 95230 95231 101554 101959 102474 102477 102486 102904 102906 102908 103373 103728 103733 104129 104294 104873 105325 105327 105329 105340 105370 105647 105656 106117 109857 109858 109860 109873 110284 110286 110288 110290 110294 110306 110307 110311 110312 110314 110323 114858 114859 114861 114866 114871 114896 115658 115661 115683 115685 115692 115739 115745 116209 116212 116263 125371 125372 125374 125515
NODE_NUM = 197
FILE hyp_sub_601.aig

# Subcircuit 602
SUB_ID 602
LO (47):  89037 89046 89057 89565 94519 97610 97620 98902 102850 103989 104291 104292 104643 105028 105304 109083 109107 109109 109536 110056 110156 112416 117588 118447 119091 127742 127769 127847 127961 127995 128096 128124 128139 128143 128211 128216 128222 128238 128241 128356 128366 128417 128475 128480 128494 128617 128724
LI (76):  155 167 196 215 225 256 89564 91246 97597 97600 97609 102848 102870 103983 103985 104283 104285 104286 104288 104634 104636 104640 107262 108253 109061 109062 109069 109079 109098 109100 109104 109535 117584 117585 118433 118445 126036 126882 127603 127606 127608 127611 127620 127630 127669 127673 127677 127740 127750 127753 127754 127758 127762 127765 127841 127845 127915 127924 127929 127938 127942 127951 127956 127960 128067 128086 128094 128095 128100 128109 128115 128122 128186 128194 128199 128207
NODE_NUM = 195
FILE hyp_sub_602.aig

# Subcircuit 603
SUB_ID 603
LO (55):  89059 89062 89076 89090 89097 89519 89528 89613 89931 90208 91347 92086 92232 93171 98505 101002 101039 101914 102129 102193 103457 104670 104717 105409 105539 106669 113992 114838 115007 115500 116273 116527 116965 117556 117838 117847 117996 118014 118693 119247 119452 119785 119881 126039 126306 126558 126726 126769 127207 127297 127299 127563 127812 127880 127884
LI (80):  161 166 186 191 194 216 220 225 244 249 82319 89511 89513 89514 89516 89612 90207 91344 91345 97583 100385 100999 101000 101029 101033 101037 103447 103449 103450 103455 104705 104715 105532 105535 105536 113543 113987 113990 115488 115489 115493 115494 115498 116519 116524 116952 116961 117023 117842 117844 117970 117973 117995 118682 118691 119241 119243 119245 119784 125355 125619 126282 126285 126286 126293 126302 126557 126737 126739 126762 126765 127260 127263 127267 127270 127276 127281 127287 127292 127296
NODE_NUM = 199
FILE hyp_sub_603.aig

# Subcircuit 604
SUB_ID 604
LO (65):  89101 89105 89170 89173 89314 89359 89510 89514 89872 90264 90372 91636 92779 93025 93612 93749 95213 96525 96979 97116 97466 97654 98611 98733 99389 99458 99933 100211 100638 100811 116116 117579 118262 118804 118809 119025 119384 119784 119788 122671 123210 123215 123245 123309 123373 123604 123799 123865 123900 124002 124210 124220 124307 124314 124641 124688 124702 124957 125152 125221 125374 125727 126557 126872 127141
LI (82):  160 165 170 178 185 186 224 225 232 241 245 251 89026 89142 89163 89165 89167 89506 90068 93748 96519 96522 97114 97642 97644 97645 97648 97652 98600 98609 99385 99387 99905 99908 99909 99912 99929 100210 100810 118260 118796 118803 119023 119787 122638 122648 122650 122659 122667 123205 123225 123241 123356 123357 123359 123360 123369 123586 123588 123589 123591 123600 123862 124196 124199 124200 124209 124274 124282 124299 124305 124536 124545 124550 124554 124609 124637 124948 124955 125003 126871 127140
NODE_NUM = 197
FILE hyp_sub_604.aig

# Subcircuit 605
SUB_ID 605
LO (55):  89520 89535 89548 89553 89564 90419 90420 90595 91237 92038 98336 100456 101251 101965 101974 102020 102842 103215 103786 103792 103990 104271 105051 106874 110766 111156 111437 112023 112347 112365 112905 113431 114274 114409 114451 114647 114681 115235 115538 115546 115658 115661 115692 116287 116290 116361 117117 117494 117763 118231 118240 118321 118755 124961 126250
LI (76):  154 173 177 196 202 205 207 213 233 237 255 90594 91235 100450 100453 101158 101243 101248 101952 101954 101964 102840 103203 103213 103781 104263 104267 104270 105048 106872 110773 110775 111154 111267 111430 111436 112329 112331 112342 112346 113408 113412 113421 113427 113780 114399 114407 114445 114446 114449 114634 114637 114639 114640 114645 115219 115233 115520 115521 115525 115534 115652 115656 116286 117100 117101 117104 117107 117113 117478 117480 117492 118222 118224 118226 118227
NODE_NUM = 198
FILE hyp_sub_605.aig

# Subcircuit 606
SUB_ID 606
LO (22):  89568 131153 131154 131357 131358 131673 131674 131724 131725 131727 131927 131930 131936 131939 132063 132090 132095 132099 138993 139003 139013 139676
LI (46):  154 155 255 256 130778 130961 130965 130967 130969 131004 131010 131015 131019 131025 131029 131128 131134 131139 131143 131148 131152 131240 131262 131275 131278 131292 131321 131327 131336 131340 131343 131349 131365 131498 131500 131506 131598 131641 131650 131661 131678 131683 131688 131694 131697 131707
NODE_NUM = 185
FILE hyp_sub_606.aig

# Subcircuit 607
SUB_ID 607
LO (81):  89583 89592 89593 89601 89602 89610 89614 89619 89749 90261 91216 91375 92239 93038 93056 93109 93533 93534 93817 94014 94086 94704 94844 95525 95772 96569 96574 96910 97095 97273 97785 98012 98370 98388 98519 99949 99959 100434 100691 100694 100972 101248 101549 101892 101900 102571 102573 103152 105225 105226 106739 111748 112094 112404 113805 113816 113844 114227 114440 114441 114766 114818 115164 115187 115315 115333 115566 115577 116002 116097 116220 116418 117836 118561 118563 119157 119507 119840 120945 121146 123782
LI (81):  167 168 172 175 182 184 190 192 193 216 218 220 226 227 235 238 242 243 89748 90836 91211 91212 93037 93532 93634 93991 93992 94002 94010 94695 94697 94980 95735 96568 96572 97093 97633 97782 98009 98010 98369 99941 99944 99945 100429 100431 100690 101543 101547 101878 101879 101883 101891 102566 103151 104887 108321 112412 113788 113804 113806 113809 113813 114226 114439 114809 114812 115155 115160 115304 115305 115310 115314 115489 115556 115564 116001 118558 118560 119147 119155
NODE_NUM = 197
FILE hyp_sub_607.aig

# Subcircuit 608
SUB_ID 608
LO (42):  89628 89638 89645 89647 90739 91228 94483 94811 95230 125521 126017 126074 126182 126186 126263 126493 126556 126646 126676 126700 126712 126717 126721 126979 127222 129525 129703 129704 129706 129949 129953 129963 130095 130186 130282 130287 130300 130304 130319 130403 130567 138925
LI (70):  157 158 160 170 240 249 252 91226 94046 125003 125511 125514 125515 125516 125519 125995 126003 126011 126015 126049 126052 126061 126070 126181 126240 126242 126252 126259 126487 126491 126549 126552 126641 126711 129208 129300 129401 129406 129411 129421 129424 129429 129431 129433 129438 129444 129448 129490 129496 129500 129504 129508 129514 129518 129523 129694 129696 129764 129849 129856 129860 129864 129872 129888 129895 129905 129913 129920 129930 129939
NODE_NUM = 200
FILE hyp_sub_608.aig

# Subcircuit 609
SUB_ID 609
LO (53):  89654 89710 89748 89750 89755 90046 90059 90483 91102 91107 93652 94010 94168 94213 94285 94695 94697 95337 95342 103447 103455 104283 104715 105145 105945 107262 107278 107286 108147 109104 109535 109908 110490 110554 120507 120516 121030 121756 129201 129387 129411 129444 129467 129682 129730 129763 129856 129864 130073 130086 130090 130177 130295
LI (86):  153 163 191 217 218 247 256 89704 89706 89708 90039 90043 90044 90058 91101 93136 93630 93631 93640 93648 94005 94006 94008 94121 94279 94282 94283 94690 95332 102962 103420 103438 103440 103442 104279 104280 104711 105136 105138 107264 107268 107277 108144 109059 109100 109103 109880 109883 109884 109895 109904 110489 120241 120490 120492 120493 120506 121014 121028 128798 129190 129194 129195 129199 129302 129303 129305 129314 129322 129352 129372 129378 129385 129410 129453 129465 129534 129645 129650 129655 129659 129662 129668 129672 129676 129680
NODE_NUM = 199
FILE hyp_sub_609.aig

# Subcircuit 610
SUB_ID 610
LO (90):  89759 89764 89780 89784 89788 89790 89893 89894 89895 90033 90039 90395 90548 90562 90821 90841 91015 91609 92464 93167 93527 93663 93664 94002 94034 94861 95257 96660 97611 98019 99089 99093 99423 99736 100237 101088 101091 101166 102408 102935 103353 103556 103563 104004 104547 104577 104634 104636 104652 105193 105600 105656 106845 106849 107330 107811 110668 110674 110775 111408 111430 111474 111508 111517 111615 111619 111996 112095 112109 112258 112346 112573 112711 113004 113427 113742 114417 115185 115192 115632 115637 116098 117279 118215 118648 119758 120909 121876 128316 128318
LI (77):  152 167 168 187 189 194 197 198 200 208 211 212 214 215 220 222 240 241 255 89516 90547 90561 91014 93155 93526 93996 93999 94000 94033 99087 99092 99416 99418 99420 100226 100229 100233 101087 101926 102406 102855 103351 103551 103998 104002 104516 104524 104526 104529 104530 104542 104629 106843 106848 110288 110670 110671 111383 111384 111387 111396 111404 111514 111515 111598 111602 111611 111989 111994 113003 113423 113424 114491 115189 115190 115627 116097
NODE_NUM = 200
FILE hyp_sub_610.aig

# Subcircuit 611
SUB_ID 611
LO (23):  90043 91615 131944 131945 132107 132288 132289 132468 132737 132738 132740 132751 132756 132762 132767 133160 136716 136721 139022 139032 139042 139051 139652
LI (46):  152 153 255 256 91614 131383 131727 131749 131777 131779 131791 131798 131831 131837 131891 131896 131900 131921 131927 131930 131936 131939 132064 132075 132082 132086 132090 132095 132099 132113 132122 132127 132180 132190 132265 132274 132419 132423 132434 132443 132447 132451 132718 132723 132744 132747
NODE_NUM = 197
FILE hyp_sub_611.aig

# Subcircuit 612
SUB_ID 612
LO (48):  90044 90058 90068 90070 91008 91211 94771 95631 95634 104751 107312 107990 108114 108121 108255 108583 108585 109035 109391 116439 117048 117462 117542 120630 121014 121258 128798 128814 129175 129645 129650 129672 129676 130098 130099 130312 130313 130584 130585 130720 130721 130937 136735 138944 138953 138963 138973 138983
LI (66):  154 164 190 217 244 254 90069 91007 91210 94457 94767 94768 94770 95625 104027 104153 105319 106759 107306 107310 108120 108252 108253 108547 108549 108561 108582 117028 117029 117032 117033 117044 120603 120607 120618 120626 128511 128795 128797 128799 128810 129154 129164 129169 129539 129627 129636 129640 129644 129647 129959 129963 130066 130073 130081 130086 130090 130095 130305 130309 130568 130572 130579 130711 130713 130936
NODE_NUM = 193
FILE hyp_sub_612.aig

# Subcircuit 613
SUB_ID 613
LO (42):  90069 90082 90089 90090 90091 90392 90734 91336 92571 99348 101348 120192 120555 120886 121064 121104 121751 127434 127740 127841 127845 127862 127915 127938 127942 127951 127979 128086 128115 128223 128225 128368 128442 128609 128639 128722 128727 128736 128853 128872 129067 129111
LI (63):  160 161 162 183 225 245 247 248 90733 91335 97572 100459 101823 120187 120189 120551 120552 120874 120883 126902 127078 127326 127352 127360 127365 127373 127383 127385 127386 127399 127409 127413 127430 127682 127708 127728 127732 127738 127828 127836 127840 127906 127909 127976 127978 128075 128085 128211 128216 128222 128238 128241 128296 128298 128343 128356 128366 128401 128413 128417 128438 128715 128718
NODE_NUM = 198
FILE hyp_sub_613.aig

# Subcircuit 614
SUB_ID 614
LO (26):  90099 90102 90106 90279 90752 91080 91226 91751 91813 129431 129627 130066 130305 130309 130568 130572 130579 130711 130713 130936 131134 131143 131148 131152 131343 131349
LI (51):  156 157 158 250 251 252 90103 90278 90745 90747 90750 91750 129037 129551 129552 129553 129560 129565 129595 129623 129989 130019 130047 130060 130108 130116 130124 130147 130167 130173 130177 130180 130186 130289 130295 130300 130304 130410 130520 130536 130541 130567 130598 130605 130609 130695 130706 130827 130905 130912 130920
NODE_NUM = 195
FILE hyp_sub_614.aig

# Subcircuit 615
SUB_ID 615
LO (81):  90207 90275 90278 90367 90373 90379 90401 90860 91281 91378 91752 92137 92553 92556 92778 93075 93131 93570 93990 93991 93992 94062 95975 96291 96487 97114 97645 98685 98693 99729 99732 103985 104285 104640 120170 120171 120511 121851 121852 123588 124196 124199 124215 124583 124859 124884 125051 125369 125371 125372 125511 125519 125858 125995 126015 126052 126240 126329 126549 126886 127140 127154 127382 127603 127620 127673 127968 128004 128085 128194 128544 128568 128797 128889 128992 129059 129448 129849 130156 130189 130214
LI (87):  155 159 164 167 169 170 175 226 233 239 244 245 250 253 91359 92546 92547 92548 92551 93042 93130 93354 94061 95735 95970 95973 97597 98689 98692 99723 99725 104284 104639 119284 120510 120968 123020 124198 124213 124572 124573 124575 124576 124577 124581 124829 125363 125366 125497 125500 125501 125510 125850 125855 125978 125987 125992 126051 126239 127149 127151 127378 127379 127381 127586 127594 127599 127614 127617 127618 127963 128498 128500 128509 128517 128543 128796 128978 128981 128991 129597 129819 129821 129824 129833 129841 129847
NODE_NUM = 200
FILE hyp_sub_615.aig

# Subcircuit 616
SUB_ID 616
LO (46):  90405 90547 90556 94980 104861 104864 105000 105530 105647 105859 106175 106487 106587 106763 107073 107197 107435 107646 107946 108407 111005 111274 111436 111570 111640 111932 111967 111970 117525 118021 118041 118080 118724 118737 120961 121243 130520 130827 130905 131019 131240 131292 131327 131336 131340 131707
LI (76):  155 156 187 196 211 221 253 254 89505 93354 104852 104858 104859 104860 104998 105503 105506 105509 105517 105526 105646 106158 106160 106165 106171 106570 106573 106585 106722 106756 106760 106761 107190 107195 107637 107640 110983 110984 110993 111001 111261 111262 111265 111267 111272 111432 111435 111961 117514 117515 117519 117523 118020 118065 118078 118723 130118 130456 130470 130472 130474 130479 130509 130514 130518 130821 130825 130839 130844 130862 130865 130871 130895 130899 131231 131233
NODE_NUM = 198
FILE hyp_sub_616.aig

# Subcircuit 617
SUB_ID 617
LO (60):  90557 90590 90733 90737 90745 90747 90750 91311 91321 91641 91754 92162 92172 92411 92947 93136 93139 93640 93848 93853 94006 94353 105319 105325 105503 106117 108120 118616 120919 121164 121366 121457 121920 121939 122086 122092 128549 129053 129372 129410 129465 129599 129623 129764 129860 129872 129913 129989 130108 130111 130173 130180 130289 130327 130410 130609 130695 130706 130920 131139
LI (80):  154 155 158 161 188 220 246 248 251 252 253 90425 90589 91310 91319 92146 92150 92151 92161 92163 92926 93134 93135 93635 93637 93843 96510 104519 105320 105321 106113 108116 108119 120897 120898 120902 120915 121158 121161 121346 121356 121359 122085 128497 128547 129027 129029 129040 129049 129357 129359 129360 129362 129368 129464 129597 129600 129601 129611 129619 129722 129731 129736 129757 129763 129871 129968 129978 129983 130103 130215 130268 130270 130278 130282 130287 130404 130406 130686 130691
NODE_NUM = 198
FILE hyp_sub_617.aig

# Subcircuit 618
SUB_ID 618
LO (52):  90758 90759 90779 90784 90785 91371 91991 97136 97260 97456 98329 98867 98875 99747 100652 100961 102118 102698 102766 105321 105526 106330 106641 107137 107926 109357 110143 114640 115134 115534 115894 116190 116524 116687 117899 118257 118571 119104 123298 123328 123832 123909 123943 123951 124282 124373 128517 128795 128943 128965 129257 129385
LI (72):  152 153 166 183 204 224 241 254 255 90039 91272 91365 91366 91369 97248 97249 97252 97258 98032 98859 98861 98863 100960 102102 102106 102107 102114 104284 105519 105521 105524 106324 106326 107125 107133 109351 109355 113582 115109 115112 115113 115115 115123 115130 115529 115532 115885 115887 116677 116685 118566 118567 118569 122935 123250 123263 123278 123297 123822 123825 123828 123937 123940 128270 128497 128512 128515 128789 128792 128926 128935 128940
NODE_NUM = 198
FILE hyp_sub_618.aig

# Subcircuit 619
SUB_ID 619
LO (53):  90789 90824 90831 90836 90862 90864 99823 99941 100702 100734 101575 101610 101794 102645 102706 102982 103883 104104 109827 110506 111262 111765 112329 112551 113039 113315 113434 113469 113922 114058 114259 114260 114487 119741 120396 120416 121058 121091 121346 121629 122085 122355 122917 123016 123478 123493 125629 126161 126164 126181 127630 127983 128043
LI (78):  151 170 188 192 195 212 215 218 237 256 90863 99417 99516 99820 99935 99937 99938 100691 100694 101569 101573 101789 101793 102614 102978 102979 103350 107338 109074 109825 111762 111763 112527 112529 112539 112547 113011 113015 113016 113025 113035 113459 113467 113912 113920 114258 115949 119498 119731 119734 119739 120402 120414 121079 121080 121083 121089 121338 121341 122343 122346 122349 122353 122910 122913 123008 123011 125602 125607 125609 125617 125625 126154 126157 127103 127626 127628 128042
NODE_NUM = 200
FILE hyp_sub_619.aig

# Subcircuit 620
SUB_ID 620
LO (76):  90863 90870 90944 90945 91003 91007 91014 91210 91212 91305 91444 94059 95251 96153 96550 97757 98537 99100 99820 99855 99866 100463 100745 101174 101834 102522 103021 103054 103398 103992 105700 105702 105705 106165 107783 108526 109252 109307 109548 109549 110102 110128 110133 112501 112726 113025 113932 113935 116110 116567 116829 117029 117032 117723 117752 117863 117871 117995 118391 118428 118691 119067 119113 119312 119375 119730 119851 120187 120591 121101 123291 125964 126264 126271 126634 131821
LI (77):  130 163 164 174 181 189 199 207 216 217 225 233 243 247 90498 90934 90936 90941 91304 95247 95248 96549 97634 98531 98534 99843 99846 99854 100460 100461 101166 101168 101170 101173 101832 102512 102515 102517 104565 108520 108521 108523 109296 109298 109299 109305 109543 110123 112511 112723 113020 113023 113931 115834 116106 116109 116436 117693 117710 117711 117715 117716 117720 117852 117855 117862 117987 117993 118385 118389 118419 118422 119057 119063 120185 120590 120955
NODE_NUM = 194
FILE hyp_sub_620.aig

# Subcircuit 621
SUB_ID 621
LO (81):  91218 91235 91238 91246 91257 91267 91272 91274 91283 91302 91729 91732 91761 92180 92260 92559 95211 95735 95736 95823 95982 96317 96360 97572 97576 97953 98502 99282 99908 99912 100460 100810 101200 101209 102566 102625 102953 103440 103551 104064 104069 104147 104233 104236 105136 105138 105387 105887 106394 106869 106937 106941 107133 107637 107640 107660 107666 108103 108653 108894 112087 114226 114499 115494 116880 117737 117852 118168 118385 118389 118966 119063 119473 119474 121436 122277 122278 123025 123312 123591 125546
LI (86):  163 164 166 172 174 177 187 192 214 219 224 227 229 232 233 240 242 90594 91256 91727 91730 91731 91760 95228 95527 95816 95980 98498 98500 99906 99911 100459 101190 101193 101196 102619 102623 102947 102951 103439 104059 104142 104144 104145 104232 104234 105135 105381 105384 105879 105884 106387 106391 106392 106861 106865 106868 106932 107631 107633 107650 107651 107655 107658 108078 108088 108091 108094 108101 116583 117711 117733 117734 118162 118165 118166 118371 118380 118384 118958 118963 119468 120968 121367 123020 123024
NODE_NUM = 199
FILE hyp_sub_621.aig

# Subcircuit 622
SUB_ID 622
LO (59):  91304 91306 91310 91312 93147 93843 94767 95486 96617 96683 96708 96928 96962 97782 100461 101289 101295 102066 102436 106728 107357 108159 108312 108750 109296 109305 110079 111463 112593 115112 115520 116176 116286 116566 116733 117249 117254 117815 117904 119333 119779 119800 120023 120111 120183 120486 120551 120552 120681 121470 122004 123940 124842 125213 125793 129601 130000 130001 132202
LI (79):  150 153 162 182 203 224 244 252 91614 93142 93144 94276 95093 95482 95483 95851 96686 96687 96696 96704 97637 101191 101283 101286 102052 102064 106282 106727 107337 107339 107340 107342 107353 108302 108309 109287 109288 109292 109293 111180 111190 114444 114638 115057 115059 115516 115517 116164 116172 116175 116564 116709 116711 116722 116726 116731 117244 119036 119326 119330 119331 119797 119799 120014 120021 120108 120177 120180 120181 120550 120670 120679 122003 124404 124837 124840 125204 125207 129613
NODE_NUM = 200
FILE hyp_sub_622.aig

# Subcircuit 623
SUB_ID 623
LO (43):  91315 91319 91335 91644 92154 92161 92856 94005 94282 95866 96345 96383 98152 112886 113920 130019 130404 130406 130456 130518 130541 130686 130691 130821 130825 130839 130844 130871 130895 130899 130961 131025 131029 131128 131166 131228 131297 131317 131497 131635 131650 131661 131678
LI (72):  150 153 159 203 246 253 255 91364 91643 92158 92159 93629 94281 95848 95850 95852 95862 96333 96342 101554 112880 112884 113918 129597 129996 129997 130006 130015 130324 130326 130327 130329 130338 130347 130376 130386 130391 130399 130403 130422 130438 130439 130442 130443 130447 130451 130455 130649 130653 130657 130660 130664 130672 130680 130810 130812 130834 130892 130950 130952 130954 130959 131085 131115 131164 131165 131170 131179 131187 131213 131221 131226
NODE_NUM = 199
FILE hyp_sub_623.aig

# Subcircuit 624
SUB_ID 624
LO (54):  91338 91345 91358 91359 91360 91364 91365 95093 95103 95488 95759 95768 95996 99092 100515 101346 102607 102928 103449 103450 103642 103940 104323 104327 104899 108394 109149 109205 109919 110696 123369 123862 124376 124379 125585 126049 128343 128594 128715 128718 129131 129133 129150 129295 129523 129534 129644 129680 129694 129696 129959 130443 136746 138937
LI (74):  151 160 169 170 185 221 236 237 246 254 90039 94281 95092 95096 95097 95101 96549 100511 100512 102347 102604 102605 102922 102926 103448 103632 103640 103931 103933 103937 104318 108384 108385 108388 108392 109137 109146 110695 122945 123364 123847 123860 124373 126048 128312 128315 128317 128320 128330 128337 128648 128653 128657 128674 128708 128712 129081 129088 129094 129098 129107 129111 129117 129121 129126 129130 129149 129531 129685 129687 129706 129949 129953 136744
NODE_NUM = 200
FILE hyp_sub_624.aig

# Subcircuit 625
SUB_ID 625
LO (24):  91366 91369 132718 133028 133029 133168 133470 133471 133476 133477 133628 133629 133776 133976 133977 136698 136707 139070 139080 139090 139099 139109 139614 139633
LI (46):  150 151 255 256 132515 132573 132623 132671 132673 132675 132680 132689 132695 132699 132704 132712 132716 132773 132779 132844 132855 132864 132868 132878 132896 132899 132905 133011 133025 133077 133079 133141 133146 133151 133156 133160 133181 133251 133305 133450 133452 133607 133614 133769 133773 133975
NODE_NUM = 200
FILE hyp_sub_625.aig

# Subcircuit 626
SUB_ID 626
LO (57):  91373 91377 91614 91618 91626 91643 92793 93405 94281 95511 95848 96333 96625 100473 100474 104177 105066 105135 105536 106306 106992 107162 107919 122003 123359 125406 125609 125850 125886 125890 126035 126045 126259 126487 126491 126661 126737 126739 126960 126964 126996 127430 127956 129190 129199 129453 130439 130810 130812 130952 131085 131165 131231 131233 131362 131604 132675
LI (75):  149 152 158 168 178 228 247 253 256 91624 91625 92786 92790 92791 95079 95097 95509 95843 95844 95846 99843 104154 104156 104166 104173 106295 106296 106299 106300 106304 107151 107160 122919 125382 125386 125394 125402 125554 125604 125608 125883 126022 126026 126034 126254 126257 126473 126476 126481 126486 126654 126658 126659 126732 126959 126984 126993 127422 127426 129182 129184 129186 130751 130765 130767 130768 130770 130774 130801 130809 130951 131039 131048 131078 131228
NODE_NUM = 198
FILE hyp_sub_626.aig

# Subcircuit 627
SUB_ID 627
LO (77):  91645 91649 91670 91680 91681 91696 91709 91721 92164 92543 92588 93033 93103 93565 94288 94291 94523 94737 95228 96546 96993 97162 97597 97820 99122 100503 101891 103117 103119 103423 103499 104232 104691 104745 104748 105018 105542 105543 106160 108384 108392 109170 109173 113983 115489 115493 116053 116082 116466 116737 116909 116911 117844 118567 119363 119744 119780 119913 120478 121704 121896 122617 123148 123613 124291 124788 124988 126647 127381 127618 128296 128298 128500 128648 128653 128657 128792
LI (82):  157 162 165 166 168 170 184 190 215 219 235 237 239 240 243 248 91256 91679 92163 92542 93101 94287 94289 94736 96540 96541 96544 96992 97626 97814 97818 101192 101886 102935 103112 103416 103417 103421 103488 103489 103493 103497 104231 104234 104738 104740 105540 108116 108373 108383 109164 115491 116003 116004 116005 116007 116016 116025 116052 116908 119344 119346 119348 119359 119903 119911 121698 121700 121702 121889 121890 122609 122611 127614 128251 128255 128256 128265 128295 128499 128647 128791
NODE_NUM = 197
FILE hyp_sub_627.aig

# Subcircuit 628
SUB_ID 628
LO (95):  91727 91730 91747 91750 91760 91762 91900 91901 92063 92069 92071 92091 92274 92342 92471 92671 93101 94273 94983 95837 96299 96503 96540 96544 96578 96992 97048 97093 97587 98032 100450 100453 100994 101173 101205 102347 102352 102517 102922 102926 103620 103937 104500 104501 104503 105340 105381 105566 105879 106573 106831 107306 109100 109883 110489 110780 111651 113836 116109 116436 116437 117716 118290 118958 119035 119245 120189 120306 120588 120589 120689 120930 120933 122000 122243 122710 122932 123036 123319 123530 123620 123621 123970 123979 124089 124233 124800 126061 126404 126959 127365 128799 129359 129600 129821
LI (93):  155 160 161 163 173 180 182 187 190 214 218 222 225 231 232 241 243 244 249 91888 91890 91893 91899 92273 92470 92670 93634 94982 95829 95833 95834 95836 96539 96543 96577 97584 97585 99401 100452 100774 100993 101169 101170 101204 102346 102348 102350 102920 102925 104499 104502 105336 105337 105380 105507 107330 108940 109099 109880 109881 110773 110779 111648 116007 117669 118287 119776 120301 120302 121689 121996 121997 122725 122927 122929 123318 123516 123528 123955 123957 123959 123969 124081 124087 125497 126056 126058 126392 126401 127363 128791 129599 129820
NODE_NUM = 196
FILE hyp_sub_628.aig

# Subcircuit 629
SUB_ID 629
LO (52):  92095 92096 92107 92122 92131 92146 92938 95092 95101 95625 98635 98636 99669 111243 112009 117290 118020 118037 118642 119155 119504 120014 122406 122913 123008 123011 123894 124609 124637 124948 124955 125144 125777 127352 127840 127924 127929 132488 132573 132623 132671 132695 132716 132747 132855 132893 132895 132899 132993 133004 133091 133151
LI (80):  148 153 186 199 204 218 250 256 91256 91625 92121 92927 92936 94588 95080 95083 95091 98634 99666 111238 111241 117267 117277 117279 117282 117288 118639 118641 119152 119497 119499 119500 119501 120489 122389 122390 122394 122402 123007 123581 123883 123887 123892 124603 124605 124615 124619 124631 124635 124942 124946 127332 127333 127337 127338 127348 127919 131974 132487 132491 132492 132496 132500 132503 132509 132566 132572 132580 132596 132600 132609 132615 132621 132638 132640 132641 132643 132647 132670 132894
NODE_NUM = 196
FILE hyp_sub_629.aig

# Subcircuit 630
SUB_ID 630
LO (45):  92150 92151 92926 92927 92936 125386 125607 125608 131498 131500 131598 131697 131749 131837 131891 131896 131921 132064 132075 132082 132086 132190 132265 132274 132419 132447 132451 132723 132773 133025 136713 136715 136718 136720 136723 136725 136727 136729 136731 136733 136736 136738 136740 136742 139064
LI (86):  152 153 154 177 250 251 252 117407 125606 130312 130313 130584 130585 130720 130721 130937 131051 131153 131154 131357 131358 131375 131378 131382 131389 131391 131401 131491 131497 131548 131549 131550 131552 131557 131565 131590 131596 131673 131674 131724 131725 131731 131744 131748 131857 131864 131866 131869 131881 131885 131887 131906 131910 131919 131944 131945 131966 131991 132017 132023 132045 132050 132059 132063 132068 132069 132073 132107 132256 132288 132289 132410 132412 132416 132468 132737 132738 132740 132751 132756 132762 132767 136711 136716 136721 136735
NODE_NUM = 200
FILE hyp_sub_630.aig

# Subcircuit 631
SUB_ID 631
LO (36):  92158 92159 92790 127626 128042 128067 128330 128447 128449 128470 128590 128674 128743 129088 129094 129400 132487 132496 132670 132673 132779 132844 133011 133077 133079 133141 133146 133156 133305 133406 133436 133441 133445 133449 133544 133614
LI (61):  149 150 151 171 253 254 255 92788 121574 122360 127625 128032 128039 128040 128043 128044 128056 128065 128325 128327 128444 128582 128588 128667 128672 128736 128740 129083 132199 132478 132480 132483 132663 132664 132682 132787 132789 132800 132808 132840 132932 132937 132942 132945 132959 132987 132993 132998 133004 133007 133033 133040 133068 133092 133114 133133 133139 133266 133286 133297 133403
NODE_NUM = 198
FILE hyp_sub_631.aig

# Subcircuit 632
SUB_ID 632
LO (71):  92163 92166 92263 92271 92273 92275 92366 92383 92408 92503 92989 93563 94496 94734 95473 95693 95833 96539 96541 97167 97401 97580 97585 98009 98905 99356 99854 100165 100242 100757 100787 101591 101861 102870 102887 103918 103961 104807 108230 108245 109137 109298 109895 110601 111123 111127 112049 118226 123975 124479 124870 125139 125466 125471 126125 126893 127608 128032 128098 128100 128255 128271 128295 128444 128458 128459 128498 128499 128707 129028 130216
LI (79):  155 156 157 162 163 166 178 226 238 242 247 92357 92359 92364 92380 92382 94730 94731 95832 97164 97165 98008 98904 99341 99343 99346 99352 99849 99850 99852 100756 101585 102867 102869 102875 102883 103911 103916 104804 108221 108222 108226 108227 109297 109888 109892 109893 110571 110577 110594 110597 111107 111118 124146 124453 124454 124465 124475 125097 125101 125110 125135 125455 125462 127148 127377 128021 128025 128026 128030 128097 128099 128254 128270 128274 128282 128291 128453 128497
NODE_NUM = 200
FILE hyp_sub_632.aig

# Subcircuit 633
SUB_ID 633
LO (56):  92412 92428 92434 92436 92455 93134 95079 95080 101485 102344 102883 103438 103632 103874 104705 105808 106299 108252 116157 116507 116731 116749 117137 117160 117626 117759 118222 118328 118407 118853 119390 119489 119492 119590 122634 122644 122967 123198 123547 123657 123928 124069 125180 125181 125500 127337 132256 132491 132509 132566 132572 132640 132699 132864 132905 133007
LI (89):  148 154 175 183 202 218 228 249 255 93133 94590 95007 101799 102341 102342 102878 102880 103432 103434 103435 103872 104704 105534 108251 113743 114628 116134 116137 116145 116153 116495 116499 116502 116505 116746 117122 117124 117135 117271 117609 117611 117614 117622 118215 118217 118220 118221 118406 118774 118812 118816 118829 118833 118840 118844 118849 122382 122620 122625 122633 122952 122954 122955 122957 122965 123187 123190 123195 123540 123545 124740 125179 127335 131750 132214 132217 132221 132222 132231 132239 132247 132254 132490 132521 132529 132547 132564 132639 132863
NODE_NUM = 199
FILE hyp_sub_633.aig

# Subcircuit 634
SUB_ID 634
LO (65):  92458 92466 92470 92546 92548 92551 92573 93100 93127 93635 93637 94121 94491 94493 94730 94731 102604 104502 104860 104998 105187 105197 105646 105752 105884 106275 106771 107264 107268 107527 107881 107907 108144 108412 108799 108858 109372 109411 112880 113918 118663 118664 118987 120212 120220 120506 120541 120587 120595 120923 121028 121035 121111 121281 121593 121732 122076 122298 122702 122812 122927 123225 123241 123995 128254
LI (75):  157 158 162 181 186 187 216 217 221 241 244 245 246 93099 93130 93634 94729 95875 97623 98340 102603 104468 104997 105174 105186 105645 105737 105744 105749 106767 107514 107525 107824 107826 107839 107848 107880 108790 108797 108848 108856 112491 113917 118662 119806 120200 120201 120211 120499 120502 120503 120533 120534 120574 120576 120578 120586 121107 121109 121269 121278 121585 121591 122293 122296 122297 122674 122676 122677 122678 122688 122698 122926 123230 123238
NODE_NUM = 197
FILE hyp_sub_634.aig

# Subcircuit 635
SUB_ID 635
LO (80):  92580 92583 92591 92640 92670 92685 92782 92786 93037 93040 93118 93808 94148 94555 94608 94722 97753 98002 98672 99525 99954 100143 100189 100498 101029 101037 101190 101383 101543 102064 102388 102393 102512 102515 102925 103360 103640 104481 105749 108321 108327 108948 108955 109132 109314 109323 109543 109729 109870 109873 110123 110371 110377 110481 111029 111032 111472 114621 115006 115739 115904 115907 116114 116263 116383 116384 116853 119241 120215 120562 123020 123589 124198 124713 124832 128753 129320 130023 130432 130729
LI (83):  147 161 164 165 169 171 184 197 206 221 232 235 238 241 242 254 93519 93803 93804 93806 94721 96510 97747 97748 99512 99513 99517 99518 99520 99523 100174 100187 100493 100497 101018 101019 101028 101185 101188 101192 102387 102391 102511 103639 104231 104477 106289 107789 108274 108325 108933 108934 108937 108947 109120 109129 109308 109309 109312 109572 109851 109867 109869 110370 110375 110480 111022 111027 114615 114618 115000 115001 115004 115705 115713 115719 115735 115898 115902 116382 118162 119784 124426
NODE_NUM = 200
FILE hyp_sub_635.aig

# Subcircuit 636
SUB_ID 636
LO (42):  92788 92791 92797 93142 93803 94354 94355 94365 113015 113613 114399 114886 114887 121383 133251 133450 133452 133607 133769 133773 133975 136711 139078 139079 139088 139089 139098 139107 139108 139117 139118 139127 139136 139137 139146 139607 139612 139622 139624 139631 139641 139643
LI (75):  147 151 192 211 252 256 93141 93802 93806 94364 113013 113607 113608 113611 114398 114885 133028 133029 133168 133189 133191 133193 133204 133228 133247 133406 133414 133423 133432 133436 133441 133445 133449 133470 133471 133476 133477 133551 133603 133628 133629 133690 133692 133753 133759 133776 133966 133976 133977 134047 134054 134063 134191 134195 134341 136689 136698 136707 139070 139077 139080 139087 139090 139097 139099 139106 139109 139116 139126 139135 139145 139614 139621 139633 139640
NODE_NUM = 199
FILE hyp_sub_636.aig

# Subcircuit 637
SUB_ID 637
LO (91):  92928 92931 93022 93030 93058 93059 93060 93065 93099 93611 94116 94528 94565 95218 95221 96522 97155 97583 97584 97668 97754 97861 99029 99033 99359 99407 99416 99476 99642 99643 99723 99849 99929 100226 100229 100233 100392 100396 100756 100999 101000 101266 102346 103420 103421 105210 105384 106288 106870 107125 107242 107337 107386 108088 108091 108154 108302 110260 111190 111191 111514 111762 112497 112507 113373 113467 114180 114277 114407 115282 115304 115310 117270 117272 118199 119282 119289 119911 122638 122639 122647 123606 124200 125003 125004 126573 126871 127628 129183 130002 130332
LI (89):  150 159 161 163 166 171 172 176 200 202 215 226 230 236 239 240 242 93610 94527 95875 97154 97582 97667 97825 98687 98978 98979 98989 98990 98991 98995 98996 98997 99000 99028 99399 99402 99403 99415 99475 99898 99917 99919 99921 99927 100220 100232 100394 101166 102940 105382 106282 106287 107237 107240 107331 107332 107333 107378 107382 107385 107725 108082 108084 110677 111381 112482 112484 112486 112496 113354 113356 113359 113369 113465 114168 114169 114172 114178 115303 116843 117271 119281 119285 119286 119288 121989 123023 124426
NODE_NUM = 196
FILE hyp_sub_637.aig

# Subcircuit 638
SUB_ID 638
LO (60):  93107 93130 93133 93135 93141 93144 93630 93648 94057 94222 94283 94594 94690 94768 95097 95332 95482 95851 95852 96686 108119 108549 110347 110930 110983 110984 111230 122065 122538 122609 122611 122935 122940 123142 123562 123937 124081 124087 124126 124619 124804 130969 131213 131375 131378 131491 131549 131630 131777 131822 131843 131966 132023 132050 132059 132127 132180 132254 132434 132443
LI (78):  150 151 153 156 184 217 245 248 249 251 93629 93642 93643 93644 93646 94054 94055 94589 94590 94592 95481 95849 104153 106756 110341 110342 110345 110928 110982 111229 122040 122042 122052 122061 122529 122534 122608 122934 122938 123930 123933 123934 124074 124075 124077 124116 124119 130766 131202 131204 131205 131211 131369 131373 131431 131448 131449 131450 131452 131454 131458 131471 131472 131474 131486 131489 131750 131753 131754 131764 131773 131955 131960 131965 132157 132166 132171 132176
NODE_NUM = 200
FILE hyp_sub_638.aig

# Subcircuit 639
SUB_ID 639
LO (61):  93155 93163 93347 93351 93354 94015 94033 94130 95042 95227 104639 108221 108512 109146 109237 109241 109287 109616 110018 110083 110390 114469 115219 115593 115885 115887 116137 116599 117094 117148 117514 117523 117987 118274 119019 119656 119664 120564 120866 120883 121139 121338 121341 121389 121721 121811 122271 122776 123063 123297 123510 123586 123847 123883 123892 123986 124116 124119 124545 124550 131404
LI (84):  147 158 190 192 194 207 210 212 223 255 85821 88125 94603 94998 99472 102591 103415 103983 108218 108219 108509 108510 109236 109240 109284 109288 109608 109614 114464 114465 114467 115517 115588 115591 115880 116136 116575 116577 116579 116587 116595 117506 117507 117511 118782 119009 119013 119017 120557 120558 120561 120562 120851 120856 120857 120864 120888 121135 121138 121332 121334 121382 121384 121385 121386 121394 122256 122269 123056 123058 123059 123060 123283 123285 123288 123295 123579 123585 123876 123877 123882 124110 124112 124544
NODE_NUM = 199
FILE hyp_sub_639.aig

# Subcircuit 640
SUB_ID 640
LO (78):  93519 93524 93526 93532 93547 93549 93572 93610 93629 93999 94149 95843 96696 96941 97574 97626 97627 97788 97950 98335 98859 99751 99909 99911 100472 101192 101193 101196 101243 102962 102969 104059 104231 104477 105506 105509 106168 108737 108933 109060 109308 109525 109904 110319 110513 112237 112459 112749 112957 113042 113311 113369 113627 113694 114359 114685 118165 121864 124452 126658 126839 127611 128270 128708 128712 128894 128978 128981 129352 129662 129722 130047 130060 130338 130376 130455 130664 130680
LI (85):  148 154 164 165 168 171 178 186 214 215 223 228 233 236 237 247 254 93998 95507 95875 96691 96692 96694 97086 97625 97629 98853 98855 100469 100471 101191 101195 102623 102966 102967 105505 105507 106387 108731 108733 108932 109897 109901 109902 111229 112225 112227 112231 112235 112453 112455 112457 112458 112932 112936 112941 112951 112955 113365 113367 114349 114352 114356 126657 128693 128695 128698 128703 128707 128977 129333 129335 129337 129348 129715 129716 130024 130026 130028 130036 130043 130333 130335 130369 130370
NODE_NUM = 200
FILE hyp_sub_640.aig

# Subcircuit 641
SUB_ID 641
LO (65):  93631 93634 93642 93644 93646 93654 94018 94588 94589 94590 95481 95849 95850 97633 97642 97652 98897 99602 112227 112231 112941 113607 114398 114435 114634 114645 115062 115233 115516 115735 115937 116382 116677 119138 119552 119574 120333 120533 120534 121000 121386 121609 121615 121911 121959 122415 124075 131204 131205 131373 131753 132199 132214 132217 132410 132412 132500 132547 132564 132580 132621 132680 132744 132863 132998
LI (83):  149 150 151 152 156 192 208 244 249 250 252 94017 95483 97632 97634 97638 97639 98885 98894 104142 108932 109103 112105 112938 113011 113745 114396 114430 114431 114432 114434 114626 114629 114633 115056 115057 115059 115515 115728 115733 115919 115923 115935 119122 119124 119126 119136 119542 119545 119548 120526 120528 120529 120615 121605 121606 121608 121613 121950 121953 123628 130729 130951 131449 131822 132137 132195 132198 132202 132203 132213 132354 132358 132359 132367 132374 132402 132407 132540 132545 132559 132560 132579
NODE_NUM = 200
FILE hyp_sub_641.aig

# Subcircuit 642
SUB_ID 642
LO (66):  93670 93674 93748 93802 93804 93806 94470 95091 95189 95519 95644 96168 98533 98534 100391 101283 103432 103434 104704 107331 107726 109572 109583 110004 110402 110710 111186 111197 111598 112017 112144 112285 112491 112496 112884 113324 113325 115000 115004 115466 115902 116294 118549 118577 118914 119206 119496 119497 119522 119556 119731 119739 119954 119965 120135 121608 130984 131403 131831 132017 132166 132171 132176 132358 132423 134003
LI (83):  145 148 159 160 197 204 222 242 253 254 256 94022 94025 94465 94466 94468 95087 95088 95513 95516 95517 97637 100115 100386 100389 102879 103433 105521 107330 107725 109566 109568 109571 109579 110704 110705 110708 111171 111172 111174 111185 111453 111590 111595 112016 112172 112492 112493 112883 113323 114998 115003 115460 116293 118520 118523 118524 118526 118533 118542 118548 118899 118900 118901 118904 118905 118912 119181 119195 119199 119724 119726 119730 121133 131810 131812 131814 131827 131996 131998 132008 132015 132165
NODE_NUM = 197
FILE hyp_sub_642.aig

# Subcircuit 643
SUB_ID 643
LO (71):  93820 93878 93996 93998 94008 94017 94019 94022 94023 94436 94596 96672 97570 97946 98042 98305 98480 98488 98726 98739 98885 98894 99295 99583 99587 102983 103350 108285 109044 109297 111435 112127 112183 112331 112526 112527 112932 112955 113118 113145 113189 113731 113740 113754 114430 114626 114757 114829 114859 115056 115401 115529 115923 116233 116401 116997 120246 120679 120888 121083 122737 122835 123187 123190 124393 124475 125135 125289 125455 126663 133325
LI (80):  144 152 181 186 187 191 193 207 209 213 220 248 254 93363 93872 93874 93876 94595 97066 97542 97545 97549 97550 97554 97555 97557 97566 97944 98472 98473 98477 98716 98719 98725 99580 107895 108280 108283 111267 112104 112105 112108 112109 112114 112123 112171 112173 112175 112177 112181 112929 113115 113116 113610 113739 113744 113745 113752 114157 114429 114730 114753 115055 115383 115390 115394 115399 115922 120239 120242 120243 122733 122734 123186 124468 124470 124471 125124 125127 125129
NODE_NUM = 200
FILE hyp_sub_643.aig

# Subcircuit 644
SUB_ID 644
LO (22):  94025 94026 134341 134469 134470 134573 134574 134693 134694 134860 134861 134863 134956 134959 134962 135015 135019 135024 139147 139157 139166 139176
LI (45):  144 146 254 256 128288 133927 134097 134233 134259 134264 134269 134273 134277 134286 134295 134301 134311 134317 134321 134325 134330 134334 134339 134462 134464 134482 134485 134496 134507 134521 134530 134547 134555 134570 134578 134585 134587 134668 134673 134677 134682 134769 134774 134834 134953
NODE_NUM = 195
FILE hyp_sub_644.aig

# Subcircuit 645
SUB_ID 645
LO (74):  94046 94055 94061 94083 94084 94085 94131 94141 94142 94826 96510 96514 98531 98609 98653 98689 98692 101191 102839 102869 103345 103346 104711 107746 108343 108674 108856 110254 110265 111022 112733 114444 114445 114852 115053 115488 115498 115880 115982 116175 116315 116952 120512 121136 121138 123357 124195 124224 124536 124554 124615 124635 124942 124946 126861 127489 127507 127614 128021 128025 128030 128401 130268 130270 130649 130653 130657 130660 130751 131010 131039 131115 131365 131506
LI (89):  149 158 163 168 172 176 194 205 224 228 232 237 242 251 93811 96513 97624 97628 97629 98604 98652 98688 98690 101951 102868 103344 107739 107741 107742 107743 108342 110245 110247 110250 111432 114182 115042 115044 115045 115047 115051 115474 115477 115478 115487 115530 116174 116301 116313 121134 121135 124169 124171 124174 124181 124190 124522 124531 124535 124612 124941 126843 126844 126848 126857 128012 128014 128015 128018 128024 130235 130251 130253 130254 130259 130263 130267 130614 130627 130648 130725 130728 130729 130739 130747 131038 131109 131113 131362
NODE_NUM = 200
FILE hyp_sub_645.aig

# Subcircuit 646
SUB_ID 646
LO (53):  94145 94155 94159 94276 94279 95096 95483 97542 98472 99028 99105 99512 99523 99714 99759 100174 100597 109079 110093 111457 112173 112342 112493 123953 124190 124274 124305 124531 124698 124850 125204 125207 126670 126909 126993 127485 127513 127682 127856 132840 133189 133247 133297 133372 133381 133382 133390 133551 133562 133689 133743 133966 134063
LI (77):  145 152 154 180 181 218 220 245 246 255 95095 97540 98466 98467 98470 99004 99007 99016 99024 99498 99501 99502 99511 99705 99710 109072 109075 109076 111451 111454 112172 122969 123304 123943 123945 123951 124183 124184 124187 124264 124269 124529 124719 124846 124847 125203 126347 126664 126665 126668 126903 126905 127443 127445 127475 127480 127484 132811 132812 132814 132825 132836 133186 133187 133233 133245 133324 133326 133327 133329 133342 133371 133376 133545 133547 133957 133964
NODE_NUM = 197
FILE hyp_sub_646.aig

# Subcircuit 647
SUB_ID 647
LO (45):  94287 94289 94357 94359 94364 95513 95862 96342 101787 111058 111632 111885 111898 112172 113788 114168 114178 114753 114843 115142 115264 115556 118905 119499 120528 120529 125596 126100 126150 126401 126453 126552 127095 127586 127762 127963 134191 134195 134339 134462 134464 134547 134570 134578 134677
LI (67):  144 148 180 200 215 219 252 255 94363 95858 95860 111043 111045 111046 111054 111882 113358 113765 113768 113776 113784 114161 114162 114165 114737 114741 114751 115253 115262 119498 120527 125590 125591 125594 126090 126091 126094 126098 126135 126139 126148 127081 127082 127083 127086 127093 127578 127584 133907 134071 134074 134083 134092 134116 134133 134139 134146 134172 134175 134181 134184 134190 134349 134358 134363 134444 134452
NODE_NUM = 197
FILE hyp_sub_647.aig

# Subcircuit 648
SUB_ID 648
LO (44):  94363 94459 94466 94468 95040 95087 95795 96483 104022 112140 112729 112936 113830 114737 125617 125978 126003 126347 126358 126435 126486 126762 126765 127204 134047 134233 134321 134330 134334 134444 134521 134555 134585 134587 134668 134673 134682 134769 134953 134960 134964 134976 135010 135178
LI (65):  143 146 147 182 217 253 256 95033 95037 95038 95086 112135 112138 113825 113828 125548 125611 125615 125957 125960 125966 125974 126346 126351 126352 126356 126755 126760 133781 133984 134001 134002 134003 134009 134013 134030 134036 134039 134045 134211 134219 134223 134250 134390 134392 134394 134399 134408 134429 134433 134442 134517 134584 134617 134626 134631 134664 134749 134753 134762 134767 134865 134944 134956 134959
NODE_NUM = 197
FILE hyp_sub_648.aig

# Subcircuit 649
SUB_ID 649
LO (68):  94488 94500 94515 94520 94527 94561 94592 94603 95537 96472 97625 97748 98353 99350 102106 103442 104144 104270 105048 106842 106853 107514 107741 107848 108336 108383 108582 108713 109111 109129 109233 109440 109566 109587 109645 110031 110034 112177 112486 114896 115652 115719 117614 118220 118406 120545 120558 122650 122920 125581 125582 126285 126654 126880 127315 129182 129368 129595 129888 129968 130324 130399 131004 131321 131548 131596 131688 131694
LI (89):  148 161 167 169 177 195 203 222 224 228 232 251 94031 94343 94514 94560 95534 95535 97154 102105 102965 104024 104266 104267 105047 106828 106832 106833 106841 107342 107841 107845 107846 107871 108332 108333 108378 108381 108572 108580 108685 108689 108690 108693 108696 108697 108699 108709 109227 109229 110024 110026 111267 112485 114881 114885 114886 114887 114894 117613 118219 118405 118985 122919 124988 126284 126877 126878 128902 129178 129308 129569 129572 129582 129591 129876 129885 130319 130724 130983 130985 130987 130988 131000 131312 131317 131510 131539 131547
NODE_NUM = 200
FILE hyp_sub_649.aig

# Subcircuit 650
SUB_ID 650
LO (89):  94676 94677 94679 94686 94721 94725 94729 94736 94739 94748 94750 94752 94753 94922 94976 94982 94989 95003 95242 95275 95499 96981 97073 97075 97388 97644 97774 98350 99319 99981 100643 101782 101832 103112 103358 103359 104822 104836 104887 106300 106391 106833 106885 107385 107525 107743 108084 108318 110993 111185 111590 111777 111942 112171 112181 112539 112607 113035 113157 113354 113459 113931 114187 114380 114675 115001 115003 115214 115426 115427 115477 115564 115674 115728 115733 116330 116448 118980 118985 118986 119243 119281 119708 119787 120129 122288 122648 122919 122922
LI (86):  160 161 162 163 176 177 183 184 185 194 196 201 204 213 214 215 221 222 233 234 236 237 238 93948 94666 94668 94673 94681 94685 95241 95274 95498 97072 97582 97643 98349 99318 100428 101778 101779 101780 101830 102651 104821 106296 106389 106879 106881 106882 107381 107382 110246 110991 111172 111178 111181 111182 111773 111774 112158 112160 112170 112534 112537 113027 113030 113032 113347 113350 113351 114181 114211 114664 114667 114673 115043 115065 115180 115205 115207 115208 115210 115724 119703 119705 122647
NODE_NUM = 198
FILE hyp_sub_650.aig

# Subcircuit 651
SUB_ID 651
LO (73):  95007 95024 95026 95028 95033 95037 95286 95534 95535 95891 96023 96417 96531 96533 96731 96884 102878 103872 104524 105240 105336 105337 105492 105498 105524 106324 111178 111180 111181 112482 112484 113027 113052 113350 113351 113465 113912 114033 114169 114798 114809 114812 114881 115713 120897 121677 121686 121950 121953 122172 122175 127360 127708 127728 127732 127906 127909 128000 128094 128186 128337 128438 128485 128556 128667 128672 128740 128774 132327 132638 132647 132878 135038
LI (84):  142 143 159 178 179 199 217 219 220 223 255 256 95283 95285 95884 95888 95889 96530 96532 96724 96728 96729 102877 104284 104500 104520 104521 105334 105484 105523 110246 112483 113048 113049 113349 114021 114023 114025 114027 114031 114803 114805 114874 114877 114878 120889 120892 120894 121662 121663 121664 121665 121676 121944 121947 122166 122169 125421 126585 126663 126931 127356 127357 127359 127707 127711 127716 127723 127899 127902 128088 128089 128091 128177 128180 128332 128334 128428 128431 128555 128666 132386 132631 132632
NODE_NUM = 200
FILE hyp_sub_651.aig

# Subcircuit 652
SUB_ID 652
LO (70):  95062 95066 95083 95086 95088 95095 95516 95734 95744 95858 95860 96690 96691 96704 96947 97540 97543 102940 104495 105382 105562 106403 106404 106570 106832 107353 107772 108309 108361 108561 108767 109227 128807 129009 129011 129348 129421 129424 129551 129565 129757 129819 129847 129978 129983 130015 130103 130235 130263 130267 130347 130422 130451 130627 133364 133527 133927 133957 134002 134133 134139 134175 134184 134190 134223 134264 134269 134273 134286 134442
LI (86):  145 146 147 151 167 170 228 231 247 251 252 95515 95733 95741 95743 95844 95857 96698 96701 96702 105558 105559 106402 106831 107348 107350 107751 107753 107754 107755 107764 107770 108329 108360 108559 125602 127457 128996 129000 129002 129003 129006 129046 129316 129342 129344 129420 129550 129748 129750 129753 129754 129772 129773 129776 129788 129818 129973 130009 130010 130013 130230 130340 130341 130342 130343 130344 130421 133632 133844 133897 133906 133921 133923 133926 133932 133936 133940 133947 133951 133955 134125 134130 134261 134268 134285
NODE_NUM = 200
FILE hyp_sub_652.aig

# Subcircuit 653
SUB_ID 653
LO (57):  95223 95231 95247 95248 95274 100768 101562 101959 101964 103213 111187 111276 111782 111791 112158 114618 116435 117019 117240 117388 117545 117867 118056 118086 126293 126609 126755 126760 127005 127053 127426 127527 128088 129208 129224 129281 129474 129636 129659 129715 129716 129788 130116 130124 130215 130230 130278 130509 130514 130536 130598 130605 130614 130809 130834 130865 130912
LI (78):  141 172 174 180 185 212 217 223 225 256 101561 101958 101961 111781 111790 114617 116038 116429 116433 117009 117010 117013 117017 117224 117228 117238 118055 121669 125970 126291 126586 126588 126589 126601 126607 126750 127013 127017 127028 127046 127049 128559 129015 129207 129211 129212 129220 129262 129263 129268 129277 129587 129710 129785 129786 130113 130114 130118 130121 130122 130192 130200 130206 130210 130214 130218 130221 130222 130228 130497 130498 130502 130503 130507 130525 130533 130587 130594
NODE_NUM = 200
FILE hyp_sub_653.aig

# Subcircuit 654
SUB_ID 654
LO (74):  95283 95285 95424 95426 95476 95491 95507 95509 95515 97604 97637 97638 97780 98369 98477 99938 100115 100116 100504 102989 103439 103944 104516 105521 105612 105737 110306 110919 111045 111046 112938 113048 113049 113819 121693 123307 123860 124987 125015 125529 125700 126026 126481 126665 127711 129820 129996 130326 131170 131590 131906 131910 131974 131991 132221 132231 132354 132559 132560 132579 132712 133187 133844 133921 133932 133955 134039 134071 134130 134150 134159 134160 134181 134308
LI (80):  144 149 150 154 159 178 182 215 218 238 243 247 248 253 95421 95423 97636 98475 98993 99003 100500 100503 102984 102986 102988 104497 104501 104503 104512 110301 111044 112485 120307 123300 123301 123305 123856 124965 124966 124968 124980 124986 126480 129995 130325 130984 131166 131168 131449 131581 131584 131750 131903 131973 131977 131978 131987 132220 132226 132228 132300 132305 132350 132558 133525 133673 133800 133804 133814 133822 133828 133832 133839 133843 133907 133909 133911 133920 134070 134158
NODE_NUM = 193
FILE hyp_sub_654.aig

# Subcircuit 655
SUB_ID 655
LO (78):  95517 95527 95529 95541 95733 95741 95748 95816 95817 97549 100452 100495 100497 100992 100993 101018 101595 101807 102617 104229 105380 105558 105559 106389 106400 106868 107277 107633 107764 107839 108082 108547 108572 108790 108947 109049 109103 109164 109631 112457 112878 113891 114874 119031 122929 125974 126352 126473 126476 127083 127148 127149 127753 128757 128769 129002 129247 129655 129668 130026 130343 130801 131000 131048 131109 131113 131312 131539 131683 131731 131748 132222 132478 132600 132787 133204 133233 133376
LI (85):  143 146 147 156 166 167 181 215 229 230 231 241 250 254 95815 100496 100991 101017 101805 102614 102616 104142 105557 106839 106864 106865 107273 107274 107275 107347 107761 107762 107833 107834 107837 108571 108780 108784 108788 108940 108944 108945 112873 112876 119029 122674 125563 125970 125972 126467 126647 126915 127752 128694 128750 128751 128754 129001 129237 129245 129652 130788 130789 130791 130793 130799 130994 130996 130997 131046 131106 131302 131304 131529 131532 131533 131537 132472 132473 132476 132782 132784 132818 133201 133202
NODE_NUM = 191
FILE hyp_sub_655.aig

# Subcircuit 656
SUB_ID 656
LO (81):  95829 95832 95834 95844 95846 95857 95875 95877 95884 96568 96692 96701 97066 97070 97132 97378 97634 97834 97944 97968 98642 98652 99014 99415 99507 99517 99536 99953 100113 100386 101019 101958 102629 102979 105505 106171 107151 109869 110375 110480 110704 111027 112537 126641 127046 127049 127422 128056 128265 128413 128543 128647 128750 128977 128991 129207 129783 132639 132641 132811 132987 133033 133133 133186 133326 133403 133662 133690 133692 133759 133818 133897 133906 133936 133951 133984 134045 134325 134374 134592 134923
LI (81):  141 145 147 148 153 154 173 222 223 241 242 243 248 249 250 254 96694 96698 96700 97067 97559 97823 97832 97943 97967 99516 99535 99952 100385 104858 105523 106168 109865 110370 110373 110479 110703 111024 122953 126331 126618 126619 126629 126637 127039 127044 128049 128052 128053 128263 128523 128524 128527 128535 128541 128744 128976 132810 132977 132978 132979 132981 132985 133121 133131 133325 133395 133397 133633 133635 133637 133641 133649 133655 133683 133689 133888 133890 133896 133901 133983
NODE_NUM = 199
FILE hyp_sub_656.aig

# Subcircuit 657
SUB_ID 657
LO (19):  95888 136681 136689 139155 139156 139165 139169 139188 139198 139207 139217 139227 139236 139246 139255 139265 139274 139563 139602
LI (55):  141 142 254 255 134469 134470 134573 134574 134693 134694 134860 134861 134967 134968 135027 135028 135104 135186 135187 135219 135221 135223 135225 135230 135237 135271 135288 135294 135299 135335 135340 135344 135349 135436 135440 135461 135489 135496 135506 135591 135593 135605 135673 135674 135683 135756 135762 135838 136655 136673 139147 139154 139157 139164 139166
NODE_NUM = 200
FILE hyp_sub_657.aig

# Subcircuit 658
SUB_ID 658
LO (65):  95889 95964 95970 95973 95980 95998 98053 98054 98391 102591 102592 102593 102867 103983 104173 104187 104564 104573 104987 105205 105699 105999 106152 106206 106418 107101 107954 111783 113768 114741 114850 115705 117013 117693 118242 118333 118371 118731 118829 120902 121158 124169 124522 124535 126252 126830 129013 129433 130118 132796 132797 133068 133263 133395 133397 133432 133545 133547 133603 133753 133800 133828 133832 133964 134054
LI (84):  140 156 158 159 171 194 202 225 237 238 240 256 97117 101585 102846 102866 103982 104170 104171 104247 104555 104560 104561 105202 105203 105992 105994 105996 105997 106145 106148 106150 106861 107089 107099 113355 113765 114845 114848 117519 117660 117664 117675 117689 118231 118233 118234 118236 118240 118269 118370 120603 124151 124152 124155 124165 126246 126247 126250 131480 133057 133060 133061 133066 133372 133381 133382 133390 133394 133481 133483 133484 133485 133495 133503 133535 133540 133544 133597 133601 133742 133743 133751 133793
NODE_NUM = 196
FILE hyp_sub_658.aig

# Subcircuit 659
SUB_ID 659
LO (62):  96024 96030 96032 96362 96477 96479 96665 96668 97130 97432 98518 98681 99376 101475 101935 102652 103370 106841 107631 107658 108944 111282 111789 111920 112442 115441 116268 116334 116340 117609 118283 118445 118756 118759 118812 118833 119195 119468 120272 122402 122659 123007 123334 126601 126941 127013 127130 127325 127443 127445 127799 128122 128130 128582 128588 128666 131764 132113 132157 132300 132305 132407
LI (85):  140 165 180 185 186 198 210 211 216 231 255 96664 96666 97123 97127 97128 98516 99375 101934 102651 106402 106839 107653 107657 108942 111277 111279 111281 111788 115425 115426 115427 115437 116329 116330 117511 117602 117604 118277 118279 118281 118443 118755 118778 118781 118782 118784 118791 118811 119194 121862 122398 122400 122654 122657 123006 126594 126596 126597 126598 126930 126932 126934 126939 127109 127110 127114 127115 127126 127442 127780 127788 127797 128574 128576 128579 131758 131759 131762 132137 132141 132142 132146 132153 132299
NODE_NUM = 200
FILE hyp_sub_659.aig

# Subcircuit 660
SUB_ID 660
LO (80):  96506 96513 96519 96530 96532 96534 96543 96549 96572 97264 97787 97806 97818 98904 98995 98996 98997 99401 99402 99905 100394 100511 100512 100690 101801 101830 102942 102967 103203 103416 103926 104025 104166 104170 104859 105123 105517 105645 106326 106633 108253 109881 109884 110342 110345 110928 114615 118159 122343 122353 122858 122861 124577 124783 124792 124829 124830 125047 125353 125495 125693 125762 126090 126098 126130 126449 127103 127109 127599 127750 127758 127828 129195 129360 129818 130167 130192 130210 130329 130587
LI (81):  152 156 160 162 165 171 176 178 179 216 217 224 225 230 232 235 239 243 95811 97263 97817 98993 99384 99400 99852 99899 99901 99902 100510 101798 101799 101800 102935 102937 102939 102940 103415 104024 104163 104164 104169 104858 105515 105644 106722 110341 114209 122336 122338 122339 122857 124203 124776 124778 124779 125036 125037 125041 125045 125339 125351 125578 125687 125691 126083 126084 126617 127106 127107 127743 127744 127745 127747 129613 129794 129797 129806 129814 130156 130165 130189
NODE_NUM = 192
FILE hyp_sub_660.aig

# Subcircuit 661
SUB_ID 661
LO (69):  96577 96664 96666 96674 96687 96694 96698 96700 97135 97234 97359 97545 97943 99007 99535 100493 101793 103159 108222 109568 111432 112104 112108 112547 113323 113776 113780 113784 114161 114449 114730 114751 114861 115160 115253 115591 115965 116016 116313 116595 116685 116709 117135 122625 123195 124425 125019 125063 125124 125127 125293 125331 125591 125687 125691 125842 125855 125883 125902 125953 125960 126237 126314 126430 126586 126932 127017 132981 133635
LI (83):  144 146 149 154 181 184 210 211 214 240 246 249 250 251 96690 97134 97228 97232 97543 101791 103158 104288 106387 107651 112107 112542 112545 113011 113560 113772 113778 113779 114154 114155 114159 114448 114719 114727 114749 115252 115948 115950 115952 115953 115961 116014 116590 116593 117499 119339 122620 122623 122624 124401 124405 124421 124711 124975 125058 125061 125118 125288 125291 125311 125312 125315 125316 125327 125650 125654 125664 125686 125794 125815 125817 125825 125826 125837 125841 125959 126585 126931 127016
NODE_NUM = 192
FILE hyp_sub_661.aig

# Subcircuit 662
SUB_ID 662
LO (48):  96702 96712 96724 96728 97248 97258 97559 97566 97882 97969 98298 98824 99130 118542 119279 119326 119950 120243 120492 120493 121676 121889 121890 122166 122529 123263 123638 123822 123825 124264 124269 124311 124840 135436 135440 135489 135591 135593 135605 135645 135668 135683 135756 135762 135769 135838 136655 139284
LI (71):  139 142 143 193 202 252 253 256 97247 97255 97257 97560 97562 97564 97877 97878 97880 97965 97968 98295 112453 118539 118540 119271 119277 120491 121670 121673 121879 121882 121883 121886 122528 123258 123259 123261 123627 123629 123630 123632 123636 123821 124263 135242 135364 135366 135367 135385 135391 135404 135411 135415 135420 135426 135431 135435 135471 135472 135485 135529 135535 135573 135581 135620 135641 135691 135749 135832 135836 135908 136653
NODE_NUM = 196
FILE hyp_sub_662.aig

# Subcircuit 663
SUB_ID 663
LO (74):  96729 96862 97011 97013 97033 97035 97050 97061 97067 97086 100759 101158 101161 101799 102385 107655 107832 109288 111288 111419 111420 112123 112142 112464 112542 112545 112869 112951 113148 114465 116052 116590 116722 116908 117009 117017 117107 117380 118150 118175 118816 120301 121079 121089 121376 121377 121550 121882 121886 122528 123288 124401 124739 124742 124965 125061 125097 125224 125339 125462 125568 125654 125686 126011 126106 127399 127669 127836 128207 128272 128312 128315 130433 132643
LI (87):  146 155 165 176 177 185 186 190 204 208 209 218 229 240 248 97008 97010 100415 107338 110369 111241 111450 112117 112120 112121 112397 116031 116033 116035 116044 116050 116589 116993 116998 117000 117008 117106 117364 117367 117378 117590 118171 120300 121069 121070 121078 121374 121549 121881 121885 123057 123257 123877 124393 124394 124399 124557 124713 124727 124730 124731 124733 124737 124958 124959 124961 124962 125058 125082 125086 125095 125561 125567 125670 125675 125684 126008 127391 127393 127395 127640 127643 127644 127651 127667 127834 128306
NODE_NUM = 198
FILE hyp_sub_663.aig

# Subcircuit 664
SUB_ID 664
LO (46):  97089 97123 97127 97128 97560 97877 98295 108937 109355 109817 110284 110294 110594 110597 111054 111107 131791 132137 132141 132213 132521 132596 132689 132868 132959 133092 133114 133139 133228 133394 133423 133597 133601 135472 135529 135535 135641 135649 135717 135832 135836 135908 136653 139293 139303 139312
LI (71):  139 140 141 164 230 253 254 255 97876 97966 109228 109806 109808 109815 110269 110273 110274 110283 110583 110591 131420 131424 131785 131787 131788 132139 132515 132519 132588 132593 132682 132686 132687 132933 132956 132957 133091 133106 133112 133209 133213 133216 133219 133224 133420 133594 135520 135522 135524 135549 135627 135630 135631 135632 135634 135639 135772 135799 135812 135815 135827 135831 135902 135906 135966 135968 135977 136037 136039 136079 136647
NODE_NUM = 198
FILE hyp_sub_664.aig

# Subcircuit 665
SUB_ID 665
LO (70):  97134 97154 97156 97164 97165 97223 97228 97232 97242 97800 98008 98023 98196 98287 98367 99475 99906 101195 101886 102387 102391 103639 104171 107342 107742 107824 108378 108495 109571 109608 109614 109860 109867 110307 110479 126242 126331 126346 126356 126607 126648 126841 126843 127106 127338 127442 127651 127707 128018 128065 128177 128180 128263 128306 128693 128703 128810 128935 128940 129164 129169 131431 131960 131965 132979 133286 133540 133594 133839 133843
LI (72):  148 149 152 158 169 172 173 174 220 221 222 225 235 236 242 245 246 97162 97240 97540 97639 97796 97797 98016 98019 102385 102390 107729 108492 108493 109283 109570 109603 109865 122619 126048 126063 126335 126336 126345 126647 126837 126838 126840 127342 127649 127697 127698 127705 128040 128176 128324 128685 128690 128805 128808 128934 129159 131405 131407 131409 131418 131427 133048 133275 133277 133279 133284 133572 133580 133584 133590
NODE_NUM = 189
FILE hyp_sub_665.aig

# Subcircuit 666
SUB_ID 666
LO (49):  97240 97247 97249 97252 97255 99485 100264 101033 101529 103384 104726 104731 118946 119542 119545 119686 122061 122346 122349 122597 133673 133683 133888 133890 133911 133940 134172 134452 134617 134749 134767 134774 135027 135028 135186 135187 135219 135221 135366 135485 135573 135665 135691 135749 135771 135902 135906 135977 136673
LI (71):  138 142 143 151 197 243 251 255 97876 98983 99481 102889 103379 103382 104721 118920 118924 118925 118927 118933 118942 119536 122055 122057 122059 122345 133325 133508 133672 133677 133681 133862 133863 133887 134165 134166 134598 134599 134603 134613 134724 134740 134746 134970 134976 135004 135010 135015 135019 135024 135097 135179 135183 135209 135216 135480 135481 135483 135548 135559 135561 135564 135567 135571 135657 135663 135726 135730 135739 135891 135893
NODE_NUM = 198
FILE hyp_sub_666.aig

# Subcircuit 667
SUB_ID 667
LO (71):  97261 97263 97317 97360 97362 97513 97515 97521 97524 97665 97740 98089 98624 104195 104542 105103 105108 105370 105552 105688 106129 106315 106722 107099 116542 116557 116843 116848 117028 117244 117458 117492 117613 117656 117875 117970 117973 118143 118405 120527 120894 121883 121947 122389 122624 122857 122994 123395 123397 123516 123648 125037 125327 125510 125558 125825 125826 125987 125992 126084 126135 126378 126570 126711 126984 134782 134828 134830 134989 134997 135995
LI (88):  136 138 151 191 192 193 200 201 216 242 256 81541 97302 97304 97306 97310 97315 97664 98623 99340 103372 103378 104191 104539 104540 105098 105346 105349 105358 105366 106308 106309 106313 107098 116534 116536 116537 116539 116840 116841 116842 116846 116993 117022 117023 117026 117037 117449 117451 117455 117491 117611 117631 117633 117634 117644 117653 117964 120889 122382 122385 122386 122388 122681 122976 122978 122979 122990 123394 125322 125325 125505 125506 125552 125555 125820 125986 126055 126374 126375 126564 126568 134779 134780 134781 134792 134797 134827
NODE_NUM = 199
FILE hyp_sub_667.aig

# Subcircuit 668
SUB_ID 668
LO (79):  97525 97530 97531 97532 97550 97554 97555 97562 97823 97832 97965 97967 98989 99481 99511 99630 99635 99882 100187 100714 100719 104265 104266 105047 108940 109897 112397 113347 113349 114023 114027 114211 114225 114233 114805 114998 115262 118942 119331 119681 119763 119773 120165 120414 120626 120874 121669 121670 125402 125611 125820 126091 126094 126596 128780 129015 129211 129237 129262 129586 129591 129772 129786 129895 130165 130994 135179 135183 135216 135222 135223 135225 135230 135335 135340 135344 135420 135426 135431
LI (78):  140 141 142 143 174 175 187 205 217 218 249 250 251 252 97966 98983 98985 98987 99480 99506 99508 99629 99876 99880 100713 103411 114025 114026 114210 114212 114213 114214 114224 116033 118935 118937 118938 119664 119666 119679 119751 119753 119762 120620 120623 120624 121872 125397 125615 126093 126595 128555 128774 128777 129584 129588 129589 129604 129765 129771 130162 130993 134816 135087 135128 135129 135138 135145 135150 135161 135165 135169 135172 135178 135317 135319 135328 135329
NODE_NUM = 200
FILE hyp_sub_668.aig

# Subcircuit 669
SUB_ID 669
LO (66):  97564 97582 97600 97607 97623 97624 97629 97636 98332 98855 99420 100232 100505 101894 102486 102895 103379 103728 103733 103889 104471 104555 105644 105717 105997 106896 107415 107650 107770 107880 107995 108797 108813 108816 109228 109229 113079 113088 113881 114258 130765 130774 131051 131078 131187 131510 131547 131557 131978 132220 132956 133862 133863 134001 134009 134030 134092 134219 134259 134317 134408 134482 134485 134496 134918 134920
LI (83):  138 148 153 155 156 162 224 231 236 237 239 244 254 91721 100231 101996 102483 102484 102890 102891 102893 103378 103723 103982 104278 104548 104552 104554 105714 105992 106145 106893 106894 107391 107392 107393 107395 107404 107411 107853 107856 107857 107866 107876 108695 108812 112432 113066 113069 113078 113869 113878 115455 122337 130753 130755 130764 131059 131070 131076 132781 132954 133854 133855 133856 133859 133992 133994 133996 133998 134018 134027 134089 134090 134239 134241 134244 134255 134403 134405 134476 134808 134919
NODE_NUM = 198
FILE hyp_sub_669.aig

# Subcircuit 670
SUB_ID 670
LO (76):  97639 97643 97648 97664 97667 97674 97679 97981 98276 98467 99399 101170 101778 102603 102891 102947 104027 105349 106027 106647 108697 109806 109815 110583 113561 113917 114464 116164 116564 116841 117491 117622 118399 121702 122059 122345 123057 123058 126580 126857 127028 127498 127667 127743 130770 130954 131168 131407 131529 131537 131812 131857 132068 133279 133495 133637 133649 133742 133793 133887 133947 133983 133992 134013 134027 134146 134211 134724 134827 134879 134884 134888 134985 135002 135083 135260
LI (83):  137 147 150 151 158 159 189 204 232 234 241 245 255 97978 97979 98273 98466 99398 101554 105348 106021 106024 106025 109315 109792 109793 109805 110777 113560 116497 116563 116840 117281 117489 117620 122665 126573 126575 126578 126624 126852 126855 127656 127659 127660 127664 130766 131403 131454 131520 131528 131811 131843 131855 132916 132924 133489 133490 133493 133643 133646 133647 133719 133728 133733 133738 133780 133781 133785 133791 133880 133885 133985 133991 134208 134607 134706 134707 134720 134804 134814 134823 134874
NODE_NUM = 200
FILE hyp_sub_670.aig

# Subcircuit 671
SUB_ID 671
LO (80):  97747 97797 97809 97810 97817 97825 97827 97843 97845 97849 97869 98634 98978 98979 99666 99952 101057 101357 102004 102390 102575 103067 103196 103781 105180 105348 107382 108333 111396 111515 112200 112201 112356 112361 113164 114158 114848 117266 117711 118219 118920 120316 121662 121663 121885 122169 123583 126034 126467 126659 126930 126939 127475 127738 129794 130006 130333 130386 130391 130950 130951 130959 131302 131304 131998 133647 134944 135087 135128 135161 135165 135172 135209 135294 135299 135317 135319 135349 135435 135506
LI (81):  138 147 151 157 162 188 190 201 202 227 228 234 236 239 240 246 253 97611 97659 97848 98632 98633 98977 100496 101993 101995 101997 102002 103184 103193 111224 111391 111394 111772 112351 120891 125604 126032 126915 126918 126919 126929 127466 127471 129301 130001 130002 130004 130332 130381 130942 130945 130946 131297 131811 134810 134889 134914 134918 134919 134920 134928 134934 134938 134942 135050 135052 135053 135055 135064 135074 135080 135086 135095 135124 135194 135198 135207 135306 135312 135316
NODE_NUM = 197
FILE hyp_sub_671.aig

# Subcircuit 672
SUB_ID 672
LO (47):  97873 97876 97878 97880 97966 99548 99917 99927 100286 100291 100373 101135 121850 122330 122572 122574 122688 122847 122887 122965 123463 127139 127342 127348 127788 127919 136203 136204 136253 136254 136300 136301 136342 136343 136380 136381 136445 136450 136451 136633 139328 139338 139347 139357 139367 139377 139387
LI (59):  135 137 187 204 252 254 256 99542 99544 99546 99916 99926 100285 100367 100370 121708 121847 121848 122306 122308 122317 122326 122567 122681 122685 122686 122838 122843 127131 127135 127136 127138 127345 127346 135265 136140 136156 136157 136167 136176 136182 136189 136195 136198 136219 136246 136248 136260 136264 136268 136280 136297 136336 136337 136358 136364 136373 136444 136447
NODE_NUM = 183
FILE hyp_sub_672.aig

# Subcircuit 673
SUB_ID 673
LO (119):  97889 97912 97921 97937 97951 98010 98016 98047 98340 98342 98349 98351 98466 98470 98473 98674 98688 99004 99016 99506 99710 100134 100389 100713 100781 101202 101547 101924 101927 102052 102616 102988 103478 103488 103497 103605 104130 104145 104286 104512 104520 104521 104629 105397 105572 105744 105964 105965 105972 105982 106198 106376 106676 106760 106861 107381 107736 107834 108226 108848 109890 110695 110697 110764 110773 111154 111772 112105 113743 113744 116018 116577 117002 117480 118227 118565 118566 119320 119777 120574 120958 121107 121109 121698 121700 122006 122293 122394 122654 124529 124711 124727 124737 125203 125397 125563 125567 126008 126349 126668 127379 128511 128512 130325 130442 130767 130995 131811 132226 132472 132663 132664 132812 132814 132894 132896 133181 133329 133511
LI (96):  143 146 147 153 154 158 165 181 182 183 184 185 207 210 212 221 226 231 233 238 239 240 244 245 247 98687 99003 99011 99012 99014 99505 100129 100130 100775 100776 100779 101789 101803 101926 102613 103474 103476 103479 103480 103487 103600 104129 104507 104510 104519 105190 105391 105392 105395 105963 105970 106197 106296 106370 106374 106759 107346 107732 108225 111152 113742 116134 117105 117574 119776 120216 120576 121108 121697 122005 123257 124183 124187 124710 124714 124715 124717 124726 125057 125564 128095 130441 130766 132225 132471 132653 132662 132813 132884 132893 132895
NODE_NUM = 200
FILE hyp_sub_673.aig

# Subcircuit 674
SUB_ID 674
LO (69):  98475 98493 98498 98500 98514 98525 99011 99024 99629 99832 100661 101993 102002 102370 103184 103723 107346 107348 109292 111261 111272 111404 111989 111994 112225 112235 112351 112742 112996 116534 117122 117582 119236 120578 122055 122336 122810 124776 125036 125045 125351 125435 128696 129316 129322 129731 129736 131773 132122 132350 132609 132615 132662 132704 132808 133057 133066 133324 133414 133572 133896 135657 135663 135726 135730 135812 135815 135891 135893
LI (89):  136 143 162 179 183 196 208 211 229 248 255 99010 99019 99020 99022 100660 101501 101979 101982 101992 102364 102367 102368 107347 109290 110738 110995 111254 111258 111399 111400 111402 111984 112210 112214 112217 112224 112460 112739 116021 116530 121399 122333 122334 124770 124771 124773 125022 125023 125026 125035 125349 125434 128998 129319 129320 129730 130008 131385 131767 131768 131771 132319 132324 132332 132335 132342 132348 132657 132660 133049 133052 133056 133319 133322 133563 133565 133569 135481 135649 135653 135654 135703 135705 135706 135708 135722 135811 135888
NODE_NUM = 200
FILE hyp_sub_674.aig

# Subcircuit 675
SUB_ID 675
LO (51):  98585 98617 98623 98627 98756 99250 99323 99542 99595 99788 100367 100887 115065 115066 117710 117720 118256 118265 118419 118422 118669 118778 119213 119277 126852 130369 130370 130470 130479 130648 130892 130945 130946 131015 131226 135888 136025 136032 136036 136112 136123 136129 136246 136248 136264 136297 136336 136337 136352 136373 136409
LI (71):  134 136 141 175 215 254 256 98567 98572 98574 98576 98580 98584 99239 99244 99245 99322 99541 100366 114878 117630 117632 117694 117696 117698 117709 118248 118253 118413 118416 118653 118656 118657 118665 130131 130362 130364 130366 130458 130459 130461 130469 130633 130637 130646 130882 130890 130944 135373 135626 135773 135866 135868 135869 135875 135880 135886 135989 136010 136011 136015 136019 136210 136212 136215 136226 136232 136239 136245 136311 136328
NODE_NUM = 192
FILE hyp_sub_675.aig

# Subcircuit 676
SUB_ID 676
LO (71):  98633 98645 98650 98662 98670 98687 98690 99385 99725 104548 106412 106741 107166 108485 108709 109318 109579 110283 111001 111043 111595 112873 113560 113996 113999 114884 115425 116329 116592 117271 118009 118904 118976 119679 119750 121712 121847 122037 122239 122241 122382 122517 122608 122685 123165 123390 123392 123821 124151 124593 124596 125312 126568 128324 128325 128926 129154 129245 131454 131750 133503 133728 133733 134116 134358 134363 134411 135124 135288 135415 135581
LI (84):  135 149 155 157 184 187 191 199 203 205 232 235 241 255 99384 99400 105188 106409 106411 108701 108706 108707 109317 109793 110280 110281 110996 110997 110999 113994 115421 118006 118636 118969 118972 118973 121228 121709 121710 121846 122024 122025 122029 122030 122032 122035 122238 122501 122515 122683 123374 123376 123378 123389 123819 123954 124145 124147 124587 124590 124973 126567 128053 128901 128902 128905 128914 128922 129244 132957 133500 133501 133727 134098 134101 134105 134112 135103 135105 135107 135109 135120 135281 135286
NODE_NUM = 199
FILE hyp_sub_676.aig

# Subcircuit 677
SUB_ID 677
LO (64):  98796 98801 98853 98861 98977 98983 98985 98987 98991 99418 99480 99843 102342 104156 110026 110269 110273 110749 110760 111602 112992 113585 113586 113950 114224 114855 115303 126282 130498 131070 131202 131211 131275 131278 131389 131641 131759 131900 131903 131919 132045 132247 133052 133060 133061 133106 133112 133245 133322 133569 133705 133711 133717 133855 135866 135886 135966 135968 136037 136039 136079 136140 136647 139322
LI (80):  138 139 159 160 167 170 220 223 229 231 250 251 252 98791 98795 99417 103435 109342 110271 110737 110738 110748 112987 112989 113584 114219 114221 128751 129765 130482 131063 131065 131066 131067 131189 131193 131194 131201 131269 131384 131385 131609 131613 131626 131630 131635 131639 131766 132036 132039 132957 133051 133058 133093 133094 133096 133105 133243 133319 133703 133704 133709 135700 135844 135850 135859 135865 135934 135951 135957 135961 135965 136025 136032 136036 136064 136066 136130 136134 136645
NODE_NUM = 200
FILE hyp_sub_677.aig

# Subcircuit 678
SUB_ID 678
LO (87):  98993 99003 99010 99012 99018 99019 99020 99022 99087 99090 99227 99229 99244 99245 99318 99501 99508 99705 99806 100220 100765 101028 101554 101561 101564 101926 102171 102176 103448 103474 107657 107732 108094 108219 108689 108934 111171 111174 112016 112534 113356 114497 115123 115935 115952 116174 116429 116433 116711 117008 117228 117364 117727 117864 118933 119536 120179 122296 122297 124729 125970 127393 127834 129587 129588 129997 130147 130533 130594 130791 131046 131448 131458 131798 132342 132402 132503 132529 132593 132932 132945 133121 133822 134018 134792 135050 135080
LI (85):  142 145 152 161 168 173 178 186 203 211 212 217 221 229 238 244 247 248 98516 99215 99217 99220 99226 99241 99243 99500 99507 99700 99703 100401 101024 101563 102166 102983 107655 108093 108688 110703 111169 113355 114153 115055 115118 115119 115120 116172 116427 116432 116455 117004 117005 118522 118929 122005 127391 129586 130130 130133 130138 130143 130789 131433 131435 131438 131447 132335 132339 132340 132379 132381 132382 132384 132392 132398 132923 132924 132928 132929 133665 133817 133818 134647 134787 134788 135045
NODE_NUM = 200
FILE hyp_sub_678.aig

# Subcircuit 679
SUB_ID 679
LO (59):  99340 99341 99343 99346 100370 100938 101520 101525 102166 102239 102243 102689 118533 118935 119181 122722 123238 124470 124771 125349 127093 131418 131486 131744 132036 132039 132954 133371 133584 133590 135480 135653 135705 135773 135799 135880 135965 136156 136167 136239 136268 136484 136488 136509 136510 136533 136534 136557 136558 136580 136582 136591 136620 136628 139397 139407 139416 139426 139436
LI (71):  130 134 137 143 163 195 253 255 100368 100927 100928 100931 100932 100936 101509 101510 101514 101518 102236 113778 114636 118232 118531 122716 122718 124161 124770 126635 127080 127081 131249 131414 131415 131481 131484 131743 132035 133348 133350 133360 133367 135367 135652 135704 135708 135777 135778 135786 135795 136144 136154 136266 136411 136453 136458 136468 136476 136479 136487 136501 136526 136530 136535 136542 136544 136550 136563 136564 136568 136572 136577
NODE_NUM = 199
FILE hyp_sub_679.aig

# Subcircuit 680
SUB_ID 680
LO (109):  99367 99370 99375 99384 99387 99398 99400 99410 99417 99472 99489 99498 99835 99871 99901 100121 100123 100469 100471 101185 101204 102619 104526 104852 105188 105190 105191 105192 105507 105970 106374 106612 106788 107273 108381 109825 109858 110703 111382 111383 111773 112529 113013 113080 113548 114349 114352 114431 115119 116025 116031 116816 116993 117004 117005 117653 117886 118029 118273 118636 118641 119330 119726 119799 120138 120181 120267 120670 121069 121070 121401 121549 122029 122057 122256 123258 123300 123360 123629 123945 124213 124438 124454 124958 124959 125110 125311 125554 125555 125815 125817 125972 126257 126319 127357 127902 128089 128095 128274 128576 128836 129083 129277 129710 130474 130745 130746 131520 132651
LI (95):  144 150 154 157 166 176 177 179 191 193 196 198 209 212 220 222 230 233 234 235 244 99834 99870 99900 100120 100122 100500 105965 105966 105969 106373 108380 111381 111430 111772 113542 113543 113546 114155 114343 114347 115463 116018 116022 116024 116030 116801 116814 117002 117591 117648 118201 118271 118640 119328 119724 119794 119798 120135 120260 120261 120265 120522 120669 120890 121394 121395 121396 121399 122028 123257 123299 123628 123944 124433 124435 124437 124740 125023 125307 125553 125798 125810 125814 127901 128040 128271 128272 128822 128834 129270 129274 129275 130744 131165
NODE_NUM = 200
FILE hyp_sub_680.aig

# Subcircuit 681
SUB_ID 681
LO (78):  99500 99502 99505 99513 99516 99518 99533 99541 99975 100129 100385 100401 100407 100839 100844 100927 100936 101304 101509 101518 101573 101804 101840 102114 102364 102978 102998 103392 103487 103953 104203 104554 104613 104721 105098 105358 106025 106227 106968 107076 117039 128996 129000 129490 129611 129771 129871 129885 129920 130162 130221 130997 131412 131427 132035 132966 133632 133633 133780 133791 133854 134070 134165 134166 134295 134311 134507 134788 134804 135045 135235 135316 135328 135329 135359 135708 135775 135867
LI (81):  135 141 143 144 146 148 165 171 218 240 242 243 245 246 247 253 99970 99973 100128 100130 100405 100420 100838 100912 100916 100926 101496 101498 101508 101803 101978 102994 102996 103386 103388 103390 103482 103484 104198 104200 104550 104553 105353 105356 106219 106224 126264 128994 128995 128998 129001 129270 129470 129479 129484 129488 129604 129605 129608 129768 129868 130161 131421 131425 132031 133276 133789 133846 133849 134150 134159 134160 134290 134291 134293 134308 134778 135034 135037 135038 135323
NODE_NUM = 199
FILE hyp_sub_681.aig

# Subcircuit 682
SUB_ID 682
LO (74):  99544 99546 99608 99612 99700 99703 99834 99846 99850 99937 99970 100366 100931 101585 104497 104740 105484 107395 107846 108656 108780 108788 109120 109349 109831 110024 111238 111258 111399 112436 112437 112439 112449 113299 114015 121432 122238 122676 124572 124581 124980 125118 125664 129319 130036 130251 130259 130334 130381 130633 132781 132782 133093 133785 133808 134664 134834 134865 134874 135064 135109 135120 135169 135237 135281 135286 135323 135461 135673 135674 136444 136447 136453 136476
LI (86):  133 136 151 152 158 161 180 208 227 230 237 238 253 256 99605 99607 99920 99936 100930 104491 104493 104495 106906 107860 108654 108772 108779 109343 109346 110736 111398 112210 112426 112429 112435 112438 117667 118171 121422 121427 121431 124564 124568 124569 124974 124976 125662 129318 129575 130031 130034 130242 130243 130247 130248 131561 133783 134107 134643 134646 134648 134650 134658 134662 134828 134830 134901 135059 135061 135113 135117 135118 135232 135234 135235 135280 135454 135459 135672 136392 136394 136396 136405 136409 136432 136434
NODE_NUM = 198
FILE hyp_sub_682.aig

# Subcircuit 683
SUB_ID 683
LO (79):  99852 99856 99876 99880 99898 99899 99900 99902 99916 100426 100775 100919 100926 101313 102102 102105 103433 106902 107245 107404 107876 108173 108332 108344 108695 108696 108706 108779 108812 109098 109316 109317 109792 110255 110280 110754 110755 110996 110997 112217 112739 129597 129995 130768 132977 132985 133105 133350 133490 133500 133781 133814 133920 133996 134112 134125 134158 134349 134429 134530 134584 134643 134648 134662 134753 134779 134914 134938 135004 135074 135150 135194 135198 135207 135306 135312 135950 135998 136057
LI (83):  136 139 140 153 154 157 160 228 231 232 234 235 248 249 251 97814 100420 100421 100422 100424 100774 100923 100924 107391 107399 107401 107868 107870 107871 108331 108704 108776 108777 108810 109315 109345 110279 110753 110995 111398 112213 112214 131784 132657 132966 132968 132976 133808 133812 133816 133915 133918 134108 134109 134410 134411 134414 134422 134427 134524 134525 134528 134638 134647 134778 134781 134893 134894 134899 134907 134913 134986 134988 134989 134990 134997 135002 135066 135068 135071 135303 135946 135947
NODE_NUM = 200
FILE hyp_sub_683.aig

# Subcircuit 684
SUB_ID 684
LO (72):  99919 99920 99921 99926 99934 99935 99936 99944 99945 100431 101510 101992 102372 103193 106308 106313 106912 107098 107332 107393 107673 108654 109335 109805 110039 110591 114195 114664 114673 114894 115622 116069 116078 116212 116495 116505 116764 117113 120281 120526 120781 121008 124564 125041 125095 125382 125505 126629 127039 127044 134392 134894 134905 134906 135069 135232 135234 135404 135468 135496 135520 136154 136260 136392 136411 136432 136434 136468 136479 136501 136526 136530
LI (82):  132 136 137 149 150 151 194 222 237 239 251 252 255 92588 99943 100430 101985 101986 101989 105345 106021 106311 106767 106907 106908 106910 109334 109338 109799 109802 110037 113797 114006 114190 114191 114649 114653 114663 115035 115613 115618 116061 116065 116066 116488 116490 116492 116589 120276 120278 120520 120523 124557 124561 124562 125504 126625 126627 127034 133348 134904 135058 135390 135392 135395 135402 136003 136150 136322 136384 136388 136390 136391 136419 136420 136423 136431 136461 136464 136465 136519 136524
NODE_NUM = 196
FILE hyp_sub_684.aig

# Subcircuit 685
SUB_ID 685
LO (57):  99943 99967 99973 100066 100088 100122 100414 100908 101107 116492 116868 116874 117644 117964 119009 119017 119310 119653 119820 119829 120161 120211 120420 120586 120611 120618 120772 121238 121240 121269 130759 130977 131447 131471 131810 131864 131955 132015 132825 132976 133131 133224 136542 136645 139331 139341 139350 139360 139370 139380 139390 139400 139410 139419 139429 139439 139449
LI (100):  132 133 167 173 177 211 215 221 255 256 100058 100060 100064 100079 100081 100084 100413 116147 116489 116873 117638 117641 117642 117703 118605 118609 118999 119008 119249 119309 119645 119651 119812 119813 119816 119817 120208 120209 120582 120584 120610 120617 121239 131248 131443 131444 131469 131802 131804 131805 131806 131859 131862 132013 132471 132819 132822 132971 136203 136204 136253 136254 136300 136301 136342 136343 136380 136381 136445 136450 136451 136484 136509 136510 136533 136534 136536 136537 136540 136557 136558 136561 136580 136582 136616 136620 136628 136633 139328 139338 139347 139357 139367 139377 139387 139397 139407 139416 139426 139436
NODE_NUM = 197
FILE hyp_sub_685.aig

# Subcircuit 686
SUB_ID 686
LO (82):  100128 100130 100210 100231 100312 100368 100375 100378 100405 100916 101121 101130 101422 101496 101541 101995 102720 104227 104566 104568 104858 105114 105356 105974 106318 106382 110748 110777 110779 111611 111648 111758 112129 112473 112498 112614 113473 115035 115042 115051 115459 115470 115961 116301 117504 118077 119703 120208 120610 121371 121679 129806 130143 131164 131189 131385 131435 131472 131581 131584 132784 132818 132819 133360 133482 133563 133565 134707 134919 136003 136010 136019 136130 136134 136157 136189 136198 136210 136219 136245 136535 136536
LI (91):  131 133 140 142 155 166 175 212 223 234 245 246 247 254 256 100100 100198 100298 100300 100302 100306 100310 100914 101495 101534 101538 101539 101540 101994 104219 104220 104221 104225 104565 106018 106381 107330 109879 110361 110743 110746 110776 111469 111752 111753 111756 112468 112471 114197 115034 115038 115039 115450 115452 115453 115456 116966 117500 117503 119251 120207 121678 125589 129803 129804 130981 131158 131160 131161 131574 132651 132783 133355 133356 133562 135852 135855 136000 136002 136004 136007 136087 136088 136092 136100 136104 136113 136118 136123 136129 136460
NODE_NUM = 199
FILE hyp_sub_686.aig

# Subcircuit 687
SUB_ID 687
LO (109):  100413 100415 100416 100420 100422 100424 100428 100429 100430 100443 100459 100476 100491 100923 100942 101508 101878 101883 101979 102537 102539 103151 103271 104154 104491 104499 105523 105532 106370 106377 107160 108373 108492 108493 109236 110736 110737 112197 112971 112976 113542 113546 113608 113779 113797 113804 113813 113987 114190 114191 114347 114749 114784 115034 115072 115948 116057 116145 116824 117010 117694 117696 118416 118656 118657 119013 119232 119812 120252 120265 120669 120854 122663 123972 124741 125129 126032 126284 127115 127144 127327 129604 129605 129608 129833 130130 130131 130133 130206 130728 131038 131524 132142 132398 132540 132545 133048 133049 133319 133489 133493 134108 134241 134706 134780 134797 136002 136113 136118
LI (88):  137 138 147 150 158 160 166 176 177 191 195 210 218 221 227 229 248 249 250 92588 100120 100921 100941 101501 101504 101505 101506 101881 101882 101978 102531 102536 102538 104153 104490 105964 106371 106376 108491 110271 112192 112194 112970 113540 113545 113584 113778 113795 113796 113800 113801 113986 115028 115031 115032 116140 116143 117695 118654 119806 119809 119810 120263 120668 124740 129275 129607 129828 129831 130129 130132 130423 130457 130725 130726 131420 131757 132535 133047 133318 134107 134240 134700 134703 135996 135998 136000 136112
NODE_NUM = 200
FILE hyp_sub_687.aig

# Subcircuit 688
SUB_ID 688
LO (105):  100496 100500 100510 100645 100654 100660 100662 100762 100774 100776 100779 100912 100978 101042 101168 101169 101539 101952 101954 102623 102965 102966 103411 103415 103668 104214 104253 104490 104839 105036 106409 106411 107871 108483 109603 113745 113796 114429 114457 114486 114628 114629 114637 114639 114667 115057 115079 115092 115095 115205 115207 115656 115898 116172 116497 116502 116846 117746 118207 118279 118558 118588 118593 118726 118782 118811 118963 119345 119346 119387 119762 119766 119767 120402 121881 123033 123540 123545 123600 124110 124846 124847 124973 124976 125315 125594 126139 126157 126295 126335 126575 126595 127126 127578 127584 128014 128918 129305 129797 130161 131242 132139 134277 134393 134718
LI (85):  139 149 151 152 165 169 175 178 180 181 186 201 206 207 209 211 218 219 222 233 234 235 246 101041 101951 102964 103409 104247 104251 104838 105958 108477 108479 113596 114481 114482 114485 114636 114638 115072 115074 115077 115089 115200 116135 116501 116845 116884 117743 117744 118181 118182 118184 118195 118196 118197 118199 118201 118205 118557 118587 118804 118809 118971 118973 119384 119756 119759 119760 123029 123030 123535 123596 123597 124844 124975 125313 125423 125606 126138 126334 127121 127124 127577 128013
NODE_NUM = 199
FILE hyp_sub_688.aig

# Subcircuit 689
SUB_ID 689
LO (71):  100914 100921 100924 100928 100930 101506 101514 101978 101985 101986 101989 102367 102374 102378 102897 103388 104010 104018 134808 134814 134986 134988 135052 135271 135364 135411 135454 135459 135471 135548 135559 135567 135571 135620 135702 135739 135781 135795 135875 135934 135961 136064 136066 136100 136174 136182 136212 136215 136266 136358 136364 136388 136394 136419 136431 136458 136461 136463 136464 136519 136524 136540 136544 136550 136563 136564 136577 136616 139459 139496 139510
LI (69):  130 133 134 135 136 139 147 247 250 251 252 101512 102366 102377 102896 103459 104015 131464 134086 134716 134811 134812 134985 135051 135113 135243 135246 135256 135269 135356 135359 135361 135449 135466 135468 135542 135549 135550 135552 135558 135699 135700 135789 135793 135914 135922 135933 136063 136094 136098 136211 136214 136344 136352 136357 136388 136455 136460 136462 136514 136516 136522 136561 136591 136592 136600 136603 136605 136608
NODE_NUM = 199
FILE hyp_sub_689.aig

# Subcircuit 690
SUB_ID 690
LO (84):  100932 100950 100952 100964 100967 100969 100971 100980 100991 101017 101594 102149 105366 105986 105989 106219 106402 106898 106900 107399 107401 107860 107866 108251 108513 108826 109059 109061 109880 110323 111216 111428 111453 111454 112587 113110 113358 113359 113581 113592 113878 114343 114663 115627 117104 117106 117590 117597 117703 117709 117862 118065 118413 118433 118523 118612 118622 119109 119316 121431 122052 122588 122976 123394 123528 129831 130013 130755 132225 132332 132476 132588 132631 132884 132924 132928 133355 134403 134613 134762 135700 135922 136063 136195
LI (88):  132 145 155 157 160 169 170 178 181 205 208 216 217 226 229 230 240 254 101593 102148 104461 105361 105364 105985 106906 107398 107400 107409 107864 109060 109297 109879 110320 110321 111423 111425 111452 112425 113103 113104 113105 113108 113357 113574 113575 113576 114657 114658 114661 116486 116995 117105 117591 117595 117706 117707 117860 118187 118522 118604 118606 118609 119315 121429 122047 122048 122050 122970 122971 122973 123526 130491 131533 132329 132330 132625 132626 132629 132926 133480 134242 134608 134611 135852 135919 135920 136057 136061
NODE_NUM = 194
FILE hyp_sub_690.aig

# Subcircuit 691
SUB_ID 691
LO (79):  101024 101050 101060 101153 108116 108356 109191 109901 110677 110681 111670 112204 113167 113583 114636 116870 118195 118557 118791 118899 118912 120590 123266 123270 123277 123882 124184 124299 124421 124856 124986 126063 126070 126385 126585 128099 128320 129194 129302 129314 129569 129748 129750 130004 130793 130942 131269 131414 131415 131787 131866 131869 132146 132490 133275 133284 133342 133508 133535 133655 133719 133738 133817 134036 134291 134390 134399 134626 134631 135265 135269 135303 135385 135390 135402 135542 135627 135722 135865
LI (74):  130 142 149 153 164 167 168 175 180 203 205 219 222 256 108352 108353 109899 110258 110676 112200 112201 113164 113582 118188 118191 118898 123265 124287 124295 124412 124419 125504 126065 126068 128318 128796 129183 129301 129309 129312 129568 129743 130487 130741 130938 131173 131412 131786 133274 133329 133334 133337 133512 133513 133523 133531 133711 133717 133816 133914 134374 134377 134378 134389 134621 135261 135263 135376 135379 135381 135626 135713 135716 135717
NODE_NUM = 199
FILE hyp_sub_691.aig

# Subcircuit 692
SUB_ID 692
LO (89):  101188 101286 101470 101495 101498 101501 101504 101512 101997 102889 102890 104219 104220 104560 106150 106319 106894 108663 109339 110037 113395 113545 113795 114366 114803 115031 116003 116587 116873 117238 117641 120561 122945 122952 123059 123535 123933 124161 124165 124471 124631 124773 125423 125428 125578 125580 125590 125810 125986 126138 126254 126929 127471 127697 127705 128039 128199 128574 131420 131421 131757 131758 133356 133523 133703 133789 134716 134720 134889 134942 135055 135086 135113 135631 135634 135703 135713 135716 135778 135811 135844 135850 136176 136226 136232 136311 136328 136391 136405
LI (88):  132 137 138 140 141 148 165 189 196 220 238 244 247 253 101996 102482 103390 104558 108661 109338 110036 113030 113393 113790 113793 114649 115842 116582 116584 117236 117640 119764 120261 120300 122731 122946 122947 122950 123932 124160 124163 124772 124995 125421 125424 125425 125427 125574 125576 125589 125807 126922 126926 126927 127656 127689 127693 127694 128034 128035 128037 130780 131382 133517 133519 133520 133788 134592 134715 134718 134879 134884 134888 135083 135521 135695 135697 135702 135808 136170 136171 136174 136219 136221 136224 136323 136325 136390
NODE_NUM = 196
FILE hyp_sub_692.aig

# Subcircuit 693
SUB_ID 693
LO (66):  101534 101536 101563 101569 101582 101593 101697 101751 102312 102460 102638 102639 108362 108521 109338 115077 122050 125366 128922 129220 131827 132165 132392 132471 132535 134816 134823 134934 136171 136911 138245 138249 138259 138268 139937 139939 139941 139943 139946 139948 139950 139953 139955 139957 139959 139970 139971 149591 149595 149596 150009 150013 150015 152698 153171 153175 153176 153177 153661 153665 153667 154156 154160 154162 154664 154665
LI (93):  129 144 156 174 211 228 241 254 256 100350 100351 100904 100941 101459 101460 101462 101581 101688 101690 101693 101731 101733 101737 101741 101746 101951 108520 125365 125551 128557 128919 131473 131820 131823 132387 132390 134611 134820 134821 136901 136907 138011 138020 138021 138030 138031 138040 138041 138050 138059 138060 138069 138070 138079 138080 138089 138090 138099 138108 138109 138118 138119 138128 138137 138138 138147 138148 138157 138158 138167 138176 138177 138186 138187 138196 138205 138206 138215 138224 138225 138234 138235 138236 138243 138246 138256 139917 139924 139929 139936 139945 139952 139963
NODE_NUM = 198
FILE hyp_sub_693.aig

# Subcircuit 694
SUB_ID 694
LO (100):  101765 101768 101769 101771 101780 101791 101803 101805 101879 101881 101882 101928 101940 101951 102395 102848 103476 103559 104129 104251 104267 104465 105969 105985 106378 106381 106828 107240 107651 107653 107761 107762 107845 108352 108353 108932 108942 110694 111659 112160 113367 113772 114157 114159 114356 115252 115460 115462 115521 116293 116593 117507 117595 117648 117660 117664 118260 118370 118554 118796 119124 119286 119322 119500 119548 119712 119734 120278 120915 121927 121930 124719 124726 125173 125959 126598 127086 127185 127395 127723 127780 127797 128012 128091 128176 128428 128431 128535 128954 128957 130009 130222 130340 130341 130469 130890 130944 134598 134740 134746
LI (75):  142 145 147 164 166 167 170 174 177 179 183 200 205 206 209 210 214 217 220 237 239 241 242 101162 102394 107238 107760 107843 108350 110310 110692 113364 113771 114154 114158 114355 115461 116592 117101 117574 117594 117659 117663 118258 119123 120907 120910 120912 121920 121922 122028 124722 124725 124836 125170 125421 127162 127163 127173 127181 127355 127721 128008 128009 128427 128531 128532 128953 130008 130464 130466 134374 134593 134596 134739
NODE_NUM = 184
FILE hyp_sub_694.aig

# Subcircuit 695
SUB_ID 695
LO (108):  101961 101982 101994 101996 102107 102148 102341 102348 102350 102366 102368 102483 102877 102879 102880 102893 102920 103435 104198 104254 104255 104550 104552 104553 105353 105714 105978 106019 106730 106767 107301 107893 108461 110753 110995 111391 111398 111400 111402 112170 112210 112213 112426 112715 113078 113173 113574 113801 113869 114021 114031 114319 114321 114481 114485 114613 114661 114719 115038 115724 115846 117642 128075 129362 130441 131464 131552 131766 131767 132686 132916 133501 133643 133859 133923 133991 133994 134098 134107 134109 134239 134250 134255 134389 134410 134427 134476 134523 134524 134525 134621 134647 134650 134739 134892 134913 135059 135256 135261 135376 135379 135449 135524 136322 136323 136514 136568 136572
LI (79):  129 134 135 139 152 153 154 155 159 162 223 227 228 229 230 231 244 245 248 249 255 102482 102900 103382 104190 105352 106018 107236 107300 107889 107890 111390 112166 112168 112212 112425 113073 113570 113572 114012 114013 114017 114018 114197 114200 114318 114480 114608 114611 115037 115845 130038 132684 133209 133667 133987 133989 133990 133993 134077 134081 134097 134235 134253 134385 134387 134730 134737 135058 135070 135097 135251 135253 135260 135374 135523 136221 136390 136565
NODE_NUM = 195
FILE hyp_sub_695.aig

# Subcircuit 696
SUB_ID 696
LO (94):  102377 102394 102406 102474 102477 102482 102484 102492 102605 102899 103378 103484 103998 104558 104565 105976 106735 107298 107347 107751 107753 108559 110036 110220 110223 111541 117638 117669 117675 118380 118604 119136 120227 120235 120617 121123 121130 121253 121278 121538 121605 121613 121622 121682 121944 128523 128527 128751 128976 129049 129420 129584 130121 130497 130507 130744 130882 130988 131066 131106 131193 131483 131609 131639 131973 132234 132319 132348 132359 132480 132483 132515 133665 133668 134928 135051 135095 135103 135243 135246 135280 135367 135481 135786 135852 135859 135919 135933 135989 136170 136384 136390 136565 136600
LI (84):  131 132 137 138 140 144 146 163 171 173 210 212 220 237 239 243 245 246 250 102898 107297 107752 110219 110221 116966 117668 117673 118379 118598 118599 118602 119813 120225 120611 120612 120616 120848 121234 121235 121238 121239 121240 121249 121429 121599 121600 121680 124467 128526 128918 129044 129047 130120 130240 130483 130486 130487 130496 130742 130743 130745 131099 131104 131192 131604 131969 131972 132318 132479 132481 133657 134924 134925 135098 135099 135242 135244 135549 135695 135781 135782 135855 135857 135917
NODE_NUM = 199
FILE hyp_sub_696.aig

# Subcircuit 697
SUB_ID 697
LO (89):  102612 102614 102634 102651 102840 102846 102855 102866 103596 105228 108241 108477 108945 109075 109857 109888 110246 110247 110571 111182 111452 114876 114877 115130 115919 116021 116022 116066 116981 116990 117393 117503 118531 119315 119813 119816 120576 121872 121879 122326 122515 122698 122825 122838 123186 123230 123526 123579 123628 124295 124875 125179 125193 125291 125650 125759 126083 126291 126392 126588 126637 127034 128109 128427 128559 128562 128685 128777 128934 128953 129037 129038 129039 129427 129429 129438 129560 131473 131474 132820 132971 134385 134646 134658 134700 134737 134787 135917 136087
LI (87):  131 142 143 145 157 159 176 185 188 193 197 206 214 215 224 240 252 83747 102629 108238 108240 109074 109851 109853 111519 114165 115125 115128 115461 116583 116973 116974 116978 118215 118530 119815 121381 121874 121878 122315 122320 122324 122512 122694 122696 122824 122831 122833 122836 122837 122970 122973 124290 124293 124710 125177 125180 125181 125184 125189 125289 126077 126079 126081 126290 126587 126593 126633 126635 127720 128105 128106 128556 128558 128680 128683 128775 128949 129036 129425 129428 129559 131159 134383 134656 134786 136086
NODE_NUM = 197
FILE hyp_sub_697.aig

# Subcircuit 698
SUB_ID 698
LO (105):  102868 102896 102898 102904 102906 102908 102931 102937 102951 102956 102964 102986 103373 104164 104191 104234 105557 106018 106145 106148 106761 106910 107300 107378 108510 109076 109802 110362 110364 110743 111254 111984 112194 113365 113771 114154 114355 114653 115039 115109 116489 116490 116966 116969 117707 118191 118606 118781 118784 119194 119704 120209 121422 121429 121600 122047 123316 123627 123636 124102 124209 124544 124990 125365 126056 128024 129545 130242 130438 130447 130646 130764 130778 130862 131076 131158 131161 131221 131754 131996 132228 132324 132328 133216 133367 133513 133531 133580 133672 133681 133727 133812 133880 133885 134422 134608 134638 134810 134811 135053 135391 135392 135549 136280 136357
LI (84):  132 133 139 140 146 148 157 162 164 169 173 209 213 218 220 225 234 236 242 243 249 103372 104190 105992 109798 109801 110361 111249 111252 111390 113364 114153 116149 118189 118277 118605 118779 121232 122046 123619 123621 123622 123624 124203 124206 124207 126055 127642 130023 130237 130240 130429 130434 130435 130759 130761 130850 130859 131404 132227 132323 132798 133215 133325 133362 133364 133525 133529 133660 133661 133662 133665 133669 133671 133704 133873 133877 134417 134420 134607 134714 135104 136275 136278
NODE_NUM = 200
FILE hyp_sub_698.aig

# Subcircuit 699
SUB_ID 699
LO (102):  102994 102996 103158 103344 103372 103382 103386 103390 103400 103409 105242 105244 106024 106292 106734 106907 106908 107409 107411 108168 108688 109223 113032 116537 117865 119023 120550 121997 122390 122678 122978 123318 123356 123795 123969 124074 124171 124181 124465 124492 124587 125035 125101 125551 125552 125625 125670 126022 126154 126480 129003 129047 129572 129803 129841 130024 130028 130122 130200 130247 130253 130254 130435 130743 130761 131179 131248 131262 131369 131383 131384 131401 131424 131425 131469 131565 131574 131855 131859 131862 132323 132379 132519 132625 132923 133040 133096 133193 133243 133318 133485 133646 133660 133661 133877 134089 134242 134244 134405 136537 136592 136605
LI (84):  129 133 134 136 139 159 162 163 166 169 174 178 179 181 200 202 215 241 245 246 248 252 253 105243 105345 106733 106906 107406 107408 109222 116544 122030 122831 122977 123351 123354 123617 123786 123791 123966 124170 124179 124459 124462 125030 125032 125362 125620 125622 126479 127660 129046 129568 129836 129839 130023 130245 131067 131174 131177 131192 131247 131249 131252 131260 131382 131465 131560 131564 131805 131852 132517 132917 132919 132921 133047 133094 133192 133645 133658 134087 134243 136488 136604
NODE_NUM = 198
FILE hyp_sub_699.aig

# Subcircuit 700
SUB_ID 700
LO (96):  103417 103459 103482 103489 104015 104184 104279 104461 105360 105361 106839 109240 110301 111024 111532 111538 112114 112135 113011 113611 115922 121235 121574 121585 121591 121697 121843 122024 122035 122048 122319 122320 122360 122364 122367 122534 122567 122667 122694 122696 122824 122902 123205 123283 123295 124561 125561 125957 126058 127385 127689 127976 127978 127991 128040 128291 128690 128789 128822 129814 129828 130043 130138 130218 130228 130421 130987 131528 131802 131804 131881 132013 132386 132387 132836 132929 132933 132937 132942 133056 133191 133219 133529 134081 134083 134261 134285 134301 134729 134730 134899 135523 135914 135951 135957 136061
LI (75):  130 131 144 146 150 157 161 169 170 171 183 191 207 209 211 231 235 251 104182 104278 111531 111536 113610 115059 119756 121381 121383 121405 121573 121576 121582 122018 122020 122363 122558 122561 122664 122665 122693 122822 123274 123292 124559 125548 126922 127168 127683 127686 127688 128284 128287 128289 128688 129808 129812 130039 130040 130217 130427 131523 131524 131526 131803 132479 132827 132831 132834 133190 133527 134078 134080 135913 135936 135939 135950
NODE_NUM = 200
FILE hyp_sub_700.aig

# Subcircuit 701
SUB_ID 701
LO (146):  103493 103674 103981 103982 103994 104108 104127 104140 104142 104153 104163 104169 104182 104183 104190 104464 104529 104530 104913 105015 105327 105329 105346 105540 106158 106759 107333 107760 107856 108233 108238 108240 108479 109069 109074 109099 109284 109767 110705 111148 111152 111423 111763 112117 112175 113115 113355 113610 114155 114165 114214 114318 114396 114633 114871 115074 115421 115517 116530 116543 117000 117515 117519 117620 117659 117673 117678 117860 118233 118379 118639 118640 119298 119666 119724 119823 119824 120522 120523 120615 120616 120862 120889 120891 120892 120921 122025 122333 122334 122556 122619 122620 122636 122674 122926 123257 123856 124715 125515 125548 125575 126040 126246 126617 126618 126837 126838 126840 126902 127119 127151 127744 127747 128744 128791 128994 128995 129027 129029 129274 129342 129464 129589 129753 129824 130352 130459 130789 131481 131743 132008 132318 132381 132653 132789 133047 133327 133520 133677 134386 134517 135244 135556 135935 136092 136455
LI (82):  130 138 143 144 145 148 151 153 156 157 161 167 171 172 180 184 186 195 198 208 209 213 216 219 220 223 229 235 236 237 241 103972 103974 103977 104463 105326 105328 105345 107391 108232 109283 109766 110369 111231 113113 114309 114312 114313 114316 114395 116575 116995 116999 117101 117672 118232 118378 118638 119723 119822 120888 120890 122028 126055 126250 126619 126839 126882 127625 128524 129026 129028 129046 129272 131480 131483 131741 132004 132005 132338 132651 133675
NODE_NUM = 199
FILE hyp_sub_701.aig

# Subcircuit 702
SUB_ID 702
LO (131):  104200 104221 104224 104225 104247 104258 104278 104280 104284 104288 104294 104463 104469 104993 105003 105207 106282 106733 107089 107608 107864 107889 108112 108350 109336 109840 110221 111546 111961 112429 113020 113096 113103 113104 113421 113572 113737 113980 114423 114649 115487 115842 115843 115845 116050 116582 117236 117640 117689 118287 118548 118618 118969 118971 118972 119348 119764 120300 121078 121230 121231 121233 121332 122028 122315 122831 123265 124426 124725 124966 124968 126567 126619 126855 127693 128037 128284 128287 128288 128289 128683 128759 128762 128782 129270 130724 130725 131196 131779 131805 132335 132388 132626 132919 133657 133658 134077 134078 134080 134086 134087 134090 134235 134377 134596 134599 134904 135066 135070 135071 135129 135145 135356 135373 135374 135558 135561 135564 135626 135654 135789 135793 136221 136325 136396 136462 136604 136608 139469 139479 139486
LI (77):  129 130 131 132 136 140 141 149 151 154 159 160 172 189 190 207 221 225 230 231 239 241 244 248 249 251 104468 105206 107076 107077 107087 107297 107863 109657 111449 111541 113065 113416 113418 113979 114658 115481 115484 115485 116581 117408 117680 117683 117684 118540 119347 120501 121074 121075 121232 124444 124722 124724 124967 126577 127654 127685 128758 128781 130332 133816 133914 134240 134289 134902 134905 135069 135557 135560 135704 136324 139466
NODE_NUM = 196
FILE hyp_sub_702.aig

# Subcircuit 703
SUB_ID 703
LO (110):  104468 104493 104507 104510 104519 104539 104540 104561 104821 104840 104850 105345 106021 107297 108264 108265 108347 109249 109293 109777 110577 110738 111449 111451 111519 111752 112432 112438 112471 113058 113570 114432 115016 115017 115478 116061 116501 116581 116755 117124 118248 118598 118599 118803 119008 119122 119565 119645 120501 120502 121228 121234 121394 121418 121447 121573 121576 121599 121878 122269 122324 122822 122953 122954 122969 122970 123376 123585 123819 123932 124160 124163 124557 124772 125022 125026 125316 125434 126302 126732 126848 127135 127136 127466 127606 127685 127686 128695 129026 129333 129568 129743 129808 129812 130362 130672 130741 130742 130747 132481 134414 135099 135117 135242 135483 135857 135913 135996 136094 136516
LI (91):  129 136 137 139 145 148 153 160 166 173 183 188 191 195 206 213 219 225 230 234 240 242 243 250 107251 109248 109773 109775 110746 111390 111450 112435 112436 112437 112470 113569 115015 116055 116058 116499 116575 116842 117697 118244 118597 119002 119005 119006 119113 119120 119756 120311 120503 120909 121151 121231 121232 121233 121411 121414 121442 121445 121875 121876 122046 122821 123374 123581 123584 124159 125021 125025 126296 126298 126300 127134 127171 127458 127464 128278 128694 129034 129331 129811 130353 130359 130486 130746 135115 135995 136465
NODE_NUM = 198
FILE hyp_sub_703.aig

# Subcircuit 704
SUB_ID 704
LO (124):  104873 104879 104997 105174 105184 105202 105203 105206 105326 105328 105334 105352 105364 105391 105392 105395 105535 105958 105963 105992 106014 106197 106585 106753 106879 106906 107279 107282 107406 107843 108329 108707 109309 109342 109343 109346 109351 109799 109801 109899 110219 110245 110337 110676 110937 111224 111225 111249 111252 111265 111485 111753 112192 112224 112468 112970 112989 113113 113423 113424 114017 114467 115485 115950 116153 116814 116974 117604 117734 118277 118443 118653 118929 119147 120584 120603 120966 121678 121831 122339 122681 124778 124779 128555 129607 129768 130503 130739 130780 130788 130799 131099 131104 131785 131820 132810 133201 133362 133483 133525 133704 133709 133804 133816 133901 134074 134293 134603 134703 135104 135105 135107 135466 135521 135522 135552 135697 135699 135808 135946 135947 136011 136275 136278
LI (80):  129 134 139 141 142 145 146 149 150 152 156 169 176 203 210 222 226 228 229 232 233 235 236 237 239 243 247 104877 105201 105389 105534 105956 106013 107076 107391 109345 109798 110240 110243 110751 111248 111250 111484 112191 112222 112412 113764 114015 115949 116148 116150 117602 117638 118649 118650 120199 120961 120964 121691 124211 129765 129767 130735 130736 130779 130781 130787 131098 131437 131784 133199 133482 133705 133706 135061 135253 135262 135465 135698 136211
NODE_NUM = 200
FILE hyp_sub_704.aig

# Subcircuit 705
SUB_ID 705
LO (116):  105463 105467 105515 105519 105534 105956 105966 105994 106003 106013 106015 106102 106113 106137 106139 106286 106287 106296 106309 106311 106355 106727 106756 106872 106881 106882 107294 107408 107683 107790 107863 108520 108772 109283 109835 110250 110281 110310 110311 111481 112445 112883 114013 114197 114203 114638 115037 115113 115200 115452 115603 115613 115977 116546 116563 116845 117044 117449 117451 117489 117634 119328 119798 120108 120582 120620 121156 121249 121356 121359 122683 122957 123389 123619 123791 124097 124287 125497 126918 127131 128515 128805 128808 129425 129559 129765 130487 130502 130779 131063 131247 131443 131444 131626 131771 131803 131852 131987 132299 132340 132629 132834 133274 133277 133348 133907 133909 133987 134290 134778 134781 134902 134907 135058 135395 135920
LI (89):  130 133 134 139 143 148 149 150 151 154 158 168 171 172 174 203 204 209 219 224 225 226 227 234 238 240 242 244 246 105451 105453 105458 105462 105815 106354 106726 107407 107789 108661 109656 109865 110249 114010 114198 114200 114201 115089 115451 115605 115606 115611 117038 117041 117266 117448 119797 120107 120201 120930 121152 121153 121243 121245 121246 121248 121350 122311 123266 123383 123384 123385 123612 123613 123618 126564 128804 128807 130501 130778 131244 131245 131442 131561 131805 131982 133276 134289 134901 134906
NODE_NUM = 197
FILE hyp_sub_705.aig

# Subcircuit 706
SUB_ID 706
LO (134):  106356 106371 106373 106387 106392 106475 106480 106513 106526 106726 106786 106792 106795 106796 106807 106808 106843 106848 106864 106865 107087 107190 107195 107216 107236 107237 107238 107350 107554 107781 107782 107837 108218 108274 108388 108571 108665 108666 108731 109222 109570 109853 110286 110671 111384 112455 112717 112987 113416 113793 113825 114209 114210 115067 115455 115456 116432 116569 117500 117506 117511 117668 117715 117855 118078 118378 119498 120229 120232 120239 120241 120242 120263 120668 120851 120864 120890 120898 121080 121399 121445 121582 121862 121866 122284 122285 122398 122400 122501 122731 122733 122734 123006 124733 124764 125184 125285 125296 125615 126048 126369 126877 126878 127640 128531 128532 128949 129263 129550 129905 130364 130366 130458 130483 130637 130726 131067 131249 131561 131564 131741 131786 132153 132192 132365 132374 132917 133334 133337 133641 133846 133849 134105 134268
LI (91):  130 141 143 144 147 159 163 164 166 168 173 174 175 178 188 197 198 199 200 201 207 211 212 213 215 216 225 232 234 245 104500 106131 106444 106449 106464 106466 106470 106474 106477 106479 106794 107185 107189 107349 107831 108217 108570 109754 110670 116568 117499 117505 117667 117713 117854 118077 118377 119760 120260 120557 120848 120862 121433 121859 121860 121861 121864 121876 122732 124756 124762 126265 126295 126595 126841 127333 128013 129546 129547 130129 130457 130482 131560 131563 132148 132151 132827 132916 133276 133516 134104
NODE_NUM = 199
FILE hyp_sub_706.aig

# Subcircuit 707
SUB_ID 707
LO (119):  107244 107275 107310 107338 107339 107349 107370 107372 107391 107398 107407 107725 107729 107738 107739 107752 107754 108342 108380 108704 109072 109828 110321 110341 110373 110751 111417 112120 112121 113408 113412 114001 114012 114213 114475 114727 114845 115047 115118 115530 115532 116450 116486 116488 116973 117100 117224 117378 117591 117633 117695 118234 118602 118973 119002 119005 119255 119344 119516 119893 119903 120027 120117 120261 120321 120623 120706 121153 121385 121414 121709 123930 123954 123955 124145 124453 124590 125023 125322 125602 126479 126593 126594 126934 127163 128557 128558 128919 129186 129308 129309 129318 129839 130010 130429 130859 130993 131449 131452 131526 132004 132005 132031 132660 132682 133985 133989 133990 134101 134208 134253 134378 134893 135061 135068 135098 135263 135560 136007
LI (84):  135 137 140 145 146 149 150 151 155 156 162 166 169 178 179 195 204 206 208 212 213 214 218 219 223 227 236 239 93020 93042 113569 113996 113999 114007 114010 114153 115117 115531 116445 116448 116483 116485 116966 116970 116971 117632 118597 119249 119250 119251 119253 119339 119341 119342 119512 119513 119768 119892 120307 120316 120318 120622 121230 121708 122926 124144 124398 124452 126587 126931 128804 128918 130332 130424 130427 132003 132659 132916 134099 134207 134252 134892 135097 135262
NODE_NUM = 184
FILE hyp_sub_707.aig

# Subcircuit 708
SUB_ID 708
LO (142):  107785 107791 107826 107831 107833 107841 107853 107857 107870 107882 107883 107884 107890 107896 108005 108010 108078 108101 108105 108217 108225 108227 108232 108280 108316 108325 108331 108570 108670 108776 108810 109334 109345 109843 109892 110274 110279 112138 112222 112483 112993 113386 113765 113818 114162 114490 116140 116536 117022 117023 117026 117455 117698 117713 117724 118162 118253 118271 118662 118665 119271 119341 119809 120199 120200 120201 120491 120499 120907 121074 121075 121152 121161 121374 121673 122040 122385 122633 122977 123261 123347 123351 123354 123632 124152 124206 124575 124762 124844 125170 125177 125506 126037 126068 126290 126374 126375 126564 126927 127162 127181 127335 127391 127577 128007 128013 128015 128901 128905 129036 129046 129244 129357 129785 130120 130501 130753 130781 130938 130983 131192 131260 131484 131532 131768 131788 132003 132239 132338 132339 132558 132783 132921 133058 133645 133926 134207 134611 135706 135869 136150 136465
LI (99):  131 135 137 138 140 141 142 158 160 162 163 170 171 172 178 183 186 189 190 194 201 203 206 209 210 212 215 231 233 235 238 242 106739 106777 107077 107363 107832 107868 107895 108000 108004 108075 108077 108104 108279 108324 108701 109836 109837 109890 113385 113764 113817 113979 116143 117021 117025 117279 117499 117697 117732 118251 118663 118664 119125 119234 120908 121151 121160 121672 121885 122628 122630 122926 123620 124723 124756 124760 126036 126067 126373 126904 127176 127178 128899 128904 128908 129035 129038 129783 130243 130979 130982 131483 131531 132235 132236 132337 133924
NODE_NUM = 200
FILE hyp_sub_708.aig

# Subcircuit 709
SUB_ID 709
LO (150):  108360 108385 108491 108508 108509 108516 108523 108661 108685 108690 108693 108701 108719 108723 108725 108733 108777 108784 109062 109256 109267 109290 109299 109312 109808 109893 110249 110258 110259 110271 111169 111248 111390 111480 112425 112485 112876 113069 113116 113418 113543 113569 114153 114200 114878 116038 116044 116134 116136 116801 117448 117594 117630 117631 117697 117706 117993 118236 118522 118524 118530 118560 118609 118654 118937 119234 119235 119253 119751 119753 119760 119810 120964 121232 121245 121246 121708 121846 122686 122979 123029 123030 123320 123581 123624 123887 124290 124411 124435 124446 124467 124468 125049 125082 125358 126051 126079 126873 127642 127643 127656 127659 127901 128008 128009 128097 128251 128796 128834 129335 129767 129836 130008 130039 130040 130353 130457 130482 130735 130736 130787 131409 131523 131533 131563 131969 131972 132148 132151 132235 132236 132382 132473 132657 132687 133213 133512 133993 133998 134786 134821 135034 135037 135138 135361 135652 135704 135855 135868 136211
LI (88):  133 135 136 138 142 143 144 146 147 154 158 160 161 163 165 167 168 175 181 190 195 202 204 205 208 210 211 213 214 216 224 226 227 228 230 232 236 237 239 107895 108279 108722 108724 109255 109772 111479 116039 116042 116135 116482 117443 117445 117705 118180 118936 118977 119354 119750 120622 120888 123028 123613 124410 124441 124444 124988 127327 127655 127657 128007 128106 128247 128249 128833 130038 130352 130729 130734 130786 131242 131762 131967 132150 132234 133511 135031 135137 135867
NODE_NUM = 193
FILE hyp_sub_709.aig

# Subcircuit 710
SUB_ID 710
LO (133):  109315 109656 109657 109766 109768 109772 109773 109775 109782 109793 109798 109851 109865 109879 110231 110243 110288 110290 110312 110320 110353 110358 110361 110665 110670 110776 111250 111381 111469 111470 111479 112212 112417 113001 113003 113393 113790 114219 114480 114657 115474 115586 115969 116042 116499 116986 117499 118171 118269 118936 119359 119714 119806 119815 120021 120107 120225 120490 120955 121411 121427 121690 121859 122042 122306 122308 122338 122363 122947 123383 123612 123959 124144 124146 124147 124170 124174 124183 124405 124459 124568 124753 124756 124995 125001 125032 125189 125355 125394 125504 125538 125574 125798 126077 126093 126345 126627 126750 126926 127079 127345 127355 127356 127457 127458 127694 127716 127720 127721 127745 128033 128034 128035 128053 128281 128327 128908 128914 129001 129159 129546 129547 130245 131201 131245 131382 131613 132390 133202 134240 134901 136088 136521
LI (89):  130 132 133 135 136 140 141 153 159 162 166 167 169 170 172 173 180 181 185 188 193 194 197 198 199 201 203 207 209 210 214 215 227 229 233 234 235 239 109248 110319 110775 110795 112412 114656 115582 115583 115966 119355 119357 120489 121425 121689 122305 122337 123611 123944 124172 124184 124404 124747 124748 124749 124755 124998 124999 125029 125390 125421 125573 126065 126067 126076 126342 126343 126626 126904 126924 127134 127654 127715 128051 128280 128504 128909 128912 129545 131197 131198 132388
NODE_NUM = 196
FILE hyp_sub_710.aig

# Subcircuit 711
SUB_ID 711
LO (133):  110369 110370 110464 110465 110467 110692 110708 110746 110795 110804 110841 110856 110887 110982 110991 110999 111044 111079 111080 111172 111192 111222 111229 111231 111232 111241 111267 111281 111284 111285 111387 111425 111450 111704 112086 112662 113016 113248 113249 113251 113357 113665 113679 113764 113979 113990 115045 115055 115125 115179 115588 116035 116039 116583 116584 116840 117277 117288 117610 117611 117854 118006 118189 118197 118539 118605 119123 119309 119513 119817 119892 120260 120318 120557 120857 121334 121396 121606 121861 122018 122046 122311 122317 122716 122718 122843 122971 122973 122990 123028 123378 123502 123877 124179 124412 124419 124731 124740 124962 125363 126055 126343 126657 126922 126924 128912 129212 129331 129619 129776 129973 130734 131173 131174 131437 131438 131442 132479 132492 132822 133276 133516 133517 133519 133667 133669 133924 134714 134715 134924 134925 135262 135695
LI (99):  129 131 140 142 144 145 147 149 150 155 157 159 162 164 165 171 174 177 179 187 188 193 196 200 202 205 207 208 210 216 217 219 221 225 226 236 238 92578 109995 110448 110450 110452 110456 110461 110788 110828 110832 110839 110851 110852 110854 111076 111078 111424 111698 111700 112085 112320 112652 112656 112660 112819 113232 113236 113240 113245 116005 117266 117267 117270 117272 117276 118538 118901 118923 119891 121135 121136 121151 122017 122313 122315 122693 122835 122988 123377 124411 125362 129330 129614 129616 130491 131159 132820 133190 133192 133668 134374 134923
NODE_NUM = 197
FILE hyp_sub_711.aig

# Subcircuit 712
SUB_ID 712
LO (144):  111394 111424 111471 111484 111491 111698 111700 111774 111779 111781 111788 111790 111841 111845 112107 112166 112168 112191 112214 112400 112406 112413 112435 112453 112460 112461 112470 112511 112723 113023 113065 113066 113478 113584 113800 114007 114018 114181 114183 114446 115210 115453 115515 116014 116055 116058 116065 116470 116485 116746 116978 117632 117733 118520 118977 119292 119339 119342 119711 119794 120180 120311 120489 120503 122017 122628 122727 122938 123022 123024 123299 123301 123305 123596 123597 124404 124441 124714 124722 124724 124770 124836 124837 124967 124974 125021 125029 125030 125362 125421 125425 125573 125606 125662 126300 126587 126624 126625 126882 126931 127114 127168 127173 127332 127373 127386 127649 127899 128049 128052 128105 128282 128504 128509 128541 128697 128909 129024 129035 129040 129044 129178 129337 129575 129582 129804 129876 130031 130243 130496 130850 131244 131762 132831 132926 133480 133481 134417 134607 134820 135118 135698 136000 136344
LI (99):  131 132 133 137 138 140 141 143 148 153 156 165 168 172 173 178 179 182 184 185 186 191 192 196 199 207 211 217 222 224 225 226 228 231 232 233 101816 110854 111292 111695 111697 111756 111836 111837 112085 112398 112399 112412 112510 113799 114006 114182 114309 115072 115451 116057 116135 116484 116976 117732 119710 120179 121609 122725 123023 123304 123377 124713 124723 124760 124973 125661 126067 127112 127167 127171 127328 127329 128033 128044 128051 128278 128280 128281 128316 128506 128507 128908 129034 129039 129579 129580 130492 130494 131242 132234 132829 133209 134818
NODE_NUM = 200
FILE hyp_sub_712.aig

# Subcircuit 713
SUB_ID 713
LO (130):  112575 112796 112801 112803 113232 113236 113284 113364 113451 113507 113575 113582 113661 113778 113799 113817 113828 113943 113978 113986 113994 114006 114010 114025 114026 114076 114089 114100 114104 114137 114172 114312 114313 114395 114439 114448 114482 114491 114543 114611 114658 114853 114885 115015 115028 115032 115044 115305 115481 115484 115531 115839 115953 116007 116148 116150 116553 116575 116857 116998 116999 117105 117276 117478 117505 117584 117585 117743 118201 118377 118597 118923 118924 118938 119512 119768 119770 119891 120185 120622 120856 122657 122665 123250 123274 123278 123622 123828 123871 123934 123966 124207 124437 124559 124562 125025 125415 125419 125553 125604 125966 126360 126915 127110 127328 127329 127754 128051 128106 128694 128775 129006 129275 129616 130132 130344 130472 130494 130965 130967 131391 131480 131784 132337 132957 132968 133192 133788 134099 136324
LI (99):  130 131 135 136 139 141 148 151 154 156 160 161 164 165 167 169 174 177 182 184 190 191 194 196 197 199 200 205 206 210 212 219 220 221 222 223 225 227 228 229 112690 112692 112797 112800 112851 112994 112996 113219 113221 113223 113227 113231 113253 113255 113258 113264 113267 113273 113277 113283 113448 113450 113975 113977 114311 114437 114438 114884 115043 116030 116147 116149 116552 116851 116853 116969 116997 117275 117504 117582 117672 117742 118648 119345 119767 120854 123249 123270 123271 123277 123964 125410 125965 127327 129301 130216 130962 131177 132687
NODE_NUM = 197
FILE hyp_sub_713.aig

# Subcircuit 714
SUB_ID 714
LO (152):  115043 115059 115089 115096 115117 115120 115128 115189 115437 115442 115451 115461 115463 115525 115606 115827 116005 116033 116070 116071 116135 116143 116147 116149 116237 116350 116427 116445 116482 116483 116484 116539 116545 116552 116568 116589 116626 116651 116652 116654 116659 116792 116842 116851 116884 116950 116970 116971 116976 116995 117021 117038 117041 117178 117190 117275 117281 117282 117367 117443 117445 117602 117667 117672 117680 117683 117732 117831 118244 118251 118538 118614 118925 119006 119029 119125 119126 119301 119354 119355 119357 119759 119797 120276 120307 120310 120607 120912 121239 121442 121672 121689 121874 121875 122313 122337 122512 122934 123023 123060 123876 123964 124159 124172 124462 124747 124749 124760 125307 125410 125619 125620 125661 126067 126081 126351 126359 126597 126626 126633 126651 126664 126903 127082 127134 127178 127625 127664 127969 128044 128506 129301 129312 129773 130464 130466 130962 131059 131252 131967 132227 132829 133706 133856 133918 134097 134243 134383 134394 134818 135115 136460
LI (93):  129 132 134 136 139 145 152 153 154 155 156 158 159 160 161 162 163 166 170 177 178 179 180 182 187 189 192 193 195 196 197 198 199 200 201 202 205 214 216 217 218 220 221 223 224 227 115072 115088 115187 115188 115433 115798 115800 115802 115806 115811 115815 115818 115826 115949 116057 116261 116543 116544 116567 116644 116646 116648 116658 116947 116949 116969 116997 117037 117038 117039 117679 117830 118613 119353 119758 119766 121441 121664 123875 124755 125313 126076 126349 126663 126902 127657 134393
NODE_NUM = 195
FILE hyp_sub_714.aig

# Subcircuit 715
SUB_ID 715
LO (158):  117025 117033 117037 117101 117215 117267 117331 117407 117408 117663 117684 117705 117830 117842 118050 118181 118187 118188 118217 118224 118232 118281 118326 118339 118357 118476 118482 118540 118569 118638 118649 118650 118709 118745 118779 118862 118866 118898 118900 118901 119040 119120 119152 119249 119251 119284 119285 119347 119353 119381 119396 119421 119501 119651 119705 119710 119723 119756 119822 120174 120177 120207 120216 120302 120520 120612 120624 120830 120908 120910 120920 120922 120936 121135 121151 121200 121381 121382 121433 121434 121664 121848 121854 121933 122030 122305 122623 122664 122693 122833 122836 123056 123259 123285 123304 123374 123385 123618 123630 123786 123875 123944 124077 124112 124187 124263 124394 124398 124399 124444 124723 124730 125057 125058 125086 125288 125313 125501 125589 126065 126336 126919 127107 127112 127121 127124 127655 127683 127752 128280 128680 128688 128754 128804 128899 128902 129580 130461 130981 130982 131814 132150 132632 132684 133209 133215 133420 133484 133783 134289 134593 135031 135097 135137 135465 135777 136086 136561
LI (114):  130 131 132 134 135 137 139 141 142 144 145 146 147 148 149 150 153 155 156 157 159 162 164 167 168 170 171 176 177 178 181 183 185 186 188 189 190 191 192 194 197 198 199 201 203 204 205 206 208 211 212 213 216 217 218 219 221 117212 117214 117716 117742 118044 118046 118048 118138 118140 118180 118219 118321 118325 118349 118356 118470 118474 118475 118550 118613 118648 118706 118708 118861 118896 119035 119036 119378 119380 119704 120827 120829 120854 120909 120921 120970 121383 121853 122663 122835 123583 123617 123781 123784 124393 124728 124729 127119 127654 128278 128753 130759 131404 133199 133213 134592 135775
NODE_NUM = 200
FILE hyp_sub_715.aig

# Subcircuit 716
SUB_ID 716
LO (134):  121108 121133 121134 121160 121384 121405 121441 121680 121710 121922 121992 122005 122386 122428 122466 122558 122561 122630 122711 122732 122774 122796 122821 122950 122955 122988 123039 123047 123249 123292 123364 123377 123584 123781 124021 124155 124211 124293 124410 124427 124569 124710 124728 124787 124975 124989 124999 125281 125283 125325 125564 125576 125965 126076 126247 126265 126268 126277 126296 126298 126334 126373 126577 126578 126589 126635 126844 126904 126905 127016 127054 127057 127176 127307 127333 127346 127377 127539 127541 127654 127657 127660 127698 127715 127960 128247 128249 128278 128317 128334 128524 128526 128833 128904 128998 129303 129330 129552 129614 129811 130034 130129 130237 130240 130486 130766 130979 131160 131560 131982 132517 132798 132800 132813 132978 133199 133266 133675 134104 134420 134528 135253 135381 136214 136224 136487 136775 136782 138826 138827 138831 138840 139739 139741
LI (131):  129 130 131 133 134 136 137 138 141 142 143 146 147 148 150 151 152 153 155 156 157 158 159 162 164 165 169 172 173 174 175 176 177 180 182 183 184 185 186 187 188 189 190 193 194 195 196 197 200 202 204 206 207 209 212 101588 111531 120562 120888 121136 121367 121383 121990 121991 122368 122425 122427 122556 122771 122773 123271 123291 123299 123411 123583 123613 123620 124020 124291 124292 124426 124573 124786 124937 124973 124988 125272 125276 125278 125289 125543 125563 125575 125964 126264 126295 126533 126634 126668 126813 126814 126816 127007 127053 127241 127243 127248 127297 127299 127301 127303 127527 127529 127532 127538 128099 128316 129613 130977 131159 132488 132796 132797 133263 135222 136766 136773 138818 138825 139731 139738
NODE_NUM = 199
FILE hyp_sub_716.aig

# Subcircuit 717
SUB_ID 717
LO (97):  128453 128579 128698 128732 128781 128862 129081 129117 129184 129272 129428 129508 129539 129613 129640 129685 129687 130038 130217 130335 130359 130423 130424 130427 130434 130492 130786 130985 130996 131159 131177 131197 131198 131405 131433 131465 131531 131823 132195 132198 132329 132330 132367 132659 132827 133051 133094 133190 133914 133915 134252 134387 134656 134812 134967 134968 134970 134990 135557 135672 135772 135782 135827 135831 135936 135939 136015 136098 136144 136522 136744 136766 136872 136874 136876 136878 136880 136882 136884 136887 136889 136891 136901 138278 138288 138303 138304 138313 138314 138850 138860 138870 138880 138889 138899 138909 138918
LI (164):  129 130 132 133 134 136 137 138 140 141 143 145 148 149 151 152 154 156 159 160 161 163 167 168 170 171 173 174 175 176 102317 102318 102829 102830 103333 103334 103862 103863 104439 104440 104960 104961 105470 105471 105700 106105 106563 106564 107059 107060 107586 107587 108070 108071 108642 108643 109028 109029 109512 109513 112510 124961 127568 127892 127893 128096 128098 128099 128164 128165 128391 128392 128634 128639 128696 128697 128722 128724 128727 128807 128884 128885 129038 129065 129067 129072 129080 129140 129141 129183 129427 129526 129527 129536 129538 129682 129703 129704 130000 130098 130099 130216 130245 130334 130432 130433 130491 130745 130785 130984 130995 131196 131403 131404 131464 131821 131822 132192 132327 132328 132365 132515 133093 133818 134386 134523 134654 134729 134782 134863 134960 134962 134964 135556 135645 135665 135668 135769 135771 135867 135935 135995 136463 136521 136742 136746 136755 136764 136870 136885 138275 138285 138295 138302 138305 138312 138847 138857 138867 138877 138886 138896 138906 138915
NODE_NUM = 200
FILE hyp_sub_717.aig

# Subcircuit 718
SUB_ID 718
LO (49):  136939 137529 137539 137549 137559 137569 137579 137588 137598 138113 140047 140049 140052 140063 142948 142949 143169 143173 143174 143182 143191 143377 143383 143384 143386 143393 143398 143434 143443 143452 143461 143470 143479 143488 143497 143506 143515 143524 143533 143542 143551 143560 143569 143577 143587 143600 143609 143618 143654
LI (91):  68658 68660 68663 68665 68667 68669 68671 68673 93476 93945 136935 136937 137035 137526 137536 137546 137556 137566 137576 137585 137595 137609 137610 137619 137620 137629 137630 137639 137648 137649 137658 137667 137668 137669 137676 138110 140045 140051 140056 140207 140254 140287 140334 140390 140455 140525 140608 140700 140801 140911 141030 141158 141295 141437 141592 141756 141929 142111 142302 142502 142711 142728 142929 142941 142945 143156 143161 143164 143166 143170 143200 143209 143218 143227 143236 143245 143254 143263 143272 143281 143290 143299 143308 143317 143325 143335 143348 143357 143366 143375 143382
NODE_NUM = 199
FILE hyp_sub_718.aig

# Subcircuit 719
SUB_ID 719
LO (26):  140045 143575 143672 143681 143690 143699 143708 143717 143726 143735 143744 143753 143762 143771 143780 143789 143798 143807 143816 143825 143834 143906 143922 143923 144194 144203
LI (50):  137032 137679 137686 140043 140525 140608 140700 140801 140911 141030 141158 141295 141437 141592 141756 141929 142111 142302 142502 142711 142929 142948 143156 143169 143173 143392 143413 143419 143438 143447 143456 143465 143474 143483 143492 143501 143510 143519 143528 143537 143546 143555 143564 143573 143637 143654 143662 143902 143910 143919
NODE_NUM = 199
FILE hyp_sub_719.aig

# Subcircuit 720
SUB_ID 720
LO (30):  137686 140043 143413 143662 143809 143910 143928 143937 143946 143955 143964 143973 143982 143991 144000 144009 144018 144027 144036 144045 144054 144063 144072 144081 144180 144183 144184 144186 144463 144472
LI (49):  68638 137030 137683 137689 137696 140040 140700 140801 140911 141030 141158 141295 141437 141592 141756 141929 142111 142302 142502 142711 142929 143156 143173 143392 143407 143411 143637 143656 143672 143681 143690 143699 143708 143717 143726 143735 143744 143753 143762 143771 143780 143789 143798 143807 143891 143906 143918 144154 144172
NODE_NUM = 197
FILE hyp_sub_720.aig

# Subcircuit 721
SUB_ID 721
LO (38):  137696 140040 144172 144449 144458 144695 144699 144700 144709 144734 144743 144752 144761 144770 144779 144788 144797 144806 144815 144824 144833 144842 144851 144860 144869 144878 144887 144896 144905 144914 144923 144932 144941 144950 144959 144967 144975 144984
LI (67):  68636 137027 137693 137698 137705 140038 140195 140207 140254 140287 140334 140390 140455 140525 140608 140700 140801 140911 141030 141158 141295 141437 141592 141756 141929 142111 142302 142502 142711 142929 143156 143392 143637 143891 143910 144154 144171 144426 144431 144442 144467 144476 144485 144494 144503 144512 144521 144530 144539 144548 144557 144566 144575 144584 144593 144602 144611 144620 144629 144638 144647 144656 144665 144674 144682 144692 144697
NODE_NUM = 172
FILE hyp_sub_721.aig

# Subcircuit 722
SUB_ID 722
LO (40):  137705 140038 144171 144442 144729 144966 144972 144973 144974 144980 144982 144983 145035 145044 145053 145062 145071 145080 145089 145098 145107 145116 145125 145134 145143 145152 145161 145170 145179 145188 145197 145206 145215 145224 145233 145242 145251 145260 145269 145282
LI (67):  68633 137025 137702 137708 137715 140036 140195 140207 140254 140287 140334 140390 140455 140525 140608 140700 140801 140911 141030 141158 141295 141437 141592 141756 141929 142111 142302 142502 142711 142929 143156 143392 143637 143891 144441 144710 144723 144724 144726 144738 144747 144756 144765 144774 144783 144792 144801 144810 144819 144828 144837 144846 144855 144864 144873 144882 144891 144900 144909 144918 144927 144936 144945 144954 144963 144971 144979
NODE_NUM = 160
FILE hyp_sub_722.aig

# Subcircuit 723
SUB_ID 723
LO (40):  137715 140036 144441 144723 144724 144726 145030 145276 145280 145281 145295 145341 145350 145359 145368 145377 145386 145395 145404 145413 145422 145431 145440 145449 145458 145467 145476 145485 145494 145503 145512 145521 145530 145539 145548 145557 145566 145575 145582 145591
LI (72):  68631 137023 137712 137718 137725 140034 140195 140207 140254 140287 140334 140390 140455 140525 140608 140700 140801 140911 141030 141158 141295 141437 141592 141756 141929 142111 142302 142502 142711 142929 143156 143392 143637 143891 144154 144440 144715 144716 144717 144725 144989 144998 145024 145025 145039 145048 145057 145066 145075 145084 145093 145102 145111 145120 145129 145138 145147 145156 145165 145174 145183 145192 145201 145210 145219 145228 145237 145246 145255 145264 145273 145278
NODE_NUM = 172
FILE hyp_sub_723.aig

# Subcircuit 724
SUB_ID 724
LO (44):  137725 137737 140034 144440 144715 144716 144717 144725 145024 145025 145336 145581 145587 145589 145590 145602 145660 145669 145678 145687 145696 145705 145714 145723 145732 145741 145750 145759 145768 145777 145786 145795 145804 145813 145822 145831 145840 145849 145858 145867 145876 145885 145894 145907
LI (74):  68629 137021 137722 137728 137735 140032 140033 140195 140207 140254 140287 140334 140390 140455 140525 140608 140700 140801 140911 141030 141158 141295 141437 141592 141756 141929 142111 142302 142502 142711 142929 143156 143392 143637 143891 144154 144426 144707 144712 145015 145016 145018 145288 145296 145330 145331 145345 145354 145363 145372 145381 145390 145399 145408 145417 145426 145435 145444 145453 145462 145471 145480 145489 145498 145507 145516 145525 145534 145543 145552 145561 145570 145579 145586
NODE_NUM = 175
FILE hyp_sub_724.aig

# Subcircuit 725
SUB_ID 725
LO (55):  137735 137746 137747 137756 137757 137766 137767 137776 137785 137786 137795 137804 137805 137814 137815 137824 137825 137834 137835 137844 137853 137854 137863 137864 137873 137874 137883 137884 137892 137901 137911 137921 139985 139990 140009 140020 140025 145941 145945 146276 146285 146945 146958 146959 147306 147315 147324 147330 147652 147653 147664 147665 148021 148044 148053
LI (101):  68585 68587 68589 68592 68594 68597 68599 68601 68603 68605 68607 68609 68611 68614 68616 68619 68621 68623 68625 68627 136999 137001 137003 137008 137010 137013 137015 137017 137019 137732 137738 137742 137745 137748 137752 137755 137758 137762 137765 137768 137772 137775 137777 137781 137784 137787 137791 137794 137799 137800 137806 137810 137813 137816 137820 137823 137826 137830 137833 137839 137840 137848 137849 137858 137859 137868 137869 137878 137879 137889 137898 137908 137918 137932 137941 137942 137946 137950 139983 139989 145596 145611 145615 145913 145932 145938 146239 146266 146574 146587 146591 146918 146939 146955 147271 147288 147296 147644 147648 147649 147661
NODE_NUM = 197
FILE hyp_sub_725.aig

# Subcircuit 726
SUB_ID 726
LO (34):  137956 139983 145015 145016 145018 145330 145331 145684 145918 145966 145974 145984 145997 146006 146015 147644 147661 148039 148048 148087 148088 148399 148403 148415 148416 148435 148444 148453 148462 148471 148480 148489 148813 148822
LI (52):  136969 136971 137953 137961 137962 137963 137970 139979 140215 140219 143392 143637 143891 144154 144426 144707 144989 144992 145003 145007 145009 145288 145307 145313 145596 145623 145627 145628 145664 145673 145682 145913 146239 146574 146918 147284 147288 147633 147660 148004 148021 148029 148033 148034 148045 148057 148066 148075 148084 148395 148396 148412
NODE_NUM = 197
FILE hyp_sub_726.aig

# Subcircuit 727
SUB_ID 727
LO (32):  139979 147280 147296 147297 147670 147803 147804 148009 148033 148034 148066 148075 148084 148093 148102 148111 148120 148129 148138 148147 148156 148165 148173 148183 148193 148421 148430 148786 148802 148803 149213 149222
LI (53):  136966 137973 137980 139977 142502 142711 142929 143156 143392 143637 143891 144154 144426 144707 144989 145288 145596 145913 146239 146574 146933 146937 147271 147633 147638 147648 147652 147660 147664 147665 147676 147688 147697 147706 147715 147724 147733 147742 147751 147760 147769 147778 147786 147796 148004 148023 148029 148384 148403 148411 148782 148790 148799
NODE_NUM = 197
FILE hyp_sub_727.aig

# Subcircuit 728
SUB_ID 728
LO (33):  137980 139977 148023 148395 148411 148412 148790 148808 148955 148956 149199 149202 149203 149205 149235 149244 149253 149262 149271 149280 149289 149298 149307 149316 149325 149334 149343 149352 149361 149370 149376 149618 149627
LI (50):  68572 136964 137977 137983 137990 139974 142929 143156 143392 143637 143891 144154 144426 144707 144989 145288 145596 145913 146239 146574 146918 147271 147633 147652 148017 148021 148384 148773 148786 148798 148802 148803 148814 148826 148835 148844 148853 148862 148871 148880 148889 148898 148907 148916 148925 148934 148943 148952 149171 149191
NODE_NUM = 196
FILE hyp_sub_728.aig

# Subcircuit 729
SUB_ID 729
LO (42):  137990 139974 149191 149604 149613 149899 149900 149995 150036 150045 150054 150063 150072 150081 150090 150099 150108 150117 150126 150135 150144 150153 150162 150171 150180 150189 150198 150207 150216 150225 150234 150243 150251 150261 150274 150283 150292 150301 150310 150319 150328 150337
LI (77):  68570 136962 137987 137992 137999 139972 140700 140801 140911 141030 141158 141295 141437 141592 141756 141929 142111 142302 142502 142711 142929 143156 143392 143637 143891 144154 144426 144707 144989 145288 145596 145913 146239 146574 146918 147271 147633 148004 148384 148773 148790 149171 149190 149578 149583 149597 149622 149631 149640 149649 149658 149667 149676 149685 149694 149703 149712 149721 149730 149739 149748 149757 149766 149775 149784 149793 149802 149811 149819 149829 149842 149851 149860 149869 149878 149887 149896
NODE_NUM = 199
FILE hyp_sub_729.aig

# Subcircuit 730
SUB_ID 730
LO (44):  137999 138011 139972 149190 149597 150031 150352 150420 150468 150477 150486 150495 150504 150513 150522 150531 150540 150549 150558 150567 150576 150585 150594 150603 150612 150621 150630 150639 150648 150657 150666 150675 150684 150692 150702 150715 150724 150733 150742 150751 150760 150769 150778 150787
LI (83):  68568 136960 137996 138002 138009 139970 139971 140525 140608 140700 140801 140911 141030 141158 141295 141437 141592 141756 141929 142111 142302 142502 142711 142929 143156 143392 143637 143891 144154 144426 144707 144989 145288 145596 145913 146239 146574 146918 147271 147633 148004 148384 148773 149596 149999 150025 150026 150028 150040 150049 150058 150067 150076 150085 150094 150103 150112 150121 150130 150139 150148 150157 150166 150175 150184 150193 150202 150211 150220 150229 150238 150247 150255 150265 150278 150287 150296 150305 150314 150323 150332 150341 150350
NODE_NUM = 200
FILE hyp_sub_730.aig

# Subcircuit 731
SUB_ID 731
LO (70):  138009 138020 138021 138030 138031 138040 138041 138050 138123 138142 138152 138167 138176 138177 138186 138187 138196 138205 138206 138215 138224 138225 138234 138235 138312 138323 138324 138333 138342 138343 138352 138353 138362 138363 138372 138373 138382 138383 138392 138393 138402 138403 138412 138413 138417 138427 138447 138456 138466 138475 138485 138495 138504 138514 138523 139840 139898 139924 139929 139936 139963 162696 162699 163350 163984 163985 163996 163997 164664 164673
LI (128):  68482 68484 68490 68493 68495 68497 68499 68519 68521 68523 68525 68529 68564 68566 136842 136844 136846 136848 136850 136854 136857 136859 136861 136863 136867 136870 136872 136874 136876 136878 136880 136882 136884 136887 136889 136891 136917 136919 136921 136923 136925 136927 136930 136934 138006 138015 138016 138025 138029 138035 138039 138045 138049 138120 138139 138149 138159 138166 138168 138172 138175 138178 138185 138188 138190 138192 138194 138195 138197 138201 138204 138210 138211 138213 138219 138220 138229 138233 138309 138315 138319 138322 138325 138329 138332 138334 138338 138341 138344 138348 138351 138354 138361 138364 138371 138374 138378 138381 138384 138388 138391 138394 138401 138404 138411 138414 138424 138444 138453 138463 138472 138482 138492 138501 138511 138520 138530 138537 139838 162059 162674 162695 163315 163332 163340 163976 163980 163993
NODE_NUM = 200
FILE hyp_sub_731.aig

# Subcircuit 732
SUB_ID 732
LO (49):  138537 139838 154672 154673 154674 154682 155199 155205 155719 155720 155722 156256 156265 156271 156794 156795 156797 157349 157358 157364 157896 157897 157899 158466 158475 158481 162051 162068 162077 162116 162117 162711 162738 162747 162756 162765 162771 163344 163345 163980 164002 164011 164017 164650 164653 164654 164656 165334 165343
LI (57):  68448 136840 138534 138540 138547 139836 154143 154160 154649 154670 155164 155177 155181 155189 155688 155709 156221 156234 156238 156246 156763 156784 157314 157327 157331 157339 157874 157886 158439 158456 159017 159604 160200 160822 161434 161438 162042 162071 162072 162073 162086 162095 162104 162113 162674 162689 162693 162701 163315 163334 163340 163965 163984 163992 164624 164642 164649
NODE_NUM = 200
FILE hyp_sub_732.aig

# Subcircuit 733
SUB_ID 733
LO (42):  138547 139836 151768 152237 152241 152718 152725 153193 153202 153211 153677 153678 153680 154178 154187 154193 162073 164642 165320 165329 165480 165481 165970 166009 166018 166027 166036 166045 166054 166063 166072 166081 166090 166099 166108 166117 166126 166135 166144 166153 166162 166175
LI (63):  68446 136838 138544 138550 138557 139833 151748 151763 151767 152209 152222 152226 152679 152700 153158 153171 153175 153183 153646 153667 153673 154143 154168 154649 155164 155688 156221 156763 157314 157874 158439 159017 159604 160200 160805 161419 162042 162674 163315 163965 163980 164641 165297 165315 165316 165317 165325 165338 165347 165356 165365 165374 165383 165392 165401 165410 165419 165428 165437 165446 165455 165464 165473
NODE_NUM = 198
FILE hyp_sub_733.aig

# Subcircuit 734
SUB_ID 734
LO (43):  138557 139833 150437 150883 150887 151333 151340 151785 151794 151803 164641 165315 165316 165317 165325 166004 166209 166210 166656 166706 166715 166724 166733 166742 166751 166760 166769 166778 166787 166796 166805 166814 166823 166832 166841 166850 166859 166868 166881 166890 166899 166908 166917
LI (67):  68442 68444 138554 138562 138563 139831 150419 150432 150436 150853 150868 150872 151296 151315 151748 151775 152209 152679 153158 153646 154143 154649 155164 155688 156221 156763 157314 157874 158439 159017 159604 160200 160805 161419 162042 162674 163315 163965 164624 165292 165312 165974 165998 165999 166001 166013 166022 166031 166040 166049 166058 166067 166076 166085 166094 166103 166112 166121 166130 166139 166148 166157 166166 166179 166188 166197 166206
NODE_NUM = 199
FILE hyp_sub_734.aig

# Subcircuit 735
SUB_ID 735
LO (42):  139831 150025 150026 150028 150454 150455 150463 165312 165998 165999 166001 166701 166933 166934 167351 167408 167417 167426 167435 167444 167453 167462 167471 167480 167489 167498 167507 167516 167525 167534 167543 167552 167561 167570 167579 167592 167601 167610 167619 167628 167637 167646
LI (73):  136834 138569 138576 139828 149171 149578 149591 149595 149994 150015 150419 150444 150449 150853 151296 151748 152209 152679 153158 153646 154143 154649 155164 155688 156221 156763 157314 157874 158439 159017 159604 160200 160805 161419 162042 162674 163315 163965 164624 165311 165990 165991 165992 166000 166655 166660 166695 166696 166710 166719 166728 166737 166746 166755 166764 166773 166782 166791 166800 166809 166818 166827 166836 166845 166854 166863 166872 166885 166894 166903 166912 166921 166930
NODE_NUM = 186
FILE hyp_sub_735.aig

# Subcircuit 736
SUB_ID 736
LO (46):  138576 139828 165311 165990 165991 165992 166000 166695 166696 167403 167689 167690 168055 168123 168132 168141 168150 168159 168168 168177 168186 168195 168204 168213 168222 168231 168240 168249 168258 168267 168276 168285 168294 168303 168316 168325 168334 168343 168352 168361 168370 168379 168388 168397 168406 168415
LI (81):  68440 136832 138573 138578 138585 139826 147633 148004 148384 148773 149171 149578 149994 150419 150853 151296 151748 152209 152679 153158 153646 154143 154649 155164 155688 156221 156763 157314 157874 158439 159017 159604 160200 160805 161419 162042 162674 163315 163965 164624 165292 165969 165987 166686 166687 166689 167350 167355 167397 167398 167412 167421 167430 167439 167448 167457 167466 167475 167484 167493 167502 167511 167520 167529 167538 167547 167556 167565 167574 167583 167596 167605 167614 167623 167632 167641 167650 167659 167668 167677 167686
NODE_NUM = 199
FILE hyp_sub_736.aig

# Subcircuit 737
SUB_ID 737
LO (37):  138585 139826 165987 166686 166687 166689 167397 167398 168091 168100 168109 168118 168300 168816 168825 168834 168843 168852 168861 168870 168879 168888 168897 168906 168915 168924 168933 168942 168951 168960 168969 168978 168987 168996 169005 169014 169023
LI (64):  68438 136830 138582 138588 138595 139823 153158 153646 154143 154649 155164 155688 156221 156763 157314 157874 158439 159017 159604 160200 160805 161419 162042 162674 163315 163965 164624 165292 165969 165986 166655 166670 166674 166676 166678 166679 167350 167369 167388 167389 168054 168081 168085 168086 168127 168136 168145 168154 168163 168172 168181 168190 168199 168208 168217 168226 168235 168244 168253 168262 168271 168280 168289 168298
NODE_NUM = 199
FILE hyp_sub_737.aig

# Subcircuit 738
SUB_ID 738
LO (40):  138595 139823 165986 166670 166674 167369 168081 168085 168086 168802 168811 169030 169031 169540 169549 169558 169567 169576 169585 169594 169603 169612 169621 169630 169639 169648 169657 169666 169675 169684 169693 169702 169711 169720 169729 169738 169747 169756 169765 169774
LI (76):  68431 68436 136820 136825 136828 138592 138597 138604 138607 138611 138614 138617 138624 139804 139816 139818 139819 139821 152209 152679 153158 153646 154143 154649 155164 155688 156221 156763 157314 157874 158439 159017 159604 160200 160805 161419 162042 162674 163315 163965 164624 165292 165969 166655 167350 167367 168054 168075 168767 168792 168796 168797 168820 168829 168838 168847 168856 168865 168874 168883 168892 168901 168910 168919 168928 168937 168946 168955 168964 168973 168982 168991 169000 169009 169018 169027
NODE_NUM = 200
FILE hyp_sub_738.aig

# Subcircuit 739
SUB_ID 739
LO (41):  138624 139804 167367 168075 168792 168796 168797 169535 169811 170221 170278 170287 170296 170305 170314 170323 170332 170341 170350 170359 170368 170377 170386 170395 170404 170413 170422 170431 170440 170449 170458 170467 170476 170485 170494 170503 170512 170521 170534 170543 170552
LI (83):  68425 68427 136815 136818 138621 138626 138630 138633 138636 138643 139800 139802 149994 150419 150853 151296 151748 152209 152679 153158 153646 154143 154649 155164 155688 156221 156763 157314 157874 158439 159017 159604 160200 160805 161419 162042 162674 163315 163965 164624 165292 165969 166655 167350 168073 168074 168788 168789 168790 169489 169494 169529 169530 169544 169553 169562 169571 169580 169589 169598 169607 169616 169625 169634 169643 169652 169661 169670 169679 169688 169697 169706 169715 169724 169733 169742 169751 169760 169769 169778 169791 169800 169809
NODE_NUM = 200
FILE hyp_sub_739.aig

# Subcircuit 740
SUB_ID 740
LO (39):  139800 168073 168788 168789 168790 169529 169530 170255 170264 170273 170500 171011 171020 171029 171038 171047 171056 171065 171074 171083 171092 171101 171110 171119 171128 171137 171146 171155 171164 171173 171182 171191 171200 171209 171218 171227 171236 171245 171254
LI (66):  136811 138646 138653 139785 139797 139799 152679 153158 153646 154143 154649 155164 155688 156221 156763 157314 157874 158439 159017 159604 160200 160805 161419 162042 162674 163315 163965 164624 165292 165969 166655 167350 168054 168767 168784 169489 169510 170220 170245 170249 170250 170282 170291 170300 170309 170318 170327 170336 170345 170354 170363 170372 170381 170390 170399 170408 170417 170426 170435 170444 170453 170462 170471 170480 170489 170498
NODE_NUM = 198
FILE hyp_sub_740.aig

# Subcircuit 741
SUB_ID 741
LO (41):  138653 139785 168784 169510 170245 170249 170250 171006 171287 171767 171776 171785 171794 171803 171812 171821 171830 171839 171848 171857 171866 171875 171884 171893 171902 171911 171920 171929 171938 171947 171956 171965 171974 171983 171992 172001 172010 172019 172028 172037 172046
LI (83):  68416 68418 136807 136809 138650 138655 138659 138662 138665 138672 139780 139783 150853 151296 151748 152209 152679 153158 153646 154143 154649 155164 155688 156221 156763 157314 157874 158439 159017 159604 160200 160805 161419 162042 162674 163315 163965 164624 165292 165969 166655 167350 168054 168767 169508 169509 170241 170242 170243 170960 171000 171001 171015 171024 171033 171042 171051 171060 171069 171078 171087 171096 171105 171114 171123 171132 171141 171150 171159 171168 171177 171186 171195 171204 171213 171222 171231 171240 171249 171258 171267 171276 171285
NODE_NUM = 200
FILE hyp_sub_741.aig

# Subcircuit 742
SUB_ID 742
LO (44):  138672 139780 169508 170241 170242 170243 171000 171001 171762 172056 172468 172536 172545 172554 172563 172572 172581 172590 172599 172608 172617 172626 172635 172644 172653 172662 172671 172680 172689 172698 172707 172716 172725 172734 172743 172752 172761 172770 172779 172788 172797 172806 172815 172824
LI (82):  68414 136805 138669 138674 138681 139778 149994 150419 150853 151296 151748 152209 152679 153158 153646 154143 154649 155164 155688 156221 156763 157314 157874 158439 159017 159604 160200 160805 161419 162042 162674 163315 163965 164624 165292 165969 166655 167350 168054 168767 169489 170220 170238 170991 170992 170994 171709 171714 171756 171757 171771 171780 171789 171798 171807 171816 171825 171834 171843 171852 171861 171870 171879 171888 171897 171906 171915 171924 171933 171942 171951 171960 171969 171978 171987 171996 172005 172014 172023 172032 172041 172050
NODE_NUM = 200
FILE hyp_sub_742.aig

# Subcircuit 743
SUB_ID 743
LO (43):  138681 139778 170238 170991 170992 170994 171756 171757 172531 172821 173310 173319 173328 173337 173346 173355 173364 173373 173382 173391 173400 173409 173418 173427 173436 173445 173454 173463 173472 173481 173490 173499 173508 173517 173526 173535 173544 173553 173562 173571 173580 173589 173598
LI (83):  68412 136803 138678 138684 138691 139775 150419 150853 151296 151748 152209 152679 153158 153646 154143 154649 155164 155688 156221 156763 157314 157874 158439 159017 159604 160200 160805 161419 162042 162674 163315 163965 164624 165292 165969 166655 167350 168054 168767 169489 170237 170983 170984 170985 170993 171709 171747 171748 172467 172525 172526 172540 172549 172558 172567 172576 172585 172594 172603 172612 172621 172630 172639 172648 172657 172666 172675 172684 172693 172702 172711 172720 172729 172738 172747 172756 172765 172774 172783 172792 172801 172810 172819
NODE_NUM = 200
FILE hyp_sub_743.aig

# Subcircuit 744
SUB_ID 744
LO (45):  138691 139775 170237 170983 170984 170985 170993 171747 171748 172525 172526 173305 173586 174097 174106 174115 174124 174133 174142 174151 174160 174169 174178 174187 174196 174205 174214 174223 174232 174241 174250 174259 174268 174277 174286 174295 174304 174313 174322 174331 174340 174349 174358 174367 174376
LI (82):  68410 136801 138688 138693 138700 139773 150853 151296 151748 152209 152679 153158 153646 154143 154649 155164 155688 156221 156763 157314 157874 158439 159017 159604 160200 160805 161419 162042 162674 163315 163965 164624 165292 165969 166655 167350 168054 168767 169489 170220 170960 170980 171738 171739 171741 172467 172516 172517 173234 173299 173300 173314 173323 173332 173341 173350 173359 173368 173377 173386 173395 173404 173413 173422 173431 173440 173449 173458 173467 173476 173485 173494 173503 173512 173521 173530 173539 173548 173557 173566 173575 173584
NODE_NUM = 200
FILE hyp_sub_744.aig

# Subcircuit 745
SUB_ID 745
LO (43):  138700 139773 170980 171738 171739 171741 172516 172517 173299 173300 174092 174364 174889 174898 174907 174916 174925 174934 174943 174952 174961 174970 174979 174988 174997 175006 175015 175024 175033 175042 175051 175060 175069 175078 175087 175096 175105 175114 175123 175132 175141 175150 175159
LI (83):  68408 136799 138697 138703 138710 139770 151296 151748 152209 152679 153158 153646 154143 154649 155164 155688 156221 156763 157314 157874 158439 159017 159604 160200 160805 161419 162042 162674 163315 163965 164624 165292 165969 166655 167350 168054 168767 169489 170220 170979 171730 171731 171732 171740 172467 172507 172508 173234 173290 173291 174010 174086 174087 174101 174110 174119 174128 174137 174146 174155 174164 174173 174182 174191 174200 174209 174218 174227 174236 174245 174254 174263 174272 174281 174290 174299 174308 174317 174326 174335 174344 174353 174362
NODE_NUM = 199
FILE hyp_sub_745.aig

# Subcircuit 746
SUB_ID 746
LO (46):  138710 138721 139770 170979 171730 171731 171732 171740 172507 172508 173290 173291 174086 174087 174884 175147 175694 175703 175712 175721 175730 175739 175748 175757 175766 175775 175784 175793 175802 175811 175820 175829 175838 175847 175856 175865 175874 175883 175892 175901 175910 175919 175928 175937 175946 175955
LI (83):  68406 136797 138707 138712 138719 139768 139769 151748 152209 152679 153158 153646 154143 154649 155164 155688 156221 156763 157314 157874 158439 159017 159604 160200 160805 161419 162042 162674 163315 163965 164624 165292 165969 166655 167350 168054 168767 169489 170220 170960 171709 171727 172498 172499 172501 173234 173281 173282 174010 174077 174078 174795 174878 174879 174893 174902 174911 174920 174929 174938 174947 174956 174965 174974 174983 174992 175001 175010 175019 175028 175037 175046 175055 175064 175073 175082 175091 175100 175109 175118 175127 175136 175145
NODE_NUM = 198
FILE hyp_sub_746.aig

# Subcircuit 747
SUB_ID 747
LO (58):  138719 138730 138739 138740 138744 138758 138759 138768 138769 138778 138787 138788 138797 138798 138807 138808 138817 138928 138942 138943 138952 138961 138962 138971 138972 138981 138982 138991 138992 139001 139002 139011 139012 139016 139025 139670 139701 139746 139755 139767 181420 181421 181422 181430 182302 182308 183169 183170 183172 184061 184070 184076 185834 185859 185860 186770 186779 186788
LI (103):  68338 68340 68343 68345 68347 68349 68351 68382 68384 68386 68388 68391 68393 68404 136720 136723 136725 136729 136731 136733 136736 136738 136740 136742 136746 136777 136779 136784 136786 136789 136791 136793 136795 138716 138722 138729 138731 138738 138741 138750 138757 138760 138764 138767 138770 138774 138777 138782 138783 138789 138793 138796 138799 138803 138806 138812 138813 138925 138937 138938 138944 138948 138951 138953 138957 138960 138963 138967 138970 138973 138977 138980 138983 138987 138990 138993 138997 139000 139003 139010 139013 139022 139032 139039 139668 180542 180561 181399 181418 182265 182280 182284 182292 183140 183159 184024 184051 184917 184934 185830 185838 185847 185856
NODE_NUM = 196
FILE hyp_sub_747.aig

# Subcircuit 748
SUB_ID 748
LO (54):  139039 139069 139077 139087 139097 139106 139116 139126 139135 139145 139154 139164 139174 139175 139184 139193 139194 139203 139212 139213 139222 139223 139592 139597 139640 139650 139660 139668 139679 139738 139797 139799 139816 139818 140455 140476 140495 140504 140525 140528 140534 140551 140552 140563 140572 140584 140593 140598 140606 140609 185838 186743 186747 187671
LI (105):  68286 68288 68290 68292 68294 68296 68298 68300 68304 68307 68309 68311 68313 68316 68318 68320 68322 68325 68327 68377 68420 68429 136681 136713 136715 136718 136727 136813 136823 139036 139042 139046 139049 139051 139055 139058 139064 139065 139074 139084 139094 139103 139113 139123 139132 139142 139151 139161 139169 139170 139176 139180 139183 139188 139189 139198 139202 139207 139211 139217 139221 139637 139651 139652 139656 139659 139661 139663 139665 139676 139735 139789 139793 139796 139808 139812 139815 140195 140390 140395 140405 140413 140422 140431 140440 140443 140447 140448 140453 140457 140459 140469 140491 140500 140507 140508 140513 140520 140529 140546 140562 140571 140580 140589 187670
NODE_NUM = 191
FILE hyp_sub_748.aig

# Subcircuit 749
SUB_ID 749
LO (22):  140507 140513 140569 140570 140608 140700 140727 140801 140806 140809 140842 140854 140863 140866 140867 140869 140885 140894 140901 140909 140988 140998
LI (35):  140195 140207 140254 140287 140334 140390 140506 140529 140534 140557 140566 140568 140595 140598 140606 140609 140626 140646 140647 140652 140661 140674 140683 140690 140702 140737 140746 140758 140759 140841 140848 140849 140850 140859 140868
NODE_NUM = 151
FILE hyp_sub_749.aig

# Subcircuit 750
SUB_ID 750
LO (25):  140758 140759 140859 140868 140911 140938 140966 140975 140984 141030 141035 141038 141055 141071 141083 141113 141114 141127 141137 141148 141156 141231 141240 141249 141258
LI (43):  140195 140207 140254 140287 140334 140390 140455 140525 140731 140732 140737 140746 140755 140806 140809 140819 140836 140845 140854 140863 140866 140867 140869 140885 140894 140901 140909 140931 140948 140962 140971 140980 140987 140988 140993 140998 141070 141077 141078 141079 141092 141101 141110
NODE_NUM = 153
FILE hyp_sub_750.aig

# Subcircuit 751
SUB_ID 751
LO (27):  140987 140993 141158 141164 141180 141181 141295 141298 141311 141330 141339 141342 141343 141345 141357 141366 141375 141384 141393 141402 141411 141419 141427 141435 141492 141501 141510
LI (45):  140195 140207 140254 140287 140334 140390 140455 140525 140608 140700 140801 140986 141035 141038 141043 141047 141065 141074 141083 141092 141101 141110 141113 141114 141119 141127 141137 141148 141156 141173 141190 141202 141203 141204 141213 141222 141231 141240 141249 141258 141324 141325 141326 141335 141344
NODE_NUM = 190
FILE hyp_sub_751.aig

# Subcircuit 752
SUB_ID 752
LO (30):  141202 141203 141324 141325 141344 141487 141756 141761 141766 141783 141811 141824 141827 141828 141830 141842 141851 141860 141869 141878 141887 141896 141905 141914 141919 141927 141930 141996 142009 142018
LI (47):  140195 140207 140254 140287 140334 140390 140455 140525 140608 140700 140801 140911 141030 141047 141184 141185 141190 141199 141315 141316 141318 141484 141597 141600 141610 141627 141640 141652 141653 141655 141667 141676 141685 141694 141703 141712 141721 141730 141739 141746 141754 141757 141805 141806 141807 141820 141829
NODE_NUM = 153
FILE hyp_sub_752.aig

# Subcircuit 753
SUB_ID 753
LO (19):  141437 141440 141441 141447 141478 141484 141496 141505 141592 141600 141685 141694 141703 141712 141721 141730 141739 141746 141754
LI (36):  140195 140207 140223 140254 140287 140334 140390 140455 140525 140608 141199 141298 141303 141312 141330 141339 141342 141343 141345 141357 141366 141375 141384 141393 141402 141411 141419 141427 141435 141474 141483 141492 141499 141500 141501 141510
NODE_NUM = 199
FILE hyp_sub_753.aig

# Subcircuit 754
SUB_ID 754
LO (36):  141597 141627 141640 141652 141653 141757 141807 141820 141829 141833 141929 141934 141937 141954 141970 141982 141991 142000 142013 142016 142017 142031 142040 142049 142058 142067 142076 142085 142094 142101 142109 142112 142188 142198 142211 142220
LI (59):  140195 140207 140223 140254 140287 140334 140390 140455 140525 140608 140700 140801 140911 141030 141158 141295 141441 141469 141478 141592 141593 141620 141624 141627 141630 141631 141636 141640 141645 141649 141761 141766 141776 141793 141802 141811 141824 141827 141828 141830 141842 141851 141860 141869 141878 141887 141896 141905 141914 141919 141927 141930 141969 141976 141977 141978 141987 141996 142009
NODE_NUM = 183
FILE hyp_sub_754.aig

# Subcircuit 755
SUB_ID 755
LO (32):  141655 141667 141676 141805 141806 141948 141978 141987 142122 142138 142139 142502 142507 142512 142566 142567 142575 142584 142593 142602 142611 142619 142629 142642 142651 142660 142669 142678 142687 142696 142701 142709
LI (53):  140082 140195 140207 140254 140287 140334 140390 140455 140525 140608 140700 140801 140911 141030 141158 141295 141437 141496 141505 141592 141654 141663 141672 141775 141786 141793 141802 141939 141946 142111 142307 142310 142340 142341 142343 142355 142364 142373 142382 142391 142399 142409 142422 142431 142440 142449 142458 142467 142476 142485 142492 142500 142561
NODE_NUM = 199
FILE hyp_sub_755.aig

# Subcircuit 756
SUB_ID 756
LO (29):  142022 142111 142116 142121 142166 142175 142184 142192 142202 142215 142218 142219 142233 142242 142251 142260 142269 142278 142287 142292 142300 142303 142369 142378 142387 142395 142405 142418 142427
LI (47):  140195 140207 140254 140287 140334 140390 140455 140525 140608 140700 140801 140911 141030 141158 141295 141833 141929 141934 141937 141964 141973 141982 141991 142000 142013 142016 142017 142018 142031 142040 142049 142058 142067 142076 142085 142094 142101 142109 142112 142160 142161 142162 142171 142180 142188 142198 142211
NODE_NUM = 155
FILE hyp_sub_756.aig

# Subcircuit 757
SUB_ID 757
LO (39):  142160 142161 142302 142307 142310 142343 142355 142364 142373 142382 142391 142399 142409 142422 142431 142440 142449 142458 142467 142476 142485 142492 142500 143086 143087 143214 143223 143232 143241 143250 143259 143268 143277 143286 143295 143304 143313 143321 143331
LI (70):  140195 140207 140254 140287 140334 140390 140455 140525 140608 140700 140801 140911 141030 141158 141295 141437 141592 141756 141929 142022 142111 142116 142121 142142 142143 142148 142157 142166 142175 142184 142192 142202 142215 142218 142219 142220 142233 142242 142251 142260 142269 142278 142287 142292 142300 142302 142303 142342 142351 142369 142378 142387 142395 142405 142418 142427 142968 142975 142984 142993 143002 143011 143020 143029 143038 143047 143056 143065 143074 143082
NODE_NUM = 200
FILE hyp_sub_757.aig

# Subcircuit 758
SUB_ID 758
LO (33):  142315 142319 142340 142341 142523 142561 142711 142716 142719 142720 142736 142737 142782 142785 142786 142788 142800 142809 142818 142827 142836 142844 142854 142867 142876 142885 142894 142903 142912 142919 142927 143016 143025
LI (55):  140072 140074 140195 140207 140254 140287 140334 140390 140455 140525 140608 140700 140801 140911 141030 141158 141295 141437 141592 141756 141946 142312 142314 142316 142318 142331 142332 142334 142507 142512 142517 142521 142522 142551 142552 142554 142567 142575 142584 142593 142602 142611 142619 142629 142642 142651 142660 142669 142678 142687 142696 142701 142709 142776 142777
NODE_NUM = 186
FILE hyp_sub_758.aig

# Subcircuit 759
SUB_ID 759
LO (33):  142551 142552 142776 142777 142791 142929 142934 142939 142956 142975 142993 143002 143011 143038 143047 143056 143065 143074 143082 143092 143105 143114 143123 143132 143141 143146 143154 143236 143245 143254 143492 143501 143510
LI (57):  140195 140207 140254 140287 140334 140390 140455 140525 140608 140700 140801 140911 141030 141158 141295 141592 141756 141929 142111 142550 142566 142716 142719 142729 142737 142740 142741 142746 142755 142764 142773 142785 142786 142788 142800 142809 142818 142827 142836 142844 142854 142867 142876 142885 142894 142903 142912 142919 142927 142929 142971 143233 143242 143251 143489 143498 143507
NODE_NUM = 200
FILE hyp_sub_759.aig

# Subcircuit 760
SUB_ID 760
LO (46):  142968 142984 143020 143029 143156 143161 143164 143200 143209 143218 143227 143233 143242 143251 143263 143272 143281 143290 143299 143308 143317 143325 143335 143348 143357 143366 143375 143382 143392 143397 143402 143419 143438 143447 143456 143465 143474 143483 143489 143498 143507 143519 143528 143537 143546 143632
LI (82):  140195 140207 140254 140287 140334 140390 140455 142521 142746 142782 142791 142929 142934 142939 142957 142960 142961 142963 142975 142980 143016 143025 143038 143047 143056 143065 143074 143082 143086 143087 143092 143105 143114 143123 143132 143141 143146 143154 143174 143182 143191 143196 143205 143206 143214 143223 143224 143232 143241 143250 143259 143260 143268 143269 143277 143286 143295 143304 143313 143321 143331 143385 143386 143393 143398 143434 143443 143452 143461 143462 143470 143479 143480 143488 143497 143506 143515 143516 143524 143525 143533 143542
NODE_NUM = 197
FILE hyp_sub_760.aig

# Subcircuit 761
SUB_ID 761
LO (27):  143385 143407 143411 143555 143564 143573 143637 143656 143891 143896 143901 143902 143918 143919 144090 144099 144102 144103 144105 144116 144126 144139 144144 144152 144365 144374 144383
LI (40):  140049 140052 140195 140207 140254 140287 140334 140390 140455 143299 143308 143317 143384 143392 143397 143402 143404 143408 143551 143560 143569 143575 143581 143591 143604 143613 143622 143627 143635 143650 143654 143816 143825 143837 143843 144084 144085 144086 144095 144104
NODE_NUM = 169
FILE hyp_sub_761.aig

# Subcircuit 762
SUB_ID 762
LO (32):  143581 143591 143604 143613 143622 143627 143635 143650 143837 143843 144084 144085 144086 144095 144104 144212 144221 144230 144239 144248 144257 144266 144275 144284 144293 144302 144311 144320 144329 144338 144347 144356
LI (62):  140047 140390 140455 140525 140608 140700 140801 140911 141030 141158 141295 141437 141592 141756 141929 142111 142302 142502 142711 142929 143156 143325 143335 143348 143357 143366 143377 143382 143383 143386 143392 143577 143587 143600 143609 143618 143632 143647 143809 143816 143825 143834 143922 143923 143928 143937 143946 143955 143964 143973 143982 143991 144000 144009 144018 144027 144036 144045 144054 144063 144072 144081
NODE_NUM = 134
FILE hyp_sub_762.aig

# Subcircuit 763
SUB_ID 763
LO (44):  144108 144154 144159 144162 144198 144207 144216 144225 144234 144243 144252 144261 144270 144279 144288 144297 144306 144315 144324 144333 144336 144337 144339 144395 144405 144416 144424 144481 144490 144499 144508 144517 144526 144535 144544 144553 144562 144571 144580 144589 144598 144607 144616 144625
LI (67):  140195 140207 140254 140287 140334 140700 140801 140911 141030 141158 141295 141437 141592 141756 141929 142111 142302 142502 142711 142929 143156 143834 143896 143901 143919 143928 143937 143946 143955 143964 143973 143982 143991 144000 144009 144018 144027 144036 144045 144054 144102 144103 144105 144116 144126 144139 144144 144152 144192 144193 144194 144203 144212 144221 144230 144239 144248 144257 144266 144275 144284 144293 144302 144311 144320 144329 144338
NODE_NUM = 200
FILE hyp_sub_763.aig

# Subcircuit 764
SUB_ID 764
LO (33):  144192 144193 144476 144765 145075 145390 145718 145901 145905 145906 145920 146047 146056 146065 146074 146083 146092 146101 146110 146119 146128 146137 146146 146155 146164 146173 146182 146191 146200 146209 146218 146225 146234
LI (55):  140195 140207 140254 140287 140334 140390 140455 140525 140608 140700 140801 140911 141030 141158 141295 141437 141592 141756 141929 142111 142302 143392 143654 144183 144184 144186 144473 144762 145072 145387 145606 145712 145713 145715 145727 145736 145745 145754 145763 145772 145781 145790 145799 145808 145817 145826 145835 145844 145853 145862 145871 145880 145889 145898 145903
NODE_NUM = 131
FILE hyp_sub_764.aig

# Subcircuit 765
SUB_ID 765
LO (41):  144426 144431 144467 144473 144485 144494 144503 144512 144521 144530 144539 144548 144557 144566 144575 144584 144593 144602 144611 144620 144629 144638 144647 144656 144665 144674 144682 144692 144697 144707 144708 144710 144738 144747 144756 144762 144774 144783 144792 144801 144810
LI (74):  140195 140207 140254 140287 140334 140390 140455 140525 140608 144063 144159 144162 144180 144198 144207 144216 144225 144234 144243 144252 144261 144270 144279 144288 144297 144306 144315 144324 144333 144336 144337 144339 144351 144360 144369 144378 144387 144395 144405 144416 144424 144449 144458 144463 144472 144481 144490 144499 144508 144517 144526 144535 144544 144553 144562 144571 144580 144589 144598 144607 144616 144625 144699 144700 144709 144734 144743 144752 144761 144770 144779 144788 144797 144806
NODE_NUM = 200
FILE hyp_sub_765.aig

# Subcircuit 766
SUB_ID 766
LO (33):  144351 144360 144369 144378 144387 144819 145129 145444 145772 146239 146244 146249 146266 146267 146287 146451 146460 146469 146478 146487 146496 146505 146514 146523 146532 146541 146550 146559 146564 146572 146614 146623 146632
LI (60):  140195 140207 140254 140287 140334 140390 140455 140525 140608 140700 140801 140911 141030 141158 144072 144081 144090 144099 144108 144154 144347 144356 144365 144374 144383 144530 144707 144815 145126 145288 145441 145596 145769 145913 145918 145921 145926 145930 146099 146100 146102 146114 146123 146132 146141 146150 146159 146168 146177 146186 146195 146204 146213 146222 146229 146237 146240 146260 146276 146285
NODE_NUM = 198
FILE hyp_sub_766.aig

# Subcircuit 767
SUB_ID 767
LO (62):  144828 144837 144846 144855 144864 144873 144882 144891 144900 144909 144918 144927 144936 145138 145147 145156 145165 145174 145183 145192 145201 145210 145219 145228 145237 145246 145453 145462 145471 145480 145489 145498 145507 145516 145525 145534 145543 145552 145781 145790 145799 145808 145817 145826 145835 145844 145853 145862 145871 145880 146114 146123 146132 146141 146150 146159 146168 146177 146186 146195 146204 146213
LI (76):  144539 144548 144557 144566 144575 144584 144593 144602 144611 144620 144629 144638 144647 144707 144824 144833 144842 144851 144860 144869 144878 144887 144896 144905 144914 144923 144932 145135 145144 145153 145162 145171 145180 145189 145198 145207 145216 145225 145234 145243 145450 145459 145468 145477 145486 145495 145504 145513 145522 145531 145540 145549 145778 145787 145796 145805 145814 145823 145832 145841 145850 145859 145868 145877 146111 146120 146129 146138 146147 146156 146165 146174 146183 146192 146201 146210
NODE_NUM = 199
FILE hyp_sub_767.aig

# Subcircuit 768
SUB_ID 768
LO (59):  144945 144954 144963 145255 145264 145273 145570 145579 145586 145606 145898 145913 145921 145938 145957 146024 146033 146042 146051 146060 146069 146078 146087 146096 146099 146100 146102 146111 146120 146129 146138 146147 146156 146165 146174 146183 146192 146201 146210 146222 146229 146237 146240 146299 146308 146316 146326 146339 146348 146357 146366 146375 146384 146393 146402 146411 146420 146429 146438
LI (87):  141295 141437 141592 141756 141929 142111 142302 142502 142711 142929 143156 143392 143637 143891 144154 144426 144656 144665 144674 144707 144941 144950 144959 145252 145261 145270 145567 145576 145583 145603 145616 145624 145691 145700 145709 145718 145727 145736 145745 145754 145763 145889 145895 145901 145905 145906 145908 145909 145913 145918 145920 145951 145952 145953 145966 145974 145984 145997 146006 146015 146020 146029 146038 146047 146056 146065 146074 146083 146092 146101 146110 146119 146128 146137 146146 146155 146164 146173 146182 146191 146200 146209 146218 146225 146226 146234 146235
NODE_NUM = 192
FILE hyp_sub_768.aig

# Subcircuit 769
SUB_ID 769
LO (64):  144971 144998 145296 145596 145603 145623 145624 145627 145628 145664 145673 145682 145691 145700 145709 145712 145713 145715 145727 145736 145745 145754 145763 145769 145778 145787 145796 145805 145814 145823 145832 145841 145850 145859 145868 145877 145889 145895 145903 145908 145909 145953 146020 146029 146038 146768 146919 146978 146987 146996 147005 147014 147023 147031 147041 147054 147063 147072 147081 147090 147099 147108 147117 147126
LI (94):  141592 141756 141929 142111 142302 142502 142711 142929 143156 143392 143637 143891 144154 144426 144682 144707 144967 144989 144995 144997 145276 145288 145295 145301 145305 145306 145336 145345 145354 145363 145372 145381 145399 145408 145417 145426 145435 145561 145581 145587 145589 145590 145592 145602 145617 145660 145669 145678 145685 145686 145687 145696 145705 145714 145723 145732 145741 145750 145759 145768 145777 145786 145795 145804 145813 145822 145831 145840 145849 145858 145867 145876 145885 145894 145907 146579 146611 146618 146627 146636 146645 146654 146663 146671 146681 146694 146703 146712 146721 146730 146739 146748 146757 146766
NODE_NUM = 198
FILE hyp_sub_769.aig

# Subcircuit 770
SUB_ID 770
LO (60):  144979 145288 145313 145345 145354 145363 145372 145381 145387 145399 145408 145417 145426 145435 145441 145450 145459 145468 145477 145486 145495 145504 145513 145522 145531 145540 145549 145561 145567 145576 145583 145592 145951 145952 146294 146498 146575 146641 146650 146659 146667 146677 146690 146699 146708 146717 146726 146735 146744 146753 146762 146771 146780 146789 146798 146807 146816 146825 146834 146843
LI (99):  140608 140700 140801 140911 141030 141158 141295 141437 141592 141756 141929 142111 142302 142502 142711 142929 143156 143392 143637 143891 144154 144426 144692 144707 144975 144989 145008 145030 145039 145048 145057 145066 145084 145093 145102 145111 145120 145246 145280 145281 145283 145284 145341 145350 145359 145368 145377 145386 145395 145404 145413 145422 145431 145440 145449 145458 145467 145476 145485 145494 145503 145512 145521 145530 145539 145548 145557 145566 145575 145582 145591 145941 145948 146239 146244 146288 146289 146303 146312 146320 146330 146343 146352 146361 146370 146379 146388 146397 146406 146415 146424 146433 146442 146451 146460 146469 146478 146487 146496
NODE_NUM = 200
FILE hyp_sub_770.aig

# Subcircuit 771
SUB_ID 771
LO (64):  144989 144995 144997 145039 145048 145057 145066 145072 145084 145093 145102 145111 145120 145126 145135 145144 145153 145162 145171 145180 145189 145198 145207 145216 145225 145234 145243 145252 145261 145270 145278 145283 145284 146288 146289 147214 147215 147272 147356 147365 147374 147383 147392 147400 147410 147423 147432 147441 147450 147459 147468 147477 147486 147495 147504 147513 147522 147531 147540 147549 147558 147567 147576 147585
LI (100):  140390 140455 140525 140608 140700 140801 140911 141030 141158 141295 141437 141592 141756 141929 142111 142302 142502 142711 142929 143156 143392 143637 143891 144154 144426 144707 144729 144738 144747 144756 144774 144783 144792 144801 144810 144966 144972 144973 144974 144980 144982 144983 144984 144986 145035 145044 145053 145062 145071 145080 145089 145098 145107 145116 145125 145134 145143 145152 145161 145170 145179 145188 145197 145206 145215 145224 145233 145242 145251 145260 145269 145282 146287 146923 146984 146991 147000 147009 147018 147027 147035 147045 147058 147067 147076 147085 147094 147103 147112 147121 147130 147139 147148 147157 147166 147175 147184 147193 147202 147211
NODE_NUM = 200
FILE hyp_sub_771.aig

# Subcircuit 772
SUB_ID 772
LO (40):  144986 145685 145686 145948 146303 146654 147018 147387 147618 147624 147626 147627 147634 147639 147765 147774 147782 147792 147805 147814 147823 147832 147841 147850 147859 147868 147877 147886 147895 147904 147913 147922 147931 147940 147949 147958 147967 147976 147985 147998
LI (68):  140195 140207 140254 140287 140334 140390 140455 140525 140608 140700 140801 140911 141030 141158 141295 141437 141592 141756 141929 142111 142302 142502 142711 142929 143156 143392 143637 144695 144708 145305 145684 145945 145957 146239 146299 146651 147015 147276 147279 147381 147382 147384 147396 147404 147414 147427 147436 147445 147454 147463 147472 147481 147490 147499 147508 147517 147526 147535 147544 147553 147562 147571 147580 147589 147598 147607 147616 147623
NODE_NUM = 157
FILE hyp_sub_772.aig

# Subcircuit 773
SUB_ID 773
LO (45):  146312 146320 146330 146343 146663 146671 146681 146694 147027 147035 147045 147058 147396 147404 147414 147427 147778 147786 147796 147809 147992 147996 147997 148011 148201 148210 148219 148228 148237 148246 148255 148264 148273 148282 148291 148300 148309 148318 148327 148336 148345 148354 148363 148370 148379
LI (70):  140195 140207 140254 140287 140334 140390 140455 140525 140608 140700 140801 140911 141030 141158 141295 141437 141592 141756 141929 142111 142302 145966 145974 145984 145997 146239 146308 146316 146326 146339 146660 146668 146678 146691 147024 147032 147042 147055 147393 147401 147411 147424 147643 147775 147783 147793 147803 147804 147806 147818 147827 147836 147845 147854 147863 147872 147881 147890 147899 147908 147917 147926 147935 147944 147953 147962 147971 147980 147989 147994
NODE_NUM = 172
FILE hyp_sub_773.aig

# Subcircuit 774
SUB_ID 774
LO (30):  146352 146703 147067 147436 147818 148205 148369 148375 148377 148378 148390 148601 148610 148619 148628 148637 148646 148655 148664 148673 148682 148691 148700 148709 148718 148727 148736 148745 148754 148767
LI (49):  140195 140207 140254 140287 140334 140390 140455 140525 140608 140700 140801 140911 141030 141158 141295 141437 141592 141756 141929 146006 146239 146348 146700 147064 147433 147815 148012 148199 148200 148202 148214 148223 148232 148241 148250 148259 148268 148277 148286 148295 148304 148313 148322 148331 148340 148349 148358 148367 148374
NODE_NUM = 117
FILE hyp_sub_774.aig

# Subcircuit 775
SUB_ID 775
LO (32):  146361 146712 147076 147445 147827 148214 148773 148778 148781 148782 148798 148799 148814 148826 149019 149028 149037 149046 149055 149064 149073 149082 149091 149100 149109 149118 149127 149136 149145 149154 149161 149169
LI (54):  140195 140207 140254 140287 140334 140390 140455 140525 140608 140700 140801 140911 141030 141158 141295 141437 141592 146015 146239 146357 146709 147073 147442 147824 148211 148389 148394 148399 148403 148421 148608 148609 148611 148623 148632 148641 148650 148659 148668 148677 148686 148695 148704 148713 148722 148731 148740 148749 148758 148763 148771 148774 148813 148822
NODE_NUM = 200
FILE hyp_sub_775.aig

# Subcircuit 776
SUB_ID 776
LO (59):  146370 146379 146388 146397 146406 146415 146424 146721 146730 146739 146748 146757 146766 146775 146877 146878 147085 147094 147103 147112 147121 147130 147135 147144 147153 147162 147171 147180 147189 147198 147207 147216 147225 147234 147243 147454 147463 147472 147481 147490 147499 147836 147845 147854 147863 147872 147881 148223 148232 148241 148250 148259 148268 148623 148632 148641 148650 148659 148668
LI (77):  140287 140334 140390 140455 140525 140608 140700 140801 140911 141030 141158 141295 146024 146033 146042 146051 146060 146069 146078 146239 146366 146375 146384 146393 146402 146411 146420 146718 146727 146736 146745 146754 146763 146769 146770 146772 146784 146793 146802 146811 146820 146829 146838 146847 146856 146865 146874 147082 147091 147100 147109 147118 147127 147451 147460 147469 147478 147487 147496 147833 147842 147851 147860 147869 147878 148220 148229 148238 148247 148256 148265 148620 148629 148638 148647 148656 148665
NODE_NUM = 200
FILE hyp_sub_776.aig

# Subcircuit 777
SUB_ID 777
LO (50):  146433 146442 146574 146579 146582 146618 146627 146636 146645 146651 146660 146668 146678 146691 146700 146709 146718 146727 146736 146745 146754 146763 146772 146784 146793 146802 146811 146820 146829 146838 146847 146856 146865 146874 146883 146884 146892 146901 146908 146916 147148 147157 147517 147526 147899 147908 148286 148295 148686 148695
LI (75):  140195 140207 140254 140287 140334 140390 140455 140525 146087 146096 146239 146244 146249 146267 146276 146285 146294 146429 146438 146451 146460 146469 146478 146487 146496 146498 146505 146514 146523 146532 146541 146550 146559 146564 146572 146575 146614 146623 146632 146641 146650 146659 146667 146677 146690 146699 146708 146717 146726 146735 146744 146753 146762 146771 146780 146781 146789 146790 146798 146807 146816 146825 146834 146843 146878 147145 147154 147514 147523 147896 147905 148283 148292 148683 148692
NODE_NUM = 181
FILE hyp_sub_777.aig

# Subcircuit 778
SUB_ID 778
LO (45):  146611 146769 146770 146918 146923 146928 146984 146991 147000 147009 147015 147024 147032 147042 147055 147064 147073 147082 147091 147100 147109 147118 147127 147139 147145 147154 147166 147175 147184 147193 147202 147211 147220 147256 147261 147269 147277 147381 147382 147715 147724 147733 147742 147751 147760
LI (80):  140195 140207 140254 141437 143891 144154 144426 144707 144989 145288 145596 145913 145926 146254 146579 146582 146595 146596 146597 146605 146618 146627 146636 146645 146768 146775 146802 146811 146820 146829 146838 146847 146856 146877 146884 146892 146901 146908 146916 146918 146919 146958 146959 146961 146978 146982 146987 146996 147005 147014 147023 147031 147041 147054 147063 147072 147081 147090 147099 147108 147117 147126 147135 147144 147153 147162 147171 147180 147189 147198 147207 147216 147271 147327 147328 147330 147360 147369 147378 147633
NODE_NUM = 200
FILE hyp_sub_778.aig

# Subcircuit 779
SUB_ID 779
LO (68):  147271 147276 147279 147360 147369 147378 147384 147393 147401 147411 147424 147433 147442 147451 147460 147469 147478 147487 147496 147508 147514 147523 147535 147544 147553 147562 147571 147580 147589 147598 147607 147616 147623 147633 147638 147643 147660 147676 147688 147697 147706 147769 147775 147783 147793 147806 147815 147824 147833 147842 147851 147860 147869 147878 147890 147896 147905 147917 147926 147935 147944 147953 147962 147971 147980 147989 147994 147999
LI (94):  140195 140207 140254 140287 140334 146923 146928 146991 147000 147009 147139 147166 147175 147184 147193 147202 147211 147214 147215 147220 147229 147238 147247 147256 147261 147269 147272 147277 147289 147306 147315 147324 147356 147365 147374 147383 147387 147392 147400 147410 147423 147432 147441 147450 147459 147468 147477 147486 147495 147504 147513 147522 147531 147540 147549 147558 147567 147576 147585 147624 147626 147627 147634 147639 147675 147684 147693 147702 147765 147774 147782 147792 147805 147814 147823 147832 147841 147850 147859 147868 147877 147886 147895 147904 147913 147922 147931 147940 147949 147958 147967 147976 147985 147998
NODE_NUM = 198
FILE hyp_sub_779.aig

# Subcircuit 780
SUB_ID 780
LO (58):  147229 147238 147247 147327 147328 147693 147702 148004 148012 148029 148045 148057 148202 148211 148220 148229 148238 148247 148256 148265 148277 148283 148292 148304 148313 148322 148331 148340 148349 148358 148367 148374 148384 148389 148394 148439 148448 148457 148466 148475 148484 148493 148502 148511 148520 148529 148531 148840 148849 148858 148867 148876 148885 148894 148903 148912 148921 148930
LI (94):  143891 144154 144426 144707 144989 145288 145596 145913 146239 146574 146865 146874 146883 146918 147225 147234 147243 147300 147301 147306 147315 147324 147618 147623 147633 147643 147653 147670 147890 147917 147926 147935 147944 147953 147962 147971 147980 147989 147992 147996 147997 147999 148009 148011 148039 148044 148048 148053 148066 148075 148084 148093 148102 148111 148120 148129 148201 148210 148219 148228 148237 148246 148255 148264 148273 148282 148291 148300 148309 148318 148327 148336 148345 148354 148363 148370 148377 148378 148379 148385 148390 148433 148434 148435 148444 148453 148462 148471 148480 148489 148498 148507 148516 148525
NODE_NUM = 199
FILE hyp_sub_780.aig

# Subcircuit 781
SUB_ID 781
LO (25):  148017 148199 148200 148385 148498 148507 148516 148525 148608 148609 148774 148943 148952 148961 148970 148978 148988 148991 148992 149001 149010 149172 149384 149392 149402
LI (40):  139985 141756 141929 142111 142302 142502 142711 142929 143156 143392 143637 143891 144154 144426 144707 144989 148009 148014 148087 148088 148093 148102 148111 148120 148129 148138 148147 148156 148165 148173 148183 148196 148384 148389 148532 148533 148605 148773 148955 148956
NODE_NUM = 192
FILE hyp_sub_781.aig

# Subcircuit 782
SUB_ID 782
LO (55):  148196 148433 148434 148532 148533 148605 148611 148620 148629 148638 148647 148656 148665 148677 148683 148692 148704 148713 148722 148731 148740 148749 148758 148763 148771 148835 148844 148853 148862 148871 148880 148889 148898 148907 148916 148925 148934 149147 149415 149424 149433 149442 149451 149460 149469 149478 149487 149496 149505 149514 149523 149532 149541 149550 149559
LI (104):  140254 140287 140334 140390 140455 140525 140608 140700 140801 140911 141030 141158 141295 141437 141592 141756 141929 143637 146918 147271 147809 148193 148205 148277 148304 148313 148322 148331 148340 148349 148358 148369 148374 148375 148378 148384 148415 148416 148421 148430 148439 148448 148457 148466 148475 148484 148493 148502 148511 148520 148529 148531 148601 148610 148619 148628 148637 148646 148655 148664 148673 148682 148691 148700 148709 148718 148727 148736 148745 148754 148767 148770 148773 148778 148840 148849 148858 148867 148876 148885 148894 148903 148912 148921 148930 148991 148992 149001 149010 149019 149028 149037 149046 149055 149064 149073 149082 149091 149100 149109 149118 149127 149136 149145
NODE_NUM = 200
FILE hyp_sub_782.aig

# Subcircuit 783
SUB_ID 783
LO (45):  149171 149176 149181 149217 149226 149388 149396 149406 149419 149428 149437 149446 149449 149450 149452 149568 149576 149579 149636 149645 149654 149663 149672 149681 149690 149699 149708 149717 149726 149735 149744 149753 149762 149771 149780 149789 149798 149807 149815 149825 149838 149847 149856 149865 149874
LI (75):  140195 140207 141158 141295 141437 141592 141756 141929 142111 142302 142502 142711 142929 143156 143392 143637 143891 144154 144426 144707 144989 145288 145596 145913 146239 146574 146918 147271 147633 148778 148781 148799 148808 148970 148978 148988 149001 149010 149019 149028 149147 149154 149155 149161 149169 149172 149211 149212 149213 149222 149235 149244 149253 149262 149271 149280 149289 149298 149307 149316 149325 149334 149343 149352 149361 149370 149379 149384 149392 149402 149415 149424 149433 149442 149451
NODE_NUM = 199
FILE hyp_sub_783.aig

# Subcircuit 784
SUB_ID 784
LO (43):  149211 149212 149631 150067 150508 150829 150854 150958 150967 150976 150985 150994 151003 151012 151021 151030 151039 151048 151057 151066 151075 151084 151093 151102 151111 151120 151129 151138 151146 151156 151169 151178 151187 151196 151205 151214 151223 151232 151241 151250 151259 151268 151277
LI (82):  140254 140287 140334 140390 140455 140525 140608 140700 140801 140911 141030 141158 141295 141437 141592 141756 141929 142111 142302 142502 142711 142929 143156 143392 143637 143891 144154 144426 144707 144989 145288 145596 145913 146239 146574 146918 148004 148403 149202 149203 149205 149628 150064 150424 150502 150503 150505 150517 150526 150535 150544 150553 150562 150571 150580 150589 150598 150607 150616 150625 150634 150643 150652 150661 150670 150679 150688 150696 150706 150719 150728 150737 150746 150755 150764 150773 150782 150791 150800 150809 150818 150827
NODE_NUM = 199
FILE hyp_sub_784.aig

# Subcircuit 785
SUB_ID 785
LO (31):  149379 149802 150238 150679 151296 151301 151304 151349 151352 151353 151355 151592 151601 151609 151619 151632 151641 151650 151659 151668 151677 151686 151695 151704 151713 151722 151731 151738 151746 151817 151826
LI (52):  140195 140207 140254 140287 140334 140390 140455 140525 140608 140700 140801 140911 141030 141158 141295 141437 141592 141756 148961 149171 149376 149799 150235 150676 150858 150863 150890 151127 151128 151130 151142 151150 151160 151173 151182 151191 151200 151209 151218 151227 151236 151245 151254 151263 151272 151281 151286 151294 151343 151344 151345 151354
NODE_NUM = 199
FILE hyp_sub_785.aig

# Subcircuit 786
SUB_ID 786
LO (36):  149455 149578 149583 149586 149622 149628 149640 149649 149658 149667 149676 149685 149694 149703 149712 149721 149730 149739 149748 149757 149766 149775 149781 149887 149896 149905 149914 149923 149932 149941 149950 149959 149968 149977 149984 149992
LI (70):  140195 140207 140254 140287 140334 140390 140455 140525 140608 140700 140801 140911 141030 149037 149176 149181 149199 149217 149226 149235 149244 149253 149262 149271 149280 149289 149298 149307 149316 149325 149334 149343 149352 149449 149450 149452 149464 149473 149482 149491 149500 149509 149518 149527 149536 149545 149554 149563 149568 149576 149579 149618 149627 149636 149645 149654 149663 149672 149681 149690 149699 149708 149717 149726 149735 149744 149753 149762 149771 149780
NODE_NUM = 200
FILE hyp_sub_786.aig

# Subcircuit 787
SUB_ID 787
LO (43):  149464 149473 149482 149491 149500 149509 149518 149527 149536 149545 149554 149563 149784 150220 150661 151127 151128 151574 151583 151733 151739 151741 151742 151749 151754 152042 152051 152060 152069 152077 152087 152100 152109 152118 152127 152136 152145 152154 152163 152172 152181 152190 152203
LI (75):  140195 140207 140254 140287 140334 140390 140455 140525 140608 140700 140801 140911 141030 141158 141295 141437 141592 141756 141929 142111 149046 149055 149064 149073 149082 149091 149100 149109 149118 149127 149136 149145 149171 149361 149460 149469 149478 149487 149496 149505 149514 149523 149532 149541 149550 149559 149781 150217 150658 151109 151110 151112 151124 151296 151301 151304 151568 151569 151592 151601 151609 151619 151632 151641 151650 151659 151668 151677 151686 151695 151704 151713 151722 151731 151738
NODE_NUM = 176
FILE hyp_sub_787.aig

# Subcircuit 788
SUB_ID 788
LO (50):  149793 149799 149811 149819 149829 149842 149851 149860 149869 149878 149979 149985 149987 149988 150000 150229 150247 150255 150265 150278 150287 150296 150305 150314 150346 150355 150364 150373 150382 150391 150400 150413 150670 150688 150696 150706 150719 150728 150737 150746 150755 151124 151142 151150 151160 151173 151182 151191 151200 151209
LI (69):  140195 140207 140254 140287 140334 140390 140455 140525 140608 149370 149388 149396 149406 149419 149428 149437 149446 149455 149578 149586 149789 149798 149807 149815 149825 149838 149847 149856 149865 149874 149899 149900 149905 149914 149923 149932 149941 149950 149959 149968 149977 149984 150226 150244 150252 150262 150275 150284 150293 150302 150311 150667 150685 150693 150703 150716 150725 150734 150743 150752 151121 151139 151147 151157 151170 151179 151188 151197 151206
NODE_NUM = 165
FILE hyp_sub_788.aig

# Subcircuit 789
SUB_ID 789
LO (57):  149994 149999 150004 150040 150049 150058 150064 150076 150085 150094 150103 150112 150121 150130 150139 150148 150157 150166 150175 150184 150193 150202 150211 150217 150226 150235 150244 150252 150262 150275 150284 150293 150302 150311 150323 150332 150341 150350 150359 150368 150377 150386 150395 150404 150407 150411 150412 150414 150415 150426 150796 150805 150814 150823 150832 150839 150848
LI (88):  140195 140207 140254 140287 140334 140390 149583 149604 149613 149622 149640 149649 149658 149667 149676 149685 149694 149703 149712 149721 149730 149739 149748 149757 149766 149775 149887 149896 149905 149914 149923 149932 149941 149950 149959 149968 149977 149979 149985 149987 149988 149992 149995 150000 150036 150045 150054 150063 150072 150081 150090 150099 150108 150117 150126 150135 150144 150153 150162 150171 150180 150189 150198 150207 150216 150225 150234 150243 150251 150261 150274 150283 150292 150301 150310 150319 150328 150337 150346 150353 150354 150355 150364 150373 150382 150391 150400 150413
NODE_NUM = 176
FILE hyp_sub_789.aig

# Subcircuit 790
SUB_ID 790
LO (66):  150353 150354 150419 150424 150425 150444 150445 150449 150472 150481 150490 150499 150502 150503 150505 150517 150526 150535 150544 150553 150562 150571 150580 150589 150598 150607 150616 150625 150634 150643 150652 150658 150667 150676 150685 150693 150703 150716 150725 150734 150743 150752 150764 150773 150782 150791 150800 150809 150818 150827 150836 150838 150843 150844 150846 150847 150849 150859 150895 150904 150913 150922 150931 150940 150949 151290
LI (100):  140195 140455 147271 147633 148004 148384 148773 149171 149578 149984 149994 149999 150004 150009 150013 150031 150040 150049 150058 150076 150085 150094 150103 150112 150121 150130 150139 150148 150157 150166 150175 150184 150193 150202 150211 150323 150332 150341 150350 150352 150359 150368 150377 150386 150395 150404 150411 150412 150414 150415 150420 150426 150438 150455 150463 150468 150477 150486 150495 150504 150513 150522 150531 150540 150549 150558 150567 150576 150585 150594 150603 150612 150621 150630 150639 150648 150657 150666 150675 150684 150692 150702 150715 150724 150733 150742 150751 150760 150769 150778 150787 150796 150805 150814 150823 150830 150831 150832 150839 150848
NODE_NUM = 195
FILE hyp_sub_790.aig

# Subcircuit 791
SUB_ID 791
LO (49):  150432 150436 150438 150830 150831 150853 150858 150863 150899 150908 150917 150926 150935 150944 150953 150962 150971 150980 150989 150998 151007 151016 151025 151034 151043 151052 151061 151070 151072 151354 151363 151372 151381 151390 151399 151408 151417 151426 151435 151444 151453 151462 151471 151480 151489 151498 151507 151516 151525
LI (78):  139957 139959 140207 143392 143637 143891 144154 144426 144707 144989 145288 145596 145913 146239 146574 146918 147271 147633 148004 148384 148773 149171 150013 150407 150424 150425 150429 150433 150437 150445 150454 150463 150472 150481 150490 150499 150508 150517 150526 150535 150544 150553 150562 150571 150580 150589 150598 150607 150616 150829 150836 150846 150847 150849 150854 150859 150893 150894 150895 150904 150913 150922 150931 150940 150949 150958 150967 150976 150985 150994 151003 151012 151021 151030 151039 151048 151057 151066
NODE_NUM = 199
FILE hyp_sub_791.aig

# Subcircuit 792
SUB_ID 792
LO (38):  150868 150872 150890 150893 150894 151109 151110 151315 151345 151568 151569 152010 152019 152028 152037 152196 152210 152483 152492 152501 152510 152519 152528 152537 152546 152554 152564 152577 152586 152595 152604 152613 152622 152631 152640 152649 152658 152665
LI (64):  139953 139955 140207 140254 140287 140334 140390 140455 140525 140608 140700 140801 140911 141030 141158 141295 141437 141592 141756 141929 142111 142302 142502 142711 142929 143156 149578 149994 150013 150865 150869 150883 150887 150890 151072 151079 151088 151097 151106 151296 151314 151532 151533 151748 151753 152004 152005 152046 152055 152064 152073 152081 152091 152104 152113 152122 152131 152140 152149 152158 152167 152176 152185 152194
NODE_NUM = 199
FILE hyp_sub_792.aig

# Subcircuit 793
SUB_ID 793
LO (55):  151079 151088 151097 151106 151112 151121 151130 151139 151147 151157 151170 151179 151188 151197 151206 151218 151227 151236 151245 151254 151263 151272 151281 151286 151294 151314 151775 151776 152003 152249 152258 152267 152276 152285 152294 152303 152312 152321 152330 152339 152348 152357 152366 152375 152384 152393 152402 152411 152420 152429 152438 152447 152456 152465 152474
LI (97):  139950 142929 143156 143392 143637 143891 144154 144426 144707 144989 145288 145596 145913 146239 146574 146918 147271 147633 148004 148384 148773 149171 149578 149994 150419 150625 150634 150643 150652 150764 150773 150782 150791 150800 150809 150818 150827 150838 150843 150844 150847 150853 151075 151084 151093 151102 151111 151120 151129 151138 151146 151156 151169 151178 151187 151196 151205 151214 151223 151232 151241 151250 151259 151268 151277 151290 151293 151306 151313 151771 151772 151773 151785 151794 151803 151812 151821 151830 151839 151848 151857 151866 151875 151884 151893 151902 151911 151920 151929 151938 151947 151956 151965 151974 151983 151992 152001
NODE_NUM = 200
FILE hyp_sub_793.aig

# Subcircuit 794
SUB_ID 794
LO (44):  151313 151771 151772 151773 152244 152574 152680 152730 152739 152748 152757 152766 152775 152784 152793 152802 152811 152820 152829 152838 152847 152856 152865 152874 152883 152892 152901 152910 152919 152928 152937 152946 152955 152964 152973 152982 152991 153000 153009 153018 153027 153036 153044 153054
LI (82):  139948 140911 141030 141158 141295 141437 141592 141756 141929 142111 142302 142502 142711 142929 143156 143392 143637 143891 144154 144426 144707 144989 145288 145596 145913 146239 146574 146918 147271 147633 148004 148384 148773 149171 149578 149994 150419 150853 151296 151310 151748 151768 152214 152238 152239 152241 152253 152262 152271 152280 152289 152298 152307 152316 152325 152334 152343 152352 152361 152370 152379 152388 152397 152406 152415 152424 152433 152442 152451 152460 152469 152478 152487 152496 152505 152514 152523 152532 152541 152550 152558 152568
NODE_NUM = 200
FILE hyp_sub_794.aig

# Subcircuit 795
SUB_ID 795
LO (43):  151343 151344 151812 152289 152779 153100 153159 153270 153279 153288 153297 153306 153315 153324 153333 153342 153351 153360 153369 153378 153387 153396 153405 153414 153423 153432 153441 153450 153459 153468 153477 153486 153495 153504 153513 153522 153531 153539 153549 153562 153571 153580 153589
LI (82):  140455 140525 140608 140700 140801 140911 141030 141158 141295 141437 141592 141756 141929 142111 142302 142502 142711 142929 143156 143392 143637 143891 144154 144426 144707 144989 145288 145596 145913 146239 146574 146918 147271 147633 148004 148384 149578 149994 151333 151340 151341 151748 152286 152684 152773 152774 152776 152788 152797 152806 152815 152824 152833 152842 152851 152860 152869 152878 152887 152896 152905 152914 152923 152932 152941 152950 152959 152968 152977 152986 152995 153004 153013 153022 153031 153040 153048 153058 153071 153080 153089 153098
NODE_NUM = 200
FILE hyp_sub_795.aig

# Subcircuit 796
SUB_ID 796
LO (28):  151532 151533 151830 151839 151848 151857 151866 151875 151884 151893 151902 151911 151920 151929 151938 151947 151956 151965 151974 151983 151992 152001 152307 152316 152325 152334 152343 152352
LI (51):  142929 143156 143392 143637 143891 144154 144426 144707 144989 145288 145596 145913 146239 146574 146918 147271 147633 148004 148384 148773 150899 151352 151353 151355 151367 151376 151385 151394 151403 151412 151421 151430 151439 151448 151457 151466 151475 151484 151493 151502 151511 151520 151529 151748 151827 152304 152313 152322 152331 152340 152349
NODE_NUM = 199
FILE hyp_sub_796.aig

# Subcircuit 797
SUB_ID 797
LO (49):  151367 151376 151385 151394 151403 151412 151421 151430 151439 151448 151457 151466 151475 151484 151493 151502 151511 151520 151529 151748 151753 151821 151827 152046 152055 152064 152073 152081 152091 152104 152113 152122 152131 152140 152149 152158 152167 152176 152185 152194 152209 152214 152217 152253 152262 152271 152280 152286 152677
LI (99):  140195 150908 150917 150926 150935 150944 150953 150962 150971 150980 150989 150998 151007 151016 151025 151034 151043 151052 151061 151070 151296 151301 151349 151363 151372 151381 151390 151399 151408 151417 151426 151435 151444 151453 151462 151471 151480 151489 151498 151507 151516 151525 151574 151583 151592 151601 151609 151619 151632 151641 151650 151659 151668 151677 151686 151695 151704 151713 151722 151731 151733 151738 151739 151741 151742 151746 151749 151754 151776 151785 151794 151803 151817 151826 152042 152051 152060 152069 152077 152087 152100 152109 152118 152127 152136 152145 152154 152163 152172 152181 152190 152196 152203 152210 152249 152258 152267 152276 152285
NODE_NUM = 199
FILE hyp_sub_797.aig

# Subcircuit 798
SUB_ID 798
LO (48):  151763 151767 152004 152005 152222 152226 152238 152239 152298 152700 152788 153283 153586 153647 153787 153796 153805 153814 153823 153832 153841 153850 153859 153868 153877 153886 153895 153904 153913 153922 153931 153940 153949 153958 153967 153976 153985 153994 154003 154012 154021 154030 154039 154047 154057 154070 154079 154088
LI (87):  139939 139941 139943 139946 140455 140525 140608 140700 140801 140911 141030 141158 141295 141437 141592 141756 141929 142111 142302 142502 142711 142929 143156 143392 143637 143891 144154 144426 144707 144989 145288 145596 145913 146239 146574 146918 147271 147633 151296 151760 151764 151821 152003 152209 152219 152223 152237 152294 152699 152785 153163 153277 153278 153280 153292 153301 153310 153319 153328 153337 153346 153355 153364 153373 153382 153391 153400 153409 153418 153427 153436 153445 153454 153463 153472 153481 153490 153499 153508 153517 153526 153535 153543 153553 153566 153575 153584
NODE_NUM = 200
FILE hyp_sub_798.aig

# Subcircuit 799
SUB_ID 799
LO (47):  152304 152313 152322 152331 152340 152349 152361 152851 153346 153854 154131 154135 154136 154144 154150 154363 154372 154381 154390 154399 154408 154417 154426 154435 154444 154453 154462 154471 154480 154489 154498 154507 154516 154525 154534 154543 154552 154560 154570 154583 154592 154601 154610 154619 154628 154635 154644
LI (79):  140195 140207 140254 140287 140334 140390 140455 140525 140608 140700 140801 140911 141030 141158 141295 141437 141592 141756 141929 142111 142302 142502 142711 142929 143156 143392 143637 143891 144154 144426 144707 144989 151884 152209 152303 152312 152321 152330 152339 152348 152357 152848 153343 153651 153656 153848 153849 153851 153863 153872 153881 153890 153899 153908 153917 153926 153935 153944 153953 153962 153971 153980 153989 153998 154007 154016 154025 154034 154043 154051 154061 154074 154083 154092 154101 154110 154119 154128 154133
NODE_NUM = 183
FILE hyp_sub_799.aig

# Subcircuit 800
SUB_ID 800
LO (40):  152370 152860 153355 153863 154376 154634 154640 154642 154643 154650 154655 154898 154907 154916 154925 154934 154943 154952 154961 154970 154979 154988 154997 155006 155015 155024 155033 155042 155051 155060 155069 155078 155086 155096 155109 155118 155127 155136 155145 155158
LI (70):  140195 140207 140254 140287 140334 140390 140455 140525 140608 140700 140801 140911 141030 141158 141295 141437 141592 141756 141929 142111 142302 142502 142711 142929 143156 143392 143637 143891 144154 144426 151893 152209 152366 152857 153352 153860 154148 154151 154370 154371 154373 154385 154394 154403 154412 154421 154430 154439 154448 154457 154466 154475 154484 154493 154502 154511 154520 154529 154538 154547 154556 154564 154574 154587 154596 154605 154614 154623 154632 154639
NODE_NUM = 169
FILE hyp_sub_800.aig

# Subcircuit 801
SUB_ID 801
LO (39):  152379 152869 153364 153872 154385 154911 155152 155156 155157 155165 155171 155438 155447 155456 155465 155474 155483 155492 155501 155510 155519 155528 155537 155546 155555 155564 155573 155582 155591 155600 155609 155617 155627 155640 155649 155658 155667 155674 155683
LI (67):  140195 140207 140254 140287 140334 140390 140455 140525 140608 140700 140801 140911 141030 141158 141295 141437 141592 141756 141929 142111 142302 142502 142711 142929 143156 143392 143637 143891 151902 152209 152375 152866 153361 153869 154382 154654 154659 154905 154906 154908 154920 154929 154938 154947 154956 154965 154974 154983 154992 155001 155010 155019 155028 155037 155046 155055 155064 155073 155082 155090 155100 155113 155122 155131 155140 155149 155154
NODE_NUM = 163
FILE hyp_sub_801.aig

# Subcircuit 802
SUB_ID 802
LO (38):  152388 152878 153373 153881 154394 154920 155451 155673 155679 155681 155682 155689 155694 155991 156000 156009 156018 156027 156036 156045 156054 156063 156072 156081 156090 156099 156108 156117 156126 156135 156144 156153 156161 156171 156184 156193 156202 156215
LI (64):  140195 140207 140254 140287 140334 140390 140455 140525 140608 140700 140801 140911 141030 141158 141295 141437 141592 141756 141929 142111 142302 142502 142711 142929 143156 143392 151911 152209 152384 152875 153370 153878 154391 154917 155169 155172 155445 155446 155448 155460 155469 155478 155487 155496 155505 155514 155523 155532 155541 155550 155559 155568 155577 155586 155595 155604 155613 155621 155631 155644 155653 155662 155671 155678
NODE_NUM = 155
FILE hyp_sub_802.aig

# Subcircuit 803
SUB_ID 803
LO (37):  152397 152887 153382 153890 154403 154929 155460 156004 156209 156213 156214 156222 156228 156549 156558 156567 156576 156585 156594 156603 156612 156621 156630 156639 156648 156657 156666 156675 156684 156693 156702 156710 156720 156733 156742 156749 156758
LI (61):  140195 140207 140254 140287 140334 140390 140455 140525 140608 140700 140801 140911 141030 141158 141295 141437 141592 141756 141929 142111 142302 142502 142711 142929 151920 152209 152393 152884 153379 153887 154400 154926 155457 155693 155698 155998 155999 156001 156013 156022 156031 156040 156049 156058 156067 156076 156085 156094 156103 156112 156121 156130 156139 156148 156157 156165 156175 156188 156197 156206 156211
NODE_NUM = 149
FILE hyp_sub_803.aig

# Subcircuit 804
SUB_ID 804
LO (36):  152406 152896 153391 153899 154412 154938 155469 156013 156562 156748 156754 156756 156757 156764 156769 157120 157129 157138 157147 157156 157165 157174 157183 157192 157201 157210 157219 157228 157237 157246 157255 157264 157272 157282 157295 157308
LI (58):  140195 140207 140254 140287 140334 140390 140455 140525 140608 140700 140801 140911 141030 141158 141295 141437 141592 141756 141929 142111 142302 142502 151929 152209 152402 152893 153388 153896 154409 154935 155466 156010 156226 156229 156556 156557 156559 156571 156580 156589 156598 156607 156616 156625 156634 156643 156652 156661 156670 156679 156688 156697 156706 156714 156724 156737 156746 156753
NODE_NUM = 141
FILE hyp_sub_804.aig

# Subcircuit 805
SUB_ID 805
LO (35):  152415 152905 153400 153908 154421 154947 155478 156022 156571 157133 157302 157306 157307 157315 157321 157696 157705 157714 157723 157732 157741 157750 157759 157768 157777 157786 157795 157804 157813 157822 157831 157839 157849 157860 157869
LI (55):  140195 140207 140254 140287 140334 140390 140455 140525 140608 140700 140801 140911 141030 141158 141295 141437 141592 141756 141929 142111 151938 152209 152411 152902 153397 153905 154418 154944 155475 156019 156568 156768 156773 157127 157128 157130 157142 157151 157160 157169 157178 157187 157196 157205 157214 157223 157232 157241 157250 157259 157268 157276 157286 157299 157304
NODE_NUM = 135
FILE hyp_sub_805.aig

# Subcircuit 806
SUB_ID 806
LO (34):  152424 152914 153409 153917 154430 154956 155487 156031 156580 157142 157709 157859 157865 157867 157868 157875 158276 158285 158294 158303 158312 158321 158330 158339 158348 158357 158366 158375 158384 158393 158402 158410 158420 158433
LI (52):  140195 140207 140254 140287 140334 140390 140455 140525 140608 140700 140801 140911 141030 141158 141295 141437 141592 141756 151947 152209 152420 152911 153406 153914 154427 154953 155484 156028 156577 157139 157319 157322 157703 157704 157706 157718 157727 157736 157745 157754 157763 157772 157781 157790 157799 157808 157817 157826 157835 157843 157853 157864
NODE_NUM = 127
FILE hyp_sub_806.aig

# Subcircuit 807
SUB_ID 807
LO (34):  152433 152923 153418 153926 154439 154965 155496 156040 156589 157151 157718 158439 158452 158453 158454 158871 158880 158889 158898 158907 158916 158925 158934 158943 158952 158961 158970 158979 158988 158995 159000 159007 159015 159054
LI (53):  140195 140207 140211 140254 140287 140334 140390 140455 140525 140608 140700 140801 140911 141030 141158 141295 141437 151956 152209 152429 152920 153415 153923 154436 154962 155493 156037 156586 157148 157715 157874 157879 158283 158284 158286 158298 158307 158316 158325 158334 158343 158352 158361 158370 158379 158388 158397 158406 158414 158424 158429 158437 158450
NODE_NUM = 198
FILE hyp_sub_807.aig

# Subcircuit 808
SUB_ID 808
LO (64):  152442 152451 152460 152469 152478 152487 152932 152941 152950 152959 152968 152977 153427 153436 153445 153454 153463 153472 153935 153944 153953 153962 153971 153980 154448 154457 154466 154475 154484 154974 154983 154992 155001 155010 155505 155514 155523 155532 155541 156049 156058 156067 156076 156085 156598 156607 156616 156625 156634 157160 157169 157178 157187 157196 157727 157736 157745 157754 157763 158298 158307 158316 158325 158334
LI (71):  151965 151974 151983 151992 152001 152010 152209 152438 152447 152456 152465 152474 152483 152929 152938 152947 152956 152965 152974 153424 153433 153442 153451 153460 153469 153932 153941 153950 153959 153968 153977 154445 154454 154463 154472 154481 154971 154980 154989 154998 155007 155502 155511 155520 155529 155538 156046 156055 156064 156073 156082 156595 156604 156613 156622 156631 157157 157166 157175 157184 157193 157724 157733 157742 157751 157760 158295 158304 158313 158322 158331
NODE_NUM = 198
FILE hyp_sub_808.aig

# Subcircuit 809
SUB_ID 809
LO (64):  152496 152505 152514 152523 152532 152541 152986 152995 153004 153013 153022 153031 153481 153490 153499 153508 153517 153526 153989 153998 154007 154016 154025 154034 154502 154511 154520 154529 154538 155028 155037 155046 155055 155064 155559 155568 155577 155586 155595 156103 156112 156121 156130 156139 156652 156661 156670 156679 156688 157214 157223 157232 157241 157250 157781 157790 157799 157808 157817 158352 158361 158370 158379 158388
LI (71):  152019 152028 152037 152046 152055 152064 152209 152492 152501 152510 152519 152528 152537 152983 152992 153001 153010 153019 153028 153478 153487 153496 153505 153514 153523 153986 153995 154004 154013 154022 154031 154499 154508 154517 154526 154535 155025 155034 155043 155052 155061 155556 155565 155574 155583 155592 156100 156109 156118 156127 156136 156649 156658 156667 156676 156685 157211 157220 157229 157238 157247 157778 157787 157796 157805 157814 158349 158358 158367 158376 158385
NODE_NUM = 198
FILE hyp_sub_809.aig

# Subcircuit 810
SUB_ID 810
LO (51):  152550 152558 152568 152664 152670 152672 152673 152685 153040 153048 153058 153067 153076 153085 153094 153103 153112 153121 153130 153139 153152 153535 153543 153553 154043 154051 154061 154556 154564 154574 155082 155090 155100 155613 155621 155631 156157 156165 156175 156706 156714 156724 157268 157276 157286 157835 157843 157853 158406 158414 158424
LI (64):  140195 140207 140254 140287 140334 140390 140455 140525 140608 140700 140801 152073 152081 152091 152209 152217 152546 152554 152564 152574 152581 152590 152599 152608 152617 152626 152635 152644 152653 152662 152669 153037 153045 153055 153532 153540 153550 154040 154048 154058 154553 154561 154571 155079 155087 155097 155610 155618 155628 156154 156162 156172 156703 156711 156721 157265 157273 157283 157832 157840 157850 158403 158411 158421
NODE_NUM = 166
FILE hyp_sub_810.aig

# Subcircuit 811
SUB_ID 811
LO (55):  152581 152590 153071 153080 153566 153575 154074 154083 154587 154596 155113 155122 155644 155653 156188 156197 156737 156746 156773 157299 157322 157864 157874 157879 157911 157920 157929 157938 157947 157956 157965 157974 157983 157992 158001 158010 158019 158022 158023 158025 158437 158489 158498 158507 158516 158525 158534 158543 158552 158561 158570 158579 158588 158597 158606
LI (75):  149994 150419 150853 151296 151748 152104 152113 152209 152577 152586 152679 153068 153077 153158 153563 153572 153646 154071 154080 154143 154584 154593 154649 155110 155119 155164 155641 155650 155688 156185 156194 156734 156743 156770 157296 157302 157314 157319 157321 157340 157349 157358 157367 157376 157385 157394 157403 157412 157421 157430 157439 157448 157861 157867 157868 157870 157875 157905 157906 157907 157916 157925 157934 157943 157952 157961 157970 157979 157988 157997 158006 158015 158024 158434 158435
NODE_NUM = 196
FILE hyp_sub_811.aig

# Subcircuit 812
SUB_ID 812
LO (50):  152599 153089 153584 154092 154605 155131 155662 156206 156753 157314 157319 157339 157340 157376 157385 157394 157403 157412 157421 157430 157439 157448 157457 157466 157475 157484 157493 157502 157505 157506 157907 157916 157925 157934 157943 157952 157961 157970 157979 157988 157997 158006 158015 158024 158033 158042 158051 158060 158069 158078
LI (72):  148004 148384 148773 149171 149578 149994 150419 150853 151296 151748 152122 152209 152595 152679 153086 153158 153581 153646 154089 154143 154602 154649 155128 155164 155659 155688 156203 156221 156750 156763 156768 156778 156782 156809 156818 156827 156836 156845 156854 156863 156872 156881 156890 156899 156908 156917 156926 156935 157306 157307 157309 157310 157315 157333 157349 157358 157367 157372 157381 157390 157399 157408 157417 157426 157435 157444 157453 157462 157471 157480 157489 157498
NODE_NUM = 200
FILE hyp_sub_812.aig

# Subcircuit 813
SUB_ID 813
LO (44):  152608 153098 153646 153651 153656 153673 153692 153701 153710 153719 153728 153737 153746 153755 153764 153773 153782 153791 153800 153809 153812 153813 153815 154101 154110 154119 154128 154133 154141 154201 154210 154219 154228 154237 154246 154255 154264 154273 154282 154291 154300 154309 154318 154327
LI (67):  140195 140207 140254 140287 140334 146574 146918 147271 147633 148004 148384 148773 149171 149578 149994 150419 150853 151296 151748 152131 152209 152604 153095 153163 153166 153176 153184 153193 153202 153211 153220 153229 153238 153247 153256 153265 153274 153283 153292 153301 153587 153588 153590 153602 153611 153620 153629 153636 153644 153647 153686 153687 153688 153697 153706 153715 153724 153733 153742 153751 153760 153769 153778 153787 153796 153805 153814
NODE_NUM = 199
FILE hyp_sub_813.aig

# Subcircuit 814
SUB_ID 814
LO (56):  152617 152699 153158 153163 153166 153183 153184 153220 153229 153238 153247 153256 153265 153274 153277 153278 153280 153292 153301 153310 153319 153328 153337 153343 153352 153361 153370 153379 153388 153397 153406 153415 153424 153433 153442 153451 153460 153469 153478 153602 153611 153620 153629 153636 153644 153688 153697 153706 153715 153724 153733 153742 153751 153760 153769 153778
LI (80):  140195 140207 140254 140287 140334 148004 148384 148773 149171 149578 149994 150419 150853 151296 151748 152140 152209 152613 152679 152684 152689 152694 152698 152725 152734 152743 152752 152761 152770 152779 152797 152806 152815 152824 152833 152842 153101 153102 153104 153116 153125 153134 153143 153148 153156 153159 153177 153193 153202 153211 153216 153225 153234 153243 153252 153261 153270 153279 153288 153297 153306 153315 153324 153333 153342 153351 153360 153369 153378 153387 153396 153405 153414 153423 153432 153441 153450 153459 153468 153477
NODE_NUM = 200
FILE hyp_sub_814.aig

# Subcircuit 815
SUB_ID 815
LO (75):  152626 152635 152644 152653 152662 152669 152679 152684 152689 152734 152743 152752 152761 152770 152773 152774 152776 152785 152797 152806 152815 152824 152833 152842 152848 152857 152866 152875 152884 152893 152902 152911 152920 152929 152938 152947 152956 152965 152974 152983 152992 153001 153010 153019 153028 153037 153045 153055 153068 153077 153086 153095 153104 153116 153125 153134 153143 153148 153156 153225 153234 153243 153252 153261 154253 154254 154709 154718 154727 154736 154745 154754 154763 154772 154781
LI (105):  148773 149171 149578 149994 150419 150853 151296 151748 152149 152158 152167 152176 152185 152194 152209 152214 152244 152253 152262 152271 152280 152307 152316 152325 152334 152343 152352 152622 152631 152640 152649 152658 152664 152665 152670 152672 152673 152677 152680 152685 152686 152728 152729 152730 152739 152748 152757 152766 152775 152784 152793 152802 152811 152820 152829 152838 152847 152856 152865 152874 152883 152892 152901 152910 152919 152928 152937 152946 152955 152964 152973 152982 152991 153000 153009 153018 153027 153036 153044 153054 153067 153076 153085 153094 153103 153112 153113 153121 153122 153130 153131 153139 153140 153152 153153 153154 154180 154187 154196 154205 154214 154223 154232 154241 154250
NODE_NUM = 199
FILE hyp_sub_815.aig

# Subcircuit 816
SUB_ID 816
LO (47):  152694 152728 152729 153101 153102 153216 153487 153496 153505 153514 153523 153532 153540 153550 153563 153572 153581 153587 153588 153590 153686 153687 154196 154722 154905 154906 155249 155258 155267 155276 155285 155294 155303 155312 155321 155330 155339 155348 155357 155366 155375 155384 155393 155402 155411 155420 155429
LI (70):  139937 140390 144154 144426 144707 144989 145288 145596 145913 146239 146574 146918 147271 147633 148004 148384 148773 149171 149578 149994 150419 150853 151296 152209 152691 152698 152718 152725 153100 153158 153486 153495 153504 153513 153522 153531 153539 153549 153562 153571 153580 153586 153589 153677 153678 153680 154193 154716 154717 154719 154731 154740 154749 154758 154767 154776 154785 154794 154803 154812 154821 154830 154839 154848 154857 154866 154875 154884 154893 154902
NODE_NUM = 144
FILE hyp_sub_816.aig

# Subcircuit 817
SUB_ID 817
LO (28):  153848 153849 154370 154371 154857 154866 154875 154884 154893 155445 155446 155932 155941 155950 155959 155968 155977 155986 155998 155999 156477 156486 156495 156504 156513 156522 156531 156540
LI (38):  143156 143392 143637 143891 144154 144426 144707 144989 145288 145596 145913 146239 153310 153812 153813 153815 153827 153836 153845 154143 154325 154326 154328 154367 154649 155382 155383 155385 155394 155403 155412 155421 155433 155442 155688 155926 155927 155995
NODE_NUM = 200
FILE hyp_sub_817.aig

# Subcircuit 818
SUB_ID 818
LO (92):  153827 153836 153845 153851 153860 153869 153878 153887 153896 153905 153914 153923 153932 153941 153950 153959 153968 153977 153986 153995 154004 154013 154022 154031 154040 154048 154058 154071 154080 154089 154143 154148 154149 154151 154168 154169 154180 154205 154214 154223 154232 154241 154250 154259 154268 154277 154286 154295 154304 154313 154322 154325 154326 154328 154367 154373 154382 154391 154400 154409 154418 154427 154436 154445 154454 154463 154472 154481 154493 154499 154508 154517 154526 154535 154547 154553 154561 154571 154584 154593 154602 154614 154620 154691 154700 154790 154799 154808 154817 154826 154835 154844
LI (118):  146239 146574 146918 147271 147633 148004 148384 148773 153158 153319 153328 153337 153646 153651 153656 153661 153665 153692 153701 153710 153719 153728 153737 153746 153755 153764 153773 153782 153791 153800 153809 153823 153832 153841 153850 153854 153859 153868 153877 153886 153895 153904 153913 153922 153931 153940 153949 153958 153967 153976 153980 153985 153994 154003 154012 154021 154030 154034 154039 154047 154057 154070 154079 154088 154101 154135 154136 154141 154144 154150 154162 154178 154201 154210 154219 154228 154237 154246 154253 154254 154255 154264 154273 154282 154291 154300 154309 154318 154327 154363 154372 154381 154390 154399 154408 154417 154426 154435 154444 154453 154462 154471 154480 154489 154498 154507 154516 154525 154534 154543 154552 154560 154570 154583 154592 154601 154610 154619
NODE_NUM = 200
FILE hyp_sub_818.aig

# Subcircuit 819
SUB_ID 819
LO (48):  154623 155149 155678 156221 156226 156227 156229 156246 156247 156283 156292 156301 156310 156319 156328 156337 156346 156355 156364 156373 156382 156391 156400 156409 156418 156427 156429 156805 156814 156823 156832 156841 156850 156859 156868 156877 156886 156895 156904 156913 156922 156931 156940 156949 156958 156967 156976 156985
LI (74):  146918 147271 147633 148004 148384 148773 149171 149578 149994 150419 150853 151296 151748 152209 152679 153158 153646 154110 154143 154620 154649 155146 155164 155675 155688 155693 155698 155703 155707 155708 155734 155743 155752 155761 155770 155779 155788 155797 155806 155815 155824 155833 155842 155851 155860 155869 155878 156213 156214 156216 156217 156222 156228 156240 156256 156265 156274 156279 156288 156297 156306 156315 156324 156333 156342 156351 156360 156369 156378 156387 156396 156405 156414 156423
NODE_NUM = 198
FILE hyp_sub_819.aig

# Subcircuit 820
SUB_ID 820
LO (47):  154632 154659 155172 155688 155693 155698 155734 155743 155752 155761 155770 155779 155788 155797 155806 155815 155824 155833 155842 155851 155860 155869 155878 155887 155896 155905 155907 156279 156288 156297 156306 156315 156324 156333 156342 156351 156360 156369 156378 156387 156396 156405 156414 156423 156432 156441 156450
LI (75):  146239 146574 146918 147271 147633 148004 148384 148773 149171 149578 149994 150419 150853 151296 151748 152209 152679 153158 153646 154119 154143 154628 154656 155152 155164 155169 155171 155190 155199 155208 155217 155226 155235 155244 155253 155262 155271 155280 155289 155298 155307 155316 155325 155334 155343 155352 155361 155671 155681 155682 155684 155689 155694 155728 155729 155730 155739 155748 155757 155766 155775 155784 155793 155802 155811 155820 155829 155838 155847 155856 155865 155874 155883 155892 155901
NODE_NUM = 199
FILE hyp_sub_820.aig

# Subcircuit 821
SUB_ID 821
LO (48):  154639 154670 155164 155169 155189 155190 155217 155226 155235 155244 155253 155262 155271 155280 155289 155298 155307 155316 155325 155334 155343 155352 155361 155370 155373 155374 155730 155739 155748 155757 155766 155775 155784 155793 155802 155811 155820 155829 155838 155847 155856 155865 155874 155883 155892 155901 155910 155919
LI (72):  145913 146239 146574 146918 147271 147633 148004 148384 148773 149171 149578 149994 150419 150853 151296 151748 152209 152679 153158 153646 154128 154143 154160 154635 154649 154654 154664 154668 154686 154695 154704 154713 154722 154731 154740 154749 154758 154767 154776 154785 154794 154803 154812 154821 154830 154839 155156 155157 155159 155160 155165 155183 155199 155208 155213 155222 155231 155240 155249 155258 155267 155276 155285 155294 155303 155312 155321 155330 155339 155348 155357 155366
NODE_NUM = 200
FILE hyp_sub_821.aig

# Subcircuit 822
SUB_ID 822
LO (76):  154649 154654 154656 154695 154704 154713 154716 154717 154719 154731 154740 154749 154758 154767 154776 154785 154794 154803 154812 154821 154830 154839 154848 154902 154908 154917 154926 154935 154944 154953 154962 154971 154980 154989 154998 155007 155019 155025 155034 155043 155052 155061 155073 155079 155087 155097 155110 155119 155128 155140 155146 155154 155159 155160 155222 155231 155240 155382 155383 155433 155550 155604 155671 155926 155927 156094 156148 156472 156511 156512 157030 157039 157048 157057 157066 157075
LI (109):  143891 144154 144426 144707 144989 145288 145596 151748 152209 152679 154143 154148 154169 154178 154187 154205 154214 154223 154232 154241 154250 154259 154268 154277 154286 154295 154304 154313 154322 154376 154493 154547 154614 154634 154640 154642 154643 154644 154646 154650 154655 154689 154690 154691 154700 154709 154718 154727 154736 154745 154754 154763 154772 154781 154790 154799 154808 154817 154826 154835 154844 154898 154907 154916 154925 154934 154943 154952 154961 154970 154979 154988 154997 155006 155015 155024 155033 155042 155051 155060 155069 155078 155086 155096 155109 155118 155127 155136 155145 155158 155373 155374 155376 155430 155547 155601 155668 155917 155918 155920 156091 156145 156221 156466 156467 156481 156490 156499 156508
NODE_NUM = 200
FILE hyp_sub_822.aig

# Subcircuit 823
SUB_ID 823
LO (42):  154646 154668 155183 155728 155729 156274 156836 157127 157128 157399 157408 157417 157426 157435 157444 157453 157462 157471 157480 157489 157498 157507 157516 157525 157534 157543 157552 157561 157570 157579 157588 157597 157606 157615 157624 157633 157642 157651 157660 157669 157678 157687
LI (78):  139916 142302 142502 142711 142929 143156 143392 143637 143891 144154 144426 144707 144989 145288 145596 145913 146239 146574 146918 147271 147633 148004 148384 148773 149171 149578 149994 150419 150853 151296 151748 152209 152679 153158 154131 154143 154149 154665 155182 155719 155720 155722 156271 156830 156831 156833 156845 156854 156863 156872 156881 156890 156899 156908 156917 156926 156935 156944 156953 156962 156971 156980 156989 156998 157007 157016 157025 157034 157043 157052 157061 157070 157079 157088 157097 157106 157115 157124
NODE_NUM = 183
FILE hyp_sub_823.aig

# Subcircuit 824
SUB_ID 824
LO (61):  154686 154689 154690 155208 155213 155376 155385 155394 155403 155412 155421 155430 155442 155448 155457 155466 155475 155484 155493 155502 155511 155520 155529 155538 155547 155556 155565 155574 155583 155592 155601 155610 155618 155628 155641 155650 155659 155668 155675 155684 155917 155918 156466 156467 157025 157703 157704 158163 158164 158172 158181 158190 158199 158208 158217 158226 158235 158244 158253 158262 158271
LI (85):  141929 142111 142302 142502 142711 142929 143156 143392 143637 143891 144154 144426 144707 145288 145596 145913 153158 153646 153665 154156 154672 154673 154674 154682 154911 155164 155205 155375 155384 155393 155402 155411 155420 155429 155438 155447 155456 155465 155474 155483 155492 155501 155510 155519 155528 155537 155546 155555 155564 155573 155582 155591 155600 155609 155617 155627 155640 155649 155658 155667 155674 155683 155907 155914 156221 156457 156458 156763 157586 157587 157589 157601 157610 157619 157628 157637 157646 157655 157664 157673 157682 157691 157700 157874 158158
NODE_NUM = 198
FILE hyp_sub_824.aig

# Subcircuit 825
SUB_ID 825
LO (64):  155914 155920 155995 156001 156010 156019 156028 156037 156046 156055 156064 156073 156082 156091 156100 156109 156118 156127 156136 156145 156154 156162 156172 156185 156194 156203 156211 156216 156217 156240 156457 156458 156556 156557 156998 157007 157016 157106 157115 157586 157587 157673 157682 158136 158145 158154 158158 158256 158257 158714 158723 158732 158741 158750 158759 158768 158777 158786 158795 158804 158813 158822 158831 158840
LI (83):  142111 142302 142502 142711 142929 143156 143392 143637 143891 144154 144426 144707 144989 145288 145596 145913 146239 146574 155370 155451 155673 155679 155682 155688 155707 155910 155919 155991 156000 156009 156018 156027 156036 156045 156054 156063 156072 156081 156090 156099 156108 156117 156126 156135 156144 156153 156161 156171 156184 156193 156202 156215 156239 156429 156436 156445 156454 156538 156539 156541 156553 156763 157559 157560 157562 157571 157580 157670 157679 157874 158130 158131 158164 158172 158181 158190 158199 158208 158217 158226 158235 158244 158253
NODE_NUM = 199
FILE hyp_sub_825.aig

# Subcircuit 826
SUB_ID 826
LO (69):  156436 156445 156454 156481 156490 156499 156508 156538 156539 156541 156553 156559 156568 156577 156586 156595 156604 156613 156622 156631 156643 156649 156658 156667 156676 156685 156697 156703 156711 156721 156734 156743 156750 156763 156768 156770 156809 156818 156827 156830 156831 156833 156845 156854 156863 156869 157043 157052 157061 157070 157079 157088 157097 157205 157259 157372 157381 157390 157610 157619 157628 157637 157646 157655 157664 157772 157826 158343 158397
LI (100):  143156 143392 143637 153646 154143 154649 155887 155896 155905 155932 155941 155950 155959 155968 155977 155986 156004 156094 156148 156221 156226 156247 156256 156265 156283 156292 156301 156432 156441 156450 156477 156486 156495 156504 156511 156512 156513 156522 156526 156531 156535 156540 156549 156558 156567 156576 156585 156594 156603 156612 156621 156630 156639 156648 156657 156666 156675 156684 156693 156702 156710 156720 156733 156742 156749 156756 156757 156758 156760 156763 156764 156769 156803 156804 156805 156814 156823 156832 156841 156850 156859 156868 157040 157049 157058 157067 157076 157202 157256 157607 157616 157625 157634 157643 157652 157661 157769 157823 158340 158394
NODE_NUM = 199
FILE hyp_sub_826.aig

# Subcircuit 827
SUB_ID 827
LO (33):  156760 156803 156804 156872 156881 156890 156899 156908 156917 156926 156935 156944 157367 157559 157560 158130 158131 158664 158673 158682 158691 158700 158709 158738 159261 159270 159279 159288 159297 159306 159315 159324 159333
LI (55):  144707 144989 145288 145596 145913 146239 146574 146918 147271 147633 155164 155707 156209 156227 156310 156319 156328 156337 156346 156355 156364 156373 156382 156763 156794 156795 156797 156869 156877 156886 156895 156904 156913 156922 156931 156940 157364 157505 157506 157508 157520 157529 157538 157547 157556 157874 158076 158077 158079 158439 158658 158659 158718 158727 158736
NODE_NUM = 198
FILE hyp_sub_827.aig

# Subcircuit 828
SUB_ID 828
LO (93):  156953 156962 156971 156980 156989 157034 157040 157049 157058 157067 157076 157124 157130 157139 157148 157157 157166 157175 157184 157193 157202 157211 157220 157229 157238 157247 157256 157265 157273 157283 157296 157304 157309 157310 157508 157520 157529 157538 157547 157556 157562 157571 157580 157589 157601 157607 157616 157625 157634 157643 157652 157661 157670 157679 157691 157700 157706 157715 157724 157733 157742 157751 157760 157769 157778 157787 157796 157805 157814 157823 157832 157840 157850 157861 157870 157905 157906 158484 158603 159081 159090 159099 159108 159117 159126 159135 159144 159153 159162 159171 159180 159189 159198
LI (120):  149994 150419 150853 151296 151748 152209 152679 153158 153646 154143 154649 155164 155688 156221 156391 156400 156409 156418 156427 156472 156562 156748 156754 156757 156763 156778 156949 156958 156967 156976 156985 157030 157039 157048 157057 157066 157075 157120 157129 157133 157138 157147 157156 157165 157174 157183 157192 157201 157210 157219 157228 157237 157246 157255 157264 157272 157282 157295 157308 157314 157507 157516 157525 157534 157543 157552 157561 157570 157579 157588 157597 157606 157615 157624 157633 157642 157651 157660 157669 157678 157687 157696 157705 157714 157723 157732 157741 157750 157759 157768 157777 157786 157795 157804 157813 157822 157831 157839 157849 157860 157869 157896 157897 157899 158478 158479 158481 158493 158502 158511 158520 158529 158538 158547 158556 158565 158574 158583 158592 158601
NODE_NUM = 199
FILE hyp_sub_828.aig

# Subcircuit 829
SUB_ID 829
LO (31):  158076 158077 158658 158659 159211 159220 159229 159238 159247 159256 159367 159368 159810 159819 159828 159837 159846 159855 159864 159873 159882 159891 159900 159909 159918 159927 159936 159945 159954 159963 159972
LI (48):  143392 143637 143891 144154 144426 144707 144989 145288 145596 145913 146239 146574 146918 147271 147633 148004 148384 148773 149171 149578 157457 158022 158023 158025 158037 158046 158055 158064 158073 158439 158604 158605 158607 159017 159205 159206 159265 159274 159283 159292 159301 159310 159319 159328 159337 159346 159355 159364
NODE_NUM = 200
FILE hyp_sub_829.aig

# Subcircuit 830
SUB_ID 830
LO (34):  158037 158046 158055 158064 158073 158079 158283 158284 158853 158862 158991 158992 159001 159002 159008 159010 159011 159450 159459 159468 159477 159486 159495 159504 159513 159522 159531 159540 159549 159558 159567 159576 159585 159598
LI (56):  140195 140207 140254 140287 140334 140390 140455 140525 140608 140700 140801 140911 141030 141158 141295 141437 141592 141756 141929 157466 157475 157484 157493 157502 157874 158033 158042 158051 158060 158069 158078 158256 158257 158262 158271 158280 158439 158847 158848 158871 158880 158889 158898 158907 158916 158925 158934 158943 158952 158961 158970 158979 158988 158995 159000 159007
NODE_NUM = 130
FILE hyp_sub_830.aig

# Subcircuit 831
SUB_ID 831
LO (45):  158280 158286 158295 158304 158313 158322 158331 158340 158349 158358 158367 158376 158385 158394 158403 158411 158421 158429 158434 158435 158456 158478 158479 159058 159067 159076 159205 159206 159657 159666 159675 159684 159693 159702 159711 159720 159729 159738 159747 159756 159765 159774 159783 159792 159801
LI (65):  149171 149578 149994 150419 150853 151296 151748 152209 152679 153158 153646 154143 154649 155164 155688 156221 156763 157314 157709 157859 157865 157868 157874 157884 158276 158285 158294 158303 158312 158321 158330 158339 158348 158357 158366 158375 158384 158393 158402 158410 158420 158433 158452 158453 158454 158466 158475 159017 159052 159053 159055 159085 159094 159103 159112 159121 159130 159139 159148 159157 159166 159175 159184 159193 159202
NODE_NUM = 137
FILE hyp_sub_831.aig

# Subcircuit 832
SUB_ID 832
LO (42):  158493 159094 159697 160032 160309 160318 160327 160336 160345 160354 160363 160372 160381 160390 160399 160408 160417 160426 160435 160444 160453 160462 160471 160480 160489 160498 160507 160516 160525 160534 160543 160552 160561 160570 160579 160588 160597 160606 160615 160624 160633 160642
LI (81):  141929 142111 142302 142502 142711 142929 143156 143392 143637 143891 144154 144426 144707 144989 145288 145596 145913 146239 146574 146918 147271 147633 148004 148384 148773 149171 149578 149994 150419 150853 151296 151748 152209 152679 153158 153646 154143 157911 158439 158489 159091 159691 159692 159694 159706 159715 159724 159733 159742 159751 159760 159769 159778 159787 159796 159805 159814 159823 159832 159841 159850 159859 159868 159877 159886 159895 159904 159913 159922 159931 159940 159949 159958 159967 159976 159985 159994 160003 160012 160021 160030
NODE_NUM = 198
FILE hyp_sub_832.aig

# Subcircuit 833
SUB_ID 833
LO (44):  158502 159103 159706 160322 160649 160650 160939 160948 160957 160966 160975 160984 160993 161002 161011 161020 161029 161038 161047 161056 161065 161074 161083 161092 161101 161110 161119 161128 161137 161146 161155 161164 161173 161182 161191 161200 161209 161218 161227 161236 161245 161254 161263 161272
LI (81):  141592 141756 141929 142111 142302 142502 142711 142929 143156 143392 143637 143891 144154 144426 144707 144989 145288 145596 145913 146239 146574 146918 147271 147633 148004 148384 148773 149171 149578 149994 150419 150853 151296 151748 152209 152679 153158 157920 158439 158498 159100 159703 160316 160317 160319 160331 160340 160349 160358 160367 160376 160385 160394 160403 160412 160421 160430 160439 160448 160457 160466 160475 160484 160493 160502 160511 160520 160529 160538 160547 160556 160565 160574 160583 160592 160601 160610 160619 160628 160637 160646
NODE_NUM = 199
FILE hyp_sub_833.aig

# Subcircuit 834
SUB_ID 834
LO (43):  158511 159112 159715 160331 160952 161278 161582 161591 161600 161609 161618 161627 161636 161645 161654 161663 161672 161681 161690 161699 161708 161717 161726 161735 161744 161753 161762 161771 161780 161789 161798 161807 161816 161825 161834 161843 161852 161861 161870 161879 161888 161897 161906
LI (81):  141437 141592 141756 141929 142111 142302 142502 142711 142929 143156 143392 143637 143891 144154 144426 144707 144989 145288 145596 145913 146239 146574 146918 147271 147633 148004 148384 148773 149171 149578 149994 150419 150853 151296 151748 152209 157929 158439 158507 159109 159712 160328 160946 160947 160949 160961 160970 160979 160988 160997 161006 161015 161024 161033 161042 161051 161060 161069 161078 161087 161096 161105 161114 161123 161132 161141 161150 161159 161168 161177 161186 161195 161204 161213 161222 161231 161240 161249 161258 161267 161276
NODE_NUM = 199
FILE hyp_sub_834.aig

# Subcircuit 835
SUB_ID 835
LO (45):  158520 159121 159724 160340 160961 161595 161913 161914 162230 162239 162248 162257 162266 162275 162284 162293 162302 162311 162320 162329 162338 162347 162356 162365 162374 162383 162392 162401 162410 162419 162428 162437 162446 162455 162464 162473 162482 162491 162500 162509 162518 162527 162536 162545 162554
LI (81):  141158 141295 141437 141592 141756 141929 142111 142302 142502 142711 142929 143156 143392 143637 143891 144154 144426 144707 144989 145288 145596 145913 146239 146574 146918 147271 147633 148004 148384 148773 149171 149578 149994 150419 150853 151296 157938 158439 158516 159118 159721 160337 160958 161589 161590 161592 161604 161613 161622 161631 161640 161649 161658 161667 161676 161685 161694 161703 161712 161721 161730 161739 161748 161757 161766 161775 161784 161793 161802 161811 161820 161829 161838 161847 161856 161865 161874 161883 161892 161901 161910
NODE_NUM = 200
FILE hyp_sub_835.aig

# Subcircuit 836
SUB_ID 836
LO (44):  158529 159130 159733 160349 160970 161604 162243 162560 162891 162900 162909 162918 162927 162936 162945 162954 162963 162972 162981 162990 162999 163008 163017 163026 163035 163044 163053 163062 163071 163080 163089 163098 163107 163116 163125 163134 163143 163152 163161 163170 163179 163188 163197 163206
LI (81):  141030 141158 141295 141437 141592 141756 141929 142111 142302 142502 142711 142929 143156 143392 143637 143891 144154 144426 144707 144989 145288 145596 145913 146239 146574 146918 147271 147633 148004 148384 148773 149171 149578 149994 150419 157947 158439 158525 159127 159730 160346 160967 161601 162237 162238 162240 162252 162261 162270 162279 162288 162297 162306 162315 162324 162333 162342 162351 162360 162369 162378 162387 162396 162405 162414 162423 162432 162441 162450 162459 162468 162477 162486 162495 162504 162513 162522 162531 162540 162549 162558
NODE_NUM = 200
FILE hyp_sub_836.aig

# Subcircuit 837
SUB_ID 837
LO (44):  158538 159139 159742 160358 160979 161613 162252 162904 163212 163557 163566 163575 163584 163593 163602 163611 163620 163629 163638 163647 163656 163665 163674 163683 163692 163701 163710 163719 163728 163737 163746 163755 163764 163773 163782 163791 163800 163809 163818 163827 163836 163845 163854 163863
LI (80):  140911 141030 141158 141295 141437 141592 141756 141929 142111 142302 142502 142711 142929 143156 143392 143637 143891 144154 144426 144707 144989 145288 145596 145913 146239 146574 146918 147271 147633 148004 148384 148773 149171 149578 157956 158439 158534 159136 159739 160355 160976 161610 162249 162898 162899 162901 162913 162922 162931 162940 162949 162958 162967 162976 162985 162994 163003 163012 163021 163030 163039 163048 163057 163066 163075 163084 163093 163102 163111 163120 163129 163138 163147 163156 163165 163174 163183 163192 163201 163210
NODE_NUM = 198
FILE hyp_sub_837.aig

# Subcircuit 838
SUB_ID 838
LO (46):  158547 159148 159751 160367 160988 161622 162261 162913 163570 163870 163871 164236 164245 164254 164263 164272 164281 164290 164299 164308 164317 164326 164335 164344 164353 164362 164371 164380 164389 164398 164407 164416 164425 164434 164443 164452 164461 164470 164479 164488 164497 164506 164515 164524 164533 164542
LI (80):  140700 140801 140911 141030 141158 141295 141437 141592 141756 141929 142111 142302 142502 142711 142929 143156 143392 143637 143891 144154 144426 144707 144989 145288 145596 145913 146239 146574 146918 147271 147633 148004 148384 148773 157965 158439 158543 159145 159748 160364 160985 161619 162258 162910 163564 163565 163567 163579 163588 163597 163606 163615 163624 163633 163642 163651 163660 163669 163678 163687 163696 163705 163714 163723 163732 163741 163750 163759 163768 163777 163786 163795 163804 163813 163822 163831 163840 163849 163858 163867
NODE_NUM = 199
FILE hyp_sub_838.aig

# Subcircuit 839
SUB_ID 839
LO (45):  158556 159157 159760 160376 160997 161631 162270 162922 163579 164249 164548 164920 164929 164938 164947 164956 164965 164974 164983 164992 165001 165010 165019 165028 165037 165046 165055 165064 165073 165082 165091 165100 165109 165118 165127 165136 165145 165154 165163 165172 165181 165190 165199 165208 165217
LI (80):  140608 140700 140801 140911 141030 141158 141295 141437 141592 141756 141929 142111 142302 142502 142711 142929 143156 143392 143637 143891 144154 144426 144707 144989 145288 145596 145913 146239 146574 146918 147271 147633 148004 157974 158439 158552 159154 159757 160373 160994 161628 162267 162919 163576 164243 164244 164246 164258 164267 164276 164285 164294 164303 164312 164321 164330 164339 164348 164357 164366 164375 164384 164393 164402 164411 164420 164429 164438 164447 164456 164465 164474 164483 164492 164501 164510 164519 164528 164537 164546
NODE_NUM = 199
FILE hyp_sub_839.aig

# Subcircuit 840
SUB_ID 840
LO (47):  158565 159166 159769 160385 161006 161640 162279 162931 163588 164258 164933 165224 165225 165617 165626 165635 165644 165653 165662 165671 165680 165689 165698 165707 165716 165725 165734 165743 165752 165761 165770 165779 165788 165797 165806 165815 165824 165833 165842 165851 165860 165869 165878 165887 165896 165905 165914
LI (80):  140455 140525 140608 140700 140801 140911 141030 141158 141295 141437 141592 141756 141929 142111 142302 142502 142711 142929 143156 143392 143637 143891 144154 144426 144707 144989 145288 145596 145913 146239 146574 146918 147271 157983 158439 158561 159163 159766 160382 161003 161637 162276 162928 163585 164255 164927 164928 164930 164942 164951 164960 164969 164978 164987 164996 165005 165014 165023 165032 165041 165050 165059 165068 165077 165086 165095 165104 165113 165122 165131 165140 165149 165158 165167 165176 165185 165194 165203 165212 165221
NODE_NUM = 200
FILE hyp_sub_840.aig

# Subcircuit 841
SUB_ID 841
LO (46):  158574 159175 159778 160394 161015 161649 162288 162940 163597 164267 164942 165630 165920 166319 166328 166337 166346 166355 166364 166373 166382 166391 166400 166409 166418 166427 166436 166445 166454 166463 166472 166481 166490 166499 166508 166517 166526 166535 166544 166553 166562 166571 166580 166589 166598 166607
LI (80):  140390 140455 140525 140608 140700 140801 140911 141030 141158 141295 141437 141592 141756 141929 142111 142302 142502 142711 142929 143156 143392 143637 143891 144154 144426 144707 144989 145288 145596 145913 146239 146574 157992 158439 158570 159172 159775 160391 161012 161646 162285 162937 163594 164264 164939 165624 165625 165627 165639 165648 165657 165666 165675 165684 165693 165702 165711 165720 165729 165738 165747 165756 165765 165774 165783 165792 165801 165810 165819 165828 165837 165846 165855 165864 165873 165882 165891 165900 165909 165918
NODE_NUM = 200
FILE hyp_sub_841.aig

# Subcircuit 842
SUB_ID 842
LO (46):  158583 159184 159787 160403 161024 161658 162297 162949 163606 164276 164951 165639 166332 166613 167034 167043 167052 167061 167070 167079 167088 167097 167106 167115 167124 167133 167142 167151 167160 167169 167178 167187 167196 167205 167214 167223 167232 167241 167250 167259 167268 167277 167286 167295 167304 167313
LI (79):  140334 140390 140455 140525 140608 140700 140801 140911 141030 141158 141295 141437 141592 141756 141929 142111 142302 142502 142711 142929 143156 143392 143637 143891 144154 144426 144707 144989 145288 145596 145913 158001 158439 158579 159181 159784 160400 161021 161655 162294 162946 163603 164273 164948 165636 166326 166327 166329 166341 166350 166359 166368 166377 166386 166395 166404 166413 166422 166431 166440 166449 166458 166467 166476 166485 166494 166503 166512 166521 166530 166539 166548 166557 166566 166575 166584 166593 166602 166611
NODE_NUM = 198
FILE hyp_sub_842.aig

# Subcircuit 843
SUB_ID 843
LO (48):  158592 159193 159796 160412 161033 161667 162306 162958 163615 164285 164960 165648 166341 167047 167320 167321 167754 167763 167772 167781 167790 167799 167808 167817 167826 167835 167844 167853 167862 167871 167880 167889 167898 167907 167916 167925 167934 167943 167952 167961 167970 167979 167988 167997 168006 168015 168024 168033
LI (79):  140254 140287 140334 140390 140455 140525 140608 140700 140801 140911 141030 141158 141295 141437 141592 141756 141929 142111 142302 142502 142711 142929 143156 143392 143637 143891 144154 144426 144707 144989 145288 158010 158439 158588 159190 159793 160409 161030 161664 162303 162955 163612 164282 164957 165645 166338 167041 167042 167044 167056 167065 167074 167083 167092 167101 167110 167119 167128 167137 167146 167155 167164 167173 167182 167191 167200 167209 167218 167227 167236 167245 167254 167263 167272 167281 167290 167299 167308 167317
NODE_NUM = 199
FILE hyp_sub_843.aig

# Subcircuit 844
SUB_ID 844
LO (47):  158601 159202 159805 160421 161042 161676 162315 162967 163624 164294 164969 165657 166350 167056 167767 168039 168060 168487 168496 168505 168514 168523 168532 168541 168550 168559 168568 168577 168586 168595 168604 168613 168622 168631 168640 168649 168658 168667 168676 168685 168694 168703 168712 168721 168730 168739 168748
LI (79):  140207 140254 140287 140334 140390 140455 140525 140608 140700 140801 140911 141030 141158 141295 141437 141592 141756 141929 142111 142302 142502 142711 142929 143156 143392 143637 143891 144154 144426 144707 158019 158439 158597 159199 159802 160418 161039 161673 162312 162964 163621 164291 164966 165654 166347 167053 167761 167762 167764 167776 167785 167794 167803 167812 167821 167830 167839 167848 167857 167866 167875 167884 167893 167902 167911 167920 167929 167938 167947 167956 167965 167974 167983 167992 168001 168010 168019 168028 168037
NODE_NUM = 199
FILE hyp_sub_844.aig

# Subcircuit 845
SUB_ID 845
LO (41):  158604 158605 158607 158718 159319 159922 160538 161159 161793 162432 163084 163741 164411 165086 165774 166467 167173 167884 168608 168755 168759 168760 168774 169333 169342 169351 169360 169369 169378 169387 169396 169405 169414 169423 169432 169441 169450 169459 169468 169475 169484
LI (58):  140195 140207 140254 140287 140334 140390 140455 140525 140608 140700 140801 140911 141030 141158 141295 141437 141592 149578 158136 158439 158603 158606 158714 159316 159919 160535 161156 161790 162429 163081 163738 164408 165083 165771 166464 167170 167881 168064 168602 168603 168605 168617 168626 168635 168644 168653 168662 168671 168680 168689 168698 168707 168716 168725 168734 168743 168752 168757
NODE_NUM = 141
FILE hyp_sub_845.aig

# Subcircuit 846
SUB_ID 846
LO (35):  158727 159328 159931 160547 161168 161802 162441 163093 163750 164420 165095 165783 166476 167182 167893 168617 169489 169491 169499 170088 170097 170106 170115 170124 170133 170142 170151 170160 170169 170178 170187 170196 170205 170210 170218
LI (54):  140195 140207 140254 140287 140334 140390 140455 140525 140608 140700 140801 140911 141030 141158 141295 158145 158439 158723 159325 159928 160544 161165 161799 162438 163090 163747 164417 165092 165780 166473 167179 167890 168614 168775 169340 169341 169343 169355 169364 169373 169382 169391 169400 169409 169418 169427 169436 169445 169454 169463 169472 169479 169487 169490
NODE_NUM = 199
FILE hyp_sub_846.aig

# Subcircuit 847
SUB_ID 847
LO (32):  158736 158847 158848 159337 159346 159355 159364 159373 159374 159382 159391 159400 159409 159418 159427 159436 159445 159940 160556 161177 161811 162450 163102 163759 164429 165104 165792 166485 167191 167902 168626 169355
LI (47):  141756 141929 142111 142302 142502 142711 142929 143156 143392 143637 143891 144154 144426 158154 158439 158732 158738 158745 158754 158763 158772 158781 158790 158799 158808 158817 158826 158835 158844 159017 159334 159368 159937 160553 161174 161808 162447 163099 163756 164426 165101 165789 166482 167188 167899 168623 169352
NODE_NUM = 163
FILE hyp_sub_847.aig

# Subcircuit 848
SUB_ID 848
LO (63):  158745 158754 158763 158772 158781 158790 158799 158808 158817 158826 158835 158844 159017 159022 159055 159085 159091 159100 159109 159118 159127 159136 159145 159154 159163 159172 159181 159190 159199 159265 159274 159283 159292 159301 159310 159316 159325 159334 159454 159463 159472 159481 159490 159499 159508 159517 159526 159535 159544 159547 159548 160053 160062 160071 160080 160089 160098 160107 160116 160125 160134 160143 160152
LI (98):  140390 140455 140525 140608 140700 140801 140911 141030 141158 141295 141437 158163 158172 158181 158190 158199 158208 158217 158226 158235 158244 158253 158262 158439 158484 158664 158673 158682 158691 158700 158709 158741 158750 158759 158768 158777 158786 158795 158804 158813 158822 158831 158840 158853 158862 158871 158880 158889 158898 158907 158916 158925 158934 158943 158991 158992 159000 159001 159010 159011 159015 159054 159081 159090 159099 159108 159117 159126 159135 159144 159153 159162 159171 159180 159189 159198 159261 159270 159279 159288 159297 159306 159315 159324 159333 159448 159449 159450 159459 159468 159477 159486 159495 159504 159513 159522 159531 159540
NODE_NUM = 200
FILE hyp_sub_848.aig

# Subcircuit 849
SUB_ID 849
LO (23):  159052 159053 159691 159692 160316 160317 160880 160889 160898 160907 160916 160925 160934 160946 160947 161510 161519 161528 161537 161546 161555 161564 161573
LI (33):  140211 152679 153158 153646 154143 154649 155164 155688 156221 156763 157314 157874 158444 159035 159036 159037 159045 159604 159637 159638 159640 159661 159670 159679 159688 160200 160253 160254 160313 160805 160874 160875 160943
NODE_NUM = 180
FILE hyp_sub_849.aig

# Subcircuit 850
SUB_ID 850
LO (32):  159448 159449 159985 159994 160003 160012 160021 160030 160039 160048 160185 160191 160193 160194 160206 160651 160660 160669 160678 160687 160696 160705 160714 160723 160732 160741 160750 160759 160768 160777 160786 160799
LI (55):  140195 140207 140254 140287 140334 140390 140455 140525 140608 140700 140801 140911 141030 141158 141295 141437 141592 141756 141929 142111 142302 142502 142711 142929 143156 159367 159374 159382 159391 159400 159409 159418 159427 159436 159445 159604 159607 160033 160034 160057 160066 160075 160084 160093 160102 160111 160120 160129 160138 160147 160156 160165 160174 160183 160190
NODE_NUM = 163
FILE hyp_sub_850.aig

# Subcircuit 851
SUB_ID 851
LO (56):  159604 159607 159624 159661 159670 159679 159688 159694 159703 159712 159721 159730 159739 159748 159757 159766 159775 159784 159793 159802 159814 159823 159832 159841 159850 159859 159868 159877 159886 159895 159904 159913 159919 159928 159937 159949 159958 159967 159976 160057 160066 160075 160084 160093 160102 160111 160120 160129 160138 160147 160156 160165 160174 160183 160190 160198
LI (97):  140195 140207 140254 140287 140334 158952 159017 159022 159032 159058 159067 159076 159085 159211 159220 159229 159238 159247 159256 159265 159274 159283 159292 159301 159310 159346 159355 159364 159373 159454 159463 159472 159481 159490 159499 159508 159517 159526 159535 159544 159547 159548 159549 159562 159571 159580 159589 159594 159602 159657 159666 159675 159684 159693 159702 159711 159720 159729 159738 159747 159756 159765 159774 159783 159792 159801 159810 159819 159828 159837 159846 159855 159864 159873 159882 159891 159900 159909 159918 159927 159936 159945 159954 159963 159972 160053 160062 160071 160080 160089 160098 160107 160116 160125 160134 160143 160152
NODE_NUM = 200
FILE hyp_sub_851.aig

# Subcircuit 852
SUB_ID 852
LO (37):  159562 159571 159580 159589 159594 159602 159637 159638 160253 160254 160874 160875 161589 161590 162144 162153 162162 162171 162180 162189 162198 162207 162216 162225 162237 162238 162792 162801 162810 162819 162828 162837 162846 162855 162864 162873 162882
LI (55):  150853 151296 151748 152209 152679 153158 153646 154143 154649 155164 155688 156221 156763 157314 157874 158439 158961 158970 158979 158988 159002 159007 159008 159011 159017 159558 159567 159576 159585 159598 159601 159627 159634 160200 160244 160245 160805 160865 160866 161419 161499 161500 161514 161523 161532 161541 161550 161559 161568 161577 161586 162042 162138 162139 162234
NODE_NUM = 196
FILE hyp_sub_852.aig

# Subcircuit 853
SUB_ID 853
LO (63):  160033 160034 160200 160210 160211 160226 160228 160313 160319 160328 160337 160346 160355 160364 160373 160382 160391 160400 160409 160418 160430 160439 160448 160457 160466 160475 160484 160493 160502 160511 160520 160529 160535 160544 160553 160565 160574 160583 160592 160601 160610 160619 160628 160637 160646 160655 160664 160673 160682 160691 160700 160709 160718 160727 160729 161281 161290 161299 161308 161317 161326 161335 161344
LI (98):  140608 140700 140801 140911 141030 141158 141295 141437 141756 159612 159616 159697 159814 159823 159832 159841 159850 159859 159868 159877 159886 159895 159904 159913 159949 159958 159967 159976 159985 159994 160003 160012 160021 160030 160032 160039 160048 160057 160066 160075 160084 160093 160102 160111 160183 160193 160194 160198 160206 160309 160318 160327 160336 160345 160354 160363 160372 160381 160390 160399 160408 160417 160426 160435 160444 160453 160462 160471 160480 160489 160498 160507 160516 160525 160534 160543 160552 160561 160570 160579 160588 160597 160606 160615 160624 160633 160642 160649 160650 160651 160660 160669 160678 160687 160696 160705 160714 160723
NODE_NUM = 198
FILE hyp_sub_853.aig

# Subcircuit 854
SUB_ID 854
LO (24):  160244 160245 160865 160866 161499 161500 162138 162139 162898 162899 163320 163445 163453 163462 163471 163480 163489 163498 163507 163516 163525 163534 163543 163552
LI (48):  149994 150419 150853 151296 151748 152209 152679 153158 153646 154143 154649 155164 155688 156221 156763 157314 157874 158439 160205 160231 160236 160237 160805 160861 160862 161419 161495 161496 162042 162134 162135 162674 162786 162787 162796 162805 162814 162823 162832 162841 162850 162859 162868 162877 162886 162895 163315 163444
NODE_NUM = 158
FILE hyp_sub_854.aig

# Subcircuit 855
SUB_ID 855
LO (53):  160805 160813 160849 160858 160861 160862 160943 160949 160958 160967 160976 160985 160994 161003 161012 161021 161030 161039 161051 161060 161069 161078 161087 161096 161105 161114 161123 161132 161141 161150 161156 161165 161174 161186 161195 161204 161213 161222 161231 161240 161249 161258 161267 161357 161366 161375 161384 161393 161402 161409 161417 161479 161488
LI (88):  140195 140207 140254 140287 140334 140390 140455 140525 157874 158439 160210 160228 160236 160322 160430 160439 160448 160457 160466 160475 160484 160493 160502 160511 160520 160529 160565 160574 160583 160592 160601 160610 160619 160628 160637 160646 160729 160736 160737 160745 160754 160763 160772 160781 160790 160795 160803 160843 160844 160845 160854 160939 160948 160957 160966 160975 160984 160993 161002 161011 161020 161029 161038 161047 161056 161065 161074 161083 161092 161101 161110 161119 161128 161137 161146 161155 161164 161173 161182 161191 161200 161209 161218 161227 161236 161245 161254 161263
NODE_NUM = 200
FILE hyp_sub_855.aig

# Subcircuit 856
SUB_ID 856
LO (39):  160736 160745 160754 160763 160772 160781 160790 160795 160803 160843 160844 161495 161496 162113 162134 162135 162786 162787 163431 163440 163444 163564 163565 163966 164097 164106 164119 164128 164137 164146 164155 164164 164173 164182 164191 164200 164209 164218 164227
LI (75):  149171 149578 149994 150419 150853 151296 151748 152209 152679 153158 153646 154143 154649 155164 155688 156221 156763 157314 157874 158439 159017 159616 160120 160129 160138 160147 160156 160165 160174 160185 160190 160191 160194 160200 160732 160741 160750 160759 160768 160777 160786 160799 160802 160834 160835 160837 161468 161469 161471 161483 161492 162042 162116 162117 162674 162768 162769 162771 163315 163425 163426 163445 163453 163462 163471 163480 163489 163498 163507 163516 163525 163534 163543 163552 163561
NODE_NUM = 184
FILE hyp_sub_856.aig

# Subcircuit 857
SUB_ID 857
LO (36):  161276 161419 161429 161446 161447 161467 161910 161919 161928 161937 161946 161955 161964 161973 161982 161991 162000 162009 162018 162027 162032 162040 162082 162091 162100 162549 163201 163858 164528 165203 165891 166584 167290 168001 168725 169454
LI (55):  140195 140207 140254 140287 140334 140390 140455 140525 140608 140700 140801 140911 141030 141158 141295 159604 160200 160655 160805 160813 160818 160822 161272 161278 161285 161294 161303 161312 161321 161330 161339 161348 161357 161366 161375 161384 161393 161402 161409 161417 161440 161456 161465 161907 162546 163198 163855 164525 165200 165888 166581 167287 167998 168722 169451
NODE_NUM = 200
FILE hyp_sub_857.aig

# Subcircuit 858
SUB_ID 858
LO (56):  161285 161294 161303 161312 161321 161330 161339 161348 161468 161469 161483 161492 161514 161523 161532 161541 161550 161559 161568 161577 161586 161592 161601 161610 161619 161628 161637 161646 161655 161664 161673 161685 162324 162976 163633 164303 164978 165666 166359 167065 167776 168500 168602 168603 169225 169234 169243 169252 169261 169270 169279 169288 169297 169306 169315 169324
LI (89):  141756 141929 142111 142302 142502 142711 142929 143156 143392 143637 143891 144154 159017 160664 160673 160682 160691 160700 160709 160718 160727 160805 160849 160858 160880 160889 160898 160907 160916 160925 160934 160943 160952 161051 161281 161290 161299 161308 161317 161326 161335 161344 161419 161467 161479 161488 161510 161519 161528 161537 161546 161555 161564 161573 161582 161591 161600 161609 161618 161627 161636 161645 161654 161663 161672 161681 162321 162973 163630 164300 164975 165663 166356 167062 167773 168494 168495 168497 168509 168518 168527 168536 168545 168554 168563 168572 168581 168590 168599
NODE_NUM = 182
FILE hyp_sub_858.aig

# Subcircuit 859
SUB_ID 859
LO (26):  161694 162333 162985 163642 164312 164987 165675 166368 167074 167785 168509 169340 169341 169980 169981 169989 169998 170007 170016 170025 170034 170043 170052 170061 170070 170079
LI (41):  141437 141592 141756 141929 142111 142302 142502 142711 142929 143156 143392 143637 161060 161419 161690 162330 162982 163639 164309 164984 165672 166365 167071 167782 168506 169232 169233 169235 169247 169256 169265 169274 169283 169292 169301 169310 169319 169328 169337 169489 169975
NODE_NUM = 146
FILE hyp_sub_859.aig

# Subcircuit 860
SUB_ID 860
LO (64):  161703 161712 161721 161730 161739 161748 162342 162351 162360 162369 162378 162387 162994 163003 163012 163021 163030 163039 163651 163660 163669 163678 163687 163696 164321 164330 164339 164348 164357 164996 165005 165014 165023 165032 165684 165693 165702 165711 165720 166377 166386 166395 166404 166413 167083 167092 167101 167110 167119 167794 167803 167812 167821 167830 168518 168527 168536 168545 168554 169247 169256 169265 169274 169283
LI (71):  161069 161078 161087 161096 161105 161114 161419 161699 161708 161717 161726 161735 161744 162339 162348 162357 162366 162375 162384 162991 163000 163009 163018 163027 163036 163648 163657 163666 163675 163684 163693 164318 164327 164336 164345 164354 164993 165002 165011 165020 165029 165681 165690 165699 165708 165717 166374 166383 166392 166401 166410 167080 167089 167098 167107 167116 167791 167800 167809 167818 167827 168515 168524 168533 168542 168551 169244 169253 169262 169271 169280
NODE_NUM = 198
FILE hyp_sub_860.aig

# Subcircuit 861
SUB_ID 861
LO (66):  161757 161766 161775 161784 161790 161799 161808 161820 161829 162396 162405 162414 162423 162459 162468 163048 163057 163066 163075 163111 163120 163705 163714 163723 163732 163768 164375 164384 164393 164402 164438 165050 165059 165068 165077 165113 165738 165747 165756 165765 165801 166431 166440 166449 166458 166494 167137 167146 167155 167164 167200 167848 167857 167866 167875 167911 168572 168581 168590 168599 168635 169301 169310 169319 169328 169364
LI (73):  161123 161132 161141 161150 161186 161195 161419 161753 161762 161771 161780 161789 161798 161807 161816 161825 162393 162402 162411 162420 162456 162465 163045 163054 163063 163072 163108 163117 163702 163711 163720 163729 163765 164372 164381 164390 164399 164435 165047 165056 165065 165074 165110 165735 165744 165753 165762 165798 166428 166437 166446 166455 166491 167134 167143 167152 167161 167197 167845 167854 167863 167872 167908 168569 168578 168587 168596 168632 169298 169307 169316 169325 169361
NODE_NUM = 198
FILE hyp_sub_861.aig

# Subcircuit 862
SUB_ID 862
LO (64):  161838 161847 161856 161865 161874 161883 162477 162486 162495 162504 162513 162522 163129 163138 163147 163156 163165 163174 163786 163795 163804 163813 163822 163831 164456 164465 164474 164483 164492 165131 165140 165149 165158 165167 165819 165828 165837 165846 165855 166512 166521 166530 166539 166548 167218 167227 167236 167245 167254 167929 167938 167947 167956 167965 168653 168662 168671 168680 168689 169382 169391 169400 169409 169418
LI (71):  161204 161213 161222 161231 161240 161249 161419 161834 161843 161852 161861 161870 161879 162474 162483 162492 162501 162510 162519 163126 163135 163144 163153 163162 163171 163783 163792 163801 163810 163819 163828 164453 164462 164471 164480 164489 165128 165137 165146 165155 165164 165816 165825 165834 165843 165852 166509 166518 166527 166536 166545 167215 167224 167233 167242 167251 167926 167935 167944 167953 167962 168650 168659 168668 168677 168686 169379 169388 169397 169406 169415
NODE_NUM = 198
FILE hyp_sub_862.aig

# Subcircuit 863
SUB_ID 863
LO (41):  161892 161901 161907 162042 162050 162083 162531 162540 162567 162576 162585 162594 162603 162612 162621 162630 162639 162648 162657 162664 162672 163183 163192 163840 163849 164510 164519 165185 165194 165873 165882 166566 166575 167272 167281 167983 167992 168707 168716 169436 169445
LI (60):  140195 140207 140254 140287 140334 140390 140455 140525 140608 140700 140801 140911 141030 161258 161267 161419 161429 161888 161897 161906 161913 161914 161919 161928 161937 161946 161955 161964 161973 161982 161991 162000 162009 162018 162027 162032 162040 162082 162528 162537 163180 163189 163837 163846 164507 164516 165182 165191 165870 165879 166563 166572 167269 167278 167980 167989 168704 168713 169433 169442
NODE_NUM = 199
FILE hyp_sub_863.aig

# Subcircuit 864
SUB_ID 864
LO (66):  162086 162095 162104 162234 162240 162249 162258 162267 162276 162285 162294 162303 162312 162321 162330 162339 162348 162357 162366 162375 162384 162393 162402 162411 162420 162429 162438 162447 162456 162465 162474 162483 162492 162501 162510 162519 162528 162537 162546 162558 162674 162684 162717 162886 163210 163219 163228 163237 163246 163255 163264 163273 163282 163291 163300 163305 163313 163867 164537 165212 165900 166593 167299 168010 168734 169463
LI (85):  140195 140207 140254 140287 140334 140390 140455 140525 140608 140700 140801 140911 161447 161456 161465 161595 161919 162042 162050 162083 162091 162100 162230 162239 162248 162257 162266 162275 162284 162293 162302 162311 162320 162329 162338 162347 162356 162365 162374 162383 162392 162401 162410 162419 162428 162437 162446 162455 162464 162473 162482 162491 162500 162509 162518 162527 162536 162545 162554 162560 162567 162576 162585 162594 162603 162612 162621 162630 162639 162648 162657 162664 162672 162716 162883 163207 163864 164534 165209 165897 166590 167296 168007 168731 169460
NODE_NUM = 200
FILE hyp_sub_864.aig

# Subcircuit 865
SUB_ID 865
LO (24):  162768 162769 163425 163426 164029 164038 164047 164056 164065 164074 164083 164092 164116 164625 164700 164709 164718 164727 164736 164745 164754 164763 164772 164781
LI (32):  155164 155688 156221 156763 157314 157874 158439 159017 159604 160200 160805 161419 162042 162696 162702 162703 162711 162720 162729 162738 162747 162756 162765 163315 163353 163354 163965 163970 164023 164024 164101 164110
NODE_NUM = 199
FILE hyp_sub_865.aig

# Subcircuit 866
SUB_ID 866
LO (68):  162701 162702 162720 162729 162796 162805 162814 162823 162832 162841 162850 162859 162868 162877 162883 162895 162901 162910 162919 162928 162937 162946 162955 162964 162973 162982 162991 163000 163009 163018 163027 163036 163045 163054 163063 163072 163081 163090 163099 163108 163117 163126 163135 163144 163153 163162 163171 163180 163189 163198 163207 163315 163323 163340 163561 163567 163576 163876 163885 163894 163903 163912 163921 163930 163939 163948 163955 163963
LI (95):  140195 140207 140254 140287 140334 140390 140455 140525 140608 140700 140801 162055 162068 162077 162144 162153 162162 162171 162180 162189 162198 162207 162216 162225 162243 162674 162684 162694 162699 162717 162725 162792 162801 162810 162819 162828 162837 162846 162855 162864 162873 162882 162891 162900 162904 162909 162918 162927 162936 162945 162954 162963 162972 162981 162990 162999 163008 163017 163026 163035 163044 163053 163062 163071 163080 163089 163098 163107 163116 163125 163134 163143 163152 163161 163170 163179 163188 163197 163206 163212 163219 163228 163237 163246 163255 163264 163273 163282 163291 163300 163305 163313 163557 163566 163575
NODE_NUM = 200
FILE hyp_sub_866.aig

# Subcircuit 867
SUB_ID 867
LO (69):  163353 163354 163585 163594 163603 163612 163621 163630 163639 163648 163657 163666 163675 163684 163693 163702 163711 163720 163729 163738 163747 163756 163765 163777 163783 163792 163801 163810 163819 163828 163837 163846 163855 163864 163965 163970 163975 163976 163992 163993 164101 164110 164123 164132 164141 164144 164145 164147 164447 164555 164564 164573 164582 164591 164600 164609 164614 164622 164794 164803 164812 164821 165122 165810 166503 167209 167920 168644 169373
LI (89):  140195 140207 140254 140287 140334 140390 140455 140525 140608 153158 153646 154143 161419 163120 163315 163320 163323 163328 163332 163344 163345 163350 163431 163440 163453 163462 163471 163584 163593 163602 163611 163620 163629 163638 163647 163656 163665 163674 163683 163692 163701 163710 163719 163728 163737 163746 163755 163764 163773 163782 163791 163800 163809 163818 163827 163836 163845 163854 163863 163870 163871 163876 163885 163894 163903 163912 163921 163930 163939 163948 163955 163963 163966 164097 164106 164117 164118 164119 164128 164137 164146 164444 165119 165807 166500 167206 167917 168641 169370
NODE_NUM = 196
FILE hyp_sub_867.aig

# Subcircuit 868
SUB_ID 868
LO (34):  164023 164024 164686 164695 164927 164928 165293 165370 165379 165388 165397 165406 165415 165424 165433 165442 165451 165460 165469 165482 165491 165500 165509 165518 165527 165536 165545 165554 165563 165572 165581 165590 165599 165608
LI (64):  147633 148004 148384 148773 149171 149578 149994 150419 150853 151296 151748 152209 152679 153158 153646 154143 154649 155164 155688 156221 156763 157314 157874 158439 159017 159604 160200 160805 161419 162042 163996 163997 164002 164011 164020 164624 164629 164680 164681 164704 164713 164722 164731 164740 164749 164758 164767 164776 164785 164798 164807 164816 164825 164834 164843 164852 164861 164870 164879 164888 164897 164906 164915 164924
NODE_NUM = 162
FILE hyp_sub_868.aig

# Subcircuit 869
SUB_ID 869
LO (42):  164020 164117 164118 164243 164244 164825 164834 164843 164852 164861 164870 164879 164888 164897 164906 164915 165513 165522 165531 165540 165549 165558 165567 165576 165585 165594 165603 165615 165616 166202 166211 166220 166229 166238 166247 166256 166265 166274 166283 166292 166301 166310
LI (48):  147271 147633 148004 148384 148773 149171 149578 149994 150419 150853 151296 151748 152209 152679 154649 163350 163480 164017 164116 164144 164145 164147 164159 164168 164177 164186 164195 164204 164213 164222 164231 164240 164624 164822 165507 165508 165510 165519 165528 165537 165546 165555 165564 165573 165582 165591 165600 165612
NODE_NUM = 199
FILE hyp_sub_869.aig

# Subcircuit 870
SUB_ID 870
LO (77):  164159 164168 164177 164186 164195 164204 164213 164222 164231 164240 164246 164255 164264 164273 164282 164291 164300 164309 164318 164327 164336 164345 164354 164366 164372 164381 164390 164399 164408 164417 164426 164435 164444 164453 164462 164471 164480 164489 164501 164507 164516 164525 164534 164546 164612 164616 164617 164631 165041 165176 165221 165226 165235 165244 165253 165262 165271 165278 165287 165729 165864 165909 166422 166557 166602 167128 167263 167308 167839 167974 168019 168563 168698 168743 169292 169427 169472
LI (97):  140195 140207 140254 140287 140334 140390 140455 140525 163489 163498 163507 163516 163525 163534 163543 163552 163561 163570 163696 163831 163876 163965 163975 164155 164164 164173 164182 164191 164200 164209 164218 164227 164236 164245 164254 164263 164272 164281 164290 164299 164308 164317 164326 164335 164344 164353 164362 164371 164380 164389 164398 164407 164416 164425 164434 164443 164452 164461 164470 164479 164488 164497 164506 164515 164524 164533 164542 164548 164555 164564 164573 164582 164591 164600 164609 164614 165038 165173 165218 165726 165861 165906 166419 166554 166599 167125 167260 167305 167836 167971 168016 168560 168695 168740 169289 169424 169469
NODE_NUM = 187
FILE hyp_sub_870.aig

# Subcircuit 871
SUB_ID 871
LO (76):  164624 164629 164630 164649 164668 164677 164680 164681 164704 164713 164722 164731 164740 164749 164758 164767 164776 164785 164798 164807 164816 164822 164924 164930 164939 164948 164957 164966 164975 164984 164993 165002 165011 165020 165029 165038 165047 165056 165065 165074 165083 165092 165101 165110 165119 165128 165137 165146 165155 165164 165173 165182 165191 165200 165209 165218 165230 165239 165248 165257 165266 165275 165277 165282 165283 165285 165286 165288 165298 165352 165361 165923 165932 165941 165950 165963
LI (101):  140195 140207 140254 140287 140334 140390 161419 162042 163970 163975 163985 163993 164002 164029 164038 164047 164056 164065 164074 164083 164092 164101 164110 164123 164132 164141 164249 164555 164564 164573 164582 164591 164600 164609 164616 164617 164622 164625 164631 164662 164663 164664 164673 164700 164709 164718 164727 164736 164745 164754 164763 164772 164781 164794 164803 164812 164821 164920 164929 164938 164947 164956 164965 164974 164983 164992 165001 165010 165019 165028 165037 165046 165055 165064 165073 165082 165091 165100 165109 165118 165127 165136 165145 165154 165163 165172 165181 165190 165199 165208 165217 165224 165225 165226 165235 165244 165253 165262 165271 165278 165287
NODE_NUM = 178
FILE hyp_sub_871.aig

# Subcircuit 872
SUB_ID 872
LO (48):  164662 164663 165347 166040 166746 167457 168181 168910 169652 170399 171159 171924 172702 173485 174281 175082 175896 176154 176393 176711 176720 176729 176738 176747 176756 176765 176774 176783 176792 176801 176810 176819 176828 176837 176850 176859 176868 176877 176886 176895 176904 176913 176922 176931 176940 176949 176958 176967
LI (80):  143637 143891 144154 144426 144707 144989 145288 145596 145913 146239 146574 146918 147271 147633 148004 148384 148773 149171 149578 149994 150419 150853 151296 151748 152209 152679 153158 153646 154143 162674 163332 164653 164654 164656 165344 166037 166743 167454 168178 168907 169649 170396 171156 171921 172699 173482 174278 175079 175594 175890 175891 175893 175905 175914 175923 175932 175941 175950 175959 175968 175977 175986 175995 176004 176013 176022 176035 176044 176053 176062 176071 176080 176089 176098 176107 176116 176125 176134 176143 176152
NODE_NUM = 200
FILE hyp_sub_872.aig

# Subcircuit 873
SUB_ID 873
LO (87):  165292 165297 165302 165338 165344 165356 165365 165374 165383 165392 165401 165410 165419 165428 165437 165446 165455 165464 165473 165486 165495 165504 165507 165508 165510 165519 165528 165537 165546 165555 165564 165573 165582 165591 165600 165612 165621 165624 165625 165627 165636 165645 165654 165663 165672 165681 165690 165699 165708 165717 165726 165735 165744 165753 165762 165771 165780 165789 165798 165807 165816 165825 165834 165843 165852 165861 165870 165879 165888 165897 165906 165918 165927 165936 165945 165954 165957 165961 165962 165976 166184 166193 166616 166625 166634 166641 166650
LI (118):  140195 140207 140254 140287 146918 152209 152679 153158 164612 164629 164630 164650 164668 164677 164686 164695 164704 164713 164722 164731 164740 164749 164758 164767 164776 164785 164798 164807 164816 164924 164933 165230 165239 165248 165257 165266 165275 165283 165285 165286 165288 165293 165298 165334 165343 165352 165361 165370 165379 165388 165397 165406 165415 165424 165433 165442 165451 165460 165469 165480 165481 165482 165491 165500 165509 165518 165527 165536 165545 165554 165563 165572 165581 165590 165599 165608 165615 165616 165617 165626 165635 165644 165653 165662 165671 165680 165689 165698 165707 165716 165725 165734 165743 165752 165761 165770 165779 165788 165797 165806 165815 165824 165833 165842 165851 165860 165869 165878 165887 165896 165905 165914 165921 165922 165923 165932 165941 165950
NODE_NUM = 200
FILE hyp_sub_873.aig

# Subcircuit 874
SUB_ID 874
LO (53):  165921 165922 165969 165974 165975 165977 166013 166022 166031 166037 166049 166058 166067 166076 166085 166094 166103 166112 166121 166130 166139 166148 166157 166166 166179 166188 166197 166206 166215 166224 166233 166242 166251 166260 166269 166278 166287 166296 166305 166308 166309 166311 166926 166935 166944 166953 166962 166971 166980 166989 166998 167007 167016
LI (90):  140334 146918 147271 147633 148004 148384 148773 149171 149578 149994 150419 150853 165292 165297 165302 165320 165329 165338 165356 165365 165374 165383 165392 165401 165410 165419 165428 165437 165446 165455 165464 165473 165486 165495 165504 165513 165522 165531 165540 165549 165558 165567 165576 165585 165594 165603 165612 165920 165961 165962 165963 165966 165970 165976 166009 166018 166027 166036 166045 166054 166063 166072 166081 166090 166099 166108 166117 166126 166135 166144 166153 166162 166175 166184 166193 166202 166209 166210 166211 166220 166229 166238 166247 166256 166265 166274 166283 166292 166301 166310
NODE_NUM = 197
FILE hyp_sub_874.aig

# Subcircuit 875
SUB_ID 875
LO (18):  165966 166326 166327 167041 167042 167761 167762 168494 168495 169232 169233 169926 169927 169935 169944 169953 169962 169971
LI (37):  143891 144154 144426 144707 144989 145288 145596 145913 146239 146574 165277 165282 165292 165621 166308 166309 166311 166323 166655 167014 167015 167017 167038 167350 167725 167726 167758 168054 168449 168450 168491 168767 169178 169179 169229 169489 169921
NODE_NUM = 184
FILE hyp_sub_875.aig

# Subcircuit 876
SUB_ID 876
LO (71):  166323 166329 166338 166347 166356 166365 166374 166383 166392 166401 166410 166419 166428 166437 166446 166455 166464 166473 166482 166491 166500 166509 166518 166527 166536 166545 166554 166563 166572 166581 166590 166599 166611 166655 166660 166665 166710 166719 166728 166737 166743 166755 166764 166773 166782 166791 166800 166809 166818 166827 166836 166845 166854 166863 166872 166885 166894 166903 166912 166921 166930 166939 166941 167317 167326 167335 167340 167348 168028 168752 169479
LI (106):  140195 140207 140254 140287 165630 165918 165969 165974 165977 166004 166013 166022 166031 166049 166058 166067 166076 166085 166094 166103 166112 166121 166130 166139 166148 166157 166166 166179 166188 166197 166206 166215 166224 166233 166319 166328 166337 166346 166355 166364 166373 166382 166391 166400 166409 166418 166427 166436 166445 166454 166463 166472 166481 166490 166499 166508 166517 166526 166535 166544 166553 166562 166571 166580 166589 166598 166607 166613 166620 166629 166638 166645 166653 166656 166706 166715 166724 166733 166742 166751 166760 166769 166778 166787 166796 166805 166814 166823 166832 166841 166850 166859 166868 166881 166890 166899 166908 166917 166926 166933 166934 166935 167314 168025 168749 169476
NODE_NUM = 198
FILE hyp_sub_876.aig

# Subcircuit 877
SUB_ID 877
LO (31):  166620 166629 166638 166645 166653 167014 167015 167659 167668 167677 167686 167725 167726 168383 168392 168401 168410 168419 168428 168437 168446 168449 168450 169108 169117 169126 169135 169144 169153 169162 169171
LI (43):  145913 146239 146574 146918 147271 147633 148004 148384 148773 149171 149578 165927 165936 165945 165954 165957 165969 165975 166616 166625 166634 166641 166650 166941 166948 166957 166966 166975 166984 166993 167002 167011 167350 167689 167690 168054 168377 168378 168380 168389 168398 168407 168416
NODE_NUM = 179
FILE hyp_sub_877.aig

# Subcircuit 878
SUB_ID 878
LO (73):  166948 166957 166966 166975 166984 166993 167002 167011 167017 167038 167044 167053 167062 167071 167080 167089 167098 167107 167116 167125 167134 167143 167152 167161 167170 167179 167188 167197 167206 167215 167224 167233 167242 167251 167260 167269 167278 167287 167296 167305 167314 167350 167355 167358 167412 167421 167430 167439 167448 167454 167466 167475 167484 167493 167502 167511 167520 167529 167538 167547 167556 167565 167574 167583 167596 167605 167614 167623 167632 167641 167647 168044 168052
LI (114):  140195 140207 166242 166251 166260 166269 166278 166287 166296 166305 166332 166655 166660 166665 166701 166710 166719 166728 166737 166755 166764 166773 166782 166791 166800 166809 166818 166827 166836 166845 166854 166863 166872 166885 166894 166903 166912 166921 166930 166944 166953 166962 166971 166980 166989 166998 167007 167016 167034 167043 167052 167061 167070 167079 167088 167097 167106 167115 167124 167133 167142 167151 167160 167169 167178 167187 167196 167205 167214 167223 167232 167241 167250 167259 167268 167277 167286 167295 167304 167313 167320 167321 167326 167335 167340 167348 167351 167408 167417 167426 167435 167444 167453 167462 167471 167480 167489 167498 167507 167516 167525 167534 167543 167552 167561 167570 167579 167592 167601 167610 167619 167628 167637 167646
NODE_NUM = 198
FILE hyp_sub_878.aig

# Subcircuit 879
SUB_ID 879
LO (40):  167650 168377 168378 169178 169179 169845 169854 169863 169872 169881 169890 169899 169908 169917 169921 169975 170028 170029 170588 170597 170606 170615 170624 170633 170642 170651 170660 170669 170678 170687 170696 170705 170714 170723 170732 170741 170750 170759 170768 170777
LI (54):  142302 142502 142711 142929 143156 143392 143637 143891 144154 144426 144707 144989 145288 145596 145913 146239 146574 146918 147271 147633 148004 148384 148773 166939 167647 168368 168369 168371 168767 169097 169098 169112 169121 169130 169139 169148 169157 169166 169175 169489 169839 169840 169927 169935 169944 169953 169962 169971 169981 169989 169998 170007 170016 170025
NODE_NUM = 200
FILE hyp_sub_879.aig

# Subcircuit 880
SUB_ID 880
LO (64):  167758 167764 167773 167782 167791 167800 167809 167818 167827 167836 167845 167854 167863 167872 167881 167890 167899 167908 167917 167926 167935 167944 167953 167962 167971 167980 167989 167998 168007 168016 168025 168037 168054 168064 168127 168136 168145 168154 168163 168172 168178 168190 168199 168208 168217 168226 168235 168244 168253 168262 168271 168280 168289 168298 168340 168757 168765 168772 168775 169036 169049 169058 169067 169487
LI (101):  140195 150853 151296 151748 152209 167047 167326 167350 167355 167358 167403 167412 167421 167430 167439 167448 167466 167475 167484 167493 167502 167511 167520 167529 167538 167547 167556 167565 167574 167583 167596 167605 167614 167754 167763 167772 167781 167790 167799 167808 167817 167826 167835 167844 167853 167862 167871 167880 167889 167898 167907 167916 167925 167934 167943 167952 167961 167970 167979 167988 167997 168006 168015 168024 168033 168039 168044 168052 168055 168060 168061 168123 168132 168141 168150 168159 168168 168177 168186 168195 168204 168213 168222 168231 168240 168249 168258 168267 168276 168285 168294 168301 168302 168303 168316 168325 168334 168755 168767 168774 169485
NODE_NUM = 199
FILE hyp_sub_880.aig

# Subcircuit 881
SUB_ID 881
LO (35):  168301 168302 168368 168369 169097 169098 169839 169840 170565 170574 170583 170765 171321 171330 171339 171348 171357 171366 171375 171384 171393 171402 171411 171420 171429 171438 171447 171456 171465 171474 171483 171492 171501 171510 171519
LI (61):  142502 142711 142929 143156 143392 143637 143891 144154 144426 144707 144989 145288 145596 145913 146239 146574 146918 147271 147633 148004 148384 148773 149171 149578 149994 150419 152679 168300 168340 168347 168356 168365 168767 169070 169071 169489 169812 169813 170220 170559 170560 170592 170601 170610 170619 170628 170637 170646 170655 170664 170673 170682 170691 170700 170709 170718 170727 170736 170745 170754 170763
NODE_NUM = 198
FILE hyp_sub_881.aig

# Subcircuit 882
SUB_ID 882
LO (88):  168347 168356 168365 168371 168380 168389 168398 168407 168416 168491 168497 168506 168515 168524 168533 168542 168551 168560 168569 168578 168587 168596 168605 168614 168623 168632 168641 168650 168659 168668 168677 168686 168695 168704 168713 168722 168731 168740 168749 168767 168820 168829 168838 168847 168856 168865 168874 168883 168892 168901 168907 168919 168928 168937 168946 168955 168964 168973 168982 168991 169000 169009 169018 169027 169112 169121 169130 169139 169148 169157 169166 169175 169229 169235 169244 169253 169262 169271 169280 169289 169298 169307 169316 169325 169337 169343 169352 169361
LI (128):  167623 167632 167641 167767 168054 168091 168100 168109 168118 168127 168136 168145 168154 168163 168172 168190 168199 168208 168217 168226 168235 168244 168253 168262 168271 168280 168289 168298 168343 168352 168361 168370 168379 168383 168388 168392 168397 168401 168406 168410 168415 168419 168428 168437 168446 168487 168496 168500 168505 168514 168523 168532 168541 168550 168559 168568 168577 168586 168595 168604 168608 168613 168622 168631 168640 168649 168658 168667 168676 168685 168694 168703 168712 168721 168730 168739 168748 168759 168760 168765 168816 168825 168834 168843 168852 168861 168870 168879 168888 168897 168906 168915 168924 168933 168942 168951 168960 168969 168978 168987 168996 169005 169014 169023 169108 169117 169126 169135 169144 169153 169162 169171 169225 169234 169243 169252 169261 169270 169279 169288 169297 169306 169315 169324 169333 169342 169351 169360
NODE_NUM = 200
FILE hyp_sub_882.aig

# Subcircuit 883
SUB_ID 883
LO (38):  169070 169071 169490 169791 169800 169809 170559 170560 171298 171307 171316 171525 172059 172068 172077 172086 172095 172104 172113 172122 172131 172140 172149 172158 172167 172176 172185 172194 172203 172212 172221 172230 172239 172248 172257 172266 172275 172284
LI (69):  142302 142502 142711 142929 143156 143392 143637 143891 144154 144426 144707 144989 145288 145596 145913 146239 146574 146918 147271 147633 148004 148384 148773 149171 149578 149994 150419 150853 151296 151748 168772 169030 169031 169036 169049 169058 169067 169489 170532 170533 170535 170544 170553 170960 171292 171293 171325 171334 171343 171352 171361 171370 171379 171388 171397 171406 171415 171424 171433 171442 171451 171460 171469 171478 171487 171496 171505 171514 171523
NODE_NUM = 200
FILE hyp_sub_883.aig

# Subcircuit 884
SUB_ID 884
LO (54):  169370 169379 169388 169397 169406 169415 169424 169433 169442 169451 169460 169469 169476 169485 169494 170532 170533 171292 171293 171714 172472 173113 173235 173620 173629 173638 173647 173656 173665 173674 173683 173692 173701 173710 173719 173728 173737 173746 173755 173764 173773 173782 173791 173800 173809 173818 173827 173836 173845 173854 173863 173872 173881 173890
LI (91):  141158 141295 141437 141592 141756 141929 142111 142302 142502 142711 142929 143156 143392 143637 143891 144154 144426 144707 144989 145288 145596 145913 146239 146574 146918 147271 147633 148004 148384 148773 149171 149994 150419 168767 168772 169369 169378 169387 169396 169405 169414 169423 169432 169441 169450 169459 169468 169475 169484 169491 170222 170528 170529 170960 171288 171289 171709 172469 172831 172832 172841 172850 172859 172868 172877 172886 172895 172904 172913 172922 172931 172940 172949 172958 172967 172976 172985 172994 173003 173012 173021 173030 173039 173048 173057 173066 173075 173084 173093 173102 173111
NODE_NUM = 199
FILE hyp_sub_884.aig

# Subcircuit 885
SUB_ID 885
LO (36):  169544 170291 171051 171816 172594 173377 174173 174974 175890 175891 176607 176616 176625 176634 176643 176652 176661 176670 176679 176688 176697 176706 176717 177435 177444 177453 177462 177471 177480 177489 177498 177507 177516 177525 177534 177543
LI (41):  154143 154649 155164 155688 156221 156763 157314 157874 158439 159017 159604 160200 160805 168802 169489 169540 170288 171048 171813 172591 173374 174170 174971 175782 175783 175785 175797 175806 175815 175824 175833 175842 175851 175860 175869 175878 175887 176392 176601 176602 176715
NODE_NUM = 199
FILE hyp_sub_885.aig

# Subcircuit 886
SUB_ID 886
LO (64):  169553 169562 169571 169580 169589 169598 169607 169616 170300 170309 170318 170327 170336 170345 170354 171060 171069 171078 171087 171096 171105 171114 171825 171834 171843 171852 171861 171870 171879 172603 172612 172621 172630 172639 172648 172657 173386 173395 173404 173413 173422 173431 173440 174182 174191 174200 174209 174218 174227 174236 174983 174992 175001 175010 175019 175028 175037 175797 175806 175815 175824 175833 175842 175851
LI (73):  168811 168820 168829 168838 168847 168856 168865 168874 169489 169549 169558 169567 169576 169585 169594 169603 169612 170297 170306 170315 170324 170333 170342 170351 171057 171066 171075 171084 171093 171102 171111 171822 171831 171840 171849 171858 171867 171876 172600 172609 172618 172627 172636 172645 172654 173383 173392 173401 173410 173419 173428 173437 174179 174188 174197 174206 174215 174224 174233 174980 174989 174998 175007 175016 175025 175034 175794 175803 175812 175821 175830 175839 175848
NODE_NUM = 200
FILE hyp_sub_886.aig

# Subcircuit 887
SUB_ID 887
LO (56):  169625 169634 169643 169649 169661 170372 170381 170390 170408 171132 171141 171150 171168 171897 171906 171915 171933 172675 172684 172693 172711 173458 173467 173476 173494 174254 174263 174272 174290 175055 175064 175073 175091 175869 175878 175887 175905 176724 176865 177205 177552 177561 177570 177579 177588 177597 177606 177615 177624 177633 177642 177651 177660 177669 177682 177691
LI (77):  146918 147271 147633 148004 148384 148773 149171 149578 149994 150419 150853 151296 151748 152209 152679 153158 168883 168892 168901 168919 169489 169621 169630 169639 169648 169657 170369 170378 170387 170405 171129 171138 171147 171165 171894 171903 171912 171930 172672 172681 172690 172708 173455 173464 173473 173491 174251 174260 174269 174287 175052 175061 175070 175088 175866 175875 175884 175902 176397 176718 176719 176721 176733 176742 176751 176760 176769 176778 176787 176796 176805 176814 176823 176832 176841 176854 176863
NODE_NUM = 199
FILE hyp_sub_887.aig

# Subcircuit 888
SUB_ID 888
LO (47):  169670 170417 171177 171942 172720 173503 174299 175100 175914 176733 177565 177851 177852 178026 178398 178407 178416 178425 178434 178443 178452 178461 178470 178479 178488 178497 178506 178519 178528 178537 178546 178555 178564 178573 178582 178591 178600 178609 178618 178627 178636 178645 178654 178663 178672 178681 178690
LI (80):  141929 142111 142302 142502 142711 142929 143156 143392 143637 143891 144154 144426 144707 144989 145288 145596 145913 146239 146574 146918 147271 147633 148004 148384 148773 149171 149578 149994 150419 150853 151296 151748 152209 168928 169489 169666 170414 171174 171939 172717 173500 174296 175097 175911 176730 177209 177559 177560 177562 177574 177583 177592 177601 177610 177619 177628 177637 177646 177655 177664 177673 177686 177695 177704 177713 177722 177731 177740 177749 177758 177767 177776 177785 177794 177803 177812 177821 177830 177839 177848
NODE_NUM = 200
FILE hyp_sub_888.aig

# Subcircuit 889
SUB_ID 889
LO (46):  169679 170426 171186 171951 172729 173512 174308 175109 175923 176742 177574 178411 178696 178856 179257 179266 179275 179284 179293 179302 179311 179320 179329 179338 179347 179356 179369 179378 179387 179396 179405 179414 179423 179432 179441 179450 179459 179468 179477 179486 179495 179504 179513 179522 179531 179540
LI (80):  141756 141929 142111 142302 142502 142711 142929 143156 143392 143637 143891 144154 144426 144707 144989 145288 145596 145913 146239 146574 146918 147271 147633 148004 148384 148773 149171 149578 149994 150419 150853 151296 168937 169489 169675 170423 171183 171948 172726 173509 174305 175106 175920 176739 177571 178030 178405 178406 178408 178420 178429 178438 178447 178456 178465 178474 178483 178492 178501 178510 178523 178532 178541 178550 178559 178568 178577 178586 178595 178604 178613 178622 178631 178640 178649 178658 178667 178676 178685 178694
NODE_NUM = 200
FILE hyp_sub_889.aig

# Subcircuit 890
SUB_ID 890
LO (46):  169688 170435 171195 171960 172738 173521 174317 175118 175932 176751 177583 178420 179270 179546 179695 180121 180130 180139 180148 180157 180166 180175 180184 180193 180202 180211 180224 180233 180242 180251 180260 180269 180278 180287 180296 180305 180314 180323 180332 180341 180350 180359 180368 180377 180386 180395
LI (79):  141592 141756 141929 142111 142302 142502 142711 142929 143156 143392 143637 143891 144154 144426 144707 144989 145288 145596 145913 146239 146574 146918 147271 147633 148004 148384 148773 149171 149578 149994 150419 168946 169489 169684 170432 171192 171957 172735 173518 174314 175115 175929 176748 177580 178417 178860 179264 179265 179267 179279 179288 179297 179306 179315 179324 179333 179342 179351 179360 179373 179382 179391 179400 179409 179418 179427 179436 179445 179454 179463 179472 179481 179490 179499 179508 179517 179526 179535 179544
NODE_NUM = 198
FILE hyp_sub_890.aig

# Subcircuit 891
SUB_ID 891
LO (48):  169697 170444 171204 171969 172747 173530 174326 175127 175941 176760 177592 178429 179279 180134 180402 180403 180543 180998 181007 181016 181025 181034 181043 181052 181061 181070 181079 181092 181101 181110 181119 181128 181137 181146 181155 181164 181173 181182 181191 181200 181209 181218 181227 181236 181245 181254 181263 181272
LI (79):  141295 141437 141592 141756 141929 142111 142302 142502 142711 142929 143156 143392 143637 143891 144154 144426 144707 144989 145288 145596 145913 146239 146574 146918 147271 147633 148004 148384 148773 149171 149578 168955 169489 169693 170441 171201 171966 172744 173527 174323 175124 175938 176757 177589 178426 179276 179699 180128 180129 180131 180143 180152 180161 180170 180179 180188 180197 180206 180215 180228 180237 180246 180255 180264 180273 180282 180291 180300 180309 180318 180327 180336 180345 180354 180363 180372 180381 180390 180399
NODE_NUM = 199
FILE hyp_sub_891.aig

# Subcircuit 892
SUB_ID 892
LO (47):  169706 170453 171213 171978 172756 173539 174335 175136 175950 176769 177601 178438 179288 180143 181011 181278 181400 181880 181889 181898 181907 181916 181925 181934 181943 181952 181965 181974 181983 181992 182001 182010 182019 182028 182037 182046 182055 182064 182073 182082 182091 182100 182109 182118 182127 182136 182145
LI (79):  141158 141295 141437 141592 141756 141929 142111 142302 142502 142711 142929 143156 143392 143637 143891 144154 144426 144707 144989 145288 145596 145913 146239 146574 146918 147271 147633 148004 148384 148773 168964 169489 169702 170450 171210 171975 172753 173536 174332 175133 175947 176766 177598 178435 179285 180140 180547 181005 181006 181008 181020 181029 181038 181047 181056 181065 181074 181083 181096 181105 181114 181123 181132 181141 181150 181159 181168 181177 181186 181195 181204 181213 181222 181231 181240 181249 181258 181267 181276
NODE_NUM = 199
FILE hyp_sub_892.aig

# Subcircuit 893
SUB_ID 893
LO (49):  169715 170462 171222 171987 172765 173548 174344 175145 175959 176778 177610 178447 179297 180152 181020 181893 182152 182153 182266 182775 182784 182793 182802 182811 182820 182829 182838 182851 182860 182869 182878 182887 182896 182905 182914 182923 182932 182941 182950 182959 182968 182977 182986 182995 183004 183013 183022 183031 183040
LI (79):  140911 141030 141158 141295 141437 141592 141756 141929 142111 142302 142502 142711 142929 143156 143392 143637 143891 144154 144426 144707 144989 145288 145596 145913 146239 146574 146918 147271 147633 148004 168973 169489 169711 170459 171219 171984 172762 173545 174341 175142 175956 176775 177607 178444 179294 180149 181017 181404 181887 181888 181890 181902 181911 181920 181929 181938 181947 181956 181969 181978 181987 181996 182005 182014 182023 182032 182041 182050 182059 182068 182077 182086 182095 182104 182113 182122 182131 182140 182149
NODE_NUM = 200
FILE hyp_sub_893.aig

# Subcircuit 894
SUB_ID 894
LO (44):  169724 170471 171231 171996 172774 173557 174353 175154 175457 175590 175964 175973 175982 175991 176000 176009 176018 176031 176040 176049 176058 176067 176076 176085 176094 176103 176112 176121 176130 176139 176148 176157 176166 176175 176184 176193 176202 176211 176220 176229 176238 176247 176256 176265
LI (80):  141295 141437 141592 141756 141929 142111 142302 142502 142711 142929 143156 143392 143637 143891 144154 144426 144707 144989 145288 145596 145913 146239 146574 146918 147271 147633 148004 148384 148773 149171 149578 149994 150419 150853 168982 169489 169720 170468 171228 171993 172771 173554 174350 174800 175148 175149 175151 175163 175172 175181 175190 175199 175208 175221 175230 175239 175248 175257 175266 175275 175284 175293 175302 175311 175320 175329 175338 175347 175356 175365 175374 175383 175392 175401 175410 175419 175428 175437 175446 175455
NODE_NUM = 198
FILE hyp_sub_894.aig

# Subcircuit 895
SUB_ID 895
LO (48):  169733 170480 171240 172005 172783 173566 174362 175163 175977 176796 177628 178465 179315 180170 181038 181911 182797 183055 183141 183684 183693 183702 183711 183720 183729 183742 183751 183760 183769 183778 183787 183796 183805 183814 183823 183832 183841 183850 183859 183868 183877 183886 183895 183904 183913 183922 183931 183940
LI (79):  140700 140801 140911 141030 141158 141295 141437 141592 141756 141929 142111 142302 142502 142711 142929 143156 143392 143637 143891 144154 144426 144707 144989 145288 145596 145913 146239 146574 146918 168991 169489 169729 170477 171237 172002 172780 173563 174359 175160 175974 176793 177625 178462 179312 180167 181035 181908 182270 182791 182792 182794 182806 182815 182824 182833 182842 182855 182864 182873 182882 182891 182900 182909 182918 182927 182936 182945 182954 182963 182972 182981 182990 182999 183008 183017 183026 183035 183044 183053
NODE_NUM = 200
FILE hyp_sub_895.aig

# Subcircuit 896
SUB_ID 896
LO (44):  169742 170489 171249 172014 172792 173575 174371 174683 174796 175168 175177 175186 175195 175204 175217 175226 175235 175244 175253 175262 175271 175280 175289 175298 175307 175316 175325 175334 175343 175352 175361 175370 175379 175388 175397 175406 175415 175424 175433 175442 175451 175460 175469 175478
LI (81):  141030 141158 141295 141437 141592 141756 141929 142111 142302 142502 142711 142929 143156 143392 143637 143891 144154 144426 144707 144989 145288 145596 145913 146239 146574 146918 147271 147633 148004 148384 148773 149171 149578 149994 150419 169000 169489 169738 170486 171246 172011 172789 173572 174015 174365 174366 174368 174380 174389 174398 174407 174420 174429 174438 174447 174456 174465 174474 174483 174492 174501 174510 174519 174528 174537 174546 174555 174564 174573 174582 174591 174600 174609 174618 174627 174636 174645 174654 174663 174672 174681
NODE_NUM = 200
FILE hyp_sub_896.aig

# Subcircuit 897
SUB_ID 897
LO (48):  169751 170498 171258 172023 172801 173584 174380 175181 175995 176814 177646 178483 179333 180188 181056 181929 182815 183706 183955 184025 184606 184615 184624 184633 184646 184655 184664 184673 184682 184691 184700 184709 184718 184727 184736 184745 184754 184763 184772 184781 184790 184799 184808 184817 184826 184835 184844 184853
LI (78):  140525 140608 140700 140801 140911 141030 141158 141295 141437 141592 141756 141929 142111 142302 142502 142711 142929 143156 143392 143637 143891 144154 144426 144707 144989 145288 145596 145913 169009 169489 169747 170495 171255 172020 172798 173581 174377 175178 175992 176811 177643 178480 179330 180185 181053 181926 182812 183145 183700 183701 183703 183715 183724 183733 183746 183755 183764 183773 183782 183791 183800 183809 183818 183827 183836 183845 183854 183863 183872 183881 183890 183899 183908 183917 183926 183935 183944 183953
NODE_NUM = 198
FILE hyp_sub_897.aig

# Subcircuit 898
SUB_ID 898
LO (44):  169760 170528 170529 171267 171276 171285 172032 172041 172050 172810 172819 172831 172832 173593 173602 173611 173824 174011 174385 174394 174403 174416 174425 174434 174443 174452 174461 174470 174479 174488 174497 174506 174515 174524 174533 174542 174551 174560 174569 174578 174587 174596 174605 174614
LI (75):  142302 142502 142711 142929 143156 143392 143637 143891 144154 144426 144707 144989 145288 145596 145913 146239 146574 146918 147271 147633 148004 148384 148773 149171 149578 149994 150853 151296 151748 169018 169489 169756 170501 170502 170504 170516 170525 170960 172029 172038 172047 172807 172816 172822 172823 172825 173234 173239 173587 173588 173590 173599 173624 173633 173642 173651 173660 173669 173678 173687 173696 173705 173714 173723 173732 173741 173750 173759 173768 173777 173786 173795 173804 173813 173822
NODE_NUM = 200
FILE hyp_sub_898.aig

# Subcircuit 899
SUB_ID 899
LO (30):  169769 169778 169812 169813 170208 170212 170213 170227 170516 170525 170786 170795 170804 170813 170822 170831 170840 170849 170858 170867 170876 170885 170894 170903 170912 170921 170930 170939 170946 170955
LI (53):  140195 140207 140254 140287 140334 140390 140455 140525 140608 140700 140801 140911 141030 141158 141295 141437 141592 141756 141929 142111 149578 169027 169036 169489 169499 169765 169774 169811 170028 170029 170034 170043 170052 170061 170070 170079 170088 170097 170106 170115 170124 170133 170142 170151 170160 170169 170178 170187 170196 170205 170210 170513 170522
NODE_NUM = 119
FILE hyp_sub_899.aig

# Subcircuit 900
SUB_ID 900
LO (75):  170220 170222 170226 170228 170282 170288 170297 170306 170315 170324 170333 170342 170351 170363 170369 170378 170387 170396 170405 170414 170423 170432 170441 170450 170459 170468 170477 170486 170495 170504 170513 170522 170535 170544 170553 170592 170601 170610 170619 170628 170637 170646 170655 170664 170673 170682 170691 170700 170709 170718 170727 170736 170745 170754 170763 170772 170781 170790 170799 170808 170817 170826 170835 170838 170839 170841 171528 171537 171546 171555 171564 171573 171582 171591 171600
LI (106):  141030 141158 141295 141437 141592 141756 141929 142111 169499 169535 169616 169845 169854 169863 169872 169881 169890 169899 169908 169917 169926 169935 169944 169953 169962 169971 169980 169989 169998 170007 170016 170025 170034 170043 170052 170061 170070 170079 170088 170212 170213 170218 170221 170227 170278 170287 170296 170305 170314 170323 170332 170341 170350 170359 170368 170377 170386 170395 170404 170413 170422 170431 170440 170449 170458 170467 170476 170485 170494 170503 170512 170521 170534 170543 170552 170588 170597 170606 170615 170624 170633 170642 170651 170660 170669 170678 170687 170696 170705 170714 170723 170732 170741 170750 170759 170766 170767 170768 170777 170786 170795 170804 170813 170822 170831 170840
NODE_NUM = 196
FILE hyp_sub_900.aig

# Subcircuit 901
SUB_ID 901
LO (56):  170501 170502 170766 170767 170844 170960 170970 171015 171024 171033 171042 171048 171057 171066 171075 171084 171093 171102 171111 171123 171129 171138 171147 171156 171165 171174 171183 171192 171201 171210 171219 171228 171237 171246 171255 171325 171334 171343 171352 171361 171370 171379 171388 171397 171613 171622 171631 171640 171649 171658 171667 171676 171685 171694 171699 171707
LI (85):  140195 140207 140254 140287 140334 140390 140455 140525 140608 140700 140801 140911 142302 152209 170097 170228 170255 170264 170273 170282 170363 170500 170565 170574 170583 170592 170601 170610 170619 170628 170637 170765 170838 170839 170841 170853 170862 170871 170880 170889 170898 170907 170916 170925 170934 170943 170950 170958 171011 171020 171029 171038 171047 171056 171065 171074 171083 171092 171101 171110 171119 171128 171137 171146 171155 171164 171173 171182 171191 171200 171209 171218 171227 171236 171245 171254 171321 171330 171339 171348 171357 171366 171375 171384 171393
NODE_NUM = 200
FILE hyp_sub_901.aig

# Subcircuit 902
SUB_ID 902
LO (46):  170853 170862 170871 170880 170889 170898 170907 170916 170925 170934 170943 170950 170958 171288 171289 171406 172171 172416 172945 172954 172963 172972 172981 172990 172999 173008 173017 173026 173035 173044 173053 173062 173071 173080 173089 173098 173107 173116 173125 173134 173143 173152 173161 173170 173179 173188
LI (90):  140390 140455 140525 140608 140700 140801 140911 141030 141158 141295 141437 141592 141756 141929 142111 142302 142502 142711 142929 143156 143392 143637 143891 144154 144426 144707 144989 150419 170106 170115 170124 170133 170142 170151 170160 170169 170178 170187 170196 170205 170208 170220 170226 170646 170849 170858 170867 170876 170885 170894 170903 170912 170921 170930 170939 170946 170955 170960 171287 171402 172165 172166 172168 172180 172189 172198 172207 172216 172225 172234 172243 172252 172261 172270 172279 172288 172297 172306 172315 172324 172333 172342 172351 172360 172369 172378 172387 172396 172405 172414
NODE_NUM = 198
FILE hyp_sub_902.aig

# Subcircuit 903
SUB_ID 903
LO (38):  171415 172180 172958 173741 174537 175338 176152 176971 177189 177195 177197 177198 177210 177799 177808 177817 177826 177835 177844 177853 177862 177871 177880 177889 177898 177907 177916 177925 177934 177943 177952 177961 177970 177979 177988 177997 178006 178019
LI (63):  140195 140207 140254 140287 140334 140390 140455 140525 140608 140700 140801 140911 141030 141158 141295 141437 141592 141756 141929 142111 142302 142502 142711 142929 143156 170655 170960 171411 172177 172955 173738 174534 175335 176149 176400 176965 176966 176968 176980 176989 176998 177007 177016 177025 177034 177043 177052 177061 177070 177079 177088 177097 177106 177115 177124 177133 177142 177151 177160 177169 177178 177187 177194
NODE_NUM = 153
FILE hyp_sub_903.aig

# Subcircuit 904
SUB_ID 904
LO (37):  171424 172189 172967 173750 174546 175347 176161 176380 176384 176385 176399 176976 176985 176994 177003 177012 177021 177030 177039 177048 177057 177066 177075 177084 177093 177102 177111 177120 177129 177138 177147 177156 177165 177174 177183 177190 177199
LI (62):  140195 140207 140254 140287 140334 140390 140455 140525 140608 140700 140801 140911 141030 141158 141295 141437 141592 141756 141929 142111 142302 142502 142711 142929 143156 170664 170960 171420 172186 172964 173747 174543 175344 175599 176155 176156 176158 176170 176179 176188 176197 176206 176215 176224 176233 176242 176251 176260 176269 176278 176287 176296 176305 176314 176323 176332 176341 176350 176359 176368 176377 176382
NODE_NUM = 151
FILE hyp_sub_904.aig

# Subcircuit 905
SUB_ID 905
LO (37):  171433 172198 172976 173759 174555 175356 176170 176989 177821 178658 179508 180363 181231 182104 182990 183881 184917 184922 184925 184961 184963 185694 185703 185712 185721 185730 185739 185748 185757 185766 185775 185784 185793 185802 185809 185817 185879
LI (57):  140195 140207 140254 140287 140334 140390 140455 140525 140608 140700 140801 140911 141030 141158 170673 170960 171429 172195 172973 173756 174552 175353 176167 176986 177818 178655 179505 180360 181228 182101 182987 183878 184029 184034 184052 184779 184780 184782 184794 184803 184812 184821 184830 184839 184848 184857 184866 184875 184884 184893 184902 184907 184915 184918 184955 184956 184957
NODE_NUM = 200
FILE hyp_sub_905.aig

# Subcircuit 906
SUB_ID 906
LO (65):  171442 171451 171460 171469 172207 172216 172225 172234 172985 172994 173003 173012 173768 173777 173786 173795 174564 174573 174582 174591 175365 175374 175383 175392 176179 176188 176197 176206 176998 177007 177016 177025 177830 177839 177848 177857 177878 177879 178667 178676 178685 178699 178708 178717 179517 179526 179535 180372 180381 180390 181240 181249 181258 182113 182122 182131 182999 183008 183017 183890 183899 183908 184794 184803 184812
LI (72):  141437 141592 141756 170682 170691 170700 170709 170960 171438 171447 171456 171465 172204 172213 172222 172231 172982 172991 173000 173009 173765 173774 173783 173792 174561 174570 174579 174588 175362 175371 175380 175389 176176 176185 176194 176203 176995 177004 177013 177022 177827 177836 177845 177851 177852 177854 177866 177875 178664 178673 178682 179514 179523 179532 180369 180378 180387 181237 181246 181255 182110 182119 182128 182996 183005 183014 183887 183896 183905 184791 184800 184809
NODE_NUM = 199
FILE hyp_sub_906.aig

# Subcircuit 907
SUB_ID 907
LO (34):  171478 172243 173021 173804 174600 175401 176215 177034 177866 178855 178860 178865 178878 178879 178881 178888 179553 179562 179571 179580 179589 179598 179607 179616 179625 179634 179643 179652 179661 179670 179679 179684 179692 179734
LI (54):  140195 140207 140254 140287 140334 140390 140455 140525 140608 140700 140801 140911 141030 141158 141295 141437 170718 170960 171474 172240 173018 173801 174597 175398 176212 177031 177863 178025 178030 178033 178038 178042 178697 178698 178700 178712 178721 178730 178739 178748 178757 178766 178775 178784 178793 178802 178811 178820 178829 178838 178845 178853 178856 178876
NODE_NUM = 198
FILE hyp_sub_907.aig

# Subcircuit 908
SUB_ID 908
LO (36):  171487 171496 172252 172261 173030 173039 173813 173822 174609 174618 175410 175419 176224 176233 177043 177052 177875 177884 178025 178033 178712 178730 178739 178748 178757 178766 178775 178784 178793 178802 178811 178820 178829 178838 178845 178853
LI (56):  140195 140207 140254 140287 140334 140390 140455 140525 140608 140700 140801 140911 141030 141158 141295 170727 170736 170960 171483 171492 172249 172258 173027 173036 173810 173819 174606 174615 175407 175416 176221 176230 177040 177049 177214 177872 177878 177879 177881 177893 177902 177911 177920 177929 177938 177947 177956 177965 177974 177983 177992 178001 178010 178015 178023 178709
NODE_NUM = 200
FILE hyp_sub_908.aig

# Subcircuit 909
SUB_ID 909
LO (26):  171505 172270 173048 174010 174015 174020 174627 174636 174645 174654 174663 174672 174681 174690 174699 174708 174717 174726 174735 174744 174753 174762 174771 174780 174785 174793
LI (50):  140195 140207 140254 140287 140334 140390 140455 140525 140608 140700 140801 140911 141030 141158 141295 141437 141592 141756 141929 170745 170960 171501 172267 173045 173239 173242 173825 173826 173828 173840 173849 173858 173867 173876 173885 173894 173903 173912 173921 173930 173939 173948 173957 173966 173975 173984 173993 174000 174008 174011
NODE_NUM = 199
FILE hyp_sub_909.aig

# Subcircuit 910
SUB_ID 910
LO (32):  171514 171523 171697 171701 171702 171716 172279 172288 172293 172302 172311 172320 172329 172338 172347 172356 172365 172374 172383 172392 172401 172410 172419 172428 172437 172446 172453 172462 173057 173066 173840 173849
LI (53):  140195 140207 140254 140287 140334 140390 140455 140525 140608 140700 140801 140911 141030 141158 141295 141437 141592 141756 141929 142111 170754 170763 170960 170970 171510 171519 171525 171532 171541 171550 171559 171568 171577 171586 171595 171604 171613 171622 171631 171640 171649 171658 171667 171676 171685 171694 171699 172276 172285 173054 173063 173837 173846
NODE_NUM = 127
FILE hyp_sub_910.aig

# Subcircuit 911
SUB_ID 911
LO (39):  171532 171541 171550 171559 171568 171577 172297 172306 172315 172324 172333 172342 173075 173084 173093 173102 173111 173234 173239 173242 173311 173858 173867 173876 173885 173894 173903 173912 173921 173930 173939 173948 173957 173966 173975 173984 173993 174000 174008
LI (61):  140195 140207 140254 140287 140334 140390 140455 140525 140608 140700 140801 140911 170772 170781 170790 170799 170808 170817 170960 171528 171537 171546 171555 171564 171573 172294 172303 172312 172321 172330 172339 172472 172477 173072 173081 173090 173099 173108 173114 173115 173117 173129 173138 173147 173156 173165 173174 173183 173192 173201 173210 173219 173224 173232 173235 173310 173855 173864 173873 173882 173891
NODE_NUM = 199
FILE hyp_sub_911.aig

# Subcircuit 912
SUB_ID 912
LO (78):  171586 171595 171604 171709 171715 171717 171771 171780 171789 171798 171807 171813 171822 171831 171840 171849 171858 171867 171876 171888 171894 171903 171912 171921 171930 171939 171948 171957 171966 171975 171984 171993 172002 172011 172020 172029 172038 172047 172063 172072 172081 172090 172099 172108 172117 172126 172135 172144 172153 172162 172165 172166 172168 172177 172186 172195 172204 172213 172222 172231 172351 172360 172369 172837 172846 172855 172864 172873 172882 172891 172900 172909 172918 172927 172936 173129 173138 173147
LI (102):  145288 145596 145913 146239 146574 146918 147271 147633 148004 148384 148773 149171 170826 170835 170844 170960 170970 171006 171015 171024 171033 171042 171123 171298 171307 171316 171325 171334 171343 171352 171361 171370 171379 171388 171397 171582 171591 171600 171701 171702 171707 171716 171767 171776 171785 171794 171803 171812 171821 171830 171839 171848 171857 171866 171875 171884 171893 171902 171911 171920 171929 171938 171947 171956 171965 171974 171983 171992 172001 172010 172019 172028 172037 172046 172057 172058 172059 172068 172077 172086 172095 172104 172113 172122 172131 172140 172149 172158 172167 172176 172185 172194 172203 172212 172221 172230 172348 172357 172366 173126 173135 173144
NODE_NUM = 200
FILE hyp_sub_912.aig

# Subcircuit 913
SUB_ID 913
LO (79):  172057 172058 172240 172249 172258 172267 172276 172285 172294 172303 172312 172321 172330 172339 172348 172357 172366 172378 172387 172396 172405 172414 172467 172469 172477 172540 172549 172558 172567 172576 172585 172591 172600 172609 172618 172627 172636 172645 172654 172666 172672 172681 172690 172699 172708 172717 172726 172735 172744 172753 172762 172771 172780 172789 172798 172807 172816 172825 172841 172850 172859 172868 172877 172886 172895 172904 172913 172922 172931 173156 173165 173174 173183 173192 173201 173210 173219 173224 173232
LI (109):  140195 140207 140254 140287 140334 149578 171613 171622 171631 171640 171649 171709 171717 171762 171771 171780 171789 171798 171807 171888 172056 172063 172072 172081 172090 172099 172108 172117 172126 172135 172144 172153 172239 172248 172257 172266 172275 172284 172293 172302 172311 172320 172329 172338 172347 172356 172365 172374 172383 172392 172401 172410 172416 172423 172432 172441 172450 172457 172465 172468 172536 172545 172554 172563 172572 172581 172590 172599 172608 172617 172626 172635 172644 172653 172662 172671 172680 172689 172698 172707 172716 172725 172734 172743 172752 172761 172770 172779 172788 172797 172806 172815 172824 172837 172846 172855 172864 172873 172882 172891 172900 172909 172918 172927 173153 173162 173171 173180 173189
NODE_NUM = 200
FILE hyp_sub_913.aig

# Subcircuit 914
SUB_ID 914
LO (30):  172423 172432 172441 172450 172457 172465 172482 172498 172499 172501 173281 173282 174077 174078 174878 174879 175782 175783 176508 176509 176517 176526 176535 176544 176553 176562 176571 176580 176589 176598
LI (60):  139760 161419 162042 162674 163315 163965 164624 165292 165969 166655 167350 168054 168767 169489 170220 170960 171658 171667 171676 171685 171694 171697 171709 171715 171722 172419 172428 172437 172446 172453 172462 172479 172490 172491 172492 172500 173272 173273 173275 174010 174068 174069 174795 174869 174870 175589 175683 175684 175698 175707 175716 175725 175734 175743 175752 175761 175770 175779 176392 176503
NODE_NUM = 164
FILE hyp_sub_914.aig

# Subcircuit 915
SUB_ID 915
LO (49):  172822 172823 172940 173723 174519 175320 176134 176965 176966 177785 177794 178622 178631 179472 179481 180327 180336 181195 181204 182068 182077 182954 182963 183845 183854 184779 184780 185658 185667 185676 185685 185787 185788 186576 186585 186594 186603 186612 186621 186630 186639 186648 186657 186666 186675 186684 186693 186702 186711
LI (66):  140254 140287 140334 140390 140455 140525 140608 140700 140801 140911 141030 141158 141295 141437 141592 141756 143392 143637 149994 172162 172467 172821 172936 173720 174516 175317 176131 176947 176948 176950 176962 177204 178619 178628 179469 179478 180324 180333 181192 181201 182065 182074 182951 182960 183842 183851 184743 184744 184746 184755 184767 184776 184917 185652 185653 185694 185703 185712 185721 185730 185739 185748 185757 185766 185775 185784
NODE_NUM = 199
FILE hyp_sub_915.aig

# Subcircuit 916
SUB_ID 916
LO (102):  172949 172955 172964 172973 172982 172991 173000 173009 173018 173027 173036 173045 173054 173063 173072 173081 173090 173099 173108 173114 173115 173117 173126 173135 173144 173153 173162 173171 173180 173189 173272 173273 173314 173323 173332 173341 173350 173359 173368 173374 173383 173392 173401 173410 173419 173428 173437 173449 173455 173464 173473 173482 173491 173500 173509 173518 173527 173536 173545 173554 173563 173572 173581 173587 173588 173590 173599 173624 173732 174110 174119 174128 174137 174146 174155 174164 174245 174420 174528 174911 174920 174929 174938 174947 174956 174965 175046 175221 175329 175725 175734 175743 175752 175761 175770 175779 175860 176035 176143 176854 176962 177686
LI (114):  141030 150419 170960 172171 172467 172531 172540 172549 172558 172567 172576 172585 172666 172841 172945 172954 172963 172972 172981 172990 172999 173008 173017 173026 173035 173044 173053 173062 173071 173080 173089 173098 173107 173113 173116 173125 173134 173143 173152 173161 173170 173179 173188 173234 173271 173311 173319 173328 173337 173346 173355 173364 173373 173382 173391 173400 173409 173418 173427 173436 173445 173454 173463 173472 173481 173490 173499 173508 173517 173526 173535 173544 173553 173562 173571 173580 173586 173589 173598 173620 173729 174107 174116 174125 174134 174143 174152 174161 174242 174417 174525 174908 174917 174926 174935 174944 174953 174962 175043 175218 175326 175722 175731 175740 175749 175758 175767 175776 175857 176032 176140 176851 176959 177683
NODE_NUM = 199
FILE hyp_sub_916.aig

# Subcircuit 917
SUB_ID 917
LO (37):  173633 174429 175230 176044 176863 177695 178532 179382 180237 181105 181978 182864 183755 184743 184744 185568 185577 185586 185595 185604 185613 185622 185631 185640 185649 185652 185653 186486 186495 186504 186513 186522 186531 186540 186549 186558 186567
LI (41):  141756 141929 142111 142302 142502 142711 142929 143156 143392 143637 143891 172850 173234 173629 174426 175227 176041 176860 177692 178529 179379 180234 181102 181975 182861 183752 184653 184654 184656 184668 184677 184686 184695 184704 184713 184722 184731 184740 184917 185562 185563
NODE_NUM = 183
FILE hyp_sub_917.aig

# Subcircuit 918
SUB_ID 918
LO (49):  173642 174438 175239 176053 176947 176948 177704 177713 177722 177731 177740 177749 177758 177767 177776 178541 178550 178559 178568 178577 178586 178595 178604 178613 179391 179400 179409 179418 179427 179436 179445 179454 179463 180246 180255 180264 180273 180282 180291 180300 180309 180318 181114 181123 181132 181141 181150 181159 181168
LI (61):  143891 144154 144426 144707 144989 145288 145596 145913 146239 172859 173234 173638 174435 175236 176050 176866 176867 176869 176881 176890 176899 176908 176917 176926 176935 176944 177204 178538 178547 178556 178565 178574 178583 178592 178601 178610 179388 179397 179406 179415 179424 179433 179442 179451 179460 180243 180252 180261 180270 180279 180288 180297 180306 180315 181111 181120 181129 181138 181147 181156 181165
NODE_NUM = 199
FILE hyp_sub_918.aig

# Subcircuit 919
SUB_ID 919
LO (70):  173651 173660 173669 173678 173687 173696 173705 173714 173720 173729 173738 173747 173756 173765 173774 173783 173792 173801 173810 173819 173825 173826 173828 173837 173846 173855 173864 173873 173882 173891 174037 174068 174069 174447 174456 174465 174474 174483 174492 174501 174510 174839 174840 174848 174857 174866 175248 175257 175266 175275 175284 175293 175302 175311 176062 176071 176080 176089 176098 176107 176116 176125 176881 176890 176899 176908 176917 176926 176935 176944
LI (84):  142111 170220 170960 171709 172467 172868 172877 172886 172895 172904 172913 172922 172931 173234 173247 173251 173647 173656 173665 173674 173683 173692 173701 173710 173719 173728 173737 173746 173755 173764 173773 173782 173791 173800 173809 173818 173824 173827 173836 173845 173854 173863 173872 173881 173890 174010 174031 174047 174056 174065 174444 174453 174462 174471 174480 174489 174498 174507 174795 174834 175245 175254 175263 175272 175281 175290 175299 175308 176059 176068 176077 176086 176095 176104 176113 176122 176878 176887 176896 176905 176914 176923 176932 176941
NODE_NUM = 195
FILE hyp_sub_919.aig

# Subcircuit 920
SUB_ID 920
LO (67):  174101 174107 174116 174125 174134 174143 174152 174161 174170 174179 174188 174197 174206 174215 174224 174233 174242 174251 174260 174269 174278 174287 174296 174305 174314 174323 174332 174341 174350 174359 174365 174366 174368 174377 174389 174902 175190 175716 176004 176823 177655 178492 179342 180197 181065 181938 182824 183715 184653 184654 184918 185562 185563 185824 186450 186459 186468 186481 186493 186494 186731 187373 187382 187391 187404 187413 187422
LI (74):  143392 143637 143891 144154 144426 144707 144989 145288 150853 173305 173593 174010 174097 174106 174115 174124 174133 174142 174151 174160 174169 174178 174187 174196 174205 174214 174223 174232 174241 174250 174259 174268 174277 174286 174295 174304 174313 174322 174331 174340 174349 174358 174364 174367 174376 174385 174899 175187 175713 176001 176820 177652 178489 179339 180194 181062 181935 182821 183712 184029 184613 184614 184616 184628 184637 184650 184917 184922 185522 185523 185819 186444 186445 186490
NODE_NUM = 200
FILE hyp_sub_920.aig

# Subcircuit 921
SUB_ID 921
LO (65):  174398 174407 174417 174426 174435 174444 174453 174462 174471 174480 174489 174498 174507 174516 174525 174534 174543 174552 174561 174570 174579 174588 174597 174606 174615 174783 174787 174788 174802 175199 175208 175487 175496 175505 175514 175523 175532 175541 175550 175559 175568 175575 175584 176013 176022 176832 176841 177664 177673 178501 178510 179351 179360 180206 180215 181074 181083 181947 181956 182833 182842 183724 183733 184628 184637
LI (78):  140195 140207 140254 140287 140334 140390 140455 140525 140608 140700 140801 140911 173602 173611 174010 174020 174394 174403 174416 174425 174434 174443 174452 174461 174470 174479 174488 174497 174506 174515 174524 174533 174542 174551 174560 174569 174578 174587 174596 174605 174614 174683 174690 174699 174708 174717 174726 174735 174744 174753 174762 174771 174780 174785 175196 175205 176010 176019 176829 176838 177661 177670 178498 178507 179348 179357 180203 180212 181071 181080 181944 181953 182830 182839 183721 183730 184625 184634
NODE_NUM = 164
FILE hyp_sub_921.aig

# Subcircuit 922
SUB_ID 922
LO (96):  174795 174800 174801 174803 174820 174893 174899 174908 174917 174926 174935 174944 174953 174962 174971 174980 174989 174998 175007 175016 175025 175034 175043 175052 175061 175070 175079 175088 175097 175106 175115 175124 175133 175142 175151 175160 175172 175178 175187 175196 175205 175218 175227 175236 175245 175254 175263 175272 175281 175290 175299 175308 175317 175326 175335 175344 175353 175362 175371 175380 175389 175398 175407 175416 175428 175437 175446 175455 175464 175473 175482 175491 175500 175509 175518 175527 175536 175545 175554 175563 175566 175567 175569 175595 176274 176283 176292 176301 176310 176319 176328 176337 176346 176355 176364 176373
LI (116):  140207 140254 140287 140334 140390 140455 140525 140608 140700 140801 140911 141030 174015 174020 174030 174092 174371 174627 174636 174645 174654 174663 174672 174681 174690 174699 174708 174717 174726 174735 174744 174753 174762 174787 174788 174793 174796 174802 174889 174898 174907 174916 174925 174934 174943 174952 174961 174970 174979 174988 174997 175006 175015 175024 175033 175042 175051 175060 175069 175078 175087 175096 175105 175114 175123 175132 175141 175150 175159 175168 175177 175186 175195 175204 175217 175226 175235 175244 175253 175262 175271 175280 175289 175298 175307 175316 175325 175334 175343 175352 175361 175370 175379 175388 175397 175406 175415 175424 175433 175442 175451 175458 175459 175460 175469 175478 175487 175496 175505 175514 175523 175532 175541 175550 175559 175568
NODE_NUM = 200
FILE hyp_sub_922.aig

# Subcircuit 923
SUB_ID 923
LO (29):  174834 174869 174870 175683 175684 176463 176472 176481 176490 176499 176503 176601 176602 177291 177300 177309 177318 177327 177336 177345 177354 177363 177372 177381 177390 177399 177408 177417 177426
LI (45):  160805 161419 162042 162674 163315 163965 164624 165292 165969 166655 167350 168054 168767 169489 170220 170960 171709 172467 173251 174824 174825 174827 174839 174840 174848 174857 174866 175589 175638 175639 175641 176392 176457 176458 176509 176517 176526 176535 176544 176553 176562 176571 176580 176589 176598
NODE_NUM = 169
FILE hyp_sub_923.aig

# Subcircuit 924
SUB_ID 924
LO (92):  175148 175149 175458 175459 175589 175594 175599 175616 175617 175638 175639 175698 175707 175713 175722 175731 175740 175749 175758 175767 175776 175785 175794 175803 175812 175821 175830 175839 175848 175857 175866 175875 175884 175893 175902 175911 175920 175929 175938 175947 175956 175968 175974 175986 175992 176001 176010 176019 176032 176041 176050 176059 176068 176077 176086 176095 176104 176113 176122 176131 176140 176149 176158 176167 176176 176185 176194 176203 176212 176221 176230 176242 176251 176260 176269 176278 176287 176296 176305 176314 176323 176332 176341 176350 176359 176368 176377 176382 176391 176432 176441 176450
LI (122):  140195 141158 151296 172467 173234 174010 174771 174795 174800 174803 174808 174812 174813 174884 174893 175147 175154 175172 175428 175437 175446 175455 175457 175464 175473 175482 175491 175500 175509 175518 175527 175536 175545 175554 175563 175566 175567 175569 175579 175587 175590 175595 175610 175626 175635 175694 175703 175712 175721 175730 175739 175748 175757 175766 175775 175784 175793 175802 175811 175820 175829 175838 175847 175856 175865 175874 175883 175892 175901 175910 175919 175928 175937 175946 175955 175964 175973 175982 175991 176000 176009 176018 176031 176040 176049 176058 176067 176076 176085 176094 176103 176112 176121 176130 176139 176148 176157 176166 176175 176184 176193 176202 176211 176220 176229 176238 176247 176256 176265 176274 176283 176292 176301 176310 176319 176328 176337 176346 176355 176364 176373 176385
NODE_NUM = 190
FILE hyp_sub_924.aig

# Subcircuit 925
SUB_ID 925
LO (77):  175579 175587 176155 176156 176392 176397 176400 176411 176417 176457 176458 176715 176721 176730 176739 176748 176757 176766 176775 176787 176793 176805 176811 176820 176829 176838 176851 176860 176869 176878 176887 176896 176905 176914 176923 176932 176941 176950 176959 176968 176980 176986 176995 177004 177013 177022 177031 177040 177049 177061 177070 177079 177088 177097 177106 177115 177124 177133 177142 177151 177160 177169 177178 177187 177194 177204 177209 177214 177231 177232 177235 177236 177268 177277 177286 178065 178074
LI (111):  143392 171709 172467 173234 174780 174783 174795 174801 175575 175584 175589 175594 175599 175608 175609 175617 175626 175635 175896 175968 175986 176154 176161 176242 176251 176260 176269 176278 176287 176296 176305 176314 176323 176332 176341 176350 176359 176368 176377 176380 176384 176391 176393 176399 176405 176409 176430 176431 176432 176441 176450 176711 176720 176729 176738 176747 176756 176765 176774 176783 176792 176801 176810 176819 176828 176837 176850 176859 176868 176877 176886 176895 176904 176913 176922 176931 176940 176949 176958 176967 176976 176985 176994 177003 177012 177021 177030 177039 177048 177057 177066 177075 177084 177093 177102 177111 177120 177129 177138 177147 177156 177165 177174 177183 177190 177197 177198 177199 177205 177210 177225
NODE_NUM = 199
FILE hyp_sub_925.aig

# Subcircuit 926
SUB_ID 926
LO (40):  176405 176430 176431 177259 177559 177560 178092 178101 178110 178119 178128 178137 178146 178155 178164 178173 178182 178191 178200 178209 178218 178227 178236 178245 178254 178263 178272 178281 178290 178299 178308 178317 178326 178335 178344 178353 178362 178371 178380 178389
LI (77):  139727 152679 153158 153646 154143 154649 155164 155688 156221 156763 157314 157874 158439 159017 159604 160200 160805 161419 162042 162674 163315 163965 164624 165292 165969 166655 167350 168054 168767 169489 170220 170960 171709 172467 173234 174010 174812 176402 176421 176422 176424 177253 177254 177256 177268 177277 177286 177295 177304 177313 177322 177331 177340 177349 177358 177367 177376 177385 177394 177403 177412 177421 177430 177439 177448 177457 177466 177475 177484 177493 177502 177511 177520 177529 177538 177547 177556
NODE_NUM = 183
FILE hyp_sub_926.aig

# Subcircuit 927
SUB_ID 927
LO (45):  176718 176719 176866 176867 177253 177254 178087 178405 178406 178933 178942 178951 178960 178969 178978 178987 178996 179005 179014 179023 179032 179041 179050 179059 179068 179077 179086 179095 179104 179113 179122 179131 179140 179149 179158 179167 179176 179185 179194 179203 179212 179221 179230 179239 179248
LI (83):  146574 151748 152209 152679 153158 153646 154143 154649 155164 155688 156221 156763 157314 157874 158439 159017 159604 160200 160805 161419 162042 162674 163315 163965 164624 165292 165969 166655 167350 168054 168767 169489 170220 170960 171709 172467 173234 174010 174795 176717 176865 177235 177236 177241 177250 178025 178081 178082 178096 178105 178114 178123 178132 178141 178150 178159 178168 178177 178186 178195 178204 178213 178222 178231 178240 178249 178258 178267 178276 178285 178294 178303 178312 178321 178330 178339 178348 178357 178366 178375 178384 178393 178402
NODE_NUM = 197
FILE hyp_sub_927.aig

# Subcircuit 928
SUB_ID 928
LO (37):  177295 178132 178982 179264 179265 179833 179842 179851 179860 179869 179878 179887 179896 179905 179914 179923 179932 179941 179950 179959 179968 179977 179986 179995 180004 180013 180022 180031 180040 180049 180058 180067 180076 180085 180094 180103 180112
LI (70):  150853 151296 151748 152209 152679 153158 153646 154143 154649 155164 155688 156221 156763 157314 157874 158439 159017 159604 160200 160805 161419 162042 162674 163315 163965 164624 165292 165969 166655 167350 168054 168767 176463 177204 177291 178129 178976 178977 178979 178991 179000 179009 179018 179027 179036 179045 179054 179063 179072 179081 179090 179099 179108 179117 179126 179135 179144 179153 179162 179171 179180 179189 179198 179207 179216 179225 179234 179243 179252 179261
NODE_NUM = 170
FILE hyp_sub_928.aig

# Subcircuit 929
SUB_ID 929
LO (38):  177304 178141 178991 179846 180128 180129 180710 180719 180728 180737 180746 180755 180764 180773 180782 180791 180800 180809 180818 180827 180836 180845 180854 180863 180872 180881 180890 180899 180908 180917 180926 180935 180944 180953 180962 180971 180980 180989
LI (71):  149994 150419 150853 151296 151748 152209 152679 153158 153646 154143 154649 155164 155688 156221 156763 157314 157874 158439 159017 159604 160200 160805 161419 162042 162674 163315 163965 164624 165292 165969 166655 167350 176472 177204 177300 178138 178988 179840 179841 179843 179855 179864 179873 179882 179891 179900 179909 179918 179927 179936 179945 179954 179963 179972 179981 179990 179999 180008 180017 180026 180035 180044 180053 180062 180071 180080 180089 180098 180107 180116 180125
NODE_NUM = 173
FILE hyp_sub_929.aig

# Subcircuit 930
SUB_ID 930
LO (39):  177313 178150 179000 179855 180723 181005 181006 181592 181601 181610 181619 181628 181637 181646 181655 181664 181673 181682 181691 181700 181709 181718 181727 181736 181745 181754 181763 181772 181781 181790 181799 181808 181817 181826 181835 181844 181853 181862 181871
LI (72):  149171 149578 149994 150419 150853 151296 151748 152209 152679 153158 153646 154143 154649 155164 155688 156221 156763 157314 157874 158439 159017 159604 160200 160805 161419 162042 162674 163315 163965 164624 165292 165969 176481 177204 177309 178147 178997 179852 180717 180718 180720 180732 180741 180750 180759 180768 180777 180786 180795 180804 180813 180822 180831 180840 180849 180858 180867 180876 180885 180894 180903 180912 180921 180930 180939 180948 180957 180966 180975 180984 180993 181002
NODE_NUM = 176
FILE hyp_sub_930.aig

# Subcircuit 931
SUB_ID 931
LO (40):  177322 178159 179009 179864 180732 181605 181887 181888 182487 182496 182505 182514 182523 182532 182541 182550 182559 182568 182577 182586 182595 182604 182613 182622 182631 182640 182649 182658 182667 182676 182685 182694 182703 182712 182721 182730 182739 182748 182757 182766
LI (73):  148384 148773 149171 149578 149994 150419 150853 151296 151748 152209 152679 153158 153646 154143 154649 155164 155688 156221 156763 157314 157874 158439 159017 159604 160200 160805 161419 162042 162674 163315 163965 164624 176490 177204 177318 178156 179006 179861 180729 181599 181600 181602 181614 181623 181632 181641 181650 181659 181668 181677 181686 181695 181704 181713 181722 181731 181740 181749 181758 181767 181776 181785 181794 181803 181812 181821 181830 181839 181848 181857 181866 181875 181884
NODE_NUM = 179
FILE hyp_sub_931.aig

# Subcircuit 932
SUB_ID 932
LO (42):  177331 178168 179018 179873 180741 181614 182500 182791 182792 183387 183396 183405 183414 183423 183432 183441 183450 183459 183468 183477 183486 183495 183504 183513 183522 183531 183540 183549 183558 183567 183576 183585 183594 183603 183612 183621 183630 183639 183648 183657 183666 183675
LI (76):  147271 147633 148004 148384 148773 149171 149578 149994 150419 150853 151296 151748 152209 152679 153158 153646 154143 154649 155164 155688 156221 156763 157314 157874 158439 159017 159604 160200 160805 161419 162042 162674 163315 176499 177204 177327 178165 179015 179870 180738 181611 182494 182495 182497 182509 182518 182527 182536 182545 182554 182563 182572 182581 182590 182599 182608 182617 182626 182635 182644 182653 182662 182671 182680 182689 182698 182707 182716 182725 182734 182743 182752 182761 182770 182779 182788
NODE_NUM = 187
FILE hyp_sub_932.aig

# Subcircuit 933
SUB_ID 933
LO (44):  177340 178177 179027 179882 180750 181623 182509 183400 183700 183701 184300 184309 184318 184327 184336 184345 184354 184363 184372 184381 184390 184399 184408 184417 184426 184435 184444 184453 184462 184471 184480 184489 184498 184507 184516 184525 184534 184543 184552 184561 184570 184579 184588 184597
LI (79):  146239 146574 146918 147271 147633 148004 148384 148773 149171 149578 149994 150419 150853 151296 151748 152209 152679 153158 153646 154143 154649 155164 155688 156221 156763 157314 157874 158439 159017 159604 160200 160805 161419 162042 176508 177204 177336 178174 179024 179879 180747 181620 182506 183394 183395 183397 183409 183418 183427 183436 183445 183454 183463 183472 183481 183490 183499 183508 183517 183526 183535 183544 183553 183562 183571 183580 183589 183598 183607 183616 183625 183634 183643 183652 183661 183670 183679 183688 183697
NODE_NUM = 195
FILE hyp_sub_933.aig

# Subcircuit 934
SUB_ID 934
LO (45):  177349 178186 179036 179891 180759 181632 182518 183409 184313 184613 184614 185218 185227 185236 185245 185254 185263 185272 185281 185290 185299 185308 185317 185326 185335 185344 185353 185362 185371 185380 185389 185398 185407 185416 185425 185434 185443 185452 185461 185470 185479 185488 185497 185506 185515
LI (80):  145596 145913 146239 146574 146918 147271 147633 148004 148384 148773 149171 149578 149994 150419 150853 151296 151748 152209 152679 153158 153646 154143 154649 155164 155688 156221 156763 157314 157874 158439 159017 159604 160200 160805 176517 177204 177345 178183 179033 179888 180756 181629 182515 183406 184307 184308 184310 184322 184331 184340 184349 184358 184367 184376 184385 184394 184403 184412 184421 184430 184439 184448 184457 184466 184475 184484 184493 184502 184511 184520 184529 184538 184547 184556 184565 184574 184583 184592 184601 184610
NODE_NUM = 198
FILE hyp_sub_934.aig

# Subcircuit 935
SUB_ID 935
LO (45):  177358 178195 179045 179900 180768 181641 182527 183418 184322 185231 185522 185523 186149 186158 186167 186176 186185 186194 186203 186212 186221 186230 186239 186248 186257 186266 186275 186284 186293 186302 186311 186320 186329 186338 186347 186356 186365 186374 186383 186392 186401 186410 186419 186428 186437
LI (79):  145288 145596 145913 146239 146574 146918 147271 147633 148004 148384 148773 149171 149578 149994 150419 150853 151296 151748 152209 152679 153158 153646 154143 154649 155164 155688 156221 156763 157314 157874 158439 159017 159604 176526 177204 177354 178192 179042 179897 180765 181638 182524 183415 184319 185225 185226 185228 185240 185249 185258 185267 185276 185285 185294 185303 185312 185321 185330 185339 185348 185357 185366 185375 185384 185393 185402 185411 185420 185429 185438 185447 185456 185465 185474 185483 185492 185501 185510 185519
NODE_NUM = 196
FILE hyp_sub_935.aig

# Subcircuit 936
SUB_ID 936
LO (45):  177367 178204 179054 179909 180777 181650 182536 183427 184331 185240 186162 186444 186445 187085 187094 187103 187112 187121 187130 187139 187148 187157 187166 187175 187184 187193 187202 187211 187220 187229 187238 187247 187256 187265 187274 187283 187292 187301 187310 187319 187328 187337 187346 187355 187364
LI (78):  144989 145288 145596 145913 146239 146574 146918 147271 147633 148004 148384 148773 149171 149578 149994 150419 150853 151296 151748 152209 152679 153158 153646 154143 154649 155164 155688 156221 156763 157314 157874 158439 176535 177204 177363 178201 179051 179906 180774 181647 182533 183424 184328 185237 186156 186157 186159 186171 186180 186189 186198 186207 186216 186225 186234 186243 186252 186261 186270 186279 186288 186297 186306 186315 186324 186333 186342 186351 186360 186369 186378 186387 186396 186405 186414 186423 186432 186441
NODE_NUM = 194
FILE hyp_sub_936.aig

# Subcircuit 937
SUB_ID 937
LO (46):  177376 178213 179063 179918 180786 181659 182545 183436 184340 185249 186171 187098 187388 188034 188043 188052 188061 188070 188079 188088 188097 188106 188115 188124 188133 188142 188151 188160 188169 188178 188187 188196 188205 188214 188223 188232 188241 188250 188259 188268 188277 188286 188295 188304 188313 188322
LI (80):  144426 144707 144989 145288 145596 145913 146239 146574 146918 147271 147633 148004 148384 148773 149171 149578 149994 150419 150853 151296 151748 152209 152679 153158 153646 154143 154649 155164 155688 156221 156763 157314 176544 177204 177372 178210 179060 179915 180783 181656 182542 183433 184337 185246 186168 187092 187093 187095 187107 187116 187125 187134 187143 187152 187161 187170 187179 187188 187197 187206 187215 187224 187233 187242 187251 187260 187269 187278 187287 187296 187305 187314 187323 187332 187341 187350 187359 187368 187377 187386
NODE_NUM = 200
FILE hyp_sub_937.aig

# Subcircuit 938
SUB_ID 938
LO (46):  177385 178222 179072 179927 180795 181668 182554 183445 184349 185258 186180 187107 188047 188328 188990 188999 189008 189017 189026 189035 189044 189053 189062 189071 189080 189089 189098 189107 189116 189125 189134 189143 189152 189161 189170 189179 189188 189197 189206 189215 189224 189233 189242 189251 189260 189269
LI (79):  144154 144426 144707 144989 145288 145596 145913 146239 146574 146918 147271 147633 148004 148384 148773 149171 149578 149994 150419 150853 151296 151748 152209 152679 153158 153646 154143 154649 155164 155688 156221 176553 177204 177381 178219 179069 179924 180792 181665 182551 183442 184346 185255 186177 187104 188041 188042 188044 188056 188065 188074 188083 188092 188101 188110 188119 188128 188137 188146 188155 188164 188173 188182 188191 188200 188209 188218 188227 188236 188245 188254 188263 188272 188281 188290 188299 188308 188317 188326
NODE_NUM = 198
FILE hyp_sub_938.aig

# Subcircuit 939
SUB_ID 939
LO (48):  177394 178231 179081 179936 180804 181677 182563 183454 184358 185267 186189 187116 188056 189003 189276 189277 189950 189959 189968 189977 189986 189995 190004 190013 190022 190031 190040 190049 190058 190067 190076 190085 190094 190103 190112 190121 190130 190139 190148 190157 190166 190175 190184 190193 190202 190211 190220 190229
LI (79):  143637 143891 144154 144426 144707 144989 145288 145596 145913 146239 146574 146918 147271 147633 148004 148384 148773 149171 149578 149994 150419 150853 151296 151748 152209 152679 153158 153646 154143 154649 155164 176562 177204 177390 178228 179078 179933 180801 181674 182560 183451 184355 185264 186186 187113 188053 188997 188998 189000 189012 189021 189030 189039 189048 189057 189066 189075 189084 189093 189102 189111 189120 189129 189138 189147 189156 189165 189174 189183 189192 189201 189210 189219 189228 189237 189246 189255 189264 189273
NODE_NUM = 199
FILE hyp_sub_939.aig

# Subcircuit 940
SUB_ID 940
LO (47):  177403 178240 179090 179945 180813 181686 182572 183463 184367 185276 186198 187125 188065 189012 189963 190235 190929 190938 190947 190956 190965 190974 190983 190992 191001 191010 191019 191028 191037 191046 191055 191064 191073 191082 191091 191100 191109 191118 191127 191136 191145 191154 191163 191172 191181 191190 191199
LI (79):  143392 143637 143891 144154 144426 144707 144989 145288 145596 145913 146239 146574 146918 147271 147633 148004 148384 148773 149171 149578 149994 150419 150853 151296 151748 152209 152679 153158 153646 154143 176571 177204 177399 178237 179087 179942 180810 181683 182569 183460 184364 185273 186195 187122 188062 189009 189957 189958 189960 189972 189981 189990 189999 190008 190017 190026 190035 190044 190053 190062 190071 190080 190089 190098 190107 190116 190125 190134 190143 190152 190161 190170 190179 190188 190197 190206 190215 190224 190233
NODE_NUM = 199
FILE hyp_sub_940.aig

# Subcircuit 941
SUB_ID 941
LO (49):  177412 178249 179099 179954 180822 181695 182581 183472 184376 185285 186207 187134 188074 189021 189972 190942 191206 191207 191421 191907 191916 191925 191934 191943 191952 191961 191970 191979 191988 191997 192006 192015 192024 192033 192042 192051 192060 192069 192078 192087 192096 192105 192114 192123 192132 192141 192150 192159 192168
LI (79):  142929 143156 143392 143637 143891 144154 144426 144707 144989 145288 145596 145913 146239 146574 146918 147271 147633 148004 148384 148773 149171 149578 149994 150419 150853 151296 151748 152209 152679 153158 176580 177204 177408 178246 179096 179951 180819 181692 182578 183469 184373 185282 186204 187131 188071 189018 189969 190936 190937 190939 190951 190960 190969 190978 190987 190996 191005 191014 191023 191032 191041 191050 191059 191068 191077 191086 191095 191104 191113 191122 191131 191140 191149 191158 191167 191176 191185 191194 191203
NODE_NUM = 200
FILE hyp_sub_941.aig

# Subcircuit 942
SUB_ID 942
LO (48):  177421 178258 179108 179963 180831 181704 182590 183481 184385 185294 186216 187143 188083 189030 189981 190951 191920 192178 192386 192904 192913 192922 192931 192940 192949 192958 192967 192976 192985 192994 193003 193012 193021 193030 193039 193048 193057 193066 193075 193084 193093 193102 193111 193120 193129 193138 193147 193156
LI (79):  142711 142929 143156 143392 143637 143891 144154 144426 144707 144989 145288 145596 145913 146239 146574 146918 147271 147633 148004 148384 148773 149171 149578 149994 150419 150853 151296 151748 152209 176589 177204 177417 178255 179105 179960 180828 181701 182587 183478 184382 185291 186213 187140 188080 189027 189978 190948 191425 191914 191915 191917 191929 191938 191947 191956 191965 191974 191983 191992 192001 192010 192019 192028 192037 192046 192055 192064 192073 192082 192091 192100 192109 192118 192127 192136 192145 192154 192163 192172
NODE_NUM = 200
FILE hyp_sub_942.aig

# Subcircuit 943
SUB_ID 943
LO (48):  177430 178267 179117 179972 180840 181713 182599 183490 184394 185303 186225 187152 188092 189039 189990 190960 191929 192917 193166 193360 193900 193909 193918 193927 193936 193945 193954 193963 193972 193981 193990 193999 194008 194017 194026 194035 194044 194053 194062 194071 194080 194089 194098 194107 194116 194125 194134 194143
LI (78):  142502 142711 142929 143156 143392 143637 143891 144154 144426 144707 144989 145288 145596 145913 146239 146574 146918 147271 147633 148004 148384 148773 149171 149578 149994 150419 150853 151296 176598 177204 177426 178264 179114 179969 180837 181710 182596 183487 184391 185300 186222 187149 188089 189036 189987 190957 191926 192390 192911 192912 192914 192926 192935 192944 192953 192962 192971 192980 192989 192998 193007 193016 193025 193034 193043 193052 193061 193070 193079 193088 193097 193106 193115 193124 193133 193142 193151 193160
NODE_NUM = 198
FILE hyp_sub_943.aig

# Subcircuit 944
SUB_ID 944
LO (50):  177439 178276 179126 179981 180849 181722 182608 183499 184403 185312 186234 187161 188101 189048 189999 190969 191938 192926 193913 194154 194155 194343 194915 194924 194933 194942 194951 194960 194969 194978 194987 194996 195005 195014 195023 195032 195041 195050 195059 195068 195077 195086 195095 195104 195113 195122 195131 195140 195149 195162
LI (78):  142111 142302 142502 142711 142929 143156 143392 143637 143891 144154 144426 144707 144989 145288 145596 145913 146239 146574 146918 147271 147633 148004 148384 148773 149171 149578 149994 150419 176607 177204 177435 178273 179123 179978 180846 181719 182605 183496 184400 185309 186231 187158 188098 189045 189996 190966 191935 192923 193364 193907 193908 193910 193922 193931 193940 193949 193958 193967 193976 193985 193994 194003 194012 194021 194030 194039 194048 194057 194066 194075 194084 194093 194102 194111 194120 194129 194138 194147
NODE_NUM = 199
FILE hyp_sub_944.aig

# Subcircuit 945
SUB_ID 945
LO (49):  177448 178285 179135 179990 180858 181731 182617 183508 184412 185321 186243 187170 188110 189057 190008 190978 191947 192935 193922 194928 195168 195335 195929 195938 195947 195956 195965 195974 195983 195992 196001 196010 196019 196028 196037 196046 196055 196064 196073 196082 196091 196100 196109 196118 196127 196136 196145 196154 196167
LI (78):  141929 142111 142302 142502 142711 142929 143156 143392 143637 143891 144154 144426 144707 144989 145288 145596 145913 146239 146574 146918 147271 147633 148004 148384 148773 149171 149578 176616 177204 177444 178282 179132 179987 180855 181728 182614 183505 184409 185318 186240 187167 188107 189054 190005 190975 191944 192932 193919 194347 194922 194923 194925 194937 194946 194955 194964 194973 194982 194991 195000 195009 195018 195027 195036 195045 195054 195063 195072 195081 195090 195099 195108 195117 195126 195135 195144 195153 195166
NODE_NUM = 199
FILE hyp_sub_945.aig

# Subcircuit 946
SUB_ID 946
LO (51):  177457 178294 179144 179999 180867 181740 182626 183517 184421 185330 186252 187179 188119 189066 190017 190987 191956 192944 193931 194937 195942 196174 196175 196336 196962 196971 196980 196989 196998 197007 197016 197025 197034 197043 197052 197061 197070 197079 197088 197097 197106 197115 197124 197133 197142 197151 197160 197169 197178 197191 197200
LI (78):  141592 141756 141929 142111 142302 142502 142711 142929 143156 143392 143637 143891 144154 144426 144707 144989 145288 145596 145913 146239 146574 146918 147271 147633 148004 148384 148773 176625 177204 177453 178291 179141 179996 180864 181737 182623 183514 184418 185327 186249 187176 188116 189063 190014 190984 191953 192941 193928 194934 195339 195936 195937 195939 195951 195960 195969 195978 195987 195996 196005 196014 196023 196032 196041 196050 196059 196068 196077 196086 196095 196104 196113 196122 196131 196140 196149 196158 196171
NODE_NUM = 200
FILE hyp_sub_946.aig

# Subcircuit 947
SUB_ID 947
LO (50):  177466 178303 179153 180008 180876 181749 182635 183526 184430 185339 186261 187188 188128 189075 190026 190996 191965 192953 193940 194946 195951 196975 197206 197346 197994 198003 198012 198021 198030 198039 198048 198057 198066 198075 198084 198093 198102 198111 198120 198129 198138 198147 198156 198165 198174 198183 198192 198201 198214 198223
LI (78):  141437 141592 141756 141929 142111 142302 142502 142711 142929 143156 143392 143637 143891 144154 144426 144707 144989 145288 145596 145913 146239 146574 146918 147271 147633 148004 176634 177204 177462 178300 179150 180005 180873 181746 182632 183523 184427 185336 186258 187185 188125 189072 190023 190993 191962 192950 193937 194943 195948 196340 196969 196970 196972 196984 196993 197002 197011 197020 197029 197038 197047 197056 197065 197074 197083 197092 197101 197110 197119 197128 197137 197146 197155 197164 197173 197182 197195 197204
NODE_NUM = 200
FILE hyp_sub_947.aig

# Subcircuit 948
SUB_ID 948
LO (50):  177475 178312 179162 180017 180885 181758 182644 183535 184439 185348 186270 187197 188137 189084 190035 191005 191974 192962 193949 194955 195960 196984 198007 198229 198365 199045 199054 199063 199072 199081 199090 199099 199108 199117 199126 199135 199144 199153 199162 199171 199180 199189 199198 199207 199216 199225 199234 199243 199256 199265
LI (77):  141295 141437 141592 141756 141929 142111 142302 142502 142711 142929 143156 143392 143637 143891 144154 144426 144707 144989 145288 145596 145913 146239 146574 146918 147271 176643 177204 177471 178309 179159 180014 180882 181755 182641 183532 184436 185345 186267 187194 188134 189081 190032 191002 191971 192959 193946 194952 195957 196981 197350 198001 198002 198004 198016 198025 198034 198043 198052 198061 198070 198079 198088 198097 198106 198115 198124 198133 198142 198151 198160 198169 198178 198187 198196 198205 198218 198227
NODE_NUM = 198
FILE hyp_sub_948.aig

# Subcircuit 949
SUB_ID 949
LO (52):  177484 178321 179171 180026 180894 181767 182653 183544 184448 185357 186279 187206 188146 189093 190044 191014 191983 192971 193958 194964 195969 196993 198016 199058 199272 199273 199393 200095 200104 200113 200122 200131 200140 200149 200158 200167 200176 200185 200194 200203 200212 200221 200230 200239 200248 200257 200266 200275 200284 200297 200306 200315
LI (77):  141030 141158 141295 141437 141592 141756 141929 142111 142302 142502 142711 142929 143156 143392 143637 143891 144154 144426 144707 144989 145288 145596 145913 146239 146574 176652 177204 177480 178318 179168 180023 180891 181764 182650 183541 184445 185354 186276 187203 188143 189090 190041 191011 191980 192968 193955 194961 195966 196990 198013 198369 199052 199053 199055 199067 199076 199085 199094 199103 199112 199121 199130 199139 199148 199157 199166 199175 199184 199193 199202 199211 199220 199229 199238 199247 199260 199269
NODE_NUM = 199
FILE hyp_sub_949.aig

# Subcircuit 950
SUB_ID 950
LO (51):  177493 178330 179180 180035 180903 181776 182662 183553 184457 185366 186288 187215 188155 189102 190053 191023 191992 192980 193967 194973 195978 197002 198025 199067 200108 200321 200430 201164 201173 201182 201191 201200 201209 201218 201227 201236 201245 201254 201263 201272 201281 201290 201299 201308 201317 201326 201335 201344 201357 201366 201375
LI (77):  140911 141030 141158 141295 141437 141592 141756 141929 142111 142302 142502 142711 142929 143156 143392 143637 143891 144154 144426 144707 144989 145288 145596 145913 176661 177204 177489 178327 179177 180032 180900 181773 182659 183550 184454 185363 186285 187212 188152 189099 190050 191020 191989 192977 193964 194970 195975 196999 198022 199064 199397 200102 200103 200105 200117 200126 200135 200144 200153 200162 200171 200180 200189 200198 200207 200216 200225 200234 200243 200252 200261 200270 200279 200288 200301 200310 200319
NODE_NUM = 199
FILE hyp_sub_950.aig

# Subcircuit 951
SUB_ID 951
LO (53):  177502 178339 179189 180044 180912 181785 182671 183562 184466 185375 186297 187224 188164 189111 190062 191032 192001 192989 193976 194982 195987 197011 198034 199076 200117 201177 201382 201383 201476 202232 202241 202250 202259 202268 202277 202286 202295 202304 202313 202322 202331 202340 202349 202358 202367 202376 202385 202394 202403 202416 202425 202434 202443
LI (77):  140700 140801 140911 141030 141158 141295 141437 141592 141756 141929 142111 142302 142502 142711 142929 143156 143392 143637 143891 144154 144426 144707 144989 145288 176670 177204 177498 178336 179186 180041 180909 181782 182668 183559 184463 185372 186294 187221 188161 189108 190059 191029 191998 192986 193973 194979 195984 197008 198031 199073 200114 200434 201171 201172 201174 201186 201195 201204 201213 201222 201231 201240 201249 201258 201267 201276 201285 201294 201303 201312 201321 201330 201339 201348 201361 201370 201379
NODE_NUM = 200
FILE hyp_sub_951.aig

# Subcircuit 952
SUB_ID 952
LO (52):  177511 178348 179198 180053 180921 181794 182680 183571 184475 185384 186306 187233 188173 189120 190071 191041 192010 192998 193985 194991 195996 197020 198043 199085 200126 201186 202245 202449 202531 203319 203328 203337 203346 203355 203364 203373 203382 203391 203400 203409 203418 203427 203436 203445 203454 203463 203472 203481 203494 203503 203512 203521
LI (77):  140608 140700 140801 140911 141030 141158 141295 141437 141592 141756 141929 142111 142302 142502 142711 142929 143156 143392 143637 143891 144154 144426 144707 176679 177204 177507 178345 179195 180050 180918 181791 182677 183568 184472 185381 186303 187230 188170 189117 190068 191038 192007 192995 193982 194988 195993 197017 198040 199082 200123 201183 201480 202239 202240 202242 202254 202263 202272 202281 202290 202299 202308 202317 202326 202335 202344 202353 202362 202371 202380 202389 202398 202407 202420 202429 202438 202447
NODE_NUM = 200
FILE hyp_sub_952.aig

# Subcircuit 953
SUB_ID 953
LO (52):  177520 178357 179207 180062 180930 181803 182689 183580 184484 185393 186315 187242 188182 189129 190080 191050 192019 193007 193994 195000 196005 197029 198052 199094 200135 201195 202254 203332 203527 203595 204405 204414 204423 204432 204441 204450 204459 204468 204477 204486 204495 204504 204513 204522 204531 204540 204549 204558 204571 204580 204589 204598
LI (76):  140525 140608 140700 140801 140911 141030 141158 141295 141437 141592 141756 141929 142111 142302 142502 142711 142929 143156 143392 143637 143891 144154 176688 177204 177516 178354 179204 180059 180927 181800 182686 183577 184481 185390 186312 187239 188179 189126 190077 191047 192016 193004 193991 194997 196002 197026 198049 199091 200132 201192 202251 202535 203326 203327 203329 203341 203350 203359 203368 203377 203386 203395 203404 203413 203422 203431 203440 203449 203458 203467 203476 203485 203498 203507 203516 203525
NODE_NUM = 198
FILE hyp_sub_953.aig

# Subcircuit 954
SUB_ID 954
LO (54):  177529 178366 179216 180071 180939 181812 182698 183589 184493 185402 186324 187251 188191 189138 190089 191059 192028 193016 194003 195009 196014 197038 198061 199103 200144 201204 202263 203341 204418 204605 204606 204668 205510 205519 205528 205537 205546 205555 205564 205573 205582 205591 205600 205609 205618 205627 205636 205645 205654 205667 205676 205685 205694 205703
LI (76):  140390 140455 140525 140608 140700 140801 140911 141030 141158 141295 141437 141592 141756 141929 142111 142302 142502 142711 142929 143156 143392 143637 176697 177204 177525 178363 179213 180068 180936 181809 182695 183586 184490 185399 186321 187248 188188 189135 190086 191056 192025 193013 194000 195006 196011 197035 198058 199100 200141 201201 202260 203338 203599 204412 204413 204415 204427 204436 204445 204454 204463 204472 204481 204490 204499 204508 204517 204526 204535 204544 204553 204562 204575 204584 204593 204602
NODE_NUM = 199
FILE hyp_sub_954.aig

# Subcircuit 955
SUB_ID 955
LO (53):  177538 178375 179225 180080 180948 181821 182707 183598 184502 185411 186333 187260 188200 189147 190098 191068 192037 193025 194012 195018 196023 197047 198070 199112 200153 201213 202272 203350 204427 205523 205709 205750 206614 206623 206632 206641 206650 206659 206668 206677 206686 206695 206704 206713 206722 206731 206740 206749 206762 206771 206780 206789 206798
LI (76):  140334 140390 140455 140525 140608 140700 140801 140911 141030 141158 141295 141437 141592 141756 141929 142111 142302 142502 142711 142929 143156 176706 177204 177534 178372 179222 180077 180945 181818 182704 183595 184499 185408 186330 187257 188197 189144 190095 191065 192034 193022 194009 195015 196020 197044 198067 199109 200150 201210 202269 203347 204424 204672 205517 205518 205520 205532 205541 205550 205559 205568 205577 205586 205595 205604 205613 205622 205631 205640 205649 205658 205671 205680 205689 205698 205707
NODE_NUM = 199
FILE hyp_sub_955.aig

# Subcircuit 956
SUB_ID 956
LO (55):  177547 178384 179234 180089 180957 181830 182716 183607 184511 185420 186342 187269 188209 189156 190107 191077 192046 193034 194021 195027 196032 197056 198079 199121 200162 201222 202281 203359 204436 205532 206627 206805 206806 206841 207737 207746 207755 207764 207773 207782 207791 207800 207809 207818 207827 207836 207845 207854 207863 207876 207885 207894 207903 207912 207921
LI (76):  140254 140287 140334 140390 140455 140525 140608 140700 140801 140911 141030 141158 141295 141437 141592 141756 141929 142111 142302 142502 142711 176715 177204 177543 178381 179231 180086 180954 181827 182713 183604 184508 185417 186339 187266 188206 189153 190104 191074 192043 193031 194018 195024 196029 197053 198076 199118 200159 201219 202278 203356 204433 205529 205754 206621 206622 206624 206636 206645 206654 206663 206672 206681 206690 206699 206708 206717 206726 206735 206744 206753 206766 206775 206784 206793 206802
NODE_NUM = 200
FILE hyp_sub_956.aig

# Subcircuit 957
SUB_ID 957
LO (54):  177556 178393 179243 180098 180966 181839 182725 183616 184520 185429 186351 187278 188218 189165 190116 191086 192055 193043 194030 195036 196041 197065 198088 199130 200171 201231 202290 203368 204445 205541 206636 207750 207927 207941 208859 208868 208877 208886 208895 208904 208913 208922 208931 208940 208949 208958 208967 208976 208989 208998 209007 209016 209025 209032
LI (76):  140207 140254 140287 140334 140390 140455 140525 140608 140700 140801 140911 141030 141158 141295 141437 141592 141756 141929 142111 142302 176724 177204 177552 178390 179240 180095 180963 181836 182722 183613 184517 185426 186348 187275 188215 189162 190113 191083 192052 193040 194027 195033 196038 197062 198085 199127 200168 201228 202287 203365 204442 205538 206633 206845 207744 207745 207747 207759 207768 207777 207786 207795 207804 207813 207822 207831 207840 207849 207858 207867 207880 207889 207898 207907 207916 207925
NODE_NUM = 200
FILE hyp_sub_957.aig

# Subcircuit 958
SUB_ID 958
LO (56):  177562 177571 177580 177589 177598 177607 177619 178456 179306 180161 181029 181902 182788 183679 184583 185492 186414 187341 188281 189228 190179 191149 192118 193106 194093 195099 196104 197128 198151 199193 200234 201294 202353 203431 204508 205604 206699 207813 208926 209037 209038 209042 209050 209055 210054 210063 210072 210081 210090 210099 210108 210121 210130 210139 210148 210163
LI (70):  140195 140207 140254 140287 140334 140390 140455 140525 140608 140700 140801 140911 141030 176787 177204 177561 177570 177579 177588 177597 177606 177615 178453 179303 180158 181026 181899 182785 183676 184580 185489 186411 187338 188278 189225 190176 191146 192115 193103 194090 195096 196101 197125 198148 199190 200231 201291 202350 203428 204505 205601 206696 207810 207945 208920 208921 208923 208935 208944 208953 208962 208971 208980 208993 209002 209011 209020 209029 209036 209040
NODE_NUM = 174
FILE hyp_sub_958.aig

# Subcircuit 959
SUB_ID 959
LO (49):  177625 177637 178474 179324 180179 181047 181920 182806 183697 184601 185510 186432 187359 188299 189246 190197 191167 192136 193124 194111 195117 196122 197146 198169 199211 200252 201312 202371 203449 204526 205622 206717 207831 208944 210076 210154 210155 210156 210160 210168 211203 211212 211221 211230 211239 211252 211261 211270 211277
LI (60):  140195 140207 140254 140287 140334 140390 140455 140525 140608 140700 176805 177204 177624 177633 178471 179321 180176 181044 181917 182803 183694 184598 185507 186429 187356 188296 189243 190194 191164 192133 193121 194108 195114 196119 197143 198166 199208 200249 201309 202368 203446 204523 205619 206714 207828 208941 209054 209059 210070 210071 210073 210085 210094 210103 210112 210125 210134 210143 210152 210158
NODE_NUM = 156
FILE hyp_sub_959.aig

# Subcircuit 960
SUB_ID 960
LO (62):  177643 177652 177661 177670 177683 177692 177803 177812 177818 177827 177836 177845 177854 177863 177872 177881 177893 177902 177911 177920 177929 177938 177947 177956 177965 177974 177983 177992 178001 178010 178015 178023 178030 178081 178082 178640 178649 178910 178919 178928 178966 179490 179499 179761 179770 179779 179788 179797 179806 179815 180345 180354 181213 181222 182086 182095 182972 182981 183863 183872 184767 184776
LI (93):  170960 171709 172467 173234 174010 174795 175589 176409 176971 176980 177061 177070 177079 177088 177097 177106 177115 177124 177133 177142 177151 177160 177169 177178 177189 177194 177195 177198 177204 177209 177642 177651 177660 177669 177682 177691 177799 177808 177817 177826 177835 177844 177853 177862 177871 177880 177889 177898 177907 177916 177925 177934 177943 177952 177961 177970 177979 177988 177997 178006 178019 178022 178025 178026 178050 178054 178055 178069 178078 178637 178646 178855 178904 178905 178907 178937 178946 178955 178964 179487 179496 180342 180351 181210 181219 182083 182092 182969 182978 183860 183869 184764 184773
NODE_NUM = 199
FILE hyp_sub_960.aig

# Subcircuit 961
SUB_ID 961
LO (23):  178034 178050 178051 178904 178905 179840 179841 180579 180580 180588 180597 180606 180615 180624 180633 180642 180651 180660 180669 180678 180687 180696 180705
LI (42):  168054 168767 169489 170220 170960 171709 172467 173234 174010 174795 175589 176392 177204 177219 177223 178025 178042 178855 178870 178874 178895 178896 178898 179694 179713 179719 179738 179747 179750 179751 179765 179774 179783 179792 179801 179810 179819 179828 179837 180542 180569 180574
NODE_NUM = 161
FILE hyp_sub_961.aig

# Subcircuit 962
SUB_ID 962
LO (82):  178069 178078 178096 178105 178114 178123 178129 178138 178147 178156 178165 178174 178183 178192 178201 178210 178219 178228 178237 178246 178255 178264 178273 178282 178291 178300 178309 178318 178327 178336 178345 178354 178363 178372 178381 178390 178402 178946 178955 178964 178976 178977 179252 179801 179810 179819 179828 180107 180975 181848 182734 183625 184529 185438 186360 187287 188227 189174 190125 191095 192064 193052 194039 195045 196050 197074 198097 199139 200180 201240 202299 203377 204454 205550 206645 207759 208872 208901 210000 210009 210018 210027
LI (95):  141592 141756 141929 169489 177232 177241 177259 177268 177277 177286 177565 178025 178065 178074 178092 178101 178110 178119 178128 178137 178146 178155 178164 178173 178182 178191 178200 178209 178218 178227 178236 178245 178254 178263 178272 178281 178290 178299 178308 178317 178326 178335 178344 178353 178362 178371 178380 178389 178398 178943 178952 178961 178967 178968 178970 179249 179694 179798 179807 179816 180104 180972 181845 182731 183622 184526 185435 186357 187284 188224 189171 190122 191092 192061 193049 194036 195042 196047 197071 198094 199136 200177 201237 202296 203374 204451 205547 206642 207756 208866 208867 208869 208881 208890 208899
NODE_NUM = 199
FILE hyp_sub_962.aig

# Subcircuit 963
SUB_ID 963
LO (110):  178408 178417 178426 178435 178444 178453 178462 178471 178480 178489 178498 178507 178523 178529 178538 178547 178556 178565 178574 178583 178592 178601 178610 178619 178628 178637 178646 178655 178664 178673 178682 178694 178697 178698 178700 178709 178721 178895 178896 178898 178907 178937 178943 178952 178961 178967 178968 178970 178979 178988 178997 179006 179015 179024 179033 179042 179051 179060 179069 179078 179087 179096 179105 179114 179123 179132 179141 179150 179159 179168 179177 179186 179195 179204 179213 179222 179231 179240 179249 179261 179373 179544 179738 179747 179792 180116 180228 180399 180984 181096 181267 181857 181969 182140 182743 182855 183026 183634 183746 183917 184538 184650 184821 185447 186369 187296 188236 189183 190134 191104
LI (123):  141592 170220 176392 177204 177223 177686 177857 177884 178025 178043 178087 178407 178411 178416 178425 178434 178443 178452 178461 178470 178479 178488 178497 178506 178519 178528 178537 178546 178555 178564 178573 178582 178591 178600 178609 178618 178627 178636 178645 178654 178663 178672 178681 178690 178696 178699 178708 178717 178855 178878 178879 178881 178888 178897 178906 178933 178942 178951 178960 178966 178969 178978 178987 178996 179005 179014 179023 179032 179041 179050 179059 179068 179077 179086 179095 179104 179113 179122 179131 179140 179149 179158 179167 179176 179185 179194 179203 179212 179221 179230 179239 179248 179257 179370 179541 179694 179735 179789 180113 180225 180396 180981 181093 181264 181854 181966 182137 182740 182852 183023 183631 183743 183914 184535 184647 184818 185444 186366 187293 188233 189180 190131 191101
NODE_NUM = 199
FILE hyp_sub_963.aig

# Subcircuit 964
SUB_ID 964
LO (58):  179267 179276 179285 179294 179303 179312 179321 179330 179339 179348 179357 179370 179379 179388 179397 179406 179415 179424 179433 179442 179451 179460 179469 179478 179487 179496 179505 179514 179523 179532 179541 179694 179699 179702 179719 179735 179765 179774 179783 179789 179798 179807 180408 180417 180426 180435 180444 180453 180462 180471 180480 180489 180498 180507 180516 180525 180532 180540
LI (80):  140195 140207 140254 140287 140334 140390 140455 140525 140608 140700 140801 140911 141030 141158 141295 141437 178855 178860 178865 178875 178910 178919 178928 179266 179275 179284 179293 179302 179311 179320 179329 179338 179347 179356 179369 179378 179387 179396 179405 179414 179423 179432 179441 179450 179459 179468 179477 179486 179495 179504 179513 179522 179531 179540 179546 179553 179562 179571 179580 179589 179598 179607 179616 179625 179634 179643 179652 179661 179670 179679 179684 179692 179695 179734 179761 179770 179779 179788 179797 179806
NODE_NUM = 200
FILE hyp_sub_964.aig

# Subcircuit 965
SUB_ID 965
LO (72):  179816 179837 179843 179852 179861 179870 179879 179888 179897 179906 179915 179924 179933 179942 179951 179960 179969 179978 179987 179996 180005 180014 180023 180032 180041 180050 180059 180068 180077 180086 180095 180104 180113 180125 180993 181866 182752 183643 184547 185456 186378 187305 188245 189192 190143 191113 192082 193070 194057 195063 196068 197092 198115 199157 200198 201258 202317 203395 204472 205568 206663 207777 208890 210070 210071 211153 211154 211162 211171 211180 211189 211198
LI (82):  140801 140911 141030 141158 141295 141437 178982 179270 179694 179815 179833 179842 179851 179860 179869 179878 179887 179896 179905 179914 179923 179932 179941 179950 179959 179968 179977 179986 179995 180004 180013 180022 180031 180040 180049 180058 180067 180076 180085 180094 180103 180112 180121 180990 181863 182749 183640 184544 185453 186375 187302 188242 189189 190140 191110 192079 193067 194054 195060 196065 197089 198112 199154 200195 201255 202314 203392 204469 205565 206660 207774 208887 210016 210017 210019 210031 210040 210049 210058 210067 210167 211148
NODE_NUM = 185
FILE hyp_sub_965.aig

# Subcircuit 966
SUB_ID 966
LO (58):  180131 180140 180149 180158 180167 180176 180185 180194 180203 180212 180225 180234 180243 180252 180261 180270 180279 180288 180297 180306 180315 180324 180333 180342 180351 180360 180369 180378 180387 180396 180542 180547 180552 180569 180570 180574 180609 180610 181285 181294 181303 181312 181321 181330 181339 181348 181357 181366 181375 181384 181389 181397 181439 181448 181457 181466 181475 181484
LI (78):  140195 140207 140254 140287 140334 140390 140455 140525 140608 140700 140801 140911 141030 141158 175589 176392 177204 178025 178855 179694 179699 179702 179707 179711 180130 180139 180148 180157 180166 180175 180184 180193 180202 180211 180224 180233 180242 180251 180260 180269 180278 180287 180296 180305 180314 180323 180332 180341 180350 180359 180368 180377 180386 180395 180402 180403 180408 180417 180426 180435 180444 180453 180462 180471 180480 180489 180498 180507 180516 180525 180532 180540 180543 180563 180580 180588 180597 180606
NODE_NUM = 199
FILE hyp_sub_966.aig

# Subcircuit 967
SUB_ID 967
LO (28):  180563 181434 181599 181600 182311 182314 182315 182316 182325 182334 182343 182352 182361 182370 182379 182388 182397 182406 182415 182424 182433 182442 182451 182460 182469 182478 183198 183207
LI (49):  139704 165292 165969 166655 167350 168054 168767 169489 170220 170960 171709 172467 173234 174010 174795 175589 176392 177204 178025 178855 179694 179711 180554 180561 181420 181421 181422 181430 181443 181452 181461 181470 181479 181488 181497 181506 181515 181524 181533 181542 181551 181560 181569 181578 181587 181596 182305 182306 182308
NODE_NUM = 120
FILE hyp_sub_967.aig

# Subcircuit 968
SUB_ID 968
LO (38):  180717 180718 181497 181506 181515 181524 181533 181542 181551 181560 181569 181578 181587 182383 182392 182401 182410 182419 182428 182437 182446 182455 182464 182473 182493 183270 183279 183288 183297 183306 183315 183324 183333 183342 183351 183360 183369 183378
LI (45):  164624 165292 165969 166655 167350 168054 168767 169489 170220 170960 171709 172467 173234 174010 174795 180609 180610 180615 180624 180633 180642 180651 180660 180669 180678 180687 180696 180705 180714 181399 182377 182378 182380 182389 182398 182407 182416 182425 182434 182443 182452 182461 182470 182482 182491
NODE_NUM = 199
FILE hyp_sub_968.aig

# Subcircuit 969
SUB_ID 969
LO (103):  180714 180720 180729 180738 180747 180756 180765 180774 180783 180792 180801 180810 180819 180828 180837 180846 180855 180864 180873 180882 180891 180900 180909 180918 180927 180936 180945 180954 180963 180972 180981 180990 181002 181008 181017 181026 181035 181044 181053 181062 181071 181080 181093 181102 181111 181120 181129 181138 181147 181156 181165 181177 181186 181192 181201 181210 181219 181228 181237 181246 181255 181264 181276 181875 182050 182059 182149 182761 182936 182945 183035 183652 183827 183836 183926 184556 184731 184740 185465 186387 187314 188254 189201 190152 191122 192091 193079 194066 195072 196077 197101 198124 199166 200207 201267 202326 203404 204481 205577 206672 207786 208899 210031
LI (109):  179846 180134 180309 180318 180408 180542 180710 180719 180728 180737 180746 180755 180764 180773 180782 180791 180800 180809 180818 180827 180836 180845 180854 180863 180872 180881 180890 180899 180908 180917 180926 180935 180944 180953 180962 180971 180980 180989 180998 181007 181016 181025 181034 181043 181052 181061 181070 181079 181092 181101 181110 181119 181128 181137 181146 181155 181164 181173 181182 181191 181200 181209 181218 181227 181236 181245 181254 181263 181272 181872 182047 182056 182146 182758 182933 182942 183032 183649 183824 183833 183923 184553 184728 184737 185462 186384 187311 188251 189198 190149 191119 192088 193076 194063 195069 196074 197098 198121 199163 200204 201264 202323 203401 204478 205574 206669 207783 208896 210028
NODE_NUM = 198
FILE hyp_sub_969.aig

# Subcircuit 970
SUB_ID 970
LO (66):  181399 181404 181407 181443 181452 181461 181470 181479 181488 181596 181602 181611 181620 181629 181638 181647 181656 181665 181674 181683 181692 181701 181710 181719 181728 181737 181746 181755 181764 181773 181782 181791 181800 181809 181818 181827 181836 181845 181854 181863 181872 181884 181890 181899 181908 181917 181926 181935 181944 181953 181966 181975 181984 182158 182167 182176 182185 182194 182203 182212 182221 182230 182239 182248 182255 182263
LI (90):  140195 140207 140254 140287 140334 140390 140455 140525 140608 140700 140801 140911 141030 180547 180552 180570 180579 180588 180597 180606 180615 180723 181011 181278 181285 181286 181294 181303 181312 181321 181330 181339 181348 181357 181366 181375 181384 181389 181397 181400 181439 181448 181457 181466 181475 181484 181592 181601 181610 181619 181628 181637 181646 181655 181664 181673 181682 181691 181700 181709 181718 181727 181736 181745 181754 181763 181772 181781 181790 181799 181808 181817 181826 181835 181844 181853 181862 181871 181880 181889 181898 181907 181916 181925 181934 181943 181952 181965 181974 181983
NODE_NUM = 199
FILE hyp_sub_970.aig

# Subcircuit 971
SUB_ID 971
LO (55):  181987 181996 182005 182014 182023 182032 182041 182047 182056 182065 182074 182083 182092 182101 182110 182119 182128 182137 182146 182250 182256 182258 182259 182271 182873 182882 182891 182900 182909 182918 182927 183049 183058 183067 183076 183085 183094 183103 183112 183121 183134 183764 183773 183782 183791 183800 183809 183818 184668 184677 184686 184695 184704 184713 184722
LI (74):  140195 140207 140254 140287 140334 140390 140455 140525 140608 140700 140801 181114 181123 181132 181141 181150 181159 181168 181399 181407 181984 181992 182001 182010 182019 182028 182037 182046 182055 182064 182073 182082 182091 182100 182109 182118 182127 182136 182145 182152 182153 182158 182167 182176 182185 182194 182203 182212 182221 182230 182239 182248 182255 182870 182879 182888 182897 182906 182915 182924 183761 183770 183779 183788 183797 183806 183815 184665 184674 184683 184692 184701 184710 184719
NODE_NUM = 159
FILE hyp_sub_971.aig

# Subcircuit 972
SUB_ID 972
LO (104):  182265 182270 182275 182292 182293 182305 182306 182320 182329 182338 182347 182356 182365 182374 182377 182378 182380 182389 182398 182407 182416 182425 182434 182443 182452 182461 182470 182482 182491 182497 182506 182515 182524 182533 182542 182551 182560 182569 182578 182587 182596 182605 182614 182623 182632 182641 182650 182659 182668 182677 182686 182695 182704 182713 182722 182731 182740 182749 182758 182770 182779 182785 182794 182803 182812 182821 182830 182839 182852 182861 182870 182879 182888 182897 182906 182915 182924 182933 182942 182951 182960 182969 182978 182987 182996 183005 183014 183023 183032 183044 183053 183062 183071 183073 183180 183189 183216 183225 183234 183243 183252 183261 183949 183958
LI (125):  140525 173234 174010 174795 175589 176392 177204 178025 179694 180542 181399 181404 181412 181416 181434 181443 181452 181461 181470 181479 181488 181596 181605 181884 181893 182158 182167 182176 182185 182248 182258 182259 182263 182266 182271 182286 182302 182314 182315 182316 182325 182334 182343 182352 182361 182370 182379 182388 182397 182406 182415 182424 182433 182442 182451 182460 182469 182478 182487 182496 182505 182514 182523 182532 182541 182550 182559 182568 182577 182586 182595 182604 182613 182622 182631 182640 182649 182658 182667 182676 182685 182694 182703 182712 182721 182730 182739 182748 182757 182766 182775 182784 182793 182802 182811 182820 182829 182838 182851 182860 182869 182878 182887 182896 182905 182914 182923 182932 182941 182950 182959 182968 182977 182986 182995 183004 183013 183022 183031 183040 183049 183056 183057 183058 183067
NODE_NUM = 199
FILE hyp_sub_972.aig

# Subcircuit 973
SUB_ID 973
LO (43):  182494 182495 183056 183057 183140 183145 183148 183184 183193 183202 183211 183220 183229 183238 183247 183256 183265 183274 183283 183292 183301 183303 183971 183980 183989 183998 184007 184014 184022 184084 184093 184102 184111 184120 184129 184138 184147 184156 184165 184174 184183 184192 184201
LI (66):  140195 140207 140254 140287 140334 140390 140455 140608 163965 170220 170960 171709 172467 173234 174010 174795 175589 176392 177204 178025 178855 179694 182270 182275 182293 182302 182311 182320 182329 182338 182347 182356 182365 182374 182383 182392 182401 182410 182493 183055 183073 183080 183089 183098 183107 183116 183125 183130 183138 183141 183178 183179 183180 183189 183198 183207 183216 183225 183234 183243 183252 183261 183270 183279 183288 183297
NODE_NUM = 199
FILE hyp_sub_973.aig

# Subcircuit 974
SUB_ID 974
LO (39):  183080 183089 183098 183107 183116 183125 183130 183138 183178 183179 184079 184307 184308 184984 184993 185002 185011 185020 185029 185038 185047 185056 185065 185074 185083 185092 185101 185110 185119 185128 185137 185146 185155 185164 185173 185182 185191 185200 185209
LI (78):  161419 162042 162674 163315 163965 164624 165292 165969 166655 167350 168054 168767 169489 170220 170960 171709 172467 173234 174010 174795 175589 176392 177204 178025 178855 179694 180542 181416 182194 182203 182212 182221 182230 182239 182250 182255 182256 182259 182265 183076 183085 183094 183103 183112 183121 183134 183137 183169 183170 183172 184073 184074 184076 184088 184097 184106 184115 184124 184133 184142 184151 184160 184169 184178 184187 184196 184205 184214 184223 184232 184241 184250 184259 184268 184277 184286 184295 184304
NODE_NUM = 170
FILE hyp_sub_974.aig

# Subcircuit 975
SUB_ID 975
LO (36):  183394 183395 184214 184223 184232 184241 184250 184259 184268 184277 184286 184295 185123 185132 185141 185150 185159 185168 185177 185186 185195 185204 185225 185226 186041 186050 186059 186068 186077 186086 186095 186104 186113 186122 186131 186140
LI (42):  160200 160805 161419 162042 162674 163315 163965 164624 165292 165969 166655 167350 168054 168767 169489 183303 183310 183311 183319 183328 183337 183346 183355 183364 183373 183382 183391 184024 185117 185118 185120 185129 185138 185147 185156 185165 185174 185183 185192 185201 185213 185222
NODE_NUM = 182
FILE hyp_sub_975.aig

# Subcircuit 976
SUB_ID 976
LO (79):  183310 183319 183328 183337 183346 183355 183364 183373 183382 183391 183397 183406 183415 183424 183433 183442 183451 183460 183469 183478 183487 183496 183505 183514 183523 183532 183541 183550 183559 183568 183577 183586 183595 183604 183613 183622 183631 183640 183649 183661 183670 184565 184574 185474 185483 186396 186405 187323 187332 188263 188272 189210 189219 190161 190170 191131 191140 192100 192109 193088 193097 194075 195081 196086 197110 198133 199175 200216 201276 202335 203413 204490 205586 206681 207795 208920 208921 210040 210049
LI (95):  141158 141295 182419 182428 182437 182446 182455 182464 182473 182482 182491 182500 182770 182779 183140 183306 183315 183324 183333 183342 183351 183360 183369 183378 183387 183396 183405 183414 183423 183432 183441 183450 183459 183468 183477 183486 183495 183504 183513 183522 183531 183540 183549 183558 183567 183576 183585 183594 183603 183612 183621 183630 183639 183648 183657 183666 184562 184571 185471 185480 186393 186402 187320 187329 188260 188269 189207 189216 190158 190167 191128 191137 192097 192106 193085 193094 194072 195078 196083 197107 198130 199172 200213 201273 202332 203410 204487 205583 206678 207792 208902 208903 208905 208917 209049
NODE_NUM = 200
FILE hyp_sub_976.aig

# Subcircuit 977
SUB_ID 977
LO (70):  183676 183688 183694 183703 183712 183721 183730 183743 183752 183761 183770 183779 183788 183797 183806 183815 183824 183833 183842 183851 183860 183869 183878 183887 183896 183905 183914 183923 183935 183944 183953 184024 184026 184034 184592 184839 184848 184857 184866 184875 184884 184893 184902 184907 184915 185501 186423 187350 188290 189237 190188 191158 192127 193115 194102 195108 196113 197137 198160 199202 200243 201303 202362 203440 204517 205613 206708 207822 208935 210067
LI (83):  140195 140207 140254 140287 140334 140390 140455 182797 183044 183053 183062 183140 183148 183675 183684 183693 183702 183711 183720 183729 183742 183751 183760 183769 183778 183787 183796 183805 183814 183823 183832 183841 183850 183859 183868 183877 183886 183895 183904 183913 183922 183931 183940 183949 183955 183962 183971 183980 183989 183998 184007 184014 184022 184025 184589 184836 184845 184854 185498 186420 187347 188287 189234 190185 191155 192124 193112 194099 195105 196110 197134 198157 199199 200240 201300 202359 203437 204514 205610 206705 207819 208932 210064
NODE_NUM = 198
FILE hyp_sub_977.aig

# Subcircuit 978
SUB_ID 978
LO (25):  183962 184029 184073 184074 184957 185117 185118 185892 185893 185901 185910 185919 185928 185937 185946 185955 185964 185973 185982 185991 186000 186009 186018 186027 186036
LI (48):  168054 168767 169489 170220 170960 171709 172467 173234 174010 174795 175589 176392 177204 178025 178855 179694 180542 181399 182265 183071 183140 183145 183958 184026 184046 184052 184061 184070 184917 184964 184965 184988 184997 185006 185015 185024 185033 185042 185051 185060 185069 185078 185087 185096 185105 185114 185819 185887
NODE_NUM = 186
FILE hyp_sub_978.aig

# Subcircuit 979
SUB_ID 979
LO (47):  184051 184052 184088 184097 184106 184115 184124 184133 184142 184151 184160 184169 184178 184187 184196 184205 184304 184997 185006 185015 185024 185033 185042 185051 185060 185069 185078 185087 185096 185105 185114 185213 186156 186157 187092 187093 188002 188011 188020 188029 188041 188042 188945 188954 188963 188972 188981
LI (69):  156763 157314 157874 158439 159017 159604 160200 183153 183158 183184 183193 183202 183211 183220 183229 183238 183247 183256 183265 183274 183283 183292 183301 183400 184024 184049 184084 184093 184102 184111 184120 184129 184138 184147 184156 184165 184174 184183 184192 184201 184300 184994 185003 185012 185021 185030 185039 185048 185057 185066 185075 185084 185093 185102 185111 185210 186129 186130 186132 186144 186153 186730 187056 187057 187089 187650 187996 187997 188038
NODE_NUM = 199
FILE hyp_sub_979.aig

# Subcircuit 980
SUB_ID 980
LO (72):  184310 184319 184328 184337 184346 184355 184364 184373 184382 184391 184400 184409 184418 184427 184436 184445 184454 184463 184472 184481 184490 184499 184508 184517 184526 184535 184544 184553 184562 184571 184580 184589 184598 184610 185519 186441 187368 188308 189255 190206 191176 192145 193133 194120 195126 196131 197155 198178 199220 200261 201321 202380 203458 204535 205631 206726 207840 208953 210085 211294 211299 211304 211321 211337 212366 212375 212384 212393 212406 212415 212421 212428
LI (84):  140195 140207 140254 140287 140334 140390 140455 140525 183706 184024 184309 184318 184327 184336 184345 184354 184363 184372 184381 184390 184399 184408 184417 184426 184435 184444 184453 184462 184471 184480 184489 184498 184507 184516 184525 184534 184543 184552 184561 184570 184579 184588 184597 184606 185516 186438 187365 188305 189252 190203 191173 192142 193130 194117 195123 196128 197152 198175 199217 200258 201318 202377 203455 204532 205628 206723 207837 208950 210082 210172 210182 211210 211211 211213 211225 211234 211243 211256 211265 211274 211281 211285 211292 211336
NODE_NUM = 200
FILE hyp_sub_980.aig

# Subcircuit 981
SUB_ID 981
LO (62):  184616 184625 184634 184647 184656 184665 184674 184683 184692 184701 184710 184719 184728 184737 184746 184755 184764 184773 184782 184791 184800 184809 184818 184830 184836 184845 184854 184955 184956 185874 185887 186129 186130 186797 186806 186815 186824 186833 186842 186851 186860 186869 186878 186887 186896 186905 186914 186923 186932 186941 186950 186959 186968 186977 186986 186995 187004 187013 187022 187031 187040 187049
LI (93):  160805 161419 162042 162674 163315 163965 164624 165292 165969 166655 167350 168054 168767 169489 170220 170960 171709 172467 173234 174010 174795 175589 176392 177204 178025 178855 179694 180542 181399 182265 183140 183926 184024 184615 184624 184633 184646 184655 184664 184673 184682 184691 184700 184709 184718 184727 184736 184745 184754 184763 184772 184781 184790 184799 184808 184817 184826 184835 184844 184853 184945 184952 185819 185868 185869 185883 185893 185901 185910 185919 185928 185937 185946 185955 185964 185973 185982 185991 186000 186009 186018 186027 186036 186045 186054 186063 186072 186081 186090 186099 186108 186117 186126
NODE_NUM = 185
FILE hyp_sub_981.aig

# Subcircuit 982
SUB_ID 982
LO (121):  184964 184965 184988 184994 185003 185012 185021 185030 185039 185048 185057 185066 185075 185084 185093 185102 185111 185120 185129 185138 185147 185156 185165 185174 185183 185192 185201 185210 185222 185228 185237 185246 185255 185264 185273 185282 185291 185300 185309 185318 185327 185336 185345 185354 185363 185372 185381 185390 185399 185408 185417 185426 185435 185444 185453 185462 185471 185480 185489 185498 185507 185516 185819 185829 185830 185846 185847 185883 186045 186054 186063 186072 186081 186090 186099 186108 186117 186126 186132 186144 186153 186159 186168 186177 186186 186195 186204 186213 186222 186231 186240 186249 186258 186267 186276 186285 186294 186303 186312 186321 186330 186339 186348 186357 186366 186375 186384 186393 186402 186411 186420 186429 186438 186490 186499 186502 186503 186505 186720 186728 187431
LI (144):  140195 140207 143156 181399 184079 184313 184917 184925 184930 184934 184935 184961 184963 184984 184993 185002 185011 185020 185029 185038 185047 185056 185065 185074 185083 185092 185101 185110 185119 185123 185128 185132 185137 185141 185146 185150 185155 185159 185164 185168 185173 185177 185182 185186 185191 185195 185200 185204 185209 185218 185227 185231 185236 185245 185254 185263 185272 185281 185290 185299 185308 185317 185326 185335 185344 185353 185362 185371 185380 185389 185398 185407 185416 185425 185434 185443 185452 185461 185470 185479 185488 185497 185506 185515 185568 185577 185787 185788 185793 185802 185809 185817 185879 186041 186050 186059 186068 186077 186086 186095 186104 186113 186122 186131 186140 186141 186149 186158 186167 186176 186185 186194 186203 186212 186221 186230 186239 186248 186257 186266 186275 186284 186293 186302 186311 186320 186329 186338 186347 186356 186365 186374 186383 186392 186401 186410 186419 186428 186437 186486 186493 186494 186495 186504
NODE_NUM = 196
FILE hyp_sub_982.aig

# Subcircuit 983
SUB_ID 983
LO (31):  185868 185869 186508 186718 186722 186723 186737 187440 187449 187458 187467 187476 187485 187494 187503 187512 187521 187530 187539 187548 187557 187566 187575 187584 187593 187602 187611 187620 187629 187636 187645
LI (57):  140195 140207 140254 140287 140334 140390 140455 140525 140608 140700 140801 140911 141030 141158 141295 141437 141592 141756 141929 142111 142302 142502 142711 142929 182265 185586 185829 185859 185860 185865 186502 186503 186505 186517 186526 186535 186544 186553 186562 186571 186580 186589 186598 186607 186616 186625 186634 186643 186652 186661 186670 186679 186688 186697 186706 186715 186720
NODE_NUM = 130
FILE hyp_sub_983.aig

# Subcircuit 984
SUB_ID 984
LO (29):  186517 187444 187635 187641 187643 187644 187656 188380 188389 188398 188407 188416 188425 188434 188443 188452 188461 188470 188479 188488 188497 188506 188515 188524 188533 188542 188551 188560 188573
LI (51):  140195 140207 140254 140287 140334 140390 140455 140525 140608 140700 140801 140911 141030 141158 141295 141437 141592 141756 141929 142111 142302 142502 185595 185819 186513 186738 187438 187439 187441 187453 187462 187471 187480 187489 187498 187507 187516 187525 187534 187543 187552 187561 187570 187579 187588 187597 187606 187615 187624 187633 187640
NODE_NUM = 120
FILE hyp_sub_984.aig

# Subcircuit 985
SUB_ID 985
LO (27):  186526 187453 188393 188567 188571 188572 188585 189336 189345 189354 189363 189372 189381 189390 189399 189408 189417 189426 189435 189444 189453 189462 189471 189480 189489 189498 189512
LI (48):  140195 140207 140254 140287 140334 140390 140455 140525 140608 140700 140801 140911 141030 141158 141295 141437 141592 141756 141929 142111 185604 185819 186522 187450 187660 188387 188388 188390 188402 188411 188420 188429 188438 188447 188456 188465 188474 188483 188492 188501 188510 188519 188528 188537 188546 188555 188564 188569
NODE_NUM = 113
FILE hyp_sub_985.aig

# Subcircuit 986
SUB_ID 986
LO (30):  186535 187462 188402 189517 189522 189558 189561 189562 190300 190309 190318 190327 190336 190345 190354 190363 190372 190381 190390 190399 190408 190417 190426 190435 190444 190451 190455 190462 190524 190533
LI (52):  140195 140207 140254 140287 140334 140390 140455 140525 140608 140700 140801 140911 141030 141158 141295 141437 141592 141756 185613 185819 186531 187459 188399 188584 188589 188607 189343 189344 189346 189358 189367 189376 189385 189394 189403 189412 189421 189430 189439 189448 189457 189466 189475 189484 189493 189502 189508 189515 189518 189552 189553 189554
NODE_NUM = 200
FILE hyp_sub_986.aig

# Subcircuit 987
SUB_ID 987
LO (61):  186544 186553 186562 186571 186580 186589 186598 186607 186616 186625 186634 186643 186652 186661 186670 186679 187471 187480 187489 187498 187507 187516 187525 187534 187543 187552 187561 187570 187579 187588 187597 188411 188420 188429 188438 188447 188456 188465 188474 188483 188492 188501 188510 188519 188528 188537 189358 189367 189376 189385 189394 189403 189412 189421 189430 189439 189448 189457 189466 189475 189484
LI (78):  185622 185631 185640 185649 185658 185667 185676 185685 185694 185703 185712 185721 185730 185739 185748 185757 185819 186540 186549 186558 186567 186576 186585 186594 186603 186612 186621 186630 186639 186648 186657 186666 186675 187468 187477 187486 187495 187504 187513 187522 187531 187540 187549 187558 187567 187576 187585 187594 188408 188417 188426 188435 188444 188453 188462 188471 188480 188489 188498 188507 188516 188525 188534 189355 189364 189373 189382 189391 189400 189409 189418 189427 189436 189445 189454 189463 189472 189481
NODE_NUM = 199
FILE hyp_sub_987.aig

# Subcircuit 988
SUB_ID 988
LO (51):  186688 186697 186706 186715 187615 187624 187633 187640 187660 188555 188564 188579 188584 188589 188606 188607 188643 188652 188661 188670 188679 188688 188697 188706 188715 188724 188733 188742 188751 188754 188755 189502 189515 189554 189563 189572 189581 189590 189599 189608 189617 189626 189635 189644 189653 189662 189671 189680 189689 189698 189707
LI (77):  173234 174010 174795 175589 176392 177204 178025 178855 179694 180542 181399 182265 183140 184024 184917 185766 185775 185784 185793 185819 186684 186693 186702 186711 186730 187612 187621 187630 187637 187650 187655 187657 187665 187669 187670 187696 187705 187714 187723 187732 187741 187750 187759 187768 187777 187786 187795 187804 188552 188561 188571 188572 188574 188575 188579 188580 188585 188586 188600 188616 188625 188634 188639 188648 188657 188666 188675 188684 188693 188702 188711 188720 188729 188738 188747 189499 189514
NODE_NUM = 200
FILE hyp_sub_988.aig

# Subcircuit 989
SUB_ID 989
LO (50):  186730 186735 186736 186738 186774 186783 186792 186801 186810 186819 186828 186837 186846 186855 186864 186873 186882 186891 186900 186909 186918 186927 186936 186945 186954 186957 186958 186960 187710 187719 187728 187737 187746 187755 187764 187773 187782 187791 187800 187809 187818 187827 187836 187845 187854 187863 187872 187881 187890 187899
LI (73):  167350 168054 168767 169489 170220 170960 171709 172467 173234 174010 174795 175589 176392 177204 178025 178855 179694 180542 181399 182265 183140 185824 185829 185847 185856 185865 185874 185883 185892 185901 185910 185919 185928 185937 185946 185955 185964 185973 185982 185991 186000 186009 186018 186027 186722 186723 186728 186731 186737 186768 186769 186770 186779 186788 186797 186806 186815 186824 186833 186842 186851 186860 186869 186878 186887 186896 186905 186914 186923 186932 186941 186950 186959
NODE_NUM = 199
FILE hyp_sub_989.aig

# Subcircuit 990
SUB_ID 990
LO (40):  186768 186769 187696 187705 187996 187997 188639 188648 188657 188666 188675 188684 188693 188702 188711 188720 188729 188738 188747 188756 188765 188774 188783 188792 188801 188810 188819 188828 188837 188846 188855 188864 188873 188882 188891 188900 188909 188918 188927 188936
LI (77):  159604 160200 160805 161419 162042 162674 163315 163965 164624 165292 165969 166655 167350 168054 168767 169489 170220 170960 171709 172467 173234 174010 174795 175589 176392 177204 178025 178855 179694 180542 181399 182265 183140 184024 184917 184934 185834 186751 186752 186753 186761 187650 187690 187691 187693 187714 187723 187732 187741 187750 187759 187768 187777 187786 187795 187804 187813 187822 187831 187840 187849 187858 187867 187876 187885 187894 187903 187912 187921 187930 187939 187948 187957 187966 187975 187984 187993
NODE_NUM = 193
FILE hyp_sub_990.aig

# Subcircuit 991
SUB_ID 991
LO (40):  187056 187057 187903 187912 187921 187930 187939 187948 187957 187966 187975 187984 187993 188850 188859 188868 188877 188886 188895 188904 188913 188922 188931 188940 188961 188962 189797 189806 189815 189824 189833 189842 189851 189860 189869 189878 189887 189896 189905 189914
LI (46):  157874 158439 159017 159604 160200 160805 161419 162042 162674 163315 163965 164624 165292 165969 166655 186036 186957 186958 186960 186972 186981 186990 186999 187008 187017 187026 187035 187044 187053 187650 187900 188844 188845 188847 188856 188865 188874 188883 188892 188901 188910 188919 188928 188937 188949 188958
NODE_NUM = 199
FILE hyp_sub_991.aig

# Subcircuit 992
SUB_ID 992
LO (83):  186972 186981 186990 186999 187008 187017 187026 187035 187044 187053 187089 187095 187104 187113 187122 187131 187140 187149 187158 187167 187176 187185 187194 187203 187212 187221 187230 187239 187248 187257 187266 187275 187284 187293 187302 187311 187320 187329 187338 187347 187356 187365 187377 187386 188317 188326 189264 189273 190215 190224 191185 191194 192154 192163 193142 193151 194129 194138 195135 195144 196140 196149 197164 197173 198187 198196 199229 199238 200270 200279 201330 201339 202389 202398 203467 203476 204544 205640 206735 207849 208962 210094 211225
LI (97):  186045 186054 186063 186072 186081 186090 186099 186108 186117 186126 186162 186450 186459 186730 186968 186977 186986 186995 187004 187013 187022 187031 187040 187049 187085 187094 187103 187112 187121 187130 187139 187148 187157 187166 187175 187184 187193 187202 187211 187220 187229 187238 187247 187256 187265 187274 187283 187292 187301 187310 187319 187328 187337 187346 187355 187364 187373 187382 188314 188323 189261 189270 190212 190221 191182 191191 192151 192160 193139 193148 194126 194135 195132 195141 196137 196146 197161 197170 198184 198193 199226 199235 200267 200276 201327 201336 202386 202395 203464 203473 204541 205637 206732 207846 208959 210091 211222
NODE_NUM = 200
FILE hyp_sub_992.aig

# Subcircuit 993
SUB_ID 993
LO (17):  187438 187439 187655 188387 188388 188580 189343 189344 189518 190233 190246 190247 190255 190264 190273 190282 190291
LI (31):  141929 142111 142302 142502 142711 142929 143156 143392 143637 143891 144154 186735 187388 187395 187396 187408 187417 187426 187435 187650 188329 188330 188384 188579 188584 189276 189277 189340 189517 190230 190241
NODE_NUM = 182
FILE hyp_sub_993.aig

# Subcircuit 994
SUB_ID 994
LO (105):  187395 187408 187417 187426 187435 187441 187450 187459 187468 187477 187486 187495 187504 187513 187522 187531 187540 187549 187558 187567 187576 187585 187594 187606 187612 187621 187630 187637 187650 187657 187714 187723 187732 187741 187750 187759 187768 187777 187786 187795 187804 187813 187822 187831 187840 187849 187858 187867 187876 187885 187894 187900 188038 188044 188053 188062 188071 188080 188089 188098 188107 188116 188125 188134 188143 188152 188161 188170 188179 188188 188197 188206 188215 188224 188233 188242 188251 188260 188269 188278 188287 188296 188305 188314 188323 188384 188390 188399 188408 188417 188426 188435 188444 188453 188462 188471 188480 188489 188498 188507 188516 188525 188534 188546 189493
LI (139):  186468 186481 186490 186499 186508 186679 186730 186774 186783 186792 186801 186810 186819 186828 186837 186846 186855 186864 186873 186882 186891 186900 186909 186918 186927 186936 186945 186954 187098 187391 187404 187413 187422 187431 187440 187444 187449 187458 187467 187476 187485 187494 187503 187512 187521 187530 187539 187548 187557 187566 187575 187584 187593 187602 187611 187620 187629 187636 187643 187644 187645 187647 187656 187710 187719 187728 187737 187746 187755 187764 187773 187782 187791 187800 187809 187818 187827 187836 187845 187854 187863 187872 187881 187890 187899 188034 188043 188052 188061 188070 188079 188088 188097 188106 188115 188124 188133 188142 188151 188160 188169 188178 188187 188196 188205 188214 188223 188232 188241 188250 188259 188268 188277 188286 188295 188304 188313 188322 188380 188389 188398 188407 188416 188425 188434 188443 188452 188461 188470 188479 188488 188497 188506 188515 188524 188533 188542 188543 189490
NODE_NUM = 200
FILE hyp_sub_994.aig

# Subcircuit 995
SUB_ID 995
LO (44):  187647 187690 187691 188329 188330 188552 188561 188569 188574 188575 188844 188845 189711 189720 189729 189738 189747 189756 189765 189774 189783 189792 189876 189877 190677 190686 190695 190704 190713 190722 190731 190740 190749 190758 190767 190776 190785 190794 190803 190812 190821 190830 190839 190848
LI (60):  143891 159604 160200 160805 161419 162042 162674 163315 163965 164624 165292 165969 166655 167350 168054 168767 169489 170220 170960 171709 172467 184917 186718 186736 187635 187641 187644 187650 187689 187813 188328 188551 188560 188573 188579 188754 188755 188756 188769 188778 188787 188796 188805 188814 188823 188832 188841 189517 189705 189706 189708 189801 189810 189819 189828 189837 189846 189855 189864 189873
NODE_NUM = 199
FILE hyp_sub_995.aig

# Subcircuit 996
SUB_ID 996
LO (34):  188769 188778 188787 188796 188805 188814 188823 188832 188841 188847 188856 188865 188874 188883 188892 188901 188910 188919 188928 188937 188949 189957 189958 190936 190937 191839 191840 191848 191857 191866 191875 191884 191893 191902
LI (56):  153646 154143 154649 155164 155688 156221 156763 157314 157874 187822 187831 187840 187849 187858 187867 187876 187885 187894 188002 188579 188765 188774 188783 188792 188801 188810 188819 188828 188837 188846 188855 188864 188873 188882 188891 188900 188909 188918 188927 188936 188945 189894 189895 189897 189909 189918 189927 189936 189945 189954 190464 190864 190865 190933 191420 191834
NODE_NUM = 190
FILE hyp_sub_996.aig

# Subcircuit 997
SUB_ID 997
LO (78):  188958 188997 188998 189000 189009 189018 189027 189036 189045 189054 189063 189072 189081 189090 189099 189108 189117 189126 189135 189144 189153 189162 189171 189180 189189 189198 189207 189216 189225 189234 189243 189252 189261 189270 189340 189346 189355 189364 189373 189382 189391 189400 189409 189418 189427 189436 189445 189454 189463 189472 189481 189490 189499 189508 189514 189552 189553 189909 189918 189927 189936 189945 190510 190519 190620 191475 191484 191493 191502 191511 191520 191529 191538 191547 191556 191565 191574 191583
LI (111):  155688 156221 156763 157314 177204 178025 178855 179694 180542 181399 182265 183140 184024 184917 185819 186730 187650 187669 188011 188020 188029 188038 188047 188393 188567 188572 188579 188594 188954 188961 188962 188963 188972 188976 188981 188985 188990 188994 188999 189008 189017 189026 189035 189044 189053 189062 189071 189080 189089 189098 189107 189116 189125 189134 189143 189152 189161 189170 189179 189188 189197 189206 189215 189224 189233 189242 189251 189260 189269 189336 189345 189354 189363 189372 189381 189390 189399 189408 189417 189426 189435 189444 189453 189462 189471 189480 189489 189498 189512 189517 189535 189536 189537 189545 189906 189915 190464 190504 190505 190507 190528 190537 190546 190555 190564 190573 190582 190591 190600 190609 190618
NODE_NUM = 200
FILE hyp_sub_997.aig

# Subcircuit 998
SUB_ID 998
LO (30):  189705 189706 190537 190546 190555 190564 190573 190582 190591 190600 190609 190618 190627 190636 190645 190654 190663 190672 190719 191592 191601 191610 191619 191628 191637 191646 191655 191664 191673 191682
LI (50):  168767 169489 170220 170960 171709 172467 173234 174010 174795 175589 176392 177204 178025 178855 179694 180542 181399 182265 183140 184024 184917 188616 189517 189561 189562 189563 189576 189585 189594 189603 189612 189621 189630 189639 189648 189657 189666 189675 189684 189693 189702 190464 190534 190621 190622 190681 190690 190699 190708 190717
NODE_NUM = 199
FILE hyp_sub_998.aig

# Subcircuit 999
SUB_ID 999
LO (31):  189576 189585 189594 189603 189612 189621 189630 189639 189648 189657 189666 189675 189684 189693 189702 189708 189801 190864 190865 191740 191741 191749 191758 191767 191776 191785 191794 191803 191812 191821 191830
LI (60):  157874 158439 159017 159604 160200 160805 161419 162042 162674 163315 163965 188625 188634 188643 188652 188661 188670 188679 188688 188697 188706 188715 188724 188733 188742 188751 188850 189517 189572 189581 189590 189599 189608 189617 189626 189635 189644 189653 189662 189671 189680 189689 189698 189707 189797 190765 190766 190768 190780 190789 190798 190807 190816 190825 190834 190843 190852 190861 191420 191735
NODE_NUM = 168
FILE hyp_sub_999.aig

# Subcircuit 1000
SUB_ID 1000
LO (68):  189810 189819 189828 189837 189846 189855 189864 189873 189894 189895 189897 189906 189915 189954 189960 189969 189978 189987 189996 190005 190014 190023 190032 190041 190050 190059 190068 190077 190086 190095 190104 190113 190122 190131 190140 190149 190158 190167 190176 190185 190194 190203 190212 190221 190230 190241 190312 190313 190469 190780 190789 190798 190807 190816 190825 190834 190843 190852 190861 191213 191225 191234 191243 191252 191261 191270 191279 191285
LI (92):  141437 141592 141756 141929 142111 142302 142502 142711 142929 143156 158439 159017 188859 188868 188877 188886 188895 188904 188913 188922 188931 188940 189003 189517 189522 189806 189815 189824 189833 189842 189851 189860 189869 189876 189877 189878 189887 189891 189896 189905 189914 189950 189959 189968 189977 189986 189995 190004 190013 190022 190031 190040 190049 190058 190067 190076 190085 190094 190103 190112 190121 190130 190139 190148 190157 190166 190175 190184 190193 190202 190211 190220 190229 190235 190247 190255 190264 190273 190282 190291 190300 190309 190464 190777 190786 190795 190804 190813 190822 190831 190840 190849
NODE_NUM = 199
FILE hyp_sub_1000.aig

# Subcircuit 1001
SUB_ID 1001
LO (35):  190464 190474 190491 190492 190504 190505 190528 190534 190681 190690 190699 190708 190717 190726 190735 190737 191297 191306 191315 191324 191333 191342 191351 191360 191369 191378 191387 191396 191405 191411 191418 191457 191466 191691 191700
LI (63):  140195 140207 140254 140287 140334 140390 140455 140525 140608 140700 140801 140911 141030 141158 141295 167350 187650 188579 189517 189527 189531 189532 189558 189711 189720 189729 189738 189747 189756 189765 190312 190313 190318 190327 190336 190345 190354 190363 190372 190381 190390 190399 190408 190417 190426 190435 190444 190451 190455 190462 190485 190501 190524 190533 190677 190686 190695 190704 190713 190720 190721 190722 190731
NODE_NUM = 200
FILE hyp_sub_1001.aig

# Subcircuit 1002
SUB_ID 1002
LO (36):  190621 190622 190720 190721 190765 190766 191713 191722 191731 191735 191834 191914 191915 192697 192706 192715 192724 192733 192742 192751 192760 192769 192778 192787 192796 192805 192814 192823 192832 192841 192850 192859 192868 192877 192886 192895
LI (56):  152679 153158 153646 154143 154649 155164 155688 156221 156763 157314 157874 158439 159017 159604 160200 160805 161419 162042 162674 163315 163965 164624 165292 165969 166655 168054 176392 190620 190719 190737 190744 190753 190762 191420 191707 191708 191741 191749 191758 191767 191776 191785 191794 191803 191812 191821 191830 191840 191848 191857 191866 191875 191884 191893 191902 191911
NODE_NUM = 146
FILE hyp_sub_1002.aig

# Subcircuit 1003
SUB_ID 1003
LO (80):  190744 190753 190762 190768 190777 190786 190795 190804 190813 190822 190831 190840 190849 190933 190939 190948 190957 190966 190975 190984 190993 191002 191011 191020 191029 191038 191047 191056 191065 191074 191083 191092 191101 191110 191119 191128 191137 191146 191155 191164 191173 191182 191191 191203 191353 192172 192181 192190 192199 192208 192217 192226 192235 192244 192253 192262 192271 192280 192289 192298 192307 192316 193160 194147 195153 196158 197182 198205 199247 200288 201348 202407 203485 204562 205658 206753 207867 208980 210112 211243
LI (104):  140525 140608 140700 140801 140911 141030 141158 141295 141437 141592 141756 141929 142111 142302 142502 142711 189774 189783 189792 189963 190233 190464 190469 190740 190749 190758 190767 190776 190785 190794 190803 190812 190821 190830 190839 190848 190929 190938 190947 190956 190965 190974 190983 190992 191001 191010 191019 191028 191037 191046 191055 191064 191073 191082 191091 191100 191109 191118 191127 191136 191145 191154 191163 191172 191181 191190 191199 191206 191207 191216 191225 191234 191243 191252 191261 191270 191279 191288 191297 191306 191315 191324 191333 191342 191351 192169 193157 194144 195150 196155 197179 198202 199244 200285 201345 202404 203482 204559 205655 206750 207864 208977 210109 211240
NODE_NUM = 198
FILE hyp_sub_1003.aig

# Subcircuit 1004
SUB_ID 1004
LO (27):  191216 192185 192373 192374 192378 192391 193169 193178 193187 193196 193205 193214 193223 193232 193241 193250 193259 193268 193277 193286 193295 193304 193313 193322 193331 193340 193355
LI (48):  140195 140207 140254 140287 140334 140390 140455 140525 140608 140700 140801 140911 141030 141158 141295 141437 141592 141756 141929 142111 142302 190246 191213 192179 192180 192182 192194 192203 192212 192221 192230 192239 192248 192257 192266 192275 192284 192293 192302 192311 192320 192329 192338 192347 192356 192365 192372 192376
NODE_NUM = 114
FILE hyp_sub_1004.aig

# Subcircuit 1005
SUB_ID 1005
LO (36):  191288 192257 193359 193364 193400 193409 193418 193427 193436 193445 193454 193457 193458 193460 194232 194241 194250 194259 194268 194277 194286 194295 194304 194313 194322 194329 194333 194340 194402 194411 194420 194429 194438 194447 194456 194465
LI (58):  140195 140207 140254 140287 140334 140390 140455 140525 140608 140700 140801 140911 184024 184917 185819 186730 187650 188579 189517 190318 191285 192254 192390 192395 192413 192422 192431 192440 192449 192458 192467 193239 193240 193242 193254 193263 193272 193281 193290 193299 193308 193317 193326 193335 193344 193350 193357 193360 193394 193395 193396 193405 193414 193423 193432 193441 193450 193459
NODE_NUM = 197
FILE hyp_sub_1005.aig

# Subcircuit 1006
SUB_ID 1006
LO (42):  191420 191425 191461 191470 191479 191488 191497 191506 191515 191524 191533 191542 191551 191560 191569 191578 191581 191582 191584 192329 192338 192347 192356 192365 192372 192376 192383 192445 192454 192463 192472 192481 192490 192499 192508 192517 192526 192535 192544 192553 192562 192571
LI (65):  140195 140207 140254 140287 140334 140390 140455 176392 177204 178025 178855 179694 180542 181399 182265 183140 184024 184917 185819 186730 187650 190469 190474 190492 190501 190510 190519 190528 190537 190546 190555 190564 190573 190582 190591 190600 190609 191353 191360 191361 191369 191378 191387 191396 191405 191411 191418 191421 191455 191456 191457 191466 191475 191484 191493 191502 191511 191520 191529 191538 191547 191556 191565 191574 191583
NODE_NUM = 199
FILE hyp_sub_1006.aig

# Subcircuit 1007
SUB_ID 1007
LO (42):  191455 191456 192440 192775 193423 193432 193441 193450 193459 193468 193477 193486 193495 193504 193513 193522 193531 193540 193549 193558 193567 193576 193585 193594 193603 193612 193621 193630 193639 193648 193657 193666 193675 193684 193693 193702 193711 193720 193729 193738 193747 193756
LI (82):  160200 160805 161419 162042 162674 163315 163965 164624 165292 165969 166655 167350 168054 168767 169489 170220 170960 171709 172467 173234 174010 174795 175589 176392 177204 178025 178855 179694 180542 181399 182265 183140 184024 184917 185819 186730 187650 188579 189517 191445 191452 191453 192385 192434 192435 192449 192458 192467 192476 192485 192494 192503 192512 192521 192530 192539 192548 192557 192566 192575 192584 192593 192602 192611 192620 192629 192638 192647 192656 192665 192674 192683 192692 192701 192710 192719 192728 192737 192746 192755 192764 192773
NODE_NUM = 199
FILE hyp_sub_1007.aig

# Subcircuit 1008
SUB_ID 1008
LO (36):  191452 191707 191708 192575 192584 192593 192602 192611 192620 192629 192638 192647 192656 192665 192674 192683 192692 193562 193571 193580 193589 193598 193607 193616 193625 193628 193629 194564 194573 194582 194591 194600 194609 194618 194627 194636
LI (45):  165969 166655 167350 168054 168767 169489 170220 170960 171709 172467 173234 174010 174795 175589 189531 190618 191449 191581 191582 191584 191596 191605 191614 191623 191632 191641 191650 191659 191668 191677 191686 191695 191704 192385 192572 193556 193557 193559 193568 193577 193586 193595 193604 193613 193622
NODE_NUM = 195
FILE hyp_sub_1008.aig

# Subcircuit 1009
SUB_ID 1009
LO (28):  191596 191605 191614 191623 191632 191641 191650 191659 191668 191677 191686 191695 191704 191911 192911 192912 193907 193908 194922 194923 195936 195937 196921 196922 196930 196939 196948 196957
LI (55):  149171 149578 149994 150419 150853 151296 151748 152209 190627 190636 190645 190654 190663 190672 190681 190690 190699 190708 190717 190726 190735 190942 191420 191592 191601 191610 191619 191628 191637 191646 191655 191664 191673 191682 191691 191700 191907 192893 192894 192896 192908 193359 193880 193881 193904 194342 194886 194887 194919 195334 195891 195892 195933 196335 196916
NODE_NUM = 186
FILE hyp_sub_1009.aig

# Subcircuit 1010
SUB_ID 1010
LO (58):  191917 191926 191935 191944 191953 191962 191971 191980 191989 191998 192007 192016 192025 192034 192043 192052 192061 192073 193061 194048 195054 196059 197083 198106 199148 200189 201249 202308 203386 204463 205559 206654 207768 208881 210016 210017 211148 211210 211211 212294 212303 212312 212321 212330 212339 212348 212357 212377 213438 213447 213456 213465 213474 213483 213492 213501 213510 213519
LI (66):  140455 140525 140608 140700 140801 140911 141030 141158 141295 141437 141592 191104 191420 191916 191925 191934 191943 191952 191961 191970 191979 191988 191997 192006 192015 192024 192033 192042 192051 192060 192069 193058 194045 195051 196056 197080 198103 199145 200186 201246 202305 203383 204460 205556 206651 207765 208878 210007 210008 210010 210167 211138 211139 211153 211154 211162 211171 211180 211189 211198 211207 211294 212288 212289 212366 212375
NODE_NUM = 200
FILE hyp_sub_1010.aig

# Subcircuit 1011
SUB_ID 1011
LO (46):  192079 192088 192097 192106 192115 192124 192133 192142 192151 192160 192169 192179 192180 192182 192194 193239 193240 194169 194178 194187 194196 194205 194214 194223 194330 194331 194335 194348 195171 195180 195189 195198 195207 195216 195225 195234 195243 195252 195261 195270 195279 195288 195297 195306 195315 195330
LI (61):  140195 140207 140254 140287 140334 140390 140455 140525 140608 140700 140801 140911 141030 141158 141295 141437 141592 141756 141929 142502 191225 191420 192078 192087 192096 192105 192114 192123 192132 192141 192150 192159 192168 192178 192181 192190 193176 193177 193179 193191 193200 193209 193218 193227 193236 193359 194163 194164 194232 194241 194250 194259 194268 194277 194286 194295 194304 194313 194322 194329 194333
NODE_NUM = 177
FILE hyp_sub_1011.aig

# Subcircuit 1012
SUB_ID 1012
LO (58):  192203 192212 192221 192230 192239 192248 192254 192266 192275 192284 192293 192302 192311 192320 192384 192385 192390 192395 192412 192413 192434 192435 192449 192458 192467 192476 192485 192494 192503 192512 192521 192530 192539 192548 192557 192566 192572 192701 192710 192719 192728 192734 193191 193200 193209 193218 193227 193236 193254 193263 193272 193281 193290 193299 193308 193396 193405 193414
LI (95):  188579 189517 190464 191234 191243 191252 191261 191270 191279 191297 191306 191315 191324 191333 191342 191351 191420 191425 191430 191434 191435 191461 191470 191479 191488 191497 191506 191515 191524 191533 191542 191551 191560 191569 191578 191713 191722 191731 191740 192199 192208 192217 192226 192235 192244 192253 192262 192271 192280 192289 192298 192307 192316 192365 192373 192378 192383 192386 192391 192406 192422 192431 192445 192454 192463 192472 192481 192490 192499 192508 192517 192526 192535 192544 192553 192562 192571 192697 192706 192715 192724 192733 193188 193197 193206 193215 193224 193233 193251 193260 193269 193278 193287 193296 193305
NODE_NUM = 199
FILE hyp_sub_1012.aig

# Subcircuit 1013
SUB_ID 1013
LO (22):  192737 193880 193881 194730 194731 194739 194748 194757 194766 194775 194784 194793 194802 194811 194820 194829 194838 194847 194856 194865 194874 194883
LI (42):  152209 152679 153158 153646 154143 154649 155164 155688 156221 156763 157314 157874 158439 159017 159604 160200 160805 161419 191749 192734 193718 193719 193721 193733 193742 193751 193760 193769 193778 193787 193796 193805 193814 193823 193832 193841 193850 193859 193868 193877 194342 194725
NODE_NUM = 169
FILE hyp_sub_1013.aig

# Subcircuit 1014
SUB_ID 1014
LO (24):  192746 192755 192764 192773 192893 192894 192896 193733 193742 193751 193760 193769 193778 193787 193796 193805 193814 193823 193832 193841 193850 193859 193868 193877
LI (69):  152679 153158 153646 154143 154649 155164 155688 156221 156763 157314 157874 158439 159017 159604 191758 191767 191776 191785 191794 191803 191812 191821 191830 191839 191848 191857 191866 191875 191884 191893 191902 192385 192742 192751 192760 192769 192775 192778 192782 192787 192791 192796 192800 192805 192809 192814 192818 192823 192827 192832 192836 192841 192845 192850 192854 192859 192863 192868 192872 192877 192881 192886 192890 192895 193359 193730 193739 193748 193757
NODE_NUM = 200
FILE hyp_sub_1014.aig

# Subcircuit 1015
SUB_ID 1015
LO (85):  192908 192914 192923 192932 192941 192950 192959 192968 192977 192986 192995 193004 193013 193022 193031 193040 193049 193058 193067 193076 193085 193094 193103 193112 193121 193130 193139 193148 193157 193176 193177 193179 193188 193197 193206 193215 193224 193233 193242 193251 193260 193269 193278 193287 193296 193305 193317 193326 193335 193344 193350 193357 193394 193395 194163 194164 194397 194489 195166 195398 195407 195416 195425 195434 195443 195452 195461 195470 195479 195488 196171 197195 198218 199260 200301 201361 202420 203498 204575 205671 206766 207880 208993 210125 211256
LI (115):  140195 141929 142111 142302 181399 182265 183140 184024 184917 185819 186730 187650 188579 189517 190464 191434 191920 192185 192329 192338 192347 192356 192372 192373 192374 192384 192385 192904 192913 192922 192931 192940 192949 192958 192967 192976 192985 192994 193003 193012 193021 193030 193039 193048 193057 193066 193075 193084 193093 193102 193111 193120 193129 193138 193147 193156 193166 193169 193173 193178 193187 193196 193205 193214 193223 193232 193241 193250 193259 193268 193277 193286 193295 193304 193313 193322 193331 193340 193355 193356 193359 193385 193386 193388 194154 194155 194391 194392 194394 194406 194415 194424 194433 194442 194451 194460 194469 194478 194487 195163 196168 197192 198215 199257 200298 201358 202417 203495 204572 205668 206763 207877 208990 210122 211253
NODE_NUM = 199
FILE hyp_sub_1015.aig

# Subcircuit 1016
SUB_ID 1016
LO (34):  193556 193557 194469 194478 194487 194496 194505 194514 194523 194532 194541 194550 194559 194669 195497 195506 195515 195524 195533 195542 195551 195560 195569 195578 195587 195596 195605 195614 195623 195632 195641 195650 195659 195668
LI (53):  165969 166655 167350 168054 168767 169489 170220 170960 171709 172467 173234 174010 174795 175589 176392 177204 178025 178855 179694 180542 181399 182265 183140 192476 193457 193458 193460 193472 193481 193490 193499 193508 193517 193526 193535 193544 193553 194342 194466 194490 194491 194568 194577 194586 194595 194604 194613 194622 194631 194640 194649 194658 194667
NODE_NUM = 198
FILE hyp_sub_1016.aig

# Subcircuit 1017
SUB_ID 1017
LO (46):  193472 193481 193490 193499 193508 193517 193526 193535 193544 193553 193559 193568 193577 193586 193595 193604 193613 193622 193718 193719 194640 194649 194658 194667 194676 194685 194694 194703 194712 194721 194725 194778 194779 195677 195686 195695 195704 195713 195722 195731 195740 195749 195758 195767 195776 195785
LI (69):  157874 158439 159017 159604 160200 160805 161419 162042 162674 163315 163965 164624 165292 165969 166655 167350 168054 192485 192494 192503 192512 192521 192530 192539 192548 192557 192566 192647 193359 193468 193477 193486 193495 193504 193513 193522 193531 193540 193549 193558 193567 193576 193585 193594 193603 193612 193621 193628 193629 193630 193643 193652 193661 193670 193679 193688 193697 193706 193715 194342 194637 194670 194671 194731 194739 194748 194757 194766 194775
NODE_NUM = 200
FILE hyp_sub_1017.aig

# Subcircuit 1018
SUB_ID 1018
LO (81):  193643 193652 193661 193670 193679 193688 193697 193706 193715 193721 193730 193739 193748 193757 193904 193910 193919 193928 193937 193946 193955 193964 193973 193982 193991 194000 194009 194018 194027 194036 194045 194054 194063 194072 194084 194090 194099 194108 194117 194126 194135 194144 194341 194342 194347 194352 194369 194370 194391 194392 194406 194415 194424 194433 194442 194451 194460 194466 194568 194577 194586 194595 194604 194610 195090 195371 195380 195389 196095 197119 198142 199184 200225 201285 202344 203422 204499 205595 206690 207804 208917
LI (109):  190464 191420 192385 192656 192665 192674 192683 192692 192701 192710 192719 192728 192917 193097 193359 193364 193369 193373 193400 193409 193418 193427 193436 193445 193454 193562 193571 193580 193589 193598 193639 193648 193657 193666 193675 193684 193693 193702 193711 193720 193729 193738 193747 193756 193900 193909 193918 193927 193936 193945 193954 193963 193972 193981 193990 193999 194008 194017 194026 194035 194044 194053 194062 194071 194080 194089 194098 194107 194116 194125 194134 194143 194322 194330 194335 194340 194343 194348 194363 194379 194388 194402 194411 194420 194429 194438 194447 194456 194465 194564 194573 194582 194591 194600 194609 195087 196092 197116 198139 199181 200222 201282 202341 203419 204496 205592 206687 207801 208914
NODE_NUM = 200
FILE hyp_sub_1018.aig

# Subcircuit 1019
SUB_ID 1019
LO (37):  194490 194491 194613 195618 195891 195892 196638 196647 196656 196665 196674 196683 196692 196701 196710 196719 196728 196737 196746 196755 196764 196773 196782 196791 196800 196809 196818 196827 196836 196845 196854 196863 196872 196881 196890 196899 196908
LI (68):  151296 151748 152209 152679 153158 153646 154143 154649 155164 155688 156221 156763 157314 157874 158439 159017 159604 160200 160805 161419 162042 162674 163315 163965 164624 165292 165969 166655 167350 168054 168767 180542 193607 194489 194610 195612 195613 195615 195627 195636 195645 195654 195663 195672 195681 195690 195699 195708 195717 195726 195735 195744 195753 195762 195771 195780 195789 195798 195807 195816 195825 195834 195843 195852 195861 195870 195879 195888
NODE_NUM = 163
FILE hyp_sub_1019.aig

# Subcircuit 1020
SUB_ID 1020
LO (42):  194622 195627 196651 196916 196969 196970 197670 197679 197688 197697 197706 197715 197724 197733 197742 197751 197760 197769 197778 197787 197796 197805 197814 197823 197832 197841 197850 197859 197868 197877 197886 197895 197904 197913 197922 197931 197940 197949 197958 197967 197976 197985
LI (78):  148384 148773 149171 149578 149994 150419 150853 151296 151748 152209 152679 153158 153646 154143 154649 155164 155688 156221 156763 157314 157874 158439 159017 159604 160200 160805 161419 162042 162674 163315 163965 164624 165292 165969 166655 167350 193616 194342 194618 195624 196645 196646 196648 196660 196669 196678 196687 196696 196705 196714 196723 196732 196741 196750 196759 196768 196777 196786 196795 196804 196813 196822 196831 196840 196849 196858 196867 196876 196885 196894 196903 196912 196922 196930 196939 196948 196957 196966
NODE_NUM = 189
FILE hyp_sub_1020.aig

# Subcircuit 1021
SUB_ID 1021
LO (42):  194631 195636 196660 197683 198001 198002 198721 198730 198739 198748 198757 198766 198775 198784 198793 198802 198811 198820 198829 198838 198847 198856 198865 198874 198883 198892 198901 198910 198919 198928 198937 198946 198955 198964 198973 198982 198991 199000 199009 199018 199027 199036
LI (79):  147633 148004 148384 148773 149171 149578 149994 150419 150853 151296 151748 152209 152679 153158 153646 154143 154649 155164 155688 156221 156763 157314 157874 158439 159017 159604 160200 160805 161419 162042 162674 163315 163965 164624 165292 165969 193625 194342 194627 195633 196657 197677 197678 197680 197692 197701 197710 197719 197728 197737 197746 197755 197764 197773 197782 197791 197800 197809 197818 197827 197836 197845 197854 197863 197872 197881 197890 197899 197908 197917 197926 197935 197944 197953 197962 197971 197980 197989 197998
NODE_NUM = 193
FILE hyp_sub_1021.aig

# Subcircuit 1022
SUB_ID 1022
LO (47):  194637 194670 194671 194886 194887 195798 195807 195816 195825 195834 195843 195852 195861 195870 195879 195888 196822 196831 196840 196849 196858 196867 196876 196885 196894 196903 196912 197845 197854 197863 197872 197881 197890 197899 197908 197917 197926 197935 198887 198896 198905 198908 198909 199924 199933 199942 199951
LI (58):  151748 152209 152679 153158 153646 154143 154649 155164 155688 156221 156763 157314 165292 194342 194636 194669 194778 194779 194784 194793 194802 194811 194820 194829 194838 194847 194856 194865 194874 194883 195334 196819 196828 196837 196846 196855 196864 196873 196882 196891 196900 196909 197842 197851 197860 197869 197878 197887 197896 197905 197914 197923 197932 198881 198882 198884 198893 198902
NODE_NUM = 197
FILE hyp_sub_1022.aig

# Subcircuit 1023
SUB_ID 1023
LO (49):  194919 194925 194934 194943 194952 194961 194970 194979 194988 194997 195006 195015 195024 195033 195042 195051 195060 195069 195078 195087 195096 195105 195114 195123 195132 195141 195150 195163 195334 195336 196180 196189 196198 196207 196216 196225 196234 196243 196252 196261 196270 196279 196288 196297 196306 196315 196322 196326 196333
LI (70):  140195 140207 140254 140287 140334 140390 140455 140525 140608 140700 140801 140911 141030 141158 141295 141437 141592 141756 193913 194342 194352 194915 194924 194933 194942 194951 194960 194969 194978 194987 194996 195005 195014 195023 195032 195041 195050 195059 195068 195077 195086 195095 195104 195113 195122 195131 195140 195149 195162 195168 195175 195184 195193 195202 195211 195220 195229 195238 195247 195256 195265 195274 195283 195292 195301 195310 195319 195325 195332 195335
NODE_NUM = 198
FILE hyp_sub_1023.aig

# Subcircuit 1024
SUB_ID 1024
LO (51):  195175 195184 195193 195202 195211 195220 195229 195238 195247 195256 195265 195274 195283 195292 195301 195310 195319 195325 195332 195339 195357 195366 195485 196340 196386 196395 196404 196413 196422 196431 196440 196449 196458 196467 196476 196485 196494 196503 197350 198369 199397 200434 201480 202535 203599 204672 205754 206845 207945 209054 210172
LI (91):  140195 181399 182265 183140 184024 184917 185819 186730 187650 188579 189517 190464 191420 192385 193359 193373 194169 194178 194187 194196 194205 194214 194223 194232 194241 194250 194259 194268 194277 194286 194295 194304 194313 194329 194330 194331 194341 194342 194347 194357 195171 195180 195189 195198 195207 195216 195225 195234 195243 195252 195261 195270 195279 195288 195297 195306 195315 195330 195331 195336 195352 195353 195354 195362 195375 195384 195393 195402 195411 195420 195429 195438 195447 195456 195465 195474 195483 196337 197347 198366 199394 200431 201477 202532 203596 204669 205751 206842 207942 209051 210169
NODE_NUM = 198
FILE hyp_sub_1024.aig

# Subcircuit 1025
SUB_ID 1025
LO (32):  195375 196399 196645 196646 197418 197427 197436 197445 197454 197463 197472 197481 197490 197499 197508 197517 197526 197535 197544 197553 197562 197571 197580 197589 197598 197607 197616 197625 197634 197643 197652 197661
LI (61):  168054 168767 169489 170220 170960 171709 172467 173234 174010 174795 175589 176392 177204 178025 178855 179694 180542 181399 182265 183140 184024 184917 185819 186730 187650 188579 189517 190464 194370 195334 195371 196393 196394 196396 196408 196417 196426 196435 196444 196453 196462 196471 196480 196489 196498 196507 196516 196525 196534 196543 196552 196561 196570 196579 196588 196597 196606 196615 196624 196633 196642
NODE_NUM = 147
FILE hyp_sub_1025.aig

# Subcircuit 1026
SUB_ID 1026
LO (33):  195384 196408 197431 197677 197678 198469 198478 198487 198496 198505 198514 198523 198532 198541 198550 198559 198568 198577 198586 198595 198604 198613 198622 198631 198640 198649 198658 198667 198676 198685 198694 198703 198712
LI (62):  166655 167350 168054 168767 169489 170220 170960 171709 172467 173234 174010 174795 175589 176392 177204 178025 178855 179694 180542 181399 182265 183140 184024 184917 185819 186730 187650 188579 194379 195334 195380 196405 197425 197426 197428 197440 197449 197458 197467 197476 197485 197494 197503 197512 197521 197530 197539 197548 197557 197566 197575 197584 197593 197602 197611 197620 197629 197638 197647 197656 197665 197674
NODE_NUM = 150
FILE hyp_sub_1026.aig

# Subcircuit 1027
SUB_ID 1027
LO (44):  195393 196417 197440 198482 198809 198810 199519 199528 199537 199546 199555 199564 199573 199582 199591 199600 199609 199618 199627 199636 199645 199654 199663 199672 199681 199690 199699 199708 199717 199726 199735 199744 199753 199762 199771 199780 199789 199798 199807 199816 199825 199834 199843 199852
LI (81):  159604 160200 160805 161419 162042 162674 163315 163965 164624 165292 165969 166655 167350 168054 168767 169489 170220 170960 171709 172467 173234 174010 174795 175589 176392 177204 178025 178855 179694 180542 181399 182265 183140 184024 184917 185819 186730 194388 195334 195389 196414 197437 198476 198477 198479 198491 198500 198509 198518 198527 198536 198545 198554 198563 198572 198581 198590 198599 198608 198617 198626 198635 198644 198653 198662 198671 198680 198689 198698 198707 198716 198725 198734 198743 198752 198761 198770 198779 198788 198797 198806
NODE_NUM = 199
FILE hyp_sub_1027.aig

# Subcircuit 1028
SUB_ID 1028
LO (43):  195402 196426 197449 198491 199532 199858 200588 200597 200606 200615 200624 200633 200642 200651 200660 200669 200678 200687 200696 200705 200714 200723 200732 200741 200750 200759 200768 200777 200786 200795 200804 200813 200822 200831 200840 200849 200858 200867 200876 200885 200894 200903 200912
LI (81):  159017 159604 160200 160805 161419 162042 162674 163315 163965 164624 165292 165969 166655 167350 168054 168767 169489 170220 170960 171709 172467 173234 174010 174795 175589 176392 177204 178025 178855 179694 180542 181399 182265 183140 184024 184917 194397 195334 195398 196423 197446 198488 199526 199527 199529 199541 199550 199559 199568 199577 199586 199595 199604 199613 199622 199631 199640 199649 199658 199667 199676 199685 199694 199703 199712 199721 199730 199739 199748 199757 199766 199775 199784 199793 199802 199811 199820 199829 199838 199847 199856
NODE_NUM = 199
FILE hyp_sub_1028.aig

# Subcircuit 1029
SUB_ID 1029
LO (45):  195411 196435 197458 198500 199541 200601 200919 200920 201656 201665 201674 201683 201692 201701 201710 201719 201728 201737 201746 201755 201764 201773 201782 201791 201800 201809 201818 201827 201836 201845 201854 201863 201872 201881 201890 201899 201908 201917 201926 201935 201944 201953 201962 201971 201980
LI (81):  157874 158439 159017 159604 160200 160805 161419 162042 162674 163315 163965 164624 165292 165969 166655 167350 168054 168767 169489 170220 170960 171709 172467 173234 174010 174795 175589 176392 177204 178025 178855 179694 180542 181399 182265 183140 194406 195334 195407 196432 197455 198497 199538 200595 200596 200598 200610 200619 200628 200637 200646 200655 200664 200673 200682 200691 200700 200709 200718 200727 200736 200745 200754 200763 200772 200781 200790 200799 200808 200817 200826 200835 200844 200853 200862 200871 200880 200889 200898 200907 200916
NODE_NUM = 200
FILE hyp_sub_1029.aig

# Subcircuit 1030
SUB_ID 1030
LO (44):  195420 196444 197467 198509 199550 200610 201669 201986 202743 202752 202761 202770 202779 202788 202797 202806 202815 202824 202833 202842 202851 202860 202869 202878 202887 202896 202905 202914 202923 202932 202941 202950 202959 202968 202977 202986 202995 203004 203013 203022 203031 203040 203049 203058
LI (81):  157314 157874 158439 159017 159604 160200 160805 161419 162042 162674 163315 163965 164624 165292 165969 166655 167350 168054 168767 169489 170220 170960 171709 172467 173234 174010 174795 175589 176392 177204 178025 178855 179694 180542 181399 194415 195334 195416 196441 197464 198506 199547 200607 201663 201664 201666 201678 201687 201696 201705 201714 201723 201732 201741 201750 201759 201768 201777 201786 201795 201804 201813 201822 201831 201840 201849 201858 201867 201876 201885 201894 201903 201912 201921 201930 201939 201948 201957 201966 201975 201984
NODE_NUM = 200
FILE hyp_sub_1030.aig

# Subcircuit 1031
SUB_ID 1031
LO (44):  195429 196453 197476 198518 199559 200619 201678 202756 203064 203829 203838 203847 203856 203865 203874 203883 203892 203901 203910 203919 203928 203937 203946 203955 203964 203973 203982 203991 204000 204009 204018 204027 204036 204045 204054 204063 204072 204081 204090 204099 204108 204117 204126 204135
LI (80):  156763 157314 157874 158439 159017 159604 160200 160805 161419 162042 162674 163315 163965 164624 165292 165969 166655 167350 168054 168767 169489 170220 170960 171709 172467 173234 174010 174795 175589 176392 177204 178025 178855 179694 194424 195334 195425 196450 197473 198515 199556 200616 201675 202750 202751 202753 202765 202774 202783 202792 202801 202810 202819 202828 202837 202846 202855 202864 202873 202882 202891 202900 202909 202918 202927 202936 202945 202954 202963 202972 202981 202990 202999 203008 203017 203026 203035 203044 203053 203062
NODE_NUM = 198
FILE hyp_sub_1031.aig

# Subcircuit 1032
SUB_ID 1032
LO (46):  195438 196462 197485 198527 199568 200628 201687 202765 203842 204142 204143 204934 204943 204952 204961 204970 204979 204988 204997 205006 205015 205024 205033 205042 205051 205060 205069 205078 205087 205096 205105 205114 205123 205132 205141 205150 205159 205168 205177 205186 205195 205204 205213 205222 205231 205240
LI (80):  155688 156221 156763 157314 157874 158439 159017 159604 160200 160805 161419 162042 162674 163315 163965 164624 165292 165969 166655 167350 168054 168767 169489 170220 170960 171709 172467 173234 174010 174795 175589 176392 177204 178025 194433 195334 195434 196459 197482 198524 199565 200625 201684 202762 203836 203837 203839 203851 203860 203869 203878 203887 203896 203905 203914 203923 203932 203941 203950 203959 203968 203977 203986 203995 204004 204013 204022 204031 204040 204049 204058 204067 204076 204085 204094 204103 204112 204121 204130 204139
NODE_NUM = 199
FILE hyp_sub_1032.aig

# Subcircuit 1033
SUB_ID 1033
LO (45):  195447 196471 197494 198536 199577 200637 201696 202774 203851 204947 205246 206038 206047 206056 206065 206074 206083 206092 206101 206110 206119 206128 206137 206146 206155 206164 206173 206182 206191 206200 206209 206218 206227 206236 206245 206254 206263 206272 206281 206290 206299 206308 206317 206326 206335
LI (80):  155164 155688 156221 156763 157314 157874 158439 159017 159604 160200 160805 161419 162042 162674 163315 163965 164624 165292 165969 166655 167350 168054 168767 169489 170220 170960 171709 172467 173234 174010 174795 175589 176392 194442 195334 195443 196468 197491 198533 199574 200634 201693 202771 203848 204941 204942 204944 204956 204965 204974 204983 204992 205001 205010 205019 205028 205037 205046 205055 205064 205073 205082 205091 205100 205109 205118 205127 205136 205145 205154 205163 205172 205181 205190 205199 205208 205217 205226 205235 205244
NODE_NUM = 199
FILE hyp_sub_1033.aig

# Subcircuit 1034
SUB_ID 1034
LO (47):  195456 196480 197503 198545 199586 200646 201705 202783 203860 204956 206051 206342 206343 207161 207170 207179 207188 207197 207206 207215 207224 207233 207242 207251 207260 207269 207278 207287 207296 207305 207314 207323 207332 207341 207350 207359 207368 207377 207386 207395 207404 207413 207422 207431 207440 207449 207458
LI (80):  154143 154649 155164 155688 156221 156763 157314 157874 158439 159017 159604 160200 160805 161419 162042 162674 163315 163965 164624 165292 165969 166655 167350 168054 168767 169489 170220 170960 171709 172467 173234 174010 174795 194451 195334 195452 196477 197500 198542 199583 200643 201702 202780 203857 204953 206045 206046 206048 206060 206069 206078 206087 206096 206105 206114 206123 206132 206141 206150 206159 206168 206177 206186 206195 206204 206213 206222 206231 206240 206249 206258 206267 206276 206285 206294 206303 206312 206321 206330 206339
NODE_NUM = 200
FILE hyp_sub_1034.aig

# Subcircuit 1035
SUB_ID 1035
LO (46):  195465 196489 197512 198554 199595 200655 201714 202792 203869 204965 206060 207174 207464 208283 208292 208301 208310 208319 208328 208337 208346 208355 208364 208373 208382 208391 208400 208409 208418 208427 208436 208445 208454 208463 208472 208481 208490 208499 208508 208517 208526 208535 208544 208553 208562 208571
LI (80):  153646 154143 154649 155164 155688 156221 156763 157314 157874 158439 159017 159604 160200 160805 161419 162042 162674 163315 163965 164624 165292 165969 166655 167350 168054 168767 169489 170220 170960 171709 172467 173234 194460 195334 195461 196486 197509 198551 199592 200652 201711 202789 203866 204962 206057 207168 207169 207171 207183 207192 207201 207210 207219 207228 207237 207246 207255 207264 207273 207282 207291 207300 207309 207318 207327 207336 207345 207354 207363 207372 207381 207390 207399 207408 207417 207426 207435 207444 207453 207462
NODE_NUM = 200
FILE hyp_sub_1035.aig

# Subcircuit 1036
SUB_ID 1036
LO (46):  195474 196498 197521 198563 199604 200664 201723 202801 203878 204974 206069 207183 208296 208577 209424 209433 209442 209451 209460 209469 209478 209487 209496 209505 209514 209523 209532 209541 209550 209559 209568 209577 209586 209595 209604 209613 209622 209631 209640 209649 209658 209667 209676 209685 209694 209703
LI (79):  153158 153646 154143 154649 155164 155688 156221 156763 157314 157874 158439 159017 159604 160200 160805 161419 162042 162674 163315 163965 164624 165292 165969 166655 167350 168054 168767 169489 170220 170960 171709 194469 195334 195470 196495 197518 198560 199601 200661 201720 202798 203875 204971 206066 207180 208290 208291 208293 208305 208314 208323 208332 208341 208350 208359 208368 208377 208386 208395 208404 208413 208422 208431 208440 208449 208458 208467 208476 208485 208494 208503 208512 208521 208530 208539 208548 208557 208566 208575
NODE_NUM = 198
FILE hyp_sub_1036.aig

# Subcircuit 1037
SUB_ID 1037
LO (48):  195483 196507 197530 198572 199613 200673 201732 202810 203887 204983 206078 207192 208305 209437 209710 209711 210564 210573 210582 210591 210600 210609 210618 210627 210636 210645 210654 210663 210672 210681 210690 210699 210708 210717 210726 210735 210744 210753 210762 210771 210780 210789 210798 210807 210816 210825 210834 210843
LI (79):  152209 152679 153158 153646 154143 154649 155164 155688 156221 156763 157314 157874 158439 159017 159604 160200 160805 161419 162042 162674 163315 163965 164624 165292 165969 166655 167350 168054 168767 169489 170220 194478 195334 195479 196504 197527 198569 199610 200670 201729 202807 203884 204980 206075 207189 208302 209431 209432 209434 209446 209455 209464 209473 209482 209491 209500 209509 209518 209527 209536 209545 209554 209563 209572 209581 209590 209599 209608 209617 209626 209635 209644 209653 209662 209671 209680 209689 209698 209707
NODE_NUM = 199
FILE hyp_sub_1037.aig

# Subcircuit 1038
SUB_ID 1038
LO (40):  195612 195613 196516 196525 196534 196543 196552 196561 196570 196579 196588 196597 196606 196615 196624 196633 197539 197548 197557 197566 197575 197584 197593 197602 197611 197620 197629 197638 197647 197656 198581 198590 198599 198608 198617 198626 198635 198644 198653 198662
LI (56):  169489 170220 170960 171709 172467 173234 174010 174795 175589 176392 177204 178025 178855 179694 180542 195485 195492 195493 195501 195510 195519 195528 195537 195546 195555 195564 195573 195582 195591 195600 195609 196335 197536 197545 197554 197563 197572 197581 197590 197599 197608 197617 197626 197635 197644 197653 198578 198587 198596 198605 198614 198623 198632 198641 198650 198659
NODE_NUM = 200
FILE hyp_sub_1038.aig

# Subcircuit 1039
SUB_ID 1039
LO (52):  195492 195501 195510 195519 195528 195537 195546 195555 195564 195573 195582 195591 195600 195609 195615 195624 195633 195645 196669 197692 198734 199775 200835 201894 202972 204049 205145 206240 207354 208467 209599 210730 210894 211876 211885 211894 211903 211912 211921 211930 211939 211948 211957 211966 211975 211984 211993 212002 212011 212020 212029 212038
LI (86):  149578 149994 150419 150853 151296 151748 152209 152679 153158 153646 154143 154649 155164 155688 156221 156763 157314 157874 194487 194496 194505 194514 194523 194532 194541 194550 194559 194568 194577 194586 194595 194604 194640 195334 195488 195497 195506 195515 195524 195533 195542 195551 195560 195569 195578 195587 195596 195605 195614 195623 195632 195641 196666 197689 198731 199772 200832 201891 202969 204046 205142 206237 207351 208464 209596 210724 210725 210727 210739 210748 210757 210766 210775 210784 210793 210802 210811 210820 210829 210838 210847 210856 210865 210874 210883 210892
NODE_NUM = 198
FILE hyp_sub_1039.aig

# Subcircuit 1040
SUB_ID 1040
LO (49):  195654 196678 197701 198743 199784 200844 201903 202981 204058 205154 206249 207363 208476 209608 210739 211889 212153 212154 213033 213042 213051 213060 213069 213078 213087 213096 213105 213114 213123 213132 213141 213150 213159 213168 213177 213186 213195 213204 213213 213222 213231 213240 213249 213258 213267 213276 213285 213294 213303
LI (79):  144707 144989 145288 145596 145913 146239 146574 146918 147271 147633 148004 148384 148773 149171 149578 149994 150419 150853 151296 151748 152209 152679 153158 153646 154143 154649 155164 155688 156221 156763 194649 195334 195650 196675 197698 198740 199781 200841 201900 202978 204055 205151 206246 207360 208473 209605 210736 211883 211884 211886 211898 211907 211916 211925 211934 211943 211952 211961 211970 211979 211988 211997 212006 212015 212024 212033 212042 212051 212060 212069 212078 212087 212096 212105 212114 212123 212132 212141 212150
NODE_NUM = 200
FILE hyp_sub_1040.aig

# Subcircuit 1041
SUB_ID 1041
LO (48):  195663 196687 197710 198752 199793 200853 201912 202990 204067 205163 206258 207372 208485 209617 210748 211898 213046 213309 214202 214211 214220 214229 214238 214247 214256 214265 214274 214283 214292 214301 214310 214319 214328 214337 214346 214355 214364 214373 214382 214391 214400 214409 214418 214427 214436 214445 214454 214463
LI (79):  144426 144707 144989 145288 145596 145913 146239 146574 146918 147271 147633 148004 148384 148773 149171 149578 149994 150419 150853 151296 151748 152209 152679 153158 153646 154143 154649 155164 155688 194658 195334 195659 196684 197707 198749 199790 200850 201909 202987 204064 205160 206255 207369 208482 209614 210745 211895 213040 213041 213043 213055 213064 213073 213082 213091 213100 213109 213118 213127 213136 213145 213154 213163 213172 213181 213190 213199 213208 213217 213226 213235 213244 213253 213262 213271 213280 213289 213298 213307
NODE_NUM = 200
FILE hyp_sub_1041.aig

# Subcircuit 1042
SUB_ID 1042
LO (25):  195672 195681 196696 196705 197719 197728 198761 198770 199802 199811 200862 200871 201921 201930 202999 204076 205172 206267 207381 208494 209626 210757 211907 213055 214719
LI (144):  140195 140254 155164 194667 194676 195334 195668 195677 196693 196702 197716 197725 198758 198767 199799 199808 200859 200868 201918 201927 202996 204073 205169 206264 207378 208491 209623 210754 211904 213052 213580 213581 213586 214210 214212 214225 214227 214234 214236 214243 214245 214252 214254 214261 214263 214270 214272 214279 214281 214288 214290 214297 214299 214306 214308 214315 214317 214324 214326 214333 214335 214342 214344 214351 214353 214360 214362 214369 214371 214378 214380 214387 214389 214396 214398 214405 214407 214414 214416 214423 214425 214432 214434 214441 214443 214450 214452 214459 214461 214468 214470 214477 214479 214486 214488 214495 214497 214504 214506 214513 214515 214522 214524 214531 214533 214540 214542 214549 214551 214558 214560 214567 214569 214576 214578 214585 214587 214594 214596 214603 214605 214612 214614 214621 214623 214630 214632 214639 214641 214648 214650 214657 214659 214666 214668 214675 214677 214684 214686 214693 214695 214707 214710 214717
NODE_NUM = 198
FILE hyp_sub_1042.aig

# Subcircuit 1043
SUB_ID 1043
LO (66):  195690 195699 195708 195717 196714 196723 196732 196741 197737 197746 197755 197764 198779 198788 198797 198806 199820 199829 199838 199847 200880 200889 200898 200907 201939 201948 201957 201966 203017 203026 203035 203044 204094 204103 204112 204121 205190 205199 205208 206285 206294 206303 207399 207408 207417 208512 208521 208530 209644 209653 209662 210775 210784 210793 211925 211934 211943 213073 213082 213091 214234 214236 214243 214245 214252 214254
LI (71):  153158 153646 154143 194685 194694 194703 194712 195334 195686 195695 195704 195713 196711 196720 196729 196738 197734 197743 197752 197761 198776 198785 198794 198803 199817 199826 199835 199844 200877 200886 200895 200904 201936 201945 201954 201963 203014 203023 203032 203041 204091 204100 204109 204118 205187 205196 205205 206282 206291 206300 207396 207405 207414 208509 208518 208527 209641 209650 209659 210772 210781 210790 211922 211931 211940 213070 213079 213088 214230 214239 214248
NODE_NUM = 199
FILE hyp_sub_1043.aig

# Subcircuit 1044
SUB_ID 1044
LO (39):  195726 196750 197773 198881 198882 199856 199865 199874 199883 199892 199901 199910 199919 200066 200067 200921 200930 200939 200948 200957 200966 200975 200984 200993 201002 201011 201020 201029 201038 201047 201056 201065 201074 201083 201092 201101 201110 201119 201128
LI (60):  147633 148004 148384 148773 149171 149578 149994 150419 150853 151296 151748 152209 152679 153158 153646 154143 154649 155164 155688 156221 156763 157314 157874 158439 159017 194721 195334 195722 196747 197770 198809 198810 198812 198824 198833 198842 198851 198860 198869 198878 199392 199853 199859 199860 199928 199937 199946 199955 199964 199973 199982 199991 200000 200009 200018 200027 200036 200045 200054 200063
NODE_NUM = 199
FILE hyp_sub_1044.aig

# Subcircuit 1045
SUB_ID 1045
LO (71):  195735 195744 195753 195762 195771 195780 195789 195933 195939 195948 195957 195966 195975 195984 195993 196002 196011 196020 196029 196038 196047 196056 196065 196074 196083 196092 196101 196110 196119 196128 196137 196146 196155 196168 196317 196341 196759 196768 196777 196786 196795 196804 196813 197209 197218 197227 197236 197245 197254 197263 197272 197281 197290 197299 197308 197317 197326 197782 197791 197800 197809 197818 197827 197836 198824 198833 198842 198851 198860 198869 198878
LI (97):  140207 140254 140287 140334 140390 140455 140525 140608 140700 140801 140911 141030 141158 141295 141437 194730 194739 194748 194757 194766 194775 194784 194928 195334 195731 195740 195749 195758 195767 195776 195785 195929 195938 195947 195956 195965 195974 195983 195992 196001 196010 196019 196028 196037 196046 196055 196064 196073 196082 196091 196100 196109 196118 196127 196136 196145 196154 196167 196174 196175 196180 196189 196198 196207 196216 196225 196234 196243 196252 196261 196270 196279 196288 196297 196306 196315 196756 196765 196774 196783 196792 196801 196810 197779 197788 197797 197806 197815 197824 197833 198821 198830 198839 198848 198857 198866 198875
NODE_NUM = 198
FILE hyp_sub_1045.aig

# Subcircuit 1046
SUB_ID 1046
LO (102):  196335 196337 196345 196362 196363 196390 196393 196394 196396 196405 196414 196423 196432 196441 196450 196459 196468 196477 196486 196495 196504 196642 196648 196657 196666 196675 196684 196693 196702 196711 196720 196729 196738 196747 196756 196765 196774 196783 196792 196801 196810 196819 196828 196837 196846 196855 196864 196873 196882 196891 196900 196909 196966 196972 196981 196990 196999 197008 197017 197026 197035 197044 197053 197062 197071 197080 197089 197098 197107 197116 197125 197134 197143 197152 197161 197170 197179 197192 197204 197213 197222 197231 197240 197249 197258 197267 197276 197278 197336 197343 197382 197391 197400 197409 198232 198241 198250 198259 198268 198277 198286 198295
LI (120):  140195 140525 140608 140700 140801 140911 141030 141158 191420 192385 193359 194342 195334 195344 195348 195366 195618 195942 196180 196189 196198 196207 196216 196225 196234 196243 196252 196315 196317 196322 196326 196333 196334 196336 196341 196356 196372 196381 196386 196395 196404 196413 196422 196431 196440 196449 196458 196467 196476 196485 196494 196503 196638 196647 196656 196665 196674 196683 196692 196701 196710 196719 196728 196737 196746 196755 196764 196773 196782 196791 196800 196809 196818 196827 196836 196845 196854 196863 196872 196881 196890 196899 196908 196962 196971 196980 196989 196998 197007 197016 197025 197034 197043 197052 197061 197070 197079 197088 197097 197106 197115 197124 197133 197142 197151 197160 197169 197178 197191 197200 197207 197208 197209 197218 197227 197236 197245 197254 197263 197272
NODE_NUM = 200
FILE hyp_sub_1046.aig

# Subcircuit 1047
SUB_ID 1047
LO (24):  196381 197425 197426 198446 198455 198476 198477 199526 199527 200595 200596 201624 201633 201663 201664 202750 202751 203779 203780 203788 203797 203806 203815 203824
LI (47):  180542 181399 182265 183140 184024 184917 185819 186730 187650 188579 189517 190464 191420 195357 196378 197398 197399 197401 197413 197422 198364 198458 198459 198473 199392 199499 199500 199502 199523 200429 200559 200560 200592 201475 201621 201636 201637 201660 202530 202696 202697 202699 202708 202717 202747 203594 203774
NODE_NUM = 196
FILE hyp_sub_1047.aig

# Subcircuit 1048
SUB_ID 1048
LO (101):  197207 197208 197345 197347 197386 197395 197398 197399 197401 197413 197422 197428 197437 197446 197455 197464 197473 197482 197491 197500 197509 197518 197527 197536 197545 197554 197563 197572 197581 197590 197599 197608 197617 197626 197635 197644 197653 197665 197674 197680 197689 197698 197707 197716 197725 197734 197743 197752 197761 197770 197779 197788 197797 197806 197815 197824 197833 197842 197851 197860 197869 197878 197887 197896 197905 197914 197923 197932 197944 197953 197962 197971 197980 197989 197998 198004 198013 198022 198031 198040 198049 198058 198067 198076 198085 198094 198103 198112 198121 198130 198139 198148 198157 198308 198317 198326 198335 198344 198351 198355 198362
LI (123):  140195 140207 140254 140287 140334 140390 140455 141295 192385 196345 196363 196372 196390 196399 196642 196651 196921 196930 196939 196948 196957 196966 196975 197206 197278 197285 197294 197303 197312 197321 197330 197336 197343 197346 197382 197389 197390 197391 197400 197409 197418 197427 197436 197445 197454 197463 197472 197481 197490 197499 197508 197517 197526 197535 197544 197553 197562 197571 197580 197589 197598 197607 197616 197625 197634 197643 197652 197661 197670 197679 197688 197697 197706 197715 197724 197733 197742 197751 197760 197769 197778 197787 197796 197805 197814 197823 197832 197841 197850 197859 197868 197877 197886 197895 197904 197913 197922 197931 197940 197949 197958 197967 197976 197985 197994 198003 198012 198021 198030 198039 198048 198057 198066 198075 198084 198093 198102 198111 198120 198129 198138 198147 198156
NODE_NUM = 200
FILE hyp_sub_1048.aig

# Subcircuit 1049
SUB_ID 1049
LO (41):  197285 197294 197303 197312 197321 197330 198166 198175 198184 198193 198202 198215 198227 198364 198374 199269 199278 199287 199296 199305 199314 199323 199332 199341 199350 199359 199368 199377 199383 199390 200310 201370 202429 203507 204584 205680 206775 207889 209002 210134 211265
LI (65):  140195 140207 140254 140287 140334 140390 140455 140525 140608 140700 140801 140911 141030 141158 196261 196270 196279 196288 196297 196306 196335 197204 197281 197290 197299 197308 197317 197326 197345 198165 198174 198183 198192 198201 198214 198223 198229 198236 198245 198254 198263 198272 198281 198290 198299 198308 198317 198326 198335 198344 198351 198355 198362 199266 200307 201367 202426 203504 204581 205677 206772 207886 208999 210131 211262
NODE_NUM = 200
FILE hyp_sub_1049.aig

# Subcircuit 1050
SUB_ID 1050
LO (56):  198236 198245 198254 198263 198272 198281 198290 198299 198366 198391 198410 198419 198437 198473 198479 198488 198497 198506 198515 198524 198533 198542 198551 198560 198569 198578 198587 198596 198605 198614 198623 198632 198641 198650 198659 198671 199712 200772 201831 202909 203986 205082 206177 207291 208404 209536 210724 210725 211817 211818 211826 211835 211844 211853 211862 211871
LI (79):  158439 159017 159604 160200 160805 161419 162042 197213 197222 197231 197240 197249 197258 197267 197276 197345 197360 197368 197377 197395 197431 197629 198232 198241 198250 198259 198268 198277 198286 198295 198364 198365 198406 198415 198434 198469 198478 198487 198496 198505 198514 198523 198532 198541 198550 198559 198568 198577 198586 198595 198604 198613 198622 198631 198640 198649 198658 198667 199709 200769 201828 202906 203983 205079 206174 207288 208401 209533 210661 210662 210664 210676 210685 210694 210703 210712 210721 211294 211812
NODE_NUM = 171
FILE hyp_sub_1050.aig

# Subcircuit 1051
SUB_ID 1051
LO (64):  198680 198689 198698 198707 198716 198725 199721 199730 199739 199748 199757 199766 200781 200790 200799 200808 200817 200826 201840 201849 201858 201867 201876 201885 202918 202927 202936 202945 202954 203995 204004 204013 204022 204031 205091 205100 205109 205118 205127 206186 206195 206204 206213 206222 207300 207309 207318 207327 207336 208413 208422 208431 208440 208449 209545 209554 209563 209572 209581 210676 210685 210694 210703 210712
LI (71):  197638 197647 197656 197665 197674 197683 198364 198676 198685 198694 198703 198712 198721 199718 199727 199736 199745 199754 199763 200778 200787 200796 200805 200814 200823 201837 201846 201855 201864 201873 201882 202915 202924 202933 202942 202951 203992 204001 204010 204019 204028 205088 205097 205106 205115 205124 206183 206192 206201 206210 206219 207297 207306 207315 207324 207333 208410 208419 208428 208437 208446 209542 209551 209560 209569 209578 210673 210682 210691 210700 210709
NODE_NUM = 198
FILE hyp_sub_1051.aig

# Subcircuit 1052
SUB_ID 1052
LO (48):  198731 198740 198749 198758 198767 198776 198785 198794 198803 198812 198821 198830 198839 198848 198857 198866 198875 198884 198893 198902 199052 199053 199955 199964 199973 199982 199991 200000 200009 200018 200027 200036 200045 200054 200063 200072 200081 200090 200102 200103 201015 201018 201019 201137 201146 201155 202070 202079
LI (66):  146239 146574 146918 147271 147633 148004 148384 148773 149171 149578 149994 150419 150853 151296 151748 152209 152679 153158 197872 198364 198730 198739 198748 198757 198766 198775 198784 198793 198802 198811 198820 198829 198838 198847 198856 198865 198874 198883 198892 198901 198908 198909 198910 198923 198932 198941 198950 198959 198968 198977 198986 198995 199004 199013 199022 199031 199040 199049 199392 199952 200066 200067 200099 201009 201010 201012
NODE_NUM = 194
FILE hyp_sub_1052.aig

# Subcircuit 1053
SUB_ID 1053
LO (55):  198923 198932 198941 198950 198959 198968 198977 198986 198995 199004 199013 199022 199031 199040 199049 199055 199064 199073 199082 199091 199100 199109 199118 199127 199136 199145 199154 199163 199172 199181 199190 199199 199208 199217 199226 199235 199244 199257 199266 199392 199394 199414 200328 200337 200346 200355 200364 200373 200382 200391 200400 200409 200416 200420 200427
LI (86):  140195 140207 140254 140287 140334 140390 140455 140525 140608 140700 140801 140911 197881 197890 197899 197908 197917 197926 197935 197944 197953 197962 197971 197980 197989 197998 198007 198364 198374 198384 198919 198928 198937 198946 198955 198964 198973 198982 198991 199000 199009 199018 199027 199036 199045 199054 199063 199072 199081 199090 199099 199108 199117 199126 199135 199144 199153 199162 199171 199180 199189 199198 199207 199216 199225 199234 199243 199256 199265 199272 199273 199278 199287 199296 199305 199314 199323 199332 199341 199350 199359 199368 199377 199383 199390 199393
NODE_NUM = 200
FILE hyp_sub_1053.aig

# Subcircuit 1054
SUB_ID 1054
LO (29):  199499 199500 200493 200502 200511 200520 200529 200538 200547 200556 201552 201561 201570 201579 201588 201597 201606 201615 202696 202697 203707 203708 203716 203725 203734 203743 203752 203761 203770
LI (44):  185819 186730 187650 188579 189517 190464 191420 192385 193359 194342 195334 196335 199418 199419 199424 199433 199442 199451 199460 199469 199478 199487 199496 200429 201549 201558 201567 201576 201585 201594 201603 201612 202624 202625 202627 202636 202645 202654 202663 202672 202681 202690 203594 203702
NODE_NUM = 197
FILE hyp_sub_1054.aig

# Subcircuit 1055
SUB_ID 1055
LO (48):  199523 199529 199538 199547 199556 199565 199574 199583 199592 199601 199610 199622 200682 201741 202819 203896 204992 206087 207201 208314 209446 210661 210662 211727 211736 211745 211754 211763 211772 211781 211790 211799 211808 211812 211837 212871 212880 212889 212898 212907 212916 212925 212934 212943 212952 212961 212970 212979
LI (55):  160805 161419 162042 162674 163315 163965 164624 165292 165969 166655 167350 168054 168767 198482 198581 199392 199519 199528 199537 199546 199555 199564 199573 199582 199591 199600 199609 199618 200679 201738 202816 203893 204989 206084 207198 208311 209443 210571 210572 210574 210586 210595 210604 210613 210622 210631 210640 210649 210658 211294 211721 211722 211818 211826 211835
NODE_NUM = 200
FILE hyp_sub_1055.aig

# Subcircuit 1056
SUB_ID 1056
LO (64):  199631 199640 199649 199658 199667 199676 200691 200700 200709 200718 200727 200736 201750 201759 201768 201777 201786 201795 202828 202837 202846 202855 202864 202873 203905 203914 203923 203932 203941 203950 205001 205010 205019 205028 205037 205046 206096 206105 206114 206123 206132 206141 207210 207219 207228 207237 207246 207255 208323 208332 208341 208350 208359 208368 209455 209464 209473 209482 209491 210586 210595 210604 210613 210622
LI (71):  198590 198599 198608 198617 198626 198635 199392 199627 199636 199645 199654 199663 199672 200688 200697 200706 200715 200724 200733 201747 201756 201765 201774 201783 201792 202825 202834 202843 202852 202861 202870 203902 203911 203920 203929 203938 203947 204998 205007 205016 205025 205034 205043 206093 206102 206111 206120 206129 206138 207207 207216 207225 207234 207243 207252 208320 208329 208338 208347 208356 208365 209452 209461 209470 209479 209488 210583 210592 210601 210610 210619
NODE_NUM = 198
FILE hyp_sub_1056.aig

# Subcircuit 1057
SUB_ID 1057
LO (68):  199685 199694 199703 199709 199718 199727 199736 199745 199754 199763 199772 199781 199790 199799 199808 199817 199826 199835 199844 199853 199859 199860 199928 200745 200754 200763 201009 201010 201804 201813 201822 202047 202056 202065 202121 202882 202891 202900 203121 203130 203139 203148 203157 203166 203175 203184 203193 203959 203968 203977 205055 205064 205073 206150 206159 206168 207264 207273 207282 208377 208386 208395 209509 209518 209527 210640 210649 210658
LI (81):  149994 150419 150853 151296 151748 152209 152679 153158 153646 158439 198644 198653 198662 198887 199392 199681 199690 199699 199708 199717 199726 199735 199744 199753 199762 199771 199780 199789 199798 199807 199816 199825 199834 199843 199852 199858 199924 200742 200751 200760 200982 200983 200985 200997 201006 201475 201801 201810 201819 202041 202042 202074 202083 202092 202101 202110 202119 202879 202888 202897 203956 203965 203974 205052 205061 205070 206147 206156 206165 207261 207270 207279 208374 208383 208392 209506 209515 209524 210637 210646 210655
NODE_NUM = 198
FILE hyp_sub_1057.aig

# Subcircuit 1058
SUB_ID 1058
LO (27):  199937 199946 199952 200099 200997 201006 201171 201172 202239 202240 203326 203327 204412 204413 205469 205478 205487 205496 205505 205517 205518 206560 206569 206578 206587 206596 206605
LI (40):  143392 143637 143891 144154 144426 144707 144989 145288 145596 145913 198896 198905 199058 199392 199933 199942 199951 200095 200994 201003 201153 201154 201156 201168 201475 202212 202213 202236 202530 203290 203291 203323 203594 204367 204368 204409 204667 205463 205464 205514
NODE_NUM = 178
FILE hyp_sub_1058.aig

# Subcircuit 1059
SUB_ID 1059
LO (81):  200105 200114 200123 200132 200141 200150 200159 200168 200177 200186 200195 200204 200213 200222 200231 200240 200249 200258 200267 200276 200285 200298 200307 200319 200429 200431 200439 200456 200472 200484 200592 200598 200607 200616 200625 200634 200643 200652 200661 200670 200679 200688 200697 200706 200715 200724 200733 200742 200751 200760 200769 200778 200787 200796 200805 200814 200823 200832 200841 200850 201379 201388 201397 201406 201415 201424 201433 201442 201451 201460 201466 201473 202438 203516 204593 205689 206784 207898 209011 210143 211274
LI (97):  140195 140207 140254 140287 140334 140390 140455 140525 140608 140700 140801 199278 199392 199407 199424 199532 200104 200113 200122 200131 200140 200149 200158 200167 200176 200185 200194 200203 200212 200221 200230 200239 200248 200257 200266 200275 200284 200297 200306 200315 200321 200328 200337 200346 200355 200364 200373 200382 200391 200400 200409 200416 200420 200427 200430 200471 200480 200588 200597 200606 200615 200624 200633 200642 200651 200660 200669 200678 200687 200696 200705 200714 200723 200732 200741 200750 200759 200768 200777 200786 200795 200804 200813 200822 200831 200840 200849 201376 202435 203513 204590 205686 206781 207895 209008 210140 211271
NODE_NUM = 200
FILE hyp_sub_1059.aig

# Subcircuit 1060
SUB_ID 1060
LO (39):  200859 200868 200877 200886 200895 200904 200916 200982 200983 201975 201984 202041 202042 203053 203062 203071 203080 203089 203098 203107 203116 203118 204130 204144 204153 204162 204171 204180 204189 205226 206321 207435 208548 209680 210811 211961 213109 214270 214272
LI (48):  152209 153646 154143 154649 155164 155688 156221 156763 157314 199856 199865 200429 200858 200867 200876 200885 200894 200903 200912 200919 200920 200921 200934 200943 200952 200961 200970 200979 201475 201972 201981 201987 201988 202530 203050 203059 203065 203066 204127 205223 206318 207432 208545 209677 210808 211958 213106 214266
NODE_NUM = 198
FILE hyp_sub_1060.aig

# Subcircuit 1061
SUB_ID 1061
LO (28):  200934 200943 200952 200961 200970 200979 200985 200994 201003 201012 201153 201154 202083 202092 202101 202110 202119 202128 202129 202137 202146 202155 202164 202173 202182 202191 202200 202209
LI (53):  146239 146574 146918 147271 147633 148004 148384 148773 149171 149578 149994 150419 150853 151296 151748 199874 199883 199892 199901 199910 199919 199964 200429 200930 200939 200948 200957 200966 200975 200984 200993 201002 201011 201018 201019 201020 201033 201042 201051 201060 201069 201078 201087 201096 201105 201114 201123 201132 201141 201150 201475 202080 202123
NODE_NUM = 166
FILE hyp_sub_1061.aig

# Subcircuit 1062
SUB_ID 1062
LO (67):  201033 201042 201051 201060 201069 201078 201087 201096 201105 201114 201123 201132 201141 201150 201156 201168 201174 201183 201192 201201 201210 201219 201228 201237 201246 201255 201264 201273 201282 201291 201300 201309 201318 201327 201336 201345 201358 201367 201376 201475 201477 201497 201513 201525 201534 201543 201549 201558 201567 201576 201585 201594 201603 201612 201621 201660 201666 202456 202465 202474 202483 202492 202501 202510 202517 202521 202528
LI (99):  140195 140207 140254 140287 140334 140390 140455 140525 140608 199973 199982 199991 200000 200009 200018 200027 200036 200045 200054 200063 200072 200081 200090 200108 200429 200439 200449 200466 200475 200484 200601 201029 201038 201047 201056 201065 201074 201083 201092 201101 201110 201119 201128 201137 201146 201155 201164 201173 201182 201191 201200 201209 201218 201227 201236 201245 201254 201263 201272 201281 201290 201299 201308 201317 201326 201335 201344 201357 201366 201375 201382 201383 201388 201397 201406 201415 201424 201433 201442 201451 201460 201466 201473 201476 201512 201521 201530 201539 201548 201557 201566 201575 201584 201593 201602 201611 201620 201656 201665
NODE_NUM = 200
FILE hyp_sub_1062.aig

# Subcircuit 1063
SUB_ID 1063
LO (57):  201675 201684 201693 201702 201711 201720 201729 201738 201747 201756 201765 201774 201783 201792 201801 201810 201819 201828 201837 201846 201855 201864 201873 201882 201891 201900 201909 201918 201927 201936 201945 201954 201963 201972 201981 201987 201988 202074 203290 203291 204229 204230 204238 204247 204256 204265 204274 204283 204292 204301 204310 204319 204328 204337 204346 204355 204364
LI (76):  145596 145913 146239 146574 146918 147271 147633 148004 148384 148773 149171 149578 149994 150419 150853 151296 156763 201015 201475 201674 201683 201692 201701 201710 201719 201728 201737 201746 201755 201764 201773 201782 201791 201800 201809 201818 201827 201836 201845 201854 201863 201872 201881 201890 201899 201908 201917 201926 201935 201944 201953 201962 201971 201980 201986 202070 203146 203147 203149 203161 203170 203179 203188 203197 203206 203215 203224 203233 203242 203251 203260 203269 203278 203287 203594 204224
NODE_NUM = 189
FILE hyp_sub_1063.aig

# Subcircuit 1064
SUB_ID 1064
LO (53):  202080 202123 202212 202213 202236 202242 202251 202260 202269 202278 202287 202296 202305 202314 202323 202332 202341 202350 202359 202368 202377 202386 202395 202404 202417 202426 202435 202447 202503 203206 203215 203224 203233 203242 203251 203260 203269 203278 203287 203525 203534 203543 203552 203561 203570 203579 204602 205698 206793 207907 209020 210152 211281
LI (73):  140254 140287 140334 140390 140455 140525 145913 146239 146574 146918 147271 147633 148004 148384 148773 149171 149578 201177 201388 201475 202079 202121 202128 202129 202137 202146 202155 202164 202173 202182 202191 202200 202209 202232 202241 202250 202259 202268 202277 202286 202295 202304 202313 202322 202331 202340 202349 202358 202367 202376 202385 202394 202403 202416 202425 202434 202443 202449 202456 202465 202474 202483 202492 202501 202530 203522 204599 205695 206790 207904 209017 210149 211278
NODE_NUM = 200
FILE hyp_sub_1064.aig

# Subcircuit 1065
SUB_ID 1065
LO (101):  202530 202532 202540 202541 202557 202558 202573 202585 202594 202603 202612 202621 202624 202625 202627 202636 202645 202654 202663 202672 202681 202690 202699 202708 202717 202747 202753 202762 202771 202780 202789 202798 202807 202816 202825 202834 202843 202852 202861 202870 202879 202888 202897 202906 202915 202924 202933 202942 202951 202963 202969 202978 202987 202996 203008 203014 203023 203032 203041 203050 203059 203125 203134 203143 203146 203147 203149 203161 203170 203179 203188 203197 203323 203329 203338 203347 203356 203365 203374 203383 203392 203401 203410 203419 203428 203437 203446 203455 203464 203473 203482 203495 203585 203592 203667 203676 203685 203694 204198 204207 204216
LI (122):  140195 140207 151748 152209 152679 193359 194342 195334 196335 197345 201485 201489 201507 201516 201525 201534 201543 201669 201885 201930 202047 202056 202065 202083 202092 202101 202110 202119 202245 202503 202510 202511 202517 202521 202528 202531 202572 202579 202580 202581 202590 202599 202608 202617 202626 202635 202644 202653 202662 202671 202680 202689 202698 202707 202716 202743 202752 202761 202770 202779 202788 202797 202806 202815 202824 202833 202842 202851 202860 202869 202878 202887 202896 202905 202914 202923 202932 202941 202950 202959 202968 202977 202986 202995 203004 203013 203022 203031 203040 203049 203058 203119 203120 203121 203130 203139 203148 203157 203166 203175 203184 203193 203319 203328 203337 203346 203355 203364 203373 203382 203391 203400 203409 203418 203427 203436 203445 203454 203463 203472 203481 203494
NODE_NUM = 200
FILE hyp_sub_1065.aig

# Subcircuit 1066
SUB_ID 1066
LO (47):  203065 203066 203119 203120 203504 203513 203522 203594 203596 203635 203644 203671 203680 203689 203698 203702 203774 203817 204611 204620 204629 204638 204647 204654 204658 204665 204727 204736 204745 204754 204763 204772 204781 204790 204799 204808 204817 204826 204835 204844 204853 204862 204871 204880 204889 204898 204907
LI (75):  140195 140207 140254 140287 140334 140390 140455 153158 156221 181399 182265 183140 184024 184917 185819 186730 187650 188579 189517 190464 191420 192385 193359 194342 195334 196335 197345 198364 199392 202530 202540 202558 202567 202594 202603 202612 202621 203064 203118 203503 203512 203521 203527 203534 203543 203552 203561 203570 203579 203585 203592 203595 203629 203630 203631 203640 203653 203662 203667 203676 203685 203694 203708 203716 203725 203734 203743 203752 203761 203770 203780 203788 203797 203806 203815
NODE_NUM = 200
FILE hyp_sub_1066.aig

# Subcircuit 1067
SUB_ID 1067
LO (22):  203629 203630 203662 203836 203837 204722 204758 204941 204942 206045 206046 207168 207169 208290 208291 209374 209375 209383 209392 209401 209410 209419
LI (41):  172467 173234 174010 174795 175589 176392 177204 178025 178855 179694 180542 200429 201489 202585 203620 203621 203623 203659 203817 203824 203833 204667 204719 204755 204914 204915 204938 205749 206009 206010 206042 206840 207123 207124 207165 207940 208236 208237 208287 209049 209369
NODE_NUM = 199
FILE hyp_sub_1067.aig

# Subcircuit 1068
SUB_ID 1068
LO (78):  203833 203839 203848 203857 203866 203875 203884 203893 203902 203911 203920 203929 203938 203947 203956 203965 203974 203983 203992 204001 204010 204019 204028 204040 204046 204055 204064 204073 204085 204091 204100 204109 204118 204127 204139 204148 204224 204276 205136 205181 205235 205249 205258 205267 205276 205285 205294 205303 205312 205321 205330 205339 205348 205357 205366 206231 206276 206330 207345 207390 207444 208458 208503 208557 209590 209635 209689 210721 210766 210820 211916 211970 213064 213118 214225 214227 214279 214281
LI (96):  149171 149578 149994 150419 150853 151296 151748 152209 152679 153158 153646 154143 154649 155164 202756 202963 203008 203062 203071 203594 203829 203838 203847 203856 203865 203874 203883 203892 203901 203910 203919 203928 203937 203946 203955 203964 203973 203982 203991 204000 204009 204018 204027 204036 204045 204054 204063 204072 204081 204090 204099 204108 204117 204126 204135 204142 204143 204144 204157 204166 204175 204184 204193 204202 204211 204220 204230 204238 204247 204256 204265 204274 205133 205178 205232 206228 206273 206327 207342 207387 207441 208455 208500 208554 209587 209632 209686 210718 210763 210817 211913 211967 213061 213115 214221 214275
NODE_NUM = 198
FILE hyp_sub_1068.aig

# Subcircuit 1069
SUB_ID 1069
LO (28):  204157 205253 205463 205464 206344 206353 206362 206371 206380 206389 206398 206407 206416 206425 206434 206443 206452 206461 206470 206479 206488 206497 206506 206515 206524 206533 206542 206551
LI (53):  144989 145288 145596 145913 146239 146574 146918 147271 147633 148004 148384 148773 149171 149578 149994 150419 150853 151296 151748 152209 152679 153158 153646 154143 203080 203594 204153 205247 205248 205250 205262 205271 205280 205289 205298 205307 205316 205325 205334 205343 205352 205361 205370 205379 205388 205397 205406 205415 205424 205433 205442 205451 205460
NODE_NUM = 127
FILE hyp_sub_1069.aig

# Subcircuit 1070
SUB_ID 1070
LO (35):  204166 205262 206357 206621 206622 207467 207476 207485 207494 207503 207512 207521 207530 207539 207548 207557 207566 207575 207584 207593 207602 207611 207620 207629 207638 207647 207656 207665 207674 207683 207692 207701 207710 207719 207728
LI (66):  142929 143156 143392 143637 143891 144154 144426 144707 144989 145288 145596 145913 146239 146574 146918 147271 147633 148004 148384 148773 149171 149578 149994 150419 150853 151296 151748 152209 152679 153158 203089 203594 204162 205259 206351 206352 206354 206366 206375 206384 206393 206402 206411 206420 206429 206438 206447 206456 206465 206474 206483 206492 206501 206510 206519 206528 206537 206546 206555 206564 206573 206582 206591 206600 206609 206618
NODE_NUM = 160
FILE hyp_sub_1070.aig

# Subcircuit 1071
SUB_ID 1071
LO (36):  204175 205271 206366 207480 207744 207745 208589 208598 208607 208616 208625 208634 208643 208652 208661 208670 208679 208688 208697 208706 208715 208724 208733 208742 208751 208760 208769 208778 208787 208796 208805 208814 208823 208832 208841 208850
LI (67):  142502 142711 142929 143156 143392 143637 143891 144154 144426 144707 144989 145288 145596 145913 146239 146574 146918 147271 147633 148004 148384 148773 149171 149578 149994 150419 150853 151296 151748 152209 203098 203594 204171 205268 206363 207474 207475 207477 207489 207498 207507 207516 207525 207534 207543 207552 207561 207570 207579 207588 207597 207606 207615 207624 207633 207642 207651 207660 207669 207678 207687 207696 207705 207714 207723 207732 207741
NODE_NUM = 163
FILE hyp_sub_1071.aig

# Subcircuit 1072
SUB_ID 1072
LO (37):  204184 205280 206375 207489 208602 208866 208867 209730 209739 209748 209757 209766 209775 209784 209793 209802 209811 209820 209829 209838 209847 209856 209865 209874 209883 209892 209901 209910 209919 209928 209937 209946 209955 209964 209973 209982 209991
LI (68):  142111 142302 142502 142711 142929 143156 143392 143637 143891 144154 144426 144707 144989 145288 145596 145913 146239 146574 146918 147271 147633 148004 148384 148773 149171 149578 149994 150419 150853 151296 203107 203594 204180 205277 206372 207486 208596 208597 208599 208611 208620 208629 208638 208647 208656 208665 208674 208683 208692 208701 208710 208719 208728 208737 208746 208755 208764 208773 208782 208791 208800 208809 208818 208827 208836 208845 208854 208863
NODE_NUM = 166
FILE hyp_sub_1072.aig

# Subcircuit 1073
SUB_ID 1073
LO (38):  204193 205289 206384 207498 208611 209743 210007 210008 210870 210879 210888 210897 210906 210915 210924 210933 210942 210951 210960 210969 210978 210987 210996 211005 211014 211023 211032 211041 211050 211059 211068 211077 211086 211095 211104 211113 211122 211131
LI (69):  141756 141929 142111 142302 142502 142711 142929 143156 143392 143637 143891 144154 144426 144707 144989 145288 145596 145913 146239 146574 146918 147271 147633 148004 148384 148773 149171 149578 149994 150419 203116 203594 204189 205286 206381 207495 208608 209737 209738 209740 209752 209761 209770 209779 209788 209797 209806 209815 209824 209833 209842 209851 209860 209869 209878 209887 209896 209905 209914 209923 209932 209941 209950 209959 209968 209977 209986 209995 210004
NODE_NUM = 169
FILE hyp_sub_1073.aig

# Subcircuit 1074
SUB_ID 1074
LO (54):  204202 204211 204220 205298 205307 205316 206393 206402 206411 207507 207516 207525 208620 208629 208638 209752 209761 209770 210883 210892 210901 211093 211094 212033 212042 212047 212056 212065 212074 212083 212092 212101 212110 212119 212128 212137 212146 212155 212164 212173 212182 212191 212200 212209 212218 212227 212236 212245 213181 213190 214342 214344 214351 214353
LI (76):  142502 142711 142929 143156 143392 143637 143891 144154 144426 144707 144989 145288 145596 145913 146239 146574 146918 147271 147633 148004 148384 148773 203125 203134 203143 203594 204198 204207 204216 205295 205304 205313 206390 206399 206408 207504 207513 207522 208617 208626 208635 209749 209758 209767 210880 210889 210895 210896 210898 210910 210919 210928 210937 210946 210955 210964 210973 210982 210991 211000 211009 211018 211027 211036 211045 211054 211063 211072 211081 211090 212030 212039 213178 213187 214338 214347
NODE_NUM = 199
FILE hyp_sub_1074.aig

# Subcircuit 1075
SUB_ID 1075
LO (48):  204367 204368 205379 205388 205397 205406 205415 205424 205433 205442 205451 205460 206474 206483 206492 206501 206510 206519 206528 206537 206546 206555 207588 207597 207606 207615 207624 207633 207642 207651 207660 207669 208701 208710 208719 208728 208737 208746 208755 208764 208773 208782 209833 209842 209851 209860 209869 209878
LI (60):  145288 145596 145913 146239 146574 146918 147271 147633 148004 148384 148773 204276 204283 204284 204292 204301 204310 204319 204328 204337 204346 204355 204364 204667 206471 206480 206489 206498 206507 206516 206525 206534 206543 206552 207585 207594 207603 207612 207621 207630 207639 207648 207657 207666 208698 208707 208716 208725 208734 208743 208752 208761 208770 208779 209830 209839 209848 209857 209866 209875
NODE_NUM = 200
FILE hyp_sub_1075.aig

# Subcircuit 1076
SUB_ID 1076
LO (64):  204409 204415 204424 204433 204442 204451 204460 204469 204478 204487 204496 204505 204514 204523 204532 204541 204553 204559 204572 204581 204590 204599 204667 204669 204677 204713 204719 204731 204740 204749 204755 204767 204776 204785 204794 204803 204812 204821 204830 204839 204848 204851 204852 204854 205649 205716 205725 205734 205740 205747 205876 205885 205894 205903 205912 205921 205930 205939 205948 206744 207858 208971 210103 211234
LI (88):  140195 140207 140254 140287 140334 185819 186730 187650 188579 189517 190464 191420 192385 203332 203476 203594 203617 203635 203644 203653 203671 203680 203689 203698 203707 203716 203725 203734 203743 203752 204405 204414 204423 204432 204441 204450 204459 204468 204477 204486 204495 204504 204513 204522 204531 204540 204549 204558 204571 204580 204589 204598 204605 204606 204611 204620 204629 204638 204647 204654 204658 204665 204668 204709 204718 204727 204736 204745 204754 204763 204772 204779 204780 204781 204790 204799 204808 204817 204826 204835 204844 204853 205646 206741 207855 208968 210100 211231
NODE_NUM = 198
FILE hyp_sub_1076.aig

# Subcircuit 1077
SUB_ID 1077
LO (32):  204682 204686 204698 204699 205790 206009 206010 206900 206909 206918 206927 206936 206945 206954 206963 206972 206981 206990 206999 207008 207017 207026 207035 207044 207053 207062 207071 207080 207089 207098 207107 207116
LI (60):  139535 139537 178855 179694 180542 181399 182265 183140 184024 184917 185819 186730 187650 188579 189517 190464 191420 192385 193359 194342 195334 196335 197345 198364 199392 200429 201475 202530 203594 204679 204683 204689 204695 205749 205784 205785 205799 205808 205817 205826 205835 205844 205853 205862 205871 205880 205889 205898 205907 205916 205925 205934 205943 205952 205961 205970 205979 205988 205997 206006
NODE_NUM = 142
FILE hyp_sub_1077.aig

# Subcircuit 1078
SUB_ID 1078
LO (31):  204694 204695 204779 204780 204914 204915 205952 205961 205970 205979 205988 205997 206006 207123 207124 208179 208188 208197 208206 208215 208224 208233 208236 208237 209307 209316 209325 209334 209343 209352 209361
LI (38):  177204 178025 178855 179694 180542 181399 182265 183140 184024 184917 193359 203604 203761 204692 204778 204851 204852 204854 204866 204875 204884 204893 204902 204911 205749 205949 207060 207061 207063 207072 207081 207090 207099 207108 207117 207940 208173 208174
NODE_NUM = 188
FILE hyp_sub_1078.aig

# Subcircuit 1079
SUB_ID 1079
LO (92):  204866 204875 204884 204893 204902 204911 204938 204944 204953 204962 204971 204980 204989 204998 205007 205016 205025 205034 205043 205052 205061 205070 205079 205088 205097 205106 205115 205124 205133 205142 205151 205160 205169 205178 205187 205196 205205 205217 205223 205232 205244 205247 205248 205250 205259 205268 205277 205286 205295 205304 205313 205325 205334 205343 206312 206339 206420 206429 206438 207426 207453 207534 207543 207552 208539 208566 208647 208656 209671 209698 209779 209788 210802 210829 210910 210919 211952 211979 212060 212069 213100 213127 213208 213217 214261 214263 214288 214290 214369 214371 214378 214380
LI (105):  147271 147633 151296 152679 154649 203770 203779 203788 203797 203806 203815 203842 204121 204148 204229 204238 204247 204667 204862 204871 204880 204889 204898 204907 204934 204943 204952 204961 204970 204979 204988 204997 205006 205015 205024 205033 205042 205051 205060 205069 205078 205087 205096 205105 205114 205123 205132 205141 205150 205159 205168 205177 205186 205195 205204 205213 205222 205231 205240 205246 205249 205258 205267 205276 205285 205294 205303 205312 205321 205330 205339 206309 206336 206417 206426 206435 207423 207450 207531 207540 207549 208536 208563 208644 208653 209668 209695 209776 209785 210799 210826 210907 210916 211949 211976 212057 212066 213097 213124 213205 213214 214257 214284 214365 214374
NODE_NUM = 200
FILE hyp_sub_1079.aig

# Subcircuit 1080
SUB_ID 1080
LO (45):  205352 205361 205370 205514 206447 206456 206465 206609 207561 207570 207579 207723 208674 208683 208692 208836 209806 209815 209824 209968 210937 210946 210955 211138 211139 212087 212096 212105 212288 212289 213235 213244 213253 213397 213398 213406 213415 213424 213433 214396 214398 214405 214407 214414 214416
LI (59):  141437 141592 141756 141929 142111 142302 145913 146239 146574 204256 204265 204274 204418 204667 205348 205357 205366 205510 206444 206453 206462 206606 207558 207567 207576 207720 208671 208680 208689 208833 209803 209812 209821 209965 210934 210943 210952 211093 211094 211096 211108 211117 211126 211135 211294 212084 212093 212102 212243 212244 212246 212430 213232 213241 213250 213392 214392 214401 214410
NODE_NUM = 198
FILE hyp_sub_1080.aig

# Subcircuit 1081
SUB_ID 1081
LO (107):  205520 205529 205538 205547 205556 205565 205574 205583 205592 205601 205610 205619 205628 205637 205646 205655 205668 205677 205686 205695 205707 205749 205751 205880 205889 205898 205907 205916 205925 205934 205943 205949 206042 206048 206057 206066 206075 206084 206093 206102 206111 206120 206129 206138 206147 206156 206165 206174 206183 206192 206201 206210 206219 206228 206237 206246 206255 206264 206273 206282 206291 206300 206309 206318 206327 206336 206348 206351 206352 206354 206363 206372 206381 206390 206399 206408 206417 206426 206435 206444 206453 206462 206471 206480 206489 206498 206507 206516 206525 206534 206543 206552 206564 206573 206582 206591 206600 206802 206811 206820 206827 206831 206838 207916 209029 209059 211292
LI (131):  140195 140207 140254 140287 153646 204611 204667 204677 204785 204794 204803 204812 204821 204830 204839 204848 204947 205253 205469 205478 205487 205496 205505 205519 205528 205537 205546 205555 205564 205573 205582 205591 205600 205609 205618 205627 205636 205645 205654 205667 205676 205685 205694 205703 205709 205716 205725 205734 205740 205747 205750 205876 205885 205894 205903 205912 205921 205930 205939 205948 206038 206047 206056 206065 206074 206083 206092 206101 206110 206119 206128 206137 206146 206155 206164 206173 206182 206191 206200 206209 206218 206227 206236 206245 206254 206263 206272 206281 206290 206299 206308 206317 206326 206335 206342 206343 206344 206353 206362 206371 206380 206389 206398 206407 206416 206425 206434 206443 206452 206461 206470 206479 206488 206497 206506 206515 206524 206533 206542 206551 206560 206569 206578 206587 206596 206799 207913 209026 209056 211288 211291
NODE_NUM = 200
FILE hyp_sub_1081.aig

# Subcircuit 1082
SUB_ID 1082
LO (26):  205759 205763 205784 205785 207060 207061 208008 208009 208017 208026 208035 208044 208053 208062 208071 208080 208089 208098 208107 208116 208125 208134 208143 208152 208161 208170
LI (50):  139531 139533 184024 184917 185819 186730 187650 188579 189517 190464 191420 192385 193359 194342 195334 196335 197345 198364 199392 200429 201475 202530 203594 205756 205760 205774 205781 206840 206889 206890 206904 206913 206922 206931 206940 206949 206958 206967 206976 206985 206994 207003 207012 207021 207030 207039 207048 207057 207940 208003
NODE_NUM = 189
FILE hyp_sub_1082.aig

# Subcircuit 1083
SUB_ID 1083
LO (104):  206606 206618 206624 206633 206642 206651 206660 206669 206678 206687 206696 206705 206714 206723 206732 206741 206750 206763 206772 206781 206790 206799 206840 206842 206850 206904 206913 206922 206931 206940 206949 206958 206967 206976 206985 206994 207003 207012 207021 207030 207039 207048 207057 207063 207072 207081 207090 207099 207108 207117 207165 207171 207180 207189 207198 207207 207216 207225 207234 207243 207252 207261 207270 207279 207288 207297 207306 207315 207324 207333 207342 207351 207360 207369 207378 207387 207396 207405 207414 207423 207432 207441 207450 207462 207471 207474 207475 207477 207486 207495 207504 207513 207522 207531 207540 207549 207558 207732 207931 207938 208580 208845 209977 211108
LI (132):  140195 140207 152679 205523 205749 205790 205799 205808 205817 205826 205835 205844 205853 205862 205871 205880 205889 205898 205907 205916 205925 205934 205943 206051 206348 206357 206605 206614 206623 206632 206641 206650 206659 206668 206677 206686 206695 206704 206713 206722 206731 206740 206749 206762 206771 206780 206789 206798 206805 206806 206811 206820 206827 206831 206838 206841 206900 206909 206918 206927 206936 206945 206954 206963 206972 206981 206990 206999 207008 207017 207026 207035 207044 207053 207062 207071 207080 207089 207098 207107 207116 207161 207170 207179 207188 207197 207206 207215 207224 207233 207242 207251 207260 207269 207278 207287 207296 207305 207314 207323 207332 207341 207350 207359 207368 207377 207386 207395 207404 207413 207422 207431 207440 207449 207458 207465 207466 207467 207476 207485 207494 207503 207512 207521 207530 207539 207548 207557 207729 208842 209974 211105
NODE_NUM = 200
FILE hyp_sub_1083.aig

# Subcircuit 1084
SUB_ID 1084
LO (31):  206855 206859 206889 206890 208003 208173 208174 209131 209134 209135 209137 209149 209158 209167 209176 209185 209194 209203 209212 209221 209230 209239 209248 209257 209266 209275 209284 209293 209302 210258 210267
LI (53):  139526 139529 183140 184024 184917 185819 186730 187650 188579 189517 190464 191420 192385 193359 194342 195334 196335 197345 198364 199392 200429 201475 202530 203594 206852 206856 206879 206886 207940 207993 207994 208009 208017 208026 208035 208044 208053 208062 208071 208080 208089 208098 208107 208116 208125 208134 208143 208152 208161 208170 209049 209125 209126
NODE_NUM = 199
FILE hyp_sub_1084.aig

# Subcircuit 1085
SUB_ID 1085
LO (56):  207465 207466 207567 207576 207585 207594 207603 207612 207621 207630 207639 207648 207657 207666 207678 208791 209923 211054 212243 212244 213352 213361 213370 213379 213388 213392 213548 213554 213555 213562 213563 213567 213575 213582 214508 214517 214526 214535 214544 214553 214562 214571 214580 214589 214598 214607 214616 214625 214634 214643 214652 214661 214670 214679 214688 214716
LI (76):  140195 140207 140254 140287 140334 140390 140455 140525 140608 140700 140801 140911 141030 141158 141295 141437 141592 141756 141929 142111 142302 142502 142711 142929 143156 153158 206564 206840 207464 207566 207575 207584 207593 207602 207611 207620 207629 207638 207647 207656 207665 207674 208788 209920 211051 212198 212199 212201 212213 212222 212231 212240 212430 212435 213346 213347 213398 213406 213415 213424 213433 213442 213451 213460 213469 213478 213487 213496 213505 213514 213523 213532 213541 213553 213561 213565
NODE_NUM = 197
FILE hyp_sub_1085.aig

# Subcircuit 1086
SUB_ID 1086
LO (75):  207687 207696 207705 207714 207720 207729 207741 207747 207756 207765 207774 207783 207792 207801 207810 207819 207828 207837 207846 207855 207864 207877 207886 207895 207904 207913 207925 208800 208809 208818 208827 208854 209036 209070 209932 209941 209950 209959 209986 210166 210167 210169 210173 210189 210190 210253 210262 210271 210280 210289 210298 210307 210316 210325 210328 210329 211063 211072 211081 211090 211117 211399 211408 211417 211426 211435 211444 211453 211462 211471 211480 212213 212222 212231 212240
LI (92):  192385 193359 194342 195334 196335 197345 198364 199392 200429 206573 206582 206591 206600 206627 206811 206840 207683 207692 207701 207710 207719 207728 207737 207746 207755 207764 207773 207782 207791 207800 207809 207818 207827 207836 207845 207854 207863 207876 207885 207894 207903 207912 207921 207954 208797 208806 208815 208824 208851 209033 209048 209064 209068 209122 209131 209140 209149 209158 209167 209176 209185 209194 209929 209938 209947 209956 209983 210155 210160 210161 210163 210168 210247 210248 210249 210258 210267 210276 210285 210294 210303 210312 210321 211060 211069 211078 211087 211114 212210 212219 212228 212237
NODE_NUM = 200
FILE hyp_sub_1086.aig

# Subcircuit 1087
SUB_ID 1087
LO (111):  207940 207942 208287 208293 208302 208311 208320 208329 208338 208347 208356 208365 208374 208383 208392 208401 208410 208419 208428 208437 208446 208455 208464 208473 208482 208491 208500 208509 208518 208527 208536 208545 208554 208563 208575 208596 208597 208599 208608 208617 208626 208635 208644 208653 208665 208671 208680 208689 208698 208707 208716 208725 208734 208743 208752 208761 208770 208779 208788 208797 208806 208815 208824 208833 208842 208851 208863 208869 208878 208887 208896 208905 208914 208923 208932 208941 208950 208959 208968 208977 208990 208999 209008 209017 209026 209033 209040 209048 209049 209051 209056 209122 209125 209126 209311 209320 209329 209338 209347 209356 209358 209716 209725 210161 210249 210438 210447 210456 210465 210474 210483
LI (129):  140195 151748 152209 178025 178855 179694 180542 181399 201475 206850 207174 207462 207471 207480 207552 207750 207927 207931 207938 207939 207941 207990 208179 208188 208197 208206 208215 208224 208283 208292 208301 208310 208319 208328 208337 208346 208355 208364 208373 208382 208391 208400 208409 208418 208427 208436 208445 208454 208463 208472 208481 208490 208499 208508 208517 208526 208535 208544 208553 208562 208571 208578 208579 208580 208589 208598 208607 208616 208625 208634 208643 208652 208661 208670 208679 208688 208697 208706 208715 208724 208733 208742 208751 208760 208769 208778 208787 208796 208805 208814 208823 208832 208841 208850 208859 208868 208877 208886 208895 208904 208913 208922 208931 208940 208949 208958 208967 208976 208989 208998 209007 209016 209025 209032 209037 209042 209050 209055 209116 209117 209118 209305 209306 209307 209316 209325 209334 209343 209352
NODE_NUM = 200
FILE hyp_sub_1087.aig

# Subcircuit 1088
SUB_ID 1088
LO (34):  207950 207954 207993 207994 208578 208579 208902 208903 209064 209116 209117 209118 209140 209305 209306 210276 210285 210294 210303 210312 210321 210334 210335 210343 210352 210361 210370 210379 210388 210397 210406 210415 210424 210433
LI (60):  139520 139522 139524 141437 152679 182265 183140 184024 184917 185819 186730 187650 188579 189517 190464 191420 192385 193359 194342 195334 196335 197345 198364 199392 202530 203594 207947 207951 207983 207990 208008 208577 208901 209061 209107 209108 209113 209134 209135 209137 209149 209158 209167 209176 209185 209194 209203 209212 209221 209230 209239 209248 209257 209266 209275 209284 209293 209302 210167 210329
NODE_NUM = 170
FILE hyp_sub_1088.aig

# Subcircuit 1089
SUB_ID 1089
LO (25):  209369 209431 209432 210571 210572 211646 211655 211664 211673 211682 211691 211700 211709 211718 211721 211722 212790 212799 212808 212817 212826 212835 212844 212853 212862
LI (30):  168767 169489 170220 170960 171709 172467 173234 174010 174795 175589 176392 177204 209358 209365 209366 209374 209375 209383 209392 209401 209410 209419 209428 210167 210490 210491 210568 211294 211640 211641
NODE_NUM = 199
FILE hyp_sub_1089.aig

# Subcircuit 1090
SUB_ID 1090
LO (81):  209365 209428 209434 209443 209452 209461 209470 209479 209488 209500 209506 209515 209524 209533 209542 209551 209560 209569 209578 209587 209596 209605 209614 209623 209632 209641 209650 209659 209668 209677 209686 209695 209707 209737 209738 209740 209749 209758 209767 209776 209785 209797 209803 209812 209821 209830 209839 209848 209857 209866 209875 209887 210631 210838 210856 210865 210928 211018 211988 212006 212015 212078 212198 212199 213136 213154 213163 213226 213316 213317 213325 213334 213343 214297 214299 214315 214317 214324 214326 214387 214389
LI (99):  143392 143637 143891 144154 146918 149578 149994 150853 151296 151748 208233 208296 208368 208575 208602 208665 208755 209049 209361 209424 209433 209442 209451 209460 209469 209478 209487 209496 209505 209514 209523 209532 209541 209550 209559 209568 209577 209586 209595 209604 209613 209622 209631 209640 209649 209658 209667 209676 209685 209694 209703 209710 209711 209716 209725 209730 209734 209739 209748 209757 209766 209775 209784 209793 209802 209811 209820 209829 209838 209847 209856 209865 209874 209883 210167 210628 210835 210925 211015 211985 212003 212012 212075 212162 212163 212165 212177 212186 212195 212430 213133 213151 213160 213223 213311 214293 214311 214320 214383
NODE_NUM = 190
FILE hyp_sub_1090.aig

# Subcircuit 1091
SUB_ID 1091
LO (60):  209896 209905 209914 209920 209929 209938 209947 209956 209965 209974 209983 209995 210004 210010 210019 210028 210058 210064 210073 210082 210091 210100 210109 210122 210131 210140 210149 210158 210247 210248 211027 211036 211045 211126 211135 211358 211367 211376 211385 211394 211495 212177 212186 212195 212502 212511 212520 212529 212538 212547 212556 212565 212574 212583 212592 212601 212610 212619 212628 212637
LI (84):  190464 191420 192385 193359 194342 195334 196335 197345 198364 199392 200429 201475 202530 203594 204667 205749 206840 208764 208773 208782 208863 208872 208926 209037 209038 209048 209049 209892 209901 209910 209919 209928 209937 209946 209955 209964 209973 209982 209991 210000 210009 210018 210027 210054 210063 210072 210081 210090 210099 210108 210121 210130 210139 210148 210193 210194 210199 210208 210217 210226 210235 210244 211024 211033 211042 211123 211132 211294 211352 211353 211403 211412 211421 211430 211439 211448 211457 211466 211475 211484 211493 212174 212183 212192
NODE_NUM = 198
FILE hyp_sub_1091.aig

# Subcircuit 1092
SUB_ID 1092
LO (21):  210244 210490 210491 211493 211502 211503 211511 211520 211529 211538 211547 211556 211565 211574 211583 211592 211601 211610 211619 211628 211637
LI (41):  176392 177204 178025 178855 179694 180542 181399 182265 183140 184024 184917 185819 186730 187650 188579 189517 190464 191420 209113 210241 210328 210335 210343 210352 210361 210370 210379 210388 210397 210406 210415 210424 210433 210442 210451 210460 210469 210478 210487 211294 211497
NODE_NUM = 160
FILE hyp_sub_1092.aig

# Subcircuit 1093
SUB_ID 1093
LO (96):  210442 210451 210460 210469 210478 210487 210568 210574 210583 210592 210601 210610 210619 210628 210637 210646 210655 210664 210673 210682 210691 210700 210709 210718 210727 210736 210745 210754 210763 210772 210781 210790 210799 210808 210817 210826 210835 210847 210874 210880 210889 210895 210896 210898 210907 210916 210925 210934 210943 210952 210964 210973 210982 210991 211000 211009 211015 211024 211033 211042 211051 211060 211069 211997 212024 212114 212123 212132 212141 212150 212162 212163 213145 213172 213262 213271 213280 213289 213298 213307 214306 214308 214333 214335 214423 214425 214432 214434 214441 214443 214450 214452 214459 214461 214468 214470
LI (112):  144154 144426 144707 144989 145288 145596 149171 150419 209311 209320 209329 209338 209347 209356 209437 209716 209743 209833 209842 209851 209860 209869 209878 210167 210438 210447 210456 210465 210474 210483 210564 210573 210582 210591 210600 210609 210618 210627 210636 210645 210654 210663 210672 210681 210690 210699 210708 210717 210726 210735 210744 210753 210762 210771 210780 210789 210798 210807 210816 210825 210834 210843 210870 210879 210888 210894 210897 210906 210915 210924 210933 210942 210951 210960 210969 210978 210987 210996 211005 211014 211023 211032 211041 211050 211059 211068 211994 212021 212111 212120 212129 212138 212147 212153 212154 212156 213142 213169 213259 213268 213277 213286 213295 213304 214302 214329 214419 214428 214437 214446 214455 214464
NODE_NUM = 200
FILE hyp_sub_1093.aig

# Subcircuit 1094
SUB_ID 1094
LO (66):  211078 211087 211096 211105 211114 211123 211132 211207 211213 211222 211231 211240 211253 211262 211271 211278 211285 211288 211291 211352 211353 211403 211412 211421 211430 211439 211448 212479 212488 212497 212551 212560 212569 212578 212587 212596 212698 212699 213639 213642 213649 213651 213658 213712 213714 213721 213723 213730 213732 213739 213741 213748 213750 213752 213761 213770 213779 213788 213797 213806 213815 213824 213833 213842 213851 213860
LI (95):  140195 183140 184024 184917 185819 186730 187650 188579 189517 190464 191420 192385 193359 194342 195334 196335 197345 198364 205749 206840 207940 209068 210076 210154 210155 210156 210166 210167 210190 210199 210253 210262 210271 210280 210289 210298 211077 211086 211095 211104 211113 211122 211131 211203 211212 211221 211230 211239 211252 211261 211270 211277 211294 211325 211326 211328 211337 211340 211345 211349 211399 211408 211417 211426 211435 211444 212430 212476 212548 212557 212566 212575 212584 212590 212591 212593 212605 212614 212623 212632 212641 212650 212659 212668 212677 212686 212695 213635 213645 213655 213708 213717 213726 213735 213744
NODE_NUM = 200
FILE hyp_sub_1094.aig

# Subcircuit 1095
SUB_ID 1095
LO (36):  211457 211466 211475 211484 211497 211640 211641 212605 212614 212623 212632 212650 212659 212668 212677 212686 212695 212704 212705 212713 212722 212731 212740 212749 212758 212767 212776 212785 213766 213768 213775 213777 213784 213786 213793 213795
LI (57):  175589 176392 177204 178025 178855 179694 180542 181399 182265 183140 184024 184917 185819 186730 187650 188579 189517 190464 191420 192385 210307 210316 210325 210334 211294 211453 211462 211471 211480 211495 211502 211503 211511 211520 211529 211538 211547 211556 211565 211574 211583 211592 211601 211610 211619 211628 211637 212430 212602 212611 212620 212629 212699 213762 213771 213780 213789
NODE_NUM = 194
FILE hyp_sub_1095.aig

# Subcircuit 1096
SUB_ID 1096
LO (53):  211883 211884 211886 211895 211904 211913 211922 211931 211940 211949 211958 211967 211976 211985 211994 212003 212012 212021 212030 212039 212051 212057 212066 212075 212084 212093 212102 212111 212120 212129 212138 212147 212156 212165 212174 212183 212192 212201 212210 212219 212228 212237 212246 212387 212388 213040 213041 213199 213532 213538 214210 214360 214362
LI (75):  140334 140390 148004 156221 156763 157314 157874 158439 159017 159604 160200 210730 210901 211294 211837 211844 211845 211853 211862 211871 211876 211880 211885 211894 211903 211912 211921 211930 211939 211948 211957 211966 211975 211984 211993 212002 212011 212020 212029 212038 212047 212056 212065 212074 212083 212092 212101 212110 212119 212128 212137 212146 212155 212164 212173 212182 212191 212200 212209 212218 212227 212236 212245 212377 212384 212430 212986 212987 213037 213196 213574 214147 214207 214209 214356
NODE_NUM = 196
FILE hyp_sub_1096.aig

# Subcircuit 1097
SUB_ID 1097
LO (54):  212430 212435 212470 212476 212506 212515 212524 212533 212542 212548 212557 212566 212575 212584 212593 212602 212611 212620 212629 212641 212794 212803 212812 212821 212830 212839 212848 212857 212866 212875 212884 212893 212902 212905 212906 212908 213553 213561 213565 213572 213950 213959 213968 213977 213986 213995 214004 214013 214022 214031 214040 214049 214058 214067
LI (80):  140195 140207 140254 140287 165292 165969 166655 167350 168054 168767 169489 170220 170960 171709 172467 173234 174010 211299 211304 211322 211358 211367 211376 211385 211394 211493 211646 211655 211664 211673 211682 211691 211700 211709 211718 211727 211736 211745 211754 212387 212388 212393 212406 212415 212421 212428 212466 212475 212502 212511 212520 212529 212538 212547 212556 212565 212574 212583 212592 212601 212610 212619 212628 212637 212788 212789 212790 212799 212808 212817 212826 212835 212844 212853 212862 212871 212880 212889 212898 212907
NODE_NUM = 200
FILE hyp_sub_1097.aig

# Subcircuit 1098
SUB_ID 1098
LO (41):  212590 212591 212788 212789 212911 212986 212987 213874 213876 213883 213885 213892 213894 213901 213903 213910 213912 213919 213921 213928 213930 213937 213939 213946 213948 214081 214083 214090 214092 214099 214101 214108 214110 214117 214119 214126 214128 214135 214137 214144 214146
LI (45):  159604 160200 160805 161419 162042 162674 163315 163965 164624 174795 175589 176392 177204 178025 178855 179694 180542 181399 182265 194342 211763 212589 212698 212705 212713 212722 212731 212740 212749 212758 212767 212776 212785 212905 212906 212908 212920 212929 212938 212947 212956 212965 212974 212983 213574
NODE_NUM = 199
FILE hyp_sub_1098.aig

# Subcircuit 1099
SUB_ID 1099
LO (79):  212920 212929 212938 212947 212956 212965 212974 212983 213037 213043 213052 213061 213070 213079 213088 213097 213106 213115 213124 213133 213142 213151 213160 213169 213178 213187 213196 213205 213214 213223 213232 213241 213250 213259 213268 213277 213286 213295 213304 213311 213346 213347 213442 213451 213460 213469 213478 213487 213496 213505 213514 213523 214477 214479 214486 214488 214495 214497 214504 214506 214603 214605 214612 214614 214621 214623 214630 214632 214639 214641 214648 214650 214657 214659 214666 214668 214675 214677 214683
LI (100):  140390 140455 140525 140608 140700 140801 140911 141030 141158 143156 143392 143637 143891 144154 211772 211781 211790 211799 211808 211817 211826 211835 211889 212294 212303 212312 212321 212330 212339 212348 212357 212366 212375 212430 212916 212925 212934 212943 212952 212961 212970 212979 213033 213042 213051 213060 213069 213078 213087 213096 213105 213114 213123 213132 213141 213150 213159 213168 213177 213186 213195 213204 213213 213222 213231 213240 213249 213258 213267 213276 213285 213294 213303 213309 213316 213317 213325 213334 213343 213438 213447 213456 213465 213474 213483 213492 213501 213510 213519 213574 214599 214608 214617 214626 214635 214644 214653 214662 214671 214680
NODE_NUM = 199
FILE hyp_sub_1099.aig

# Subcircuit 1100
SUB_ID 1100
LO (62):  213541 213573 213574 213580 213581 213586 213614 213622 213631 213635 213645 213655 213667 213669 213676 213685 213687 213694 213703 213705 213708 213717 213726 213735 213744 213757 213759 213762 213771 213780 213789 213802 213804 213811 213813 213820 213822 213829 213831 213838 213840 213847 213849 213856 213858 213865 213867 213955 213957 213964 213966 213973 213975 213982 213984 213991 213993 214000 214002 214009 214048 214053
LI (104):  140207 166655 167350 168054 168767 169489 170220 170960 171709 172467 173234 174010 182265 183140 184024 184917 185819 186730 187650 188579 193359 199392 201475 203594 212393 212435 212452 212461 212470 212506 212515 212524 212533 212542 212596 212641 212650 212659 212668 212677 212686 212695 212704 212794 212803 212812 212821 212830 212839 212848 212857 212866 212875 212884 212893 213538 213562 213567 213572 213575 213582 213583 213610 213618 213627 213634 213644 213654 213662 213672 213680 213690 213698 213707 213716 213725 213734 213743 213752 213761 213770 213779 213788 213797 213806 213815 213824 213833 213842 213851 213860 213950 213959 213968 213977 213986 213995 214004 214010 214013 214022 214031 214040 214049
NODE_NUM = 198
FILE hyp_sub_1100.aig

# Subcircuit 1101
SUB_ID 1101
LO (70):  213588 214147 214207 214209 214212 214221 214230 214239 214248 214257 214266 214275 214284 214293 214302 214311 214320 214329 214338 214347 214356 214365 214374 214383 214392 214401 214410 214419 214428 214437 214446 214455 214464 214513 214515 214522 214524 214531 214533 214540 214542 214549 214551 214558 214560 214567 214569 214576 214578 214585 214587 214594 214596 214599 214608 214617 214626 214635 214644 214653 214662 214671 214680 214684 214686 214693 214695 214707 214710 214717
LI (119):  1 129 140287 140334 141295 141437 141592 141756 141929 142111 142302 142502 142711 142929 155688 164624 165292 165969 212902 212911 213046 213352 213361 213370 213379 213388 213397 213406 213415 213424 213433 213532 213548 213553 213554 213555 213561 213562 213563 213573 213574 214048 214053 214058 214063 214065 214067 214072 214074 214081 214083 214090 214092 214099 214101 214108 214110 214117 214119 214126 214128 214135 214137 214144 214146 214202 214211 214220 214229 214238 214247 214256 214265 214274 214283 214292 214301 214310 214319 214328 214337 214346 214355 214364 214373 214382 214391 214400 214409 214418 214427 214436 214445 214454 214463 214508 214517 214526 214535 214544 214553 214562 214571 214580 214589 214598 214607 214616 214625 214634 214643 214652 214661 214670 214679 214683 214688 214709 214716
NODE_NUM = 160
FILE hyp_sub_1101.aig

